test_order,filename,utt_id,clean_path,noisy_path,clean_sha256,noisy_sha256,clean_sample_rate,noisy_sample_rate,clean_channels,noisy_channels,clean_frames,noisy_frames
0,p102_00007.wav,p102_00007,data/setta_ears_d_test_20260818/clean/p102_00007.wav,data/setta_ears_d_test_20260818/noisy/p102_00007.wav,220a9d5aaa0b4ebcc08ee1f9e1c073a89ba3226f80aefbf0dc28897b9f2c3f05,35e17e2910907138c5927d087a63cafbe21fc5191ac450f25a2adaaf1275c6c7,16000,16000,1,1,176241,176241
1,p102_00010.wav,p102_00010,data/setta_ears_d_test_20260818/clean/p102_00010.wav,data/setta_ears_d_test_20260818/noisy/p102_00010.wav,80da8ce3047a57f3f7527a801b04c4eddf0e9c532f14b573a457af842ca9c6df,7a6dc050b6eeae5d4ec94ec8daedbc285097f8f720b40a1f5648c67969782f2d,16000,16000,1,1,187312,187312
2,p102_00013.wav,p102_00013,data/setta_ears_d_test_20260818/clean/p102_00013.wav,data/setta_ears_d_test_20260818/noisy/p102_00013.wav,ab4987e37bd6162964ee73e8eb031618570bb6ec2777557d2539442102898b76,51fb4f0e443afb972590ade33bcc6d00bd1d324b0a788e7bc649eb76896bd858,16000,16000,1,1,260892,260892
3,p102_00019.wav,p102_00019,data/setta_ears_d_test_20260818/clean/p102_00019.wav,data/setta_ears_d_test_20260818/noisy/p102_00019.wav,309e82ce9ffe8d37cc3809457404286c5fac050461979c9811eb3c808496cfb9,72871ad3821cc35892492d0f4ca81a04a72de845a3f0056967beb96a7d13a477,16000,16000,1,1,203089,203089
4,p102_00024.wav,p102_00024,data/setta_ears_d_test_20260818/clean/p102_00024.wav,data/setta_ears_d_test_20260818/noisy/p102_00024.wav,eedac45143f90385c9a9f1cbce8ffcf008537ac67e1bc8976d71809525fc0650,b746fddd530112c1054d44db0af09612dc3eca823b5bcd86ea7cc7a36787a894,16000,16000,1,1,229988,229988
5,p102_00032.wav,p102_00032,data/setta_ears_d_test_20260818/clean/p102_00032.wav,data/setta_ears_d_test_20260818/noisy/p102_00032.wav,5898991910d7edbfef340ac189344106e8cc484a3a0704a6bf8dcb0b9ffeba57,d50d629e6f1c7d3a110e2316510060a6a27d4a5cf3e9920358d3026061837544,16000,16000,1,1,240707,240707
6,p102_00036.wav,p102_00036,data/setta_ears_d_test_20260818/clean/p102_00036.wav,data/setta_ears_d_test_20260818/noisy/p102_00036.wav,04ed7ba4e0db58bacdc72366751c05105ec8f26e3b93d5d19c73586257c5ea3d,8ff4403efddb856c86bc123bdbb7ffdd45e09080d0088457429786ae732ff9e3,16000,16000,1,1,230825,230825
7,p102_00037.wav,p102_00037,data/setta_ears_d_test_20260818/clean/p102_00037.wav,data/setta_ears_d_test_20260818/noisy/p102_00037.wav,68c872859edf3a702a70b061b11a0129fcc60451bbe1bf6796dc350adba45d39,9dac056217179d5cb2ad46722877bc8d9ef60d8b92a28ae2cafd7fc705f4b6dc,16000,16000,1,1,218747,218747
8,p102_00040.wav,p102_00040,data/setta_ears_d_test_20260818/clean/p102_00040.wav,data/setta_ears_d_test_20260818/noisy/p102_00040.wav,ce063e3e6cd42b62494c247dfb01dc711fe39c883847950f708739ce998f4ef0,03e92d2db2100c21c536bb1b29e6687323afbb9000e244cde6e4fae7d13c5435,16000,16000,1,1,171758,171758
9,p102_00043.wav,p102_00043,data/setta_ears_d_test_20260818/clean/p102_00043.wav,data/setta_ears_d_test_20260818/noisy/p102_00043.wav,6cf468b4c74127dfe14a89a9fad15303926477f838a12f89a21c40e5c49ff915,257a6d37089059d8288db22421ee3e3641c9565e967140b36e196c17d7174162,16000,16000,1,1,252692,252692
10,p102_00061.wav,p102_00061,data/setta_ears_d_test_20260818/clean/p102_00061.wav,data/setta_ears_d_test_20260818/noisy/p102_00061.wav,fe5744c6bb42e150b9797d5b5642f11b6324145b0eed094e3c25f718ec1e2cc2,1b676b204900855a7647b36ab3350b5945042a55a755858b5f0f0b84167bc5c5,16000,16000,1,1,196689,196689
11,p102_00069.wav,p102_00069,data/setta_ears_d_test_20260818/clean/p102_00069.wav,data/setta_ears_d_test_20260818/noisy/p102_00069.wav,9d842c73818f99c22cacb9a542760d193aa0cbcdfd0df5737addb44adbe1556d,c650d4819fe7edd14eab824b5799dab14186c4eec2c8dc716a6d43bee7c47ed1,16000,16000,1,1,152584,152584
12,p102_00072.wav,p102_00072,data/setta_ears_d_test_20260818/clean/p102_00072.wav,data/setta_ears_d_test_20260818/noisy/p102_00072.wav,96b38b7dd807f1fcbde27a7f5494212eeec0304d64e427811c02b2197fe7d390,0fdd228645e9d45fdf8bd540c2ac6b34b705a53263dcef8a91e3dd55fb20da9d,16000,16000,1,1,220422,220422
13,p102_00076.wav,p102_00076,data/setta_ears_d_test_20260818/clean/p102_00076.wav,data/setta_ears_d_test_20260818/noisy/p102_00076.wav,1e55b84a4fe8c3fb3293dd1b8c4a4e15cda2f99b0db3de4feaba1a0de321ab26,8992d9c2386f94542de542ed021be614607c8ae9c1dae1a019313cbea36d890f,16000,16000,1,1,144824,144824
14,p102_00077.wav,p102_00077,data/setta_ears_d_test_20260818/clean/p102_00077.wav,data/setta_ears_d_test_20260818/noisy/p102_00077.wav,d71080b3fe2fe28f1d889da1c8da4dffc1595c660b37a563a2a3a9a82f77e612,274f41b38d273923f2db8e2667d3fe49ff4a9ceca95cb692beb89e85856f7f78,16000,16000,1,1,125560,125560
15,p102_00084.wav,p102_00084,data/setta_ears_d_test_20260818/clean/p102_00084.wav,data/setta_ears_d_test_20260818/noisy/p102_00084.wav,0b8f75fc209f5726cd9235663ff08ca6088d6e4924484b3d67a9894dae36d428,1d95bb81e64cf10516d93e4ce8f8112f4fe83d6cd0f4cf7d6e5346bea6369c36,16000,16000,1,1,207303,207303
16,p102_00085.wav,p102_00085,data/setta_ears_d_test_20260818/clean/p102_00085.wav,data/setta_ears_d_test_20260818/noisy/p102_00085.wav,ebbe861117209eca62c1fabca3e54abaffd781b9567d0e9e4c694675381e845e,24d1aeef504270c57c93e559f0f1fb015544f9ad703bc8ef463c9ec7e44312fa,16000,16000,1,1,230840,230840
17,p102_00086.wav,p102_00086,data/setta_ears_d_test_20260818/clean/p102_00086.wav,data/setta_ears_d_test_20260818/noisy/p102_00086.wav,b9fad10402197f2a7281475fe54213b583b1504a74a37d89daa9adddc04cbeb3,f4af949dd42da871aaf157ac53723e131e283d0a303507fbd8e104a6f9122e02,16000,16000,1,1,266549,266549
18,p102_00101.wav,p102_00101,data/setta_ears_d_test_20260818/clean/p102_00101.wav,data/setta_ears_d_test_20260818/noisy/p102_00101.wav,22fda7a16a816432f86c0833d4749cb9992e4ce00f4f5d01640c7f352ecd298c,206115d17964cbbf1c1b1e7304defede7d5707722287f8adf0cee46652b50302,16000,16000,1,1,136076,136076
19,p102_00102.wav,p102_00102,data/setta_ears_d_test_20260818/clean/p102_00102.wav,data/setta_ears_d_test_20260818/noisy/p102_00102.wav,9c7031a5ac361a93f2af3b0fabc49ff606a7f1b07acc927328ca62b026aec9b9,951b6e0f281ebb8471213a2fbb1fa5914f3dee9da6dee719503bc58176656278,16000,16000,1,1,143485,143485
20,p102_00106.wav,p102_00106,data/setta_ears_d_test_20260818/clean/p102_00106.wav,data/setta_ears_d_test_20260818/noisy/p102_00106.wav,c02ae85d02dc29ea308b4f61d238a8d2d0cdc02316d980e00d8de0ef1f493e78,42ed18faa34bcaef54ce8366ccd330f1099b09ac025b8baef93db2c93f5b9201,16000,16000,1,1,257689,257689
21,p102_00108.wav,p102_00108,data/setta_ears_d_test_20260818/clean/p102_00108.wav,data/setta_ears_d_test_20260818/noisy/p102_00108.wav,6faed0c2cb9d76bdd9cf08d7e83131ccfd686114e89c0a59896205b87d28d713,b6cfbd236b243149dde50909d82d53dd242d56cdc8d4a35218c561a87f8f651a,16000,16000,1,1,211474,211474
22,p102_00116.wav,p102_00116,data/setta_ears_d_test_20260818/clean/p102_00116.wav,data/setta_ears_d_test_20260818/noisy/p102_00116.wav,a59d7f97546e6c02eb3fa83eee37a8d4cd8694ea1ce0b37c05ae7bd0a9accb9a,93ddf88544e0e54f92216b32cb485112a36954623773196f7c3bd069deeeb947,16000,16000,1,1,173351,173351
23,p102_00117.wav,p102_00117,data/setta_ears_d_test_20260818/clean/p102_00117.wav,data/setta_ears_d_test_20260818/noisy/p102_00117.wav,e637480da751308f2a57e5e428a5303facddba5e0d1633071a59b1f692dc0db4,3d7ee34eb34ffc31b5245c6118c572c9cf491b7b8f52a5940ef653dc702039f3,16000,16000,1,1,205804,205804
24,p102_00119.wav,p102_00119,data/setta_ears_d_test_20260818/clean/p102_00119.wav,data/setta_ears_d_test_20260818/noisy/p102_00119.wav,be2c00161b70f3af913e19159ee403b217810c99f38bf30afc56977cc209debf,5030d0f1271739a30fc343fc4ec4b706406f99975d88903b030adae3737751b7,16000,16000,1,1,172421,172421
25,p102_00125.wav,p102_00125,data/setta_ears_d_test_20260818/clean/p102_00125.wav,data/setta_ears_d_test_20260818/noisy/p102_00125.wav,a1ffb20d478ea48d760a7b4a06070bdad8b34d365ebcf658bb1cb2db931758c6,d9f19395e0f74ecb6cf9990f4a6a7132e236a23d7803fca1d31399206ff5b0c4,16000,16000,1,1,239380,239380
26,p102_00128.wav,p102_00128,data/setta_ears_d_test_20260818/clean/p102_00128.wav,data/setta_ears_d_test_20260818/noisy/p102_00128.wav,6ba12433f958bc849d65d2b20dab30e1c709a7b5fbac82a55e75451058532cc2,1c35465e0be3abfcc50415626bacb70770d161a359d8d89692ceeab8576718fd,16000,16000,1,1,110281,110281
27,p102_00145.wav,p102_00145,data/setta_ears_d_test_20260818/clean/p102_00145.wav,data/setta_ears_d_test_20260818/noisy/p102_00145.wav,63e6a1f0d3bd7629ab2f09d4e6413a7f37c1b1ed7f4077f2e019c141eaddb90f,6abee4cdc50e3dcc1c7e0f373eef475738cb1d1d6170e49772386bd3ccd36732,16000,16000,1,1,244204,244204
28,p102_00158.wav,p102_00158,data/setta_ears_d_test_20260818/clean/p102_00158.wav,data/setta_ears_d_test_20260818/noisy/p102_00158.wav,6554fea996d7760eee71a0da067522331a31a683f7b6cc7779b73e3280a4ac11,98fa8761455def7811b10012d73c21af35999ab9b54ca4b6ceb9c2f008a264d6,16000,16000,1,1,166612,166612
29,p102_00161.wav,p102_00161,data/setta_ears_d_test_20260818/clean/p102_00161.wav,data/setta_ears_d_test_20260818/noisy/p102_00161.wav,456120d75c35f75ab58da44862899be9d0724001c1e7a8e13bd0409273fec478,21a3a7fae89193a099a841113edf767dcffc63a19d2e00b7123f2541d75fd5cb,16000,16000,1,1,292295,292295
30,p102_00166.wav,p102_00166,data/setta_ears_d_test_20260818/clean/p102_00166.wav,data/setta_ears_d_test_20260818/noisy/p102_00166.wav,a4773b29b676f3b21f2749946d97c74d06bfd11f95ea276152d3b0307d043776,5e2f0770118b572d47dc86ac010510d31e9d221b2573924f00850c45c93b857e,16000,16000,1,1,210366,210366
31,p102_00181.wav,p102_00181,data/setta_ears_d_test_20260818/clean/p102_00181.wav,data/setta_ears_d_test_20260818/noisy/p102_00181.wav,3b10e968008198d4312b926fcc9a29441e61a638810f683957c21f2115d793d9,3d182b186f936b89de172bf7a0996e56488d660639246a91566d86ea5a3452d2,16000,16000,1,1,231859,231859
32,p102_00189.wav,p102_00189,data/setta_ears_d_test_20260818/clean/p102_00189.wav,data/setta_ears_d_test_20260818/noisy/p102_00189.wav,012b3cfa6be25b12168618742f697d22c7735f59dfdbd1b5382dfd337a89d40d,1b95556894f7ea8738af4dfe31c2eaab34e9cba7b63bad9ecd2a14bb9d53974e,16000,16000,1,1,177804,177804
33,p102_00193.wav,p102_00193,data/setta_ears_d_test_20260818/clean/p102_00193.wav,data/setta_ears_d_test_20260818/noisy/p102_00193.wav,fd44ed5714d433ef5b8ce56acc36b62ac91d1238faa401b8da34fd681eb4218f,d2de0f0fb2c3f2d706610f522abb107ac17be9c5ce1721ebd9c884d611baaf15,16000,16000,1,1,182616,182616
34,p102_00203.wav,p102_00203,data/setta_ears_d_test_20260818/clean/p102_00203.wav,data/setta_ears_d_test_20260818/noisy/p102_00203.wav,f1735cc7d13ae65c6c8f76a94cd2a523ec30e82ce780cd2ed1ce8632723d5e24,c5ed43c21186a69192cdf36c727d9de308a89e587d3a9c5bd5001f466e0e45c6,16000,16000,1,1,210494,210494
35,p102_00215.wav,p102_00215,data/setta_ears_d_test_20260818/clean/p102_00215.wav,data/setta_ears_d_test_20260818/noisy/p102_00215.wav,6a6d7979947deed5faf561de986fe8b2cd84bf2305819f100d68ef2243ed5a55,0b2a4ccebb1145a46e66bb987257e90898f1b9e82e42b5860c5c9d91493bf4db,16000,16000,1,1,205239,205239
36,p102_00222.wav,p102_00222,data/setta_ears_d_test_20260818/clean/p102_00222.wav,data/setta_ears_d_test_20260818/noisy/p102_00222.wav,7063ca81d78d27c4001b1819080cfb34028f8bd74abf3730be84b65b42152a9f,8a5bcc5a714f684643df0772288247592974ddb5f630e7b64b2dcfc6f671777d,16000,16000,1,1,201868,201868
37,p102_00224.wav,p102_00224,data/setta_ears_d_test_20260818/clean/p102_00224.wav,data/setta_ears_d_test_20260818/noisy/p102_00224.wav,bbefac2647d31dd7975c04b4b3799846828eb0bbbdc76fb68ce0b9cadf374f6e,583bef0a42f5ff55db75c33b3157d2ebbe7283020509761156b45ab97835c1be,16000,16000,1,1,203351,203351
38,p102_00225.wav,p102_00225,data/setta_ears_d_test_20260818/clean/p102_00225.wav,data/setta_ears_d_test_20260818/noisy/p102_00225.wav,842ecc5e86dbd74b886435c7c8d0650642e24168c8d0cca0d57596fae3606e01,e79c10091a3e234a009108d1da88dfbf08eee6762329024c57b7843af3665554,16000,16000,1,1,248920,248920
39,p102_00227.wav,p102_00227,data/setta_ears_d_test_20260818/clean/p102_00227.wav,data/setta_ears_d_test_20260818/noisy/p102_00227.wav,b3ed2d54cd46afdf2fc309dce70c9e839c8d36c576ef344b804a3426c669a6ae,e5f66c958a9ed1eff7e9e1c64e34c9d303816354bebac2949cd530b2563a7443,16000,16000,1,1,201463,201463
40,p102_00232.wav,p102_00232,data/setta_ears_d_test_20260818/clean/p102_00232.wav,data/setta_ears_d_test_20260818/noisy/p102_00232.wav,74c2e90c24a72e9c4816ebde45bf6ad4aea115aa94df625cc29943c3d5203803,67693d1a46db8bddae8f58c5954b7f62935a50e0b86deef73d10b930b7dd6c5d,16000,16000,1,1,184459,184459
41,p102_00233.wav,p102_00233,data/setta_ears_d_test_20260818/clean/p102_00233.wav,data/setta_ears_d_test_20260818/noisy/p102_00233.wav,2c35d958b383c5707ae86f47a1ff9f37a51c7b2e14cdaa60edce8c1c476744d2,0172b0838aca71849a5a79df6b26f9ec6ab068a21d7c18dd7d984d0f30b4aa98,16000,16000,1,1,120378,120378
42,p102_00236.wav,p102_00236,data/setta_ears_d_test_20260818/clean/p102_00236.wav,data/setta_ears_d_test_20260818/noisy/p102_00236.wav,3d0b583da55f7c0efb95d25ab1461f921803e07bd4a208ef86684a4e612450fd,94056173cabd5769937e436a5f7ffc3f139fd591e38b15be9ae1db50c1aa9fbf,16000,16000,1,1,231737,231737
43,p102_00242.wav,p102_00242,data/setta_ears_d_test_20260818/clean/p102_00242.wav,data/setta_ears_d_test_20260818/noisy/p102_00242.wav,35da3ddbe8b6f070fb90825d1f9557dce46a94d24227ce2fe3d9323a47e266c1,6e16bd43c9b0f7b3935bca306af0bcd7f280e26cc7290ab07c6ede1aeaa815b3,16000,16000,1,1,207255,207255
44,p102_00247.wav,p102_00247,data/setta_ears_d_test_20260818/clean/p102_00247.wav,data/setta_ears_d_test_20260818/noisy/p102_00247.wav,571c844a9ab9cae9fa34ba95f91c2c87690225f1c9f5c7c74bc03e22488fbcfb,6523c7b0a9d2d7b95edfe4036c01af89d3e63644fc530122be20e3faf0b4f74f,16000,16000,1,1,274435,274435
45,p102_00252.wav,p102_00252,data/setta_ears_d_test_20260818/clean/p102_00252.wav,data/setta_ears_d_test_20260818/noisy/p102_00252.wav,d3e02978b115c0fd1e2efe66ddeec12e4d285044b97fc6133f302ab412387cdc,de34e0fd22712c3ef03a76594c1cbacbef270f5849ebee9e676e1eae69edb1c2,16000,16000,1,1,230355,230355
46,p102_00262.wav,p102_00262,data/setta_ears_d_test_20260818/clean/p102_00262.wav,data/setta_ears_d_test_20260818/noisy/p102_00262.wav,87f757c639c420ea254376e42dc570c9b5f3f6622200c47fc73dc29eedf57233,b7aadf34ea6e5b5f89ac6242ecf7fcb8f7227596d90208dc3ce44d4e1ab364e5,16000,16000,1,1,174542,174542
47,p102_00266.wav,p102_00266,data/setta_ears_d_test_20260818/clean/p102_00266.wav,data/setta_ears_d_test_20260818/noisy/p102_00266.wav,7279fcba96b403d576f9350caa9abcc3d2158cc82c72ba4a749f005c5756de89,80abde67d3ebf313d95613d043d9e10b23f2d17d1d0812d959638efc4649fd58,16000,16000,1,1,147083,147083
48,p102_00268.wav,p102_00268,data/setta_ears_d_test_20260818/clean/p102_00268.wav,data/setta_ears_d_test_20260818/noisy/p102_00268.wav,608e65de1b5d042d3a1ded684c40c784852e2dd6dcca49f03e6d6b92f5d60dd1,7780b881620d216755fb92cacd807fe0aa6e40465e8123607fee0c687989a84f,16000,16000,1,1,247505,247505
49,p102_00270.wav,p102_00270,data/setta_ears_d_test_20260818/clean/p102_00270.wav,data/setta_ears_d_test_20260818/noisy/p102_00270.wav,60ecfe4db086fa0ec181d9cd66a57f6f7e365abc1d7cd90caf449b547eb6f199,a519aaa6e6e9a61db60e63133af6411ee50037f63d888139757fae9513ec2bae,16000,16000,1,1,173858,173858
50,p102_00274.wav,p102_00274,data/setta_ears_d_test_20260818/clean/p102_00274.wav,data/setta_ears_d_test_20260818/noisy/p102_00274.wav,1686c518c2beb3912d3e306881306a759f6afc3d455a78b6646a759728e89cbd,bcdc692f3a372581e59cbfbfa2240d1ffac138577344cc8b1429c0b3ae9deba8,16000,16000,1,1,225047,225047
51,p102_00278.wav,p102_00278,data/setta_ears_d_test_20260818/clean/p102_00278.wav,data/setta_ears_d_test_20260818/noisy/p102_00278.wav,f07ca16e140524ac93dbfc247b27ce6465f091b468c8920706130b06af43ffeb,e6c8f2949a57537a688323f5521f505724d47725dd403fe58065d1a4b8ea366a,16000,16000,1,1,173337,173337
52,p102_00286.wav,p102_00286,data/setta_ears_d_test_20260818/clean/p102_00286.wav,data/setta_ears_d_test_20260818/noisy/p102_00286.wav,55e4832fb7aa8d79868cbbb5ed2b8377b18369bb7e3fdc8253c254e8d56c3e80,99eb3f57fffd70474f096f1d7162295705e25d8b9dbb6e1e7021c663ea00183e,16000,16000,1,1,244319,244319
53,p102_00289.wav,p102_00289,data/setta_ears_d_test_20260818/clean/p102_00289.wav,data/setta_ears_d_test_20260818/noisy/p102_00289.wav,de3add55ce2e3ad780006c4b06422f2926c8fdc66b7712bd466855ceae4c1202,299a248016531c75900c3e4dcb7aebc83824d4738b58926560ae032dfa821266,16000,16000,1,1,179423,179423
54,p102_00290.wav,p102_00290,data/setta_ears_d_test_20260818/clean/p102_00290.wav,data/setta_ears_d_test_20260818/noisy/p102_00290.wav,c23f5cae310595f8b49be40de10e3f5f21ff0b12dd61d24cde0022357b23fd64,c8603b9c7d35793ac49fa6943d4ef99d896bf8579c20988fad21e322592d78d2,16000,16000,1,1,146979,146979
55,p102_00313.wav,p102_00313,data/setta_ears_d_test_20260818/clean/p102_00313.wav,data/setta_ears_d_test_20260818/noisy/p102_00313.wav,c7a74ea330e5466b662ebc8ffe9d236fc60625661285dab09a174f70f145ca70,2aeadbcee7dd3b847a3f004b40f2bac4169df3ca5118731373d63cc37c998973,16000,16000,1,1,238592,238592
56,p102_00316.wav,p102_00316,data/setta_ears_d_test_20260818/clean/p102_00316.wav,data/setta_ears_d_test_20260818/noisy/p102_00316.wav,29083504c8ac61e636b05f554a7fc7acdc2b527100cfc431f56dca42a5ae4f5f,93bf8d6b2750b8d3703b052b004c60a66d2ac78a0217e08588a0b9c245517eb4,16000,16000,1,1,193028,193028
57,p102_00317.wav,p102_00317,data/setta_ears_d_test_20260818/clean/p102_00317.wav,data/setta_ears_d_test_20260818/noisy/p102_00317.wav,36f6e20b4d16af386640550c655eb20048e43509e468c3e258e6fd4c7013772e,f43b2ab8b6878d18f51372d6f5eb14adc68ba979c53754778527f8e54b18279f,16000,16000,1,1,232163,232163
58,p102_00319.wav,p102_00319,data/setta_ears_d_test_20260818/clean/p102_00319.wav,data/setta_ears_d_test_20260818/noisy/p102_00319.wav,d39cb3bbd75940df316ded6788ca2e1ae07d1d32115ae2fc354f409887a06874,e72f218d7d556872fb31a4311fc6f82fc6b5a53d64983442bebee86ffca50886,16000,16000,1,1,227038,227038
59,p102_00321.wav,p102_00321,data/setta_ears_d_test_20260818/clean/p102_00321.wav,data/setta_ears_d_test_20260818/noisy/p102_00321.wav,ccce92f1d0c01b0c8c5a40b414f5174e107a99ee0557f1b7cf0e36d8bdcf816e,370f8b1d51326a10f0bf155cb35d314c70a6c9cda5791daf725b4c2ad505ef9c,16000,16000,1,1,168890,168890
60,p102_00327.wav,p102_00327,data/setta_ears_d_test_20260818/clean/p102_00327.wav,data/setta_ears_d_test_20260818/noisy/p102_00327.wav,e73a795e4e21cea2fc301fe293cd22bea0818f7c856f3c306572de18d02bc1ac,8456e5e2994f6a678e0b94772a7aa1081fc2ae56df2f42a22b68024129480922,16000,16000,1,1,267203,267203
61,p102_00328.wav,p102_00328,data/setta_ears_d_test_20260818/clean/p102_00328.wav,data/setta_ears_d_test_20260818/noisy/p102_00328.wav,d052d538d683e5579378134ff8c353a20ab564f56ff164e06eae465e9d627f3b,5869e60c28924f0ffc6d597fd69aed7f4f6dbbc82d44db915169d8d54468fd3a,16000,16000,1,1,116947,116947
62,p102_00330.wav,p102_00330,data/setta_ears_d_test_20260818/clean/p102_00330.wav,data/setta_ears_d_test_20260818/noisy/p102_00330.wav,b1074de970df045176ac2c7d0599f6add52c5366e51a5b8c044a816fecfc9c6c,63ca492aab186ef0788044a038e3deb0bcfce8727871e173c7d1aa56e546a1ac,16000,16000,1,1,167988,167988
63,p102_00331.wav,p102_00331,data/setta_ears_d_test_20260818/clean/p102_00331.wav,data/setta_ears_d_test_20260818/noisy/p102_00331.wav,52b253793476c1a14c142714f8965e2b1da776d8b1249957773ace6d9cba6d57,409b3e17a8e34cf87978193613d0cf57b7dacde59803daf12e6298af57de65d7,16000,16000,1,1,266748,266748
64,p102_00346.wav,p102_00346,data/setta_ears_d_test_20260818/clean/p102_00346.wav,data/setta_ears_d_test_20260818/noisy/p102_00346.wav,4388792f3f3c6cacb5da3dcbcda0881f143309d9bdfe5c0539e8a86a371b4d4e,79c47c19deca522bfa16ec8de0467939676820c1ce199fccbc7c9c5d05c20960,16000,16000,1,1,145721,145721
65,p102_00347.wav,p102_00347,data/setta_ears_d_test_20260818/clean/p102_00347.wav,data/setta_ears_d_test_20260818/noisy/p102_00347.wav,4fef15114658aa323909c46758088f16862f765c94611669868e004590322901,a8832b6c6882a784207424bb3b360bda22a272fa2e8161bb5bb44e25dab09ba0,16000,16000,1,1,112041,112041
66,p102_00369.wav,p102_00369,data/setta_ears_d_test_20260818/clean/p102_00369.wav,data/setta_ears_d_test_20260818/noisy/p102_00369.wav,a67c13da376d390b57b89d11f49ed90bfe3f93931276f5beed4a380412353f5d,532b5b8f94ade3ecefa67774d30ca5ef8252aafb8efb6ca1a328bf06f2d0a037,16000,16000,1,1,89233,89233
67,p102_00371.wav,p102_00371,data/setta_ears_d_test_20260818/clean/p102_00371.wav,data/setta_ears_d_test_20260818/noisy/p102_00371.wav,2d9117991a144fc565270c5d45afbebb25e31300f14844ebbe2bcf7119dfb852,4a5a9884284d746e9f4294b11af8f7178a01d2e1ede71f3007b17956c758beea,16000,16000,1,1,258426,258426
68,p102_00382.wav,p102_00382,data/setta_ears_d_test_20260818/clean/p102_00382.wav,data/setta_ears_d_test_20260818/noisy/p102_00382.wav,eb7a0b21f429147195dae26ffac71afdae37e77b10d88ad425eea36b3d1c630c,7065d99398a4bc1016258bc010fffb4949bc92aa9fa14d30b83589653d9ef7e1,16000,16000,1,1,233454,233454
69,p102_00391.wav,p102_00391,data/setta_ears_d_test_20260818/clean/p102_00391.wav,data/setta_ears_d_test_20260818/noisy/p102_00391.wav,9e4d0991a032b8b10325494a210421a4144a0a1277c7fd4bcefb5dda9340e48b,f06b63b1e5d69ab565803c328a81bc04951ad498f6cb2741a54ac18973fb67c8,16000,16000,1,1,174740,174740
70,p102_00395.wav,p102_00395,data/setta_ears_d_test_20260818/clean/p102_00395.wav,data/setta_ears_d_test_20260818/noisy/p102_00395.wav,04078fcd50a28e33358fe7d9c7aedde35a5232221fd83c0f43baadc31877b49b,1ac526f95b9d5d5267f83de14f56e30348b1e92b4a41f6cbcaa6531b275beddc,16000,16000,1,1,154297,154297
71,p102_00401.wav,p102_00401,data/setta_ears_d_test_20260818/clean/p102_00401.wav,data/setta_ears_d_test_20260818/noisy/p102_00401.wav,c226f35bee2f8fe2bd6211143c552f1a3fff7368015f70700ca9404132c8fc42,76d479da22fc74fe01869bde577345b0bd28639fb34df47296832e1977251cdb,16000,16000,1,1,188167,188167
72,p102_00403.wav,p102_00403,data/setta_ears_d_test_20260818/clean/p102_00403.wav,data/setta_ears_d_test_20260818/noisy/p102_00403.wav,87e4a2748b465c9e8688eb8cca774eaf1e815a5c2ff56aecf57244d47283a0c8,08ea4c06d6655f995ff177874b17876fe5d43237e78130905cbc645cca1e9668,16000,16000,1,1,245475,245475
73,p102_00404.wav,p102_00404,data/setta_ears_d_test_20260818/clean/p102_00404.wav,data/setta_ears_d_test_20260818/noisy/p102_00404.wav,ffff726d0bfa53865dbc28a8c2a6bc8efa4330a103ec14ba5d50f02540eba57a,1aa471a3043cbb7d579d4df9f370a64e71fdbef611830f484b2e2eaf739a04f3,16000,16000,1,1,199006,199006
74,p102_00408.wav,p102_00408,data/setta_ears_d_test_20260818/clean/p102_00408.wav,data/setta_ears_d_test_20260818/noisy/p102_00408.wav,e325efb97b8b26bdde868381077c11e2cb48cdbb5b0c9fb5e13aa0141cb63a96,a09b445ebe492a2dcae265074e4c3ea6b9f2665ae0f8d31503217a159dd1712e,16000,16000,1,1,223386,223386
75,p102_00417.wav,p102_00417,data/setta_ears_d_test_20260818/clean/p102_00417.wav,data/setta_ears_d_test_20260818/noisy/p102_00417.wav,647a1c7f45409e538d2a29267f785b78af8ac830aab9ecac8cb446d7313c5518,721d5eda76a50a2e78e95987709929f6e8d83fdce5ecdcc3c9a760953bd4f6e3,16000,16000,1,1,249141,249141
76,p102_00436.wav,p102_00436,data/setta_ears_d_test_20260818/clean/p102_00436.wav,data/setta_ears_d_test_20260818/noisy/p102_00436.wav,300a71b38695822a7e88c399629e349e0dd8f9f0a964d094608c0d43a1381ee5,57cb4b4debb92489e607f85234c3fc95455747004096ea4dbadc65b1caeb5ff7,16000,16000,1,1,245321,245321
77,p102_00437.wav,p102_00437,data/setta_ears_d_test_20260818/clean/p102_00437.wav,data/setta_ears_d_test_20260818/noisy/p102_00437.wav,8ebc6739f4e9c97715a540421640032ab16a41953f0d9ab2db41e88f4754965a,f5591f5797aabb0a3a225ca7d171678f1990e3fb9cb42a3c5f068f4d51d7ae58,16000,16000,1,1,225153,225153
78,p102_00438.wav,p102_00438,data/setta_ears_d_test_20260818/clean/p102_00438.wav,data/setta_ears_d_test_20260818/noisy/p102_00438.wav,7654c6fdde0e57cdaff1b9c82b397b05eda09192f1516930aeb9bb63277a91f5,07ebd64f9c9833879fcc6aebd200e951ecffdc5b9c296926bf6a2e7d6f0b9e9f,16000,16000,1,1,256194,256194
79,p102_00439.wav,p102_00439,data/setta_ears_d_test_20260818/clean/p102_00439.wav,data/setta_ears_d_test_20260818/noisy/p102_00439.wav,417418c446e3afe32aa9a89ce3dee1e04ffbed33c469c4f3da0e7dbbb64a110c,8e34c34d4065fa94071ddc215a87fe282db62974a5b075ed8ff85178c21faaf3,16000,16000,1,1,220820,220820
80,p102_00440.wav,p102_00440,data/setta_ears_d_test_20260818/clean/p102_00440.wav,data/setta_ears_d_test_20260818/noisy/p102_00440.wav,103738d416f95605fc42c32ed45769fc8f99ea8a5789e2a6a36c26a498bf397e,a9a21b876696760a9d6911e0a9ebe8de1e5e916d2c39cc6cbced366486b54a67,16000,16000,1,1,203304,203304
81,p102_00441.wav,p102_00441,data/setta_ears_d_test_20260818/clean/p102_00441.wav,data/setta_ears_d_test_20260818/noisy/p102_00441.wav,30634d3e390f3f928a00df7786dd67c00ecb907f080adb47f3ff7085b34475cf,f9fc496a80e8edb11fe6d18af44c6909663b20c7659c62fa6298496e099649f9,16000,16000,1,1,295987,295987
82,p102_00442.wav,p102_00442,data/setta_ears_d_test_20260818/clean/p102_00442.wav,data/setta_ears_d_test_20260818/noisy/p102_00442.wav,b4eb8e2b064d00dfa7ea19114d02033683587b15be174f310087f046be17586f,09afd32f382a565a37da8d6ec97a1bf19285980997d356175ba66adcd7dafd72,16000,16000,1,1,151125,151125
83,p102_00443.wav,p102_00443,data/setta_ears_d_test_20260818/clean/p102_00443.wav,data/setta_ears_d_test_20260818/noisy/p102_00443.wav,88fe3a21312d3ad253e68e0467159572c7205d13bcaf948bb41258d13bbdd2ff,fa9015dc0441bf5504132a7f68015448213cd7b5bdabf78c617903e50f81b072,16000,16000,1,1,195281,195281
84,p102_00444.wav,p102_00444,data/setta_ears_d_test_20260818/clean/p102_00444.wav,data/setta_ears_d_test_20260818/noisy/p102_00444.wav,fb6625b3480e7558fd102f1f2f3ae4fa42418105961a9868b29915bc34369ad3,858c54c4da50eaa42a21c587d71a7ec0b5c73b243884b53c36a719e4afb8a837,16000,16000,1,1,255563,255563
85,p102_00445.wav,p102_00445,data/setta_ears_d_test_20260818/clean/p102_00445.wav,data/setta_ears_d_test_20260818/noisy/p102_00445.wav,0724bf46fcf93434c0d65545f3c7751babef2d23c172bd65fda3e643d4d7d240,538b6f7d63f74b8b1e76fae463e921f45fcb0eee0d1b5dea51ad3117d45cc4e1,16000,16000,1,1,277721,277721
86,p102_00446.wav,p102_00446,data/setta_ears_d_test_20260818/clean/p102_00446.wav,data/setta_ears_d_test_20260818/noisy/p102_00446.wav,3c8dc45947756d31eedeba0eb5db4c3d32f851b4400303a1a2b5fd74b8add329,cfa28a9369b31261f56030be1624004e27439ff68b5994693ed7d2c8db9bc427,16000,16000,1,1,122394,122394
87,p102_00447.wav,p102_00447,data/setta_ears_d_test_20260818/clean/p102_00447.wav,data/setta_ears_d_test_20260818/noisy/p102_00447.wav,af86175583f232776d1dfc28c05a32d5cf75000451a161ab517090afc247779f,8530e03a5d991cfee79049e35246dfa1bb7c222bde315931000dcc622752df23,16000,16000,1,1,170176,170176
88,p102_00448.wav,p102_00448,data/setta_ears_d_test_20260818/clean/p102_00448.wav,data/setta_ears_d_test_20260818/noisy/p102_00448.wav,3c39ab31aa53db9c8780da7aaaf2cd20414e71dd18bd51e836e1fb2238a3c88c,be943b4c12626e7b6fdf8a7e34a25a87c28b2fdf815bf496b46566633d651246,16000,16000,1,1,323374,323374
89,p102_00455.wav,p102_00455,data/setta_ears_d_test_20260818/clean/p102_00455.wav,data/setta_ears_d_test_20260818/noisy/p102_00455.wav,629f916b4c8cc6ad5559e6af98b75627b0459a8c8298edebdf2222b538d9489d,d24e9938a8637df6b6e92907944cb11851429fc5d8d6350df77eff5874507cc0,16000,16000,1,1,217989,217989
90,p102_00456.wav,p102_00456,data/setta_ears_d_test_20260818/clean/p102_00456.wav,data/setta_ears_d_test_20260818/noisy/p102_00456.wav,c2c3db2954eb8b23e83be85b50778f19dfb27837f768d7d387d0fe158abfdeeb,75402bfe3294144e43d575bd20a4f33f39a8b70ae100589db83b1b6b98ad560e,16000,16000,1,1,218277,218277
91,p102_00459.wav,p102_00459,data/setta_ears_d_test_20260818/clean/p102_00459.wav,data/setta_ears_d_test_20260818/noisy/p102_00459.wav,c12129ad68320c951d6d8de62658d56a406bd74136e6ecd1e3f9764fc59f52a2,290aede5da839c1d93e4176c7240937843f5171ce9afeedfae22947f54cabd7b,16000,16000,1,1,264202,264202
92,p102_00470.wav,p102_00470,data/setta_ears_d_test_20260818/clean/p102_00470.wav,data/setta_ears_d_test_20260818/noisy/p102_00470.wav,3b625d36ef9ee246b258662e1a89e8ee204df32dc35494ca8edcbdebe7e2f8ad,e2856f54f57ed81eb71a357df5fbf4a35b689ea79ab71274cb7d1b996d2afa6b,16000,16000,1,1,170055,170055
93,p102_00486.wav,p102_00486,data/setta_ears_d_test_20260818/clean/p102_00486.wav,data/setta_ears_d_test_20260818/noisy/p102_00486.wav,51cdf4e8fadb26dd0f3f09bdc6c0ef1463b0770415c8b3daab1dd8b1c9449d5f,85c2f3caeaf53037e13ca0a9e51123b31dfe7e47607b154b1e75726d6629f076,16000,16000,1,1,175386,175386
94,p102_00500.wav,p102_00500,data/setta_ears_d_test_20260818/clean/p102_00500.wav,data/setta_ears_d_test_20260818/noisy/p102_00500.wav,0003caa7269025e0d2936ea77cc11b2fe19706f8cf0a17cb9eaf37d1381de316,f9144fc1b9b6ae9670062c1aac0e5b82a9607838da0eb4325225a8e71ba5f955,16000,16000,1,1,142585,142585
95,p102_00506.wav,p102_00506,data/setta_ears_d_test_20260818/clean/p102_00506.wav,data/setta_ears_d_test_20260818/noisy/p102_00506.wav,1fd1cf14fdec4c96faa9522e3665ad71ed7c51158179a1d290442ec3bd12736f,6ab5a3f0ca77c727766f0b03070efb150af21378bee8cc38b49a451ab79ded24,16000,16000,1,1,257779,257779
96,p102_00511.wav,p102_00511,data/setta_ears_d_test_20260818/clean/p102_00511.wav,data/setta_ears_d_test_20260818/noisy/p102_00511.wav,5da89e1cf5e0c94710e84fa07f37859dc3c08b4b6ab3ebd014d941bd9d4e6a4d,53ccbe722a1566666f1f956fb43f3e0e3973af47ef90997a9ef1a394c05b09f1,16000,16000,1,1,136526,136526
97,p102_00515.wav,p102_00515,data/setta_ears_d_test_20260818/clean/p102_00515.wav,data/setta_ears_d_test_20260818/noisy/p102_00515.wav,034174e37ba4d9a575506f4eba80c59bbbd00297ba1842de523c6e6ef8c195f7,af87df7b40c653ba89a45b338934eb08405c33b9edb9b1226e709563578c8b64,16000,16000,1,1,259122,259122
98,p102_00526.wav,p102_00526,data/setta_ears_d_test_20260818/clean/p102_00526.wav,data/setta_ears_d_test_20260818/noisy/p102_00526.wav,639714c663d610585b012a6f148ded8bf2ede7318530b3f8988e09270976a6aa,2f0ea3f3b1910fb6fd300420a0fd030e370b1dfe28f78bf098744a7f811a1145,16000,16000,1,1,192411,192411
99,p102_00532.wav,p102_00532,data/setta_ears_d_test_20260818/clean/p102_00532.wav,data/setta_ears_d_test_20260818/noisy/p102_00532.wav,d79e0933ef88cd3c3719a2968876267f85f3d70e68382e97a27102b0b991baf8,d6f5fa814f47aa76901e8c0c4d1f7e067c985c096b8f3b13002df3fcb14e54ba,16000,16000,1,1,239869,239869
100,p102_00537.wav,p102_00537,data/setta_ears_d_test_20260818/clean/p102_00537.wav,data/setta_ears_d_test_20260818/noisy/p102_00537.wav,fe59a7c05a4f7fb55bd7e1e1d3e3283620b1a9126e0001be94855f4897bb33d1,585c7fbdaf9d1cb5ea59b2b0857f0e8022628dbd1ff2ccf56ed733695d222076,16000,16000,1,1,193126,193126
101,p102_00542.wav,p102_00542,data/setta_ears_d_test_20260818/clean/p102_00542.wav,data/setta_ears_d_test_20260818/noisy/p102_00542.wav,7e378e3265a898b945a1efcc5b6515dad7db98f20ef076337b49b487ae0e5c5d,7498081cc1158ae5901cb2f56b735984e4886c70cf8a4ec06b43eda2252599ad,16000,16000,1,1,172212,172212
102,p102_00543.wav,p102_00543,data/setta_ears_d_test_20260818/clean/p102_00543.wav,data/setta_ears_d_test_20260818/noisy/p102_00543.wav,d8230289d28bf64c946be696dab64ae1cebd57cb3cde31b555434d8df1a349cd,28b778382a972d292abc56d5050c8b7676f0a350bcac8c70aaf2901da70180d3,16000,16000,1,1,233791,233791
103,p102_00552.wav,p102_00552,data/setta_ears_d_test_20260818/clean/p102_00552.wav,data/setta_ears_d_test_20260818/noisy/p102_00552.wav,714784407da57f4aed0c7a20369db91f7eb41fdbeeeef9ee239bcda6f48525a1,387415c31e63faff3c553603dcde213f14fa2b748237ed32b5227a2245f75ea7,16000,16000,1,1,271003,271003
104,p102_00576.wav,p102_00576,data/setta_ears_d_test_20260818/clean/p102_00576.wav,data/setta_ears_d_test_20260818/noisy/p102_00576.wav,6262cbaa8f06fda273b564438deee3f79c55346780ce8d75ff938c0157c665cb,598256cd3773dde5cdc32deaf2b00f65bd75f04bdcf59942ec25ff87e518571f,16000,16000,1,1,236346,236346
105,p102_00581.wav,p102_00581,data/setta_ears_d_test_20260818/clean/p102_00581.wav,data/setta_ears_d_test_20260818/noisy/p102_00581.wav,4d62401e50c836121e6050982af01999271bf071592eb0e70d046e68588f4768,ac142f3ba27c8e66e36173be4697712d621b2ddbf08b78ea7f0ff97d00a48cdf,16000,16000,1,1,265604,265604
106,p102_00583.wav,p102_00583,data/setta_ears_d_test_20260818/clean/p102_00583.wav,data/setta_ears_d_test_20260818/noisy/p102_00583.wav,c182f458b570a4145365947dd486811cff0eb8f90fe1ced8daea7b6f7492b467,df6fdfa2052bfadaf5c8b1fc7b9568a3500a1cdd321ab0f498e08b485cdcdc9f,16000,16000,1,1,173720,173720
107,p102_00591.wav,p102_00591,data/setta_ears_d_test_20260818/clean/p102_00591.wav,data/setta_ears_d_test_20260818/noisy/p102_00591.wav,e8a9ecb1219540604d87529d30c6575e38b4788f8624b6a8d1b4f5a6b551202a,5a962037bf363e27e92e5cf120f1c4b3d98ccf1dfabb93c0f6439fa396a34747,16000,16000,1,1,228778,228778
108,p102_00596.wav,p102_00596,data/setta_ears_d_test_20260818/clean/p102_00596.wav,data/setta_ears_d_test_20260818/noisy/p102_00596.wav,ac8740314e1972d57afab45ec72aea11b1bdd30b17345c2b416a373ab3b1a9f2,8ce350caec864e268aa2fcd0735dcc0501a61d6d664f9a39b704cfe05ef11bf2,16000,16000,1,1,170124,170124
109,p102_00616.wav,p102_00616,data/setta_ears_d_test_20260818/clean/p102_00616.wav,data/setta_ears_d_test_20260818/noisy/p102_00616.wav,dd970b24e91c5b708fdee8d321ac51cc41eb25e42701efb04c0d6e6064063fa0,d177b712a16e96e4ba550a55b54b91db3ebe06a26d873a649a8c2ecec2438ae2,16000,16000,1,1,217336,217336
110,p102_00618.wav,p102_00618,data/setta_ears_d_test_20260818/clean/p102_00618.wav,data/setta_ears_d_test_20260818/noisy/p102_00618.wav,6e8b444a0ca89acb740ba9a677c99da7540c2efb3e74038f0de6fec8a2c1659c,24dfb58eb2255e77daf4bc0d6d33b9a6be23a07ef8baf040f1ab8044b9e87fa7,16000,16000,1,1,145445,145445
111,p102_00621.wav,p102_00621,data/setta_ears_d_test_20260818/clean/p102_00621.wav,data/setta_ears_d_test_20260818/noisy/p102_00621.wav,7b20a3f7cb70d8534a04b2bc3cba0ceb09b70ef599e84dc80d2eb439bdab0245,2c7fb31d28132a3e2b0d4a87a53c6b6e864b60dced9f1fbf8b21fd5a76591fd8,16000,16000,1,1,248705,248705
112,p102_00622.wav,p102_00622,data/setta_ears_d_test_20260818/clean/p102_00622.wav,data/setta_ears_d_test_20260818/noisy/p102_00622.wav,41ec2f6f7b0670a4da75e8feaa5f8f2c5929e1cb4bcf43d248106d5e449d34da,ee4f9d7ec0917022bfe242432875a36acb739cca09dc75165f03d698227e7a84,16000,16000,1,1,176720,176720
113,p102_00629.wav,p102_00629,data/setta_ears_d_test_20260818/clean/p102_00629.wav,data/setta_ears_d_test_20260818/noisy/p102_00629.wav,c78580467bf9a468750aa4747cf31c596cc05b515deb1fdf0af1f8e1c02468dd,cae9e3189e52fbd7b1bd6e3a0deb4b1c11683b7fd5f750cf8fc44e1db6f739df,16000,16000,1,1,277861,277861
114,p102_00631.wav,p102_00631,data/setta_ears_d_test_20260818/clean/p102_00631.wav,data/setta_ears_d_test_20260818/noisy/p102_00631.wav,8457f844af971b96a1cf5877232c299e0e4ce78ded4af1d5d998ab04868a33fe,aa9789a929ebd578ae5d382e472c7f507e67559b4cd13305b39b01a9284ff09c,16000,16000,1,1,217197,217197
115,p102_00664.wav,p102_00664,data/setta_ears_d_test_20260818/clean/p102_00664.wav,data/setta_ears_d_test_20260818/noisy/p102_00664.wav,49f2c7553242ac9b900bff25eb8c714c274a2a86334daba46fab673b0f2e1fdf,196348ee41fad914388fa0d11dd42bc71b848b370a2fbf222dbf226e31deed82,16000,16000,1,1,190314,190314
116,p102_00672.wav,p102_00672,data/setta_ears_d_test_20260818/clean/p102_00672.wav,data/setta_ears_d_test_20260818/noisy/p102_00672.wav,d870fd3747994b6ebed573310fe2495c14d5e1f9f177a290d6303011d3e81059,85b6730e88dae65d1419110a84737d14e225fce554bf4015fff537e03cba80de,16000,16000,1,1,224686,224686
117,p102_00679.wav,p102_00679,data/setta_ears_d_test_20260818/clean/p102_00679.wav,data/setta_ears_d_test_20260818/noisy/p102_00679.wav,9399f0ed2aa52838042de94c5f35dada4ffe26d92c82f97635e4f88f3ae8af0a,317b14f9f5b82f2996ff543da68321b30cea2b897d346d449101b93825ec8448,16000,16000,1,1,186036,186036
118,p102_00697.wav,p102_00697,data/setta_ears_d_test_20260818/clean/p102_00697.wav,data/setta_ears_d_test_20260818/noisy/p102_00697.wav,45cc4713dc2da41f7d659a6c9d9a636d6f27d97922071cd25fcabe69b7bd9dd7,252766e02ba07851157da8a00c0052831a74cfeb18996e67ebfd6a880e0f0e21,16000,16000,1,1,216387,216387
119,p102_00730.wav,p102_00730,data/setta_ears_d_test_20260818/clean/p102_00730.wav,data/setta_ears_d_test_20260818/noisy/p102_00730.wav,14cc3486d6fd33e33af429114cfab5ad7eae187042fd26fc6c9027c3e11bdc5e,3058952b1201b857bdbb591d7f56bf9306b4f46ed1ea15fbba22636e8ecd48ca,16000,16000,1,1,164872,164872
120,p102_00734.wav,p102_00734,data/setta_ears_d_test_20260818/clean/p102_00734.wav,data/setta_ears_d_test_20260818/noisy/p102_00734.wav,b95b34ce6f00aba825d278b5828b73e29a74f3711d88ed016695e4402ada1f59,52d84a9a7d819915bfff8c8b7b8a29d1e3f039123f7de3c4ce46ec897a3ba976,16000,16000,1,1,138930,138930
121,p102_00741.wav,p102_00741,data/setta_ears_d_test_20260818/clean/p102_00741.wav,data/setta_ears_d_test_20260818/noisy/p102_00741.wav,ec6332e9d03118077842a25a83560be3ec47bc2bcaa37cb64b794a6e4e97f9ae,36b681b628dc87014c1953e13329e7f44816f6b3052214fcd65cab39427dba45,16000,16000,1,1,244401,244401
122,p102_00753.wav,p102_00753,data/setta_ears_d_test_20260818/clean/p102_00753.wav,data/setta_ears_d_test_20260818/noisy/p102_00753.wav,1ddf4361ffb4d8a98bd1cbcc06b92e2063c5d54a628508031a67ea4bf188cd04,39f2c924ecb52ed015333707cb3eabba4a98e7cbbe85e13e54c56d0c878e55d3,16000,16000,1,1,234010,234010
123,p102_00759.wav,p102_00759,data/setta_ears_d_test_20260818/clean/p102_00759.wav,data/setta_ears_d_test_20260818/noisy/p102_00759.wav,31034b6a0c1368a56954677247096d35031114b51a8ee8604bad31895dec53bf,9382f4c1cc970311ccd684e049ffffd874cefd906744a6b030ee4b5cf5f2e39e,16000,16000,1,1,262202,262202
124,p102_00763.wav,p102_00763,data/setta_ears_d_test_20260818/clean/p102_00763.wav,data/setta_ears_d_test_20260818/noisy/p102_00763.wav,a99fbc9df987d4a5107f9de655b00b9064f886837d7b5c18a651af6f381aae0b,49dfd9e8d534c321da5b15988ce1f4ca4c4249df79a5961c213b0c2e551b6c85,16000,16000,1,1,114689,114689
125,p102_00764.wav,p102_00764,data/setta_ears_d_test_20260818/clean/p102_00764.wav,data/setta_ears_d_test_20260818/noisy/p102_00764.wav,6ce6bbf3d61a2e744ccdc088fc4c566390ee6c513466abe3059b80aacb34f4e6,0c76b682b5fbe799b97d7be11119fcb5fa7f42bc74517ed10cf3737565d768a3,16000,16000,1,1,226453,226453
126,p102_00766.wav,p102_00766,data/setta_ears_d_test_20260818/clean/p102_00766.wav,data/setta_ears_d_test_20260818/noisy/p102_00766.wav,c88839bc187e8b9c2ad8aab4e8e9c8a31f69f9b3718e4f13c8bc5ba1110b0830,5b235802509461cbcdf38f4a5b2a500f8825e9a877946a517ce59ffdeadb0f72,16000,16000,1,1,197530,197530
127,p102_00767.wav,p102_00767,data/setta_ears_d_test_20260818/clean/p102_00767.wav,data/setta_ears_d_test_20260818/noisy/p102_00767.wav,45541e7a40c8eb1d95327bf535091a9cab85a8bc508ca378f564aaf02d6c5151,c47917b1c985b00021645dfa279bfbca24a004448d161fde3fdb4238cd8428ad,16000,16000,1,1,143687,143687
128,p102_00778.wav,p102_00778,data/setta_ears_d_test_20260818/clean/p102_00778.wav,data/setta_ears_d_test_20260818/noisy/p102_00778.wav,13e711af295eecb8822ca25135e1116fa72da5e8188f9299cbcb381a9d53f6bb,ae063ff081b9ed29d8885a6a034a0896337dad1d02a8928e6bb751be4849f287,16000,16000,1,1,175554,175554
129,p102_00779.wav,p102_00779,data/setta_ears_d_test_20260818/clean/p102_00779.wav,data/setta_ears_d_test_20260818/noisy/p102_00779.wav,a9d41d8f91b64dceb779a47185f84c7980e6a7848061c86b94b4544a7be45fba,1d283d450e3bd98975c4cc0519ee16ffd9b121935696dfe38601295b00dcf2ee,16000,16000,1,1,191601,191601
130,p102_00782.wav,p102_00782,data/setta_ears_d_test_20260818/clean/p102_00782.wav,data/setta_ears_d_test_20260818/noisy/p102_00782.wav,60abee7af5bcfa4619feecccd2d37d4acb61bedf4ffdd3c67e004176320a95cc,efab88deb7ba8ed2239d09aaf49e87a70fd3d7eac5cedbc8cda71ded2bcd4e00,16000,16000,1,1,220588,220588
131,p102_00785.wav,p102_00785,data/setta_ears_d_test_20260818/clean/p102_00785.wav,data/setta_ears_d_test_20260818/noisy/p102_00785.wav,6cdfd2b64ee79ba3c6b4744ec387ad6d822734a14cebcf079b336fe07455ca02,2be42228e41733536e970a531ba863b76fe5ed297ef73ffe786a603ba7661a9e,16000,16000,1,1,212290,212290
132,p102_00786.wav,p102_00786,data/setta_ears_d_test_20260818/clean/p102_00786.wav,data/setta_ears_d_test_20260818/noisy/p102_00786.wav,50414db5805a9288f98317000a52910a395edf50daa272b0aa6f932fb7754f9c,1dd77cfa8be74f706a46ee6c7a1de5ae5de0eafc142d3d2102c5e76ce4820767,16000,16000,1,1,249773,249773
133,p102_00788.wav,p102_00788,data/setta_ears_d_test_20260818/clean/p102_00788.wav,data/setta_ears_d_test_20260818/noisy/p102_00788.wav,0f5c2420d778054c819560d9e07b5b6b8c2e70b98ab7289f87036aca2ace2175,78b8ea91371ffb40545a5da1e9bd88d2483559c78b79285be78bc575910784e0,16000,16000,1,1,245534,245534
134,p102_00793.wav,p102_00793,data/setta_ears_d_test_20260818/clean/p102_00793.wav,data/setta_ears_d_test_20260818/noisy/p102_00793.wav,bdf81f9838dc1d857a79dcafb31d3d460d62dc1c80bdd5e00a190789b51ed8e2,0c7111de8d0996c118b78a65a599c3f51aef99648008503e4b826431f346a0b4,16000,16000,1,1,239990,239990
135,p102_00812.wav,p102_00812,data/setta_ears_d_test_20260818/clean/p102_00812.wav,data/setta_ears_d_test_20260818/noisy/p102_00812.wav,d685a161ea07bde0cd810c91dd86ab44072841f9e4f4be948b5ee22e129483ff,83040725ab8591b7727c18ce0c8c03dedabf310ce5c585bdf88dafcc1c031edc,16000,16000,1,1,190667,190667
136,p102_00815.wav,p102_00815,data/setta_ears_d_test_20260818/clean/p102_00815.wav,data/setta_ears_d_test_20260818/noisy/p102_00815.wav,3d5b08fe1421a2ab044baa1568237f644c97eead703bcbfa986a86a853fdcb9d,6e83d17e6a58d00a1aa8bcfb5d61bcbfcb3f02f87e0ade5ad4f63219a816a162,16000,16000,1,1,170114,170114
137,p102_00818.wav,p102_00818,data/setta_ears_d_test_20260818/clean/p102_00818.wav,data/setta_ears_d_test_20260818/noisy/p102_00818.wav,8b21ab79ed0880a90099f0e1e1dd785cb28a041f95034aec1406376fb12ebdaa,019f6ffd92c8179c7de825eb4ed7165c08c8d250e13b816ea57c3c5404ed5afa,16000,16000,1,1,228616,228616
138,p102_00819.wav,p102_00819,data/setta_ears_d_test_20260818/clean/p102_00819.wav,data/setta_ears_d_test_20260818/noisy/p102_00819.wav,6a2035eac7d95fe8a3b2d158886701574697871e438c61092396fcb970335d7c,069d7e658498a2fd0380a92f00440db66aa99f915e21034cbc3afd7368a8a773,16000,16000,1,1,208644,208644
139,p102_00824.wav,p102_00824,data/setta_ears_d_test_20260818/clean/p102_00824.wav,data/setta_ears_d_test_20260818/noisy/p102_00824.wav,51fb433bfbf9133accc7720823a8372ec1c374b0e4dfe02ebde523a7707ab8ed,a588b03d0f0f8659309552d452c36405191da70aae3432fb418a4f1de0036bdb,16000,16000,1,1,223488,223488
140,p102_00829.wav,p102_00829,data/setta_ears_d_test_20260818/clean/p102_00829.wav,data/setta_ears_d_test_20260818/noisy/p102_00829.wav,988f248c279b082892fc7a47a893d13699e212b0bb6488d5cf195786657a5f23,e56e23f8c3205db3ce866f8d42b7061146e0357e97d3f10ade1f846dd6294a98,16000,16000,1,1,118192,118192
141,p102_00850.wav,p102_00850,data/setta_ears_d_test_20260818/clean/p102_00850.wav,data/setta_ears_d_test_20260818/noisy/p102_00850.wav,1d842042e46a0c8c7c944f9fa12efe4cc1606453e6332d9740178802d8523dc8,1c11eaeacce5047365736de83c5f768de9e6611d894e62c601772626c152f13e,16000,16000,1,1,200070,200070
142,p102_00855.wav,p102_00855,data/setta_ears_d_test_20260818/clean/p102_00855.wav,data/setta_ears_d_test_20260818/noisy/p102_00855.wav,3a98341f960e31e72cc9b368b76d612a20f76885ebd0611ac9f848a788a50922,bc0ea37958893f19c9b06ce89fefa3284dd410262027c36ca4260dcdd4d39755,16000,16000,1,1,170372,170372
143,p102_00868.wav,p102_00868,data/setta_ears_d_test_20260818/clean/p102_00868.wav,data/setta_ears_d_test_20260818/noisy/p102_00868.wav,aa05f7dad46b896703e9e0a8c955faccc4e980bcc7b9cfc64c6f3a0237c07ea7,945b936fe710190b329afa7d78beac792085d9e5a3e7bf95a4109dcbe92e07ab,16000,16000,1,1,175276,175276
144,p102_00870.wav,p102_00870,data/setta_ears_d_test_20260818/clean/p102_00870.wav,data/setta_ears_d_test_20260818/noisy/p102_00870.wav,edcf7a4d18e33a791992816bd971df3d204f26ee47cf7cc66d1fd2508fe6bc95,e49ddd2559b919e293bd5ddb873d2ccfffb0c784199281ee7720902a649766c7,16000,16000,1,1,267031,267031
145,p102_00872.wav,p102_00872,data/setta_ears_d_test_20260818/clean/p102_00872.wav,data/setta_ears_d_test_20260818/noisy/p102_00872.wav,043a83486e27c9ac13a707a1174a0481f622cbb667eff6cd22bcd9f1a2d61055,5e0c4a8836280663c562c577e5fe7225f892d4af167b21b094c2faf11dacc5ea,16000,16000,1,1,192732,192732
146,p102_00877.wav,p102_00877,data/setta_ears_d_test_20260818/clean/p102_00877.wav,data/setta_ears_d_test_20260818/noisy/p102_00877.wav,791e3eee989f57978434b2277f4d4b0476d928beee2e1423b4ef9e7d57ca1e40,2b0fd468b7654f3eb914cd87717d2a0a6cf7169bf512826617f6254e724bfa43,16000,16000,1,1,252804,252804
147,p102_00879.wav,p102_00879,data/setta_ears_d_test_20260818/clean/p102_00879.wav,data/setta_ears_d_test_20260818/noisy/p102_00879.wav,cb65c2eca603193132356adb435e6024f0ba208fc84c68ac906dc2cb8001ad77,fd2b22723280aec80541ece5197e9743eaaff0602e8701737e0ebbe661b6dc86,16000,16000,1,1,235971,235971
148,p102_00881.wav,p102_00881,data/setta_ears_d_test_20260818/clean/p102_00881.wav,data/setta_ears_d_test_20260818/noisy/p102_00881.wav,74bc9ca0c4f97874adf5caf8d8dc6e4544d35e13c9b6e81c36951905d80886b2,194adba5e738edb2cbcd9880013dec9e97997f3a4835f4ad316b7fb4214cc25e,16000,16000,1,1,202549,202549
149,p102_00882.wav,p102_00882,data/setta_ears_d_test_20260818/clean/p102_00882.wav,data/setta_ears_d_test_20260818/noisy/p102_00882.wav,6695b0bd0ccbe5ac567f07a11c1715be0401b9ef7e0630f4a41ed55582ecb077,f484a9fab4641ab8d58a2e23de2e72b0e0d9ebdb0198df4224a2c24f5a3866da,16000,16000,1,1,205202,205202
150,p102_00885.wav,p102_00885,data/setta_ears_d_test_20260818/clean/p102_00885.wav,data/setta_ears_d_test_20260818/noisy/p102_00885.wav,7aad25508ddd750f682cc80f07f862ddfaf01b981967210fa40655fbf436b870,94da567c9283a5541b3c425edb68e68adbd63c005fe17406afa28f2cd9698a3b,16000,16000,1,1,309062,309062
151,p103_00004.wav,p103_00004,data/setta_ears_d_test_20260818/clean/p103_00004.wav,data/setta_ears_d_test_20260818/noisy/p103_00004.wav,5ee64bb84823344ce996b58c9b79b970075b926ca88a2bb8c9ef97ec90cf19d5,2686c84c138e57f6acec2d052fa4cae7c5a18dcce2a09ebf38ae0bd8bdf42bd7,16000,16000,1,1,240450,240450
152,p103_00011.wav,p103_00011,data/setta_ears_d_test_20260818/clean/p103_00011.wav,data/setta_ears_d_test_20260818/noisy/p103_00011.wav,6dad8527b90a647a817cc38c4d2f8ace9acceb27bbbb681f313fd3cf00dc8669,8d1b79f21ddf61e97260411da32db209a996bb625032735bc8c78f2e8ced6e3f,16000,16000,1,1,298298,298298
153,p103_00012.wav,p103_00012,data/setta_ears_d_test_20260818/clean/p103_00012.wav,data/setta_ears_d_test_20260818/noisy/p103_00012.wav,b6f88e2f5a0123cd6d36d04bcb281c3eee28c44ee24952ad3305efb3cc3e451b,17ce27c7d7f49e0a8ee957d390fba3c4c33c54ee359cc2ed21016f3f973111a6,16000,16000,1,1,267943,267943
154,p103_00015.wav,p103_00015,data/setta_ears_d_test_20260818/clean/p103_00015.wav,data/setta_ears_d_test_20260818/noisy/p103_00015.wav,03eba3b673a8a5ee98342164c31bc0f287e7d61a929cbb53ec31e94e01e7d792,a367ee3804efcb63bed731073ff55e86b705dcd661581a11d200f7b7cfe92e48,16000,16000,1,1,343670,343670
155,p103_00020.wav,p103_00020,data/setta_ears_d_test_20260818/clean/p103_00020.wav,data/setta_ears_d_test_20260818/noisy/p103_00020.wav,3b54283c40f2a48d7db2e25cfc2ae36faed6c6a4c275bb7da85d11cd46764dc2,a3f646ac6b5706f60e14a640c416a8afd992e61213cc2e32b8bf58b2ffb944fa,16000,16000,1,1,305114,305114
156,p103_00022.wav,p103_00022,data/setta_ears_d_test_20260818/clean/p103_00022.wav,data/setta_ears_d_test_20260818/noisy/p103_00022.wav,c81c2fcda61b09c4e2fc7b726bce795f82f6a0ed6ae9a60c871082659a8e7fe4,e0aac1efc48e4e7d7473ea478819e52be525cef30840abde219f8009b45e6771,16000,16000,1,1,417354,417354
157,p103_00030.wav,p103_00030,data/setta_ears_d_test_20260818/clean/p103_00030.wav,data/setta_ears_d_test_20260818/noisy/p103_00030.wav,2dc30b0942f9f01c522f689e6ff391f0efb93b600a6e1bd03b8803ed7688c19f,b627c4a373d989aba5d193ae7a8b25b3f13e49775b1f4b4685b534250d1a18d4,16000,16000,1,1,264537,264537
158,p103_00047.wav,p103_00047,data/setta_ears_d_test_20260818/clean/p103_00047.wav,data/setta_ears_d_test_20260818/noisy/p103_00047.wav,81f7f518bc44b584e1a44dcbcb4e608f03dfe23c142ae3f9f9b5936a99cf6c95,b68f49d32131bf9c3ae2353843e506e65cc96cf407d3d4b62c841c31999a01ad,16000,16000,1,1,274924,274924
159,p103_00051.wav,p103_00051,data/setta_ears_d_test_20260818/clean/p103_00051.wav,data/setta_ears_d_test_20260818/noisy/p103_00051.wav,2eb1aa9d3d5825880b5f108b7c47cd0450f884ab61e1f550bec1b0ab6b9a60d0,b10552bb24e530b2b25896ec7f392fa65e9b7642ccd6ce0fbcb24bbc168d144f,16000,16000,1,1,248367,248367
160,p103_00063.wav,p103_00063,data/setta_ears_d_test_20260818/clean/p103_00063.wav,data/setta_ears_d_test_20260818/noisy/p103_00063.wav,975047e63184ec1d30fdef47d5aebad40e09eaa799895a876945d2963c838a74,044bb58714fc3103c02631226b1b28ef91ab1ffc40274df4fd890d05e107cec2,16000,16000,1,1,276736,276736
161,p103_00071.wav,p103_00071,data/setta_ears_d_test_20260818/clean/p103_00071.wav,data/setta_ears_d_test_20260818/noisy/p103_00071.wav,5e59319fbd1b22a07bd20bef2e74a2d828fdb4023683475aadbb178c30e4c80a,8843b002615722511c548c1c3caa7417cab50390b33ebd46e52fad92a974ef7d,16000,16000,1,1,275436,275436
162,p103_00074.wav,p103_00074,data/setta_ears_d_test_20260818/clean/p103_00074.wav,data/setta_ears_d_test_20260818/noisy/p103_00074.wav,3503f062287a846ad78da0f9ee2a7d2ab9f356d62bbeb0cbb91c3760a461b791,45cae22f6d3a5ff24202f45e418fe7ce24a3691dced41da88b3547b6776d1a9f,16000,16000,1,1,327378,327378
163,p103_00081.wav,p103_00081,data/setta_ears_d_test_20260818/clean/p103_00081.wav,data/setta_ears_d_test_20260818/noisy/p103_00081.wav,e9cba0433a52a794ced1756773b0bb1ec0de7c00a39680d7529a4c3b091944b2,cdda4c300e0ce7840bde4c6533faab923f9d544e9886ea380e724a0d59650583,16000,16000,1,1,306110,306110
164,p103_00083.wav,p103_00083,data/setta_ears_d_test_20260818/clean/p103_00083.wav,data/setta_ears_d_test_20260818/noisy/p103_00083.wav,7a3fdda19bcede46ad788e9a62943b615ebc8a898432c72667047b6feed6f21b,628ebb9dd811335bedfb9cfe194f80c125626ba50132fe4e0f1284a90ffff7d1,16000,16000,1,1,286757,286757
165,p103_00090.wav,p103_00090,data/setta_ears_d_test_20260818/clean/p103_00090.wav,data/setta_ears_d_test_20260818/noisy/p103_00090.wav,1c69b0393a9ef607d323d5f8373c7fbbde003f06512c55f9b6068e04b5629ada,6a974d684c4637b4e47d1ef0adbee7d5eecc18ba72ed5b25a7b6f1b271da1812,16000,16000,1,1,181516,181516
166,p103_00094.wav,p103_00094,data/setta_ears_d_test_20260818/clean/p103_00094.wav,data/setta_ears_d_test_20260818/noisy/p103_00094.wav,53a64af1a82ffe2907aab61769d923e5880122589fcdeddc2a81258f80d0ac3b,2e5ff27ee02348830246c5d2b10218e3802e23be7bc7a1f1f4aaf022aea0f2af,16000,16000,1,1,325396,325396
167,p103_00100.wav,p103_00100,data/setta_ears_d_test_20260818/clean/p103_00100.wav,data/setta_ears_d_test_20260818/noisy/p103_00100.wav,7e3d05993746e8757a7fa80f06a99562a630db2fade26a162f8311b6fc010e67,56ab72b8a5fd4d18ff0f741a7b123c8e7a28da33c82e829473c265e8ac43bf1f,16000,16000,1,1,215856,215856
168,p103_00118.wav,p103_00118,data/setta_ears_d_test_20260818/clean/p103_00118.wav,data/setta_ears_d_test_20260818/noisy/p103_00118.wav,3aa90cd4b7921cef646c4ffa98457a31ae78d823e3fb6c7f2cdb8e308eaa2e2a,eebe4ab471cd7f57ae5fa28cdc254eefed64219e4080132ca514cbc7848d7f36,16000,16000,1,1,360375,360375
169,p103_00170.wav,p103_00170,data/setta_ears_d_test_20260818/clean/p103_00170.wav,data/setta_ears_d_test_20260818/noisy/p103_00170.wav,236637f86b223401088b7cc19b6dd969a9493e0c65c7d464279f0836cb93a3f1,a8cfab66afbed7a82b4c5c3025f7eee6327bab30ce658bf237ac4491493635ec,16000,16000,1,1,205900,205900
170,p103_00182.wav,p103_00182,data/setta_ears_d_test_20260818/clean/p103_00182.wav,data/setta_ears_d_test_20260818/noisy/p103_00182.wav,109cca424a943818331a1478fbf17f4f0c0144a53ea4cf421f37376e43b1ffdd,007c1f0aa17877df275d726284160f8c9f54dd33484cfd90ed9e429d4a9e3844,16000,16000,1,1,220815,220815
171,p103_00184.wav,p103_00184,data/setta_ears_d_test_20260818/clean/p103_00184.wav,data/setta_ears_d_test_20260818/noisy/p103_00184.wav,0a8305a5db5bb666c0532df3dcc0f050a52f62888bc226fe5f73479aca43f9bb,f4f2c3f6ba17327f00c2397a2c7b8feb3c1df74734cae6f9bce2c3cdd3e1f493,16000,16000,1,1,261603,261603
172,p103_00191.wav,p103_00191,data/setta_ears_d_test_20260818/clean/p103_00191.wav,data/setta_ears_d_test_20260818/noisy/p103_00191.wav,489eaf69f4acc95f581c95bb8d31892c4adc221a802dd5ea008e36c5fa5439ec,63a6430fd8f027f04ec422c45183dfe4ebe3951bdf8bf8f3209bdbd536d8b8a8,16000,16000,1,1,231403,231403
173,p103_00200.wav,p103_00200,data/setta_ears_d_test_20260818/clean/p103_00200.wav,data/setta_ears_d_test_20260818/noisy/p103_00200.wav,bf48f47f3f875f22897512cef94faac12ee7c5440200f821e6596283d196ccdd,18aa40f9e4b0c26701ef2f989d66cad74a6209e7eae33d5849e737201525d77e,16000,16000,1,1,307744,307744
174,p103_00212.wav,p103_00212,data/setta_ears_d_test_20260818/clean/p103_00212.wav,data/setta_ears_d_test_20260818/noisy/p103_00212.wav,d8d679a362e544e43c5536a0230cf9437f42f79f60b1de75646758f4a52fad47,49546de471b1f15025c85b4b2a5240f59b5da0bc3542788e6bcf22e654d46beb,16000,16000,1,1,324863,324863
175,p103_00217.wav,p103_00217,data/setta_ears_d_test_20260818/clean/p103_00217.wav,data/setta_ears_d_test_20260818/noisy/p103_00217.wav,c7459c90259a7ca8ac8c625be2521cac7b68bbc3c86e8912d0a3948837c9a9a7,efdb2a6c76c69b4a2c6569f9ed90bca8d2992c6e506ee1c410e1c7c2bfb5bbaf,16000,16000,1,1,187553,187553
176,p103_00221.wav,p103_00221,data/setta_ears_d_test_20260818/clean/p103_00221.wav,data/setta_ears_d_test_20260818/noisy/p103_00221.wav,933094a4428f78fa774e1d8bc943239250801588631c03860e96289504045d8b,32b8a576c241180168fac7a2d97edcc20469d0ac44852c0e842403417f82e2b0,16000,16000,1,1,269050,269050
177,p103_00234.wav,p103_00234,data/setta_ears_d_test_20260818/clean/p103_00234.wav,data/setta_ears_d_test_20260818/noisy/p103_00234.wav,bae62cf68daeb2fbda8e0aa57d4b03373eeca36a42a353e4e56f9e80e27cf891,9cb235831fe36a5f9a905c6473acc6818eee65ae89c0b1e7e1ef2962469c4af8,16000,16000,1,1,305821,305821
178,p103_00235.wav,p103_00235,data/setta_ears_d_test_20260818/clean/p103_00235.wav,data/setta_ears_d_test_20260818/noisy/p103_00235.wav,36ec55525c3230d9134d2be7453fed2975875b3b75905c00a04fe0c165df8b74,26552e270f02d2899db4d36c2da1443d91792b70bf511931bf730bd4fd142fa4,16000,16000,1,1,193694,193694
179,p103_00238.wav,p103_00238,data/setta_ears_d_test_20260818/clean/p103_00238.wav,data/setta_ears_d_test_20260818/noisy/p103_00238.wav,6b13de267de54eab4b0ba08238fb0e1b995969c0365cd5a11c90647d848b3f71,9ff8f57a573f40b579ed4ed11deb89540ba691280368fbc016cb13a5e1925466,16000,16000,1,1,178098,178098
180,p103_00245.wav,p103_00245,data/setta_ears_d_test_20260818/clean/p103_00245.wav,data/setta_ears_d_test_20260818/noisy/p103_00245.wav,7cdaedceb9d7296742c0798e07090b01d4083be90f3289b4266135a93d0dcb8e,938fcfc5e3f07d8040f5eb4d80cbae02e900e9209d9c4a8ee715e40d2f8688dc,16000,16000,1,1,287783,287783
181,p103_00250.wav,p103_00250,data/setta_ears_d_test_20260818/clean/p103_00250.wav,data/setta_ears_d_test_20260818/noisy/p103_00250.wav,64028e27280649b0e6a9cac0e4c9be1eae3c54ab33441661ac75d4a960c2b4c3,692747adf5a086c6f4074452a1a760e56539bab9462b516f70033e71dc99a01b,16000,16000,1,1,256854,256854
182,p103_00254.wav,p103_00254,data/setta_ears_d_test_20260818/clean/p103_00254.wav,data/setta_ears_d_test_20260818/noisy/p103_00254.wav,134984f863496056998d78a2e111fa60de5d396d14dc30aca50751133b738db8,e8ad0e580a00ea4b555d73c465a72696f0d5dfc91cefbf5fd6a70925cd7c8540,16000,16000,1,1,335783,335783
183,p103_00256.wav,p103_00256,data/setta_ears_d_test_20260818/clean/p103_00256.wav,data/setta_ears_d_test_20260818/noisy/p103_00256.wav,7910ecd4a5f398c93cdd17ace76204e4287b54df21ba758d8ea64768cb4c74e4,93bf5e718acc55bc1c5dc44d14ba26f6aa506a14186cd19897aae7fba227f257,16000,16000,1,1,254296,254296
184,p103_00258.wav,p103_00258,data/setta_ears_d_test_20260818/clean/p103_00258.wav,data/setta_ears_d_test_20260818/noisy/p103_00258.wav,ca2578a4114a9a19d2e68446777eb3779894c7dfffd4c5633a900a187cb10809,c7c69012b26eeafbf0e404273bd96c7914ebe52c0ae5b607c7e77246e95e7876,16000,16000,1,1,385379,385379
185,p103_00259.wav,p103_00259,data/setta_ears_d_test_20260818/clean/p103_00259.wav,data/setta_ears_d_test_20260818/noisy/p103_00259.wav,6509ca669beaef693e57480016296345ae764b85d93cb1738b3e29e00b9d2860,4d08523c3530a63183af860271b255f2e86620ee7af3e4e2c1f5229925e5a091,16000,16000,1,1,337810,337810
186,p103_00281.wav,p103_00281,data/setta_ears_d_test_20260818/clean/p103_00281.wav,data/setta_ears_d_test_20260818/noisy/p103_00281.wav,2320fd4326f79285f2cd3991c01e323a0838ecf6453a7f6a63fe2194e22c79db,dc3e52dde1dda972e6ce4e3ce5cf769213cf21f2b5b1b7f40b9ded9af3c45274,16000,16000,1,1,233292,233292
187,p103_00296.wav,p103_00296,data/setta_ears_d_test_20260818/clean/p103_00296.wav,data/setta_ears_d_test_20260818/noisy/p103_00296.wav,55a88d72a71a29e66b1aa7492cd2077e7074b7c52dfafeb07461fa94a98fe6ba,4eec4dec50dbb8394e3133969a7483cc13e18c0a9a83b5da73c52d829eeb6cc3,16000,16000,1,1,272943,272943
188,p103_00299.wav,p103_00299,data/setta_ears_d_test_20260818/clean/p103_00299.wav,data/setta_ears_d_test_20260818/noisy/p103_00299.wav,61a4b762f5592f4aca2abaf1def0036ac439bf4bf4925dc5c149988113edaba7,150430e519e05b4b519c1ce117f2f1548fb684f4d19783b7b3ecfcc5a982a65b,16000,16000,1,1,229348,229348
189,p103_00306.wav,p103_00306,data/setta_ears_d_test_20260818/clean/p103_00306.wav,data/setta_ears_d_test_20260818/noisy/p103_00306.wav,66f763c38876f4977d645deab395dee54c6c56c12af7717f49a6ab6e4431bc1a,aff38dea359dbd96b6c8a9648c4433df56145aac874f955bd0c64ca99be8a038,16000,16000,1,1,347520,347520
190,p103_00309.wav,p103_00309,data/setta_ears_d_test_20260818/clean/p103_00309.wav,data/setta_ears_d_test_20260818/noisy/p103_00309.wav,c32e86a7fc229883a3307e8f27ca04a0eff71bb58b81d81c5bf4025721148f65,91ded0ec4ffa14f093c96d640d5abf0f6af721e7bb1051c7838e1ea4e1859427,16000,16000,1,1,216571,216571
191,p103_00310.wav,p103_00310,data/setta_ears_d_test_20260818/clean/p103_00310.wav,data/setta_ears_d_test_20260818/noisy/p103_00310.wav,0da7d30e1293badbb21aa6da9b5dfc7dd4af65ee7d04fc304cb9047d316a4186,e5cafefd31c6560435e70666788dd06c460e011f5f7961a5f7b6403d19b0e00d,16000,16000,1,1,274211,274211
192,p103_00332.wav,p103_00332,data/setta_ears_d_test_20260818/clean/p103_00332.wav,data/setta_ears_d_test_20260818/noisy/p103_00332.wav,0bcce7e0d10e94a342c113ef7840f313b98630c3773811fdca628758ed23ca71,ec1e48855c73c8d75ed13f66ffc57c67882c886dcfba91c0357c11b095e55e0e,16000,16000,1,1,191379,191379
193,p103_00337.wav,p103_00337,data/setta_ears_d_test_20260818/clean/p103_00337.wav,data/setta_ears_d_test_20260818/noisy/p103_00337.wav,70d7a5f4c1826bb9176018e47fee2c1437606bfc431cfcae0ec7dea42d3d6d5c,95604119d403a86bbe885074659378adcf3276f1cd2529e284675f22d1308cfc,16000,16000,1,1,287663,287663
194,p103_00340.wav,p103_00340,data/setta_ears_d_test_20260818/clean/p103_00340.wav,data/setta_ears_d_test_20260818/noisy/p103_00340.wav,865d82ea2cd9addb6cfd6384f5118aa866fdfd826fb0b8c5e060882b717e7735,2cbe49c2fe8f9e8eec41b1c64003e9045335a9b1e6c5fe280f7e1eb647124acf,16000,16000,1,1,342570,342570
195,p103_00343.wav,p103_00343,data/setta_ears_d_test_20260818/clean/p103_00343.wav,data/setta_ears_d_test_20260818/noisy/p103_00343.wav,9dc641e70796af891ba9d8525363f98fbc332dcb3fe4a7788d1c19260cc95047,51d6b213b6e9f63e6cba5c3a77e726ec2b3c65112f0daf84c989e023b4cf8e92,16000,16000,1,1,369892,369892
196,p103_00349.wav,p103_00349,data/setta_ears_d_test_20260818/clean/p103_00349.wav,data/setta_ears_d_test_20260818/noisy/p103_00349.wav,991f64ea6f3a4a2344b541e9f29cc6fcffd01c3914e79a2933534140f94d783d,4e1ddaa15f82f6edcea4fd057bd2b9fb817431274d2dacc7c3ffb6451e69d657,16000,16000,1,1,337671,337671
197,p103_00370.wav,p103_00370,data/setta_ears_d_test_20260818/clean/p103_00370.wav,data/setta_ears_d_test_20260818/noisy/p103_00370.wav,f8548dcc452754290afa8fd098fb9c38b2d961e5a566b95351afd03f75a01457,c335742dc27735d8af85b9ecfb4159966d4da583200fe442c368e7014171ca5e,16000,16000,1,1,196452,196452
198,p103_00373.wav,p103_00373,data/setta_ears_d_test_20260818/clean/p103_00373.wav,data/setta_ears_d_test_20260818/noisy/p103_00373.wav,fc9a3840c094837ea421841adc6f350216a89cde2a3df59116994cdaabf511df,febf26c3c1f9f5f2f912bd34365c6b0b13ebdf044bdb3275092a7e512a6b4d73,16000,16000,1,1,162805,162805
199,p103_00380.wav,p103_00380,data/setta_ears_d_test_20260818/clean/p103_00380.wav,data/setta_ears_d_test_20260818/noisy/p103_00380.wav,fd77334c369887e19f4d498c4030d593f6344beed327915e172fc98b30b5b033,ff04db2360e6f560086c6d466eb682329fe0b1746b95a47f794e54f30dea247f,16000,16000,1,1,275331,275331
200,p103_00381.wav,p103_00381,data/setta_ears_d_test_20260818/clean/p103_00381.wav,data/setta_ears_d_test_20260818/noisy/p103_00381.wav,71150430804fcf4f31fa116d359d9034c4c9b21c8fa1215373c8d2a40ab29aa4,cf7a2489ec3003eee14f4ed8454c025c61444d743053eaeead3193bd27220bd7,16000,16000,1,1,361143,361143
201,p103_00387.wav,p103_00387,data/setta_ears_d_test_20260818/clean/p103_00387.wav,data/setta_ears_d_test_20260818/noisy/p103_00387.wav,bfe2deda4482ea95af6187d830f23dd4de32560b87904a2f004cafbfcdd25532,cec5e00f4311faf16802d9dbf1eb6593cb60287c55cb2cd8d044c67c1f6a4bff,16000,16000,1,1,233563,233563
202,p103_00390.wav,p103_00390,data/setta_ears_d_test_20260818/clean/p103_00390.wav,data/setta_ears_d_test_20260818/noisy/p103_00390.wav,06ecba92620747528fb27f59cf0299567bf05c3b685d27234d25b94bba6b52cf,ede99849d29851f00dc23f3a3e0bcff4e1afa739a2c53e2bf1fb8fe37a09fcbb,16000,16000,1,1,177160,177160
203,p103_00394.wav,p103_00394,data/setta_ears_d_test_20260818/clean/p103_00394.wav,data/setta_ears_d_test_20260818/noisy/p103_00394.wav,6dfee23797a4f566e5fe8bee408800d42b57b3e005ed174f43c96a5e7b45eef0,921888ca16e9b2b20d899d1ade805eb2073d961c7d3424e75eab0405a5797717,16000,16000,1,1,297003,297003
204,p103_00397.wav,p103_00397,data/setta_ears_d_test_20260818/clean/p103_00397.wav,data/setta_ears_d_test_20260818/noisy/p103_00397.wav,bc9254430cee384b125bb1fd75f3ae4774e046e947a001cf558082257e0e523f,965e7b44dd2b0598f5724a56a213ef30a8b408957fbf1aa202b25dfb7882b4f2,16000,16000,1,1,196609,196609
205,p103_00398.wav,p103_00398,data/setta_ears_d_test_20260818/clean/p103_00398.wav,data/setta_ears_d_test_20260818/noisy/p103_00398.wav,9f564b6fd9f447432ff03404c26210e5f6b2712dad92863066921a5696e55f4f,6ec74b57515304db78e26eb803c1bb5741436ceebc5c34c8ac586e25bbf91e68,16000,16000,1,1,286981,286981
206,p103_00400.wav,p103_00400,data/setta_ears_d_test_20260818/clean/p103_00400.wav,data/setta_ears_d_test_20260818/noisy/p103_00400.wav,c7e38156499889d38ba53dcc613a11690f775ca26cb60e41b2c056bc5d5b152b,ab8092e5ddea97b7d98818b7002c33036b3b45bb5e3d5593a9629a772b7606a4,16000,16000,1,1,350741,350741
207,p103_00407.wav,p103_00407,data/setta_ears_d_test_20260818/clean/p103_00407.wav,data/setta_ears_d_test_20260818/noisy/p103_00407.wav,8603a2a7931baeb7f3959d6c086e30ed5427b5263846a49885090410bd0ab69c,0205a9191a7ebf62bccbe7828b494a10101655c231714d5f76ae25221a9a94d2,16000,16000,1,1,326664,326664
208,p103_00418.wav,p103_00418,data/setta_ears_d_test_20260818/clean/p103_00418.wav,data/setta_ears_d_test_20260818/noisy/p103_00418.wav,a2709c44192c9a460e74970a672b11c064a6793e3291a1a4b60cf027fcf8b2e7,4ac25e7302c2603d9fd6b486cd19b08d7fad56c20765425702c88c7d2bda199f,16000,16000,1,1,228741,228741
209,p103_00422.wav,p103_00422,data/setta_ears_d_test_20260818/clean/p103_00422.wav,data/setta_ears_d_test_20260818/noisy/p103_00422.wav,4b723c03d8d86a5aa2418f5691d08a38b0058845033458a6f23b6843f2313ca2,bd28bf4e5c1476770fa7f774e8e819389e5df9f4008dd9ddf165ac323959e1f0,16000,16000,1,1,320054,320054
210,p103_00425.wav,p103_00425,data/setta_ears_d_test_20260818/clean/p103_00425.wav,data/setta_ears_d_test_20260818/noisy/p103_00425.wav,fad5f5db51690124d1cdecc105911edf5372d4ef3d683271a55286c543916800,9b8cfc866e9b5511cfc41cfaa38a1d8a6c78eceae5addaa3899e2cad390209d7,16000,16000,1,1,252288,252288
211,p103_00431.wav,p103_00431,data/setta_ears_d_test_20260818/clean/p103_00431.wav,data/setta_ears_d_test_20260818/noisy/p103_00431.wav,443694e86e182e7789cd93e5e5e8f3f8f241d79eb6d511dcf229dbc00a2a0a89,1c6e1048bd4428235f9c273e1567f7b96e962f4126e1dd50ad5391c3b813c6d4,16000,16000,1,1,228918,228918
212,p103_00452.wav,p103_00452,data/setta_ears_d_test_20260818/clean/p103_00452.wav,data/setta_ears_d_test_20260818/noisy/p103_00452.wav,d427df4d32826db6cd3c280b077a0c03a31a793d8ee6bb3b656a73bec746968a,ed92ba672640d0791fb1cd69d183601aa558d554366b813c206c773d04f23986,16000,16000,1,1,270807,270807
213,p103_00464.wav,p103_00464,data/setta_ears_d_test_20260818/clean/p103_00464.wav,data/setta_ears_d_test_20260818/noisy/p103_00464.wav,710cf8b317fff164886c6136675a09c4a9f73b903eb0d4249a8df962ccf661cb,cf429687bc52ee03c690b859800eec2fc7b67a65c9b9b018021a170e0ec73162,16000,16000,1,1,236104,236104
214,p103_00469.wav,p103_00469,data/setta_ears_d_test_20260818/clean/p103_00469.wav,data/setta_ears_d_test_20260818/noisy/p103_00469.wav,384c9f2f2e5db685bdd0e5be280c823d691fd5281b82951cbba79237a3a1b957,c4be39954ed9e472fd4fa7b45d826d1343305aed0581470dd424d119bf02488a,16000,16000,1,1,260552,260552
215,p103_00473.wav,p103_00473,data/setta_ears_d_test_20260818/clean/p103_00473.wav,data/setta_ears_d_test_20260818/noisy/p103_00473.wav,dd160468080211034cf4d55bee67bff86f6b90cc7c3dd076c487362a57ae2ea8,405367d76914e7674d22d5df8a360657954fc977830ca1e0a2ce0f8f909b33e7,16000,16000,1,1,221162,221162
216,p103_00474.wav,p103_00474,data/setta_ears_d_test_20260818/clean/p103_00474.wav,data/setta_ears_d_test_20260818/noisy/p103_00474.wav,385f3debf7ce32dc38899d75a8e93a405814e7a82baa428ecdcf56027a8580b1,694f8edfeb495202d23957cf2ff343a97767a77fc315485e63748f4072ceb5e3,16000,16000,1,1,264742,264742
217,p103_00475.wav,p103_00475,data/setta_ears_d_test_20260818/clean/p103_00475.wav,data/setta_ears_d_test_20260818/noisy/p103_00475.wav,99c95515f5f2bb8baa4d1a1035ec4020af30efde856f6bbfcc1977fa72b933a6,2f06c44423555e14213bc426fe5075102c2c6ee1e6706d9ade73a8a692107fc1,16000,16000,1,1,257829,257829
218,p103_00476.wav,p103_00476,data/setta_ears_d_test_20260818/clean/p103_00476.wav,data/setta_ears_d_test_20260818/noisy/p103_00476.wav,d3ab46a4446cee359743e9fbebc22a90087ecce08ffabed9a51ba808f46f3a2e,8bbe4db0b42dbf18e99e2fa9650e62603d96022dd896025488158eda3b5ad6d3,16000,16000,1,1,215942,215942
219,p103_00477.wav,p103_00477,data/setta_ears_d_test_20260818/clean/p103_00477.wav,data/setta_ears_d_test_20260818/noisy/p103_00477.wav,7c97e569f0b5937190cd2c8b5b10849a602eba92991e0e494d46076dfb0b3d17,4a468dd792cef5957580447a63953a4dd414d3fcbc2a81bb1f2c011028fa1dda,16000,16000,1,1,224689,224689
220,p103_00478.wav,p103_00478,data/setta_ears_d_test_20260818/clean/p103_00478.wav,data/setta_ears_d_test_20260818/noisy/p103_00478.wav,fbb63f08cf8d9f85ed1dab7d39fa86af403052a439dd609d4c35428c84d13168,3559c6bbd3ad83d8c0170c64b76fcec9fe1a0b973cf4b39a0ccc9e9f99415a0b,16000,16000,1,1,372278,372278
221,p103_00479.wav,p103_00479,data/setta_ears_d_test_20260818/clean/p103_00479.wav,data/setta_ears_d_test_20260818/noisy/p103_00479.wav,58289ce622fecca1e64e49c465e1d004990dfeec92d81075700b9d41519f490c,4fdfa43e43857ea44d4479f0cd8c48db2592b844e57769a604b48f85fffe1906,16000,16000,1,1,370528,370528
222,p103_00480.wav,p103_00480,data/setta_ears_d_test_20260818/clean/p103_00480.wav,data/setta_ears_d_test_20260818/noisy/p103_00480.wav,4d44c02b8fcd94db98a0052d876212d65bc0370283fd6c2e6e2014b1d00ada84,4324f1d8293b40bfb2a3c9ba01fb83abe5530d7fc75326a9b7b18c4d61611ca4,16000,16000,1,1,140756,140756
223,p103_00481.wav,p103_00481,data/setta_ears_d_test_20260818/clean/p103_00481.wav,data/setta_ears_d_test_20260818/noisy/p103_00481.wav,ea618c2142a9b521808db8d37313cff3e08c1adb08e46a3c1f3c886e3c677e90,2ee652f3adb0ca3f64c0f7beca254472d7c6e071de5730ebae01c858afb09e7c,16000,16000,1,1,173643,173643
224,p103_00482.wav,p103_00482,data/setta_ears_d_test_20260818/clean/p103_00482.wav,data/setta_ears_d_test_20260818/noisy/p103_00482.wav,80af74165ce88c6103cb34ce04f615a8b76e44d00b4bece914be436a32b37733,92a4c35ea6b0a912eab3127bab6ead9ac98bb07386f0d6265160bbdf921528c8,16000,16000,1,1,142510,142510
225,p103_00483.wav,p103_00483,data/setta_ears_d_test_20260818/clean/p103_00483.wav,data/setta_ears_d_test_20260818/noisy/p103_00483.wav,dc1203b8e7a968861eb41baee4853f575fa49554c45354a734c022406b527657,c8a2b44844f1ce821f4d05a7b7e38d97cb98d37c80df815c27a886b4ffdee94f,16000,16000,1,1,159173,159173
226,p103_00484.wav,p103_00484,data/setta_ears_d_test_20260818/clean/p103_00484.wav,data/setta_ears_d_test_20260818/noisy/p103_00484.wav,ad70c58b2eb68f62619b2ceea288b65f36d2791128c344a5804d3e67802f1819,15310b0b385c972d6abfaf746743c2c48b9a9f39e64fa99e6b53fe866d5a421e,16000,16000,1,1,83686,83686
227,p103_00494.wav,p103_00494,data/setta_ears_d_test_20260818/clean/p103_00494.wav,data/setta_ears_d_test_20260818/noisy/p103_00494.wav,4ebd9f9bd6167ab34b83c88cba1c53687ce7fb0fe651ba7cc1e928390dc84a0a,d136fb3593ca8049ccaa595e42773ed879fc0d39f11283c78c70a55bbcb7b879,16000,16000,1,1,200804,200804
228,p103_00496.wav,p103_00496,data/setta_ears_d_test_20260818/clean/p103_00496.wav,data/setta_ears_d_test_20260818/noisy/p103_00496.wav,4522e5a0a3fa0b23ddaf64a84507b3a3b248605cc67705cfbb8e2f99631c68ba,46676952ae7bd7dd0cc3a68524f796840fcb9e65c21d34a769c487f32c6b5f5d,16000,16000,1,1,233876,233876
229,p103_00498.wav,p103_00498,data/setta_ears_d_test_20260818/clean/p103_00498.wav,data/setta_ears_d_test_20260818/noisy/p103_00498.wav,851dd13ee33e54f90ba9393ee50161bc2f5c13334364d27daa705c53178a6ff2,39c5a671925ab9176c956f57b0144c62fc24e43d3c14ea55718931c23e7d7bc9,16000,16000,1,1,177818,177818
230,p103_00501.wav,p103_00501,data/setta_ears_d_test_20260818/clean/p103_00501.wav,data/setta_ears_d_test_20260818/noisy/p103_00501.wav,9d3464abbb89a859db5eef9455ca1106dc9b1e295ba4d88ee6f95c3d90f58b71,4e9921135901d70c239afb4833a1d093ebd9a4e757a7b7000c31c69fa828e9c1,16000,16000,1,1,178033,178033
231,p103_00513.wav,p103_00513,data/setta_ears_d_test_20260818/clean/p103_00513.wav,data/setta_ears_d_test_20260818/noisy/p103_00513.wav,b15f226ac3ec35f7b36d5dd0c366023f0ba695739bcb575ebacbfc4d0071f431,26ec1a5f36eb02f8348c33fa13a3c571fe04806ba23436ecc77adfcd92977515,16000,16000,1,1,203607,203607
232,p103_00516.wav,p103_00516,data/setta_ears_d_test_20260818/clean/p103_00516.wav,data/setta_ears_d_test_20260818/noisy/p103_00516.wav,a0609d48d5775745273f1b7acc39a73b935dcd2f610063a30175d9db3654bb71,02aaa52d08733878ce20ea4c90fb4bfd5ba9ec72567618c831bf61a779c2f0ac,16000,16000,1,1,234136,234136
233,p103_00517.wav,p103_00517,data/setta_ears_d_test_20260818/clean/p103_00517.wav,data/setta_ears_d_test_20260818/noisy/p103_00517.wav,00d9a24b4e524d649214c36332203af363674fed5853df085e8776dbe3734187,a5acef7e453b8d467bbde34be233f841cb2d4d4efb7d8b773f2b5bee74513573,16000,16000,1,1,332602,332602
234,p103_00522.wav,p103_00522,data/setta_ears_d_test_20260818/clean/p103_00522.wav,data/setta_ears_d_test_20260818/noisy/p103_00522.wav,ba5dd3a0c4cecbf2c27f8fd42a198914b9fbaae9d108cb4f1398e2f7d8f2e7ed,126fa8b25c69e30eebe4c25ec09977d49450bbf1a51f09a86c068ed9aea537e3,16000,16000,1,1,261698,261698
235,p103_00525.wav,p103_00525,data/setta_ears_d_test_20260818/clean/p103_00525.wav,data/setta_ears_d_test_20260818/noisy/p103_00525.wav,3364f1bfb3d21e5aa8ed0be40111f8f0a5de4b94e7d7ef6a62b639ca086f28b4,e137fefce0b2a80a448f95758d5a3cc17993171a2ee8aa84e9e1a8ec762c25de,16000,16000,1,1,256732,256732
236,p103_00534.wav,p103_00534,data/setta_ears_d_test_20260818/clean/p103_00534.wav,data/setta_ears_d_test_20260818/noisy/p103_00534.wav,c3e29cce567276ce5fc125f9715c28fd7f70021e9855f25acfd24355ee519b57,020a4651015032e0b129656df1560189745369dc3e6cb6d4f0b22df7a51411eb,16000,16000,1,1,318697,318697
237,p103_00539.wav,p103_00539,data/setta_ears_d_test_20260818/clean/p103_00539.wav,data/setta_ears_d_test_20260818/noisy/p103_00539.wav,61bfbf5faef14cd42b302f6c9d1fdaff7ef6d06eb4e5f0bedc58b976b2577ccc,1598802bc040c76a74af90ea4b03101aa8ee55e0d11979b553b2be7c717463b6,16000,16000,1,1,202026,202026
238,p103_00545.wav,p103_00545,data/setta_ears_d_test_20260818/clean/p103_00545.wav,data/setta_ears_d_test_20260818/noisy/p103_00545.wav,d76b91930ddccb7f13325858eaa395e32168659b7f29e327dcd007cf16853fa7,5bdf028831aa5f2b13bde4d365daf55e9f31a750a73d0c82dc2cac6cfb002139,16000,16000,1,1,322411,322411
239,p103_00551.wav,p103_00551,data/setta_ears_d_test_20260818/clean/p103_00551.wav,data/setta_ears_d_test_20260818/noisy/p103_00551.wav,ca4aff792b656b8043c1abe591826d59a02b2010212c42ee15daaf788c2c8bd8,b6fba5852bad533e0cf8e860ded09ab9564b47c954a3ed415baeb1cd1c4d091e,16000,16000,1,1,194462,194462
240,p103_00554.wav,p103_00554,data/setta_ears_d_test_20260818/clean/p103_00554.wav,data/setta_ears_d_test_20260818/noisy/p103_00554.wav,ab30bbdf4064830e70f00dba7ece03afc784ea5614b282c64ded3a22ad5c092b,e5064bb0e9d559831701cc192d793bc9107bd6b342cccb99c042dcc3e701d0c7,16000,16000,1,1,257827,257827
241,p103_00578.wav,p103_00578,data/setta_ears_d_test_20260818/clean/p103_00578.wav,data/setta_ears_d_test_20260818/noisy/p103_00578.wav,82108d2d35490e5026db57221e39e66ef56c2b422f00dcd5c3209e9a18a7a7f7,7d0155f94f335fc1060f3fe66ab43b15f675a35f23ec4aa7be4102d365b52c5a,16000,16000,1,1,311546,311546
242,p103_00580.wav,p103_00580,data/setta_ears_d_test_20260818/clean/p103_00580.wav,data/setta_ears_d_test_20260818/noisy/p103_00580.wav,fcae0cf5e83aaa7355bd1a3d218424497db402b23bb96f7262b5f02db73b6423,1d90f9bc07ae67fe0da4131bc12eee3f5d3111b947e91539f969acefdc48a721,16000,16000,1,1,204700,204700
243,p103_00590.wav,p103_00590,data/setta_ears_d_test_20260818/clean/p103_00590.wav,data/setta_ears_d_test_20260818/noisy/p103_00590.wav,7ea5f4710e4af6e95e236263c348d59e4b6e035753d3e6208f1218b2c301b824,5847b272ae11869d09650e85ff8cb7ffa2823f4ce3b2d381f6de275f6ec2c858,16000,16000,1,1,227644,227644
244,p103_00595.wav,p103_00595,data/setta_ears_d_test_20260818/clean/p103_00595.wav,data/setta_ears_d_test_20260818/noisy/p103_00595.wav,b9cff1d5d7d1d2740d06273bd788338042e174fde4b24ca11dec00a2c27b1dff,84ca8deba8fbbc9c1b796e71673ff29c35fcde398a71864464b093149567f9e2,16000,16000,1,1,274900,274900
245,p103_00603.wav,p103_00603,data/setta_ears_d_test_20260818/clean/p103_00603.wav,data/setta_ears_d_test_20260818/noisy/p103_00603.wav,22338c5a86b5d1b9965a6b98740fbe12f1ce8249fa1e76860013d009dd918058,f0b5101b40236cfef1dbef6cd67815447c5be2be1a8e3c0893162d6ad247b979,16000,16000,1,1,225986,225986
246,p103_00610.wav,p103_00610,data/setta_ears_d_test_20260818/clean/p103_00610.wav,data/setta_ears_d_test_20260818/noisy/p103_00610.wav,504752b0c74c1244689bbf7b458e71c2b43ca26881fc2cc6e92c212f06103f4e,6e73897626a3470bb4a9a1f960324828eaef52dcfba61abd248ee8dc074881d4,16000,16000,1,1,228881,228881
247,p103_00612.wav,p103_00612,data/setta_ears_d_test_20260818/clean/p103_00612.wav,data/setta_ears_d_test_20260818/noisy/p103_00612.wav,f5389c508177d6c23cb7c44d3cb8d2f55545a2f4a236b2c611cc4504f36d1271,6864df152aa5864578a31790165a13030d1606664842b2c0cd388c34c60eda19,16000,16000,1,1,207634,207634
248,p103_00623.wav,p103_00623,data/setta_ears_d_test_20260818/clean/p103_00623.wav,data/setta_ears_d_test_20260818/noisy/p103_00623.wav,c08870a1a5e25e8c33eb9b7c5a95633ca1e272c10aaf1d510a2844b80a0a0c11,659bb83030a708b0017540c40cf28dbf3b70d82e0c7aa03211014141c25f9f9f,16000,16000,1,1,215946,215946
249,p103_00626.wav,p103_00626,data/setta_ears_d_test_20260818/clean/p103_00626.wav,data/setta_ears_d_test_20260818/noisy/p103_00626.wav,120fa79ef689f76b39af8e82005217995840de708fa0696e467a443d91055f25,034a53f2f0d1de33c1bab0612e6cb0f97535144dc9f6acca6752d9b0614d6141,16000,16000,1,1,245635,245635
250,p103_00633.wav,p103_00633,data/setta_ears_d_test_20260818/clean/p103_00633.wav,data/setta_ears_d_test_20260818/noisy/p103_00633.wav,4624f12181fd902024130348e4efea891ece225f69507b54d9fefa5128d57194,6b34be14d72030338681079997480ce4f43218200b727cabcd64573743f0dfcf,16000,16000,1,1,320298,320298
251,p103_00639.wav,p103_00639,data/setta_ears_d_test_20260818/clean/p103_00639.wav,data/setta_ears_d_test_20260818/noisy/p103_00639.wav,3e95457f024054392ce0090aedfa8a45e1761a80bdf4bd572eabbb8d36ef8201,efe55c66d4b5d6f644de7a5322532efb6d03858c6d8bfde26055ba81b4d3be63,16000,16000,1,1,228410,228410
252,p103_00642.wav,p103_00642,data/setta_ears_d_test_20260818/clean/p103_00642.wav,data/setta_ears_d_test_20260818/noisy/p103_00642.wav,a7ca3bbd46391ddd358b3d3e57481d79b9861d8d635cdd66513352a8d0ffac3b,d9913d4adef6d7712997759eade2cbee0ea00ca2b09f927a9b0dec997c168e07,16000,16000,1,1,205008,205008
253,p103_00647.wav,p103_00647,data/setta_ears_d_test_20260818/clean/p103_00647.wav,data/setta_ears_d_test_20260818/noisy/p103_00647.wav,c7c8da8f490b11a7a41df7fd44713c79ffa1c8a0c0cb8e36bf8e23bbe22dd863,deb6135580d41cb38df74baab0ca267848e1c3671e9b24b633fb179944e9031f,16000,16000,1,1,225378,225378
254,p103_00648.wav,p103_00648,data/setta_ears_d_test_20260818/clean/p103_00648.wav,data/setta_ears_d_test_20260818/noisy/p103_00648.wav,17535c8bd4611997e88d5471c37d106f1b6961ec2d22d408c207b71019b3657e,75cc457883758d82e50a231cbae6ec4f5174adee8d27bdcf89eaf73807cfc5dc,16000,16000,1,1,273690,273690
255,p103_00663.wav,p103_00663,data/setta_ears_d_test_20260818/clean/p103_00663.wav,data/setta_ears_d_test_20260818/noisy/p103_00663.wav,3ae0f93332effa6592703d17edf704dc3638aba1fcbc93a974c6185031fa9a9f,4814ae4171395c05f7c781512a1107345d56cf16eaaff693324666970a0b5167,16000,16000,1,1,154499,154499
256,p103_00666.wav,p103_00666,data/setta_ears_d_test_20260818/clean/p103_00666.wav,data/setta_ears_d_test_20260818/noisy/p103_00666.wav,a9034f0bc32ab0e7768faa39f05fbfa21a08ed480c0562c6bfe7346913a9e617,eba4a265b64f834d06e226ba11912e567fb47a06bcb2d1fbe53b4646f9e0025f,16000,16000,1,1,244307,244307
257,p103_00667.wav,p103_00667,data/setta_ears_d_test_20260818/clean/p103_00667.wav,data/setta_ears_d_test_20260818/noisy/p103_00667.wav,1d13548ca50b30a50358681a6cfdd31fe50c79c1e5a27fbefb0de004eeca3404,761c7f382fa7f12b1f457a92861395080282616bb09cd607b6c1680cf96744dc,16000,16000,1,1,263864,263864
258,p103_00673.wav,p103_00673,data/setta_ears_d_test_20260818/clean/p103_00673.wav,data/setta_ears_d_test_20260818/noisy/p103_00673.wav,d86cff5514514a799c57125035a0984c144a0aa274d95e9527f656c5c3c75e97,1eecc2e2e6427744ac63d71270b514ee8a4f1bdaebf5bc76e69a2e05f0d08c3a,16000,16000,1,1,309511,309511
259,p103_00674.wav,p103_00674,data/setta_ears_d_test_20260818/clean/p103_00674.wav,data/setta_ears_d_test_20260818/noisy/p103_00674.wav,723b02fb4db33e39cfbb97038a02040625ba0fa0e191eec0937b66bbe7569b89,6ecde355d18c88b72f9d06eed6ad6696dc0db0d316d7519fb9ba21d56941fad1,16000,16000,1,1,279397,279397
260,p103_00676.wav,p103_00676,data/setta_ears_d_test_20260818/clean/p103_00676.wav,data/setta_ears_d_test_20260818/noisy/p103_00676.wav,f3c07204b359dd0f533432dae73555e80188960c28cda0c2e59c59432c5acff5,1908280f3f5f8036d0f116e9b689eebf2aaf57175017fa531007a340a9f4f42b,16000,16000,1,1,265100,265100
261,p103_00693.wav,p103_00693,data/setta_ears_d_test_20260818/clean/p103_00693.wav,data/setta_ears_d_test_20260818/noisy/p103_00693.wav,dd1a94a156182ef49854da158172c924f7b7d7c661568bb3a1735dc7ed7a9a0d,b45228adea8e9180fe42de5c2d56b7178823a864c30e2d466ae5579c71865adc,16000,16000,1,1,316598,316598
262,p103_00698.wav,p103_00698,data/setta_ears_d_test_20260818/clean/p103_00698.wav,data/setta_ears_d_test_20260818/noisy/p103_00698.wav,8dc595e3804c0e57a6635d4053612b65d126b58fee7aafbecc69cd171bc58694,b2626434682435027fd3aacbeff919e9a108cc5ea08c93c2a3ba2b12a2ad2e1e,16000,16000,1,1,370772,370772
263,p103_00708.wav,p103_00708,data/setta_ears_d_test_20260818/clean/p103_00708.wav,data/setta_ears_d_test_20260818/noisy/p103_00708.wav,b55bab3d3f9956e1bfc2a6b7c5f1667e1a322d90923961d41183571fb277bc9c,408d5e8da772bd845f09aeb6f7573a19a012dfa04b87e34e8dbc4a785234c5f2,16000,16000,1,1,305287,305287
264,p103_00714.wav,p103_00714,data/setta_ears_d_test_20260818/clean/p103_00714.wav,data/setta_ears_d_test_20260818/noisy/p103_00714.wav,c2492a608d74b96c3f4c5c724b4b922bd69e56ebb34e65fc6294258945838c7e,678989de915f54466ed4b81339bdb78dd7bbbd84782d852abfa38cc7d7d6c022,16000,16000,1,1,224588,224588
265,p103_00731.wav,p103_00731,data/setta_ears_d_test_20260818/clean/p103_00731.wav,data/setta_ears_d_test_20260818/noisy/p103_00731.wav,5999cb4bf55df822dbff42ec1e6cfed3db034cec7f99be9eff263076789f6a4a,89beeafa1808eec7b0a9f9c30e8c2feb2cbbd5feac92f49887a3536be2c700a8,16000,16000,1,1,175678,175678
266,p103_00732.wav,p103_00732,data/setta_ears_d_test_20260818/clean/p103_00732.wav,data/setta_ears_d_test_20260818/noisy/p103_00732.wav,f6e7be849355625009d0ce80d7ff49f5865d22b231b386489a1ff87c9e28284a,28d4dd58ed89b598305b2bcffdbe161e719b49683e9d457fc0d38dbbda9d5e7e,16000,16000,1,1,228802,228802
267,p103_00736.wav,p103_00736,data/setta_ears_d_test_20260818/clean/p103_00736.wav,data/setta_ears_d_test_20260818/noisy/p103_00736.wav,91aed2db4b76e17479bb27989a7fda728fa37908b682d0b51b5f319191c49ec9,a2cfa511f4e8b00754ff0c43e8853b8226e4c7f67ab1086abc79cfb23afacc9e,16000,16000,1,1,247589,247589
268,p103_00748.wav,p103_00748,data/setta_ears_d_test_20260818/clean/p103_00748.wav,data/setta_ears_d_test_20260818/noisy/p103_00748.wav,a3ff02b87fb375f43ff4230908d3aaa6424a45f194c7512945fc3619d3ab7ce7,cef1e21807c4c4d3134219e4ba423b22f61e715d1705fb2d11745218c8ee134b,16000,16000,1,1,344494,344494
269,p103_00752.wav,p103_00752,data/setta_ears_d_test_20260818/clean/p103_00752.wav,data/setta_ears_d_test_20260818/noisy/p103_00752.wav,21cbcc2a36856cda9a1006ea83cc14bdb02142e9b729d69e1e51c2e0e5a7ca12,5178bde685c0cefe331eadb3b76da8bee172cf55a0f2369e927ec1deca56c690,16000,16000,1,1,308866,308866
270,p103_00765.wav,p103_00765,data/setta_ears_d_test_20260818/clean/p103_00765.wav,data/setta_ears_d_test_20260818/noisy/p103_00765.wav,67c424ec04aab9cc632c5815470471b1cd5fd35b9ee496354d0f29bd4e35f997,4d09ec528408aa9001fc9ccc9eb7a7c1b2714e828a8a86c99eae139c4411d117,16000,16000,1,1,195183,195183
271,p103_00769.wav,p103_00769,data/setta_ears_d_test_20260818/clean/p103_00769.wav,data/setta_ears_d_test_20260818/noisy/p103_00769.wav,cb00b93abc613c5bd8fa2fbbc8f0416a2166e327c802234fc057fdddc475a5d1,609114e61cc974f5f0781f4a569e955c3c6967ad4701e99d066c17fb402431d5,16000,16000,1,1,326901,326901
272,p103_00787.wav,p103_00787,data/setta_ears_d_test_20260818/clean/p103_00787.wav,data/setta_ears_d_test_20260818/noisy/p103_00787.wav,64dea1275e3676b2dab3f8ac33d78e0037f8f99c437b7759cc5d8dadab0ea887,c6b4a723afc3dbefd5bf18dd28acc98b705bdcf2752fc857afa6751aa83f6618,16000,16000,1,1,242692,242692
273,p103_00791.wav,p103_00791,data/setta_ears_d_test_20260818/clean/p103_00791.wav,data/setta_ears_d_test_20260818/noisy/p103_00791.wav,587ff669315335ab2f44bdf8dc1049c44a6d6973398deb7062eaa8b2f897a507,9c61f57173203ddc9a28d473df94bd23c4f7a6c3e682bffabc1d8b5b2c5277da,16000,16000,1,1,174685,174685
274,p103_00792.wav,p103_00792,data/setta_ears_d_test_20260818/clean/p103_00792.wav,data/setta_ears_d_test_20260818/noisy/p103_00792.wav,d041c0d38d02ef9e3b3c4a8f2e9cb45d73cce1c2cc9d337bed180112f4d58ff6,5e61e09d0159ba559c1341ba41e54c82c21ee8a548faa0c2b59f98b3e79f3a86,16000,16000,1,1,287084,287084
275,p103_00799.wav,p103_00799,data/setta_ears_d_test_20260818/clean/p103_00799.wav,data/setta_ears_d_test_20260818/noisy/p103_00799.wav,5e82cce9f7e308a70c30a5a9bd98214a5727adc00730d5e5c41434341abf2da4,f8b77134dc6372486d8049d10fecaa021f80733f267e1b3aef83b8aa6a5ab083,16000,16000,1,1,303022,303022
276,p103_00804.wav,p103_00804,data/setta_ears_d_test_20260818/clean/p103_00804.wav,data/setta_ears_d_test_20260818/noisy/p103_00804.wav,dc034010895e3efd5bb27651dfb042ac7d2f57081041d44b2c57b16262f4443f,303381f8f73c633686465f61a52059b93d87b520d8ba96b2cf35816a5d82c28b,16000,16000,1,1,233596,233596
277,p103_00805.wav,p103_00805,data/setta_ears_d_test_20260818/clean/p103_00805.wav,data/setta_ears_d_test_20260818/noisy/p103_00805.wav,f74d52267efa5e0d16db88669463aba7f1162fcc5bacce84301ae2bf9a9e35fd,0dd098c6ef089884bca488061b749a0c5648016fd842bd4cc439a82b30e78361,16000,16000,1,1,240508,240508
278,p103_00806.wav,p103_00806,data/setta_ears_d_test_20260818/clean/p103_00806.wav,data/setta_ears_d_test_20260818/noisy/p103_00806.wav,01cf6a05a07af6c2dbd71fe32669ca0489d817a26cb04a8e8d3d5454b552d0cf,f7cdae2b6a81efb89b9dc948de9a88f3b098b5f022325d8f40f2447eede9095c,16000,16000,1,1,228480,228480
279,p103_00828.wav,p103_00828,data/setta_ears_d_test_20260818/clean/p103_00828.wav,data/setta_ears_d_test_20260818/noisy/p103_00828.wav,b553074f206c8d02b512f9c02ddc2d21ac2af0cf9865c7908819da470704c4c5,57cda03eaad7023458fc46649c989e7d9e4cb4d1043201e48e73ff39601db9a6,16000,16000,1,1,382057,382057
280,p103_00833.wav,p103_00833,data/setta_ears_d_test_20260818/clean/p103_00833.wav,data/setta_ears_d_test_20260818/noisy/p103_00833.wav,472fbb51610f7f9245e2be3c6fbcfac6d3232703fd724a8afa321de9fbc91a96,7eda83e4c861d04f0b4ddf180c51af86bb33912decd094dbf37ada494cfa1f76,16000,16000,1,1,316091,316091
281,p103_00834.wav,p103_00834,data/setta_ears_d_test_20260818/clean/p103_00834.wav,data/setta_ears_d_test_20260818/noisy/p103_00834.wav,28072248ffa759c5e78aa43e46e94deb573202b1a4f89482dbda203c8f42b524,846335e8c1cf5857cfbe65302af9aa2efcf1dd4ae7e21c3c9a0e817a1e000dc7,16000,16000,1,1,242812,242812
282,p103_00840.wav,p103_00840,data/setta_ears_d_test_20260818/clean/p103_00840.wav,data/setta_ears_d_test_20260818/noisy/p103_00840.wav,d131204dcaf259368ef0ecc76c3475fc850a41938efc6a66769992aff0ce303d,0264e3d151fe45215a4ad29b9fa930c4109e6281b82922d28c8ca2b934863a68,16000,16000,1,1,218593,218593
283,p103_00844.wav,p103_00844,data/setta_ears_d_test_20260818/clean/p103_00844.wav,data/setta_ears_d_test_20260818/noisy/p103_00844.wav,a80fbd38152283418e3d15d190905547c3008883cc00f1d835261daaced6937d,22669eba0677d0911278a8c86d47f738271c2d9dd08be33d78ad3237d17e33a3,16000,16000,1,1,240631,240631
284,p103_00854.wav,p103_00854,data/setta_ears_d_test_20260818/clean/p103_00854.wav,data/setta_ears_d_test_20260818/noisy/p103_00854.wav,70a12f498bda6b84d417b1dda74a0dd8119675b8cbb53eb910c2de7e6198070a,74207d9c4ac78fee45ffd732501e2cba6ab287ceed2bb4098d4337674b0d7379,16000,16000,1,1,329229,329229
285,p103_00858.wav,p103_00858,data/setta_ears_d_test_20260818/clean/p103_00858.wav,data/setta_ears_d_test_20260818/noisy/p103_00858.wav,24b83cc5fc4e5fdcc54fa6d39e0ad43f913812d6feff0d18669aa6394ec2f9b6,b6853e3dc83dadf46a4be4e59042bf49c14529c30ba392138016392e4b15f1a4,16000,16000,1,1,217808,217808
286,p103_00859.wav,p103_00859,data/setta_ears_d_test_20260818/clean/p103_00859.wav,data/setta_ears_d_test_20260818/noisy/p103_00859.wav,078d27bd9b88cbc9f491e009d6bfdce588996d1fef9507d52958eef7f75fc3b8,c701030dbc036a20b4af1359e3c5b0504dc237c70e13744d52ebb3b03cadb29d,16000,16000,1,1,316354,316354
287,p103_00875.wav,p103_00875,data/setta_ears_d_test_20260818/clean/p103_00875.wav,data/setta_ears_d_test_20260818/noisy/p103_00875.wav,23bc2f76c72cc2e130d2c2b2509fd662f87fc448cf28206271cc364784d0a454,ec16bcddbfcfb827af62ffbc91da18d22ca5d9ba423f5149497255158e65cf76,16000,16000,1,1,240058,240058
288,p103_00883.wav,p103_00883,data/setta_ears_d_test_20260818/clean/p103_00883.wav,data/setta_ears_d_test_20260818/noisy/p103_00883.wav,81cba1777d36c5140f6c6d2be5266e87aa26194b3eaf664c77e19453830c2771,860eff4089ab00794e7495a53b0fe0f84339140001236f5d7e4d6f09bcb312dc,16000,16000,1,1,279539,279539
289,p104_00002.wav,p104_00002,data/setta_ears_d_test_20260818/clean/p104_00002.wav,data/setta_ears_d_test_20260818/noisy/p104_00002.wav,9ff56a253c350b3b2a051cc6dcf8c6b0cb8c312703dee3f5f2f75a1e00df010c,9eeca0716a3b9fa70cf85001fbfb3104c5fd73af786836dfbbd60498d4633ddd,16000,16000,1,1,178565,178565
290,p104_00014.wav,p104_00014,data/setta_ears_d_test_20260818/clean/p104_00014.wav,data/setta_ears_d_test_20260818/noisy/p104_00014.wav,dd82662276ba88e3d96720bbeb0aacc1e8258aaff61eaac9a2d64e7b8fe3bd42,df6c6ba93677bad9f5ec6d0ab7aef07674c41e622dbdb4b9ae3c1f72407d3d3e,16000,16000,1,1,204924,204924
291,p104_00027.wav,p104_00027,data/setta_ears_d_test_20260818/clean/p104_00027.wav,data/setta_ears_d_test_20260818/noisy/p104_00027.wav,5c551202dc81d451713c83235c4cd8f1bd590fe7781a553b32077006625869a2,9754f48e44131dbe8f114688e09e7b996cab93cadb193d99f04ecc59e2b15aa5,16000,16000,1,1,261847,261847
292,p104_00029.wav,p104_00029,data/setta_ears_d_test_20260818/clean/p104_00029.wav,data/setta_ears_d_test_20260818/noisy/p104_00029.wav,e10f0d6d617405eaf1261b3e53b425b1f8f83aae6185fe32a4b038c838c77b63,9610582786aa5716fc1b8a976c8b10ef3f26e52ccc5323c2ce82e80126bfd1f6,16000,16000,1,1,334063,334063
293,p104_00050.wav,p104_00050,data/setta_ears_d_test_20260818/clean/p104_00050.wav,data/setta_ears_d_test_20260818/noisy/p104_00050.wav,2c1b9d45868bcfcaad1bbc5df39e46591e92dfc437e3a758e3f3e3b91cba41d9,9d5d4b77b1f58a131520ddbc7e43a935b7692e1826aa8d575b7818428c09927c,16000,16000,1,1,269447,269447
294,p104_00059.wav,p104_00059,data/setta_ears_d_test_20260818/clean/p104_00059.wav,data/setta_ears_d_test_20260818/noisy/p104_00059.wav,b2a032f897369ccdd205020b579b6ef0a867abdcd5eeef38a18382c6de35cc07,0b12299915904a82dd70305e37a6dcc402751b4eae0205175b765a52a990bc9a,16000,16000,1,1,244717,244717
295,p104_00070.wav,p104_00070,data/setta_ears_d_test_20260818/clean/p104_00070.wav,data/setta_ears_d_test_20260818/noisy/p104_00070.wav,683bad3051b326e76d456f5b866d2e5b5f62701d9838a030b90ef9d45b84e7af,3b132a80fbd00d54b3f4ab8d72b1f18747d68c60d9e6e2d90d84c2a5fc1ceb69,16000,16000,1,1,206117,206117
296,p104_00088.wav,p104_00088,data/setta_ears_d_test_20260818/clean/p104_00088.wav,data/setta_ears_d_test_20260818/noisy/p104_00088.wav,f750d261c155dd51c1db0191acfaab50d88c58917dbd045b8f9ef5636c13e669,8fcd6d4724faf936bd10a9a73dba919801b276deaf4129cf66bdf99d5ce7055a,16000,16000,1,1,222781,222781
297,p104_00091.wav,p104_00091,data/setta_ears_d_test_20260818/clean/p104_00091.wav,data/setta_ears_d_test_20260818/noisy/p104_00091.wav,538c73476da8e91ffd16c30028a4d453e088b327c12115c346ab770b1fbcab89,72251edb4f8c1eab1edd1e9b30fa86078474516d47c88ec9147fc8a4878ce332,16000,16000,1,1,156506,156506
298,p104_00093.wav,p104_00093,data/setta_ears_d_test_20260818/clean/p104_00093.wav,data/setta_ears_d_test_20260818/noisy/p104_00093.wav,9c1263403f33b9148c809af6149114dcced2aec72f9f71ef64b56f34bf3a1f0e,47ac75e20acee874c3605412fc86d0294f3640b9fd84c6d3c2ec89fcabe8024c,16000,16000,1,1,286343,286343
299,p104_00096.wav,p104_00096,data/setta_ears_d_test_20260818/clean/p104_00096.wav,data/setta_ears_d_test_20260818/noisy/p104_00096.wav,686dfbf94366441f8f97493c1a790e9dee4af8e4599c4acc39a4e10f7a73cf13,5a1ef35dd69a5cf580da296f006eee976af37e55717f1117990b0466f6d5fcf6,16000,16000,1,1,199320,199320
300,p104_00107.wav,p104_00107,data/setta_ears_d_test_20260818/clean/p104_00107.wav,data/setta_ears_d_test_20260818/noisy/p104_00107.wav,63ba74fe77ea4a05ee07aa06d80acf5fa44dd3a0d5eb788bebe54129d7b98cd9,f4af3bcf2c2bb0971fb4e2279bb851018d9308ab02ceb890c9c61b30e4c48f28,16000,16000,1,1,334628,334628
301,p104_00112.wav,p104_00112,data/setta_ears_d_test_20260818/clean/p104_00112.wav,data/setta_ears_d_test_20260818/noisy/p104_00112.wav,d210e2afbb4abb14e14defd737229d6aad5f897b7bd36d6a7fef881f47140446,869878acd1ac32f9602155a098e491b81f91d270fbd6ad06fb889ac82dc0b087,16000,16000,1,1,260220,260220
302,p104_00120.wav,p104_00120,data/setta_ears_d_test_20260818/clean/p104_00120.wav,data/setta_ears_d_test_20260818/noisy/p104_00120.wav,296ae5b3d96fb0b131e12a927a7aef19595a34dfd310865d606fd4dd1f8cb5eb,a55a041cfe81093ac6a498caa8126325ddc14c349e89e8e4ca76552e7b46f6d1,16000,16000,1,1,203466,203466
303,p104_00122.wav,p104_00122,data/setta_ears_d_test_20260818/clean/p104_00122.wav,data/setta_ears_d_test_20260818/noisy/p104_00122.wav,d19b38eab1377f6ce0166d4c33726215d9a21d0d9a0a7983c4d50ce3cb981d3a,86735ba0cc421c705d0cf290e43a41801204840c63d217a775474d57d91a2086,16000,16000,1,1,188468,188468
304,p104_00124.wav,p104_00124,data/setta_ears_d_test_20260818/clean/p104_00124.wav,data/setta_ears_d_test_20260818/noisy/p104_00124.wav,84e7f66ba15f3b792ec1b4866cf2151d01b5a9f4acc03295a90a0fd26fb27247,f4c112fea30bb95790a9ba89247f851bfb7d1cb83e2ad5889ce66750e4d9f7b1,16000,16000,1,1,223808,223808
305,p104_00131.wav,p104_00131,data/setta_ears_d_test_20260818/clean/p104_00131.wav,data/setta_ears_d_test_20260818/noisy/p104_00131.wav,4626aef904e86277a5c977421d1d6bde970107bb382fd99cb606326cbd8e8aca,0d126347cea0f022a1732d16e49a47c515cc32272dff29607c1a70d3b8955097,16000,16000,1,1,230341,230341
306,p104_00147.wav,p104_00147,data/setta_ears_d_test_20260818/clean/p104_00147.wav,data/setta_ears_d_test_20260818/noisy/p104_00147.wav,1d4830697b8692f9be7b959cf9aa0fc9fdde5ae0315675c6cc64dc745c553b31,684cec75ce0540d0423d09ce1dc87ab30a6d3f9ea8426b7f4b44e39495f32163,16000,16000,1,1,190345,190345
307,p104_00151.wav,p104_00151,data/setta_ears_d_test_20260818/clean/p104_00151.wav,data/setta_ears_d_test_20260818/noisy/p104_00151.wav,8f25d9039bd86137a8fef7c75b5e4e68e8a378610ec03c0c0f0ef62d3bdff6c8,d1fb2a8f8192cd4e57629756e2ae1f5ddea677e13029c8794ce6ab0b6c731aa6,16000,16000,1,1,218740,218740
308,p104_00162.wav,p104_00162,data/setta_ears_d_test_20260818/clean/p104_00162.wav,data/setta_ears_d_test_20260818/noisy/p104_00162.wav,af0eb5e92716ec128c44bfe52088c3727a58903d78b041363e9453fc2fa03426,ff4449f18e4493cb506b05ae85cbb3945613e846f171e2ea3b726d0df7b4f007,16000,16000,1,1,195727,195727
309,p104_00163.wav,p104_00163,data/setta_ears_d_test_20260818/clean/p104_00163.wav,data/setta_ears_d_test_20260818/noisy/p104_00163.wav,31bc7b898a9d19fcfd69502f3ed87df2798b74c6e88c761c3ceb2c20e8457998,0b869729eff1c15ab5c549b81148b1e6e69a1f4e5629ce95897799de1bdcb31a,16000,16000,1,1,301817,301817
310,p104_00176.wav,p104_00176,data/setta_ears_d_test_20260818/clean/p104_00176.wav,data/setta_ears_d_test_20260818/noisy/p104_00176.wav,6c2cad3bd8cbe6a5ac64dfccacad58e65992192cc7a63e0b86c44056b84fcb62,8974dd067055636e1c56cf95c4b0077c2989d53ab25089f619b111a0bdcb2065,16000,16000,1,1,223428,223428
311,p104_00179.wav,p104_00179,data/setta_ears_d_test_20260818/clean/p104_00179.wav,data/setta_ears_d_test_20260818/noisy/p104_00179.wav,eaa1806f6b78c1d65ecd29b0200fa336bc57150dbd07ac2e698636ec8cea383a,e57cdb80048b59dca49635b5e51cdf429557011dda9c1820d82d7acdf93a35dd,16000,16000,1,1,265351,265351
312,p104_00183.wav,p104_00183,data/setta_ears_d_test_20260818/clean/p104_00183.wav,data/setta_ears_d_test_20260818/noisy/p104_00183.wav,0fe0ec6c24546af5790259d601fae9951c531fd2b27fe69755b146afbe06bf18,1a95b4a5447d90366e28aca86f95e61ad0842f71c84ec019bfedc18c64e4d20c,16000,16000,1,1,279174,279174
313,p104_00185.wav,p104_00185,data/setta_ears_d_test_20260818/clean/p104_00185.wav,data/setta_ears_d_test_20260818/noisy/p104_00185.wav,1307ce00bebd1fe043348d12a4b0937e5420fecc0369342492a04081a4d9bb9e,7d208ec1f61bce6b6e1e1e02d30e105262356ed78595d8c5d28b7cb6edb23708,16000,16000,1,1,349130,349130
314,p104_00186.wav,p104_00186,data/setta_ears_d_test_20260818/clean/p104_00186.wav,data/setta_ears_d_test_20260818/noisy/p104_00186.wav,cc121ed0be57744139e6607b37294b988d7ff1ce20b33824b02065d0944ce997,be44f1b550943a193bcdc367efcca81e7d63e1ea7aa4693675d87f7d8fd3f699,16000,16000,1,1,272571,272571
315,p104_00188.wav,p104_00188,data/setta_ears_d_test_20260818/clean/p104_00188.wav,data/setta_ears_d_test_20260818/noisy/p104_00188.wav,6f6936c62e1d6d4678caadb2af082c0612d7fe0a5cd180dd694c09d7f852408c,c8a99a4df4f0f705e4a7cf6ea4aff35ffd8c0e2bd7595bfc72cc4ed28e2df129,16000,16000,1,1,165821,165821
316,p104_00197.wav,p104_00197,data/setta_ears_d_test_20260818/clean/p104_00197.wav,data/setta_ears_d_test_20260818/noisy/p104_00197.wav,17a73e305f3c6bc4d8f5bb3e9627ffb5251bdc7a01cb000693d1d9fcc6c60677,f611cf5ca445ddb007d1670e20cb45bd3e2bb1b108d1c2d08b2c26282a344061,16000,16000,1,1,275198,275198
317,p104_00201.wav,p104_00201,data/setta_ears_d_test_20260818/clean/p104_00201.wav,data/setta_ears_d_test_20260818/noisy/p104_00201.wav,e2efc450519678abe115f929a0719960e5d3ba21caf5a49736ad3a8b9b2b7d49,2286112a7553e64ccf218d522f86dc912683d873cd58f6640bf4169805302dfd,16000,16000,1,1,183748,183748
318,p104_00202.wav,p104_00202,data/setta_ears_d_test_20260818/clean/p104_00202.wav,data/setta_ears_d_test_20260818/noisy/p104_00202.wav,f9cc9341fe362ff04a8721e5fe20ba707cc23dbf40cd51ec4177895311e1477d,65f76dd844e1f4d870fa1e6f2c6fd43540f38e4dd36f5edc3512db7490287a4f,16000,16000,1,1,403719,403719
319,p104_00205.wav,p104_00205,data/setta_ears_d_test_20260818/clean/p104_00205.wav,data/setta_ears_d_test_20260818/noisy/p104_00205.wav,ee382feafe95cfa8f75caca7015258709a30bcdd4b50d69a500c87c5640f1b83,d80c6c863b515941b8fcd8d1fc5ffc9b68c1eb1bad74dcae2bc828e87028e122,16000,16000,1,1,298587,298587
320,p104_00210.wav,p104_00210,data/setta_ears_d_test_20260818/clean/p104_00210.wav,data/setta_ears_d_test_20260818/noisy/p104_00210.wav,caafb2d1c54e7c35d56395ee75a71dc5e01f0b879f4740d754638601d2852a4a,089001fd7f34a84b94f073e58129889a04084eb9e566a7246ae0bb7a60444558,16000,16000,1,1,281810,281810
321,p104_00213.wav,p104_00213,data/setta_ears_d_test_20260818/clean/p104_00213.wav,data/setta_ears_d_test_20260818/noisy/p104_00213.wav,eb0a0755dcc18ca2305dfb2836cac7cb50c02de66501bd82ea5f1ff69119a00f,2c45194240d181373ddedec6974b5a245b50ac4e160a681299f1e56d5b6b5e37,16000,16000,1,1,220597,220597
322,p104_00219.wav,p104_00219,data/setta_ears_d_test_20260818/clean/p104_00219.wav,data/setta_ears_d_test_20260818/noisy/p104_00219.wav,49bdcf53f409356570bd44bb9fbb92115958e7da24fc303b56a79e5f47c69b40,57aee250aca95af8292c407930ebe3b73d5fcae090fc8fcbf3bb9dd43d764646,16000,16000,1,1,204462,204462
323,p104_00226.wav,p104_00226,data/setta_ears_d_test_20260818/clean/p104_00226.wav,data/setta_ears_d_test_20260818/noisy/p104_00226.wav,255f13809671df29b0b6ba51ea5bea741a3caaef7f29c91cc00e5c08c8821fbf,6f0c3196efce495b4a237ff555a28cbd8d65854d23fe442e8a478714f17d8c43,16000,16000,1,1,145066,145066
324,p104_00229.wav,p104_00229,data/setta_ears_d_test_20260818/clean/p104_00229.wav,data/setta_ears_d_test_20260818/noisy/p104_00229.wav,c5d3cae9dfa22a6d086e00b563ff9ad006413a253c83b062016a9ab5c4ef1940,57aa480b965d6eb3777a3e95f15f1ff4cf97f66f690652fae1bed7bf934b9dc4,16000,16000,1,1,241823,241823
325,p104_00230.wav,p104_00230,data/setta_ears_d_test_20260818/clean/p104_00230.wav,data/setta_ears_d_test_20260818/noisy/p104_00230.wav,3e21bdffc2bf52007cd14239a6af633554d26763ca55f3893c3a0615274a6743,57b09a64c9435e29e996b2cb9c1621f34e3820e462ecfb81368479782bad1196,16000,16000,1,1,171923,171923
326,p104_00241.wav,p104_00241,data/setta_ears_d_test_20260818/clean/p104_00241.wav,data/setta_ears_d_test_20260818/noisy/p104_00241.wav,98f3a5658e888f2bc226ebac2a0040231f5c2de938c932a98c7dd310bfcfc695,4aaeb6eed15962b229d23596d815ee924300d073aa0d6b2adac86fbc3ea1871f,16000,16000,1,1,198921,198921
327,p104_00249.wav,p104_00249,data/setta_ears_d_test_20260818/clean/p104_00249.wav,data/setta_ears_d_test_20260818/noisy/p104_00249.wav,83d57fbddce49790cfa206dfe3484aabeda605d99b069074e0e19ce21ec8d46c,f1b6b9c19d754e7460478725fc30c0d48a5b5117a50648156f2b356821fa755a,16000,16000,1,1,313941,313941
328,p104_00257.wav,p104_00257,data/setta_ears_d_test_20260818/clean/p104_00257.wav,data/setta_ears_d_test_20260818/noisy/p104_00257.wav,f8aa8bf69fffd58a6f370150f2659c23387abb626f51cc3e409b60541ab4e913,8ef1d91c48596915a6c15cb8b1ce03d4bcaff4d239d64841f6c984756393da52,16000,16000,1,1,217561,217561
329,p104_00261.wav,p104_00261,data/setta_ears_d_test_20260818/clean/p104_00261.wav,data/setta_ears_d_test_20260818/noisy/p104_00261.wav,e86a25f12f04aba80a457ff5f29121c45e71d0028b675f6a7ea7778ae8af5d27,4d2837081c20946676fb52ad2a57a7d64e2513e356047ccd94573b6cbf80c583,16000,16000,1,1,213163,213163
330,p104_00263.wav,p104_00263,data/setta_ears_d_test_20260818/clean/p104_00263.wav,data/setta_ears_d_test_20260818/noisy/p104_00263.wav,6422de24870042c84c498e0694929f3b43b77cd635022e42e895780705373548,f9ad7f6c9cc269b4f7ffdf6d0b37d49658b391d4003f232fc94910ae0ed3723c,16000,16000,1,1,332756,332756
331,p104_00264.wav,p104_00264,data/setta_ears_d_test_20260818/clean/p104_00264.wav,data/setta_ears_d_test_20260818/noisy/p104_00264.wav,5cbd72dadbff1cb4b43d04bedf8fc4e2c1e1905a26461c43a7bf1aecabc66e0f,1dc9f0c854452d31419f6f8106ded8e42defce58e8383bf1142292bd6a0f5ed9,16000,16000,1,1,194338,194338
332,p104_00269.wav,p104_00269,data/setta_ears_d_test_20260818/clean/p104_00269.wav,data/setta_ears_d_test_20260818/noisy/p104_00269.wav,c4afd90bb51aaf4f7156a77e3d25ef40e55c7c3045ad2686b617e6164dc62752,2978fd2990235a9b678523fcdad49ccffeb2290c7e8fb796247421405c00bbe2,16000,16000,1,1,185077,185077
333,p104_00272.wav,p104_00272,data/setta_ears_d_test_20260818/clean/p104_00272.wav,data/setta_ears_d_test_20260818/noisy/p104_00272.wav,d3466201b680b4e8dfe4e4c33943a3c67e9cf7b01f657a1836ac923d56fa3352,f8642d2f53a8d014ada05cbb4122cc447c90dba5e70914177a7fe0cce05f1768,16000,16000,1,1,172936,172936
334,p104_00276.wav,p104_00276,data/setta_ears_d_test_20260818/clean/p104_00276.wav,data/setta_ears_d_test_20260818/noisy/p104_00276.wav,0b9c77cefbd3e93a74a7e4b431a9c4c92c13c37d90f105363e4430e9af43c8f9,f460b052da1b5a7e574073ddb78473e4784e8f7a1a094df602b4aa77bb7ad47b,16000,16000,1,1,261738,261738
335,p104_00282.wav,p104_00282,data/setta_ears_d_test_20260818/clean/p104_00282.wav,data/setta_ears_d_test_20260818/noisy/p104_00282.wav,dcf8bb141bf389f59090dfda78174041ba958615c5cc18bc6350108f97a76573,f5d874d706d7abd17e6fe26ca92a39d5bd32dbdbd9bd9f91dc23efe2265da9cd,16000,16000,1,1,325003,325003
336,p104_00284.wav,p104_00284,data/setta_ears_d_test_20260818/clean/p104_00284.wav,data/setta_ears_d_test_20260818/noisy/p104_00284.wav,4f500e1281f1b09f1cbc66c17ad9630d78ccb8f84aa7a6495688e086b726ce2f,df0f673a6f14d67bc6a3c2110ad2acc34068d22d0975bec5bb14462d91f822df,16000,16000,1,1,294214,294214
337,p104_00285.wav,p104_00285,data/setta_ears_d_test_20260818/clean/p104_00285.wav,data/setta_ears_d_test_20260818/noisy/p104_00285.wav,a7953365dbe292c259483982542c6b93c87a473999f35196240a3d1458678c03,993c724e0c0bb356600fb6e1ac57f9e3048d68ffaa53accb8890762bfb42a975,16000,16000,1,1,205079,205079
338,p104_00288.wav,p104_00288,data/setta_ears_d_test_20260818/clean/p104_00288.wav,data/setta_ears_d_test_20260818/noisy/p104_00288.wav,6cebae9be4c706645f24ef240437575dac10c642be73030533a03b0258aa2bcc,0de8fd8e45f976ff0d51e46a5750f562ca119c942422a2904eb0afa8236b8118,16000,16000,1,1,248708,248708
339,p104_00292.wav,p104_00292,data/setta_ears_d_test_20260818/clean/p104_00292.wav,data/setta_ears_d_test_20260818/noisy/p104_00292.wav,02147daf054f7f09dcc378d13f6530c527c4d03d57239d50849de8c818ffa5dd,414db883e7d0ff3f7b5da274f9540ef9235e28a1bf865ff07bdab9fab07debd2,16000,16000,1,1,225750,225750
340,p104_00297.wav,p104_00297,data/setta_ears_d_test_20260818/clean/p104_00297.wav,data/setta_ears_d_test_20260818/noisy/p104_00297.wav,70c74d39acbb54d5db01bdcc0dfb79834cc6a23f0d9373d586186c15be9bbf8d,0d8c8d739c74592b869f046ef7cf77accb74968a09f607e827f8b06f01d2921c,16000,16000,1,1,183699,183699
341,p104_00302.wav,p104_00302,data/setta_ears_d_test_20260818/clean/p104_00302.wav,data/setta_ears_d_test_20260818/noisy/p104_00302.wav,ed02ee99b6f1eb5dea1554a764c92f681857013bcc493ebd00efc96a7f8013b8,f01f6fb03e30e5c87b6971df84d483d617f67c72440dccebee8892918826ce1e,16000,16000,1,1,228925,228925
342,p104_00303.wav,p104_00303,data/setta_ears_d_test_20260818/clean/p104_00303.wav,data/setta_ears_d_test_20260818/noisy/p104_00303.wav,38819be0f4908d3503b3e8913e5cfd0a386269211df9104df5f4599567334db6,73950ae4c06e8769708af7e95d856b4944dd4e3ac8b63266c0bd5308bea8515f,16000,16000,1,1,345971,345971
343,p104_00308.wav,p104_00308,data/setta_ears_d_test_20260818/clean/p104_00308.wav,data/setta_ears_d_test_20260818/noisy/p104_00308.wav,06f94c6ad60966781e385314a3c4fef24c4f86cc8dfe4e72e4274a6aebc8b1a2,d5687bd0b033855edad594e7e7d4aa833ce712f770eb8fe66061583e6a3da059,16000,16000,1,1,387043,387043
344,p104_00318.wav,p104_00318,data/setta_ears_d_test_20260818/clean/p104_00318.wav,data/setta_ears_d_test_20260818/noisy/p104_00318.wav,16c907923eae5117f0f321d8bb4633d3dbca0f5193f7b2a6e3bbf60630f68444,5d3f1128e8990448451744bb533997da1fea9afcc06abb2a2480c71af1c718fe,16000,16000,1,1,159093,159093
345,p104_00344.wav,p104_00344,data/setta_ears_d_test_20260818/clean/p104_00344.wav,data/setta_ears_d_test_20260818/noisy/p104_00344.wav,d6f46ed6cf11d9c20a221b37d2672478b8a1fad52721b35d32203978d8912600,3ab48ff95d9c9cc16218a47a8ac3f613f190d1439718e26254cf099283c9805f,16000,16000,1,1,244718,244718
346,p104_00348.wav,p104_00348,data/setta_ears_d_test_20260818/clean/p104_00348.wav,data/setta_ears_d_test_20260818/noisy/p104_00348.wav,4f9bb5fd1c17f73cf1d8c11966bc72406fd0d7d360d8b97597ebc57989a525ba,e45cdfeec68dcbdcd2344518b0b50705e66fed5c7353550ebbacffb19d229f73,16000,16000,1,1,327816,327816
347,p104_00356.wav,p104_00356,data/setta_ears_d_test_20260818/clean/p104_00356.wav,data/setta_ears_d_test_20260818/noisy/p104_00356.wav,8a12f6ffb14aea714d9f9f3a4dae9bbe8400a293b8e1f7e085dd73d5c6bd3cb0,8516f3176b65780cdd36e37836bf8a705cb81510c89f0a2a1dbd45ec724e70dc,16000,16000,1,1,169176,169176
348,p104_00357.wav,p104_00357,data/setta_ears_d_test_20260818/clean/p104_00357.wav,data/setta_ears_d_test_20260818/noisy/p104_00357.wav,c7da2c92e431d9ecac9335ef0b6d998ae56c45e6083549ac6167364fa1be170c,e9c62f30be231805e6830b2640810702c9eb5900bf711598bbe76a804db36130,16000,16000,1,1,323087,323087
349,p104_00358.wav,p104_00358,data/setta_ears_d_test_20260818/clean/p104_00358.wav,data/setta_ears_d_test_20260818/noisy/p104_00358.wav,1556ee9d1b3bce4a1391fa3634ee739d1d517c142a9b8829a102fe5da2a75d8a,beba89246f20e5be6d6f7b48d7be449bc7804e7f00d4256c8831832dd4ef9871,16000,16000,1,1,181830,181830
350,p104_00359.wav,p104_00359,data/setta_ears_d_test_20260818/clean/p104_00359.wav,data/setta_ears_d_test_20260818/noisy/p104_00359.wav,cf41e609ea869cb5b1611de9458725bc2ae58097750db881a0beb4c49fc5c70b,357f6a532a18ee5c50baca6bbd568c311441786716eab3891b1350ce9b663742,16000,16000,1,1,194144,194144
351,p104_00360.wav,p104_00360,data/setta_ears_d_test_20260818/clean/p104_00360.wav,data/setta_ears_d_test_20260818/noisy/p104_00360.wav,f54cd83f65df699aaee173ac483ae166c3a0db273fa4185f03bb887ed479c5c0,594c7e6ab08ca5c18cfd3aae7eb2ffb6aa3695fcb99d677bf694ac14dd02c991,16000,16000,1,1,179596,179596
352,p104_00361.wav,p104_00361,data/setta_ears_d_test_20260818/clean/p104_00361.wav,data/setta_ears_d_test_20260818/noisy/p104_00361.wav,617059d3a17b907a8af135dd02b43ce315b8a27e7e853918edd961166476d755,61860aff945403423eeab4c9a4bdf49ccef7b1aeb333743e8d4c098b687f4a4c,16000,16000,1,1,147927,147927
353,p104_00362.wav,p104_00362,data/setta_ears_d_test_20260818/clean/p104_00362.wav,data/setta_ears_d_test_20260818/noisy/p104_00362.wav,9bc673e50386cbcc25817a9df774139cce8b4afab4feda44bef4a5a64e3488a3,e82d00fed7a644de7de23feeee4a4c07395affd1dafe7183a6ef22113187367a,16000,16000,1,1,104469,104469
354,p104_00363.wav,p104_00363,data/setta_ears_d_test_20260818/clean/p104_00363.wav,data/setta_ears_d_test_20260818/noisy/p104_00363.wav,7b4b53aa2023c75ec8f8b61057d0846c8db778ae0b94c2e9cc6fecfa01b59f51,f31322878cad01e73fdf76b3ee77e20f19cc3474106005a81307fb0608bc3ccd,16000,16000,1,1,261012,261012
355,p104_00364.wav,p104_00364,data/setta_ears_d_test_20260818/clean/p104_00364.wav,data/setta_ears_d_test_20260818/noisy/p104_00364.wav,ca1f3d0ad6279edbedff162adf4a2f6945eabb3961a95fc7813347056c671e54,8e37f2a6c9dd99c86056e3a312a3ee8c6d7fcf10cb2e87d289b63a6045d85ddf,16000,16000,1,1,291345,291345
356,p104_00365.wav,p104_00365,data/setta_ears_d_test_20260818/clean/p104_00365.wav,data/setta_ears_d_test_20260818/noisy/p104_00365.wav,98628141fdd0533165a2418a6ae22bb22cf394aff7dbf94108278fc65d6611cc,d03f8b7047e2757642859e77fb0446073afcb63b7897a5c045a35c5540d56a43,16000,16000,1,1,263604,263604
357,p104_00366.wav,p104_00366,data/setta_ears_d_test_20260818/clean/p104_00366.wav,data/setta_ears_d_test_20260818/noisy/p104_00366.wav,bcf84e71550e7dc7e41003e276df5103f494ed0e844495700df7caed051648c3,001d72f16556e3920ab31d3f103db9910201e0efc15ea74f11fde907867f5155,16000,16000,1,1,371812,371812
358,p104_00367.wav,p104_00367,data/setta_ears_d_test_20260818/clean/p104_00367.wav,data/setta_ears_d_test_20260818/noisy/p104_00367.wav,82636a44ec62235ff808437f11d66e3bdb4b3dbba7f4ebe679cf044b93f3b1f1,d6b1298c813636556402cc724c1bdfd538dc5a2bf7f8259d9cb6cd8fcc614212,16000,16000,1,1,210750,210750
359,p104_00372.wav,p104_00372,data/setta_ears_d_test_20260818/clean/p104_00372.wav,data/setta_ears_d_test_20260818/noisy/p104_00372.wav,10b1bce99669433a6c2d5b86216d00f222b7d1d0cc00539a44d4021e738151bd,a1eaf3324f1f68b4e754d341bdf11d92710ab8357b751f68dbd5082a9bf90657,16000,16000,1,1,279891,279891
360,p104_00378.wav,p104_00378,data/setta_ears_d_test_20260818/clean/p104_00378.wav,data/setta_ears_d_test_20260818/noisy/p104_00378.wav,cc3fffee323192ba549d03cb490f1d2063b4673c6d3584a1e97c9d96e12d6bdc,866bbefeb8a00bf27d17d22dffbb128b9cdb65c66f16341713de3488f8682054,16000,16000,1,1,239005,239005
361,p104_00386.wav,p104_00386,data/setta_ears_d_test_20260818/clean/p104_00386.wav,data/setta_ears_d_test_20260818/noisy/p104_00386.wav,b33b84bdf336fed3a14417caa969910bcd58a326802a0158a34a8f4ccf5d9c71,a716943c1c914b5b811e5946cf82ecf6634e7008044d014126a9ba30c7c6202f,16000,16000,1,1,164780,164780
362,p104_00406.wav,p104_00406,data/setta_ears_d_test_20260818/clean/p104_00406.wav,data/setta_ears_d_test_20260818/noisy/p104_00406.wav,0c79df3a5bc63430b09763a6561cf35b610f01f3a269d08ef72a5c69bdee7b02,24f3f926cad9e54132a574c90c79e5adabed26e2018fa8744f605e5bf3a45db1,16000,16000,1,1,148685,148685
363,p104_00410.wav,p104_00410,data/setta_ears_d_test_20260818/clean/p104_00410.wav,data/setta_ears_d_test_20260818/noisy/p104_00410.wav,e5d9c1c2f51c747c2504fe05dacfe278593396f29810ee0261391418a2f12aa7,1a06838c235188c86f445c7e32f7a9832a80d6ba2424538ae981e95cce71503b,16000,16000,1,1,278327,278327
364,p104_00412.wav,p104_00412,data/setta_ears_d_test_20260818/clean/p104_00412.wav,data/setta_ears_d_test_20260818/noisy/p104_00412.wav,a3a8dd27ea016b9701410c76c7764858056f1d5a2305027376aec4b7d082835b,c44bb1cebb1ee50883b1ce1542a0e948de7cd0bceec3860df32953886e1f5779,16000,16000,1,1,367435,367435
365,p104_00415.wav,p104_00415,data/setta_ears_d_test_20260818/clean/p104_00415.wav,data/setta_ears_d_test_20260818/noisy/p104_00415.wav,9ad7b2fcf868f8d0b673c4cbb565a3ac71f74ef0ae86464c537ac5d8b7be91ab,2f8a3689ee65ea533baf2d11f41e636ea2a9e875ba46b7dffcc77bdf5dc5ab74,16000,16000,1,1,138117,138117
366,p104_00423.wav,p104_00423,data/setta_ears_d_test_20260818/clean/p104_00423.wav,data/setta_ears_d_test_20260818/noisy/p104_00423.wav,bd0dfb9214f8c748f4a476451f9ef0480c09b2619a8bad9063d5107e6c5da787,8dc578e33c7f18fa9f7d710257a6d79b207f0dbb8e264d240d566c1f2cacf300,16000,16000,1,1,195566,195566
367,p104_00430.wav,p104_00430,data/setta_ears_d_test_20260818/clean/p104_00430.wav,data/setta_ears_d_test_20260818/noisy/p104_00430.wav,9408609108d49bd7ab223f793e41c552d0bb75114caa2c1e08c7c311ef82f41d,ef1eea7ba5ccdbf38b364f93286ec9e74197311e65a86c2d9f17d5e6464bfaf6,16000,16000,1,1,303500,303500
368,p104_00433.wav,p104_00433,data/setta_ears_d_test_20260818/clean/p104_00433.wav,data/setta_ears_d_test_20260818/noisy/p104_00433.wav,c07548a712272b339d397ff8f2597d198ab40d53c87c5b35a606dff16c9efc3c,ee969522460f84f2661ca628f433493eff64c0b822d83a8d1bfaec1450da3d8f,16000,16000,1,1,146354,146354
369,p104_00434.wav,p104_00434,data/setta_ears_d_test_20260818/clean/p104_00434.wav,data/setta_ears_d_test_20260818/noisy/p104_00434.wav,0054c62baa8b0374441d1b7fd47ac87f7919f10b6cb46e09b3e5b8161fdcaf99,2a34e45bd238c776f591c4a3b0d4eea3af34b38b59d72b0beb41ae869eef80db,16000,16000,1,1,218116,218116
370,p104_00449.wav,p104_00449,data/setta_ears_d_test_20260818/clean/p104_00449.wav,data/setta_ears_d_test_20260818/noisy/p104_00449.wav,1617ceb42b2845689bc9c53044b6f7b2b83b1e6e2e4c4d21b9cf308b34465713,1d35dc84f7771019b17298c82612b59f957b285367abe1ae138803054f24fac2,16000,16000,1,1,270147,270147
371,p104_00450.wav,p104_00450,data/setta_ears_d_test_20260818/clean/p104_00450.wav,data/setta_ears_d_test_20260818/noisy/p104_00450.wav,bad48c5c0de70ac1884b45f014df6077cf4af94d3e1a2d17dd394ee13abad0b1,7e380d296381248e9915cb58f8bff024bb4c4f4c1143fa2e463d36cd46279ed6,16000,16000,1,1,333003,333003
372,p104_00465.wav,p104_00465,data/setta_ears_d_test_20260818/clean/p104_00465.wav,data/setta_ears_d_test_20260818/noisy/p104_00465.wav,d911a8d8b9110f02f225b8a4314d8fc00213c5e48359aa3e9faaedf03922edba,e6da914a4179596b430d17720f8b99b89492f1bc7232964a46075ddb2efedf28,16000,16000,1,1,164016,164016
373,p104_00491.wav,p104_00491,data/setta_ears_d_test_20260818/clean/p104_00491.wav,data/setta_ears_d_test_20260818/noisy/p104_00491.wav,47acfab8c36f98878d5bffeac4d90898bbd4208ab00de3f8e940325e6e2434ee,c37c8011860ee673bbff7edbf335ffd533f5491aedbf8db118a5f76bb308e226,16000,16000,1,1,216558,216558
374,p104_00492.wav,p104_00492,data/setta_ears_d_test_20260818/clean/p104_00492.wav,data/setta_ears_d_test_20260818/noisy/p104_00492.wav,afdc4c38074344b5907fbc7083046edd44c40f1e93dc58af4ebc3dd04b34c65c,c43a8de85aa8b2a7772f304da444ba0968e34063815b360084958088d9781de9,16000,16000,1,1,247148,247148
375,p104_00495.wav,p104_00495,data/setta_ears_d_test_20260818/clean/p104_00495.wav,data/setta_ears_d_test_20260818/noisy/p104_00495.wav,e4e4bff4cab233b210107af7fff936f17faff46a10124019fdc836b86f1b1ca2,a8a4683c67a8fc7e94e63850cf51b59eb069158f70e571ad9d87b86e028e4193,16000,16000,1,1,282020,282020
376,p104_00497.wav,p104_00497,data/setta_ears_d_test_20260818/clean/p104_00497.wav,data/setta_ears_d_test_20260818/noisy/p104_00497.wav,2e8971b9b48bf43e5ee2b677d2fbd324c68dbc11ab5ebee6cfa553b321111e96,6998864ba930c56890bb06084fa3044bd9ea769f2bdb70add0c200cba3f06c10,16000,16000,1,1,317090,317090
377,p104_00499.wav,p104_00499,data/setta_ears_d_test_20260818/clean/p104_00499.wav,data/setta_ears_d_test_20260818/noisy/p104_00499.wav,b6b92eaad54fe7399f56a3b53750a909eaf032df6b9ace0c69b13b068318fd14,7d7e8467b3029480854965e2bcaf49ea40c60e4ad6ef2d84e86aceaef96c4c78,16000,16000,1,1,222920,222920
378,p104_00503.wav,p104_00503,data/setta_ears_d_test_20260818/clean/p104_00503.wav,data/setta_ears_d_test_20260818/noisy/p104_00503.wav,b9c45299e6587ba11d63bb9bb11248672e6afaad1e1d142e0d554503565a18bf,8e230b74b2325148cb64e01ace11ca44b5ea8c8c7cfcdaded088ec198abbddc3,16000,16000,1,1,159585,159585
379,p104_00504.wav,p104_00504,data/setta_ears_d_test_20260818/clean/p104_00504.wav,data/setta_ears_d_test_20260818/noisy/p104_00504.wav,ae1513b112437d7a6a9de0d74be1c796a5e16627dd0eb0a8cca48a8349b9ec56,4d3e02463a1951a572a94836f2aac162b40e454d343bfebaa571b4c2bf7c7faf,16000,16000,1,1,280524,280524
380,p104_00507.wav,p104_00507,data/setta_ears_d_test_20260818/clean/p104_00507.wav,data/setta_ears_d_test_20260818/noisy/p104_00507.wav,b798e1c33daacbef8a69dfa0388ebdf5a505610eefacdef2b723479ed41b4b1b,ca86774484d528a96b943a6f21b2eb4fb816c99b6aafab44c9de6c71d1c68d14,16000,16000,1,1,237243,237243
381,p104_00508.wav,p104_00508,data/setta_ears_d_test_20260818/clean/p104_00508.wav,data/setta_ears_d_test_20260818/noisy/p104_00508.wav,390aaf46f2028fb3451ecbc404728ca0d0cb41170a5cf84243c46477cddabbfc,f07859597140523227f265bf6f9a52790bb9d3b94854ac4cc2dc30efdebfd457,16000,16000,1,1,219862,219862
382,p104_00509.wav,p104_00509,data/setta_ears_d_test_20260818/clean/p104_00509.wav,data/setta_ears_d_test_20260818/noisy/p104_00509.wav,f3e4b2ab8fd89a1deb3b6f1159d8c8a50617fd68e0849087fda3bd06bbb57247,008701c7bb6451b01c1c2f7bbbd79f0711a668e5f44ff96b3b3fb51ad6722dff,16000,16000,1,1,248522,248522
383,p104_00510.wav,p104_00510,data/setta_ears_d_test_20260818/clean/p104_00510.wav,data/setta_ears_d_test_20260818/noisy/p104_00510.wav,93b2c62858c55729df5d6dddf35083404e8551ee8a9e9b48d8cff88224bacfbd,8e1eff06766b27b8a018f20baa92f2738adef16270119d8bd975e11c0bca58d4,16000,16000,1,1,241450,241450
384,p104_00518.wav,p104_00518,data/setta_ears_d_test_20260818/clean/p104_00518.wav,data/setta_ears_d_test_20260818/noisy/p104_00518.wav,cfa327652ebfbc3e7c8c3e4769cd3427f7c026fc330b000040cc0fc9db5c8360,a5d8070a52c6853ff6e62c6cb0078fa43a84848851e74fb5ecb74b829f428c0e,16000,16000,1,1,176117,176117
385,p104_00520.wav,p104_00520,data/setta_ears_d_test_20260818/clean/p104_00520.wav,data/setta_ears_d_test_20260818/noisy/p104_00520.wav,ec7eaf8cfef023478558c32d9fe92ce63f9a52a940d296712d9f3865cdb300b0,964675835dd2f5582201fc7907c9a91e891b8021adf458484d240d1c994d9874,16000,16000,1,1,264645,264645
386,p104_00529.wav,p104_00529,data/setta_ears_d_test_20260818/clean/p104_00529.wav,data/setta_ears_d_test_20260818/noisy/p104_00529.wav,8476002ea90162c4dc1d5e5464926e16708e03c3f7b33b697925471a537d7952,78838c221229947ecf175cfe7f6847eb54365a2bbb3d7999d0201d4b4712153b,16000,16000,1,1,259086,259086
387,p104_00531.wav,p104_00531,data/setta_ears_d_test_20260818/clean/p104_00531.wav,data/setta_ears_d_test_20260818/noisy/p104_00531.wav,9e346dc63ca7026d290dda443169816ca37ce667e83d6c2e213bbcc851ba0e0a,255b94edc1a9026adc813d8157a028da369603a77f72a40ce3a83ff486d9e5ec,16000,16000,1,1,144419,144419
388,p104_00535.wav,p104_00535,data/setta_ears_d_test_20260818/clean/p104_00535.wav,data/setta_ears_d_test_20260818/noisy/p104_00535.wav,ecb5eccdddc72c53d669242c2fca50d09cab5b59857168a3850c48670f1eb064,805aa9c2c0a031a5da0d5c4dd4e9c9d7883e73a3b0a1f8993abc624a59512b37,16000,16000,1,1,323045,323045
389,p104_00541.wav,p104_00541,data/setta_ears_d_test_20260818/clean/p104_00541.wav,data/setta_ears_d_test_20260818/noisy/p104_00541.wav,d052e73311b40a94a4e6e28a48969ef21f53bec30bbffd4febfd7a397bac0b18,0ba9cfc465628f2cb1ef522d9b4b44b7edc6e58ba6fa1e3b806b2426b8d9d313,16000,16000,1,1,208237,208237
390,p104_00544.wav,p104_00544,data/setta_ears_d_test_20260818/clean/p104_00544.wav,data/setta_ears_d_test_20260818/noisy/p104_00544.wav,1163b8667649e21027a07e203200483b731cb787fb99c75f3938156403bae53d,244ed0b189f44cfc24d030d0d81bd15ff3dfe749b8eadd8d9df426efbda29a95,16000,16000,1,1,193294,193294
391,p104_00555.wav,p104_00555,data/setta_ears_d_test_20260818/clean/p104_00555.wav,data/setta_ears_d_test_20260818/noisy/p104_00555.wav,32f3a9fbdf93e669fcaf73c21e20eb0ce9a11a5cdbaae79262487df6d1970f28,9aaa7461e952e58d42f21642ed8589a1da51928fe037e099f79a37d1ed06308e,16000,16000,1,1,207115,207115
392,p104_00588.wav,p104_00588,data/setta_ears_d_test_20260818/clean/p104_00588.wav,data/setta_ears_d_test_20260818/noisy/p104_00588.wav,7ff524288e03c96c069455fbdb4c995c74525a41ec5265d61f7a0f62a4e11f7b,82ed33c6efd2f0e47082ee5428f4b90256774773d0ce507e2d860831ab51e89c,16000,16000,1,1,222413,222413
393,p104_00594.wav,p104_00594,data/setta_ears_d_test_20260818/clean/p104_00594.wav,data/setta_ears_d_test_20260818/noisy/p104_00594.wav,c07f00a583f00ebdc00a517e0ef49d6bb09cfe4452a945fb4a02eb5d2b9de568,40581c32a858685b3ec8def8e0bd5d35bcae4cf793da0ca1d0128610cc496646,16000,16000,1,1,240517,240517
394,p104_00598.wav,p104_00598,data/setta_ears_d_test_20260818/clean/p104_00598.wav,data/setta_ears_d_test_20260818/noisy/p104_00598.wav,af02428fd6d569ea82d5b8a9d06bd96ed063bd871b1108afd92c9ebc31ebbcd5,26fa2e2107ed1ba3f4798ec951a33d12458a764ddc3541cbf683661e641f98c7,16000,16000,1,1,285108,285108
395,p104_00624.wav,p104_00624,data/setta_ears_d_test_20260818/clean/p104_00624.wav,data/setta_ears_d_test_20260818/noisy/p104_00624.wav,25bd7f21dcf87dd56ec727e81a67ab40e5654952ae0e1b6a396aee78720d9179,e4807666c09f3b41613d0b3b6cd065006f398405d3d164ee6ac15fea8c11ffe9,16000,16000,1,1,228855,228855
396,p104_00634.wav,p104_00634,data/setta_ears_d_test_20260818/clean/p104_00634.wav,data/setta_ears_d_test_20260818/noisy/p104_00634.wav,b8913eb90bb8339ec79d5eb102aad96850fdd45bc736a86a09eb2bae229c6ab7,ad7131d2b939563e697403426f305a41172972cde7f183963edafeb49892a5ec,16000,16000,1,1,162202,162202
397,p104_00640.wav,p104_00640,data/setta_ears_d_test_20260818/clean/p104_00640.wav,data/setta_ears_d_test_20260818/noisy/p104_00640.wav,3a715fa2b6dca6fe3021bc3ea0ba109a587aaae2efba034fade8b804728f4889,5b284daded634e11c91c040957cbc8c6f043fa81fddfc6e45eb7fe3576d933f3,16000,16000,1,1,205521,205521
398,p104_00641.wav,p104_00641,data/setta_ears_d_test_20260818/clean/p104_00641.wav,data/setta_ears_d_test_20260818/noisy/p104_00641.wav,e98e22c4a21a5eee9bec544d305d6a9abc482683c6a4c296acccedad3bcb42d1,a8d7b974a041b1439b407744cfba4be04714e6f58ab444ed6acd65e3ed9be1fe,16000,16000,1,1,330823,330823
399,p104_00652.wav,p104_00652,data/setta_ears_d_test_20260818/clean/p104_00652.wav,data/setta_ears_d_test_20260818/noisy/p104_00652.wav,4b2bc98650b079941d78c48f93d03f71645472cf16dbec4b5d64bb079e5fea03,e549589da0c0579a1333febbf59b3b26d4f648e14cba9ab9198b8ecca383fafc,16000,16000,1,1,283259,283259
400,p104_00662.wav,p104_00662,data/setta_ears_d_test_20260818/clean/p104_00662.wav,data/setta_ears_d_test_20260818/noisy/p104_00662.wav,f0750f7774bb31cc1100deb5736290ee3921150db09723d8eb806aef498a77f2,4283562fd13a034f792a335719731e199d37139e10c9cd884d4d767469f89365,16000,16000,1,1,146875,146875
401,p104_00669.wav,p104_00669,data/setta_ears_d_test_20260818/clean/p104_00669.wav,data/setta_ears_d_test_20260818/noisy/p104_00669.wav,52d83f06098cbbcd6343ca3b170ff27187a5f46470248be3fc70e633e5267620,52d02b4ceb33d8d9de25d15f01a68f25de271c07ba3f4b099a33e5edef74d29e,16000,16000,1,1,225199,225199
402,p104_00670.wav,p104_00670,data/setta_ears_d_test_20260818/clean/p104_00670.wav,data/setta_ears_d_test_20260818/noisy/p104_00670.wav,26c9a1d4b30c4c77818dc4b5135aefcd1df1b83011c42f8b6a92e90f64aea107,44a96679c73b9839ad9a69038a943313ed93db7b87f2873715825bfa95bffe71,16000,16000,1,1,185769,185769
403,p104_00671.wav,p104_00671,data/setta_ears_d_test_20260818/clean/p104_00671.wav,data/setta_ears_d_test_20260818/noisy/p104_00671.wav,1ce98efe9a098e4c845d8955f02f43d1cfe2c5910c7c7501085cd5e44ca2830a,f8c189a5867b3b885eaf9661b8acb1634f58815a727ac5c6983e6eb20a47a1b8,16000,16000,1,1,307617,307617
404,p104_00677.wav,p104_00677,data/setta_ears_d_test_20260818/clean/p104_00677.wav,data/setta_ears_d_test_20260818/noisy/p104_00677.wav,d6f6cccc43f9826a4e6258dd3eb4cfe1860461a2db642dcec3739ef14ef9cfc4,fcdee085a19246a3e8a02a451b9013be3104684e86cd7939b2b4bcc0f6eb98da,16000,16000,1,1,302132,302132
405,p104_00680.wav,p104_00680,data/setta_ears_d_test_20260818/clean/p104_00680.wav,data/setta_ears_d_test_20260818/noisy/p104_00680.wav,d80889e060eb99ec0912b1c4319d802b641fcb16df120e10659536b9f37122f6,d83587b72481fea3d74965c8ae7abfd49c66d1cf4b426cbded767ea725871d36,16000,16000,1,1,262722,262722
406,p104_00690.wav,p104_00690,data/setta_ears_d_test_20260818/clean/p104_00690.wav,data/setta_ears_d_test_20260818/noisy/p104_00690.wav,b2e15d180e045e9fd574eb26079ea19f1f0928d8fdf4d05fe675a90a7460388e,5062e97b3f5bd0b24d0aebee43023ed429175264523c6a3d5831f241ecbf35e6,16000,16000,1,1,320521,320521
407,p104_00701.wav,p104_00701,data/setta_ears_d_test_20260818/clean/p104_00701.wav,data/setta_ears_d_test_20260818/noisy/p104_00701.wav,fc8f00a1c584b1e710a7938924097ac33407a0f7c5359fabf208caf5c190ee33,fae72022fa4457ed138699ae03faddd252f042cc561773c455795dd3e9962071,16000,16000,1,1,343031,343031
408,p104_00703.wav,p104_00703,data/setta_ears_d_test_20260818/clean/p104_00703.wav,data/setta_ears_d_test_20260818/noisy/p104_00703.wav,2b9ecde38623cd09e5684ec1fe814b94e3b0b1a6fc7f7c874746c0d87433d815,88eafa081c25be8b51e3b0a3912d2d0ac235c0dbc0f06bad236da1227226ebe2,16000,16000,1,1,262218,262218
409,p104_00705.wav,p104_00705,data/setta_ears_d_test_20260818/clean/p104_00705.wav,data/setta_ears_d_test_20260818/noisy/p104_00705.wav,f71ecc0c3502edba8ff37af39f03681902a26f70d3a0f9f95195e11d5d105d9c,600b8d83116f10652d3cd9ea24a8f652f8e8ca3520d081cbd7998ac471cc820e,16000,16000,1,1,298080,298080
410,p104_00707.wav,p104_00707,data/setta_ears_d_test_20260818/clean/p104_00707.wav,data/setta_ears_d_test_20260818/noisy/p104_00707.wav,37265505a329c849ec448cb95e27c3a4d829b4cb50926772c7611397b527c469,e8df1b74624d1d51672db03dbb3285b661c78b17b225b693c7ce28be8ad28f00,16000,16000,1,1,343318,343318
411,p104_00711.wav,p104_00711,data/setta_ears_d_test_20260818/clean/p104_00711.wav,data/setta_ears_d_test_20260818/noisy/p104_00711.wav,5b9ed5d972ab825666d5881454b679e16032928f2fc9c4bf39e0650190088f9c,d067f346eba79860e5759ad2c2d848d0555b0743c6887fb4be39477229e451f1,16000,16000,1,1,173030,173030
412,p104_00712.wav,p104_00712,data/setta_ears_d_test_20260818/clean/p104_00712.wav,data/setta_ears_d_test_20260818/noisy/p104_00712.wav,e5222cd9202e67b9c92aace1189a0e665126d5e48c5cb33f38c8a7a84ede1370,c66cde580e446e16a5eece33f8766d210364151c6c88ed8778c7645244339a3c,16000,16000,1,1,342458,342458
413,p104_00713.wav,p104_00713,data/setta_ears_d_test_20260818/clean/p104_00713.wav,data/setta_ears_d_test_20260818/noisy/p104_00713.wav,4f1ad0875da386e03c9a74894f98901cf924750c3b3dc833a4bd97a60ecee97e,cf3a2cf4deb84ff657843313c44839d61c20d325aaea50832c443d7af5cded2c,16000,16000,1,1,234303,234303
414,p104_00718.wav,p104_00718,data/setta_ears_d_test_20260818/clean/p104_00718.wav,data/setta_ears_d_test_20260818/noisy/p104_00718.wav,e542d1154998422cf08bc07ce8d3503607fd22c8ca7498ad7f657836751a6445,8be1b5b6109d2a04e67d174540bedeee83c7e1c15392099659358f2e560adc41,16000,16000,1,1,228953,228953
415,p104_00749.wav,p104_00749,data/setta_ears_d_test_20260818/clean/p104_00749.wav,data/setta_ears_d_test_20260818/noisy/p104_00749.wav,5f7713e1d80ae0874c374034255eb29ee10a79a439044cb93c607c8d178cfd88,d2a0d392e68c324aa5cd5f7ee993177a514aa8dd7d53c50b147fb1a7deebebb4,16000,16000,1,1,306476,306476
416,p104_00750.wav,p104_00750,data/setta_ears_d_test_20260818/clean/p104_00750.wav,data/setta_ears_d_test_20260818/noisy/p104_00750.wav,2e257c67653962d5a3ff0f68727e71a533841122c849b342e0f747b97cc85974,9ea6e3b1aacfc1bfa0e481a2cc7ed9ca45995e08677a0ccdc77c73b55a527d39,16000,16000,1,1,159982,159982
417,p104_00761.wav,p104_00761,data/setta_ears_d_test_20260818/clean/p104_00761.wav,data/setta_ears_d_test_20260818/noisy/p104_00761.wav,e03adaa7d92436c58617c379f121120c4900abc668d7ce295e6b17ec0a4c8d4c,6e454e6710202dc7b5272cb91e4a6306e873c265fb5af34e1fd218be9c839c72,16000,16000,1,1,236340,236340
418,p104_00771.wav,p104_00771,data/setta_ears_d_test_20260818/clean/p104_00771.wav,data/setta_ears_d_test_20260818/noisy/p104_00771.wav,200d9cb43be2a6b17effcb1e5471d9f84e1f86d52d93005b4ed78a9f9665f925,ab1d9c8c6d03658febb5033104ca1561b440f1b1896cd067cda96662131477e7,16000,16000,1,1,387896,387896
419,p104_00772.wav,p104_00772,data/setta_ears_d_test_20260818/clean/p104_00772.wav,data/setta_ears_d_test_20260818/noisy/p104_00772.wav,0e143670fb512028de8bd1a9c7cabc9574c483fcfeec513cf185df9bb32ef176,d0d1b65c689559daad54190733e58772b2a693f3e317290f69221fae023727ce,16000,16000,1,1,177027,177027
420,p104_00775.wav,p104_00775,data/setta_ears_d_test_20260818/clean/p104_00775.wav,data/setta_ears_d_test_20260818/noisy/p104_00775.wav,9728783f01b48aa7faa965bff7dd2cf688d4b3d2ce59ee0a7417c86dca209bfb,3b62368a05d11d0dd3fee623be5b0f3e7a8cd7c5ff33ff05c4eec1bd157f19dd,16000,16000,1,1,271437,271437
421,p104_00790.wav,p104_00790,data/setta_ears_d_test_20260818/clean/p104_00790.wav,data/setta_ears_d_test_20260818/noisy/p104_00790.wav,377572f4e413271be6bd227f83463415f17a92fa90156fd342d9794c5bc9cbd1,601308429ed32f3c25195b313de66b1b20e2d96cf24093871956e27fbee1f227,16000,16000,1,1,412179,412179
422,p104_00794.wav,p104_00794,data/setta_ears_d_test_20260818/clean/p104_00794.wav,data/setta_ears_d_test_20260818/noisy/p104_00794.wav,15f2daf10e9fd8410fdbc6965bed4f112adb83017ac810da8341b77e033ec350,340f7d1dc143501ac3315cd18cc8d944a1649bddfcb82bd20429f19278b78762,16000,16000,1,1,320703,320703
423,p104_00797.wav,p104_00797,data/setta_ears_d_test_20260818/clean/p104_00797.wav,data/setta_ears_d_test_20260818/noisy/p104_00797.wav,812caa520354f3d327114e3d232d7d3e02b82b5c488de69aa00df15b2c187b1e,874e73a1ef8c02b606e2a0c698f0a3aad5d9b2b3a16c72002b7a6db1ae6b1997,16000,16000,1,1,204693,204693
424,p104_00809.wav,p104_00809,data/setta_ears_d_test_20260818/clean/p104_00809.wav,data/setta_ears_d_test_20260818/noisy/p104_00809.wav,201ac26fe0f8304b51b8847d3e5b4264c6749b0c74fb4adee1e3fe5740bf6a9e,bbdb13150bad1352d0bee51b435508d4c45d0bb3e3057e255b9b92f4cf6c8104,16000,16000,1,1,269875,269875
425,p104_00814.wav,p104_00814,data/setta_ears_d_test_20260818/clean/p104_00814.wav,data/setta_ears_d_test_20260818/noisy/p104_00814.wav,bec5432ac8aec2b0815c16231d8bc57cfb8b7f7f4dbd30641c932f4d1cb3869b,c9d2144cd36bc90aacc8093184ad9b46d3b628c25811468e1de1c352b77617f1,16000,16000,1,1,251120,251120
426,p104_00823.wav,p104_00823,data/setta_ears_d_test_20260818/clean/p104_00823.wav,data/setta_ears_d_test_20260818/noisy/p104_00823.wav,e75c08c6c64272b89b51501d03e7e481702bed47cf1a1b00bf5086608a7f8917,f607afbc9fee57f47d09ff86b2c1565046de5053bbda38c09e5f25b690e433ea,16000,16000,1,1,234673,234673
427,p104_00825.wav,p104_00825,data/setta_ears_d_test_20260818/clean/p104_00825.wav,data/setta_ears_d_test_20260818/noisy/p104_00825.wav,b7b4d6a8498b61fb25ce0e3c29101adf04fb98f03cbee92405330f1fc68f35f4,77aa7accfeb69331ed7c3e43c1b9e11e1a124fb5b53308ad50d8221a10ad7ae5,16000,16000,1,1,208203,208203
428,p104_00827.wav,p104_00827,data/setta_ears_d_test_20260818/clean/p104_00827.wav,data/setta_ears_d_test_20260818/noisy/p104_00827.wav,5beb3087987cf9330c3713274d12cbb6e33555d64f5a507fb788ca30a931a462,b5ee9014a597b176704a3519930077d84327bbcf8b4a539d25e99960d918be11,16000,16000,1,1,293521,293521
429,p104_00830.wav,p104_00830,data/setta_ears_d_test_20260818/clean/p104_00830.wav,data/setta_ears_d_test_20260818/noisy/p104_00830.wav,04a31d0435d713c00f6a4d63dca493ea3d865ee73447e78379d30ca4f7dc489c,7245144e315ee7bf2f749bcf184cfd318310a3daa81b66f08d494eecad2ee7d2,16000,16000,1,1,245798,245798
430,p104_00832.wav,p104_00832,data/setta_ears_d_test_20260818/clean/p104_00832.wav,data/setta_ears_d_test_20260818/noisy/p104_00832.wav,4f287f7ed7081b769055ac2de4e5081f71889427c52f047f60c19973cd931260,c4ee1fc48d8e7db50a31571467298b4ad3ab91b758cdd134cd2019ff1170e55c,16000,16000,1,1,277853,277853
431,p104_00856.wav,p104_00856,data/setta_ears_d_test_20260818/clean/p104_00856.wav,data/setta_ears_d_test_20260818/noisy/p104_00856.wav,38a694a0497e72571c1ad3b1b2a4377f970d8193ca06aaa71ce3c6e4048d6ff0,23c972e0eb2aa13a0a9a4d526f2dfd255393c4df8a5e53d8c66a5e717104c63b,16000,16000,1,1,176534,176534
432,p104_00860.wav,p104_00860,data/setta_ears_d_test_20260818/clean/p104_00860.wav,data/setta_ears_d_test_20260818/noisy/p104_00860.wav,2bb75a91f14be38c0bcf8f38b510138190349acd25d43ad36d2492523fdc0d2b,4460b2eb29de846f52388cf6320a277f9ca9542bc00ff90c8e6cc04bdcb831ce,16000,16000,1,1,293998,293998
433,p104_00862.wav,p104_00862,data/setta_ears_d_test_20260818/clean/p104_00862.wav,data/setta_ears_d_test_20260818/noisy/p104_00862.wav,7076afcb9a1fccac90325edca844fb65d0a5418044b4069b2bcfae095902d9c9,299293690705c4330013b34f7255d42d5bfcf8f3d8b3c7f78b5d49829e036302,16000,16000,1,1,314715,314715
434,p104_00864.wav,p104_00864,data/setta_ears_d_test_20260818/clean/p104_00864.wav,data/setta_ears_d_test_20260818/noisy/p104_00864.wav,854fe92052717b6f57f78c09d3fe5e032a8e4295b6f9b6e5bc47d83e1d6a6824,805af5c4f1e814cb682467cfbb7c1a00a8251f50bce44774a00d66c952a761c7,16000,16000,1,1,330100,330100
435,p104_00866.wav,p104_00866,data/setta_ears_d_test_20260818/clean/p104_00866.wav,data/setta_ears_d_test_20260818/noisy/p104_00866.wav,d4f8de7aa297b2926fcfd270e72568b9fd09cd7bcc37a219ad612ec2981cf4fe,d8434f23d0e5f2a9434bee2bfe60eacdf8cf18eca7c4688779b24c27f77ead13,16000,16000,1,1,198972,198972
436,p104_00871.wav,p104_00871,data/setta_ears_d_test_20260818/clean/p104_00871.wav,data/setta_ears_d_test_20260818/noisy/p104_00871.wav,83c1d7e4078c814700da514fa4ffb3bea33d2b0f542beb0b0ab6b990f5eecb93,7ac255afccc511cf3081908a639e87f475a0b6becf8ba667796adb8d472ef6f5,16000,16000,1,1,372147,372147
437,p104_00874.wav,p104_00874,data/setta_ears_d_test_20260818/clean/p104_00874.wav,data/setta_ears_d_test_20260818/noisy/p104_00874.wav,e817ac359e87e3773156b712c357a2f398d4e001ebb0db4940f2c92062ae8b71,b3df0b5d64f674b54513e0901395e35501587bdc8b62a79622569d103850b9a7,16000,16000,1,1,291450,291450
438,p105_00008.wav,p105_00008,data/setta_ears_d_test_20260818/clean/p105_00008.wav,data/setta_ears_d_test_20260818/noisy/p105_00008.wav,5026850a155aea373935248505f46da1f939e1584bfa3a285b8e55c70e2520d9,c98e1d2b1cd556f935b2057cb729a23f9dcf022939ebbdb86a41e10711eb4546,16000,16000,1,1,308320,308320
439,p105_00018.wav,p105_00018,data/setta_ears_d_test_20260818/clean/p105_00018.wav,data/setta_ears_d_test_20260818/noisy/p105_00018.wav,11bc52c9e038c1f06162d069b52923cb2b78d1b92e9ad4c3b2165df3ee079750,94de22eeb761af9b6d1ecb1dc22819ebb175ef929914a646343bfdfd354004e0,16000,16000,1,1,260533,260533
440,p105_00021.wav,p105_00021,data/setta_ears_d_test_20260818/clean/p105_00021.wav,data/setta_ears_d_test_20260818/noisy/p105_00021.wav,770190c8ead906625122f1607b524d2c4390b16362555358447b529a8afe8907,757812e10d5931fed087151bdb80bbd4c5c943bf50d8c73287e9fe6428cb058b,16000,16000,1,1,418629,418629
441,p105_00023.wav,p105_00023,data/setta_ears_d_test_20260818/clean/p105_00023.wav,data/setta_ears_d_test_20260818/noisy/p105_00023.wav,f430f11c4e05383f9f7f5bf1ceac88734e64b7b4313cfc788e55cfdbe2183040,7bef09b98cbba7473c3f663890a9d349a3dc19cf98eee6b636c7f5059100f0ab,16000,16000,1,1,457148,457148
442,p105_00025.wav,p105_00025,data/setta_ears_d_test_20260818/clean/p105_00025.wav,data/setta_ears_d_test_20260818/noisy/p105_00025.wav,7a0d8fa90f019cb520d419fa73f595e7cb3fb40279ea05840d7d6dea1421e4be,44b60a2572bffdb81f93c268c1c9fb8b25533c1c067889ddefdbeb0d14e41cd2,16000,16000,1,1,350683,350683
443,p105_00034.wav,p105_00034,data/setta_ears_d_test_20260818/clean/p105_00034.wav,data/setta_ears_d_test_20260818/noisy/p105_00034.wav,a586a8df6ac33901823ed40f5de57a36c827069a1458248b0ea984e68376ef55,c9d7d0ad91ba535af6f0e80f4f965dc66ac5f52a843b89422aabc765e6c3a953,16000,16000,1,1,350607,350607
444,p105_00035.wav,p105_00035,data/setta_ears_d_test_20260818/clean/p105_00035.wav,data/setta_ears_d_test_20260818/noisy/p105_00035.wav,cf3ac7b71385d93ebd4a715affe93bd3972274c204adf05bad34d9531fddcba5,478730f7b5b163485748782b6a2478b655f1aab988fc8158a62d5e6378c2215b,16000,16000,1,1,319240,319240
445,p105_00038.wav,p105_00038,data/setta_ears_d_test_20260818/clean/p105_00038.wav,data/setta_ears_d_test_20260818/noisy/p105_00038.wav,5fdaa5577dbcfc52bc3e37c9d641e65eb9caba20141608ec48719d1ed09a6458,42d6e51d896a2c8d60bd6be27d0c584a862408868ba6283da6a7659cdb98ac7f,16000,16000,1,1,154099,154099
446,p105_00042.wav,p105_00042,data/setta_ears_d_test_20260818/clean/p105_00042.wav,data/setta_ears_d_test_20260818/noisy/p105_00042.wav,16b243ee91f033c169e1f9911c7895ac9f475ceddcd68e07e2c964e946bbdcb1,bf7053221c744712927ed9bc6449f345fdedf1ee329ddb91ab53e77b742d21da,16000,16000,1,1,176321,176321
447,p105_00046.wav,p105_00046,data/setta_ears_d_test_20260818/clean/p105_00046.wav,data/setta_ears_d_test_20260818/noisy/p105_00046.wav,4c0552087ebc3c7330ceff13a3149773befe776bae7de7c3ebf0b71d4cb7b612,b81fadbc9bd0d69a165f6121e16f1c61fc257221f68f8cc5b93d9ccf4a44b337,16000,16000,1,1,329728,329728
448,p105_00048.wav,p105_00048,data/setta_ears_d_test_20260818/clean/p105_00048.wav,data/setta_ears_d_test_20260818/noisy/p105_00048.wav,efa2c7887ef70bf9df26a601f7ad15b2f5e0874f4cccc035224e51bce9f7367b,485f47ad1da1251991518f2a11d5f329289a730938b9a07b4af5c3228aa1590d,16000,16000,1,1,267134,267134
449,p105_00052.wav,p105_00052,data/setta_ears_d_test_20260818/clean/p105_00052.wav,data/setta_ears_d_test_20260818/noisy/p105_00052.wav,dc3b064d512b8f4c6647fda550df8f7532effc7d4f9093cf1ac7bf16fc259302,2d053fb270649ae9da4053fafdaf550c794e951f2461cb1e078e55b80d4c0ef6,16000,16000,1,1,356526,356526
450,p105_00053.wav,p105_00053,data/setta_ears_d_test_20260818/clean/p105_00053.wav,data/setta_ears_d_test_20260818/noisy/p105_00053.wav,10a7cf9470b1dbe07de41105492316ba825032137abbf6da6d788e2b3edf6cba,a7f0219423575e3c971fe1f34049a1a2f0c8e39c63653dbf39914e7d64d7bbf2,16000,16000,1,1,221890,221890
451,p105_00055.wav,p105_00055,data/setta_ears_d_test_20260818/clean/p105_00055.wav,data/setta_ears_d_test_20260818/noisy/p105_00055.wav,5ce9dd58f2734baa442307e41952f89a20144740e28c4f1dbd03508ca141869e,fea1da84711911b5163dca8d6e49398dce3e782fd64653f5e1f5ed86c49310eb,16000,16000,1,1,181779,181779
452,p105_00057.wav,p105_00057,data/setta_ears_d_test_20260818/clean/p105_00057.wav,data/setta_ears_d_test_20260818/noisy/p105_00057.wav,ca9ec07c98a10232b3a885770448b88b5bede294c69d81be64dba06dfb55efb3,e87f2686ba4439c27eccc357609b3947c292312fb691752b3b23274934c36cbd,16000,16000,1,1,271918,271918
453,p105_00066.wav,p105_00066,data/setta_ears_d_test_20260818/clean/p105_00066.wav,data/setta_ears_d_test_20260818/noisy/p105_00066.wav,005edc5178d7f5cd6eca372d44e468543414e3c1ebbeb6b0fb2330f42639d3e5,9de380d6aac4294c752e58ae8e91152be8b6121da3e96b1b2c96b8f8337c3175,16000,16000,1,1,172493,172493
454,p105_00067.wav,p105_00067,data/setta_ears_d_test_20260818/clean/p105_00067.wav,data/setta_ears_d_test_20260818/noisy/p105_00067.wav,a84b261afa21b46362f45a137c76b8f6ee540a51fe4318869a5a7ed83d85d01d,08efe36b5c94a56ae089cc9a598cc16104b372d0e2e2f42c94c71d05f7b054d5,16000,16000,1,1,170858,170858
455,p105_00079.wav,p105_00079,data/setta_ears_d_test_20260818/clean/p105_00079.wav,data/setta_ears_d_test_20260818/noisy/p105_00079.wav,72b8fefda851d77f9fad4caa1fdabc3a01cc69ecd1b0f2046ca8b06039e2c9b0,2270dbaa7c1362c0bf7386587d29de0a52942ee7db79be5972aabb8330bd79fd,16000,16000,1,1,327564,327564
456,p105_00080.wav,p105_00080,data/setta_ears_d_test_20260818/clean/p105_00080.wav,data/setta_ears_d_test_20260818/noisy/p105_00080.wav,46ae904808def94a32d034ba76ce68e95c9ac4c081f7a3c31e5e87e71df0748c,8a516b9688586b156f252d94b099dcb037d2412e43cacbd58c69e63fd9ed0bef,16000,16000,1,1,162805,162805
457,p105_00082.wav,p105_00082,data/setta_ears_d_test_20260818/clean/p105_00082.wav,data/setta_ears_d_test_20260818/noisy/p105_00082.wav,70b0c228316aeac9665827f1266381d91ebaf8c0b08ea168a7a12cf72d78864e,7fb160efd95d9205f7d4f8f4b4c60abf5188c8f15f93509caeb062cd595b12c2,16000,16000,1,1,178958,178958
458,p105_00087.wav,p105_00087,data/setta_ears_d_test_20260818/clean/p105_00087.wav,data/setta_ears_d_test_20260818/noisy/p105_00087.wav,ee896483635a69138e4744a33d161a75996e05aaec0a5f6378bc838571bb5f1f,f5a3476a935bdecee7e79874a71cd533075f696a258198ef345e69a067b6eb23,16000,16000,1,1,289231,289231
459,p105_00095.wav,p105_00095,data/setta_ears_d_test_20260818/clean/p105_00095.wav,data/setta_ears_d_test_20260818/noisy/p105_00095.wav,544c87282b6fbf4015d72b719cb74f8aeb68f94793fcea5037b85537f02ecb96,0423dbb33f867b77c959c00a4a75826f207e784e96982ddc7dd2214c7ca761b2,16000,16000,1,1,299415,299415
460,p105_00113.wav,p105_00113,data/setta_ears_d_test_20260818/clean/p105_00113.wav,data/setta_ears_d_test_20260818/noisy/p105_00113.wav,4c35b3994e357eaa672e6cd2775b3e7a5b4cca0be0b67b13c932956cbd9e6c02,3084305d222e8475a166769f3c96590fc03d66cdd1dc946867dcc579581460b9,16000,16000,1,1,279141,279141
461,p105_00114.wav,p105_00114,data/setta_ears_d_test_20260818/clean/p105_00114.wav,data/setta_ears_d_test_20260818/noisy/p105_00114.wav,5071bf074b54c4aefc71d526d4c821593c66c1b36a6b6368fcca17a5fcd25dd3,787842a6af7531825abcba67c95a5e93c67c304e600f1fc8a432050d771c5938,16000,16000,1,1,187013,187013
462,p105_00115.wav,p105_00115,data/setta_ears_d_test_20260818/clean/p105_00115.wav,data/setta_ears_d_test_20260818/noisy/p105_00115.wav,5d2c00c10f03545b761849ee75d6b297d17776422cd29ccbb49ed2823de2ebdb,fa34c54b29aa36a45b4a7ba196ba096f8330d853492d1ef00bfcb51be943ab99,16000,16000,1,1,224246,224246
463,p105_00148.wav,p105_00148,data/setta_ears_d_test_20260818/clean/p105_00148.wav,data/setta_ears_d_test_20260818/noisy/p105_00148.wav,e009122202f76f0aeb3b270deb7444af9c265c5dbc2b3e1ef6a263521d7c8c82,e71a81968a5a6ec2ff60c6370aa50f9af1ce4410aa315c8c0a42dc87f5ccf9fe,16000,16000,1,1,322974,322974
464,p105_00153.wav,p105_00153,data/setta_ears_d_test_20260818/clean/p105_00153.wav,data/setta_ears_d_test_20260818/noisy/p105_00153.wav,8a165e54103a060b8ee122139d5ab1e2c44612f6f42c8c3233d627ec2df796fa,76e879f5d9b43f48a9c18cbcf75ecc3be73901eee2f9cb10f5b8cfd0573817d9,16000,16000,1,1,142398,142398
465,p105_00154.wav,p105_00154,data/setta_ears_d_test_20260818/clean/p105_00154.wav,data/setta_ears_d_test_20260818/noisy/p105_00154.wav,1dfb8b653eae4dacc1c9c13d6abd906fd24ca086167d40ad4e21d1f2fbe032b1,6d09818efcfac491c7089a6137201e360a691faf09db15e5a484f987c6b89828,16000,16000,1,1,444952,444952
466,p105_00156.wav,p105_00156,data/setta_ears_d_test_20260818/clean/p105_00156.wav,data/setta_ears_d_test_20260818/noisy/p105_00156.wav,3445c56d0e77ddb7cca190e5e491f49e54927df27369644ad97e3135697723dd,1b432107e60bbd71ab823814d109d22cd4830e922c456db1a433d796f4e60a66,16000,16000,1,1,278875,278875
467,p105_00164.wav,p105_00164,data/setta_ears_d_test_20260818/clean/p105_00164.wav,data/setta_ears_d_test_20260818/noisy/p105_00164.wav,866aa45ef772cd13ee03cb8a2b5527aa9aaed9c53480a10c3c2a3048be666e60,56d88edf92430aa0f4977c627fa0e37618f40741f58d4f1dc3309bd58313a6fd,16000,16000,1,1,134464,134464
468,p105_00168.wav,p105_00168,data/setta_ears_d_test_20260818/clean/p105_00168.wav,data/setta_ears_d_test_20260818/noisy/p105_00168.wav,f78feff969c025a83c05d2fc3a1708eafe02cc43b512852afd82dbc960cc5185,298ec5ad3c96c81b0274151c51d365979d9b671d2aa706f39a994ae76f4bf68f,16000,16000,1,1,216339,216339
469,p105_00172.wav,p105_00172,data/setta_ears_d_test_20260818/clean/p105_00172.wav,data/setta_ears_d_test_20260818/noisy/p105_00172.wav,74c9e45b002177032c5efbecad8112126ed6bc560437fd5125655524b86a272e,208de07547ce6b9e90f813da2a86507f83a68694251fb22e88fefc5ca15937cd,16000,16000,1,1,304427,304427
470,p105_00174.wav,p105_00174,data/setta_ears_d_test_20260818/clean/p105_00174.wav,data/setta_ears_d_test_20260818/noisy/p105_00174.wav,b6acfc5fb6a89acb04c46823ab24fb22893ce66ebf28d3729203e81baf6ab57d,32f08a25eba76be81c67a6ca774b521858e15ac6408ca16324c2ecb482d6942e,16000,16000,1,1,387960,387960
471,p105_00175.wav,p105_00175,data/setta_ears_d_test_20260818/clean/p105_00175.wav,data/setta_ears_d_test_20260818/noisy/p105_00175.wav,1d7aa9e0fe1d994c97a0e8ac4cf45dfbf31413c43da4fe086021c91bb8530ff7,07356a8643ef12d7b9e92d5c361d4abefc9ccc5501bdd94df81e9ac29d4bc77b,16000,16000,1,1,190815,190815
472,p105_00177.wav,p105_00177,data/setta_ears_d_test_20260818/clean/p105_00177.wav,data/setta_ears_d_test_20260818/noisy/p105_00177.wav,d11cc129e90ec5ad21113dc86f22bad9310a4536497c9ad661e83d3e447fa238,6cc2c9734b14c085b8a96934783dfbe1faa9591591154ac4f1ffd431a709a3e3,16000,16000,1,1,207666,207666
473,p105_00194.wav,p105_00194,data/setta_ears_d_test_20260818/clean/p105_00194.wav,data/setta_ears_d_test_20260818/noisy/p105_00194.wav,2ce9dbbd9b5f7bf0ea5ab0ff144a817480453e38e8ea8bd462bffd1da31280bc,d29e36f4f00d05b45f2af311c4a0957aa496367cebe10966600f7b937bb5522c,16000,16000,1,1,153126,153126
474,p105_00206.wav,p105_00206,data/setta_ears_d_test_20260818/clean/p105_00206.wav,data/setta_ears_d_test_20260818/noisy/p105_00206.wav,b0f527bc9fa6e71fc82795be39bd9b3136478267c97b17603359b78f0c141194,2a68ee548da74a9b079a719d0fde85be920310de84129526e4c67af8761e3c53,16000,16000,1,1,147725,147725
475,p105_00209.wav,p105_00209,data/setta_ears_d_test_20260818/clean/p105_00209.wav,data/setta_ears_d_test_20260818/noisy/p105_00209.wav,a3aa387d0a12d194c3da75d9e721321e1050e72186862375b9c38f99f69dd8d8,45d06ed3ab27325c7c491168c5185c406d7400db163a39d5b968a61c3a022952,16000,16000,1,1,338485,338485
476,p105_00218.wav,p105_00218,data/setta_ears_d_test_20260818/clean/p105_00218.wav,data/setta_ears_d_test_20260818/noisy/p105_00218.wav,4353dd36814f87ea2b602402c4b21ef4c7a91e5fea77f597b3f47ae7b43e7a91,29adfb6adfb3e5c7247f6926d7c477dfdb19cdd541e2aad05ca4b3acba473f44,16000,16000,1,1,191948,191948
477,p105_00231.wav,p105_00231,data/setta_ears_d_test_20260818/clean/p105_00231.wav,data/setta_ears_d_test_20260818/noisy/p105_00231.wav,d8e30348227023dc78930cbfb4b7550df0fac950be3a7b0bfd02d5c3e6036ca2,eb23a070372fcbd621c1f42c6375747b3daaf633e60d45be73acc0a237820286,16000,16000,1,1,239536,239536
478,p105_00243.wav,p105_00243,data/setta_ears_d_test_20260818/clean/p105_00243.wav,data/setta_ears_d_test_20260818/noisy/p105_00243.wav,299dfa6eeef5087b9053579caf13d139bb6fd52e35c52e4ad573babc3296a5a2,74c69d8de706cebc64298520cec053412c2d8e7a058155d3340df68b1b0e30b3,16000,16000,1,1,227692,227692
479,p105_00246.wav,p105_00246,data/setta_ears_d_test_20260818/clean/p105_00246.wav,data/setta_ears_d_test_20260818/noisy/p105_00246.wav,178c9d157f4d3f1f0e5d344f564e429f681402b7ec3b65b402623a22a81b819b,6068ea95d3e749a5e140945465d2c73dbca62e6be2f19f12d2a7d7c54a63be75,16000,16000,1,1,452062,452062
480,p105_00248.wav,p105_00248,data/setta_ears_d_test_20260818/clean/p105_00248.wav,data/setta_ears_d_test_20260818/noisy/p105_00248.wav,850cae4cce56752d916e13fe3950d723fb55630e2392d253744f7e1799b23048,63328b4cded6a3d3496a58272c9fbf96482cce86486733232a4ee5b187a5369e,16000,16000,1,1,361730,361730
481,p105_00255.wav,p105_00255,data/setta_ears_d_test_20260818/clean/p105_00255.wav,data/setta_ears_d_test_20260818/noisy/p105_00255.wav,451659469acdcdb712cf5ec67219436dcf24b61976e4a8c903d778f2238f9392,6f6e4965fae6ac69436a1da56026a5e0695bdf0604ae3401e51210e558c13f73,16000,16000,1,1,363916,363916
482,p105_00260.wav,p105_00260,data/setta_ears_d_test_20260818/clean/p105_00260.wav,data/setta_ears_d_test_20260818/noisy/p105_00260.wav,f53d3a13da049126fa98856ee63cb6c253be96e10a1da1de97465dfb786bb745,194f9e03e86708c7b55951440655aee3604fee43f7f136108e690f75db355bdb,16000,16000,1,1,178351,178351
483,p105_00265.wav,p105_00265,data/setta_ears_d_test_20260818/clean/p105_00265.wav,data/setta_ears_d_test_20260818/noisy/p105_00265.wav,e4b25600546667bebcade07e58feafb3b7c6b965685f4ae26e0f3a8562b81d61,960c832360a86eeb74718ec4d72bc5cf8a3c4e81f1ae0db64f5cd8622a46278f,16000,16000,1,1,218558,218558
484,p105_00267.wav,p105_00267,data/setta_ears_d_test_20260818/clean/p105_00267.wav,data/setta_ears_d_test_20260818/noisy/p105_00267.wav,e589d0ce67a69dcd5c14ad929ce390592e4a95e4c1ac5009a6205d77d83fbc0a,42d0311d957606f27c00834fdc9b7a6b2626c066f40994a098ad0aea62544b54,16000,16000,1,1,326519,326519
485,p105_00271.wav,p105_00271,data/setta_ears_d_test_20260818/clean/p105_00271.wav,data/setta_ears_d_test_20260818/noisy/p105_00271.wav,104b77f098ed827df44e2e808b5521fd572bd5ec514d41759604e156f30c0c13,b47e532f1726427c2c1702ae36acf2ac4531a03758d76ae24e633bb9f83b3cac,16000,16000,1,1,236380,236380
486,p105_00275.wav,p105_00275,data/setta_ears_d_test_20260818/clean/p105_00275.wav,data/setta_ears_d_test_20260818/noisy/p105_00275.wav,33480043607cff7c836ae1ea3809cde5481f0367d991a7c082d08974cf9ed43b,dca0f286408ca754ff52ce505cd4f5d1499603c258ad7b2a5258fe2d4f3a5fef,16000,16000,1,1,398728,398728
487,p105_00294.wav,p105_00294,data/setta_ears_d_test_20260818/clean/p105_00294.wav,data/setta_ears_d_test_20260818/noisy/p105_00294.wav,f8ed98e155ad456af988ec3813e1bd35e9384bf247f965084ee177fc65b12eae,3209bed8e778be3121bb3a68f0a1a217b4f66fc5d51670b54c34ba06deb9db66,16000,16000,1,1,337097,337097
488,p105_00295.wav,p105_00295,data/setta_ears_d_test_20260818/clean/p105_00295.wav,data/setta_ears_d_test_20260818/noisy/p105_00295.wav,51f13496c44a2fab9a9fb6a9a6f96fc48ea0dc9d196b25020d5cfdaa9edd679b,0bb94ee88c50cb3a913d3241d63077d5df65cac83b69404c51b60c12b40d7157,16000,16000,1,1,411706,411706
489,p105_00298.wav,p105_00298,data/setta_ears_d_test_20260818/clean/p105_00298.wav,data/setta_ears_d_test_20260818/noisy/p105_00298.wav,86360901204a58088d71c3f7929355e6ac0c8053c98f83423e2eb436c8ee74ce,13f93420b6da67176b53327cb7a33a39a6b3bb1d52b6f466033bed90e7422361,16000,16000,1,1,249763,249763
490,p105_00300.wav,p105_00300,data/setta_ears_d_test_20260818/clean/p105_00300.wav,data/setta_ears_d_test_20260818/noisy/p105_00300.wav,2bc72df583e2a42a44e45ec88d90e2539642d43ae5da92c37563321843b06558,798a8c9dfcf0d439775b426efd1e3a8e0da6da2b1ec6375579a5c34e61cd90bf,16000,16000,1,1,243380,243380
491,p105_00301.wav,p105_00301,data/setta_ears_d_test_20260818/clean/p105_00301.wav,data/setta_ears_d_test_20260818/noisy/p105_00301.wav,decf6724808f7ac2e72180e033bce09167ea753f358a77e7de9545b334aaf7e7,57ecd6142ac8dd398a346d6ce953e2a666c461c242267cc51f51e53413e8b2e0,16000,16000,1,1,395945,395945
492,p105_00304.wav,p105_00304,data/setta_ears_d_test_20260818/clean/p105_00304.wav,data/setta_ears_d_test_20260818/noisy/p105_00304.wav,aba60e55dcd750dd893b49f9e63ae9a4308eed9918078f1c2d8780e2b16614de,ddb9df702603058767f8a686f63a9d0869a47aa5de5b5446e0daa42705906fa7,16000,16000,1,1,126999,126999
493,p105_00305.wav,p105_00305,data/setta_ears_d_test_20260818/clean/p105_00305.wav,data/setta_ears_d_test_20260818/noisy/p105_00305.wav,56c57e0625b2ff428065185307f8166372c91aefa4ff5f116cd12cbe32e5efdd,d0fc6a887d022290d2c1722f8ec05527d547db41b0785d2ce34dadf680ecb5ed,16000,16000,1,1,342515,342515
494,p105_00311.wav,p105_00311,data/setta_ears_d_test_20260818/clean/p105_00311.wav,data/setta_ears_d_test_20260818/noisy/p105_00311.wav,48b5bec5b869176417894256adbde0f06caf4cc7295a58be47ffb0d4b4c0cc0f,7e90745b4b14bfb07f9e6396784985dbf96e671d09e7a17fe8781a51e390b074,16000,16000,1,1,385320,385320
495,p105_00314.wav,p105_00314,data/setta_ears_d_test_20260818/clean/p105_00314.wav,data/setta_ears_d_test_20260818/noisy/p105_00314.wav,415ca4b9d2248fde684ee8065c8222b63e425e9440989e6857755e9a49cc4cca,c3ce5ef0e938603891aabb72cecaad4bdb0cd46e89f91bd7b234186aeee8797f,16000,16000,1,1,315003,315003
496,p105_00315.wav,p105_00315,data/setta_ears_d_test_20260818/clean/p105_00315.wav,data/setta_ears_d_test_20260818/noisy/p105_00315.wav,a77b14067a767d0e91bebf8510b2392ab3aff47542e12a2dbe3fe01ecc85c923,a0d209594d52c8df6107bb22688d7f1d7bcbf9904a8eec3b832b3e626be24df1,16000,16000,1,1,259049,259049
497,p105_00320.wav,p105_00320,data/setta_ears_d_test_20260818/clean/p105_00320.wav,data/setta_ears_d_test_20260818/noisy/p105_00320.wav,c4c19fc228d582ede0109d4efe03f9f0273816aab2ef19ec9bb5e2d7ae866227,c16e60ee7aabe6bd008d2a68b28007d255c736df066be19293e725c690eaffa3,16000,16000,1,1,208624,208624
498,p105_00322.wav,p105_00322,data/setta_ears_d_test_20260818/clean/p105_00322.wav,data/setta_ears_d_test_20260818/noisy/p105_00322.wav,045be4906c1e114355c3c3b7c62c9e778a0e6e53ea04565a9a778d2886e1aea7,13c88ebc239c67aabc85415d489cb628e30667f2546edd48b7d5ca9503880138,16000,16000,1,1,149931,149931
499,p105_00325.wav,p105_00325,data/setta_ears_d_test_20260818/clean/p105_00325.wav,data/setta_ears_d_test_20260818/noisy/p105_00325.wav,b17b9bd02d950e8ed8968d7e4ffb2227d3a67010d230b1e5548a456b8384e3bc,d4c54a5434875921595c8054a54088db223bd6005bca9c861c02a204ece3aacd,16000,16000,1,1,423489,423489
500,p105_00326.wav,p105_00326,data/setta_ears_d_test_20260818/clean/p105_00326.wav,data/setta_ears_d_test_20260818/noisy/p105_00326.wav,d56b6f387e60c7339c46cecec29aab01501d18df61f38079491126516006b034,5cca7f5773fd4b3a7e477dd8d22de561ee712278fc81fa923431952bce3ce028,16000,16000,1,1,259458,259458
501,p105_00329.wav,p105_00329,data/setta_ears_d_test_20260818/clean/p105_00329.wav,data/setta_ears_d_test_20260818/noisy/p105_00329.wav,018f7ead9c956f9633c424bda50d1375a6d05b9f2e4dfeb659ab021616627a01,1b5acdaf08bcd3ab8515578191e69a5e74b94a9ae4f4357048a23dd0529aed0a,16000,16000,1,1,208668,208668
502,p105_00336.wav,p105_00336,data/setta_ears_d_test_20260818/clean/p105_00336.wav,data/setta_ears_d_test_20260818/noisy/p105_00336.wav,e51f5bfdb6deee27b433379c98fdffa94bfe2e6325833707bf4c393cd825dd0b,122585a133f0082dc6039024ceb12726258d7ef723da4d7d1b13356ed004b6f9,16000,16000,1,1,212364,212364
503,p105_00345.wav,p105_00345,data/setta_ears_d_test_20260818/clean/p105_00345.wav,data/setta_ears_d_test_20260818/noisy/p105_00345.wav,b7c744e1cb1df997b6d2887e6fad360c5e2b29fce0cbb51715c9231731a31348,bf02c3654fcdd65ae5e6f8d3c07e9f33b65c91b5dffe6cc02d49856e72541967,16000,16000,1,1,303972,303972
504,p105_00353.wav,p105_00353,data/setta_ears_d_test_20260818/clean/p105_00353.wav,data/setta_ears_d_test_20260818/noisy/p105_00353.wav,f4cd5388abba4f8f1ea71bdef2233d5f3a5a9a643ea174287e77dbe43b658f23,f0f0ba4a32b08719ff168d8d76842944917e8b5651b9700a9b72275ed07ebc1b,16000,16000,1,1,226607,226607
505,p105_00354.wav,p105_00354,data/setta_ears_d_test_20260818/clean/p105_00354.wav,data/setta_ears_d_test_20260818/noisy/p105_00354.wav,9b8b84ad0af587cbf0c15fb3d2233d065b9f52ad4803d3b6234ab7a81cfd139a,c6befec7e6bd8f4c2f69de00bce2ddd58276b282c5eeac7d48a6d3eada3d6822,16000,16000,1,1,302134,302134
506,p105_00368.wav,p105_00368,data/setta_ears_d_test_20260818/clean/p105_00368.wav,data/setta_ears_d_test_20260818/noisy/p105_00368.wav,97afb33d39d04555817bdd726b239c65dc9c8471eeb45e31fda42a2982b43af6,074008b96e669554b8a8c53649ee6e63149e34f9c2090c5e9da51ac438f4c1cc,16000,16000,1,1,269485,269485
507,p105_00377.wav,p105_00377,data/setta_ears_d_test_20260818/clean/p105_00377.wav,data/setta_ears_d_test_20260818/noisy/p105_00377.wav,821ff1d3b318cde6ae40dca37a34f6f2605fc107bf939ab4e4fc95eb149b25c7,61a230a85c07dd919c71b27840123e1b6ae7b4342b3f9196d929a9885a9e41de,16000,16000,1,1,278834,278834
508,p105_00383.wav,p105_00383,data/setta_ears_d_test_20260818/clean/p105_00383.wav,data/setta_ears_d_test_20260818/noisy/p105_00383.wav,b41675602caf8433fb0f87bbfa3cafeaf0232c693fe237d24dea657f66039bde,804a057826397db75dd1c438e0b7680a556fe68e74581099c719723d30216480,16000,16000,1,1,190213,190213
509,p105_00385.wav,p105_00385,data/setta_ears_d_test_20260818/clean/p105_00385.wav,data/setta_ears_d_test_20260818/noisy/p105_00385.wav,ef1df6f1f92e3664218b4ed898133a60723110dc551bbc6e06a4de6d5769ec73,3ad7abaf928a5183b2a18b9ffc6a22b3120ca6295ad3fd43e8658ba2fb70413f,16000,16000,1,1,261724,261724
510,p105_00389.wav,p105_00389,data/setta_ears_d_test_20260818/clean/p105_00389.wav,data/setta_ears_d_test_20260818/noisy/p105_00389.wav,4f8ee4a54d07b2fa39d5694c76570608864fea9d5eea8bc94e6efdb81fc8f613,4f91952774d438ef30b38578152b72d093e110cc41e08ce343f7d6408a5d6b82,16000,16000,1,1,343580,343580
511,p105_00393.wav,p105_00393,data/setta_ears_d_test_20260818/clean/p105_00393.wav,data/setta_ears_d_test_20260818/noisy/p105_00393.wav,9d3e03472101db195ad79999c3c64093f949891dd0ce0cfc099dd71452c16218,9725c3182900937e4c652fba114a97b9fe5d5510047965d3250e1c4904fd6333,16000,16000,1,1,419338,419338
512,p105_00396.wav,p105_00396,data/setta_ears_d_test_20260818/clean/p105_00396.wav,data/setta_ears_d_test_20260818/noisy/p105_00396.wav,9e122d1826a8f579149c9b4fded0c5f52f328d7a673e028751c30da8ef6bbd06,9cb71591ef04c87d15c76cf7bdf30c7f410d25a2d7d4499c8453a90794a8f12e,16000,16000,1,1,351477,351477
513,p105_00413.wav,p105_00413,data/setta_ears_d_test_20260818/clean/p105_00413.wav,data/setta_ears_d_test_20260818/noisy/p105_00413.wav,895a4061489d0b5d19f3a033bb4e6fa5ac0ef858ed849d50952da7326abc5e0b,993e1479e934c6c31405d9c1019e3df4a93f3d060f39a1dc97db6f1118c7be22,16000,16000,1,1,237940,237940
514,p105_00420.wav,p105_00420,data/setta_ears_d_test_20260818/clean/p105_00420.wav,data/setta_ears_d_test_20260818/noisy/p105_00420.wav,62b7c8b1f51ed242efbd1dfefa80cdfa69fc92e3eda8c45559efc5004f3dfe57,872c5c484c67a352e6dad433c7bb86d044e2690a0bb62486733c622737186cd8,16000,16000,1,1,239776,239776
515,p105_00427.wav,p105_00427,data/setta_ears_d_test_20260818/clean/p105_00427.wav,data/setta_ears_d_test_20260818/noisy/p105_00427.wav,b27ba932d4c4d81f49003e878cb09406695b520279b7c8b3649b8a18183623a6,ac9f6a95d4e187b8b701b29aa7eb4422852094fe2130b7c7d1b44f323687a06e,16000,16000,1,1,260221,260221
516,p105_00451.wav,p105_00451,data/setta_ears_d_test_20260818/clean/p105_00451.wav,data/setta_ears_d_test_20260818/noisy/p105_00451.wav,67299666096add796a3e1888583502530419616e55e6e1e4754f5efd3276b606,578ecf21ca3f567af41b2b9d545894e1138254ab4ba60bdb180351230567d7e0,16000,16000,1,1,368967,368967
517,p105_00460.wav,p105_00460,data/setta_ears_d_test_20260818/clean/p105_00460.wav,data/setta_ears_d_test_20260818/noisy/p105_00460.wav,658827fd30cfd1628220ca34775a02496cdf0a51c63309c0035cbd45b55e3679,af0e02b246fc6df059867eae399464408e945aa992279a50eedf60a58a8d91ce,16000,16000,1,1,217254,217254
518,p105_00467.wav,p105_00467,data/setta_ears_d_test_20260818/clean/p105_00467.wav,data/setta_ears_d_test_20260818/noisy/p105_00467.wav,9c03997db905aca0ab1785909c0db786602f8b7d94bf45ec60ccaefcb31a00c2,5024fcc39649ee6576dda2e2060ac0f398cbb0039de0a1478527b3f5b048b36a,16000,16000,1,1,163158,163158
519,p105_00488.wav,p105_00488,data/setta_ears_d_test_20260818/clean/p105_00488.wav,data/setta_ears_d_test_20260818/noisy/p105_00488.wav,b76d1578016537ad089f1daafb751031407ddd0a6bd0532b1ccab42277560574,ad92c34c53f22b8c7d413ad6520a01bdbe9b3287b19aa6b5f52a021789a73f1f,16000,16000,1,1,172215,172215
520,p105_00490.wav,p105_00490,data/setta_ears_d_test_20260818/clean/p105_00490.wav,data/setta_ears_d_test_20260818/noisy/p105_00490.wav,d8b29ec5d8cbcc41ccd33df9f822520ce9bb86c4aca42f4cbe377ceba629c362,4e7734212207aa368677c0758b1972538041f67d7e75c788d35b7af37fd4d205,16000,16000,1,1,329139,329139
521,p105_00514.wav,p105_00514,data/setta_ears_d_test_20260818/clean/p105_00514.wav,data/setta_ears_d_test_20260818/noisy/p105_00514.wav,a6936ac2858affb0180d91a51d7172c18f184946ac596608657094bc11d0d76d,e8f961c5594f378051b20a654cf5dae2379950b0b8096cf7b505dd218b1f12bb,16000,16000,1,1,281217,281217
522,p105_00523.wav,p105_00523,data/setta_ears_d_test_20260818/clean/p105_00523.wav,data/setta_ears_d_test_20260818/noisy/p105_00523.wav,0297eaea2361f508d466fffeabc5903887ef79c8c5d9a2a7cdb301e2986bebbc,36e119eb68e6bd905aaf4008035c8a112db7a4b6b079aef35d47899dd646952e,16000,16000,1,1,277750,277750
523,p105_00527.wav,p105_00527,data/setta_ears_d_test_20260818/clean/p105_00527.wav,data/setta_ears_d_test_20260818/noisy/p105_00527.wav,def469200d12a305de498bb50d7f285ba3865425af87245ea9c836ef52f09dbb,d82576354c73ebf4651c5ffb998ed8b4aab87cb4ffa9c26c059d1367d0d48725,16000,16000,1,1,185262,185262
524,p105_00530.wav,p105_00530,data/setta_ears_d_test_20260818/clean/p105_00530.wav,data/setta_ears_d_test_20260818/noisy/p105_00530.wav,01080621f24ebc1b205a30cf8ece712158ffdc9f2c44de57e4a5f18ba535673e,0f84b7b48392b42051f8dde383bc240fa1790de274a48afc088b1f10da0b5492,16000,16000,1,1,177550,177550
525,p105_00536.wav,p105_00536,data/setta_ears_d_test_20260818/clean/p105_00536.wav,data/setta_ears_d_test_20260818/noisy/p105_00536.wav,787aef3019c3a0f70f042f07e9133a91a4376fdf588a588cac6ebd6150630d9e,9514aa1f86ede4bbcafe20a76ca46fcdd392c3b7e7f9985bd3df821ef8440c87,16000,16000,1,1,258886,258886
526,p105_00547.wav,p105_00547,data/setta_ears_d_test_20260818/clean/p105_00547.wav,data/setta_ears_d_test_20260818/noisy/p105_00547.wav,d1c80ea8fbd8bd05ed637a25d2b28b088b82b22d67fbb38c4006103fb0b5dbbc,baac53855b368612a163207eb188e6f719d379c808c876123a8f8982a22041ee,16000,16000,1,1,187650,187650
527,p105_00549.wav,p105_00549,data/setta_ears_d_test_20260818/clean/p105_00549.wav,data/setta_ears_d_test_20260818/noisy/p105_00549.wav,3d10f1c967a0e21dc5bf7784e67856c08ac5d4e5fb9696a5231894805e1e42da,eb5d11f978ada055bc7466e0aa10ff266ebca470b847c1b8d5a3363ee7ae3f7c,16000,16000,1,1,183953,183953
528,p105_00553.wav,p105_00553,data/setta_ears_d_test_20260818/clean/p105_00553.wav,data/setta_ears_d_test_20260818/noisy/p105_00553.wav,c01c9575d8534b9f005a4dadf7d2f090eaf199053b70ef332cc7c4cf1367607d,6fbd0fa8669988928b4b3216003bf6cad1d8d081c6969b4e9d81a4e7924ce29d,16000,16000,1,1,226203,226203
529,p105_00574.wav,p105_00574,data/setta_ears_d_test_20260818/clean/p105_00574.wav,data/setta_ears_d_test_20260818/noisy/p105_00574.wav,6d4352f0c100ca214e0233bdddfec1a980dcfeb08e949c56ca77f17b3cc6a7c7,1d4502622693af666478f8abcad86200d65646837df9bbb3c4f7685ea42ef50f,16000,16000,1,1,437446,437446
530,p105_00582.wav,p105_00582,data/setta_ears_d_test_20260818/clean/p105_00582.wav,data/setta_ears_d_test_20260818/noisy/p105_00582.wav,8869dcda4f07e49542c52433ed72d08330f3f622d1af9353bbc86d8cf9caaa1b,34a9ffef4d9a7cc9f4a021699f9dc3ecb337a7903725895ad0491cf9b0557aa6,16000,16000,1,1,437856,437856
531,p105_00585.wav,p105_00585,data/setta_ears_d_test_20260818/clean/p105_00585.wav,data/setta_ears_d_test_20260818/noisy/p105_00585.wav,9df33c4576975dfb5c3df703a96e74d6b76f771a552943fcd8d7753a0be93053,8208db6bc84be812f3578381b276e8b03d28b040bc1618a83f0a1510de4d7a3e,16000,16000,1,1,375089,375089
532,p105_00587.wav,p105_00587,data/setta_ears_d_test_20260818/clean/p105_00587.wav,data/setta_ears_d_test_20260818/noisy/p105_00587.wav,4595e6297bbfef5bcfaf2c46cd3aeb35841a4178477fea08fd9caa1b81cea35f,9c97fdaaa503742d8d736c8d3fe75728308b561227da5d857f0684275f36d083,16000,16000,1,1,304924,304924
533,p105_00593.wav,p105_00593,data/setta_ears_d_test_20260818/clean/p105_00593.wav,data/setta_ears_d_test_20260818/noisy/p105_00593.wav,b511940f63071fcc62eb353d01137955658aed829e9969a496d9758c2a852d37,b41fd286975f580d989a46b675e6e518f963c22fd9993d39b4ecc60cec5983eb,16000,16000,1,1,199104,199104
534,p105_00599.wav,p105_00599,data/setta_ears_d_test_20260818/clean/p105_00599.wav,data/setta_ears_d_test_20260818/noisy/p105_00599.wav,d03c62ec0763cd8a158fdc4038472b7c269f8cc70fdb81c4f2191535a0ef8f41,2832ee9d0ebb45faffc90e4649cf47d20943611b91a24ca58c530bb9bdbc2af8,16000,16000,1,1,242243,242243
535,p105_00606.wav,p105_00606,data/setta_ears_d_test_20260818/clean/p105_00606.wav,data/setta_ears_d_test_20260818/noisy/p105_00606.wav,86eb7ec1b073d2a418013f0200458e3ad945ebac5b52ae2b7786b2d47a13190b,92883ff7c6d7cede6115b3b6951c115c8952f43bbb6400cfdefb2dee65612b01,16000,16000,1,1,263246,263246
536,p105_00619.wav,p105_00619,data/setta_ears_d_test_20260818/clean/p105_00619.wav,data/setta_ears_d_test_20260818/noisy/p105_00619.wav,90903cd650e43282112656ab741554eca9a920173435357b6a855a452a889206,7e79858d942e9d64b2c98f59f6f2b71267c4a968fa777660e64c26a132a4c329,16000,16000,1,1,183211,183211
537,p105_00620.wav,p105_00620,data/setta_ears_d_test_20260818/clean/p105_00620.wav,data/setta_ears_d_test_20260818/noisy/p105_00620.wav,b8667e98af0150f2d9fcd3b6b584156b298521870c1d949e56db38a81e0653bb,c10fa47b64fde02022e046460cba3e6644531c5b6c69023d83673c2969f3811b,16000,16000,1,1,159352,159352
538,p105_00632.wav,p105_00632,data/setta_ears_d_test_20260818/clean/p105_00632.wav,data/setta_ears_d_test_20260818/noisy/p105_00632.wav,8d6ab1ebc6aa18416f093d9805ae7f21c1130de0ce96398b726025e86be0ca9f,500e3ffa320592c99ed3a3e1955b6ef264fd2191be11d8034eb8427a9232b446,16000,16000,1,1,202101,202101
539,p105_00645.wav,p105_00645,data/setta_ears_d_test_20260818/clean/p105_00645.wav,data/setta_ears_d_test_20260818/noisy/p105_00645.wav,946908a28b472f8fc02a3a2f65bb12641c30f7a4052cefb98fe7e518c80b59c1,b5fc75f5e464d864166d7f8cc8c323c8424164ba0388334c560f4d4bd2df9c43,16000,16000,1,1,295155,295155
540,p105_00646.wav,p105_00646,data/setta_ears_d_test_20260818/clean/p105_00646.wav,data/setta_ears_d_test_20260818/noisy/p105_00646.wav,afcc204ae238e8b5568dfbd9432a0505c3d4ede67bef1dac8623cf46a30c763b,82c2a401a69c4b9cdc5050971ac8f316e933518ee53ae1aea4243f4ea10ffff6,16000,16000,1,1,315283,315283
541,p105_00653.wav,p105_00653,data/setta_ears_d_test_20260818/clean/p105_00653.wav,data/setta_ears_d_test_20260818/noisy/p105_00653.wav,9af3cb8ebc5b4823ef4c1c56de3b88b990c328be17e7c3d19b7ec87bc5356687,fa7545bf12115a471ac615693c5321a14e0d55b57b9b53d8b402645434330876,16000,16000,1,1,277719,277719
542,p105_00654.wav,p105_00654,data/setta_ears_d_test_20260818/clean/p105_00654.wav,data/setta_ears_d_test_20260818/noisy/p105_00654.wav,a06a16891a18e284fbcdebf870493c24348736168f1dbdad2cb7440098573321,ca824a7a4e3c8fa2ec66fb309e054feb2fb0da90dbe9bce16fdd400d6db8cacb,16000,16000,1,1,422967,422967
543,p105_00655.wav,p105_00655,data/setta_ears_d_test_20260818/clean/p105_00655.wav,data/setta_ears_d_test_20260818/noisy/p105_00655.wav,6242fad9eb6178757516a505a8b3b0d9ed5da18e9c5018ac03f7e693ab48eb0a,542e22b5e592bd3909d21aac4d2f2081e2411eb7bc0412a3afb9acc7f1b3eaa2,16000,16000,1,1,165421,165421
544,p105_00656.wav,p105_00656,data/setta_ears_d_test_20260818/clean/p105_00656.wav,data/setta_ears_d_test_20260818/noisy/p105_00656.wav,5c548eac3bce6a4bb0d42c43a7127ff4d87dd864d024642a1b02f3d18ffbbe73,5fd71160962275726cd486c4c8428f1b9c193810476ad0592c5274d01596af61,16000,16000,1,1,338911,338911
545,p105_00657.wav,p105_00657,data/setta_ears_d_test_20260818/clean/p105_00657.wav,data/setta_ears_d_test_20260818/noisy/p105_00657.wav,5a1108f7d69b1547eb491a363a91ac6bafcaf0012579672abdec4dc9d454829a,775977fe4bab2ba8c29641863eb191311c7391f1f11a4f1e67b8e059b3813868,16000,16000,1,1,320083,320083
546,p105_00658.wav,p105_00658,data/setta_ears_d_test_20260818/clean/p105_00658.wav,data/setta_ears_d_test_20260818/noisy/p105_00658.wav,73a71ba1cf93b0dc10445831222bb0e77362ca1b2b695e795d7771c3ee82ccc7,777a9396480428ac5620d13ef9168f241f3c85acf21d6f0f793bba418fa22b85,16000,16000,1,1,347653,347653
547,p105_00659.wav,p105_00659,data/setta_ears_d_test_20260818/clean/p105_00659.wav,data/setta_ears_d_test_20260818/noisy/p105_00659.wav,caa4f19b5ac14d7cfa84eb4be51f56286f29319dd88c5ef9d7c91c664d9c00f2,1a1991f23f2e3cbdcc68db2c741548b9bcb7c3c914d5e47c379dea1a3df9f784,16000,16000,1,1,264943,264943
548,p105_00660.wav,p105_00660,data/setta_ears_d_test_20260818/clean/p105_00660.wav,data/setta_ears_d_test_20260818/noisy/p105_00660.wav,f6c03f0f724bc7842ea99b39b14a92b0588df3a3ea331fb4c6a3ecab1779704a,68228c4b7cd7faf21c65dd59ef5edbe6bc87c2b4c8fffc1667ab5fce70c66291,16000,16000,1,1,287838,287838
549,p105_00661.wav,p105_00661,data/setta_ears_d_test_20260818/clean/p105_00661.wav,data/setta_ears_d_test_20260818/noisy/p105_00661.wav,c18a4064f022ebee4ae8de6c2d0a60d071b0d5c0515a81cab000fbefe8e8fca5,b3fb80c5e752a0e1ffe1ed75866394a46be3974e6cd72539854d271f613e46c7,16000,16000,1,1,329695,329695
550,p105_00675.wav,p105_00675,data/setta_ears_d_test_20260818/clean/p105_00675.wav,data/setta_ears_d_test_20260818/noisy/p105_00675.wav,e17af36182fa5323942c4b0c7d84898b8116544212fc32d0939c55f7b1df0b18,4c35d7edc672c63df25ce1eee9d848167fe25cacbc91ee2e468f741720896d0d,16000,16000,1,1,187341,187341
551,p105_00692.wav,p105_00692,data/setta_ears_d_test_20260818/clean/p105_00692.wav,data/setta_ears_d_test_20260818/noisy/p105_00692.wav,d6ec4c2c559018dfb144b381fb8f5c9b28ac4704859de900cfda7fee31fa2435,43eb2ed3e8e7eea42f47c7ffb1752605e268ab0dd0c98ce0c584cb6abaef498a,16000,16000,1,1,336916,336916
552,p105_00695.wav,p105_00695,data/setta_ears_d_test_20260818/clean/p105_00695.wav,data/setta_ears_d_test_20260818/noisy/p105_00695.wav,8f0c93774826e540fb95ef4ce014677ce20abcd4ad2307a7c369ec76c8f86839,3996bb4650dd83796fad568204e823c92019d1fc0d7885b1715b4417403e867c,16000,16000,1,1,192921,192921
553,p105_00696.wav,p105_00696,data/setta_ears_d_test_20260818/clean/p105_00696.wav,data/setta_ears_d_test_20260818/noisy/p105_00696.wav,34ee997378fd052caf51d914a41511bae5b718c6b2fa42f64dc41c894edbd6ae,c038d66afd692494b7b8cc3bb9f05a4fab6666b7f95883cf22d833923706f013,16000,16000,1,1,400011,400011
554,p105_00717.wav,p105_00717,data/setta_ears_d_test_20260818/clean/p105_00717.wav,data/setta_ears_d_test_20260818/noisy/p105_00717.wav,aaeb8da4a32df6d849989b519f20ef3c43ea72fe400117d02368a7b7ddf87ad3,4022d7d1aecbf2bfd6cc0887f47e9acad5aa3c8468aeaef56db5dda01e78d50e,16000,16000,1,1,237225,237225
555,p105_00719.wav,p105_00719,data/setta_ears_d_test_20260818/clean/p105_00719.wav,data/setta_ears_d_test_20260818/noisy/p105_00719.wav,7ca84db319ae92f80d59cd7d364aa7a0bcd85feeebd172f099edfb2f1f3b9999,c7a4ff9517d2c8b047b3a008977dfbef83fd93ff416b92ee2835351d52fc451e,16000,16000,1,1,253650,253650
556,p105_00733.wav,p105_00733,data/setta_ears_d_test_20260818/clean/p105_00733.wav,data/setta_ears_d_test_20260818/noisy/p105_00733.wav,2d336fd9276425decc5ad12e3d8c623db4e8a34206e8c7e45127f7abca5476fb,88212725c5e1a3ace279661df669a7495043cc7d568ac1faa7e7689652f69f22,16000,16000,1,1,225499,225499
557,p105_00735.wav,p105_00735,data/setta_ears_d_test_20260818/clean/p105_00735.wav,data/setta_ears_d_test_20260818/noisy/p105_00735.wav,622e6be93e56f1439e7251a9eaf73ce4edd39089aab4351b685d7e34fd8f4b15,e687ca07260b734b7f08aee0ec16c50b49fcc7f1afb09f1604a2464895257812,16000,16000,1,1,257022,257022
558,p105_00745.wav,p105_00745,data/setta_ears_d_test_20260818/clean/p105_00745.wav,data/setta_ears_d_test_20260818/noisy/p105_00745.wav,7096d022aa6881a31a8ed35440e5e21320e934735550bdfd7b92f3e9139d3e80,7f576dd63568ed5573ebf6306e621d7bef208bca935dabb3ef0d0e9fa7ef9b4a,16000,16000,1,1,239946,239946
559,p105_00746.wav,p105_00746,data/setta_ears_d_test_20260818/clean/p105_00746.wav,data/setta_ears_d_test_20260818/noisy/p105_00746.wav,73a8099b8966d04b03f464f88a54f84528848eb6fd86bdaa48a1db785033370b,7f0617fd4f17ad1a9c41a255c7f25930ddbe1374351e345e585ba7e11c78b049,16000,16000,1,1,347338,347338
560,p105_00757.wav,p105_00757,data/setta_ears_d_test_20260818/clean/p105_00757.wav,data/setta_ears_d_test_20260818/noisy/p105_00757.wav,8c72cf6aea8c4c4fe9d27b4d5e025d08a787b948b576f89c5c848b0105cc7bb1,2fa6384252f2a48c6bcb56d730cc9ef7ffc2ed3c5d2e093054205422ce0164be,16000,16000,1,1,251050,251050
561,p105_00762.wav,p105_00762,data/setta_ears_d_test_20260818/clean/p105_00762.wav,data/setta_ears_d_test_20260818/noisy/p105_00762.wav,9e709f09790b210cc14d4784cd424ae13b2cfbeda9d0f53014914b5c05eed7d1,1f51b28d27ddaecaa0ba9569467e69333e67f02f00544beff5098cc5505581ae,16000,16000,1,1,220152,220152
562,p105_00770.wav,p105_00770,data/setta_ears_d_test_20260818/clean/p105_00770.wav,data/setta_ears_d_test_20260818/noisy/p105_00770.wav,58a876b3fcfbf45927841eadbe4b066bc6bf9750c7226db6a1543cc6503e7ca7,ad50517bd245cf756366fc06bbf8ff9ff62234472491c577f54e84329c138d28,16000,16000,1,1,320155,320155
563,p105_00773.wav,p105_00773,data/setta_ears_d_test_20260818/clean/p105_00773.wav,data/setta_ears_d_test_20260818/noisy/p105_00773.wav,1a7633782d9289795627297e77f94309a3779c9e7d5cc400d8dd0b7d6a723960,ab5a8a70f03beee9fc872e60adc6e6629f9a499a5232f5c9a1096ca7fa666304,16000,16000,1,1,223251,223251
564,p105_00777.wav,p105_00777,data/setta_ears_d_test_20260818/clean/p105_00777.wav,data/setta_ears_d_test_20260818/noisy/p105_00777.wav,49cb027c526fa699386b9b5e3519c15816912aa38a8a2fddda5504dabf803017,51f5ecc3b124f13a4d652347dab2069ae37ad03a53336be608a7caf0c1f0ff68,16000,16000,1,1,349591,349591
565,p105_00780.wav,p105_00780,data/setta_ears_d_test_20260818/clean/p105_00780.wav,data/setta_ears_d_test_20260818/noisy/p105_00780.wav,f1f66f772b93f5c84bc7f480bd606818a017c7ab7f94dcf6b007ad1696c1f1c8,150d395ed094f38a5aaef1d65161751f757e2f7dc1df1d9f58c986fb1081a4b4,16000,16000,1,1,180812,180812
566,p105_00784.wav,p105_00784,data/setta_ears_d_test_20260818/clean/p105_00784.wav,data/setta_ears_d_test_20260818/noisy/p105_00784.wav,51d0cee2c636f331f06c493b816fd180f1cd31a143ce1159120a5dde8d8a0b1d,03ac028e921b0c64f18fca13202767f04e26f9d9002d64e1f684e9448949fd82,16000,16000,1,1,169776,169776
567,p105_00789.wav,p105_00789,data/setta_ears_d_test_20260818/clean/p105_00789.wav,data/setta_ears_d_test_20260818/noisy/p105_00789.wav,e4451d5aab8612aa1efd5e25d6c631ad6ebdb08ae8884a404945c8bacfae3c30,206cb83c8c602b90eae416c35225552a32dac2ca560d06d1bf87a9ba97271996,16000,16000,1,1,226790,226790
568,p105_00801.wav,p105_00801,data/setta_ears_d_test_20260818/clean/p105_00801.wav,data/setta_ears_d_test_20260818/noisy/p105_00801.wav,55484e029f4693f16c202f1bffe61ee1a65b516aabf0bff2d1ed0cc465eeb3d6,f400e889ad8288b7da0013b8050f8da6593e66b9d62a20e6d0d13163b24ab231,16000,16000,1,1,165119,165119
569,p105_00802.wav,p105_00802,data/setta_ears_d_test_20260818/clean/p105_00802.wav,data/setta_ears_d_test_20260818/noisy/p105_00802.wav,77d04bc91da449d2cf8cddf3ba693fd4abb1ea6cd0b507986030142358a005ba,cf121c614d883a293162ea09b8cb3bfe51275ff0b8e9fb82496c4f18eec93a37,16000,16000,1,1,242583,242583
570,p105_00807.wav,p105_00807,data/setta_ears_d_test_20260818/clean/p105_00807.wav,data/setta_ears_d_test_20260818/noisy/p105_00807.wav,7b77fb81df8397f4c9c3fb37e6dc191130d2b60548ff255a5da5987990246bf2,eb3295294220f56d71879cdbbad02448b2f2466ce0f0306d19a0988980aca087,16000,16000,1,1,313160,313160
571,p105_00811.wav,p105_00811,data/setta_ears_d_test_20260818/clean/p105_00811.wav,data/setta_ears_d_test_20260818/noisy/p105_00811.wav,d0a7ef764c33bb8cd5aaf9b97810c91954f7cdae1e185cdd5ef76f3ae7d61612,2046f1c449983bb926768c29a43c43ca097d96da1559554d957ef02ba440f018,16000,16000,1,1,305997,305997
572,p105_00820.wav,p105_00820,data/setta_ears_d_test_20260818/clean/p105_00820.wav,data/setta_ears_d_test_20260818/noisy/p105_00820.wav,a893cd5fb778b0a914ee94cf5b6d94a45fee7ca748cd3b8c3e6c2131b8ecc4bc,9534e206a8c037261b590895e330cd1f54145d56c810fe9b860ce03cc53583c6,16000,16000,1,1,329700,329700
573,p105_00821.wav,p105_00821,data/setta_ears_d_test_20260818/clean/p105_00821.wav,data/setta_ears_d_test_20260818/noisy/p105_00821.wav,5168695549de5132fe6793cb60b8ee80a846b3f26f22f8cd4d0d4c1f5255c0ea,ef5b1d7fc20b82b5d17183734bbcccc61546c1f80a41f1c63b406fbcc3eefdeb,16000,16000,1,1,208886,208886
574,p105_00822.wav,p105_00822,data/setta_ears_d_test_20260818/clean/p105_00822.wav,data/setta_ears_d_test_20260818/noisy/p105_00822.wav,8efa86780c4d952804ab715ee4cd2e88f6483f14259fbc54def1a364039366f5,ea36ae698ef2a8d747053d360f38477ee5bcc5026b3abd79c0d6309a3e623996,16000,16000,1,1,257806,257806
575,p105_00837.wav,p105_00837,data/setta_ears_d_test_20260818/clean/p105_00837.wav,data/setta_ears_d_test_20260818/noisy/p105_00837.wav,a736b15caa451d80331cbc778d2a776058bf3900743d0bae32b865bef6150a86,23563b4142c526f308fa33d8de88905c941d50e074b07ae90b7df3f5b72df319,16000,16000,1,1,339294,339294
576,p105_00839.wav,p105_00839,data/setta_ears_d_test_20260818/clean/p105_00839.wav,data/setta_ears_d_test_20260818/noisy/p105_00839.wav,1c7721ac40fb2d139b2189c8701937a7fb738e5b316d2b15a6aa59bd1b94d2f1,9bc36399aa23386a04fd9558977b76ae8b01f4b000103c27609afa6ddc739ce9,16000,16000,1,1,292952,292952
577,p105_00847.wav,p105_00847,data/setta_ears_d_test_20260818/clean/p105_00847.wav,data/setta_ears_d_test_20260818/noisy/p105_00847.wav,fa0873be53f0799ab3bf27706d68182219b7f6145450dba45e7cbf15b2febe9a,712fee563a37d167849e615958f58d268c865e51f42d23fc25b54d909a071247,16000,16000,1,1,316676,316676
578,p105_00849.wav,p105_00849,data/setta_ears_d_test_20260818/clean/p105_00849.wav,data/setta_ears_d_test_20260818/noisy/p105_00849.wav,9c84b6ab09c2304552a1521eae0f0f64e214ca2a045107e3dc0049e7dd05d338,e7cf856667cb1b047806dd9111a74c7029fddb6b1bdbbfddc4e6e0763afa4325,16000,16000,1,1,403623,403623
579,p105_00851.wav,p105_00851,data/setta_ears_d_test_20260818/clean/p105_00851.wav,data/setta_ears_d_test_20260818/noisy/p105_00851.wav,6fceee6dd74df45d8e73e4c676da83a79a28cc82062879ca9c6ef50405a8224e,4f9f66d0cda4d1f874d9556df26530c4626f57b1e88e210b4731c66deba1208c,16000,16000,1,1,236380,236380
580,p105_00857.wav,p105_00857,data/setta_ears_d_test_20260818/clean/p105_00857.wav,data/setta_ears_d_test_20260818/noisy/p105_00857.wav,a707d9ee8744307765b640b4b2649b5ca68b5958a034b26f1288f66d9c011fea,bd8ddd0744e17d8de0527176ce031013a9e3f1f3ee0b3762059c1afc915bd003,16000,16000,1,1,183324,183324
581,p105_00863.wav,p105_00863,data/setta_ears_d_test_20260818/clean/p105_00863.wav,data/setta_ears_d_test_20260818/noisy/p105_00863.wav,4018a885f8c3af2dffbf0a2333e5b58b09f6c68877ba35a27cb80b73014f7c27,bd404bc15b3696256f0026fa038613a25e2acea54176b127e636688f58970aec,16000,16000,1,1,309327,309327
582,p105_00873.wav,p105_00873,data/setta_ears_d_test_20260818/clean/p105_00873.wav,data/setta_ears_d_test_20260818/noisy/p105_00873.wav,223c17c21d9ac90f798dff13b9262c8d392121b40591a17cb38f488acc811125,13729d55d785dfcac7530064f1e9ee3a5100f94f09dd35cef9d37c97f088693d,16000,16000,1,1,200788,200788
583,p105_00876.wav,p105_00876,data/setta_ears_d_test_20260818/clean/p105_00876.wav,data/setta_ears_d_test_20260818/noisy/p105_00876.wav,873e86cc673f03077f28afdef95b1b1183efc885a00af2fc779d9f7c31a57bca,ba06767ab5ededade5d5a43c0a6eaa1dac0f4069234742cda945931c5400edd4,16000,16000,1,1,169774,169774
584,p105_00884.wav,p105_00884,data/setta_ears_d_test_20260818/clean/p105_00884.wav,data/setta_ears_d_test_20260818/noisy/p105_00884.wav,5182ae19ba0ab59b2ef58b5d06b4d16e1cfb96644cdbf631ba7b63f80f22c5a7,a89fe58dcc104107d760cbb56faa351f1e606a24eace54b4a8304b9ced014de0,16000,16000,1,1,260858,260858
585,p106_00000.wav,p106_00000,data/setta_ears_d_test_20260818/clean/p106_00000.wav,data/setta_ears_d_test_20260818/noisy/p106_00000.wav,090605aadf1c646c570b6701ba87956d5b9fd5d58bdd9059097faacec64812a6,266469dff36da1dcd1bacebcb3e35708a7de2eb073949275f39f7e90e9d79eec,16000,16000,1,1,153972,153972
586,p106_00005.wav,p106_00005,data/setta_ears_d_test_20260818/clean/p106_00005.wav,data/setta_ears_d_test_20260818/noisy/p106_00005.wav,69786749e45b111ab1e23f10cd0e3c40f92516e80f6c54b3144007aab275bec6,d9f890c784a2dd5d462054769ff388b3cb3c0e03162b79df6be206135de9b82f,16000,16000,1,1,231541,231541
587,p106_00009.wav,p106_00009,data/setta_ears_d_test_20260818/clean/p106_00009.wav,data/setta_ears_d_test_20260818/noisy/p106_00009.wav,411b82cf77dbb0c40604621eea229387019967e96f641d82b62561fec9dfe783,f640c489df251aaa78d7651c5fb042893ccf3eea6740cd5fbe51ed7bfd200fed,16000,16000,1,1,225573,225573
588,p106_00028.wav,p106_00028,data/setta_ears_d_test_20260818/clean/p106_00028.wav,data/setta_ears_d_test_20260818/noisy/p106_00028.wav,13241169e98ead5fdc53432df5d1ca918ebbcbd7cd938a75badbd195ef7f75b5,bb48e80ac56ff8573044cde7e07b8f299712a439a7c29370a088efb21abc2ee2,16000,16000,1,1,211341,211341
589,p106_00031.wav,p106_00031,data/setta_ears_d_test_20260818/clean/p106_00031.wav,data/setta_ears_d_test_20260818/noisy/p106_00031.wav,cecc51afcdcf0cf766a090a9bbbf89e03518575eee62c09b4b6c9d619d00d238,23973fd39d2b805358eb7f2bb5c0b78a03e9aaa5b85a6dbaf397bb69371dbcf0,16000,16000,1,1,221027,221027
590,p106_00033.wav,p106_00033,data/setta_ears_d_test_20260818/clean/p106_00033.wav,data/setta_ears_d_test_20260818/noisy/p106_00033.wav,e4befe439e9f02d579687edce91aaed3024a189abd3d785396839ce9a6694be3,f7bad7cdebe34ff0769100966a94dba55633303906942fb3a1067a3909874a5d,16000,16000,1,1,248339,248339
591,p106_00039.wav,p106_00039,data/setta_ears_d_test_20260818/clean/p106_00039.wav,data/setta_ears_d_test_20260818/noisy/p106_00039.wav,93cec1563401b1588c64c89cc4c78a2c0e4e533ca9356af83bd4a8295308e087,79f34a6e4a53ec65016c4440fb093032783110fe052319735a44ef94a5692560,16000,16000,1,1,280628,280628
592,p106_00041.wav,p106_00041,data/setta_ears_d_test_20260818/clean/p106_00041.wav,data/setta_ears_d_test_20260818/noisy/p106_00041.wav,19a6efe853880f114c7bedf7b9051412f5bdf0b55dae42fd4544f6f06bd85ba1,26aca70828a67a85a3c6cb76b6a7663a14cb0cb95aaa3158ce5c31d9b7832570,16000,16000,1,1,272818,272818
593,p106_00045.wav,p106_00045,data/setta_ears_d_test_20260818/clean/p106_00045.wav,data/setta_ears_d_test_20260818/noisy/p106_00045.wav,f0578edb3170bdee1126b990069e01a9fac04a06508b92b4ebeed8c63679b449,cc50444ae4a67219f886e8bd51d173b19b4522760d041e3c0a57a7365aca8315,16000,16000,1,1,396348,396348
594,p106_00049.wav,p106_00049,data/setta_ears_d_test_20260818/clean/p106_00049.wav,data/setta_ears_d_test_20260818/noisy/p106_00049.wav,46def720f96823c7b5f65c94394455c9dd4e4ca415509d7c173d6760f4ca4b48,b5bcea9c6178a2b70f0f0329d593250a7890f7b675c5550f06f970a4506463bb,16000,16000,1,1,383854,383854
595,p106_00056.wav,p106_00056,data/setta_ears_d_test_20260818/clean/p106_00056.wav,data/setta_ears_d_test_20260818/noisy/p106_00056.wav,532aed89ddbaf3d4a93cfcac5be12b6e7dac05dbd1399de8f636ac332ba0c8f9,45b3ad9913195b3bd84f759b526c1e6acdcab161affcd2623d28135b8e21a27d,16000,16000,1,1,146835,146835
596,p106_00060.wav,p106_00060,data/setta_ears_d_test_20260818/clean/p106_00060.wav,data/setta_ears_d_test_20260818/noisy/p106_00060.wav,022644a9db5b8eba097866ea37254b799bd5a6389a39a24d408445764ea99f91,79928e3a69980ba1be2047bdc7d809c897a37506e265e76a7707ac1b0eec11b0,16000,16000,1,1,249359,249359
597,p106_00064.wav,p106_00064,data/setta_ears_d_test_20260818/clean/p106_00064.wav,data/setta_ears_d_test_20260818/noisy/p106_00064.wav,f65c426cd44ca31d5c4d2f11c2aa135c5699af5cdd613d876c48fe7087dc1daf,7a96bcc2417db6c6b4185e46143cc032b5c45ff773b433b0b717543d975045ab,16000,16000,1,1,283647,283647
598,p106_00099.wav,p106_00099,data/setta_ears_d_test_20260818/clean/p106_00099.wav,data/setta_ears_d_test_20260818/noisy/p106_00099.wav,d113206c9c6e149f0ab1e4113ec353b02357d51ca9f2003f9b5f7417f095a847,3d29bf43c05fbf52b4f9c76c619cf1d5c354d8c11b20345b933458457cfe1ec1,16000,16000,1,1,320959,320959
599,p106_00104.wav,p106_00104,data/setta_ears_d_test_20260818/clean/p106_00104.wav,data/setta_ears_d_test_20260818/noisy/p106_00104.wav,ffdfb63c31d0cf7f7726a3aba69bc24346931cae96644a47bb097372c8014d87,3f9d26d2688e928d3fdd236ab7fb8bf987e1a7257f7c614f69faa7e748c68f10,16000,16000,1,1,196671,196671
600,p106_00105.wav,p106_00105,data/setta_ears_d_test_20260818/clean/p106_00105.wav,data/setta_ears_d_test_20260818/noisy/p106_00105.wav,5096b02cf80f9cedcafd674844dea2a1fce0ea31facd70582f46f45a5eb0ee34,178e7d9eb84f7bdba049d4d60875a7013dd153cfcd4927e9cbc2574aea868d42,16000,16000,1,1,183459,183459
601,p106_00109.wav,p106_00109,data/setta_ears_d_test_20260818/clean/p106_00109.wav,data/setta_ears_d_test_20260818/noisy/p106_00109.wav,4a22d427c84c2b3c4c94e79d3d94e77fe1333a6943d7785aba4123af68b1418c,858c2253f2122fdbc2a30bd7a7bb0038df0005329e5e81b8da040a7d6bc3491d,16000,16000,1,1,352839,352839
602,p106_00123.wav,p106_00123,data/setta_ears_d_test_20260818/clean/p106_00123.wav,data/setta_ears_d_test_20260818/noisy/p106_00123.wav,21810d2052983fd41b7c2cee0e15a2241ee8b49e3ec962b40949b44e6314c010,b2b4f0b52746b6279124ca8f2b2a7beb10fade2342d8252b50d855604fa8d013,16000,16000,1,1,200815,200815
603,p106_00127.wav,p106_00127,data/setta_ears_d_test_20260818/clean/p106_00127.wav,data/setta_ears_d_test_20260818/noisy/p106_00127.wav,4daa3f5251e6d452f0c986c9b53af6cb9cde7d4d109f93128ddf971ff4d166de,2b545200382e594d04f81c50633ac81210b8b47a107ee86c4e82cae69dd59321,16000,16000,1,1,233811,233811
604,p106_00129.wav,p106_00129,data/setta_ears_d_test_20260818/clean/p106_00129.wav,data/setta_ears_d_test_20260818/noisy/p106_00129.wav,b6e1907548313381afb3601eff98bd0787260636c8034b5bf999e01d39a8bbf3,76c0720094f0601339380d0f8db35f5589376db8002e7736ba906fa08e0bd52a,16000,16000,1,1,287364,287364
605,p106_00146.wav,p106_00146,data/setta_ears_d_test_20260818/clean/p106_00146.wav,data/setta_ears_d_test_20260818/noisy/p106_00146.wav,c5321307a271ada39b2d110b4191826da986893cefcd747698eae9455c6f645f,0929e986f3dacf393640dbbe58434303c4de49865c987dc8d7090f10b5a5b59e,16000,16000,1,1,179063,179063
606,p106_00149.wav,p106_00149,data/setta_ears_d_test_20260818/clean/p106_00149.wav,data/setta_ears_d_test_20260818/noisy/p106_00149.wav,99c5e98fac75f8e6b21bbca0b5d165fa1a08f1f8db0e2a889a7c51c1013fbc32,4b435998b3e7731cdd08cd25eda9fc2465dcec9563062a0b16f72a44768c2d8d,16000,16000,1,1,222586,222586
607,p106_00152.wav,p106_00152,data/setta_ears_d_test_20260818/clean/p106_00152.wav,data/setta_ears_d_test_20260818/noisy/p106_00152.wav,0d12b9c81a3ddf73567f4569cbdc3ca8faa8b7d0770f3e4ada662ada85f14143,21f156c336577c83d1647338a13d90f2050780bebff70d8937449d1a9e23f11f,16000,16000,1,1,305365,305365
608,p106_00155.wav,p106_00155,data/setta_ears_d_test_20260818/clean/p106_00155.wav,data/setta_ears_d_test_20260818/noisy/p106_00155.wav,4a63ac81e469f275c7b4de8f021d106b16c492ea050c1cc68a7ceaf3becd17e9,9e8c5492b7a95c433bda2112a9a118f6adbadba8a900b11be74ef740c8670f0d,16000,16000,1,1,228738,228738
609,p106_00157.wav,p106_00157,data/setta_ears_d_test_20260818/clean/p106_00157.wav,data/setta_ears_d_test_20260818/noisy/p106_00157.wav,f2809f6e082f2cb6d1926138b3f7d8b3fa24b8e5ae95f7b0415d976db16bda7a,eeb154d9399f27b674254f2e6908e3c938de8cf66f3f51436c1a5e4d89dbbd0f,16000,16000,1,1,263125,263125
610,p106_00165.wav,p106_00165,data/setta_ears_d_test_20260818/clean/p106_00165.wav,data/setta_ears_d_test_20260818/noisy/p106_00165.wav,0b8ad940c538caacc81ef8b9a65f577c1b8a355d1bb3a471abb342511c15dba1,49e32fabc3bc9bb5b96fbd944a78f775410092b74e263efc0dffd9be62d63f8e,16000,16000,1,1,250044,250044
611,p106_00169.wav,p106_00169,data/setta_ears_d_test_20260818/clean/p106_00169.wav,data/setta_ears_d_test_20260818/noisy/p106_00169.wav,3f27fae20aa964604d2d7c31a260b2b8d58203f63efc236613e2117afa6002b3,e926b8637db12bf2032622c6d5e13f2e01dc87e6bcb271e1dd3baffbfbb8491b,16000,16000,1,1,237915,237915
612,p106_00171.wav,p106_00171,data/setta_ears_d_test_20260818/clean/p106_00171.wav,data/setta_ears_d_test_20260818/noisy/p106_00171.wav,1227bff723576d837e91ada354d6665387a4ccb647f57457fc142fcdd540b8b1,7652e785ccfce1474ae3c7f13cf7b338a99e156ddb73bc9e2c531a01b2621bfd,16000,16000,1,1,253938,253938
613,p106_00178.wav,p106_00178,data/setta_ears_d_test_20260818/clean/p106_00178.wav,data/setta_ears_d_test_20260818/noisy/p106_00178.wav,1edf4d12c0d3b5ea408b1d06c9a4620b2e912cda9014aa699bcc5adbb5a528fb,f56b921a1533a748bf4629485e453366bfd4dd4e4d6e0889fc4ae6a6f407531a,16000,16000,1,1,221649,221649
614,p106_00187.wav,p106_00187,data/setta_ears_d_test_20260818/clean/p106_00187.wav,data/setta_ears_d_test_20260818/noisy/p106_00187.wav,8657728d402773dfefbdd876aa2018a0480db52618aa9909e4dff0cb74e9238b,c47cda9c73603dab156f13cce05cf7435de44e38f5e782c9f45a602e5e7cceb9,16000,16000,1,1,263602,263602
615,p106_00195.wav,p106_00195,data/setta_ears_d_test_20260818/clean/p106_00195.wav,data/setta_ears_d_test_20260818/noisy/p106_00195.wav,954cc17dff47a1b23359439ddfbd36aa1c44658a85f2a94d0bc93171fea9300f,0df9c1df11506139f0abb7924f31c731819c92acb4b80925463b0de35cf1712f,16000,16000,1,1,401448,401448
616,p106_00196.wav,p106_00196,data/setta_ears_d_test_20260818/clean/p106_00196.wav,data/setta_ears_d_test_20260818/noisy/p106_00196.wav,8ff49786167f03bfeab76bb4ba3b55e07517ebcc5d4848a10dcffbd373399a64,66480efa5d1dde0e5f5f8e9cbde884e4b8184c58fb3f5407120537f29b882d85,16000,16000,1,1,272518,272518
617,p106_00198.wav,p106_00198,data/setta_ears_d_test_20260818/clean/p106_00198.wav,data/setta_ears_d_test_20260818/noisy/p106_00198.wav,799a99e4bc7c70cf300e450965a221aa2af68b883c25af8e48e6f02eb4a6b5fa,217b89c16de8f3d389f0e7d73db22082e90a101f240f2cf4be8f4957b2e6ad9d,16000,16000,1,1,226930,226930
618,p106_00199.wav,p106_00199,data/setta_ears_d_test_20260818/clean/p106_00199.wav,data/setta_ears_d_test_20260818/noisy/p106_00199.wav,c180de22a9e09743454ef8c61d5a4696961cf9796d9535c73e7c006512016c72,53071e0c40bd5dc7c3e6b58361c257de49c184d522d6a219f59fb705ee6e6b31,16000,16000,1,1,253645,253645
619,p106_00204.wav,p106_00204,data/setta_ears_d_test_20260818/clean/p106_00204.wav,data/setta_ears_d_test_20260818/noisy/p106_00204.wav,ab84a835a8596e811a16c360441b79af5f04e134fd6485c79cb2dfdce66a6186,94c43aef1195433db0fc0c296dac5eb5c5ef1dfdbd0f85790fbe8811646de53b,16000,16000,1,1,165196,165196
620,p106_00207.wav,p106_00207,data/setta_ears_d_test_20260818/clean/p106_00207.wav,data/setta_ears_d_test_20260818/noisy/p106_00207.wav,0a6cde08037d531dc8f4e2609295515a7fb2754be9b8af1f43c609337ebef215,43fa1363c7b987fbd2c9fdc874b48d1189f9371d1743b34f4cf0a29a5e424ca7,16000,16000,1,1,253583,253583
621,p106_00208.wav,p106_00208,data/setta_ears_d_test_20260818/clean/p106_00208.wav,data/setta_ears_d_test_20260818/noisy/p106_00208.wav,af0eac975b1035ffe0f733ef4032cd314db8767ef4b29d522279de206c234a6d,f71202df7a843089b5c5598e7473030ace07d785026be9dd4df6bdc78b42986c,16000,16000,1,1,130488,130488
622,p106_00211.wav,p106_00211,data/setta_ears_d_test_20260818/clean/p106_00211.wav,data/setta_ears_d_test_20260818/noisy/p106_00211.wav,dd0eba4fc56b60bccec48c8004d97b5c6bc7b8786f5f70d4e213e5d0201240ab,362cf05b89492ba81eea85a091d89904106a8d3e3c5ec428490f2010103a82e9,16000,16000,1,1,144925,144925
623,p106_00220.wav,p106_00220,data/setta_ears_d_test_20260818/clean/p106_00220.wav,data/setta_ears_d_test_20260818/noisy/p106_00220.wav,d2fdb22248ec787e4a624dbb0d43547a373c39236cb637b376ef4655aefb6cd2,8dd708de7302fc16cd9c2fb4e4a156a9c210b5a4194dbede9d1a73ea69bf5b20,16000,16000,1,1,259769,259769
624,p106_00223.wav,p106_00223,data/setta_ears_d_test_20260818/clean/p106_00223.wav,data/setta_ears_d_test_20260818/noisy/p106_00223.wav,6798d0170c9ad45204447231a69ee8498465434ce3d8c299ce43c321dfe5ddd8,117a0882d6687036eb9f4df7ab021704efa7e1c26fc499c4ccf2aeee038455e9,16000,16000,1,1,286252,286252
625,p106_00228.wav,p106_00228,data/setta_ears_d_test_20260818/clean/p106_00228.wav,data/setta_ears_d_test_20260818/noisy/p106_00228.wav,9f0346056c589487a93ad5cba5e66ba895edc9039d1f9d92fe968cc1e56282d5,842c2ce41d5ecfd102f4d7c6b94d2143c14cb363b815e338fac92aa7f7ad4424,16000,16000,1,1,283616,283616
626,p106_00240.wav,p106_00240,data/setta_ears_d_test_20260818/clean/p106_00240.wav,data/setta_ears_d_test_20260818/noisy/p106_00240.wav,0d03b8078952a567f92f6b6473f30d5b01d0eba38301a08de4f120e5428c8342,24ba684fc86349571d0a8b4de59c1cea5bf8007eb36463804c2ab610035a3c3c,16000,16000,1,1,183848,183848
627,p106_00251.wav,p106_00251,data/setta_ears_d_test_20260818/clean/p106_00251.wav,data/setta_ears_d_test_20260818/noisy/p106_00251.wav,2e043af1d2c9b73aa958de094a11b539fbfcd19367e7bb8823e8a544b6c27777,6bbdc71f5c8e5fe7c6871de3683a8b1f35df9fd509131bd5af81f05f165f048b,16000,16000,1,1,309132,309132
628,p106_00253.wav,p106_00253,data/setta_ears_d_test_20260818/clean/p106_00253.wav,data/setta_ears_d_test_20260818/noisy/p106_00253.wav,555acbb3a9b6805eaee328051b40b687f6980ebeaa7843857696274c72c0931d,bed3e783ee7aebb49e74579bac0a9f65a09ef5c391f973c0dd422801eba3b599,16000,16000,1,1,224395,224395
629,p106_00277.wav,p106_00277,data/setta_ears_d_test_20260818/clean/p106_00277.wav,data/setta_ears_d_test_20260818/noisy/p106_00277.wav,bed98e0b6b72b2a2564c4125d65f24030f81b9894039be9be6b70e4baef280af,697fce553fd5ef9718f4143ae993cd98a29d9156908471ef73292ac7dbeff5dc,16000,16000,1,1,364623,364623
630,p106_00283.wav,p106_00283,data/setta_ears_d_test_20260818/clean/p106_00283.wav,data/setta_ears_d_test_20260818/noisy/p106_00283.wav,369d1bb524d4d31a63eafe22431add85f22bfe4bbb3b916ca65e4e7fe49c9605,904a1b5d2f092a4bb030f627418fcb6c8cc9ae2b93b1e1b716b542c6b328e1ff,16000,16000,1,1,261800,261800
631,p106_00287.wav,p106_00287,data/setta_ears_d_test_20260818/clean/p106_00287.wav,data/setta_ears_d_test_20260818/noisy/p106_00287.wav,79dbd61f950830f031373c6dc14b4011cd2fc64e90958501d80e999d15041c20,ab899a76e8490c62c38ec4ae8e1cb39fad55c04b65b0c87da71e87947ce61303,16000,16000,1,1,180965,180965
632,p106_00291.wav,p106_00291,data/setta_ears_d_test_20260818/clean/p106_00291.wav,data/setta_ears_d_test_20260818/noisy/p106_00291.wav,34ea5215bd4dcbace5961e63ad8f39cca4331bd8b7cc6c061a92541e45a89748,8428de7fa212b6fd93aaa182882a946672874bf4d8f2396ac8165b743b904d96,16000,16000,1,1,240065,240065
633,p106_00293.wav,p106_00293,data/setta_ears_d_test_20260818/clean/p106_00293.wav,data/setta_ears_d_test_20260818/noisy/p106_00293.wav,23b19a3d2c49530dbf38f54297d960818fc8a7855bba13395525352a2791e581,747b7423ea415b259189657c2fceb78462f6e89c0ef1294b5b07de09058c56a7,16000,16000,1,1,326625,326625
634,p106_00335.wav,p106_00335,data/setta_ears_d_test_20260818/clean/p106_00335.wav,data/setta_ears_d_test_20260818/noisy/p106_00335.wav,5d56675924c3a4b11a5e7d41138a524cb5d1081db7a857bd95287b13677d8de7,75b82efaccbab25a1baf7370dd90b688676197dc6ebaa647daf5d93d78f179cb,16000,16000,1,1,313517,313517
635,p106_00338.wav,p106_00338,data/setta_ears_d_test_20260818/clean/p106_00338.wav,data/setta_ears_d_test_20260818/noisy/p106_00338.wav,df52adf3068fe302e9b33609417548cc1c9640a9cfdd38f114d7df66ee876a7e,573edac8ecd83f6cff42dd2bcd8da6da82b8bc314dbf4dbe5cff9bd3adc71520,16000,16000,1,1,251976,251976
636,p106_00339.wav,p106_00339,data/setta_ears_d_test_20260818/clean/p106_00339.wav,data/setta_ears_d_test_20260818/noisy/p106_00339.wav,822b75cc4cea7d6f83c4959246f4605fb7889a2d1894a037bda5cd547be64fef,176702220008320bb2e7a50e7d84e4a947a06882d4f94d2bf1808ae6f3f1abd2,16000,16000,1,1,146900,146900
637,p106_00341.wav,p106_00341,data/setta_ears_d_test_20260818/clean/p106_00341.wav,data/setta_ears_d_test_20260818/noisy/p106_00341.wav,5d6b8e30793bd2fd2310261b5724cd679c1ed1f1e3d8be372cb14a0eeef73e67,3ecf2c46ef3ec00ad9fc22349a13fc40604e45f59e5232ab0254f983250f5783,16000,16000,1,1,338964,338964
638,p106_00342.wav,p106_00342,data/setta_ears_d_test_20260818/clean/p106_00342.wav,data/setta_ears_d_test_20260818/noisy/p106_00342.wav,cb13686968ccf5a221ec9f7add1332fc650ff8912f46729fe9c986bf1ce88196,c421bc2bf4da472450f0bb972d02c567258c5329ea28079376d07c6e81d177ad,16000,16000,1,1,327680,327680
639,p106_00351.wav,p106_00351,data/setta_ears_d_test_20260818/clean/p106_00351.wav,data/setta_ears_d_test_20260818/noisy/p106_00351.wav,ffdc7f647fbec0048f16f61ff0844b357df1cf932c8290980f007b2a5085ab14,2ee21ffafab19404098830dfaa16a42dd7b8f43046aca64dca13543d6b825892,16000,16000,1,1,437818,437818
640,p106_00352.wav,p106_00352,data/setta_ears_d_test_20260818/clean/p106_00352.wav,data/setta_ears_d_test_20260818/noisy/p106_00352.wav,413a820f34d5667d301549ec8afe0e9191d365868f1aa2a6b67b194b59f46f17,107515a867671dd8b37b5d542b97c07397c55f62332bd40da58c51f97f69539e,16000,16000,1,1,263741,263741
641,p106_00374.wav,p106_00374,data/setta_ears_d_test_20260818/clean/p106_00374.wav,data/setta_ears_d_test_20260818/noisy/p106_00374.wav,3be2b437ae4545093b5a72b91feeb47134ab57c909790569508ff06ed833ca5a,82765c0715836f6a4b03800879e8dbb8202817cecda5ba9635da9adc4668cce3,16000,16000,1,1,185307,185307
642,p106_00388.wav,p106_00388,data/setta_ears_d_test_20260818/clean/p106_00388.wav,data/setta_ears_d_test_20260818/noisy/p106_00388.wav,d3656482532baadc05786884d72c9d45fec6d13df29586f43d9525c400362d01,1ba2cc011b5f882d39c6364f4a11271618aff6255bc0465c119e0bc1fca99ab7,16000,16000,1,1,277643,277643
643,p106_00399.wav,p106_00399,data/setta_ears_d_test_20260818/clean/p106_00399.wav,data/setta_ears_d_test_20260818/noisy/p106_00399.wav,7e8317cde032b62f7434eed45551f95d4462d276336b293df4f995442e2f5afb,f0a0c536e42c333c80a50117fe64e49d015e2c58e188ec4ef346ef548b0a5a48,16000,16000,1,1,441628,441628
644,p106_00414.wav,p106_00414,data/setta_ears_d_test_20260818/clean/p106_00414.wav,data/setta_ears_d_test_20260818/noisy/p106_00414.wav,35c4de602a1e9ad9baac7b24d4546ad3ef11294ecd81c5d9c5aa56d2aa6bd299,09e33863bd743a24ffd6d00d6442566fd53c290ddc834a6ac7af6983bd35b2be,16000,16000,1,1,270962,270962
645,p106_00416.wav,p106_00416,data/setta_ears_d_test_20260818/clean/p106_00416.wav,data/setta_ears_d_test_20260818/noisy/p106_00416.wav,40a7e0bbf47c140b768de242e28c4e6dbb3c7311522b4bbdec08ace45281e4ca,7843d0d82e80243b23427d56f3ba47e90f48eccf6abb6daa1065ad34b40d15fa,16000,16000,1,1,303509,303509
646,p106_00419.wav,p106_00419,data/setta_ears_d_test_20260818/clean/p106_00419.wav,data/setta_ears_d_test_20260818/noisy/p106_00419.wav,1092bbe090db8448c55891c2236202ab3c0e5533de71256659d2ac03b905f54c,6c600b3fb32b424232d96c4b06f771fb7b952fa1070a2299f32a8aa36cbf3aff,16000,16000,1,1,197801,197801
647,p106_00421.wav,p106_00421,data/setta_ears_d_test_20260818/clean/p106_00421.wav,data/setta_ears_d_test_20260818/noisy/p106_00421.wav,987e8aa2aabf8f805feee42a6b505b95b4144afefc8d0d9751d55e9c6a1a9275,a1501db772d26ed0bcb79cc9028cdb4443829581d52fbd494fe5adb28c7ea23b,16000,16000,1,1,331783,331783
648,p106_00424.wav,p106_00424,data/setta_ears_d_test_20260818/clean/p106_00424.wav,data/setta_ears_d_test_20260818/noisy/p106_00424.wav,7a41e62be3b5b5418ec73b7dec76318073e3c91fcc2a8a8594f1f568fcc9d5f4,e59d77cf2e210547456863913e01aee2d960b187c47a31e81df1aaf98ec92124,16000,16000,1,1,282356,282356
649,p106_00426.wav,p106_00426,data/setta_ears_d_test_20260818/clean/p106_00426.wav,data/setta_ears_d_test_20260818/noisy/p106_00426.wav,0319e4c33ea6698cd63bd1fe05efa5bf64ecc8966ceffa8157055d4f180a78b5,019003a15d8219d7e6d7b5e56e8530afacacf33fb3f5a0b967d072726e61bc8e,16000,16000,1,1,246600,246600
650,p106_00429.wav,p106_00429,data/setta_ears_d_test_20260818/clean/p106_00429.wav,data/setta_ears_d_test_20260818/noisy/p106_00429.wav,a5cb2fe20be8284b23d109f40fd81e3bdc911083258c4742ce665a38975eb599,c63206cbf3806cf7449530c858ec4f02fc9b629cb851607405763e07eb85c939,16000,16000,1,1,205690,205690
651,p106_00432.wav,p106_00432,data/setta_ears_d_test_20260818/clean/p106_00432.wav,data/setta_ears_d_test_20260818/noisy/p106_00432.wav,5596ba30f0f924c9f6a64dd1634945ff4cf4ba5ac562cbe8b489f5a541d3c1cb,54db6197ba2a94561e95991d0fd30c094a4d8af419b1edc7d16a7edf8a3f5be1,16000,16000,1,1,343388,343388
652,p106_00435.wav,p106_00435,data/setta_ears_d_test_20260818/clean/p106_00435.wav,data/setta_ears_d_test_20260818/noisy/p106_00435.wav,d9504648f9b8ac26030d73e4339cb3a5d59e8e239d27360d4fe5ee8165ee260d,364529ec6f281a97d7d7fb3e625ad9fee7924875a51822d25d6599a16e489392,16000,16000,1,1,163191,163191
653,p106_00457.wav,p106_00457,data/setta_ears_d_test_20260818/clean/p106_00457.wav,data/setta_ears_d_test_20260818/noisy/p106_00457.wav,6b8bebd554eebc94d692f5103b49b285c2ce22d207e5c147677564968aef92ee,2c415c496ed0ce5ab6863f7a80ff0eb4908966a387ce46c61f9aca3b87b17703,16000,16000,1,1,243604,243604
654,p106_00458.wav,p106_00458,data/setta_ears_d_test_20260818/clean/p106_00458.wav,data/setta_ears_d_test_20260818/noisy/p106_00458.wav,1648eb0cc0b1f6e7dcd6bd261d2d6a7740ab03c8b38f7fc9fad3931140c90d0a,6aa2ae2cc3b2746f8b40ea29a17c4d4ba4d2157c7af6ac05eccfbcb6db6b141b,16000,16000,1,1,239033,239033
655,p106_00462.wav,p106_00462,data/setta_ears_d_test_20260818/clean/p106_00462.wav,data/setta_ears_d_test_20260818/noisy/p106_00462.wav,8b7ad091671513f077c29228cc2b5141de00b5f8c6d100460931e25446b78887,f1372bc797d5f18e43b1b3ab3c6a3907f78e85b4e7bd135a93cf349631f616b8,16000,16000,1,1,186047,186047
656,p106_00471.wav,p106_00471,data/setta_ears_d_test_20260818/clean/p106_00471.wav,data/setta_ears_d_test_20260818/noisy/p106_00471.wav,ad05d5b30e43bb945c1efc1a17fc98825aa4baf85713049989edebd99da4fbf5,dfee68fb0b85e55e75696ef09c8750c1b33a9a14ec44277c7d901d96ad8cd861,16000,16000,1,1,248832,248832
657,p106_00502.wav,p106_00502,data/setta_ears_d_test_20260818/clean/p106_00502.wav,data/setta_ears_d_test_20260818/noisy/p106_00502.wav,9974c3d17f385c2934885f528b998ce577c1719e91da7d34a2aeba7d240bb4da,266163a05e6695b03d57f4d47995fc0f7650b3f4c8d1001700ac60924d85ff7f,16000,16000,1,1,194225,194225
658,p106_00512.wav,p106_00512,data/setta_ears_d_test_20260818/clean/p106_00512.wav,data/setta_ears_d_test_20260818/noisy/p106_00512.wav,5d8538882b78a09c0a2d2c9082990248cd7d1c9f4736511a7787079f63a5abe2,909971fd1672a8fc8d4a792ba5827c506036459ef5275596fcd4cdf6079d83f7,16000,16000,1,1,300127,300127
659,p106_00521.wav,p106_00521,data/setta_ears_d_test_20260818/clean/p106_00521.wav,data/setta_ears_d_test_20260818/noisy/p106_00521.wav,de9f0f6cf0d55e7c2f1e78bb2024418904ea4b33add322ace686cbe22f066e0a,ef9846b3452b091165054078b2ccd9dda4f29f913762230ad5d57ac02237689f,16000,16000,1,1,276144,276144
660,p106_00524.wav,p106_00524,data/setta_ears_d_test_20260818/clean/p106_00524.wav,data/setta_ears_d_test_20260818/noisy/p106_00524.wav,3080686f3448686d7c04c2827b937eeaa490f9492975bb39111d676d8abea7d3,b4adf79db1120b101949a442885cf768311ca7eabd0918e1588e3ab52e81c436,16000,16000,1,1,272747,272747
661,p106_00538.wav,p106_00538,data/setta_ears_d_test_20260818/clean/p106_00538.wav,data/setta_ears_d_test_20260818/noisy/p106_00538.wav,903534d9211e7d4f80a8154876d4198c08f0e74ea3586b5af7b915adaceac448,8ba724769d2eeab4150aa2da62cbf153d2cc24654c04f6bd21b27397b350efa8,16000,16000,1,1,270377,270377
662,p106_00546.wav,p106_00546,data/setta_ears_d_test_20260818/clean/p106_00546.wav,data/setta_ears_d_test_20260818/noisy/p106_00546.wav,421f9a7bd870539657a002b1daad5a079dd3fd6d1a9f0222548961ca75295286,9d888cf64ddad2847cf0d1091ff66a3b26ef0fa6e4b7331c888bcb0d6b2d2680,16000,16000,1,1,266535,266535
663,p106_00548.wav,p106_00548,data/setta_ears_d_test_20260818/clean/p106_00548.wav,data/setta_ears_d_test_20260818/noisy/p106_00548.wav,0a064031671d394c79229ebdf243f2f7dfb807ff571f5d77287b7643e166b52f,f74b5703ab02208b6ee0ca56a031833a8fd796549cdc474d5665471be9d25999,16000,16000,1,1,292879,292879
664,p106_00556.wav,p106_00556,data/setta_ears_d_test_20260818/clean/p106_00556.wav,data/setta_ears_d_test_20260818/noisy/p106_00556.wav,99cd1d9655533331de18dd8570416693cc00c5400ae8fdb674a9d72e81e53bef,0f7cb14464793607dbff4de85a8d77744bff1823d165f5b086e2bdd2c43cf63b,16000,16000,1,1,192796,192796
665,p106_00557.wav,p106_00557,data/setta_ears_d_test_20260818/clean/p106_00557.wav,data/setta_ears_d_test_20260818/noisy/p106_00557.wav,4b4efc0ced72a07d8285627b5cc9726e032097b24ad1e1135b19cb6adf7ce0ae,bdda8d199e9b3076eac446a1b5bd64e4dae5c323e1352c654ed065356c2b0e6a,16000,16000,1,1,266670,266670
666,p106_00558.wav,p106_00558,data/setta_ears_d_test_20260818/clean/p106_00558.wav,data/setta_ears_d_test_20260818/noisy/p106_00558.wav,9ba4dca74ad2301bee4c72def8b72680382c9059e2b187bd685376db4bc2140b,fbe47dd486213ea6e784a4cd94eb47c4b9186330ff5388f0734c91811bbe3f35,16000,16000,1,1,268697,268697
667,p106_00559.wav,p106_00559,data/setta_ears_d_test_20260818/clean/p106_00559.wav,data/setta_ears_d_test_20260818/noisy/p106_00559.wav,bfdd8e555b317f7a4e716af8360cdf45ce2f8247eb72ef1232e5173c83fee7ba,65d57b73762a55339c7f41ff4fee57394d438067e4f19d6b7a5b1e465349e60d,16000,16000,1,1,223747,223747
668,p106_00560.wav,p106_00560,data/setta_ears_d_test_20260818/clean/p106_00560.wav,data/setta_ears_d_test_20260818/noisy/p106_00560.wav,4112f46e6b01e6e06907d3dc825de6cf19d4b983823cf5c9a7445aa341a18553,d3f5af90534b02cf673450a4d76a871d2e8006225b32159fb23c18ac5813062f,16000,16000,1,1,263431,263431
669,p106_00561.wav,p106_00561,data/setta_ears_d_test_20260818/clean/p106_00561.wav,data/setta_ears_d_test_20260818/noisy/p106_00561.wav,c71d567452d970eae68594f764b6dbda0d0300b620e5732abb877bf425e45e57,c6d2da013e28457063857b138bde9ae8d85d8c160c219b6db4575a09a4cd5351,16000,16000,1,1,212185,212185
670,p106_00562.wav,p106_00562,data/setta_ears_d_test_20260818/clean/p106_00562.wav,data/setta_ears_d_test_20260818/noisy/p106_00562.wav,82602fe7c79bd9df227b0d6c03328aeea5bf6537e43ac104bc5c9c37a59ab6b4,bb1d25711bf52308cd956a25f965eb5b6c8e5ad5c326beeccaa1e9fe09d8f038,16000,16000,1,1,150229,150229
671,p106_00563.wav,p106_00563,data/setta_ears_d_test_20260818/clean/p106_00563.wav,data/setta_ears_d_test_20260818/noisy/p106_00563.wav,da10089ef5e7954d0e22460500d2e5548307b931f96d73c23672a1d72c444abf,58f533e87509e8f9b2cb4a3c391e41cd35ac928f3ae22033b24d37218a23622c,16000,16000,1,1,179836,179836
672,p106_00564.wav,p106_00564,data/setta_ears_d_test_20260818/clean/p106_00564.wav,data/setta_ears_d_test_20260818/noisy/p106_00564.wav,3ce0f8d261ac2c94c38f151cf9d89884dd82cd4063cc51f2a85b09c10bb950f8,53fb899be7b7c057c71a6acfb9f5cc513dd30c78d4b7ed56cf35c3dc3d36b148,16000,16000,1,1,220411,220411
673,p106_00565.wav,p106_00565,data/setta_ears_d_test_20260818/clean/p106_00565.wav,data/setta_ears_d_test_20260818/noisy/p106_00565.wav,797e2c5097b6cd0d4eccc05a973afc8f05ecebc46b6df646927a089cd6fefac1,fd9ddc382e52c470e63f8f1e29f05c3aa45ada4de51d8a7e4bbc818f53cb9818,16000,16000,1,1,162005,162005
674,p106_00566.wav,p106_00566,data/setta_ears_d_test_20260818/clean/p106_00566.wav,data/setta_ears_d_test_20260818/noisy/p106_00566.wav,0e0c9f13b74b3b5d1c22347103cd51b6bfd361069abbd81ed141e2d409b8820c,c425d9b62a2e158a0b1e1b49bed7fe5218b2ce5e46f48e66542f3f48a31e7964,16000,16000,1,1,127549,127549
675,p106_00567.wav,p106_00567,data/setta_ears_d_test_20260818/clean/p106_00567.wav,data/setta_ears_d_test_20260818/noisy/p106_00567.wav,79927518fb4ac63f7bcb4925c7840d11c53c6f90503205bcef1256d6284d3b68,c7e2ae74f5f2688e8b6d1ca8c86dc5ef38cf585804cc1587263c81a3cc686614,16000,16000,1,1,247153,247153
676,p106_00568.wav,p106_00568,data/setta_ears_d_test_20260818/clean/p106_00568.wav,data/setta_ears_d_test_20260818/noisy/p106_00568.wav,c95e7d305d763620e8aaa9e0de1755362919229cf57ef9b0947ad75c96ad0642,e2484d68c832b9dd4f00bec60bd74d600b57b7e755d3ffd4997f4c1ce8f92f73,16000,16000,1,1,176538,176538
677,p106_00569.wav,p106_00569,data/setta_ears_d_test_20260818/clean/p106_00569.wav,data/setta_ears_d_test_20260818/noisy/p106_00569.wav,8602e03681aeb82c371853193dc904146434a31249cdc9b745054703e66fcfc0,e9d529f5f7c9cb317c06894f05a74b22bd9e8ca7a1dc756e0b2f374e62eb8b45,16000,16000,1,1,224644,224644
678,p106_00570.wav,p106_00570,data/setta_ears_d_test_20260818/clean/p106_00570.wav,data/setta_ears_d_test_20260818/noisy/p106_00570.wav,8c10ab92ac1cbfe27ade4347109515e77ea55e9f3be7c4c91fe91a8d01189cf6,dc527f42304c89a5ce39fff3d8d8ca94be825bc52ac2e40b55694abb63f38e2b,16000,16000,1,1,154356,154356
679,p106_00571.wav,p106_00571,data/setta_ears_d_test_20260818/clean/p106_00571.wav,data/setta_ears_d_test_20260818/noisy/p106_00571.wav,e48b3110a45f8cf3009bc84fbd25c385787a7c05829d7843c158db36865b81e6,532bfd20aba8ed184a40c65a3da7c4e730584fdb2a881c7e4e3bbe8d3c61adeb,16000,16000,1,1,349711,349711
680,p106_00572.wav,p106_00572,data/setta_ears_d_test_20260818/clean/p106_00572.wav,data/setta_ears_d_test_20260818/noisy/p106_00572.wav,c8e841dc428d2583b8bccc1af78b4c0e2e6a7bb02b965746d211c9c2c265c3a2,5d53bc3af1a3e0c670b7ea0e385efee8e635a08edcf1922cdc94b81040fb242a,16000,16000,1,1,180587,180587
681,p106_00579.wav,p106_00579,data/setta_ears_d_test_20260818/clean/p106_00579.wav,data/setta_ears_d_test_20260818/noisy/p106_00579.wav,e3be6fa19da79ab026c7ef8bb81e414955d18385bcd8c8e809feff87b4264ba4,ca243cba10fa1551637f17fd6dbd823ece1cd881e1bc92b517f4115127ba2283,16000,16000,1,1,262008,262008
682,p106_00586.wav,p106_00586,data/setta_ears_d_test_20260818/clean/p106_00586.wav,data/setta_ears_d_test_20260818/noisy/p106_00586.wav,cf052a895999e33460f8b68d528e73894588f0ba9d4516bbf0ae65b4d4fe36a6,e8be515b5506fa3ed5f857c78d375d2bd95cef95b9d880f1992e5194c6e974c7,16000,16000,1,1,231384,231384
683,p106_00589.wav,p106_00589,data/setta_ears_d_test_20260818/clean/p106_00589.wav,data/setta_ears_d_test_20260818/noisy/p106_00589.wav,c356e7dcf5736fa85fb0ae42c9063772c13c8660b50f2a8457df31dc31dad070,94d31c6e9a8c93befb1a6f04f6bb33a26872ce93b107678a4d1e80bf1e9240cb,16000,16000,1,1,251015,251015
684,p106_00592.wav,p106_00592,data/setta_ears_d_test_20260818/clean/p106_00592.wav,data/setta_ears_d_test_20260818/noisy/p106_00592.wav,f60757f27952e80aa381cfc1cfa2e3178db934251a169f9da5aca96125a002ca,1d4607cada6c3019129545f81a1d7bda27640ebbe5fd0aadd553cc427deaf0b7,16000,16000,1,1,342418,342418
685,p106_00611.wav,p106_00611,data/setta_ears_d_test_20260818/clean/p106_00611.wav,data/setta_ears_d_test_20260818/noisy/p106_00611.wav,00cc42c3467dfb553c3b435a25224e36f1f3dae89784980b48146462c51f32ec,1e78b96b38acdf8389cd853bff844072267a0050c009be73d0ea03f125c50b3a,16000,16000,1,1,247456,247456
686,p106_00614.wav,p106_00614,data/setta_ears_d_test_20260818/clean/p106_00614.wav,data/setta_ears_d_test_20260818/noisy/p106_00614.wav,3e60a1d9b2ae979bf2adc0bab7bcadbc66e91eaa577660863ff9bdb43cd4ca16,73d550abbc1dd9c36c8858ede64bfb41264b7f586108ad5c5aa7e8513fccc532,16000,16000,1,1,225611,225611
687,p106_00615.wav,p106_00615,data/setta_ears_d_test_20260818/clean/p106_00615.wav,data/setta_ears_d_test_20260818/noisy/p106_00615.wav,5d0786c9113b995622e6ae15e4b4706fd1f2cad54818bd07331a1b33ac61f3f9,6a7260f162a51302ede191b70ae96ce124634a5fb30e8b758d5bdcdcf8c462aa,16000,16000,1,1,359052,359052
688,p106_00617.wav,p106_00617,data/setta_ears_d_test_20260818/clean/p106_00617.wav,data/setta_ears_d_test_20260818/noisy/p106_00617.wav,8fad655ad30b326a581e4453c5a24caeeedf7072827b36c60e2c3043e21fc0bc,9215969d9b911c61b49bb73d7dea43880bdcad1c2026098b5528341b373e12e5,16000,16000,1,1,181044,181044
689,p106_00630.wav,p106_00630,data/setta_ears_d_test_20260818/clean/p106_00630.wav,data/setta_ears_d_test_20260818/noisy/p106_00630.wav,caad827aa7565b68d08ee000f6d467f0d8b9367e8c77378256d1605378569d21,75392ffa4caec6cf1618419a0cee1ebb072c83304614eb4859ca215659e09a24,16000,16000,1,1,452486,452486
690,p106_00635.wav,p106_00635,data/setta_ears_d_test_20260818/clean/p106_00635.wav,data/setta_ears_d_test_20260818/noisy/p106_00635.wav,18300b0f0dc418a7899d50c9787d50742a9189bd996467c78f7b37693e11293a,50f30255d0e9f3794b8f920405d00f3cb85e7196e9b8fd062c6ec1aa7eb7eb8b,16000,16000,1,1,291423,291423
691,p106_00636.wav,p106_00636,data/setta_ears_d_test_20260818/clean/p106_00636.wav,data/setta_ears_d_test_20260818/noisy/p106_00636.wav,de9e730c24fedd2f637f7e74a870dc8c1487c86711cfeaa56efa08e4568b179f,4546c285333a3d9e6dff03e5a1e7f2fb758989759e3f534e2bde1e0d8c606df4,16000,16000,1,1,177165,177165
692,p106_00638.wav,p106_00638,data/setta_ears_d_test_20260818/clean/p106_00638.wav,data/setta_ears_d_test_20260818/noisy/p106_00638.wav,daded4414cf975cc37c0c09b4354b855fb0d1d1275ae229583cf3b0cf96fb0d1,04ed7cebcf73956ed6b9968092d13bb1f2c4fcbdb6bfc01e37c3043b1882dfaa,16000,16000,1,1,281358,281358
693,p106_00643.wav,p106_00643,data/setta_ears_d_test_20260818/clean/p106_00643.wav,data/setta_ears_d_test_20260818/noisy/p106_00643.wav,9c7e11a1e44781a21e2e71908f7196257e3f8b07bc6f8633a79c0bc935a9e681,30f92bee4f9470c36e91cca3bcadfdd6fcd5f2f9704c981aa53ed74fe7943b23,16000,16000,1,1,269662,269662
694,p106_00649.wav,p106_00649,data/setta_ears_d_test_20260818/clean/p106_00649.wav,data/setta_ears_d_test_20260818/noisy/p106_00649.wav,3949f43813ecdb4fef27a494832fc6dbecc97a270f137c9530343a4c34cf0192,fd35531666f120e8fba7d29cb4bf3887dea420c4104cc4a728ac3a65f41c5aba,16000,16000,1,1,218376,218376
695,p106_00651.wav,p106_00651,data/setta_ears_d_test_20260818/clean/p106_00651.wav,data/setta_ears_d_test_20260818/noisy/p106_00651.wav,8551f0fc028aa06b17d2767f5314b6979a488d5d7674c36aca28388f8dcce0e7,5cb2680f14c536bc44b339f61e03bf499d7072613a6d41398123d1dd0dd87558,16000,16000,1,1,282636,282636
696,p106_00668.wav,p106_00668,data/setta_ears_d_test_20260818/clean/p106_00668.wav,data/setta_ears_d_test_20260818/noisy/p106_00668.wav,959d5f9afa19b0874847d1824b9b6d020e1f3173683418722369b0ac6ff9a704,89da285bcd03459889e9fcd11d61ae1fb1913cc091280c5833505441f4b9f869,16000,16000,1,1,187836,187836
697,p106_00681.wav,p106_00681,data/setta_ears_d_test_20260818/clean/p106_00681.wav,data/setta_ears_d_test_20260818/noisy/p106_00681.wav,1bd8f42ea66e2b4c953c75f58775220782ec85009896c7f38349b963af4ac568,08625bc4d080d3d552daeefc84050d27cbbcb7bff2b2f7931020e0ae5027697b,16000,16000,1,1,352560,352560
698,p106_00685.wav,p106_00685,data/setta_ears_d_test_20260818/clean/p106_00685.wav,data/setta_ears_d_test_20260818/noisy/p106_00685.wav,3eefb7bc1dcaa554a5521c3d04c04171ac582cd9f7541ce2a66ac3c3ed0af3ce,4e1f069e970c9844ea18ecf732180f1890a6a4503ddd11cd110b78cfaab365e4,16000,16000,1,1,172478,172478
699,p106_00687.wav,p106_00687,data/setta_ears_d_test_20260818/clean/p106_00687.wav,data/setta_ears_d_test_20260818/noisy/p106_00687.wav,04d5095b11e764df87670019ae6c49f5d9d357b8a59239d4b6fe36e882ba9ae4,6aa462b78bb91c5dd4869bac633085af2f4d1452d76289d489667e7bb8779f2f,16000,16000,1,1,190677,190677
700,p106_00689.wav,p106_00689,data/setta_ears_d_test_20260818/clean/p106_00689.wav,data/setta_ears_d_test_20260818/noisy/p106_00689.wav,54110d38d6bbff436d721adfbcdc5cf2a9a6653dcba8476eea240f22c8de68fd,7c8fcc45affa5b56590e6076358b01dc1eeeb2c102600a68b7ebf4c4e8411f39,16000,16000,1,1,250889,250889
701,p106_00694.wav,p106_00694,data/setta_ears_d_test_20260818/clean/p106_00694.wav,data/setta_ears_d_test_20260818/noisy/p106_00694.wav,7bd2f6d9249494daef4d8da43f72149aa00328a2b1842b09d790f240e0f3be6f,2e8b56839f2d18067f6eb47df47fe77350b338fc45a12ee0fd485b6393903d10,16000,16000,1,1,243994,243994
702,p106_00700.wav,p106_00700,data/setta_ears_d_test_20260818/clean/p106_00700.wav,data/setta_ears_d_test_20260818/noisy/p106_00700.wav,dc0dc35b3c201256e9e6c184fa3c278e3aef2f4f2cbccb7ae168597b681f07a1,ce53e6deb28fd92e1a6f52585768a7da67f4dce7365dffd4e4fc28c10da2e147,16000,16000,1,1,182548,182548
703,p106_00702.wav,p106_00702,data/setta_ears_d_test_20260818/clean/p106_00702.wav,data/setta_ears_d_test_20260818/noisy/p106_00702.wav,e8c33e5f5cf6d8078b195eced885dc3fcb65841f0ac7c82e0cb84c4d69198d61,4b8f8db23669604fc7403384f370ef0add664788fe80f403509a249482ec002d,16000,16000,1,1,163179,163179
704,p106_00704.wav,p106_00704,data/setta_ears_d_test_20260818/clean/p106_00704.wav,data/setta_ears_d_test_20260818/noisy/p106_00704.wav,a5ceabc83bda5ce35f001ae95f14301ef553e788c091a69e7e85c850221bfdb9,46a55e75bc2b0eae0228d33d01de39611348a1b1f72c36a5d4545f5fc8f4d4b3,16000,16000,1,1,308331,308331
705,p106_00709.wav,p106_00709,data/setta_ears_d_test_20260818/clean/p106_00709.wav,data/setta_ears_d_test_20260818/noisy/p106_00709.wav,fe45ee11e69fdb2dbaec81abf6ae957b9f3d07298abb21231440f6ac8bfc7c6a,f30e47ba84172ed20f6d10da4c5b062c5e246f30f3638041720b89bf4f66f601,16000,16000,1,1,281721,281721
706,p106_00710.wav,p106_00710,data/setta_ears_d_test_20260818/clean/p106_00710.wav,data/setta_ears_d_test_20260818/noisy/p106_00710.wav,9c0725380990fdd72efde084d06144083b2d3ed1be993cbe2f8e2d69e3eee15d,e00b5c476ed2f58041f9cb3ed06d279fda920661964fbb16da20f274466fe929,16000,16000,1,1,242932,242932
707,p106_00720.wav,p106_00720,data/setta_ears_d_test_20260818/clean/p106_00720.wav,data/setta_ears_d_test_20260818/noisy/p106_00720.wav,102db809b8754a2e94a93a181c55555284685d5ef2dfd18819c5932997d0de6f,cfd92329161b75b8a45414f9057b55f4eb5d1420b77776840dbba4e874cf2ab8,16000,16000,1,1,222582,222582
708,p106_00724.wav,p106_00724,data/setta_ears_d_test_20260818/clean/p106_00724.wav,data/setta_ears_d_test_20260818/noisy/p106_00724.wav,0aca474a249a25a071496ff72811528b40ea68beb25b6d8d18929fcdbb3b6543,af138134239ae52c3f3fca6b3145fc17f081363b17fe335cdf7790a9803db252,16000,16000,1,1,264393,264393
709,p106_00726.wav,p106_00726,data/setta_ears_d_test_20260818/clean/p106_00726.wav,data/setta_ears_d_test_20260818/noisy/p106_00726.wav,3598c5403526aea51a388c678100211c95b183b779a6b9eac03905323f6b33bf,de3b9342898fe28a5b818b7a62679dbe99b8c986f4f5bdd3b3c42219d93e76bd,16000,16000,1,1,222315,222315
710,p106_00728.wav,p106_00728,data/setta_ears_d_test_20260818/clean/p106_00728.wav,data/setta_ears_d_test_20260818/noisy/p106_00728.wav,70b6e80aade2e3e1f29524900598984ff37a5fcfa7bb5f6260b2dd8ef389c9c2,8bd4124393d3dbf5a3ed142023f92f8ac19cce68d01d05dbfac7dd2d7fe53b8f,16000,16000,1,1,307843,307843
711,p106_00729.wav,p106_00729,data/setta_ears_d_test_20260818/clean/p106_00729.wav,data/setta_ears_d_test_20260818/noisy/p106_00729.wav,3a03a57710edf756faad5e393493a0e91318a8b387d5543a643a08a15941d59d,c58b4e198fa0cadc12cc9e2f092d68a48dd2e19e21eaac2b1cc83a73bdc72048,16000,16000,1,1,192051,192051
712,p106_00737.wav,p106_00737,data/setta_ears_d_test_20260818/clean/p106_00737.wav,data/setta_ears_d_test_20260818/noisy/p106_00737.wav,0333f92855028a7ddb5b7a6606aa7dba32c3671caccee20d790454b6ae099fd6,ff3e00e5aae966de861c5a35ebdbb9bc4d1aa16bbebc30f160c53eb268288c25,16000,16000,1,1,317379,317379
713,p106_00742.wav,p106_00742,data/setta_ears_d_test_20260818/clean/p106_00742.wav,data/setta_ears_d_test_20260818/noisy/p106_00742.wav,20df63a15bbd0bd31c07b8c88ebffb66103e5bbaf65ddbf49de86a3f2b3f2347,c1e271bede06f5ebe4a810a743c2aceee05a4af15135a9764cfecce81d7f2c95,16000,16000,1,1,216653,216653
714,p106_00743.wav,p106_00743,data/setta_ears_d_test_20260818/clean/p106_00743.wav,data/setta_ears_d_test_20260818/noisy/p106_00743.wav,a3361752ccbce99808fc92e0bb2756e0ecf5ebbda9563909e07832581558c9d1,b725cdd2d7b533c9761ce6a9304069be4ccc6a8b5b3fa523a37f8fd33e1654fa,16000,16000,1,1,259535,259535
715,p106_00744.wav,p106_00744,data/setta_ears_d_test_20260818/clean/p106_00744.wav,data/setta_ears_d_test_20260818/noisy/p106_00744.wav,f68b2cc526bf9a726a3432006a05d35dd97896d35581a6b47378cbdf2076080c,930124d90a11939340b274b139e9cb370879501c1d6091326b2de40c52122a55,16000,16000,1,1,274072,274072
716,p106_00754.wav,p106_00754,data/setta_ears_d_test_20260818/clean/p106_00754.wav,data/setta_ears_d_test_20260818/noisy/p106_00754.wav,26ad3da5a6c0a9096e2cac2e965dfe5ebe973f81054b1360aa919dabeac5aaea,ec94139bd783b20bb0e4c1e4d1269d15b048970c97502fb42e1f3f1a543697d6,16000,16000,1,1,205449,205449
717,p106_00756.wav,p106_00756,data/setta_ears_d_test_20260818/clean/p106_00756.wav,data/setta_ears_d_test_20260818/noisy/p106_00756.wav,7a22936ea1ecb71bea5c08b1924b6e2851f0e0c2fa8410e6883decc89acda899,e5ca69f4e7035c8022ca854a0089e6ff7362c3c35e33a7a8f833899efa887e52,16000,16000,1,1,236590,236590
718,p106_00758.wav,p106_00758,data/setta_ears_d_test_20260818/clean/p106_00758.wav,data/setta_ears_d_test_20260818/noisy/p106_00758.wav,0360958488e50a9a22b58bd30bc47d9a5c51dde1763e378781644387a4d50ec3,fb04f6e453ecf555a5d93808edf9f01e3ae3697392a54f03afbeac1c6160e900,16000,16000,1,1,261790,261790
719,p106_00760.wav,p106_00760,data/setta_ears_d_test_20260818/clean/p106_00760.wav,data/setta_ears_d_test_20260818/noisy/p106_00760.wav,37487f3010f2b625018f9931bbe09b3978d89d054531aaef35a5fd29d977fc50,d3df13070448157eb1fc4aaa358feba711c991abdefccedc32bb5c6e8a9e340b,16000,16000,1,1,194345,194345
720,p106_00774.wav,p106_00774,data/setta_ears_d_test_20260818/clean/p106_00774.wav,data/setta_ears_d_test_20260818/noisy/p106_00774.wav,5502c919af8f13788694918ae1868ae33defc5fc72e909814bee75c40399c03e,6e527cab298e416f4f0ebc415cc4d9bd0c24950a75ba761d75a3b6465d3dd876,16000,16000,1,1,272311,272311
721,p106_00776.wav,p106_00776,data/setta_ears_d_test_20260818/clean/p106_00776.wav,data/setta_ears_d_test_20260818/noisy/p106_00776.wav,d167c8e8322354987f04e45847ca1b1e4f21a5f1f7e1f4c642ab0056ed4e6da9,db44fb8a741e10fb14638c13652f303d45a82ce4e6648e8d626883350d09928a,16000,16000,1,1,295499,295499
722,p106_00781.wav,p106_00781,data/setta_ears_d_test_20260818/clean/p106_00781.wav,data/setta_ears_d_test_20260818/noisy/p106_00781.wav,365bb1df602a2145923f12bc9b52e1c6c33a47de3034ae41e8516688aa652ba1,f08d4a6e51d52a3d3bcb66bdb47ad7acb9097beef31bb5aa922424bfc217abbf,16000,16000,1,1,273725,273725
723,p106_00813.wav,p106_00813,data/setta_ears_d_test_20260818/clean/p106_00813.wav,data/setta_ears_d_test_20260818/noisy/p106_00813.wav,613764f5ed322e962c83cd2dd28b913808b5e86e57d7a8f0f61fdcb9c1b6743f,3a787236d76923c020f34fdbd441b66267351189d69b1040b977e5e52176b60b,16000,16000,1,1,132353,132353
724,p106_00817.wav,p106_00817,data/setta_ears_d_test_20260818/clean/p106_00817.wav,data/setta_ears_d_test_20260818/noisy/p106_00817.wav,074397f2d4cea7e87a29811d23612fe29267a33c9dee0bf7c794928b72d610d5,b0cf563760ae00b69ff17184ba8a0943a06eb0a293f24d2735d5728fa36deaf4,16000,16000,1,1,193116,193116
725,p106_00826.wav,p106_00826,data/setta_ears_d_test_20260818/clean/p106_00826.wav,data/setta_ears_d_test_20260818/noisy/p106_00826.wav,98543ad63e4060d534b9dd91d89fa7a12be5bddd7d2c7bd26e6d17a873757f2e,1b5cb02e320c959c7a72617b7764ba6db7d6d72daefdf82b52b0bc889816a048,16000,16000,1,1,274050,274050
726,p106_00831.wav,p106_00831,data/setta_ears_d_test_20260818/clean/p106_00831.wav,data/setta_ears_d_test_20260818/noisy/p106_00831.wav,b29accb568e4b931060f0b923f12d95c99b5a29ac4c01a33fa4dc777a62b3c09,5da4ebf7dc8826e764d35e39bec7af4a8ea9779119e19fcbc52358bc2da33a18,16000,16000,1,1,303393,303393
727,p106_00836.wav,p106_00836,data/setta_ears_d_test_20260818/clean/p106_00836.wav,data/setta_ears_d_test_20260818/noisy/p106_00836.wav,bb2bc105e444c5310418c5e20e8c3453a76ddf742a6a60ee22f6d9e5605456e0,9b56cc5a4897521ea39381c7278eb804b4d52d186210a03dca1c12ad728ae26e,16000,16000,1,1,281153,281153
728,p106_00841.wav,p106_00841,data/setta_ears_d_test_20260818/clean/p106_00841.wav,data/setta_ears_d_test_20260818/noisy/p106_00841.wav,fc0573dc3cf196091ff689ceb854017c9ef5ea2acf5f42128e52723d2d619e4f,f061b6d1ad0173ae1e2ebfe908704f2640416aeabe69d6b3f76757956cffddff,16000,16000,1,1,247256,247256
729,p106_00842.wav,p106_00842,data/setta_ears_d_test_20260818/clean/p106_00842.wav,data/setta_ears_d_test_20260818/noisy/p106_00842.wav,6b4d5a4041d11e924659a28318fef9c41dbec8987d8193f03fc8b9fcfdcff04b,3faaab2ceeb27096129b8df8cb9e2981bcb90652c5177c9eb4ba482bc3066a7c,16000,16000,1,1,239849,239849
730,p106_00843.wav,p106_00843,data/setta_ears_d_test_20260818/clean/p106_00843.wav,data/setta_ears_d_test_20260818/noisy/p106_00843.wav,e9076fe2b6cce3b8110708b80b74fb15bdafd1e3bc1b77f93efd0dccb0c78060,2643cf93d514993716a0e4cb70b40a091eb11f40198c690fd55c05a48c987ecc,16000,16000,1,1,193999,193999
731,p106_00848.wav,p106_00848,data/setta_ears_d_test_20260818/clean/p106_00848.wav,data/setta_ears_d_test_20260818/noisy/p106_00848.wav,65592a2c57c4407022b1512206472e58e989d38a874d3abacd34da3606892346,9df30e9b0bed7d968e4f592bd59e310c5b6a0f7448e804cdea6da1c10d130e08,16000,16000,1,1,227594,227594
732,p106_00852.wav,p106_00852,data/setta_ears_d_test_20260818/clean/p106_00852.wav,data/setta_ears_d_test_20260818/noisy/p106_00852.wav,8902683d1326d37d350c324ca9a398921ba836da1395b91eb33fcae82a1a1268,baafa08c26426eb2cd3987f6581040695cec15c7209ca551ee78e0ec03d3951a,16000,16000,1,1,333725,333725
733,p106_00867.wav,p106_00867,data/setta_ears_d_test_20260818/clean/p106_00867.wav,data/setta_ears_d_test_20260818/noisy/p106_00867.wav,cf06db9e7a46f5a1bd05225498c97f67de82139e19f76f70193a3e31d5faa345,3455742addc21b41fe0371857ce186fb2cbfab7dd44015b88811c4305dee8807,16000,16000,1,1,256883,256883
734,p106_00869.wav,p106_00869,data/setta_ears_d_test_20260818/clean/p106_00869.wav,data/setta_ears_d_test_20260818/noisy/p106_00869.wav,8f60e20aba83a94f217f4f4b65eaee35d90cc8e9ec47f989099259d722bbde62,6f5ca5e7fa75a38b2e9c47a6394578c2c84cf2cc62d943703247102399910bf9,16000,16000,1,1,254213,254213
735,p106_00878.wav,p106_00878,data/setta_ears_d_test_20260818/clean/p106_00878.wav,data/setta_ears_d_test_20260818/noisy/p106_00878.wav,ce32dede783afdc0dd89a05479f4ed76956c29dca976249a9c5027c2322f540e,cd02b59175a4f367f0670848f0b9efd43b5afec4e67ba610d0767dfbb995dbad,16000,16000,1,1,226169,226169
736,p107_00001.wav,p107_00001,data/setta_ears_d_test_20260818/clean/p107_00001.wav,data/setta_ears_d_test_20260818/noisy/p107_00001.wav,2571a9d8032bc70ab3b39481b2b013a908e023ff34937dcfda09a500ba0a2343,006d7b9f1ca8d79a175875a4cc8c99c1c54b214572611faffc7efa481a071d8b,16000,16000,1,1,241668,241668
737,p107_00003.wav,p107_00003,data/setta_ears_d_test_20260818/clean/p107_00003.wav,data/setta_ears_d_test_20260818/noisy/p107_00003.wav,13f134c3e27f4b0bf5d20756bf9b9c5e5c9318579397326cc17192d4a1046a30,27fadb4dcdb23e94e58fafe9bb798011b2e6d578440b8bd3d7a2faf3f638f4a1,16000,16000,1,1,214283,214283
738,p107_00006.wav,p107_00006,data/setta_ears_d_test_20260818/clean/p107_00006.wav,data/setta_ears_d_test_20260818/noisy/p107_00006.wav,92dbc3c9a51afc068345dee05d9793b7498adfe0b34ad267c47f97f67a2bb763,3166b3dff0beea16467d330ee35b0f9811f549df7fc41ea700f26c1a11496984,16000,16000,1,1,239549,239549
739,p107_00016.wav,p107_00016,data/setta_ears_d_test_20260818/clean/p107_00016.wav,data/setta_ears_d_test_20260818/noisy/p107_00016.wav,c2fdee6e9e2a98b5a4edb367dc1f9ccd80a7a23775c9e62a0019a33ba3eac8ba,835ea9984ef7cc9b2cfe05a4d8ec0b6ceb31afd4ad5fb9a7649a5870b04276f2,16000,16000,1,1,183807,183807
740,p107_00017.wav,p107_00017,data/setta_ears_d_test_20260818/clean/p107_00017.wav,data/setta_ears_d_test_20260818/noisy/p107_00017.wav,7052511b4067595eb7f7018c76192a42b30e811f1a889cd1ccc842c47a27ef76,da37092522ba25ebb46bb1d1f822f36b8fff3a9097d48964f039fd11fbb4a780,16000,16000,1,1,185704,185704
741,p107_00026.wav,p107_00026,data/setta_ears_d_test_20260818/clean/p107_00026.wav,data/setta_ears_d_test_20260818/noisy/p107_00026.wav,21599cbe34dac65e7838c66ca2e00da2a240c1ae34126a359c3bb22b72e7879d,0ce8053097b55d962833e383ef250c0e28bd8fbe1e0eafe441bf406acbfa809f,16000,16000,1,1,122974,122974
742,p107_00044.wav,p107_00044,data/setta_ears_d_test_20260818/clean/p107_00044.wav,data/setta_ears_d_test_20260818/noisy/p107_00044.wav,fc7b4439f4a461ee953dbd415c0d0385b87e1499008aaabef6fb168167986c91,c94742b4c8045c9a4ede5d9332773ccbda02964124f6db03e48d957cb6d0f8be,16000,16000,1,1,261793,261793
743,p107_00054.wav,p107_00054,data/setta_ears_d_test_20260818/clean/p107_00054.wav,data/setta_ears_d_test_20260818/noisy/p107_00054.wav,abf92fd0c561fbbef0e35019c6b0077a2c0c09c5e9987414c1ccd35b82537b7a,b961e541ef9db063f23c45ad712ba502fbf38abac4b003d466758d7119d48cf9,16000,16000,1,1,230960,230960
744,p107_00058.wav,p107_00058,data/setta_ears_d_test_20260818/clean/p107_00058.wav,data/setta_ears_d_test_20260818/noisy/p107_00058.wav,5ce0dd12b63e6e029a141a2a799d9606dfd28fdb18c72cc99796e1cf6df78b48,75819c663488483ac1deacd1cc8cf028a57496131b2c9216a3b4086fd996dbc7,16000,16000,1,1,197712,197712
745,p107_00062.wav,p107_00062,data/setta_ears_d_test_20260818/clean/p107_00062.wav,data/setta_ears_d_test_20260818/noisy/p107_00062.wav,5612672d2127fcccf3544fe253d23ff8fb3137a1a893ba0941e1ef0cc3866bc1,7b178b308e6f5153aef0b1d4844fe606ae14265a3d00d6073847fbe64c558a5b,16000,16000,1,1,351141,351141
746,p107_00065.wav,p107_00065,data/setta_ears_d_test_20260818/clean/p107_00065.wav,data/setta_ears_d_test_20260818/noisy/p107_00065.wav,21813bebd5349593de22f5d0d39e0f5a1ce24c5669d29bb04935925f4fc5c56a,ea29d887cd887cda35250034de73fafa0c172c80089b81c54249e8517b86c86e,16000,16000,1,1,223804,223804
747,p107_00068.wav,p107_00068,data/setta_ears_d_test_20260818/clean/p107_00068.wav,data/setta_ears_d_test_20260818/noisy/p107_00068.wav,ff65b1a486c64e0e5f966c36ab97227dd0588806a8d34c429254e654b75063a9,ec557601b36d0fe1dedf3a0eb7095098cc94d7d96374ded04b57b1bddc0e1ebb,16000,16000,1,1,283128,283128
748,p107_00073.wav,p107_00073,data/setta_ears_d_test_20260818/clean/p107_00073.wav,data/setta_ears_d_test_20260818/noisy/p107_00073.wav,a520647adaa893a33a83162403d949b34982314a79290de03051f13874447b60,8b0a3f21617f3d2a365c8e080174f9428e39a01048e9880863750c904b29df20,16000,16000,1,1,268475,268475
749,p107_00075.wav,p107_00075,data/setta_ears_d_test_20260818/clean/p107_00075.wav,data/setta_ears_d_test_20260818/noisy/p107_00075.wav,8e08e363de36fc56087e9f68a28ba4d010ac6d10387654b6decbed96761ecbcd,d75147f7776b8db04525319668450e7f59bdcfdec90d9bcb227e1f30485e5aa0,16000,16000,1,1,222911,222911
750,p107_00078.wav,p107_00078,data/setta_ears_d_test_20260818/clean/p107_00078.wav,data/setta_ears_d_test_20260818/noisy/p107_00078.wav,2897cd6bdee6bbb29ad2ac3e429dec34f4c219b169310b3d872208eb2f9efba5,245dfdf6601d97b666a6bfc12617856e62279657dd72893486878842d4d320ca,16000,16000,1,1,242544,242544
751,p107_00089.wav,p107_00089,data/setta_ears_d_test_20260818/clean/p107_00089.wav,data/setta_ears_d_test_20260818/noisy/p107_00089.wav,85b58f7f32ab64d9e94cbd07830bdbdfa2709d2fee4b15f217f1e857d1a2948a,aebf74af3e2fafddb41bd63fe33fe6f48127fe3ff761d62979a466445cfbc9e8,16000,16000,1,1,214972,214972
752,p107_00092.wav,p107_00092,data/setta_ears_d_test_20260818/clean/p107_00092.wav,data/setta_ears_d_test_20260818/noisy/p107_00092.wav,c3c6a7e9a28f6cb5ed4d7906c702553aa3a2efaa46c024ce3b5fe349c4a74ef6,b94fcda5f76d32eaea3520e7229d1c7b9dae014649d68ba8aade9d8b04ff1bf4,16000,16000,1,1,378111,378111
753,p107_00097.wav,p107_00097,data/setta_ears_d_test_20260818/clean/p107_00097.wav,data/setta_ears_d_test_20260818/noisy/p107_00097.wav,6f85626bc6e0427f1ddb34f5ed3317ac055a9e89c0db1ec86d864bef400c5847,4c8a57872d092d0f4e071483c0abecfd507cd92b5877eac57102bffb6f489a7c,16000,16000,1,1,172677,172677
754,p107_00098.wav,p107_00098,data/setta_ears_d_test_20260818/clean/p107_00098.wav,data/setta_ears_d_test_20260818/noisy/p107_00098.wav,56e5c31ef6fb1789f99a3dee8ec123f1cde691321b9fbd59051064c965ba2d7c,3ecd8afc3e7e277bc99b287de81a5ae93a35de66f1caaecab66d154856733e51,16000,16000,1,1,201770,201770
755,p107_00103.wav,p107_00103,data/setta_ears_d_test_20260818/clean/p107_00103.wav,data/setta_ears_d_test_20260818/noisy/p107_00103.wav,ef0dfb695efea392fef0c160e4e84da3a409b3867199cb052d0537a5e5f20566,12dbf675345d70eb3823afe2f91b2329ed4a31752bcd8a74a8af7f50133e5256,16000,16000,1,1,288352,288352
756,p107_00110.wav,p107_00110,data/setta_ears_d_test_20260818/clean/p107_00110.wav,data/setta_ears_d_test_20260818/noisy/p107_00110.wav,4efad40b29de3cc1cbef16c3538b9c73bf1d25ed5840b090686c68d3b2de7e6b,9f45fe839d7b8eaf1bd3be7c5b5d4478fa150c95fc62cd483d80343709f8abc4,16000,16000,1,1,219086,219086
757,p107_00111.wav,p107_00111,data/setta_ears_d_test_20260818/clean/p107_00111.wav,data/setta_ears_d_test_20260818/noisy/p107_00111.wav,222f820afa2ad77111fe383e74fa15a25272b64414cd7942f3bc39849e61a596,5581b463e1f8e33dfae3a200593f7f200333f67ad9ff8da888398bea9f8c430a,16000,16000,1,1,360094,360094
758,p107_00121.wav,p107_00121,data/setta_ears_d_test_20260818/clean/p107_00121.wav,data/setta_ears_d_test_20260818/noisy/p107_00121.wav,ba344ddd1ca39b72d05226f6447e56e0c333b0bf5b81cdc402c49737ff795e4a,047bf09c63ba505602e055280c4fc02c1ed5247a3d35fb3b72ab93c7f59b8518,16000,16000,1,1,252373,252373
759,p107_00126.wav,p107_00126,data/setta_ears_d_test_20260818/clean/p107_00126.wav,data/setta_ears_d_test_20260818/noisy/p107_00126.wav,971e900f2c5ee25f8ba59fc49a9bfb4ce541ebd3bc4a41d8d0d74160811f659a,b36565a7171b5086c7be7d5765c94a582f056ea795cba6831d84880910665cef,16000,16000,1,1,331398,331398
760,p107_00130.wav,p107_00130,data/setta_ears_d_test_20260818/clean/p107_00130.wav,data/setta_ears_d_test_20260818/noisy/p107_00130.wav,771bc9d023c99c94a1d89e22717017e60a6d67a17be94cbc3bcba2e711cfc3c7,12c886613c436e362809799c076f5b95573dc8ee1776f8bb6958f595fda703bf,16000,16000,1,1,306428,306428
761,p107_00132.wav,p107_00132,data/setta_ears_d_test_20260818/clean/p107_00132.wav,data/setta_ears_d_test_20260818/noisy/p107_00132.wav,4a0eeaf4644891da648bfa6aa94c7446408b4700a32c965ad5a12c9b7d750fd0,21f06995cab4f489addecd68ba2facba7ce0c123e0ec2e6d87dae9278e6eb561,16000,16000,1,1,296280,296280
762,p107_00133.wav,p107_00133,data/setta_ears_d_test_20260818/clean/p107_00133.wav,data/setta_ears_d_test_20260818/noisy/p107_00133.wav,4212d3c32181549e693b8b6c63dc04eb8a5dfd6f9c2810be988c4d75b8f54e5b,e9c30ad2774c929b69f6b2da4d1181c0bbc9dadf80e2891e16b6c2b01edbbfdc,16000,16000,1,1,290541,290541
763,p107_00134.wav,p107_00134,data/setta_ears_d_test_20260818/clean/p107_00134.wav,data/setta_ears_d_test_20260818/noisy/p107_00134.wav,6fead6f355553e3441e1e5cdd9e0c01e3aef3c55d4710a24d96315bba505b892,bf5de9ea620e9f0641a19b84d8f281f61be802275971489a8758528c14630e3a,16000,16000,1,1,139763,139763
764,p107_00135.wav,p107_00135,data/setta_ears_d_test_20260818/clean/p107_00135.wav,data/setta_ears_d_test_20260818/noisy/p107_00135.wav,04bb513724570ea4e65225d1b23f367d28ff36ac3fd3e0eb4db14987fbe23c0b,65fdee8e41afba62a166101194544df41b4308cfed5fcbb387b6bcc8a2126654,16000,16000,1,1,195540,195540
765,p107_00136.wav,p107_00136,data/setta_ears_d_test_20260818/clean/p107_00136.wav,data/setta_ears_d_test_20260818/noisy/p107_00136.wav,c9b3167520c5a4adf8d25b8dcc13f1138d78f5de09b09044670347d19a04aa47,34b8d3de69c0c3d96a392e218fce1ceebf7cb901df3b246e907092a802c07b43,16000,16000,1,1,270284,270284
766,p107_00137.wav,p107_00137,data/setta_ears_d_test_20260818/clean/p107_00137.wav,data/setta_ears_d_test_20260818/noisy/p107_00137.wav,d2bda08a20dac6a594bb93c317f72b41d177a62b24095ba162be0910e899e85b,3bc5819d5ed414a2e9cdfeedcbecfb1e471882f819484003d281b6bf8b743470,16000,16000,1,1,131489,131489
767,p107_00138.wav,p107_00138,data/setta_ears_d_test_20260818/clean/p107_00138.wav,data/setta_ears_d_test_20260818/noisy/p107_00138.wav,8f933eea87594eeb11d19033f21bd1735b9962ac3a5660dedea3d38635713713,d31b397ea48113bf49f80f53f90e8a4e06d99a24c552ada4dd3364001a907009,16000,16000,1,1,131005,131005
768,p107_00139.wav,p107_00139,data/setta_ears_d_test_20260818/clean/p107_00139.wav,data/setta_ears_d_test_20260818/noisy/p107_00139.wav,427b8248489767fa68e6002b9e9bd9cf6dbbbb60eb5fa095ecd826759162e20e,d93d38245433c4df6fbadf5bcdcc8ed9d6087cea67f3365363b968da74030e46,16000,16000,1,1,188706,188706
769,p107_00140.wav,p107_00140,data/setta_ears_d_test_20260818/clean/p107_00140.wav,data/setta_ears_d_test_20260818/noisy/p107_00140.wav,f9f09745d3a3b5430838d5a4b6ce85106ee0b4cf0d5a090072a7748043bb77b0,6052e000cd602d600166fd96496db959889bd5be04894d0b4b53c872d5ffad7a,16000,16000,1,1,247683,247683
770,p107_00141.wav,p107_00141,data/setta_ears_d_test_20260818/clean/p107_00141.wav,data/setta_ears_d_test_20260818/noisy/p107_00141.wav,8cddecc7b92109ae9376ab6ed860885dc154c6087606ca555ba632d19fc4e203,37bfa07934ddd8a7cc5e58459677fc82553efdb9658a2a5c8b4b7a889717f0bc,16000,16000,1,1,257088,257088
771,p107_00142.wav,p107_00142,data/setta_ears_d_test_20260818/clean/p107_00142.wav,data/setta_ears_d_test_20260818/noisy/p107_00142.wav,79c79f55521aae7dff715acf61f80fe7b15242d46f14cfccbc418d5838ba6f22,f3af974499944837871b4e6dd592b2f285699d70a3141308dba22ab8966a253a,16000,16000,1,1,251121,251121
772,p107_00143.wav,p107_00143,data/setta_ears_d_test_20260818/clean/p107_00143.wav,data/setta_ears_d_test_20260818/noisy/p107_00143.wav,ab3ffe284de340c1bbdd00a139f8dd606b85cdb6ccc46a5c68e29d39bad96bc8,217c990209b36d36d6e5188af683262d2add976a5b6d677e5d7dd0c366202f05,16000,16000,1,1,168574,168574
773,p107_00144.wav,p107_00144,data/setta_ears_d_test_20260818/clean/p107_00144.wav,data/setta_ears_d_test_20260818/noisy/p107_00144.wav,03a24e5c84510405ce53528953f8eeae30e212ca02c88d4e54c1fe495510d70d,3ac185170433d02574be27e5582dbf484b6297c6fbe5ea6abe7705b6faa0302a,16000,16000,1,1,221978,221978
774,p107_00150.wav,p107_00150,data/setta_ears_d_test_20260818/clean/p107_00150.wav,data/setta_ears_d_test_20260818/noisy/p107_00150.wav,fbbbc91178dd42952860003c8ad9ff26e18aa7684262659a3a12198c71c82a72,53388d46d313c4f7cdb4fec7dd59032b06285f993184f6f384075db3a45e7f15,16000,16000,1,1,180824,180824
775,p107_00159.wav,p107_00159,data/setta_ears_d_test_20260818/clean/p107_00159.wav,data/setta_ears_d_test_20260818/noisy/p107_00159.wav,cf1bac853f03b3b71d332892f70838831307d0f830b2e8bb5f39da517d41fa42,fc474040d1aaa1de1c528d4678dc115e60c5047be8b52a88562f2ec4ef93dc9b,16000,16000,1,1,206747,206747
776,p107_00160.wav,p107_00160,data/setta_ears_d_test_20260818/clean/p107_00160.wav,data/setta_ears_d_test_20260818/noisy/p107_00160.wav,1dbdc5643f474c1536ef7e005d9293fe02db2ef27495a24320b975ad7d75fc48,264f357c8681198c87f987e6bd36d873e891090ff48c551983e643b77c2d7cf4,16000,16000,1,1,160619,160619
777,p107_00167.wav,p107_00167,data/setta_ears_d_test_20260818/clean/p107_00167.wav,data/setta_ears_d_test_20260818/noisy/p107_00167.wav,425bef77d4a355a77126d723a189d22d864e7f66c5f22ff01920d905deda9136,ca35959094423effee8a875d92e1d4e1bef684c5928f81e0a6cfec9d447c6c15,16000,16000,1,1,182722,182722
778,p107_00173.wav,p107_00173,data/setta_ears_d_test_20260818/clean/p107_00173.wav,data/setta_ears_d_test_20260818/noisy/p107_00173.wav,1d7a48890abaf001620d3737a2ef042a1e6a8d7b99e766b41d086d647d50cb08,4e091867db9a330a6bc7f6f9e90ee71e6019fdd710db0c3ea44440b984c72823,16000,16000,1,1,279370,279370
779,p107_00180.wav,p107_00180,data/setta_ears_d_test_20260818/clean/p107_00180.wav,data/setta_ears_d_test_20260818/noisy/p107_00180.wav,6609d82c609632194f9e3d7afb3d203d482d48a59bdd9764978b1cbf94ca7a62,b558e27b7b1955487e29c5cb2689860d743741eaa0363119741f0a3bebb1bded,16000,16000,1,1,267288,267288
780,p107_00190.wav,p107_00190,data/setta_ears_d_test_20260818/clean/p107_00190.wav,data/setta_ears_d_test_20260818/noisy/p107_00190.wav,c6e8e46466cfc7ace297af993983961e74e1547e83d91b6608f0f61ac6b3bc7f,2337f6e9f72cf3819ec587aa128936c5eecd875fc34dea53cadaee841fd0c6be,16000,16000,1,1,196436,196436
781,p107_00192.wav,p107_00192,data/setta_ears_d_test_20260818/clean/p107_00192.wav,data/setta_ears_d_test_20260818/noisy/p107_00192.wav,af821ad040cce06a4c66b167e3fae11820bf4d16b1164c3c6d1273b3bc828f80,cd864e7e92d087a78986b6f507cf98088e682891945a22a1d22373977289da0a,16000,16000,1,1,305774,305774
782,p107_00214.wav,p107_00214,data/setta_ears_d_test_20260818/clean/p107_00214.wav,data/setta_ears_d_test_20260818/noisy/p107_00214.wav,59ba8c22e8ff0d371683c420e38ffef786ff4f583319c7605d5168d5292a2727,a1d165afcad44b357acb093c2dac44045592ef01ebe5513db517dbd6867b3945,16000,16000,1,1,213173,213173
783,p107_00216.wav,p107_00216,data/setta_ears_d_test_20260818/clean/p107_00216.wav,data/setta_ears_d_test_20260818/noisy/p107_00216.wav,f22b42e7405aba70f418ecf068e6e7c1661a70d3d46eb4fd38df29007e772b6d,b5e63e1ed007cd672971794917900eb3e96a4a0228ac8064d165ecef732c2a1f,16000,16000,1,1,210967,210967
784,p107_00237.wav,p107_00237,data/setta_ears_d_test_20260818/clean/p107_00237.wav,data/setta_ears_d_test_20260818/noisy/p107_00237.wav,ed74638c88c50bbdcb94e89910801a821187fca8b36b1802af2c33de684687ae,2a7638be44bb3a5f6925eb408d87b1141c275faf3a80e09fa220b6d6cb25a5ac,16000,16000,1,1,375241,375241
785,p107_00239.wav,p107_00239,data/setta_ears_d_test_20260818/clean/p107_00239.wav,data/setta_ears_d_test_20260818/noisy/p107_00239.wav,27653654929652cd22a45d615247687636b28bc605df4e626e0c893b72a65d0b,5b4efcdcb62921c042488f0af590266073c5a16dbc1d6ef93ce50273a1d6a8a2,16000,16000,1,1,311770,311770
786,p107_00244.wav,p107_00244,data/setta_ears_d_test_20260818/clean/p107_00244.wav,data/setta_ears_d_test_20260818/noisy/p107_00244.wav,2b6fc404d91307f2f750071c0a96f0790f00c76b0c26ef2a12ccdd2db50040c6,ab6dd22b22553b27353dc11a81a529dc1eb2c4a99b0b34fb57ec380188f7820d,16000,16000,1,1,205682,205682
787,p107_00273.wav,p107_00273,data/setta_ears_d_test_20260818/clean/p107_00273.wav,data/setta_ears_d_test_20260818/noisy/p107_00273.wav,1058e84ca065e7a2aa9433a9f1187f6b27acd71b8faa249fecc4cd1ec1132256,6e360b893492afc8b2814d34e24fcf7366ad6f9959ecbee0dd7adcc6a5d11e38,16000,16000,1,1,170267,170267
788,p107_00279.wav,p107_00279,data/setta_ears_d_test_20260818/clean/p107_00279.wav,data/setta_ears_d_test_20260818/noisy/p107_00279.wav,84fe4b7f7e999758ceff169774c7069b4229fabcd48986e52069be2e9f05ecdf,ba4270d28d721454d12e2948f62d9174d5bbe47c1e3e08d342e4686fadf82f2b,16000,16000,1,1,427337,427337
789,p107_00280.wav,p107_00280,data/setta_ears_d_test_20260818/clean/p107_00280.wav,data/setta_ears_d_test_20260818/noisy/p107_00280.wav,e42701dc2f5263a82a18ee8cc73e423143b47d8629811c3c09485124ef863351,51e9beb77f38453096265b706693f4790d060276472131700d8768046225d360,16000,16000,1,1,257314,257314
790,p107_00307.wav,p107_00307,data/setta_ears_d_test_20260818/clean/p107_00307.wav,data/setta_ears_d_test_20260818/noisy/p107_00307.wav,14d83b7f6eff55ad804fb195ff941af546dd84546fffa22a39d6781ab9f3bee8,18c2bd3fcd22f2fd75671956bec97922b31d92a5cf0e39922431725ee64d2fe8,16000,16000,1,1,291285,291285
791,p107_00312.wav,p107_00312,data/setta_ears_d_test_20260818/clean/p107_00312.wav,data/setta_ears_d_test_20260818/noisy/p107_00312.wav,7ba14fd9c0b08fea2a1ebda93925afa76a000b0d4748a21e128d9a58fc6c90aa,f84af9d2a573f06b888aad6b26314cd9cd889313b00b5543d3b17fed52961c5e,16000,16000,1,1,202370,202370
792,p107_00323.wav,p107_00323,data/setta_ears_d_test_20260818/clean/p107_00323.wav,data/setta_ears_d_test_20260818/noisy/p107_00323.wav,1bcac4b7cdf94f96e516d8ea5c38fa52d7d7e8649a44430490cc26d4c673f550,87ce2d78e41d7f3d17d50a4e742363d4f9aac5d08307dff116c74a1313c9080c,16000,16000,1,1,254078,254078
793,p107_00324.wav,p107_00324,data/setta_ears_d_test_20260818/clean/p107_00324.wav,data/setta_ears_d_test_20260818/noisy/p107_00324.wav,a0648a743d94cb1575f49c04bd637f8fd13b7fc4b2afb32ee539083a1290ebb5,e39f6e600e5416fa4fbb7445d38d542fd8ae335279ea1fb0d2ee4593dcaaaef3,16000,16000,1,1,442516,442516
794,p107_00333.wav,p107_00333,data/setta_ears_d_test_20260818/clean/p107_00333.wav,data/setta_ears_d_test_20260818/noisy/p107_00333.wav,c5d8cb046bb9a289ccbfb6f2a06fb54d5a61fef06527c867ee226b6950c2ca0d,71a0b2238aee0aef91553b36f1fa23559979004bfb263a9951c2dc30855c0894,16000,16000,1,1,177783,177783
795,p107_00334.wav,p107_00334,data/setta_ears_d_test_20260818/clean/p107_00334.wav,data/setta_ears_d_test_20260818/noisy/p107_00334.wav,3b9444629e588d5ec09dda47de84e71397e1aaac1a1e0ddd38373ad966a49605,be0c705cf9189b561539f0e971f5df1e1e325639884774828f35b5e1f5388bb4,16000,16000,1,1,201945,201945
796,p107_00350.wav,p107_00350,data/setta_ears_d_test_20260818/clean/p107_00350.wav,data/setta_ears_d_test_20260818/noisy/p107_00350.wav,d665414c206aa2f2aee15acb4494dff2a287537821477ef2200299f0fd57331c,2729563be18051333f6ad6e190234b4955cd68527b13cfab1b2512faa84c1823,16000,16000,1,1,273393,273393
797,p107_00355.wav,p107_00355,data/setta_ears_d_test_20260818/clean/p107_00355.wav,data/setta_ears_d_test_20260818/noisy/p107_00355.wav,40f5942baa0ad3726b408c2197cd9297749540a5208de97aae7514ac23d5d4f9,83fe2e2600f86d61d9b083f4ac75409ec857b38eb3d0397dd983ca67f0239245,16000,16000,1,1,162512,162512
798,p107_00375.wav,p107_00375,data/setta_ears_d_test_20260818/clean/p107_00375.wav,data/setta_ears_d_test_20260818/noisy/p107_00375.wav,a45228b76c0c4782fd67be0584a6a5247f56b03193b64f16a075fcb1b22a4cb1,7a8a9b411cd4b2cc1b13bd5dc01c0f1f3e2c1298388a990c46e1e75048b14a70,16000,16000,1,1,219522,219522
799,p107_00376.wav,p107_00376,data/setta_ears_d_test_20260818/clean/p107_00376.wav,data/setta_ears_d_test_20260818/noisy/p107_00376.wav,eae6e972455bffe8e8499265892ac331550a9c565e1035a61cd2776e44cfa614,073744f18b0b46aa14928e589caa600ae7b6117ee717bff1f17438dcf0f2de13,16000,16000,1,1,217643,217643
800,p107_00379.wav,p107_00379,data/setta_ears_d_test_20260818/clean/p107_00379.wav,data/setta_ears_d_test_20260818/noisy/p107_00379.wav,3ff3d9f572697d91721e9413e9a21b9276b1b1b1546b4ca30bfe0a510c621c2f,c55b56554f14388a639c97249aa0ad957e6a0f220d3a567f25fdda4bfe66af83,16000,16000,1,1,130892,130892
801,p107_00384.wav,p107_00384,data/setta_ears_d_test_20260818/clean/p107_00384.wav,data/setta_ears_d_test_20260818/noisy/p107_00384.wav,730753ed01cc3d5f11770182be20151a6a1ee1f507044f07a4e75254597d84f8,a6af25699e32f0eb623f7ed6510a6413a2d8988a0b129643c70c23a2b16a777f,16000,16000,1,1,189782,189782
802,p107_00392.wav,p107_00392,data/setta_ears_d_test_20260818/clean/p107_00392.wav,data/setta_ears_d_test_20260818/noisy/p107_00392.wav,7221d4c194159e8af145381bffe5e544b261623ccd3e15c27c15284a3844926d,d219c425a8ca4e058399c412085744fecdf3dcfc3c5cc7b8511a64aa6ea23765,16000,16000,1,1,148730,148730
803,p107_00402.wav,p107_00402,data/setta_ears_d_test_20260818/clean/p107_00402.wav,data/setta_ears_d_test_20260818/noisy/p107_00402.wav,1849fdcd4f65df79d92ae82200e7e1a6f2f8bbfe2c35633fa34d410fddc5c3ba,f7ab78fed7e3f5adaa57a2274f4c9c77f7568f96b043e82b00336d1b491823ce,16000,16000,1,1,220225,220225
804,p107_00405.wav,p107_00405,data/setta_ears_d_test_20260818/clean/p107_00405.wav,data/setta_ears_d_test_20260818/noisy/p107_00405.wav,06425b8b58ec413997417a2e0f19368c9e025b40e181380767d0206f7e390b89,2d6f59271a8d3496025f3bd81e124f21d087eeecd65d16e797d041b90f4000c9,16000,16000,1,1,296207,296207
805,p107_00409.wav,p107_00409,data/setta_ears_d_test_20260818/clean/p107_00409.wav,data/setta_ears_d_test_20260818/noisy/p107_00409.wav,00bdff538594fd0aca8be5213275a628b12e74a36c70ebc2481b7931a8368ad7,1d6ab948635c0f8e5308874ef35a8222adee0117c2e903018d657010049aeec3,16000,16000,1,1,173920,173920
806,p107_00411.wav,p107_00411,data/setta_ears_d_test_20260818/clean/p107_00411.wav,data/setta_ears_d_test_20260818/noisy/p107_00411.wav,0a7d0ae7702ed7112b5714afedd5adbd01ec91cca83266c323a66c79d8e1d409,ff9766b427174958438356feefa2afaed697b7a74ea5bd08d1ee1e2d50052535,16000,16000,1,1,174747,174747
807,p107_00428.wav,p107_00428,data/setta_ears_d_test_20260818/clean/p107_00428.wav,data/setta_ears_d_test_20260818/noisy/p107_00428.wav,ba90d8a0ca4c6019311b58df040eb4974526d97d5c44b8a3789e6dde30f35900,348d49b862b61a84c8f8f5564ca8ab64ba0fa62fdf24eb4a2529a20f395e6634,16000,16000,1,1,245443,245443
808,p107_00453.wav,p107_00453,data/setta_ears_d_test_20260818/clean/p107_00453.wav,data/setta_ears_d_test_20260818/noisy/p107_00453.wav,2ef2317570a61fb38fb7dd7e71425396d63c1be0fbf8875f87f661ed9db2e596,bc17c4fc37343e8a28b4eedbe38a005ad3372573795772b449af8ef7805bcf5e,16000,16000,1,1,196172,196172
809,p107_00454.wav,p107_00454,data/setta_ears_d_test_20260818/clean/p107_00454.wav,data/setta_ears_d_test_20260818/noisy/p107_00454.wav,8581614c7bd6579c98f51e320974cb46d6097a06a74869d85d7a11c75bf31762,76fd604fe91de1ef3b12d2e51cbb4ed7b53b2c37e33077b0bcb3152a908812ac,16000,16000,1,1,342360,342360
810,p107_00461.wav,p107_00461,data/setta_ears_d_test_20260818/clean/p107_00461.wav,data/setta_ears_d_test_20260818/noisy/p107_00461.wav,a1df8a41c477c85e6abbfe6cad7bde031c74a7d4f63b6835acf123ced0037bd9,96232006f9c7c8e17bf114f734d6b44f4a00c3da3bd2883d95c1b88d480b7482,16000,16000,1,1,156500,156500
811,p107_00463.wav,p107_00463,data/setta_ears_d_test_20260818/clean/p107_00463.wav,data/setta_ears_d_test_20260818/noisy/p107_00463.wav,14394f0a00db9bb08f1e7bf5cd291672973bde96db149df77da6ff1e10193faa,2c1644d1aeb695c5a8ac64f8680303806c2957efd792f57c5fc94165fb28c0b7,16000,16000,1,1,319416,319416
812,p107_00466.wav,p107_00466,data/setta_ears_d_test_20260818/clean/p107_00466.wav,data/setta_ears_d_test_20260818/noisy/p107_00466.wav,3c581b4853c2d69da5eb5b551e46b533959be9683ba02f110041e094f7bc49ad,0df724d57d8d38496d5c67e45cbd889db0566e360636fb3818c7d1c7a2c6b5e8,16000,16000,1,1,152682,152682
813,p107_00468.wav,p107_00468,data/setta_ears_d_test_20260818/clean/p107_00468.wav,data/setta_ears_d_test_20260818/noisy/p107_00468.wav,a71a689af2104cb1d2206e2cd7f1e72b2667bb453cedd49757b82376cfed7424,d76fac4f3ff7df2b34ce29dfccfd60206de229c3fafcaa43956ad84904ab2f16,16000,16000,1,1,315326,315326
814,p107_00472.wav,p107_00472,data/setta_ears_d_test_20260818/clean/p107_00472.wav,data/setta_ears_d_test_20260818/noisy/p107_00472.wav,7767a59d4e1217f6fa88f477ef05b2cad0d7a93a35f391ef0d9e7354b402574f,3cf036a2d9adf619774dfcad90796102edbd174651a15f8fdcaf5c442b60883a,16000,16000,1,1,215789,215789
815,p107_00485.wav,p107_00485,data/setta_ears_d_test_20260818/clean/p107_00485.wav,data/setta_ears_d_test_20260818/noisy/p107_00485.wav,f37e18059bb1f1ed773a91f2dafb01c70dc7d310369813149b82647790a81766,8aeff2c1e7599568f493b6b2fef58fcef140f6b9da3fb686f9c21a5986a3617e,16000,16000,1,1,200173,200173
816,p107_00487.wav,p107_00487,data/setta_ears_d_test_20260818/clean/p107_00487.wav,data/setta_ears_d_test_20260818/noisy/p107_00487.wav,79bf71295b2940eaa5cca1bfea8dacde508444f91dc376348031f3667362690e,38de713ebda0cb4592c01f81853ee087ff8358223732ba6ede0afff33e59db44,16000,16000,1,1,274771,274771
817,p107_00489.wav,p107_00489,data/setta_ears_d_test_20260818/clean/p107_00489.wav,data/setta_ears_d_test_20260818/noisy/p107_00489.wav,57bd036fb4f74fd8a5c587ce8d60472aaa93f5820f383dd7c7de330804af892e,6ca33812a3b177189dea84f883deaa652b547699b41972ae9b7985cc59bc0b9c,16000,16000,1,1,237079,237079
818,p107_00493.wav,p107_00493,data/setta_ears_d_test_20260818/clean/p107_00493.wav,data/setta_ears_d_test_20260818/noisy/p107_00493.wav,dd36e176b89d20a960a542fbe64f44270ef9881c21aefed7ae0a547ae3642228,0b47cb84b2d1534bc5cc6b01d0fd4e9c915a5c48bbf71b22c6b86e296fc4aa5c,16000,16000,1,1,246984,246984
819,p107_00505.wav,p107_00505,data/setta_ears_d_test_20260818/clean/p107_00505.wav,data/setta_ears_d_test_20260818/noisy/p107_00505.wav,b27cfcf5e41b9d749c66ecaae2b93e1aa614c4cff569c6d870f083e6ddbf0afd,83959f5b87ee1b104016c2916d76696c5087bafa2feb8354e23392f69a418e65,16000,16000,1,1,150815,150815
820,p107_00519.wav,p107_00519,data/setta_ears_d_test_20260818/clean/p107_00519.wav,data/setta_ears_d_test_20260818/noisy/p107_00519.wav,dd98efa5806dc2615c27fdfb3c5442fc6016915d9c3495057dbeb941af691403,43219aed8d804d816fdcd0e3173acd6c46470438034620e29b098b1be9617ba9,16000,16000,1,1,204701,204701
821,p107_00528.wav,p107_00528,data/setta_ears_d_test_20260818/clean/p107_00528.wav,data/setta_ears_d_test_20260818/noisy/p107_00528.wav,56ff11d2d361bd5e79456fb6c5ba70be667c4fc3dd6cc5465d40ba5d6e0ee2b9,43bc83150f9bb3b85c4f573599b233a9645fbd4f942185998c422e2bc43c4bda,16000,16000,1,1,187439,187439
822,p107_00533.wav,p107_00533,data/setta_ears_d_test_20260818/clean/p107_00533.wav,data/setta_ears_d_test_20260818/noisy/p107_00533.wav,771ef7cc1eb90de3c82e5e0e6187cad7b8149221b5879b88f6a5a74238d66d1c,935cbc040ebd48741863857db4af095cc9f3a09eeb7ae79accb7c18da117c7d1,16000,16000,1,1,169302,169302
823,p107_00540.wav,p107_00540,data/setta_ears_d_test_20260818/clean/p107_00540.wav,data/setta_ears_d_test_20260818/noisy/p107_00540.wav,e4bec99deede3abd2b7c7ff477388245a7f4cafe426b77d62de43e422144b25d,2c81aa17802c14ef3bd500d1d352b5cf155f8d3554074a0d19e40da380b2c6ab,16000,16000,1,1,176861,176861
824,p107_00550.wav,p107_00550,data/setta_ears_d_test_20260818/clean/p107_00550.wav,data/setta_ears_d_test_20260818/noisy/p107_00550.wav,1ab810ff91724587654caaacff3eacbb412e7668ffacb3e8a36c6f35d16bd95d,68cf0c7793a924037ce6af99a68ae9a54faa9ba9804f9794b7ce74ee0eb3eaea,16000,16000,1,1,231261,231261
825,p107_00573.wav,p107_00573,data/setta_ears_d_test_20260818/clean/p107_00573.wav,data/setta_ears_d_test_20260818/noisy/p107_00573.wav,2724765c2353e15cea3027aef3f4d5b899267bf145b076923126f712c4f74418,64a944f7936ed9e4882f9df87ce660631438906ed4edcb47baedb09919b6afef,16000,16000,1,1,429942,429942
826,p107_00575.wav,p107_00575,data/setta_ears_d_test_20260818/clean/p107_00575.wav,data/setta_ears_d_test_20260818/noisy/p107_00575.wav,c7c5643e4b86c7c7f9faac035ec30717d6658c6aaef88dd94d0398a22f029907,6ae841bcb441bea873cb2132b68c42597e1fd62cc5379efa489f3544620998a4,16000,16000,1,1,200061,200061
827,p107_00577.wav,p107_00577,data/setta_ears_d_test_20260818/clean/p107_00577.wav,data/setta_ears_d_test_20260818/noisy/p107_00577.wav,9f95774bee2b8c7c49abcba9260b1d0d09489926f19e4139522cefb9722c466a,4649eb42d6573c0da912741436c9bce4d050320a5534c83c094638607933b884,16000,16000,1,1,223085,223085
828,p107_00584.wav,p107_00584,data/setta_ears_d_test_20260818/clean/p107_00584.wav,data/setta_ears_d_test_20260818/noisy/p107_00584.wav,12655d330ccb59685e61679a6a61275ac63a9fe2dd17b8ed384d8d2b13c37649,aa056e48a5b22cca2713bff79311d3d04f7331de7300e570df2624912f038ab8,16000,16000,1,1,249297,249297
829,p107_00597.wav,p107_00597,data/setta_ears_d_test_20260818/clean/p107_00597.wav,data/setta_ears_d_test_20260818/noisy/p107_00597.wav,f0ca1a79439b159e4e723bc6e8cc5eacb8ca4438179936c9fa3c53a11ee4fc9a,f20bc8f9ca102abd26fe4b7b785882e2a0b5df895d4f49e99a156226e608ff65,16000,16000,1,1,273372,273372
830,p107_00600.wav,p107_00600,data/setta_ears_d_test_20260818/clean/p107_00600.wav,data/setta_ears_d_test_20260818/noisy/p107_00600.wav,0b78679125f2bfbed6d4533298ce1e4826fededa8add8ba33f919869d74f9d71,7c07b9e93359e8979904a027bbd8b0274144f524885dcaa6b70cf5a718cbc903,16000,16000,1,1,250828,250828
831,p107_00601.wav,p107_00601,data/setta_ears_d_test_20260818/clean/p107_00601.wav,data/setta_ears_d_test_20260818/noisy/p107_00601.wav,fdb4eaaf022e97249c02537f17755e24ff3472e8499ef9293d9a8e5e6ba12925,d529df70fc6ef75a60697479515d6312950472be37d9aa6b424819c1f1bbcef2,16000,16000,1,1,154083,154083
832,p107_00602.wav,p107_00602,data/setta_ears_d_test_20260818/clean/p107_00602.wav,data/setta_ears_d_test_20260818/noisy/p107_00602.wav,3ec1e05f324a958a2d6b86ce0036efec670f269a34834d402dc17897b5f7326e,238bcc29cc5ad10b17ae285e32222f3198defa27afe19f95897713ede6866b35,16000,16000,1,1,232118,232118
833,p107_00604.wav,p107_00604,data/setta_ears_d_test_20260818/clean/p107_00604.wav,data/setta_ears_d_test_20260818/noisy/p107_00604.wav,6227debe7a7eb8fbccb2d3b5c2f33f1b6134d427cf11c9b188c52cdb47849cff,84160196d387914298cdc1a6b35a2d0b47378561a332b228db6d131cc0f51cfc,16000,16000,1,1,175315,175315
834,p107_00605.wav,p107_00605,data/setta_ears_d_test_20260818/clean/p107_00605.wav,data/setta_ears_d_test_20260818/noisy/p107_00605.wav,173a4045761fb7576a0673e8db2f4564efb55afa4b674b63d66e958b328dafcd,3860b823c75975de55abe0bfcf42977d1869463939a13e504de52957018888fe,16000,16000,1,1,201163,201163
835,p107_00607.wav,p107_00607,data/setta_ears_d_test_20260818/clean/p107_00607.wav,data/setta_ears_d_test_20260818/noisy/p107_00607.wav,676bb5a50d977d0d997fc13f8759268a9b8dddb7a5f074312c908748fb0cfd52,ad0514eeedd20d20948d9552a42f19b86de77db12dcc23597d40033ae90571ae,16000,16000,1,1,282321,282321
836,p107_00608.wav,p107_00608,data/setta_ears_d_test_20260818/clean/p107_00608.wav,data/setta_ears_d_test_20260818/noisy/p107_00608.wav,805cc195cfdddeb2ca77d121ca701b3e67bec406f2690bab66c9841c93f9e510,e9e8f600f6a91141504d616e1257def862624f0e4b0e73115a91a908d93012e1,16000,16000,1,1,186675,186675
837,p107_00609.wav,p107_00609,data/setta_ears_d_test_20260818/clean/p107_00609.wav,data/setta_ears_d_test_20260818/noisy/p107_00609.wav,0dd39c188f7a41321479323c65a184bf6227e5996eba9302eb68f34a2319e9eb,89c9e0f3419e4671cbb1fad5ed2ba1202aad35ecbb6d12760ed27491b21b7f65,16000,16000,1,1,345436,345436
838,p107_00613.wav,p107_00613,data/setta_ears_d_test_20260818/clean/p107_00613.wav,data/setta_ears_d_test_20260818/noisy/p107_00613.wav,41a18a5eebfc7145f41718c5958a2bc27bd21272099b710e330e9f8dc1f2838e,ddd44c09ec5f5ebd7a2dadbe64d175dc8a31a18262f5037205f86adf6474ef49,16000,16000,1,1,174851,174851
839,p107_00625.wav,p107_00625,data/setta_ears_d_test_20260818/clean/p107_00625.wav,data/setta_ears_d_test_20260818/noisy/p107_00625.wav,485888dc5cd8968629294236861e592b3585ce2896230adce7f6b09e371e1c08,483ddd3daf5fdc5c0448a9b9f03f58180cb78057d0c655d2f91ed400a4aa20eb,16000,16000,1,1,274823,274823
840,p107_00627.wav,p107_00627,data/setta_ears_d_test_20260818/clean/p107_00627.wav,data/setta_ears_d_test_20260818/noisy/p107_00627.wav,23a11b52b39847a310917a222071a52aabd0a85a9d55fa61d844a037568c4373,d66f035b51beedc9a748924ec7d7c40ec658f87946ee13b3b4ff50b48b364cf5,16000,16000,1,1,196644,196644
841,p107_00628.wav,p107_00628,data/setta_ears_d_test_20260818/clean/p107_00628.wav,data/setta_ears_d_test_20260818/noisy/p107_00628.wav,74f88495b81fa222382f7c5f0117c0c5d55ba61f7f3c19edf720de98cdd84d8b,199fcaaabd81f6aa7dffc5a46c9bfe0d7a6189ac25396c17a9cef480b65ae380,16000,16000,1,1,198218,198218
842,p107_00637.wav,p107_00637,data/setta_ears_d_test_20260818/clean/p107_00637.wav,data/setta_ears_d_test_20260818/noisy/p107_00637.wav,998dd35fe276fc918de01e998a249c09b579d841e5ec7d9655070048ef469ef9,d8deafb7d12975839fd1dfade636c132d91cdba5acf7a20dca5f5f4f0517c560,16000,16000,1,1,197012,197012
843,p107_00644.wav,p107_00644,data/setta_ears_d_test_20260818/clean/p107_00644.wav,data/setta_ears_d_test_20260818/noisy/p107_00644.wav,8c206ffd99c2b8cc5aa77373c6b49d5c58802bb789fbcb0afc5d4841ec655c0d,849fe4d7684313ec8b159f7d08f34333e29cf6af6de87c503619466224dba16e,16000,16000,1,1,176512,176512
844,p107_00650.wav,p107_00650,data/setta_ears_d_test_20260818/clean/p107_00650.wav,data/setta_ears_d_test_20260818/noisy/p107_00650.wav,ad2406f10f8f3556a566c2c1c81f7e10b8ef1a2233db7341387ca0b45a5d4899,8c8cf088c0d068981c195c8724d427282802c03a6ca767a6e28c32374ebc74a0,16000,16000,1,1,279077,279077
845,p107_00665.wav,p107_00665,data/setta_ears_d_test_20260818/clean/p107_00665.wav,data/setta_ears_d_test_20260818/noisy/p107_00665.wav,7194ca1dbdd53a8d67a8864f6de884c21ec37c044b78271db8d0df1e06ff7cf8,df49692a6b307b682a2bc8b3259b8d5bf7e8e7f9b4e444105f961d283b479124,16000,16000,1,1,228529,228529
846,p107_00678.wav,p107_00678,data/setta_ears_d_test_20260818/clean/p107_00678.wav,data/setta_ears_d_test_20260818/noisy/p107_00678.wav,7551332791d37d4909a3a068ed3b7825eae7b7c95bcc6f2cbaf808d2ad115208,851facc5741b6b1760f2c5f8cd3fe12a2558366b091548c1d51b5761b4105011,16000,16000,1,1,223197,223197
847,p107_00682.wav,p107_00682,data/setta_ears_d_test_20260818/clean/p107_00682.wav,data/setta_ears_d_test_20260818/noisy/p107_00682.wav,53d211ef9ac36cebf0ff4ccde8c12d8d7a30a8c656169270b443c8bdec4bf217,591d5d8a7204f6175539963b4e3c5f4c9007a6370719ed151a0067bc6d6d12c1,16000,16000,1,1,240530,240530
848,p107_00683.wav,p107_00683,data/setta_ears_d_test_20260818/clean/p107_00683.wav,data/setta_ears_d_test_20260818/noisy/p107_00683.wav,1ba1a89240267550582605f5b15296492f135f386c514b2f837908e993f85a0a,81c259d258a452dba0347fc375c09b491814e68a786f0e3d11114a1cea7e92e8,16000,16000,1,1,235642,235642
849,p107_00684.wav,p107_00684,data/setta_ears_d_test_20260818/clean/p107_00684.wav,data/setta_ears_d_test_20260818/noisy/p107_00684.wav,4b42f0b896fa1e6258622fdcaaad812217cea018a91889da2c6d51f61eddb4f1,e1a9ef5049914e2259356173deee53c1e4eb6f2e92c6b688338e4f4f70ed2bb6,16000,16000,1,1,386207,386207
850,p107_00686.wav,p107_00686,data/setta_ears_d_test_20260818/clean/p107_00686.wav,data/setta_ears_d_test_20260818/noisy/p107_00686.wav,cc31401327c505ff48470979337a09b438edca846057bebfe2e0c6089459a71b,573c7c5b363228a6952703ef4cbff692b44e06517520f7b0d5937ca24172b946,16000,16000,1,1,249049,249049
851,p107_00688.wav,p107_00688,data/setta_ears_d_test_20260818/clean/p107_00688.wav,data/setta_ears_d_test_20260818/noisy/p107_00688.wav,a5344b7810db651ccc4e4ccb46fe718b346344a2b87391433fb4d5bb215c5b00,db6aae814c5dece6ff3a916fbefef70fea755e425e173a0d1c59b4f9137be09f,16000,16000,1,1,166110,166110
852,p107_00691.wav,p107_00691,data/setta_ears_d_test_20260818/clean/p107_00691.wav,data/setta_ears_d_test_20260818/noisy/p107_00691.wav,bda9274eb95ef619f592653738df794221709837fd38d5fc897f19f4962a9ff9,ae1c90fd71da295c6f90d97c8558246ed699c604b223116962b126da6b0c4e16,16000,16000,1,1,268995,268995
853,p107_00699.wav,p107_00699,data/setta_ears_d_test_20260818/clean/p107_00699.wav,data/setta_ears_d_test_20260818/noisy/p107_00699.wav,3e6cf1cb6a6ecfbf0bfb588c0859c5983b844e4b1bf526d96e8e9b30af1fe64e,c0d037a2f82c12a9238efeb86285d8346ab043e01db36a1d1c582569f81db81d,16000,16000,1,1,183558,183558
854,p107_00706.wav,p107_00706,data/setta_ears_d_test_20260818/clean/p107_00706.wav,data/setta_ears_d_test_20260818/noisy/p107_00706.wav,17a16cbf069fb8f6bcfd5bc455ba5bea5e2095fa8f3c3c910535aeb77a89764a,f374e3bb32a83f4437ac0918082bb70964f13018699d9f8fe68b3d19bb125415,16000,16000,1,1,173564,173564
855,p107_00715.wav,p107_00715,data/setta_ears_d_test_20260818/clean/p107_00715.wav,data/setta_ears_d_test_20260818/noisy/p107_00715.wav,4244de4804ecddd691dc44ee8023c08b17120f5a179d425999e81b23cb46c2a5,6ac47a4f8f5bf6339b088a30e109e5b84efc2b2f54e4f3e3b503b52d3ec3b48a,16000,16000,1,1,248002,248002
856,p107_00716.wav,p107_00716,data/setta_ears_d_test_20260818/clean/p107_00716.wav,data/setta_ears_d_test_20260818/noisy/p107_00716.wav,6a6db23b0b7edce93c068cb838f76b93118abebf3d2f1279d23cf42572481ad8,b9ee298271f9406a2515e05cfc00c3e40f3ccc9c04aea02909351a8dce66bf00,16000,16000,1,1,105868,105868
857,p107_00721.wav,p107_00721,data/setta_ears_d_test_20260818/clean/p107_00721.wav,data/setta_ears_d_test_20260818/noisy/p107_00721.wav,e9eb1aeef2d4d111772d54b789f10899126a1fcb4ca920ca27debfb99142764d,6ab69cf628f18c9177e0b5f587a0751d4058e59a3d9cbf5befc3a41c9a4c3bad,16000,16000,1,1,222324,222324
858,p107_00722.wav,p107_00722,data/setta_ears_d_test_20260818/clean/p107_00722.wav,data/setta_ears_d_test_20260818/noisy/p107_00722.wav,2832a87326c1f761c6e953e52d1b552bbd2860908c548dded63aae56f794f090,e8d3362726922fcfb91f205e331bd45f70913511eb0e059052199a6e4cb654ed,16000,16000,1,1,255870,255870
859,p107_00723.wav,p107_00723,data/setta_ears_d_test_20260818/clean/p107_00723.wav,data/setta_ears_d_test_20260818/noisy/p107_00723.wav,602ad1e00ac473c141baa6c4e0493dd02e89a0da7fe555bf8243513687bfc801,82dd42196a26fcc7cc396ec2dab39b7736cd695e31d5913ff02498e97261fd5d,16000,16000,1,1,249535,249535
860,p107_00725.wav,p107_00725,data/setta_ears_d_test_20260818/clean/p107_00725.wav,data/setta_ears_d_test_20260818/noisy/p107_00725.wav,bf868a8f4e102e31f51b0e9083bf21c95e438b237bd9bddfe3a76db3123dcc86,520b7f669204cf780fac5c54310bb6fa6754525ac5193a13190e3c741efbcb81,16000,16000,1,1,190970,190970
861,p107_00727.wav,p107_00727,data/setta_ears_d_test_20260818/clean/p107_00727.wav,data/setta_ears_d_test_20260818/noisy/p107_00727.wav,b1605c52c63c7ca12e65ae72aa9db89e42144cb0c14dc899cd8858e981881f55,2b547db9b18ec06662a35acd4e05cc3bc1c891d289ac004d0b3dd599330763f2,16000,16000,1,1,122914,122914
862,p107_00738.wav,p107_00738,data/setta_ears_d_test_20260818/clean/p107_00738.wav,data/setta_ears_d_test_20260818/noisy/p107_00738.wav,6880fdceeeb734801f92e811247c8c6bea9bcd96cfcc53516a3d386eead6c2da,897052d956e3fcbe4fe395708627d61fba1e6c8c4571552a7de7a8b1f13d28f2,16000,16000,1,1,164226,164226
863,p107_00739.wav,p107_00739,data/setta_ears_d_test_20260818/clean/p107_00739.wav,data/setta_ears_d_test_20260818/noisy/p107_00739.wav,797f498e3e5c145278efead2f5f92e51e94b9bc89fcba1598518ccbb16a975a0,e7aa05bde36397dc3e7477693de7985b6a66263a349ef14c4037f227062e61ed,16000,16000,1,1,191473,191473
864,p107_00740.wav,p107_00740,data/setta_ears_d_test_20260818/clean/p107_00740.wav,data/setta_ears_d_test_20260818/noisy/p107_00740.wav,30e21e9f5bd966fb5a8c05293f31d0b901f8f3fc9de88df39d5c120e4d3ff3ec,10cd0866ff341e22275472ba150a26ffecbb743fadd95d53e0b9643ef3ffae7c,16000,16000,1,1,199116,199116
865,p107_00747.wav,p107_00747,data/setta_ears_d_test_20260818/clean/p107_00747.wav,data/setta_ears_d_test_20260818/noisy/p107_00747.wav,3d1dade221775eecbf3a2f6cf4c834429324ccb84168d9149f4f371d1d533b80,c3ff17edfe85505f0a9249c796c9b05c083d06b79eb9280823a8a3e45a337c7c,16000,16000,1,1,224588,224588
866,p107_00751.wav,p107_00751,data/setta_ears_d_test_20260818/clean/p107_00751.wav,data/setta_ears_d_test_20260818/noisy/p107_00751.wav,9f5d74b4025892693fae520206c713dd7c1ffe94eb4441a07c6767fbfe145fcd,8ef9368924c0d28d1705f80c815d77059e1c80a2d38950dd0051afa85656fb16,16000,16000,1,1,147760,147760
867,p107_00755.wav,p107_00755,data/setta_ears_d_test_20260818/clean/p107_00755.wav,data/setta_ears_d_test_20260818/noisy/p107_00755.wav,f181969093a82bf3fff6756c29d17dbd651a64913850fcec721c52b5a4f7b1cb,79b344a087a2b3466462c99228f3cd6b8064653263955326b3c81c2293b38d6d,16000,16000,1,1,223279,223279
868,p107_00768.wav,p107_00768,data/setta_ears_d_test_20260818/clean/p107_00768.wav,data/setta_ears_d_test_20260818/noisy/p107_00768.wav,5c5064926f64fa672ca6547d59fdb3ab4cb574ceb085c0a7195d5db9b43ec506,560ca626d4dda0389f6eb46d8bea4c6190881211191f5675aa2b4e6a4e6e2c1a,16000,16000,1,1,256359,256359
869,p107_00783.wav,p107_00783,data/setta_ears_d_test_20260818/clean/p107_00783.wav,data/setta_ears_d_test_20260818/noisy/p107_00783.wav,6f9bf43d80e6a821a26f399c5c09ff0fdaf635821f74964fc56e38865a08bcc9,2a58d1bef386ad95e998e26d5f27876b2a13ab694f94f7e475176562b84a8c69,16000,16000,1,1,250112,250112
870,p107_00795.wav,p107_00795,data/setta_ears_d_test_20260818/clean/p107_00795.wav,data/setta_ears_d_test_20260818/noisy/p107_00795.wav,f7240d9abeb29babab6a6c4aa669e50e0af259bb6c92242943683b241e1b2a5b,002fe93ca15eeb02b0c6a9aac7e29b29c608be8f9ac82a7626e9cef8350f56e0,16000,16000,1,1,190669,190669
871,p107_00796.wav,p107_00796,data/setta_ears_d_test_20260818/clean/p107_00796.wav,data/setta_ears_d_test_20260818/noisy/p107_00796.wav,61b1c8bb18f7d7762837657792dfc2b72ddc3948a4843ee922ef6b9819c05efb,a67143bf5e4cf03a00b5074194e14486822b955f5397eba2f599cd4424f93516,16000,16000,1,1,159793,159793
872,p107_00798.wav,p107_00798,data/setta_ears_d_test_20260818/clean/p107_00798.wav,data/setta_ears_d_test_20260818/noisy/p107_00798.wav,8876de84cf62d5b3b69a71bcb137339b6c73b09a310d9c38d9069c82978df639,2e603a4fc5c27c9f0ada6090a1ddb07307d0dabcc717adc0a67865c52183615f,16000,16000,1,1,227880,227880
873,p107_00800.wav,p107_00800,data/setta_ears_d_test_20260818/clean/p107_00800.wav,data/setta_ears_d_test_20260818/noisy/p107_00800.wav,0acfdaeeaf95f147ea447ddddc19c88fa16e7973639b3cde54392c8b85f85a42,dd43dabed8b10be5a18a2ca2f00af78ec13d0fab569dee54f931e9ac07621211,16000,16000,1,1,159446,159446
874,p107_00803.wav,p107_00803,data/setta_ears_d_test_20260818/clean/p107_00803.wav,data/setta_ears_d_test_20260818/noisy/p107_00803.wav,9712afc28c4c4a70aba48cbc50dc0b4bc7773e9308cb4ce85f9ad47ca0217fa3,6a5ee4b3d850c24c56543c392a73bed5d5894e671710c7f6913d4e35f9cf8969,16000,16000,1,1,230721,230721
875,p107_00808.wav,p107_00808,data/setta_ears_d_test_20260818/clean/p107_00808.wav,data/setta_ears_d_test_20260818/noisy/p107_00808.wav,efad8b388dda7f94d9a9527a3f5520773dd7ccf886e98f14f643b1e9bde0e8f0,3fc3f67e491adf13a50313a33151b98a05ab6f56df86920ff4ba0089609efa8a,16000,16000,1,1,165329,165329
876,p107_00810.wav,p107_00810,data/setta_ears_d_test_20260818/clean/p107_00810.wav,data/setta_ears_d_test_20260818/noisy/p107_00810.wav,91c8f598e13dba70434e7a476322a11125aaadfd71b44b64a438e4ae1b81bcb6,41deb40f44b1df2a82820b483a3e93a288339bc0ff1436d43a72c8ec0ee06bd2,16000,16000,1,1,212536,212536
877,p107_00816.wav,p107_00816,data/setta_ears_d_test_20260818/clean/p107_00816.wav,data/setta_ears_d_test_20260818/noisy/p107_00816.wav,40128a52e06b8d8c6b6bb2773e379abb715b24643ef50b9f9bc1b4283c3708e8,7e64416f34368734d2765079a36ca228c42acdcabb72d9db2fc0a3fb3e4996ef,16000,16000,1,1,201920,201920
878,p107_00835.wav,p107_00835,data/setta_ears_d_test_20260818/clean/p107_00835.wav,data/setta_ears_d_test_20260818/noisy/p107_00835.wav,ce3a15d08d994ea2805067e1faa278d3ff46735d4362fb02aa35573e95b8e538,8eead27c61d15112fa73bac879ec575a52265f500034a92a10605aec7b0e1786,16000,16000,1,1,233954,233954
879,p107_00838.wav,p107_00838,data/setta_ears_d_test_20260818/clean/p107_00838.wav,data/setta_ears_d_test_20260818/noisy/p107_00838.wav,e177382e1b6b29a89d6fe81af3cf92ea3d810dc1cefc57d2a69f9d9d1aae80f2,d641e8b5856812d9f2ec92bb0708fde8bfafe79faf9af12dd3f231a05c893034,16000,16000,1,1,414872,414872
880,p107_00845.wav,p107_00845,data/setta_ears_d_test_20260818/clean/p107_00845.wav,data/setta_ears_d_test_20260818/noisy/p107_00845.wav,4b9b397e0c0fab6b58511e8e04f53a6202622787f62f3e8f8ca4b3d9f9fcaeb8,2f2842b7f2ce6c55519fc9d3334934ed1f77cff6823a7d2269cdc961592f6e67,16000,16000,1,1,306183,306183
881,p107_00846.wav,p107_00846,data/setta_ears_d_test_20260818/clean/p107_00846.wav,data/setta_ears_d_test_20260818/noisy/p107_00846.wav,c22d3c9b90a11a37a5f66d167e690c6e2be21367ffff0c26bb47894548996b81,5a48cc56356467ace9e3c270ef67d554bf3550d35c186f74079d4d2d884fc358,16000,16000,1,1,220964,220964
882,p107_00853.wav,p107_00853,data/setta_ears_d_test_20260818/clean/p107_00853.wav,data/setta_ears_d_test_20260818/noisy/p107_00853.wav,946b52a8a4d97e6cb02dc71de060a6b36ea2818abf64375888d2c29f9cab6d1d,8a3a8dca3a546dc107bdc05ee24a2d71a66dedc65682a5d44ff548a37c564c26,16000,16000,1,1,343144,343144
883,p107_00861.wav,p107_00861,data/setta_ears_d_test_20260818/clean/p107_00861.wav,data/setta_ears_d_test_20260818/noisy/p107_00861.wav,09706585533ea036920cd5323a4c6500a5e98a9ed441c02a4a817b7ab610e314,7592a07c1e0a02f2858dce27285518c6836367b548c8b5e36af70bc246a23d43,16000,16000,1,1,197531,197531
884,p107_00865.wav,p107_00865,data/setta_ears_d_test_20260818/clean/p107_00865.wav,data/setta_ears_d_test_20260818/noisy/p107_00865.wav,dd3a63f5b02e56904e734f54bb0c861b84e933ee94f18208a992a83b0e9c6709,7efbd3f5af98bbc306b0e689b812052a05ab57e837aa03dc46b021ecf4df7b13,16000,16000,1,1,237924,237924
885,p107_00880.wav,p107_00880,data/setta_ears_d_test_20260818/clean/p107_00880.wav,data/setta_ears_d_test_20260818/noisy/p107_00880.wav,8a53e6849844dcb08634667ee2bc58789aadc1a02aeace7a97a8f52228875610,a9ae7674c67d8cb4c4b3a99aabf3167601e4274cae7744e848202488828fa6c7,16000,16000,1,1,147199,147199
