test_order,utt_id,librispeech_relpath,music_relpath,crop_offset,snr,music_tiled,music_scale,global_gain,num_samples,sample_rate,expected_clean_sha256,expected_noisy_sha256
0,5639-40744-0023,5639/40744/5639-40744-0023.flac,music/fma/music-fma-0106.wav,2470639,-5.0,False,0.19212145737834374,1.0,222720,16000,f15726455fc7d1fd37fe87d671048bbb439d69af6ecea409ca0592a524ab4bdb,c56bf0da39eccd02ce8147cc5cef46785256b4f9c17f1b43c3a7598cae61407e
1,4992-41806-0002,4992/41806/4992-41806-0002.flac,music/jamendo/music-jamendo-0180.wav,128903,0.0,False,0.37973185451863267,1.0,283920,16000,85598a299cb26ccea575991d4534c4e23454bdb387bb495d953a72f048babf0d,383153947afff68bd040fbe6f2f14b8cf6aa97c16751b694b0c3112aee6c688d
2,237-134500-0034,237/134500/237-134500-0034.flac,music/jamendo/music-jamendo-0112.wav,1723082,5.0,False,0.06581195269859884,1.0,49200,16000,df26ff6465d5cd77c703eb64bd27741bfea5319b38329019833f437422c2af7c,547791738a929f81f1172fed97319b263530284e7bd99c21d3da282264d68b8a
3,7127-75947-0006,7127/75947/7127-75947-0006.flac,music/rfm/music-rfm-0105.wav,188513,10.0,False,0.04113952453384828,1.0,52960,16000,3ea0977c948b7923e0805f1f26726c7d623c7ba89748b6d68c690cf9cd5a227c,236bef0a4f4ad12ef9da46a073579608824b0c3b3c37afbdde897e3bd6f24937
4,6930-81414-0004,6930/81414/6930-81414-0004.flac,music/fma-western-art/music-fma-wa-0081.wav,2806623,-5.0,False,0.909472836045803,1.0,152960,16000,d2d11d3551358201b4ef867d32ed7e30c99c827ecc73c365053c1b149e7c0def,8d7c8103a432c8e8beced06dc09a6d3f02f87b3f3a4ffd9d8d13e45bf15b0b94
5,61-70968-0005,61/70968/61-70968-0005.flac,music/fma-western-art/music-fma-wa-0048.wav,2654300,0.0,False,0.3658277428790538,1.0,81120,16000,5fd859700c65c3a15a3caea1c321914ed1c0318c183554fb60121ece797fe9b7,96766d8df67af5e3b8a434671bb3bb3b69a2d2d63fa96dad65454a6de59c9ac1
6,4970-29093-0001,4970/29093/4970-29093-0001.flac,music/fma/music-fma-0120.wav,1120523,5.0,False,0.27775288079868626,1.0,190720,16000,4224b1bfd3b590de21ce2c04210d0faa88fdf81a792674cb1d7c1acd1413c834,bbfe319443a7551a73ed073bf61950548c3d77bf4aa8fbe3fee870442881747e
7,4446-2271-0006,4446/2271/4446-2271-0006.flac,music/rfm/music-rfm-0133.wav,1757284,10.0,False,0.0912425587493174,1.0,46480,16000,b4d1fd841a1a430eecc240b5de5dce7db1df88cff373fd8b426c26be5c05d8a4,ddc797669dc6be521d32a260f62964f897d2d5f61566aff5d1a76fb583bb7792
8,6829-68769-0000,6829/68769/6829-68769-0000.flac,music/fma-western-art/music-fma-wa-0049.wav,1410553,-5.0,False,1.2649088686401688,0.7794541141913641,187120,16000,2a45601f6af5f6eee948c1acc12cf8060d13f223c1b279c5a3c0712af2bbb290,e96b35a448d2e855451c8e9e0bbfdaa474c71f9921db6a10ef288aa3dafd7ca7
9,6829-68771-0016,6829/68771/6829-68771-0016.flac,music/jamendo/music-jamendo-0075.wav,2118338,0.0,False,0.2678903718643633,1.0,111840,16000,68ab4beae636f756c3a758665a3c4c7406dcf785c57c46432984d00987f45c95,99a35681f92059eba4c1bcd108e5da56bde8121130fd7bea6199233a2dd09e19
10,2830-3980-0010,2830/3980/2830-3980-0010.flac,music/rfm/music-rfm-0015.wav,1333401,5.0,False,0.13514131075307895,1.0,104400,16000,b1f1d535ad767a6190f8e6b86bb79352db6d5381962cbf982658c0a6ec6f4eba,8887d10008daa50c1e9543637986a4164032ce217f8e166e63d821e153c40f3a
11,1320-122617-0004,1320/122617/1320-122617-0004.flac,music/jamendo/music-jamendo-0148.wav,856561,10.0,False,0.14950555106418667,1.0,196160,16000,c5863bb79ba0a8fa4dad65452c5832ce041e8c70d67e8a1c14cbff979243bc17,40946dd841c3553be47bf55a454cbbfa00595668c344152d0d3a4512ffa1eccf
12,1188-133604-0014,1188/133604/1188-133604-0014.flac,music/rfm/music-rfm-0085.wav,1582052,-5.0,False,0.4201662301869975,1.0,70240,16000,e98ec82c870dc65543521abebae12e23e545378402c01721f4781229e81e6d13,e4fb6d95eaf41902fb42cc322721be0f2cacc05735bcd30d77e51b67c3fd563e
13,1284-1181-0005,1284/1181/1284-1181-0005.flac,music/rfm/music-rfm-0027.wav,2042636,0.0,False,0.4174744731337045,1.0,61680,16000,1067cc3f76756dfdebc540441d35e53a5f760bc0f401efc5852f6253899bf57f,546c265e0f42c8373cdffa2025bcf5d24620a7879df3fb404c22fafebbadfe73
14,260-123288-0021,260/123288/260-123288-0021.flac,music/fma/music-fma-0116.wav,990941,5.0,False,0.10436676579759115,1.0,43360,16000,85418a1303e0ce84791be2d08b12f0b5240899ed12bf42968dc1a28d7497a02c,bd66b6e029896970b1dbbf0d63fd2cda35714be6f8cd925030180e146026f1f7
15,61-70970-0037,61/70970/61-70970-0037.flac,music/fma-western-art/music-fma-wa-0058.wav,483217,10.0,False,0.1661938556552605,1.0,95680,16000,7365ec574f7467e3c037b2a6074531ee5e4394f2964a8139dfb2b9384fddc5b8,0b594434eddfb86296ae027f128ea03be71cc9adb0f82d45361dde707d27048e
16,5683-32866-0005,5683/32866/5683-32866-0005.flac,music/rfm/music-rfm-0061.wav,2446283,-5.0,False,0.8016915548365252,0.9771886664440413,73440,16000,8e7edb27ea8ce1839cbd630f19d93d95040b238aa3f94bd2f35bc84982413ce3,1801fd0aaf4066b9d51f8b2640fd707becfb2d0f239950ba2747995347579e14
17,3575-170457-0042,3575/170457/3575-170457-0042.flac,music/jamendo/music-jamendo-0141.wav,3038252,0.0,False,0.20921425213614955,1.0,195360,16000,d5b3b109f59ac5998d9083bbed45fd23476691c3204c461c3d21ee87d88df6c0,f427d479dfc3a7bf91434a3268056193ef016c6f2bce883b4b7da1887d3fbaea
18,7021-79730-0006,7021/79730/7021-79730-0006.flac,music/fma/music-fma-0010.wav,1656911,5.0,False,0.3047205263570362,1.0,181440,16000,5b1072efdecbb023f873332cf105bcec06c5e0965aefa31c78811a18cd06808f,10e3a218cd41a0bfc7d841813f646f31b7d1b09c2eeac73d66623b21afb3fe5a
19,8455-210777-0000,8455/210777/8455-210777-0000.flac,music/rfm/music-rfm-0063.wav,402087,10.0,False,0.14966312079960079,1.0,139920,16000,83ec5526f5386fe9cf100ce74c37d434d49424a77099cf6ffc70ec56d6a9d413,d84304d8bec13ce67571af5a74cab483430d5ebd744c87b09c9bf963909c5580
20,5683-32879-0013,5683/32879/5683-32879-0013.flac,music/hd-classical/music-hd-0002.wav,4070493,-5.0,False,0.8285667337439359,0.9384183623830906,183920,16000,9e7fac7c41db218452d44e42b977cc9f900c9ea104e3451ef1fe48cafeceb31b,1851ecbe1f959efa5186cee3e1300a8695d7b83931e76d456428a0ec3fec0109
21,5639-40744-0017,5639/40744/5639-40744-0017.flac,music/rfm/music-rfm-0047.wav,229383,0.0,False,0.28656595048113004,1.0,94080,16000,8012c4141ccd704b66b7b54dc6232bd69b782c2768a842ce1591e203ef2fc740,b26563251a8029cff2e2e99e62aa18b9cb4874cf23f1f9b0869e6b7a4c2ef2df
22,6930-76324-0019,6930/76324/6930-76324-0019.flac,music/rfm/music-rfm-0135.wav,3224372,5.0,False,0.12442651744697578,1.0,41200,16000,99053e231e1c583bda3efacb665b78fd2cd2eb6dfe00a5f309b0b572651d845a,c2a03e5bac2f5f5997c6b5a58e4cafc2c0e1599e079008fc912c0ffdae46b991
23,237-126133-0008,237/126133/237-126133-0008.flac,music/jamendo/music-jamendo-0007.wav,4493040,10.0,False,0.05167258540324631,1.0,61840,16000,ac147370abc650e861fa7b4f05fc6fc6dfc0a5dc973675b52ad2da3812e1d968,fa5a81327512f3a5d6e5b6d96a31e0a9f246a4792d438e2fd93a8da1ca8ad1ff
24,2094-142345-0008,2094/142345/2094-142345-0008.flac,music/jamendo/music-jamendo-0041.wav,1103305,-5.0,False,0.5422359974271813,0.7899598890499617,506400,16000,0b6821e648c678141b702f6d7ac610a57d48603f36701fad2dc1006118706b27,a540655eb1f0c601792f6ad38869456c34b7a57ee5649f05b06283902d69c95a
25,1284-1180-0006,1284/1180/1284-1180-0006.flac,music/fma-western-art/music-fma-wa-0001.wav,1160198,0.0,False,0.9388017109428184,1.0,109840,16000,18ded8a9a99077bf60e51187761cf785e7ae039b06c8c928ac7f2bb9527d44e0,f7ea3641af0ed4a853f73ce67bc6196fc32ef970477c049f5e68113178216b4d
26,1320-122612-0003,1320/122612/1320-122612-0003.flac,music/fma-western-art/music-fma-wa-0067.wav,1424172,5.0,False,0.5037131947491318,1.0,157840,16000,412b22484a86838f6ec49b295fdb493859761dde70f582d66460226ac6ad0c72,9b61c9c8c89c6b04f5d6e720cd9748303f3c78258ca8b161533acd2f064bdfd4
27,6829-68771-0002,6829/68771/6829-68771-0002.flac,music/rfm/music-rfm-0129.wav,1580260,10.0,False,0.09116728887936541,1.0,143040,16000,56bbbb3d44119a05d02d7ce4e403c314ef9f08bb16c67d1cc7c0086cd3b307ed,79d7cd35a6b610e6e91a13f51e2b1438485423249c0d5ce8de2af224885fecfb
28,121-123852-0001,121/123852/121-123852-0001.flac,music/jamendo/music-jamendo-0070.wav,4729186,-5.0,False,1.03631847864376,1.0,29920,16000,bb86337bef80a5493298b6b920518cf3c50444929faefb493d724a355db09f05,da8e312704ecf78e76b8bca4de7f439e8a5379cc00b71854c1b71d2f6cedbc77
29,2830-3980-0000,2830/3980/2830-3980-0000.flac,music/jamendo/music-jamendo-0071.wav,713284,0.0,False,0.6588951979971592,0.9702282326592913,59680,16000,489383f3e0934985d4d4041e3435da36c0a7ddb0ed43decd0477d275867750b8,6e801b796bfabcc492113e9236b5467ad0b9e534a36798acf83585b15e18bdca
30,5105-28240-0009,5105/28240/5105-28240-0009.flac,music/jamendo/music-jamendo-0097.wav,891175,5.0,False,0.12424155505603397,1.0,186400,16000,19550af325500d2109ed5e7be1f28629de4eee84f3d1c3197e38227b4398c73b,5685a1f74d9b25f0d22ab1f1cac27a92b8d5d06940e1352ddcae45ff5d747576
31,1320-122617-0023,1320/122617/1320-122617-0023.flac,music/fma-western-art/music-fma-wa-0013.wav,4543695,10.0,False,0.31204599437438396,1.0,125040,16000,d61de813a86a90e691b3b1499fa9ca77e14354297ccbb92d43398fadfa023fde,84a37fb3f38abaf36751c6895d24e8c695f1d2cf4a7055084db9acbb9356c178
32,672-122797-0021,672/122797/672-122797-0021.flac,music/hd-classical/music-hd-0049.wav,2064170,-5.0,False,0.325034168483608,1.0,66400,16000,b944bc6bc8050c2bd0cf2d1a897e0c53782f0bf9abcd0eed5305681d95a77c91,cabb180d5e07ed392476f6c27f106164e43eb22dfe7558c88626bb11231aed04
33,6829-68769-0046,6829/68769/6829-68769-0046.flac,music/fma-western-art/music-fma-wa-0048.wav,3197487,0.0,False,3.65275958269704,1.0,41120,16000,fa7a590aa40f00c6e9706185f567c62c148e766d12dd673acf485651df83cf0d,ff13fc2b8a624a073a814b8396539f27f21042afd6b2aeafbf17e7269e076fd6
34,237-126133-0020,237/126133/237-126133-0020.flac,music/jamendo/music-jamendo-0154.wav,3482124,5.0,False,0.18776834043313217,1.0,35840,16000,76cc1bea28e88836745c1f32d7f189a723dde6d03596347fc8c30c006e9e840b,89e95eb5723464f3da275c2ff2b436711f146fde0fc475b0552a6f66df6fe806
35,8455-210777-0057,8455/210777/8455-210777-0057.flac,music/jamendo/music-jamendo-0098.wav,475036,10.0,False,0.09423596105467562,1.0,172960,16000,960eb5b82116dc7f9055963cde9c4f08631de7451299d3e210f736372576848e,1668b27f688d4aea002a2a3d7c115a0d0d656d675037bf633011e95c5181f626
36,1089-134686-0022,1089/134686/1089-134686-0022.flac,music/rfm/music-rfm-0112.wav,1813426,-5.0,False,0.6821006291156665,1.0,178800,16000,1a43945d6ad688908f55d785a9e838ec3d3ce3817befa9c0884bf95ebf63075d,ecfb103f3406e86793d88a822023d6fe236f67f5d2c790c4d83752f09544394b
37,8224-274381-0011,8224/274381/8224-274381-0011.flac,music/fma/music-fma-0121.wav,510994,0.0,False,0.7257220926004107,1.0,103680,16000,fadfd320260419b1832e66feabd2eb85940f4f379675697acf1610b7579e4217,34aae7f057e0d573b792fd31c1be85f5641ffbc70ceb1f9aed8f13e2799eb7d3
38,1221-135767-0013,1221/135767/1221-135767-0013.flac,music/jamendo/music-jamendo-0004.wav,85369,5.0,False,0.10723052835625715,1.0,191760,16000,202242f113e030ec7f7d4c68285e96c62aa00300ccd9e6175e2538905c405d53,dd4c994fcf7bc8a629bc4c004faf6f750073268ca6b3750bafa256b2d71f044d
39,7176-88083-0026,7176/88083/7176-88083-0026.flac,music/fma-western-art/music-fma-wa-0028.wav,618991,10.0,False,0.2672300164504077,1.0,88480,16000,eb222bb5189bc3c9d67bef8dac09ce4a6c6e7eb4519f9c140c2ffee73dadcb04,97f108bf36718e3a48b799c37b10765291be45f6e0f64ad9241855241d7f040f
40,4992-41797-0010,4992/41797/4992-41797-0010.flac,music/rfm/music-rfm-0044.wav,373612,-5.0,False,0.4292202783234945,1.0,109120,16000,e13eec862b2d435d9e45c512b79a039cb654e3ab455f852d49cdcb03789c0c01,b7a97bf0fc146761964f54923b13b7511e269fa57e0b27cdf721d003b641d02b
41,672-122797-0027,672/122797/672-122797-0027.flac,music/hd-classical/music-hd-0068.wav,951689,0.0,False,0.2553389787872943,1.0,76640,16000,8c8126761dd5b33e9105d53d16ab7f9159eb65fca76c0757ae791fcd7229775f,1890c6fd6244e732ce2d2f773ba3d98948d355cda1cc4db6021fe5ef9572a4fa
42,61-70970-0013,61/70970/61-70970-0013.flac,music/fma/music-fma-0066.wav,263023,5.0,False,0.9742073604197296,1.0,69600,16000,252e9650b85357949cf54ee96af4a8b3cfa521b1ee423a5d0a5474d979807b55,a6217cd7ed60d8a10cd846a4581179bb50af6cde91dae86c1266777c950b9960
43,1284-1181-0011,1284/1181/1284-1181-0011.flac,music/fma-western-art/music-fma-wa-0080.wav,1659428,10.0,False,0.5987251152283867,1.0,124000,16000,328767843180b5b225b3ad0bce20ead3f3c5c890ad8fbf4c341d5374a892f23a,9b274400e6c259942fabde0948e603c2af2e05993154f6b9a3ff185047496c0d
44,8224-274381-0009,8224/274381/8224-274381-0009.flac,music/rfm/music-rfm-0096.wav,512707,-5.0,False,0.5459706784234997,1.0,454560,16000,1862dab2a4e3c44f4ef50e3124d891bb3a05cb7500c10372c33ab4c51bbbcfd4,ac4612b20b8f94b8e4055170bf9d77dd3b3d94ab945494f4934832d3ffe11e3d
45,2830-3979-0008,2830/3979/2830-3979-0008.flac,music/fma-western-art/music-fma-wa-0063.wav,445572,0.0,False,0.44047936153935524,1.0,151040,16000,044c4e85419eadc5dbf4379ee27e496fd57a55730a726c374f65f90180c41f7e,2287264851d68f687fb3a234528a2bf8c8a36ca8bfd1dac74f82ebbc8f1b8927
46,8455-210777-0039,8455/210777/8455-210777-0039.flac,music/hd-classical/music-hd-0050.wav,3479082,5.0,False,0.27507439994861754,1.0,89440,16000,57e0177e17eff44d19005aa63da3c81cfbeb699c6d4f503cc9c7bfb2c63a0895,b738e522f1d977c2b978c3686b4ca0adb3367096d5a33441ead121357fee8426
47,7021-85628-0001,7021/85628/7021-85628-0001.flac,music/hd-classical/music-hd-0006.wav,292862,10.0,False,0.16012432647484479,1.0,181280,16000,28ebb270070d68374c7b3f47989db90f01153525339d7b19b6b387d7c65f97de,40ebaff87e62153c2d8406307e2a71727c844b70fcfd37408a9e1784cd841ad7
48,5639-40744-0032,5639/40744/5639-40744-0032.flac,music/jamendo/music-jamendo-0211.wav,2496364,-5.0,False,0.18806381805013583,1.0,278880,16000,238a8dd7f6d7bbf88804846d6702cea36fd667115989ce1635a5e9e33d2d2887,9da694a9dc0a9ab3b6c2756ad581a67b600c39494887a2c57fe0914a0502da10
49,4992-41797-0016,4992/41797/4992-41797-0016.flac,music/hd-classical/music-hd-0014.wav,2000236,0.0,False,0.4262946544005084,1.0,52800,16000,20d68e8112e468f9f0f46ff54cc00730bdf112a275d073248e995179e888d230,a8d99c0c835cb1ed75ade63d90deb96a016de354a78e33adf7ecfa9160d294e3
50,7729-102255-0011,7729/102255/7729-102255-0011.flac,music/jamendo/music-jamendo-0073.wav,774299,5.0,False,0.21890463395981288,1.0,325680,16000,4fb3b88f1af1901ca565dc3bd8e6c7e5fba7332f60c71b2aacea3fa1620a7050,946a55e049072a8c8b84b908fba9c0dc35c9e89518db80bd0f25018507f0a372
51,3575-170457-0035,3575/170457/3575-170457-0035.flac,music/fma-western-art/music-fma-wa-0089.wav,904419,10.0,False,0.23027428104556316,1.0,149920,16000,9ba838afb1585a7f991e851c0043d15817d4de4a49794d3b12c97cd526264a22,9e075c55a6c8548ab115bedd3c499c2b0923065d445a010ee4bfa9514411d8ab
52,1995-1837-0003,1995/1837/1995-1837-0003.flac,music/jamendo/music-jamendo-0135.wav,569495,-5.0,False,1.7760101132529376,1.0,117760,16000,12080d241ff41906cd18d58fb4e57ca5276a3428e65039a4d0326a4bcdd0a09c,b99547eb575a5bb8ba1fceded64085ef86f11376bf05562c5926d38bc3ee2063
53,237-134500-0019,237/134500/237-134500-0019.flac,music/fma/music-fma-0055.wav,3651509,0.0,False,1.1284649518641319,1.0,45760,16000,10af4498b090233a40979ca4a3781f374e5be493ce4f34ce8b99d46965e644a3,8138c2bcfc6cd645cf738a6897422c26d221f18f209e31468eeacb2ee2820e14
54,672-122797-0018,672/122797/672-122797-0018.flac,music/rfm/music-rfm-0091.wav,334862,5.0,False,0.06942106379532863,1.0,78880,16000,ba044752b170c06233ce12921790465081ae4503e61bd87340fac0c19086b674,7659d05a69f15031436352b39f73e951610ef36a6134af3434528b7b619838e7
55,121-123852-0004,121/123852/121-123852-0004.flac,music/fma-western-art/music-fma-wa-0072.wav,2086293,10.0,False,1.4010017029490784,1.0,260640,16000,98ce83fa156ce28b42616379866d81fead6cab83d284acefd34cb99878033c89,b907af3cab458fa58863bb8f390d8033b1f952e12225ca9b95dabaea36f467c3
56,1188-133604-0031,1188/133604/1188-133604-0031.flac,music/rfm/music-rfm-0024.wav,1604884,-5.0,False,0.6418384989556296,1.0,68000,16000,4088e4ce1f1752e8b38a5b83f7f50c7a7d87a93db181d032c63217d957feb4ea,ce492f486f32b2f158d052bc206d4f198068d27beaf519a9e1effcd0d5b72030
57,7729-102255-0043,7729/102255/7729-102255-0043.flac,music/fma/music-fma-0089.wav,136406,0.0,False,0.4320045630433478,1.0,176560,16000,91a9a53ad05da22d106803d13e20d1e1eddddf36cf957e62ba18934d53854472,b8a2739f29aedf7b4b4cf1d7dc8b076e54cd1be13e8e3823ba41d8e29162cf90
58,3729-6852-0029,3729/6852/3729-6852-0029.flac,music/fma/music-fma-0108.wav,2102919,5.0,False,0.07708051752432905,1.0,137680,16000,b9f85e195f72288fb788c47337b1225b928f53d67f9de3cb39389b5d2953234d,cf6b6beaa20d318655f21eac7de32a4dbe07341310205dfed701bfbbe9d4c3d3
59,2094-142345-0037,2094/142345/2094-142345-0037.flac,music/jamendo/music-jamendo-0023.wav,806353,10.0,False,0.0736378058353142,1.0,167840,16000,4ce7f9196e8abbc1365596b908ae10cd9927f4015ae183eeb624fafd96d68785,6f2f5cf132fc05f0bcd3da5e9fe5734d725a6a2bb8e754fb160800bf006cd62a
60,8555-284449-0001,8555/284449/8555-284449-0001.flac,music/fma/music-fma-0055.wav,3889687,-5.0,False,1.526676820341957,1.0,138080,16000,86628619ec440fb389d7c3725957a9ea7aa99ef018d2aad8b8078a528ae2e577,44c8538b87aed049219d594089360d564dbce592359d63a94d26b112b453dab8
61,2300-131720-0034,2300/131720/2300-131720-0034.flac,music/rfm/music-rfm-0028.wav,698573,0.0,False,0.22995428857613207,1.0,137680,16000,962590b2f3dde7b8c970ed8f0305f89e83ec1bca04cd40338ada27bf3d4fedbc,1b34890342848769ea1d3be6513b45c94091e4a210e26d70953286562a652ed9
62,1221-135766-0002,1221/135766/1221-135766-0002.flac,music/jamendo/music-jamendo-0190.wav,3822237,5.0,False,0.14804093061881188,1.0,77200,16000,65b222837919ccbb924a4e1077413ea7cc6af3e68b663b012a9539d5c05850f0,d987c73ef856ecd1db502c807b213b53917bd7756494e44897a986bdf308863b
63,4446-2273-0003,4446/2273/4446-2273-0003.flac,music/jamendo/music-jamendo-0072.wav,772990,10.0,False,0.0840680814011802,1.0,125360,16000,0d21db62e32e7d48c13eee95a43e3b9287c52f4899b8d8f116fafd9fa7277e58,1e719440c4adb86cb0ffae450ed90dbbe7b037c30bb34cb93ee8d9ed417e8907
64,8555-284449-0006,8555/284449/8555-284449-0006.flac,music/rfm/music-rfm-0119.wav,1034776,-5.0,False,0.789912473092297,1.0,62720,16000,8033b3cb2431c6e4de04fd387d9a7dd15e3ec10fa72f1c17c563c32920e8500f,3514b7937a0af32fe6b8294b6e06f1d5a225210feecfe89e05167b2139242909
65,5142-33396-0004,5142/33396/5142-33396-0004.flac,music/rfm/music-rfm-0056.wav,673952,0.0,False,0.2322934236751633,1.0,35440,16000,fad8364bd12e0f10583f06365f5a53a2cba80c46b36ba1b31e5f33c884334d1a,a4679a81eda425bd54ab58d48830b30cfd64cf93463cf6528bcf95ae853562d1
66,2830-3979-0002,2830/3979/2830-3979-0002.flac,music/jamendo/music-jamendo-0184.wav,1695968,5.0,False,0.24898396612372023,1.0,69040,16000,724f1a6bb6696584bfde9554c2015fb2c268f6b237304e6c9b0089544856a4f9,37bbbc289491b041116857bbff1ea016876ffe67735fde5fa84807b22709b297
67,672-122797-0008,672/122797/672-122797-0008.flac,music/jamendo/music-jamendo-0074.wav,681576,10.0,False,0.045354458073479084,1.0,492960,16000,9c02e8c8caead6fb4d46bde54000a64b3cc3f0cf153a5d548093ca7fb517d854,1433bdacf0c5782fce3d9f31d0b7bec5865d6f9cd76b1fe3b6f8a9e6f21c1d75
68,5683-32866-0002,5683/32866/5683-32866-0002.flac,music/jamendo/music-jamendo-0062.wav,836068,-5.0,False,0.5048663959432648,1.0,82000,16000,3ed8dc00d346a0d34bdd71150afb9c68fef2a98e56cd217e499b5165e6471068,658910ffbfa606b83f728943355c11915912c9bb753c82a2c43771689dbd63b3
69,6829-68769-0025,6829/68769/6829-68769-0025.flac,music/fma/music-fma-0118.wav,2286410,0.0,False,0.5252135760155088,1.0,91760,16000,80d01eb7881a5251cb0afa89fda282771faa33cc605c9442c0ed70deca720939,cad8a6352a1ec63b9ed95136a36f93404766f079423757798002b378542e732e
70,2830-3980-0038,2830/3980/2830-3980-0038.flac,music/fma/music-fma-0015.wav,3945060,5.0,False,0.19011903931657875,1.0,88640,16000,978381478d60dece6edf570db3da8393a9bcc3953190e736b6933fccf02ab249,2ba63f88e4dfcb922192baaec7c14dbecdd14f71592b8a66aad25e3b5d512e17
71,7127-75947-0018,7127/75947/7127-75947-0018.flac,music/jamendo/music-jamendo-0215.wav,1456531,10.0,False,0.10740084528154895,1.0,64640,16000,054201fbdd9abdb79fb908656992de7dc7339014d2e8d88b0fcbbab028b8d44a,aec1d0abdbe856988adb26d9be0675cb3b2f459ab25f44aa3a3b1247c533d926
72,672-122797-0047,672/122797/672-122797-0047.flac,music/fma-western-art/music-fma-wa-0037.wav,473122,-5.0,False,2.1449105409155034,0.8652240906455986,53200,16000,223aa9766ab00e79fe839428196d812e6ae2f74fc24240ca466f0f69b654d9d4,031820bbcc4e4371503d8e1555819e563127a881d3eb9f582677da4c32d50fb1
73,4970-29095-0002,4970/29095/4970-29095-0002.flac,music/jamendo/music-jamendo-0043.wav,905473,0.0,False,0.14720405988750904,1.0,87680,16000,17c9101120d4f9bdbd6560cc8d10a2c9d8137263c89909719de0e97874660d9e,8360d33bcf8bebc3d82b11870564334c42d2d7cdf9fa147208c7b29d8e9a3892
74,4446-2273-0010,4446/2273/4446-2273-0010.flac,music/jamendo/music-jamendo-0004.wav,1036170,5.0,False,0.16136224800874563,1.0,199040,16000,bbcc1d6d905adb3c0921b67d53be8a4d90e182859dce8ebe0cf1e489d4a6237b,c23edee388c65744bd60431a638257b955f591b38119265c31fb168f4deccca4
75,8230-279154-0029,8230/279154/8230-279154-0029.flac,music/fma/music-fma-0115.wav,1795048,10.0,False,0.05040756370251327,1.0,136640,16000,0969c5d192f5bca38502a52f56cb795965ecc9c87a6fa55320d98453426386ca,4f60632f87f5dc4f7786d3e869fc735b30643a3c003d3f3b95c4f8134bf08793
76,3729-6852-0003,3729/6852/3729-6852-0003.flac,music/rfm/music-rfm-0090.wav,892827,-5.0,False,0.8869351261719289,1.0,343680,16000,61d4004dcc2e103337c4a06007868c172177e13f3b92156d8a290d22bce97ca0,8235f288e21193fb23b963e4e6423291611366bde5cbed465826c5e5c6ce8573
77,4992-41797-0017,4992/41797/4992-41797-0017.flac,music/rfm/music-rfm-0086.wav,1796937,0.0,False,0.2797921856948454,1.0,139040,16000,d11464a620721283bac909479d95e6fe46967cb9a47e94c4a71327e63ed9e7df,be20e4a627b97349408b910755d867360650e11766d589279d5ae0a3fc01a156
78,1284-1181-0015,1284/1181/1284-1181-0015.flac,music/hd-classical/music-hd-0029.wav,2170979,5.0,False,0.35228180752353594,1.0,81840,16000,7e62dd5fabf2fa365b64e1445efab7ce01d0eac4025e7ebe45e88b5415c9d603,858f630a4154eadf6c41ea11e8bd4d84c2f1f479e1d5da4235302dc60ab6094d
79,6930-76324-0016,6930/76324/6930-76324-0016.flac,music/jamendo/music-jamendo-0136.wav,1773187,10.0,False,0.04152770410672495,1.0,147280,16000,2ca894fef15e418e35b300cfbde30fa9e02987bb81a35b34ddbe7fa111c29027,6c8dc711f5b972e4d4e041b8ab2ee0b79cb07d001d617d0e2f5fa0fa62b28284
80,5639-40744-0026,5639/40744/5639-40744-0026.flac,music/fma/music-fma-0121.wav,10237364,-5.0,False,1.6402028859589863,1.0,232000,16000,2fec8dab3eafc26da2d2f6aad5fce1bfa39976778a660f5f3296d6684e3c87a6,03b2541de266e3bc1021a4bfd0dccc90a16b5d2571a97dd764a586c690157cef
81,7729-102255-0020,7729/102255/7729-102255-0020.flac,music/rfm/music-rfm-0050.wav,3150025,0.0,False,0.19569119365821314,1.0,175600,16000,00be9a235d4b5473b2a39bc63d42f77b30affba37754851436ffd9823ef84e46,fb69a613572d8e9aeddd70ad91c0d36a598050536cd407013d0847fa14a07f41
82,1221-135766-0004,1221/135766/1221-135766-0004.flac,music/rfm/music-rfm-0020.wav,1414370,5.0,False,0.08874389069703285,1.0,119040,16000,8ff4aa5749ae2d6a649bd517c35aeea3ab111bdd825c476dadce1ec7567fc4bb,56733e397e0243af8c27e9da906e675b0aacf9009935bed0c8d9d8a495f18695
83,4446-2273-0005,4446/2273/4446-2273-0005.flac,music/jamendo/music-jamendo-0085.wav,2664683,10.0,False,0.03762646322872296,1.0,66000,16000,b91baba301e39eb6fe0ab31a13f8081434b25442033998c16af546b2404f81eb,5a468cdcd2d30ac09679a415ebef6f757f9f6444dafff244e0fe989fc71bdd98
84,3729-6852-0041,3729/6852/3729-6852-0041.flac,music/fma/music-fma-0056.wav,4497687,-5.0,False,0.5697139870771674,1.0,174320,16000,b94e2ce3db3517dbb0c6c3aa3f85304ffba611f90528fcabf641797aff853268,a1253c62eaddc6a9e47803ad1620a28c13ed0e2edd286cd3cc8440a15aa7cabd
85,237-134500-0035,237/134500/237-134500-0035.flac,music/jamendo/music-jamendo-0140.wav,1039125,0.0,False,0.23426290249946102,1.0,40880,16000,30aed9734b1d634cc2437314a537ac7d710d5edb7498ee8529b173ff843622e7,9df31a9cef827d8f2e8f8270fbed3887173c8eab1d73dad9d9f6b1fc53388f31
86,3575-170457-0016,3575/170457/3575-170457-0016.flac,music/fma-western-art/music-fma-wa-0046.wav,2413872,5.0,False,0.41473938961835033,1.0,27120,16000,6ec7a5723f617906ade69fb52349461d70741ed504ddd4b18af36cfd0887b348,2d742dc68fb8013c0afbfaaafd27b6d794724a1eab3fc76302bad7b278b1670f
87,1089-134691-0007,1089/134691/1089-134691-0007.flac,music/hd-classical/music-hd-0026.wav,153393,10.0,False,0.23724290511834448,1.0,55040,16000,4d757a880cfef7d3a1fb96207de21a26740c8201bccfea76881299a8afa5ef02,28ba64178b58a186bed19317d7e2b7ad1e17f2c75dcb721b9dddc28c57086324
88,4446-2273-0032,4446/2273/4446-2273-0032.flac,music/hd-classical/music-hd-0057.wav,1338810,-5.0,False,0.4914323684199595,1.0,125360,16000,9c1edd1262ac42e430bed5c76c6bc9028455140c0b126822055e18bac1b5d5e7,25694c5ec2e03064ea616c10e7e1d543bd00f9141ae378ce1f038ae2950bb46c
89,4446-2275-0004,4446/2275/4446-2275-0004.flac,music/jamendo/music-jamendo-0198.wav,3135528,0.0,False,0.18926026840264434,1.0,33760,16000,247613fc24c7343a11543af75e31ab7640ae02634df7070d05b8f891b962d58e,32725d35b65b4cd8c398ad59a8942aab7fc0a5cf0769f3d49cd69e1b15fe29d7
90,1995-1837-0007,1995/1837/1995-1837-0007.flac,music/jamendo/music-jamendo-0203.wav,4331991,5.0,False,0.476552535567343,1.0,140800,16000,da06d754db4637c4adbc3cb3c85664f56f4eb9c952156d202a19262ad80d7bda,5e812f19641ee1099ecd2f2e0028deedcbfbfd543abb021a397b4b234838ed35
91,7127-75947-0004,7127/75947/7127-75947-0004.flac,music/fma/music-fma-0115.wav,2474830,10.0,False,0.03999985600531152,1.0,30480,16000,f7f4f39dbdeb3f94953cc171db42af5c2004de5d5a3d0b47cf7bdbb836c8ec26,b5550dfbad62d27baec73da2427e2a9f81025a2ee41a0a073eb423aee079e929
92,8224-274381-0001,8224/274381/8224-274381-0001.flac,music/rfm/music-rfm-0011.wav,487085,-5.0,False,0.5549010983502943,1.0,359200,16000,2670105cf59e9d0fa68c7a4aaf25dd2e3cf0cd8012ab933d22f8063a7043d9b4,4d3800a88b93549184ecd8726750de8f8eb495b2227916bd457f45bbb74c2147
93,6930-81414-0003,6930/81414/6930-81414-0003.flac,music/fma/music-fma-0097.wav,3794742,0.0,False,1.8861878901798612,1.0,52720,16000,7ffe89cdcdcabfca19835d08b2aecb6cb0e0b83571e5b7f173d9187a9813741e,e1c1f2d6f2a6a9ede369b2595a15930dc3b03bd22c9c9fcfa666edfbc6fb523c
94,672-122797-0046,672/122797/672-122797-0046.flac,music/jamendo/music-jamendo-0079.wav,293901,5.0,False,0.10976243113617502,1.0,75440,16000,3329f9bd4aa1df104c9b2bf9aab6b8a23e25c438fc4490c7e63360683f76d0ac,0de0fdbf8a12e5c78b87f7c1e68b64e0f1e9178095452afec90d286274574fce
95,1580-141083-0038,1580/141083/1580-141083-0038.flac,music/fma/music-fma-0001.wav,1397957,10.0,False,0.02577483393808997,1.0,120560,16000,ea365c12de64998fa92dfdb08eb2c479e1d019ecd3fcc60eeee77e0376aca2bd,357bcf582f9763f92369a3eefc5d00ee717ce2f0e7f01039faa33c5099567ae6
96,121-121726-0005,121/121726/121-121726-0005.flac,music/hd-classical/music-hd-0065.wav,437802,-5.0,False,0.637171157522454,1.0,49600,16000,eb2911eacc6afa1c5e13880f6720850c773461d5946d526d79694e387af5d0d2,2b5a176a30196d150f074aae9a4aa0156863c1acddd12a8ea07f804852fea277
97,1089-134691-0020,1089/134691/1089-134691-0020.flac,music/hd-classical/music-hd-0002.wav,2405334,0.0,False,1.2201249519684152,0.9879216050522373,63840,16000,c9fb78c5d5391044967b682d693dbee541ff4073868d060a3d27b3ae77df4d5c,0227ae542aa731ef4f00799f3b6676036aa8cde9ec00a0b5420494e499962524
98,7127-75946-0018,7127/75946/7127-75946-0018.flac,music/fma-western-art/music-fma-wa-0034.wav,10133087,5.0,False,0.43560239626431263,1.0,146240,16000,9bdae628680b054eb47745f2730615bf9bd285bc23a624dcff387cd5e9abb7db,0e63523bf66172fd5b4f653a033e1865f9091f392635d84f04f169456c9136c5
99,7127-75947-0040,7127/75947/7127-75947-0040.flac,music/rfm/music-rfm-0137.wav,1715552,10.0,False,0.10081391287136651,1.0,220640,16000,cdd354801cd0453eaa1f64c40eede1ccd739da013ee49981e41ab3568594811e,301763ac1c0e5fd9f58af0b15f63ef5588efd16320ab4c972cc04ce758c8df5c
100,8224-274384-0012,8224/274384/8224-274384-0012.flac,music/jamendo/music-jamendo-0128.wav,520533,-5.0,False,0.8060265222563667,1.0,299680,16000,38cc8df7d59b72d50cbe58930debcff01114d74bc27a46a897078d0e079afa3c,bbbc60693d759c48da1cf822714f8be9bf1040da906c42e9892d03b6183151c4
101,237-134493-0000,237/134493/237-134493-0000.flac,music/hd-classical/music-hd-0039.wav,103560,0.0,False,1.5940245154294397,1.0,65680,16000,e857d63b112360edd2eb2be917504ef52b9c7e196ec1a7d53020478591659d01,932d7a90795096d5249dff567041a2ccd0e40877d13c75b8bfe2e8af02cd543e
102,5105-28240-0005,5105/28240/5105-28240-0005.flac,music/rfm/music-rfm-0136.wav,2646015,5.0,False,0.09248324695985488,1.0,118400,16000,8289ac6f916b5950791313761de8272f882089e288e431311afdffc61a2e88ab,932c051e3229e1d36f4125fad74502a5b72c7324a5955016b4f93f0c5553e5f0
103,260-123286-0028,260/123286/260-123286-0028.flac,music/rfm/music-rfm-0060.wav,1663117,10.0,False,0.12016934192180531,1.0,119440,16000,a1bbb9a817de3ed5ab06e3c31d0280a7875125a74473ada3029cc4bbc2655b18,3beed69963060fa45c476695ff9d54a76d458edf8cf434a11db11fd61c145c3b
104,1995-1837-0017,1995/1837/1995-1837-0017.flac,music/jamendo/music-jamendo-0134.wav,4542975,-5.0,False,1.0203619081343185,1.0,49600,16000,6381a9feaba828c0e6d06a81ffcffeb6d4c89bd52476a4c30889690f63ae2493,73edd9f08d2c400787cf2e35aea4b81472eb2ea11a50170cf3eb5d7b2d44ee49
105,7176-88083-0008,7176/88083/7176-88083-0008.flac,music/jamendo/music-jamendo-0135.wav,2998936,0.0,False,0.44494383037149277,1.0,52480,16000,0e1179b432187bddb730592bef7a064e027a94dcb88c1e65f8a879e8d6664375,d35c58d695ed88a64daf6642ff240a7544dd73a6dc30d21936cf1f2ab07dc70a
106,8463-294828-0010,8463/294828/8463-294828-0010.flac,music/jamendo/music-jamendo-0043.wav,2777021,5.0,False,0.1296266158088784,1.0,133440,16000,611f0dbdb28143bb520f37f25591b5b94920839b6d266d09cc7b150ba926b1b9,c8572a6b164f1803f3715ac9b92ff81718503b4a150d05b695e16b24d3d58202
107,672-122797-0051,672/122797/672-122797-0051.flac,music/jamendo/music-jamendo-0185.wav,3492791,10.0,False,0.10147454625541137,1.0,74640,16000,7d15d2a72350745071d41e5fbf2bddb56bf51af4829399c7a9f68c878d19d79a,1ed035e94811bf5ab917953e4cf80340499ddf68f6bbfe5f314656202d67aac7
108,1320-122612-0011,1320/122612/1320-122612-0011.flac,music/rfm/music-rfm-0098.wav,423806,-5.0,False,0.5267465502917957,1.0,219120,16000,6ccd9e862cf10a22d00a469c90e6865480f38fedb01fde8d7c8acc920ce63e8e,f397a64f2804e15094f01eae5ad496720fd25542480eb727d1ddf5c937197828
109,8555-284447-0002,8555/284447/8555-284447-0002.flac,music/hd-classical/music-hd-0006.wav,247093,0.0,False,0.5239394330735445,1.0,128400,16000,3629c1cfc2405ebb1b03eb188618d126fe8a634a7ea56cd739c15725b97e3b46,78d5872e90aabcc5d410defe11e9f12ec38ae4ae222d1daa68753d5ba053a20d
110,3570-5695-0012,3570/5695/3570-5695-0012.flac,music/fma/music-fma-0080.wav,323387,5.0,False,0.10719882136978795,1.0,236160,16000,2028666d131fbb3018aa2467b3b58e8e1530cdb80898fe0bb7c4d05ed3b874b7,7cbcb361ec47a00628bbc1766dcbd0f5d20691f5b5023dbec94f6d0fa046441c
111,4507-16021-0051,4507/16021/4507-16021-0051.flac,music/rfm/music-rfm-0109.wav,1493242,10.0,False,0.06507372328826877,1.0,98720,16000,309a30432a9bc315743a0ae13c442f306c674a444c356be3e1b18af6edb71363,e10a32ae1e8d433846b81f0d114dfe718a57c9c60b2b26576e3b6ef6bf504cbe
112,5142-33396-0002,5142/33396/5142-33396-0002.flac,music/jamendo/music-jamendo-0109.wav,4964120,-5.0,False,0.49451598843961125,1.0,58720,16000,a07de78a1628a326dc5e665a153573e84fc322b6c1bec6294162c4e61cdc2b2f,3bb254e477d20f0886f8cf416adc8644ee6527fb4d99a2665513e6b9b3de040c
113,5142-36600-0001,5142/36600/5142-36600-0001.flac,music/fma/music-fma-0113.wav,1269604,0.0,False,0.20113645889552423,1.0,322960,16000,9a170508770b5b55a6d87d3ed4f53bd3e2bf481aa513d0d3a04cb30e04e85920,42fe447a1aedfb6f40cac6f4e4f2144fd53706c966c6f2929f58fb289ff2a41e
114,61-70968-0030,61/70968/61-70968-0030.flac,music/fma/music-fma-0059.wav,346989,5.0,False,0.14165380569428307,1.0,90960,16000,2767e40fab3748caf7f07dc47297ecb6b5bf19b53f12bb29fe5626b791a795e0,79f09cf57a9ba002ca262b54991e7f448f36814c4f4faf2a74343b1fc30e8a87
115,7176-88083-0005,7176/88083/7176-88083-0005.flac,music/rfm/music-rfm-0126.wav,798601,10.0,False,0.21731769925734262,1.0,75200,16000,fa31bac996450863bb2b3dc45bebeae0b76417394994a076365b92bfb3be5c7f,3ad8dcdb573627a6b18d8ba908cc47063d44029a8339cfa92b653dc5d770be66
116,2961-961-0001,2961/961/2961-961-0001.flac,music/hd-classical/music-hd-0032.wav,2922557,-5.0,False,0.7721091183792659,1.0,146960,16000,f2191a604ef58300abd7243809d12fa4f181145eb823cfbcd102ffd6382b7829,6118dbf969872118b942cf9b0a2d9883956fe4a65022506b6a53ff2d5909926c
117,4446-2273-0014,4446/2273/4446-2273-0014.flac,music/jamendo/music-jamendo-0072.wav,1500069,0.0,False,0.21998443915772603,1.0,38240,16000,1cf3cb03759bb8f161393901189a5217ecab63cecd8a96ef0c5d571f1f05f9df,cfe11f48a49ffaba754ff9693369281875f56261dcf14887674c951cfd98802b
118,6930-76324-0020,6930/76324/6930-76324-0020.flac,music/fma/music-fma-0005.wav,3737385,5.0,False,0.07750829969029184,1.0,101040,16000,1e480816108145cb61ed40f7d3bdd6f8a93686164b1a8526f0c7c992e93d10ad,3e9bf78e6a3f793dcd252fb5f3f10a34f02a20d3516dc7cacb14e863d3c9905b
119,672-122797-0043,672/122797/672-122797-0043.flac,music/hd-classical/music-hd-0017.wav,1741823,10.0,False,0.13720029198020353,1.0,60480,16000,be97f6a28a46b964c1ec700c905c3194d3a29d68148cfa881062fa71d4744042,521219267655de6751dbdc5928c66d862673d74c0008fa552e62973be6036ba0
120,2830-3980-0076,2830/3980/2830-3980-0076.flac,music/fma/music-fma-0012.wav,605390,-5.0,False,0.4272309801372589,1.0,76960,16000,e894dbcd8f9e1351c42a98152e98cf0e87135caac94e5e6a1817213c7ea59135,04535efb1087da4f0207dbcbafa65ffee7d50b3c4e3ee5d1550a34f3ba8a69e2
121,5683-32865-0011,5683/32865/5683-32865-0011.flac,music/hd-classical/music-hd-0056.wav,2128985,0.0,False,0.3619309672075899,1.0,101680,16000,d32f036302c4f203b738cd9f5bafd25f0a9897fbc56122f4d5f263223c8f1ed0,eb3669b06262cd3311b4008c4dfa0229cbbe0911e3ae51713b48f5490c8ec4d8
122,672-122797-0066,672/122797/672-122797-0066.flac,music/jamendo/music-jamendo-0040.wav,3405539,5.0,False,0.22538720243612392,1.0,77040,16000,7772fa2ad1ecc8cda23e2158235a211b00ff86b63cc75a0c8a30e9f51b47dd55,641f114003712dc663c530662c9a9191670dd17537b3f39abfbb345a04bb5e6d
123,7176-88083-0004,7176/88083/7176-88083-0004.flac,music/rfm/music-rfm-0011.wav,1639201,10.0,False,0.10912623359248437,1.0,120000,16000,59b1b21ff723a947640881a01149b61f13a1df89b1ae744a79b2c4c18a5448cf,2ef6a2409c5a9f0c02692445babe37c646dd0ed74c363221a518b09c913e079f
124,6930-81414-0005,6930/81414/6930-81414-0005.flac,music/jamendo/music-jamendo-0105.wav,1846921,-5.0,False,0.29762279443556044,1.0,29040,16000,0a6dca0fecf51c3627ef8a249141708596e7e7ae940049c34ed86d85327f0a0f,e43f87820fc522fde02a39b17895f1d7831eaeaf71d3c73033fbda68f495b009
125,1188-133604-0008,1188/133604/1188-133604-0008.flac,music/jamendo/music-jamendo-0204.wav,2052161,0.0,False,0.214449345540259,1.0,332080,16000,850ed999201fa02f00ca222c3a1772391e2d7d67784a28879caa6bc84720d8b1,6995d97f2bbe6589f30c4daf38b528cc231e8fe376769fdf6c409c94c71b5ffc
126,5105-28240-0022,5105/28240/5105-28240-0022.flac,music/fma-western-art/music-fma-wa-0027.wav,9095,5.0,False,0.3521471724827476,1.0,75600,16000,0ce4244cfae54077379b07f31a2a8f87ee50c7cf39d865965e3bca1e4ec92542,b90773c6d01b99fd1a17041e1a44a715a5ae8c52341d231966cc8253d2069024
127,2300-131720-0027,2300/131720/2300-131720-0027.flac,music/fma-western-art/music-fma-wa-0032.wav,2311117,10.0,False,0.23501019561897682,1.0,137920,16000,3c8b20f214b349b47c8c4a58d8f1ef6dd1e29b0e3a151e8fd0acb2ec6f438260,23c1cdd3e07c898585537166a0b42cfdc2470a896923fe3e445ddcac95232c3e
128,8455-210777-0043,8455/210777/8455-210777-0043.flac,music/jamendo/music-jamendo-0038.wav,1089436,-5.0,False,0.41362250805634515,1.0,50320,16000,d448832be8b074f8f9f0f4e384113e9356e3ae237384ba15e6c7bfa722782338,d5749bdb3732d3baa76354aca791e652aa648a53d921057d649d73980a8e3ca3
129,121-121726-0004,121/121726/121-121726-0004.flac,music/fma/music-fma-0051.wav,3628,0.0,False,0.32606608099084816,1.0,64320,16000,4bbc737ca67241542d273abfc2344f1e79c73efac7b096a2fc4f1ec346aaa9eb,79cad96c587ca99366b44b9321e9ed8cd8cb6f26741566b12c6e37c6503ead93
130,5142-36377-0014,5142/36377/5142-36377-0014.flac,music/fma-western-art/music-fma-wa-0066.wav,360216,5.0,False,0.17922768809302106,1.0,406640,16000,f4f4b74460ed9a3d4b81d368d0646cbbb4ebdfd291b7fa49632a962d103d8b62,a07b2f636018ba3bd4ce217d3beff7721f810c41dda856600f6f3fcbf351c3a4
131,672-122797-0054,672/122797/672-122797-0054.flac,music/jamendo/music-jamendo-0143.wav,1329635,10.0,False,0.04634735331227652,1.0,68000,16000,77893cec7c5e056c412243400506c9801834e91b14c26aa8b6218403f4a5b872,050471374f002ce63b7e2726aecab5dd0ee69ccb194f9d719b426d85bf4c7b8d
132,121-127105-0018,121/127105/121-127105-0018.flac,music/jamendo/music-jamendo-0058.wav,2907227,-5.0,False,0.34461713850730497,1.0,44320,16000,a0b4ecc1a814ca174e00cac16f392296bb2ef762ee5dd47f93b5258a4818cfcc,3456124f9039f837f88a448ddcf00bf998f4e8927c1605cc2aa6d477b754f4d1
133,2094-142345-0014,2094/142345/2094-142345-0014.flac,music/rfm/music-rfm-0023.wav,583697,0.0,False,0.43248956072016165,1.0,207920,16000,721c312cbb558c4fcf4227c5c35af7834bf048d2749ef800477bfed27bd00666,961121edc9ee55f5a7bfcc5389a82bf082ad754a0d7db176970dbf120efc7e26
134,7176-92135-0021,7176/92135/7176-92135-0021.flac,music/fma-western-art/music-fma-wa-0091.wav,1266116,5.0,False,0.3813007153061119,1.0,41040,16000,6ec73ed59c998be10964a65efc77a1cd5608c991de371f148a026ae09163e016,7bf86293c3b3a26af25aab49da26f36b6db9caff933d606b1d87860089ce9d2d
135,4507-16021-0007,4507/16021/4507-16021-0007.flac,music/jamendo/music-jamendo-0156.wav,5612588,10.0,False,0.06058842696773595,1.0,42080,16000,e7de16c94218a104ab31ffa18ab226ccdd25ce26afcc01913ab45944822538d6,aa7604e1760a33c4489eefd6dd44f80620c78a218840928b9b0556b33574ac8f
136,237-126133-0014,237/126133/237-126133-0014.flac,music/fma/music-fma-0062.wav,2191350,-5.0,False,0.31752179412446585,1.0,108640,16000,e1c93d123eb0496adaa867c083c47607abe2955f9e03e6efbf9febf3807fc250,1904512c092f854952c1385527f5a7b4bf20178ca0ae8f263a2cac7c5074e4a6
137,1580-141083-0018,1580/141083/1580-141083-0018.flac,music/fma-western-art/music-fma-wa-0054.wav,1624504,0.0,False,3.9749335449298426,1.0,42800,16000,f896b288c14c8de9e52a7a333e31cf7ee19d7d9486e1a15b076caa4c728883f5,739e5bb448baf69e1dc596a332acf5aa0c0c4f95e3fcc76209c32755ff8239a9
138,6930-81414-0011,6930/81414/6930-81414-0011.flac,music/rfm/music-rfm-0107.wav,2923392,5.0,False,0.09957116115918316,1.0,75200,16000,9d10b06016b0041fd1f2dec0ecd5c7fb8d045acab6f22e61b01cbabd57854394,d095de366d4277be384956924a15fbdab87aaa81dee9b2ad49eebcc5d10b3eb4
139,1320-122612-0007,1320/122612/1320-122612-0007.flac,music/fma/music-fma-0075.wav,3111143,10.0,False,0.0677883758193705,1.0,88640,16000,5228f587ee7c27e5e403223f376d8c852a25ea68368b498a06ef39d19c27db69,90e50fb2d44d156bc6d32838765e5c9ba0b4ee4a42fd1d15c638dfcdcc11c5d4
140,908-157963-0026,908/157963/908-157963-0026.flac,music/rfm/music-rfm-0043.wav,1713916,-5.0,False,0.42029904609640506,1.0,129600,16000,a30c8dcbb1faa879a534cb2375ec5c23a77a2c9a4e5deb46923b182ce3e6e7a8,0d0092ab54d752ebb54cc9181e1c510acc6811894b63133b1c64b810998193a3
141,3729-6852-0021,3729/6852/3729-6852-0021.flac,music/hd-classical/music-hd-0058.wav,2146106,0.0,False,0.12130070467539668,1.0,47360,16000,d221837440af8e1fba109f07c471165a26ddd968ff01ec3db6a654fe2e8199bb,f8427efadafdfae46d0ea664afd2268bd62219bedbef66a8b8216e5e60d8616d
142,6829-68769-0013,6829/68769/6829-68769-0013.flac,music/jamendo/music-jamendo-0146.wav,1685934,5.0,False,0.11680027003418107,1.0,43600,16000,2722a468c1370f18c27c68e1f160969f76d954cda246f1158f8a3279418333c7,060a8fc8a78a15a224cad2d21211bd35b77f1c91361345cb4373cfbdf1927f6e
143,4507-16021-0042,4507/16021/4507-16021-0042.flac,music/rfm/music-rfm-0141.wav,2405616,10.0,False,0.06393013171936478,1.0,166000,16000,634cdbc27879e7b5eafdac6dd30b20f8a98a89c077f3d15d6d135c5f3b61bbec,bd7b8eb3cc7dc464bf9935ae5c65282b1adda12338e3a8666231e6e42eb9c6cc
144,4992-41797-0019,4992/41797/4992-41797-0019.flac,music/rfm/music-rfm-0021.wav,1532003,-5.0,False,0.7171397416871854,1.0,76080,16000,ab3342d5d62afa5dc3b034391960d5701f16572d6197e25e2a13fac1c039cb5a,bbdc48e80a02152d9605a301748b7aae989abcda489c2fe66186b30a7df212c8
145,908-157963-0000,908/157963/908-157963-0000.flac,music/fma/music-fma-0116.wav,535619,0.0,False,0.2411723643284873,1.0,201920,16000,71d1621ee5a630f546dd307df9f07355c96144caeb29c398742def5597ba5a06,94d47c778530adfbae19922833c4493dcf279c81c70d35b142b6a89cc8e9fb09
146,2094-142345-0044,2094/142345/2094-142345-0044.flac,music/fma/music-fma-0091.wav,3740734,5.0,False,0.6052806364489461,1.0,56320,16000,be3408b26ecbbdbd2592b7a904214ef0e0fd99847406effdf09836826ffdc6e8,435c7cfd850945d2a5c210c7d00403bf9768f3eafef73d17ec101a08860e4d4b
147,61-70968-0008,61/70968/61-70968-0008.flac,music/jamendo/music-jamendo-0124.wav,1228375,10.0,False,0.10292266023823199,1.0,56560,16000,82a1bc1ef6e77e00b9af883b03a2c661cccdc67305731b679da6a21ca33138a6,1a47cf23ea4a358874859a28a3fcfa24e91402a4fb94c56a50ef52c6609f50c6
148,237-134500-0024,237/134500/237-134500-0024.flac,music/hd-classical/music-hd-0063.wav,2640398,-5.0,False,1.957621388594686,1.0,70560,16000,2a5a77964e616dbb70823260d635257d6fbd17e938d291a599e907e81158431e,6ccd9a266a46079f946b89d059f35b80fc4d27803752ba2257a48a32ad4822f4
149,1995-1837-0021,1995/1837/1995-1837-0021.flac,music/fma/music-fma-0109.wav,1492896,0.0,False,0.2533277168691645,1.0,49440,16000,14ca74ba0d40cd55ba6cb9f6448ae9db2253d10c1b8d7b329d472aed184d83f6,7e7602094a8af8c308d21ea7b87aa294fbf48d6bed9c0482791f83b21cb9f6e1
150,4077-13754-0000,4077/13754/4077-13754-0000.flac,music/rfm/music-rfm-0137.wav,612549,5.0,False,0.22671683258041664,1.0,76480,16000,4c765a013fbc16cf312071eac17e0734fe9915acf841b3cad0e4252184213cdb,7d01a3335c46fee9c355db9f3b5c0c51c543615e36d1406cb6d7971fd0575fc4
151,908-31957-0000,908/31957/908-31957-0000.flac,music/fma/music-fma-0002.wav,3582066,10.0,False,0.1084061254514836,1.0,34000,16000,512fc6fd270226bd53a32d3a56ca4395c160d6d168384f023026d67ba91230a8,0aa834e3534a33e1ca3616f7dd24c1ac126692ec07f25d80a2a2b32b13eaa0c1
152,7729-102255-0010,7729/102255/7729-102255-0010.flac,music/fma-western-art/music-fma-wa-0091.wav,613606,-5.0,False,1.2914374638576331,1.0,136640,16000,ccb2b6890f8291e7d19dd31f86518656fd3b6e04b7a95e39014fa1330016f003,f34c741c78b3baeb812ae6488fc3c4d9ff7131df524130ccc5cd784fe3d69cca
153,4446-2275-0035,4446/2275/4446-2275-0035.flac,music/rfm/music-rfm-0097.wav,936427,0.0,False,0.5601813750463437,1.0,65200,16000,57e9d3d58effe1ca9fd3e5a13b3f56cd234ee9dfe3bb60701cc98e4f2ab211ef,9317bca5541937414453f7ceaaf34ca7ba2cd913028913611269ca26f2e4edf0
154,2094-142345-0011,2094/142345/2094-142345-0011.flac,music/rfm/music-rfm-0081.wav,1009200,5.0,False,0.32544202055636434,0.9746157115895253,260160,16000,e50c0f688e2c7c520b9f5c037c1d1d504c4c68f77f7c336af95ecfae6fa9bbcf,9366e0ca94fd2d36daf4cf6d2d146e4df5ac6bb08518007f79ecc9875d2cb626
155,8463-294828-0003,8463/294828/8463-294828-0003.flac,music/fma-western-art/music-fma-wa-0000.wav,575144,10.0,False,0.14551684232928314,1.0,149440,16000,d7f9fa9acf5d9b5a80a87a0bd13c6c073737ad19528e5514656328b336da65d3,d1e2170c03c653a9014e0921158f8fad09c79b719764121b64ed4b760f9c5f32
156,4446-2273-0011,4446/2273/4446-2273-0011.flac,music/fma-western-art/music-fma-wa-0013.wav,3816576,-5.0,False,0.6893163921741297,1.0,44640,16000,0130de237a7bbca3bd57db724bbbf82df3d4dac4b0b9f7c1485483d4cfccf252,a71bb831cfdc8a59c2d0d003f757841ab7027b757f82a8d3db4866ebcc5d7ea2
157,5639-40744-0035,5639/40744/5639-40744-0035.flac,music/jamendo/music-jamendo-0110.wav,896982,0.0,False,0.13547488386752027,1.0,280320,16000,e6948c2a2fcdfadbac88dcebe0ad10e47c3afbd040bc74b5e87e7ccb4eda9fba,c924d81e007967133405b4be4fcfa9a0271cfa0e1ad8267381838a3e1c20638b
158,61-70968-0027,61/70968/61-70968-0027.flac,music/fma/music-fma-0036.wav,383532,5.0,False,0.22321469281493203,1.0,109920,16000,40c3b9f25002e201f671e14fe9fd8c12f218b08389d345b58abf26fc4b4fdf35,14972c5c1d4831df16dadcb7310b347cb3e65f83bc304838ab33105322e830bb
159,1089-134686-0032,1089/134686/1089-134686-0032.flac,music/rfm/music-rfm-0008.wav,1333467,10.0,False,0.077923678804284,1.0,65440,16000,209ff141d5f38222d39b0c177d11271cb0fdf38ae0f03bb72305eb3f77543cab,4f3756cfcb75a2c7b16e1647a544ca65a0b3908669a32394a2cbcac8ed277e1b
160,1580-141084-0012,1580/141084/1580-141084-0012.flac,music/hd-classical/music-hd-0013.wav,771114,-5.0,False,1.0095238031910039,0.9900677465065115,39760,16000,b275005d6322260b3c2d6cc30863c8d0e76521dd8ff20e8a07293e071af5653c,8f6dea791f5aa8b0c380f0c59a1c8ac064d897d740f675c201f18fbed4368f15
161,2830-3980-0061,2830/3980/2830-3980-0061.flac,music/fma-western-art/music-fma-wa-0020.wav,227049,0.0,False,1.2171072705089372,1.0,113920,16000,ab1aa37f22eb92b2f8dd8caada09e228c15cbc6e67709483222e965d246c5554,aeec6ef1dd1e9bf12b351e460941dcd7f16511ffb415daa852db15fb17e70bd3
162,8230-279154-0038,8230/279154/8230-279154-0038.flac,music/rfm/music-rfm-0065.wav,305619,5.0,False,0.1796991976926557,1.0,359840,16000,ae13d0b301975f9aa309f301cabf4463c830384b1e0bc222afddec131ae0fb44,6441582a02e49d435bc90ae43bb69ebda7e42d82aa5304a3b28f94d5c102cc78
163,1284-1180-0017,1284/1180/1284-1180-0017.flac,music/fma/music-fma-0065.wav,2172199,10.0,False,0.07907987433927693,1.0,170880,16000,ad25b06e42a2772638b6d9c3914ec043741ee2b06635d0f0946d138a8a45d09e,a20baeffb868b6b2d50ecfec1741b8be80c517e862f4d9d7c2462463c48b4fd6
164,4507-16021-0032,4507/16021/4507-16021-0032.flac,music/fma-western-art/music-fma-wa-0020.wav,422252,-5.0,False,1.5040221817396398,1.0,449440,16000,bd82aee81ecd161e348c497e8f8446954a175fa61cb59c27c6140b99e2076c28,bb040e7a440f51d8baf39ec4cc876582c5634393d4ef08a43228df6af0bb6b5b
165,4446-2275-0026,4446/2275/4446-2275-0026.flac,music/fma/music-fma-0104.wav,2219328,0.0,False,0.21721193983479867,1.0,87920,16000,9c70e762d654b7011e4998fae7c40f8695bd44d89c7ec4f94ea6a111a1f3d7c4,78e53dba5e43bf416bf7cb300c004c05df8e96bbc4483c2fb59fd2cfa578b2df
166,8455-210777-0023,8455/210777/8455-210777-0023.flac,music/jamendo/music-jamendo-0082.wav,2447443,5.0,False,0.11020034748002734,1.0,75680,16000,d1458140197131f5b05d047ae67b84de51968bef2c06d9b09371a8e67b7b9662,32f26ef42b2e3772645f8acd973fc65d2631eec9ada1a58062694b89c7e1d4a9
167,1580-141083-0009,1580/141083/1580-141083-0009.flac,music/hd-classical/music-hd-0046.wav,164236,10.0,False,0.12263898465379693,1.0,112640,16000,a56a72dbe070f023475c7535e9d6f3844a9cf1ba48c4baf630c5b52ab4216635,bd959e16e5c098282afa9c70f62a8f82f34a3e7e67ce522b36b74e2a6751e5e5
168,3729-6852-0020,3729/6852/3729-6852-0020.flac,music/jamendo/music-jamendo-0147.wav,152391,-5.0,False,0.3909211380713733,1.0,211440,16000,1a57fe254f8870c4ba10e2e3ba5ddb73f1d4a8c79de7218493155a651b708b2f,f92c3565c86b89e17b59f9cc80d9d0414f472c004eae7d297bb7dcd1c6ad8bb0
169,5105-28233-0006,5105/28233/5105-28233-0006.flac,music/jamendo/music-jamendo-0215.wav,1692126,0.0,False,0.5167927923349979,1.0,88080,16000,6946f044a4e40983af0f3037d478412fbe80ce90a716cdc3b102a93132e44614,2d51322b715192ec784b77df202b482407d99b9e3e17a3eecc7c857d4f3ac5d5
170,5142-33396-0060,5142/33396/5142-33396-0060.flac,music/fma-western-art/music-fma-wa-0023.wav,3171719,5.0,False,2.403676420774882,1.0,41840,16000,3b776f3553fca819c9c1f071512f4b679afee2a533995528822e9172d12cec8a,c686ecd04e7ea169c2c646185ee06abb59f38f4280886a5a45e2e825219b319c
171,672-122797-0032,672/122797/672-122797-0032.flac,music/fma/music-fma-0059.wav,679918,10.0,False,0.04853441353484556,1.0,64000,16000,be6f9e61d897913520a25a294ace16b0b405c25237ba6422f9fbe9cafda15b8a,1cd265fdd4350621e611bfafca9e8edaade010aab15fb29e0740a969cb8655a0
172,7729-102255-0037,7729/102255/7729-102255-0037.flac,music/hd-classical/music-hd-0063.wav,3272408,-5.0,False,0.9341449610268514,1.0,176320,16000,5ac238ca837d2e80b5e92a7472f63d90ee4e4dc463732d2739ec2cf8518e00c9,06c011fc2d2692093046acfbb9ea7127ce3e2af62ce4500997440b9fd18c1f24
173,2961-961-0003,2961/961/2961-961-0003.flac,music/jamendo/music-jamendo-0169.wav,1499468,0.0,False,0.11086598772984671,1.0,75680,16000,ace20baaf82ac05dcfb28d9184553d47d8d9963a51616ffdf84f4f5793c5b467,8120dba0818b1ec542746255bff3f0381e1d2ac907c2819a01fa401ad8274d8d
174,1284-1181-0001,1284/1181/1284-1181-0001.flac,music/jamendo/music-jamendo-0032.wav,1427773,5.0,False,0.15098993955103884,1.0,182880,16000,eb961e66a0505226c2c7002336c48c72ee6569e20ed0fbfac17eafeeb121bb0a,100a3563217aa7e57e2b15855a4e52144b041396d533f0db4e759933d9d810f1
175,908-157963-0023,908/157963/908-157963-0023.flac,music/fma/music-fma-0012.wav,2100740,10.0,False,0.08827395038408131,1.0,154000,16000,954d504d547e213722505164d010ee23a34e98836ebcf1be58f243a5df39d923,395ec82b090e8414f7c5b737f0b40311e9c9e71fa7317237a0c6d8036dc74b88
176,5683-32879-0020,5683/32879/5683-32879-0020.flac,music/fma-western-art/music-fma-wa-0018.wav,1883634,-5.0,False,3.353751480272486,0.766797624020396,104720,16000,dbd3948695fee3b937aca47302642bd6384b5c92e89b6a7af7abd45e171b8f63,a6580568de81ab61c8e383e97ea27a36a017b78b17deb72796323c3906c425cc
177,4446-2273-0018,4446/2273/4446-2273-0018.flac,music/fma/music-fma-0016.wav,964269,0.0,False,0.20234534252332168,1.0,54400,16000,e389b1d9b77d88d6c75599244305876aa568b097a73f2a1275ed716cfc25655c,5abe557540ec5d7e09906dd80ef7312836f3b7b47ba238278cf921585e0a766b
178,7021-79740-0002,7021/79740/7021-79740-0002.flac,music/jamendo/music-jamendo-0199.wav,1667987,5.0,False,0.17483598861874325,1.0,147600,16000,5f24239ecd7bee99614cc0c7786f70dd83d509b99117c6580a3c869763af8569,c5c3bdf7e82495653cf297b11b045b10300233b8e8384b55a0e0652ea92bef44
179,6930-76324-0015,6930/76324/6930-76324-0015.flac,music/fma-western-art/music-fma-wa-0009.wav,2776327,10.0,False,0.09611448131823135,1.0,198480,16000,e8850ee679689e5cdf3f2bda04fb6d91e05bc338c865fddf917cfa2c2232ebe3,e8229ad464d931974eb8b6c7fa3142469840788d8dd071b73e772deec8e9f0f1
180,7176-88083-0007,7176/88083/7176-88083-0007.flac,music/fma/music-fma-0043.wav,1489567,-5.0,False,0.8038557251000817,0.9786165327981262,228800,16000,1e7a6eb43662e834eac2ac655f7f613f5e9b7e976df33c1ec99fab333a662699,3cb500cf169ecfd788ddd815704508e3907a2fd4ef9ed8476139a64b045a5313
181,1320-122612-0000,1320/122612/1320-122612-0000.flac,music/hd-classical/music-hd-0065.wav,28302,0.0,False,0.8117832067720038,1.0,215680,16000,8f1455cbf2b5b2941ba48cbcadb384a5bf8da5f04ce9f92dab69bdd1907bbf45,b1be43f7077f2fd45b9782a1635d59e4e92b379e9e914074474d0c9cea3ab5b5
182,6829-68769-0037,6829/68769/6829-68769-0037.flac,music/fma/music-fma-0036.wav,4401456,5.0,False,0.4299049584414159,1.0,40480,16000,8a45f42665cc92fcc769b0580be983384cc9cec993364c0700d2238af35266ce,31becb4ba716ff18697ca3d8932dd668e4a60d9d5b756558e708faecfa01b78d
183,237-134500-0021,237/134500/237-134500-0021.flac,music/jamendo/music-jamendo-0039.wav,4617092,10.0,False,0.14522435539926962,1.0,81920,16000,c1100e2c35e8cd5423ab73cad148c48d5a95f7ad31ac48ad7ac3a776c02a40f2,26dc549c62615f37f70acb04892d64d59856dad1681cd45a0dc41ba5d8f5bc46
184,4446-2273-0034,4446/2273/4446-2273-0034.flac,music/jamendo/music-jamendo-0106.wav,1082912,-5.0,False,0.3767943626842523,1.0,57440,16000,3abf8785750ce63c3efa1208d3cf81e86812c569dcbcf323a84c875ce0384174,83af865293f50aa88f0960a786cae8c4fa36018d17603b8ea74c9e60846bbb4d
185,121-127105-0014,121/127105/121-127105-0014.flac,music/rfm/music-rfm-0059.wav,43842,0.0,False,0.2369116888798696,1.0,36080,16000,0da3f7aea010f3667cc3b5e4d0f863e30c2efbd5fb87a57e411a3267b295702b,e6c09b176fd4f73a4103603167b5541174fd43e9a54f0069a66d746379e4b745
186,1580-141083-0005,1580/141083/1580-141083-0005.flac,music/rfm/music-rfm-0123.wav,6255148,5.0,False,0.14624629244678766,1.0,43920,16000,247f490aa1647a0c59f4370d790f0e88745a47ebbd282f4741de551bf63e82db,acc43121b93e95cfa62869fe76a64270ffbedc93ff3c85d4330a2a8fbd8216da
187,5105-28240-0019,5105/28240/5105-28240-0019.flac,music/rfm/music-rfm-0081.wav,491292,10.0,False,0.09916530656567685,1.0,99841,16000,b6f7d294776b0b2196e67cb851a886aa121a2dc9a28fa82b46543c0892f10665,d3736a809add79b37381f226d9e9cc064a7ba8d4d3a3d5b359cff1b7dd67bc9e
188,4446-2273-0035,4446/2273/4446-2273-0035.flac,music/jamendo/music-jamendo-0029.wav,2653549,-5.0,False,0.5700175215813686,1.0,98400,16000,24dc3221847245b3bcd4350987f41ec0b632ba0c9b74f87436ffaa52ebf25c3a,b1224003fe8f761b564d375c4492698cd0500515f04f2bc83f5a1ddd2483fd55
189,2830-3980-0003,2830/3980/2830-3980-0003.flac,music/fma/music-fma-0020.wav,350608,0.0,False,1.095191133027772,1.0,39680,16000,d641610982330b346192c67761eefadf99722ac077172026e7a2b82717ca3cf6,6f6a2098ef78f642eec0be73fbbc8704029534cb2893b7a9415e5f82853cbe41
190,5683-32866-0003,5683/32866/5683-32866-0003.flac,music/rfm/music-rfm-0006.wav,2915226,5.0,False,0.16186058609794834,1.0,45840,16000,3bc39964de86bf23cb87527b0dab7214bfcd4418add34275f83e1c843146ca53,11b8d9d0d346369583ccde458f9f3b352e5e28dbdaf75cf8ef59c4c4b1979597
191,3729-6852-0011,3729/6852/3729-6852-0011.flac,music/jamendo/music-jamendo-0211.wav,554871,10.0,False,0.05924035274560225,1.0,117920,16000,a4b8318507da985f10ae9716c29e2bb2e09d9a4fb26f0c24768286b94e56e659,084ebf3b62612ec51825f687820340642ea2aff3111911770c1d8b0e5b5ce36c
192,61-70970-0016,61/70970/61-70970-0016.flac,music/rfm/music-rfm-0138.wav,4703265,-5.0,False,0.6382946153995944,1.0,69920,16000,7645d6821cfe08c15106c5319b8bf44f5ea0abbb5d5aa3e6a00bde8c744c263c,3d1386bed52057c1f768f006bf650db38afaf180d173e0fcce222002c299cc5c
193,908-31957-0013,908/31957/908-31957-0013.flac,music/jamendo/music-jamendo-0176.wav,235427,0.0,False,0.6182561547504586,1.0,98880,16000,a10f458c1b768f9dea184f32c05392f023b5e9bbb3a4e061c3bf8a32c003bdfb,e2312e8030d3dd205072b1ec2b4785bf80722b3796cfc8a1fbbcab8dabd77f0f
194,8555-284447-0010,8555/284447/8555-284447-0010.flac,music/jamendo/music-jamendo-0195.wav,233143,5.0,False,0.11844365464578156,1.0,206880,16000,03f17b923e5cc4c4198dfbcc4501baa87c56eea761fbd05e636bdfb43a9092f0,ed1dfbb06d614733bffa08ef72193cd2c1fdb87cba2b84bac8dbfd31ba5ded13
195,6829-68771-0024,6829/68771/6829-68771-0024.flac,music/jamendo/music-jamendo-0114.wav,1067544,10.0,False,0.06674689090986384,1.0,99920,16000,cac46b4f24bf1239780bb3e4eadb20b29d8e265e268af701ec576e4008fd2b36,6ba06e519d0aea9b003a9c3dc3c5c3a1758968d6048a8c51dfd3732b03ebc401
196,2830-3980-0022,2830/3980/2830-3980-0022.flac,music/rfm/music-rfm-0063.wav,586836,-5.0,False,0.5216976407701025,1.0,52320,16000,1d9495e58ab0abc7a0600df1e79cccd252cedebe560081c977064c246202627e,f67530e1415cd87ddca3019d6c74f2d6adcbbdf7d3e4a871af038573741f2530
197,5105-28240-0020,5105/28240/5105-28240-0020.flac,music/fma/music-fma-0005.wav,1222982,0.0,False,0.2037821563788261,0.9940193365677248,36800,16000,63c71b1c5c361726c0db7c5b99b7f238364ef900bc83c4afcfc91e2e59cd5f42,6f1bf7c3ed838081330da07b77f7a7b98ed1ada637778e5153bc1b62317e7289
198,5105-28233-0004,5105/28233/5105-28233-0004.flac,music/rfm/music-rfm-0065.wav,1198700,5.0,False,0.1133826602315875,0.9719493310119683,75760,16000,d1d9407252279b9f635a97a92004b0e1de9e9474910fa4e0561a301a0da6ef25,21302037e2804b29376b3a97251eaf006b49aab9eb67a0766d48f2bf4cedd636
199,7176-88083-0019,7176/88083/7176-88083-0019.flac,music/jamendo/music-jamendo-0112.wav,574392,10.0,False,0.09286930616114394,1.0,92960,16000,52f7b0e34a3e74d65ae5ae920c4a6af23a2baa8483588ef6a3f7b63de4b3b5ce,1d8fff803593e64a89f162f8d6cf196ecfac7897a2c85ced9fc05b306cc29925
200,672-122797-0035,672/122797/672-122797-0035.flac,music/jamendo/music-jamendo-0143.wav,2718412,-5.0,False,0.8329061463495069,0.740910091096184,46400,16000,1076bb4a1858fd84c53e23a39612244a55a4afb9c087dfc32179cbe7a507de05,614c80cbc6e583c05f7aa72fd202ec081670c57d3723a30b3aa777d381ebcd0e
201,4077-13751-0004,4077/13751/4077-13751-0004.flac,music/jamendo/music-jamendo-0145.wav,2983523,0.0,False,0.543719700162681,0.9382714145731479,266880,16000,ae9522cc447f5e555073d5ad36efca0f42a323be0e364e734e812544c62d7c77,ebffa03aeaa1f24fc5c783b5c9c335fc587e008e2d104ac0ef3a8806c9ef7504
202,4446-2271-0007,4446/2271/4446-2271-0007.flac,music/jamendo/music-jamendo-0033.wav,1846087,5.0,False,0.15155698242253168,1.0,33600,16000,77593e517a1c3743b5f377b82e1f893c92b7d9256e54087fc8cfea5eb0283643,ee5e6fbae915b59eeeab26cb55663e5cb97436f056ff2a99b58c11fc0f026eed
203,2830-3980-0006,2830/3980/2830-3980-0006.flac,music/jamendo/music-jamendo-0040.wav,388619,10.0,False,0.26283657950772915,1.0,102560,16000,a7b5521eb9dde7038a4a3889b816a4dad5c55b4ea6fa19e726e685a230e4f28d,66ab095421e1cbe2587d84991b54bb5514ce4d983ff7e5006780769f57139346
204,4446-2275-0009,4446/2275/4446-2275-0009.flac,music/fma-western-art/music-fma-wa-0077.wav,726199,-5.0,False,1.353118267392088,1.0,33440,16000,f0caacfadd59dd9f98b3586d5418bf2376c4d8b7d54824853d4d6f0bc66fbee1,cd1e38201ca7bb2879077080e85d795c4c6d9c243a38d215f025da4a8d30ed58
205,5639-40744-0006,5639/40744/5639-40744-0006.flac,music/jamendo/music-jamendo-0199.wav,538231,0.0,False,0.28388822292231136,1.0,128720,16000,aba158f78d199dec92b3f0c46433c5f97ad30bb6946c8f8e471cc1be89ae3825,296e73ff7ab90ea1a0e3609ed76178a4ed83b22fc0164e0d69c6bf5f124ec389
206,2830-3979-0000,2830/3979/2830-3979-0000.flac,music/jamendo/music-jamendo-0015.wav,2102001,5.0,False,0.13312023372923557,1.0,97920,16000,3da4db750a8f47783f6d5a9d5951ec8642bb9d0692305b62b9db02d75467ddcf,ddb38afd2558b6f3aa51c231ba26c030b6aced29027f632af9b63cbeb008e1fe
207,4992-41797-0013,4992/41797/4992-41797-0013.flac,music/fma-western-art/music-fma-wa-0007.wav,3647251,10.0,False,0.23713966720858654,1.0,156800,16000,0869f7c84a3b197485e0476b0725a0c5718ae7dcc107a56dad5a41d7e5b387c6,c376d55a8adce161953c464becd2e7f6b6f8e7ba25bcb1b00ace2d38f99fd60a
208,1320-122617-0041,1320/122617/1320-122617-0041.flac,music/fma/music-fma-0066.wav,19959,-5.0,False,5.461643835081613,0.7324947879111822,66400,16000,2d6127826a9b9b4b1624380a9af684cff9610c0f4bb78614a72d38f2d74d3ea6,121cf67f3b43eb7f4ab89d1c91e64c15eaaf96db62e8cca117cb588e46840c6f
209,5683-32866-0029,5683/32866/5683-32866-0029.flac,music/rfm/music-rfm-0120.wav,1809788,0.0,False,0.19688217968201088,1.0,36400,16000,9c07f1947faa5e9c999d62cab3e55997752310f0480362fba353e4766986e092,bbef6c88253cba5ce69d395139ad575a348196e9307edc1d68921ab4b0d4ed42
210,7021-79730-0008,7021/79730/7021-79730-0008.flac,music/fma-western-art/music-fma-wa-0048.wav,3097702,5.0,False,0.8978466797930453,1.0,188240,16000,35ea2118f20594a9fccdbd0d3c0f08eebdf20cc9fcc1837e24e4c105d2779200,4bf6c1182d1ca09ad5edc01e9001121b425e5f1b0a89b6f3b2bbbb34ad674069
211,1221-135766-0011,1221/135766/1221-135766-0011.flac,music/fma/music-fma-0010.wav,387667,10.0,False,0.10277264902754467,1.0,341520,16000,58702a399e289edbf0fc6a1cfbfc8ea153bfb2c051851c52ae24ed633321f4ca,5497915f598ca6319902dcabaad6b5c673e25fe10b6fc61875999d3c66c5375a
212,6930-81414-0019,6930/81414/6930-81414-0019.flac,music/fma/music-fma-0108.wav,56619,-5.0,False,0.7320507351401392,1.0,54080,16000,4168af81556ed78ddabf6dde8b8e683a900f2e2468ed5729f00aa3a9a072d702,8188f599dfb70c3337c9c3bd84fa970d535ccd4eb678a3144dc8279311ae098a
213,2094-142345-0055,2094/142345/2094-142345-0055.flac,music/hd-classical/music-hd-0000.wav,2595050,0.0,False,0.46782516315553435,1.0,42480,16000,f6aa91f3824ba1dbbeec3fb0961e559969c6bfb69c6c0b7f40d39b342fa3c2e0,14b8ceee2bbd691f33cc16c644b7e3b1e565a77bb86a9dc53ba24df5e13e27ea
214,7127-75946-0019,7127/75946/7127-75946-0019.flac,music/rfm/music-rfm-0136.wav,1902531,5.0,False,0.07446037867411497,1.0,42160,16000,83c2d1411c47dc32455617aeb808bc1b016aa705e710895c32393b4649f09b46,6b03f4bc0d02e2bc6dcb5488544ed64cd66ee141cf88a308c7f13cf64e485c99
215,6930-81414-0007,6930/81414/6930-81414-0007.flac,music/fma-western-art/music-fma-wa-0006.wav,485766,10.0,False,0.12278886593874609,1.0,69840,16000,e5005a78f4be8604c9721fa6e23c3601d9e8052de4c058c20a397287c49bcb40,f5b89146f563c1db8011add70e0b0344f967d3790275583bff858dd9bfa554d8
216,908-157963-0004,908/157963/908-157963-0004.flac,music/fma-western-art/music-fma-wa-0012.wav,850080,-5.0,False,1.2604591594427883,0.9977458862178386,223840,16000,1e67416881b2ea1840efb3448936962c2ada78f77b9143412356df0295281372,46d3120c6e67d231480e30abbd33ce179cb036099c5f44052f2c018de9dc5131
217,1580-141083-0002,1580/141083/1580-141083-0002.flac,music/fma/music-fma-0084.wav,1361326,0.0,False,0.1007854546412329,1.0,98160,16000,a6298ab39be369ada243ce559cb4c7a605b86dd8f0b1bbb8dc602d912b7c6ab0,9da92819cf16e83b52766f96436ce5e11692589416664e3296112ac95e248e0c
218,7176-92135-0008,7176/92135/7176-92135-0008.flac,music/fma-western-art/music-fma-wa-0063.wav,2132796,5.0,False,0.3190166881608248,1.0,70880,16000,c4f107b9ce63d703718b7fa23e1d6e045d66cb71c387fd0308888963cd1abc8f,265a7cba8ea06a5e6d188f479a828d6d8de918c57292f753967b05787e029754
219,5639-40744-0030,5639/40744/5639-40744-0030.flac,music/jamendo/music-jamendo-0172.wav,2299455,10.0,False,0.039402625960721985,1.0,356560,16000,4b9e1ccc7e4b96d46f189f5ea332a1f4523bb0c00c232089f3d9755543febe31,affef86727046bae4cc222edc9a2b4a92c3e9b5edbb2b964ee0b7b871354290b
220,1580-141084-0015,1580/141084/1580-141084-0015.flac,music/jamendo/music-jamendo-0064.wav,2791520,-5.0,False,0.23124344843024766,1.0,55520,16000,4bb590ace6b01ea7a6dac6f05356957456ea451e0b849a0d21d131e276b7875c,71dd8202c5a5e14486a6af538bddf215c713b12670fe6232c5ab95ca909461b6
221,5683-32866-0010,5683/32866/5683-32866-0010.flac,music/hd-classical/music-hd-0056.wav,2519204,0.0,False,0.5556195721576749,1.0,240480,16000,75e50c51683a2731628dc62d3669ecc6309bad4c5ab621a031de249b5c122c54,afc6a17ec21ee5fecbd1278c3da35987658a5d13381a1a736f1b264d8302af75
222,6930-81414-0012,6930/81414/6930-81414-0012.flac,music/rfm/music-rfm-0090.wav,1132044,5.0,False,0.18768992538529733,1.0,70880,16000,fedcd3a73092c2d14ee4d2930967f46f9cd75baa9000b205ed9bf7af6382a35e,a1bb2ef2f347105355f501d08b122a608827103bbdf7eacab35f4b0a17e6b656
223,4446-2271-0000,4446/2271/4446-2271-0000.flac,music/fma-western-art/music-fma-wa-0006.wav,443729,10.0,False,0.14362913146064604,1.0,55920,16000,49aaa700017a0d06640bff0461b38d4c7e90933b3ce47c25fd11aff085d4b88b,1d3658666fb34d9664f9233200d897af01c2daa9e190b329ad5614b2aa33bcc5
224,7021-79740-0005,7021/79740/7021-79740-0005.flac,music/rfm/music-rfm-0022.wav,73258,-5.0,False,0.784678922448055,1.0,33760,16000,2705426a37f9960cefd7ee67f29af824808b6c2e0515f04526446b5bea05ca30,2997ba6d30b48a83f5f7e46c35cf4a6fda88388d764bf9de51737c43bd6cfdb0
225,121-123852-0003,121/123852/121-123852-0003.flac,music/hd-classical/music-hd-0067.wav,169544,0.0,False,0.34274195937849755,1.0,376080,16000,eb6a9bb87263434427d2e625917f8c73285f180228005b1212ecfbc8be8182ca,a76b3c7edb4bb1de328f3b424a0666510b14619de978fc37347bc97284c28758
226,1221-135767-0009,1221/135767/1221-135767-0009.flac,music/jamendo/music-jamendo-0026.wav,2625384,5.0,False,0.07371829131088203,1.0,213440,16000,68a4a3ee46d6972ded5a7b54c23dc85a5a2ec9fe02fcbee0b32a2a698ce190c3,c3a47fae5e4135699217463fc8bfbd5a0cc182ce5474ffd2ce846a96b6cdcef0
227,5142-36377-0000,5142/36377/5142-36377-0000.flac,music/fma/music-fma-0064.wav,89868,10.0,False,0.5142782713979049,1.0,54080,16000,88e187b259fdcde9af1ac0eba8689a34056b9b32f1da321bb0b48dfc1bc8b690,8bc31f9b5f142ec443c1f35b1a1a02a64df6d160cc59988ff92f645f0e7196f5
228,908-157963-0024,908/157963/908-157963-0024.flac,music/hd-classical/music-hd-0023.wav,1966921,-5.0,False,1.1484549032954512,1.0,55040,16000,5c9385dc853a03b4eb47979d0870e69c87ae189e4d72aab051c8d37efbcfd618,7ba9e591620747938ce946efe7414ab8cfed6378495b9b8d7de818a05b13171a
229,1580-141083-0039,1580/141083/1580-141083-0039.flac,music/jamendo/music-jamendo-0003.wav,2009541,0.0,False,0.29149567587516245,1.0,59600,16000,4e97b5647198da0d3a01b39146dc9b7f498656c49a993da3b0a2b99fdb406115,c5d2a5e7e6b1dd7ea6869c36895c755d6303c9bfe4e1d910a80c07ccc493c480
230,8555-292519-0009,8555/292519/8555-292519-0009.flac,music/jamendo/music-jamendo-0205.wav,4132726,5.0,False,0.2531199655120067,1.0,287440,16000,5c666d39ceb2c140f52cb11c2ec879e92b3e1c2f747e3e3619b11b20cef1eeee,f86f55a80965fae15c7dc70120df999138bac9b3ad536795f98fe1eb0f683859
231,5142-33396-0051,5142/33396/5142-33396-0051.flac,music/fma-western-art/music-fma-wa-0074.wav,108640,10.0,False,0.49160981855743713,1.0,89120,16000,dee3dbb3692a13d0127e1d97b14601233d7c0ecfc18beef87cf589125854ee11,89a63d99141b76c806c3ac3b18c89ff7eccbd62faa8c6a7410ecc98fcf20a3fc
232,260-123288-0026,260/123288/260-123288-0026.flac,music/jamendo/music-jamendo-0110.wav,2994405,-5.0,False,0.47962284523468096,1.0,256640,16000,5049722d51d90ef935ce52b4b7b9aea07ecda688f421745b1db4a63ea061840c,7dcd9eb1b2ee85286c7758c582d4851ad11317c48cd6954d12f039a802ccf700
233,8230-279154-0002,8230/279154/8230-279154-0002.flac,music/jamendo/music-jamendo-0141.wav,467936,0.0,False,0.2501173196502172,1.0,263600,16000,e54157241fe0df6d9d36b054dcfc7e2ba02671ebb2a1295f535a2183659bfc11,e652b5dfb542cf2616bd9359b039b90909c98c2a8cd7d49a626bee8d2856855f
234,8230-279154-0021,8230/279154/8230-279154-0021.flac,music/jamendo/music-jamendo-0132.wav,61231,5.0,False,0.5642565198537057,1.0,104960,16000,938f69932f60e695259b0a59f1f61c83485626a515fbb6eb730d02701512d242,a3bd98958df0510a64fd5101c7a76a35881f9eb92e63202ce038150aa7a37a03
235,2830-3980-0053,2830/3980/2830-3980-0053.flac,music/jamendo/music-jamendo-0201.wav,606930,10.0,False,0.1900781487754124,1.0,80240,16000,53f97076ff9f9c050ca55784362737889045f002d022a8106b3e86fb393b01fb,b35f3247624a13c68e67f660a4c4d8a91d1535e158f4d6433fc49b07366ab1b9
236,8224-274381-0004,8224/274381/8224-274381-0004.flac,music/jamendo/music-jamendo-0153.wav,1591604,-5.0,False,0.6414758605353386,1.0,340080,16000,009dcd8912101bcc295bb06a51ab922bc3b25182ecc980cbf977db0c35516924,31f9d87758c3c91d7252194f6bddefadfe4f9151a34937c3a928c0b20ac79d32
237,4446-2275-0027,4446/2275/4446-2275-0027.flac,music/fma/music-fma-0124.wav,1996266,0.0,False,0.1690780859787561,1.0,47920,16000,6c3c549067fc6de31d788c38822891b60f24e518ac7473eed8b859d88b749ed1,90165ac1144486a2114c0012c6bfa45cd36eddc90611d687bd86e1a443089e7a
238,1320-122617-0007,1320/122617/1320-122617-0007.flac,music/fma/music-fma-0107.wav,2089678,5.0,False,0.2624686372024126,1.0,296400,16000,5ed028671e35c771428ea400c0c51029717013212d4860c5e772ea8b1278f6c0,360913979ea18f7f50eaefb16727e0d183d7208163b6c0446c5b6f7cbefa3a59
239,5105-28241-0016,5105/28241/5105-28241-0016.flac,music/rfm/music-rfm-0002.wav,601711,10.0,False,0.12109234567142088,1.0,100560,16000,09a2584356f3a9fb1db730e28ecd8b09d8950e6c624ae69b0fd6a3067b8bb397,d1c797cc9f0060c6a7dff7f7809486d081300fb2293ab09199b9900751d8ebff
240,672-122797-0062,672/122797/672-122797-0062.flac,music/fma-western-art/music-fma-wa-0041.wav,1271854,-5.0,False,1.3015541990140886,1.0,42800,16000,a35c7cf08cb20f3415fd0f6dccafd13ada1c79215b8c9f51420e39e3f77a9310,8e76366d24bf3734b76b2b93038a4106381d8acbfcab6ad4bb1fbb50b64765b8
241,4970-29093-0000,4970/29093/4970-29093-0000.flac,music/rfm/music-rfm-0131.wav,310460,0.0,False,0.8143985447895593,0.9792080140925781,48480,16000,3b9820a9adee88dd4ab99030dbbb12091de46bdbc00dedb18445b6dc99d4db5c,68998e587a728e0be836c4d906651d34017f44782ed2a43d3c56904fa24cdf79
242,237-126133-0010,237/126133/237-126133-0010.flac,music/jamendo/music-jamendo-0078.wav,1446197,5.0,False,0.10940195202647979,1.0,99840,16000,3470572a5bf4939ad8167521c3537850a0466d9c8f1c40959ac7418d7e175f64,d36b89e5343b6e22951ee7078851fa8590278ac2499359d7f2147427b9f0eb22
243,2300-131720-0017,2300/131720/2300-131720-0017.flac,music/jamendo/music-jamendo-0048.wav,4070238,10.0,False,0.17132386426826016,1.0,318640,16000,ff76af786c060d03fef20c7e0c833d87a0671dc204c26cf810780694da8e2fb6,af896ed8a499669f6868c93b2757fd465d17e7012bb4b44e41079d791cd012a7
244,1580-141084-0013,1580/141084/1580-141084-0013.flac,music/fma-western-art/music-fma-wa-0026.wav,1711719,-5.0,False,0.6415693632362202,1.0,35600,16000,2c30395d0c6b426665c01b07db77708c8e4f3cd5735ee4696c93f22dd0a89563,cd54ba2302acdd42310e231fd94a792ca584a40666fa1f6a2973c21014a6e1d8
245,4992-23283-0018,4992/23283/4992-23283-0018.flac,music/fma/music-fma-0101.wav,1003142,0.0,False,0.18855852285737915,1.0,105200,16000,e6004072b0cca61a7d6232e97b60f9ef6e2c4902da0165e12f3121068d6949d0,a286835d244aa2341b3816ac4a4c98db9f90144a01ed8a7930c79f79e8c7223d
246,2094-142345-0022,2094/142345/2094-142345-0022.flac,music/jamendo/music-jamendo-0058.wav,1635759,5.0,False,0.16568159781156952,1.0,36480,16000,6edbbc9765833f4bbe6bd39cc322b4af1ac3b3b3ad5aa19c271942eb859d13fd,a55a5f90d61238c5783203516fec6ea1e1acdb35a0dbb3bb34e0ffbcf79eeb3c
247,1221-135767-0001,1221/135767/1221-135767-0001.flac,music/fma-western-art/music-fma-wa-0029.wav,1574317,10.0,False,0.10136182333116922,1.0,214880,16000,0e1bbbd73d8e4089a2b008b3d674caaadbf34d6db515ce991f3536b2ebfaa0b2,c2c7ca6597b5e5075de9290fb20da52ef683a05fa490d5503679847a4567e1e7
248,6829-68769-0039,6829/68769/6829-68769-0039.flac,music/rfm/music-rfm-0142.wav,1124381,-5.0,False,0.3769277255264951,1.0,64720,16000,2e71da857eaf9bdc6c2db01d0ad68c622afd205119dd381cd457ebf615f06917,da4d05a3ffed665052edca5d5d94fb7f7851c0a764d9398fe15b57e33baf5d5b
249,8230-279154-0010,8230/279154/8230-279154-0010.flac,music/hd-classical/music-hd-0018.wav,1122452,0.0,False,0.5897235261365614,1.0,243040,16000,63c4b4e77ab21c5461e0a6997885952859db3e3f912e3e444d8eb29894fd47d5,e0800328b362ba10459a9238b58420b11470f4e03edcdf63cbbc36639c01fbe3
250,4970-29095-0004,4970/29095/4970-29095-0004.flac,music/rfm/music-rfm-0062.wav,367080,5.0,False,0.4667273651798551,1.0,153760,16000,5b56632d81f027fd706791988ed1f44e9ef319efc3994db2452a2955838233ed,401b72bc7f85d7e0192e26744f89a7054731377b45c1253151e10c58ef03e06f
251,7127-75947-0003,7127/75947/7127-75947-0003.flac,music/jamendo/music-jamendo-0182.wav,2858724,10.0,False,0.15349112626161612,1.0,95680,16000,b1d83e1dddcf3ac0add60190271e6cd61a56dd8321cb226e17ec4066070dad85,cb260845884a2c3c2d205e1c7bc767540aecc26718dc6fccec72267eaeae447f
252,1995-1826-0017,1995/1826/1995-1826-0017.flac,music/fma/music-fma-0043.wav,2898025,-5.0,False,0.6150843736702643,1.0,98320,16000,f322c0e7b0f6b1009465d149cb7203bea4e0765211ef63769dd273e0eb9c74c3,0e026dfadfbf6827fcc90040231f855200661f963cdc58b8ae7c35092cd0adc4
253,7176-92135-0003,7176/92135/7176-92135-0003.flac,music/jamendo/music-jamendo-0216.wav,1040106,0.0,False,1.1716831671936083,1.0,63280,16000,1be2875d09570910b9b3543946f43d179d471770c4bb34d9c3bfb02667996531,f3fc9549e877ca6c4adc2fc5a21ad33595bf67ef4741a63ab2d66b3c3cfe5e26
254,8555-284449-0003,8555/284449/8555-284449-0003.flac,music/jamendo/music-jamendo-0208.wav,3693063,5.0,False,0.17968388809618377,1.0,142000,16000,282d435077ecf5be3d782a487643739f29bfa4281a2097402f6e215641193097,2cec03c044c0fe64c0d2773da18a7400217d540b84064f24392ae2fa8ef48d3b
255,260-123288-0009,260/123288/260-123288-0009.flac,music/rfm/music-rfm-0052.wav,1109679,10.0,False,0.12330236895527953,1.0,54960,16000,3a2a1c424b42d7a5e35cb4ad82c092de63965e09b72c2d2465ee201116c075ae,f044066bb8968cca75117d6df2bf2b82584429932db8cc94112fa358dfc47078
256,6930-81414-0002,6930/81414/6930-81414-0002.flac,music/hd-classical/music-hd-0070.wav,1298123,-5.0,False,0.869575442038641,1.0,52880,16000,a003bdcde26c4bfe49803bca0fb45fb4573ce3e76eb5352e6c44dc375880c9f3,f9b9b13507a7da53db9ec479c5c280d105105935626cdcc3599eef008cb7b3ad
257,1320-122617-0006,1320/122617/1320-122617-0006.flac,music/jamendo/music-jamendo-0068.wav,2677141,0.0,False,0.2722385942282197,1.0,90480,16000,17e389c8e487c73a6d6406846565e34face9d31749523158a2cea78c0d2d1f0b,9e88a1111959d8230c1d019f8bbe7828fac679ea806a4d7313a38a93dab5b398
258,3570-5694-0012,3570/5694/3570-5694-0012.flac,music/jamendo/music-jamendo-0149.wav,112889,5.0,False,0.3656739516554497,1.0,51280,16000,f50a9d5a017b0395fc8af1342356a7d47115d3136008924a21c3452598d8acf3,ca72fb12112e16e8940ec4fc8cd81c13c845c2c6f4d3707064eec65d04ed6704
259,1188-133604-0022,1188/133604/1188-133604-0022.flac,music/rfm/music-rfm-0032.wav,1510180,10.0,False,0.07840497152949075,1.0,154080,16000,92032baeb3491fb4b94cd848992b528ec0e21e470f8daa69687673f42ce3b673,3031a5ba62d8442d0783662af428b00c3833daec6fc9e6266a987ed752f2a17d
260,5683-32865-0000,5683/32865/5683-32865-0000.flac,music/hd-classical/music-hd-0007.wav,1124367,-5.0,False,1.989748969877821,1.0,35040,16000,6579c1211d0fb48fd6058a88019e546ebe974f3937e3c0b26377f5c939e1f726,3fbc397c45f70dd0caeb06394a44dd66006d021aead14da9568647d5b0f1bdba
261,4446-2275-0001,4446/2275/4446-2275-0001.flac,music/hd-classical/music-hd-0008.wav,1199402,0.0,False,0.6225441789080555,1.0,74560,16000,6b7dd4adc3b3a3eb89a6d093a811cfdea72acf52bfe306b9ea279412b434f79c,f5796e3034971423117566599087eb8667eb5f185b67cb5066e8d01bd2a75a8f
262,4507-16021-0006,4507/16021/4507-16021-0006.flac,music/jamendo/music-jamendo-0164.wav,2914257,5.0,False,0.1137427381259949,1.0,33760,16000,02a2f31b5292db55f6190638039af33cbdcb6c74a42df5b6b442c2f886a51f0f,f4d5a2656b00ac28ee6980957a0bdadd39bd35e116200e9661ad0d86a1d6b38b
263,4446-2273-0000,4446/2273/4446-2273-0000.flac,music/fma/music-fma-0003.wav,125646,10.0,False,0.1205662374927569,1.0,143920,16000,01d0c89a79b628a27ac5e0255f04ac9e3976a561e765608ec13ab4b9bb7e5e3c,27c7e2f00610a42c1b8ed8d0f6bcb4b3a05aa10519986bba208a91454bb722cc
264,8455-210777-0055,8455/210777/8455-210777-0055.flac,music/fma/music-fma-0085.wav,950272,-5.0,False,1.5729966008233691,1.0,152880,16000,6573956a1a3f20cc8d3aca43307faa7e141f2b0b0ea32c1c0f051be0152bda79,d099e0371c5e05cd1c20414d14e03bc1da0bfb9dd9c38bc4a0f70a80f53cb702
265,1580-141083-0049,1580/141083/1580-141083-0049.flac,music/hd-classical/music-hd-0002.wav,2621261,0.0,False,0.25225982633738014,1.0,61521,16000,e4f2e12cc97882492f26cb3c0efc83f24ff4b45a3e80b401a5addb9014ecd66e,467a3eb5d4d1f63e614409ada4e201588808413323e2c69105e34bfbd2563300
266,121-127105-0024,121/127105/121-127105-0024.flac,music/fma/music-fma-0038.wav,2145779,5.0,False,0.13739038748018167,1.0,231200,16000,d24d9ac933c6776712425d672092323222a5524e701bf861581742e88c66a9a0,dc4dbff1257514283b5766ad4c06c9c29f775e9bb48fd35b9dd0a502b15b192f
267,5639-40744-0009,5639/40744/5639-40744-0009.flac,music/fma/music-fma-0050.wav,11630,10.0,False,0.4644463959692512,1.0,38000,16000,f88b22b402ca84f9f2af26d3223e875c13b7de3d130c39799e4d49dd1ed57adb,891d4e0fe352eb955f660f7c3d65e42d644cd87bce8bffd1a2ad237f286cbd5a
268,260-123440-0012,260/123440/260-123440-0012.flac,music/fma/music-fma-0081.wav,3409331,-5.0,False,1.0365403412430014,1.0,83920,16000,c403563e13dda40a7545836ac1770c20ff40957cc6e294c95d47cac251c993ef,07d4a286ad7c60c93e225350dbb695da312df2d0bf51be616bdffd99364a438a
269,8230-279154-0032,8230/279154/8230-279154-0032.flac,music/fma-western-art/music-fma-wa-0047.wav,3306813,0.0,False,2.278950298046309,1.0,62080,16000,6446362d5f9e1a09833c2e1763f41ce022aa5dd70a0c85d6af201afb6c1755ef,a7ebe3795e6aaffe8d9d9a53126657301a8a090fe906f4487b9f3f498faa4432
270,2300-131720-0007,2300/131720/2300-131720-0007.flac,music/jamendo/music-jamendo-0031.wav,3645380,5.0,False,0.25856487197842287,1.0,215120,16000,04c4c907569a6ea35b1cc13d64c4f15a79504ad7bf1f9ebe2f24afef667c83ae,9c8f648dab9310cc8792b48b59901c6cda58f5afbaaa66533ccd41318e032155
271,121-127105-0023,121/127105/121-127105-0023.flac,music/hd-classical/music-hd-0051.wav,246694,10.0,False,0.1491864155527385,1.0,174560,16000,a8965ee6dd9d2a7c0b59e02c3a50e93a717c509412b3960c04126beb1da92759,ec9b37ba07acf2cbebfbba92f87ac2b5b7f50047d2645e20b668d15f2e118ea0
272,1188-133604-0044,1188/133604/1188-133604-0044.flac,music/fma/music-fma-0057.wav,626824,-5.0,False,0.5326078593804451,1.0,296720,16000,dde9d0d6f4dc67da75e27de1334f41abd26b9bc9d915d2ae940a6a1d38975e59,54715797a458b1024f140069717b62c2a777726b835a597b74f9f8674b70fc19
273,3575-170457-0055,3575/170457/3575-170457-0055.flac,music/fma/music-fma-0121.wav,383080,0.0,False,0.7579323699141928,1.0,189600,16000,7cb3ac57db37eddc17311d5f53fdb0344c89a8cfa0e028de7a3dcb4a99857aa0,1ae6624fb3b376f3d18fb21cb414aeb01c6801098cbd11763565d6d75101f98e
274,1188-133604-0017,1188/133604/1188-133604-0017.flac,music/rfm/music-rfm-0064.wav,234726,5.0,False,0.20323885959116683,1.0,73840,16000,3f9328f5bcc0337e14fdd3e00a0280b3ed8360ed249bb98d9ece41737f88bed0,0841bc0add3d534e09983c608ef8ba1dc95de9fba4a9db6e037c881f4a798855
275,2094-142345-0015,2094/142345/2094-142345-0015.flac,music/fma/music-fma-0006.wav,1903903,10.0,False,0.10977203763454291,0.9632435660018498,240240,16000,3dd44c04597e6ccf3de4bdb61d9942604441c1953af03fdf425b183e4ae30e56,df684c4f357d2fb172619728ae2cfadc746ddbd9127c68fae653171f71697746
276,8230-279154-0005,8230/279154/8230-279154-0005.flac,music/fma-western-art/music-fma-wa-0044.wav,401423,-5.0,False,0.9725112100561852,1.0,123520,16000,380f1f7d03011bfaa71399b30d15931daaf01d50bf4289daff1cf55b9976f88d,abc06e242c94098c120e34841042b755b940765db1c8f28ed81233a153633015
277,4077-13754-0012,4077/13754/4077-13754-0012.flac,music/fma/music-fma-0040.wav,631763,0.0,False,0.3014340898380356,1.0,353520,16000,94c05f11d226e3e8f1ccb4194294883b236b985cd11ae31a7cd5d03a8a398e84,ccbe536d41c86931074713daefdd9c18c47761ec5a09cc1bb76257028bedef65
278,1580-141084-0020,1580/141084/1580-141084-0020.flac,music/jamendo/music-jamendo-0100.wav,3097296,5.0,False,0.26416686857110855,1.0,45760,16000,dc6217b214ca5a750e589f64d66aa76dec927687f58f13ef3e6529740e0615ce,7a0939679a58f527afcb8dfd6f5b3622e1d493299c15ee4a6e7b0d980f4187ac
279,121-127105-0030,121/127105/121-127105-0030.flac,music/fma/music-fma-0012.wav,1041018,10.0,False,0.0517078733688143,1.0,34800,16000,93b8fb6d95f99559f5070e22e619c82b2d434c53290bcfa6837aae60199a5ebd,039c9ccc292b397fc00a5473649f443e0def63190cba373e5439bac2c3570c25
280,260-123286-0005,260/123286/260-123286-0005.flac,music/rfm/music-rfm-0123.wav,2601544,-5.0,False,0.6399197175340776,1.0,76960,16000,d7a6584f02fba29d49e34d023f698647a363072e8f80472488a1349fa389dffe,8e0e39a72096624978b8a13a06bf4c568a3fc973245b961297f1424890fa7fab
281,5142-33396-0001,5142/33396/5142-33396-0001.flac,music/jamendo/music-jamendo-0184.wav,3097385,0.0,False,0.24251508943346145,1.0,80320,16000,824ae438bff82c7f3749cf1cefa8a450d47940e267819feb9b666d1e5bf0ec9f,f1e794b195af383c7f5c26b445a887b64408737410340a11592a1c295deae89c
282,6930-75918-0007,6930/75918/6930-75918-0007.flac,music/jamendo/music-jamendo-0172.wav,3379453,5.0,False,0.07880405050001113,1.0,53040,16000,c6c28e12656aff6cec3484ed10cfc625d17d62f63a065b91ad3c510716e2c7e0,0456f3f33164abd0fe0ee888be6a0dd7c5859c470f97851364a9333157c8eb58
283,7127-75947-0017,7127/75947/7127-75947-0017.flac,music/jamendo/music-jamendo-0088.wav,2874506,10.0,False,0.15762512586392496,1.0,42640,16000,ed8bbab57091a74ef4bdfee8de8c0f5faaf1b07eba03df80ef3d306016471413,19757c2aa01a771d5b21ddbfb2ed122d6022d0e8e1efb0ba72b9a8349f85a71d
284,8455-210777-0035,8455/210777/8455-210777-0035.flac,music/rfm/music-rfm-0096.wav,869803,-5.0,False,0.9250133513317043,0.8053434626079746,79840,16000,78106d2622c6679c3c62c9fde51737a4189ccf9dbbe1d35dfd57c437855fe6a9,7e329b40326db9ab3cd3c4a871b4e89f654685d78d5cf644703ee139fb83410b
285,4077-13754-0016,4077/13754/4077-13754-0016.flac,music/rfm/music-rfm-0140.wav,722486,0.0,False,0.256481848692532,1.0,190320,16000,a863c54432d24627564895473dc94c6eb27ab2a75c1e74920cc56b62739941bb,1f26c31bd48c8b55ee9ceac9fa6e374e8122d1e75185d89b18066641f1b5ffc7
286,8455-210777-0067,8455/210777/8455-210777-0067.flac,music/hd-classical/music-hd-0036.wav,5909366,5.0,False,4.49273551390312,1.0,60080,16000,7e79022777c7a8044d1e8492fa7d0f7de70f777c2c9de03d4ca9de524d2c96b9,e41b9a503a7e331e8bba5334a2e38a30e6e42e3106b4cd3ee3141e48609e284c
287,5105-28241-0010,5105/28241/5105-28241-0010.flac,music/fma/music-fma-0051.wav,1008978,10.0,False,0.05900536900753563,1.0,36960,16000,bde39bd55bc2783f81db7569f20bb0a8adc4f6bab99cef8e8ab45d444ed539fd,0e08d052eb11723cad4aa335f99d9d535d5a683df6bc2139a529d349f5c5090c
288,8463-294828-0022,8463/294828/8463-294828-0022.flac,music/fma-western-art/music-fma-wa-0092.wav,2093962,-5.0,False,2.4081832950980844,1.0,37680,16000,916d179f789a16da7710a39609c6dc7efed6f7d9819403c6c67aacc828b4608b,fe635ec04c50a72c6d2a10b0be4708e6dc53a72f1f55de41a61ce7971cef8ab7
289,1284-1181-0009,1284/1181/1284-1181-0009.flac,music/rfm/music-rfm-0045.wav,68941,0.0,False,0.3477636221428313,1.0,83920,16000,edd61be5449ab319981b19a740fba00f6b8e597974b716626dd89e9b59644e3b,b6be36463007b343dd20ed4041f1abc430281c6d45e66c1cc5aa750e922402c1
290,8463-294828-0019,8463/294828/8463-294828-0019.flac,music/hd-classical/music-hd-0064.wav,1004621,5.0,False,0.27501734036027564,1.0,72480,16000,2849f49d7478b071f9cc8fe408f19ba01168276718d8605e4f905eb06db1c7ef,63d6cd42195c8462dc26eed68cf87646d4f4d1f1759daeea95ce90f26504ff40
291,8463-294828-0018,8463/294828/8463-294828-0018.flac,music/fma/music-fma-0028.wav,2464049,10.0,False,0.17925616600318478,1.0,47120,16000,509b3e6addf2e942219b54d867afb993867df278a00295a49562230eba9f54ef,edbdeadfbc9c22f9f58c34e32583524c44031493c664cbbc5daf5edde29bc8e5
292,4992-41806-0014,4992/41806/4992-41806-0014.flac,music/rfm/music-rfm-0093.wav,1572735,-5.0,False,0.8445892376797713,1.0,243360,16000,fe45426cfb10194a2df1ea897c14605bf60c930ec4f4c3313a2a663584055fb7,ff14ef3930de513c2444f686e3b35508d4f1ad99f249bc94730f308a1dfd4aea
293,4970-29095-0019,4970/29095/4970-29095-0019.flac,music/jamendo/music-jamendo-0122.wav,1808312,0.0,False,0.7680393108535419,1.0,43600,16000,662840421ee3d85d04d06f2cfffd5c10ba3126bf3b3cbc558d9b2be6860a6c08,335c9e44fa12b04cf748475df98a88a6d70d9d749703085c632d395780670200
294,1284-1180-0000,1284/1180/1284-1180-0000.flac,music/fma-western-art/music-fma-wa-0081.wav,146605,5.0,False,0.6630438400761413,1.0,129920,16000,336b4070e4127640713fabde7d22c10f45f32e8680cb60f0eb76f9454ee8e98b,395c6da975360669b4f6a415f1af885602182cfaa25ec906a088f19852e19278
295,4077-13754-0015,4077/13754/4077-13754-0015.flac,music/rfm/music-rfm-0098.wav,3182887,10.0,False,0.05423027421486839,1.0,355280,16000,8619edfb26b97e58aa97f32894d813e85ca523c9e4f8f005f4ea308566af8b4e,12d32c5968a78d54c82af884933004c8dc199ae5204a43f735c703b77fc3905c
296,8463-294825-0016,8463/294825/8463-294825-0016.flac,music/fma-western-art/music-fma-wa-0012.wav,2087112,-5.0,False,1.2860921584462786,1.0,71600,16000,d7e80c4ebbfdb5b7f231e065232156c65706296f8d76f0e06e9246448835562e,2962225cdee14b1b9335540a829aadfadd706e7cf333aef963755f55e9bc7a90
297,1284-134647-0007,1284/134647/1284-134647-0007.flac,music/rfm/music-rfm-0097.wav,188420,0.0,False,0.4576653421341976,1.0,226720,16000,8402f1ea59b839617d880499bb260ad4640005c09570cc0b8cfa74296808ed35,6ac1841cb45af2d8610285108562fe83767239fdb7bfdd6c72d8324e89b045d2
298,4077-13751-0009,4077/13751/4077-13751-0009.flac,music/rfm/music-rfm-0047.wav,1693249,5.0,False,0.16752971255717253,1.0,194400,16000,7f46e3cd4581c3c580ae31c17e52ad9c14cf6a40c595466ec813a70fd840f98e,86b97a44bcb483fb509820377b2b7074093370d8af3c4d748343332c1a0ac7ff
299,3575-170457-0044,3575/170457/3575-170457-0044.flac,music/fma/music-fma-0098.wav,2818145,10.0,False,0.16629749155490195,1.0,155520,16000,50dd749ec744b19c72a9a2dc1a6ce7f1612f23d1f5f4a5ead096cc8604063c1f,910865b1782eaf15d6834c44a01fe8344ca36863bd0b9619085da445a2121f54
300,1995-1836-0009,1995/1836/1995-1836-0009.flac,music/jamendo/music-jamendo-0144.wav,1959433,-5.0,False,0.39441971798712766,1.0,107360,16000,3120f942735a1b2f686933b4adb353c57530b96f4f1146fd8d198f2b2460992a,661114613fe27b464accb784cd0abb8c06dd84ff158615f93485b1eef8180170
301,2961-960-0013,2961/960/2961-960-0013.flac,music/jamendo/music-jamendo-0028.wav,2086010,0.0,False,0.18185100685159963,1.0,169200,16000,7c35bf88189f8d9533e49891e5ac7ec6ae3127cb0dd686de3ffd20cd005ca59c,a223e7e1a9069a388c7333707daaf9f25fc2da848c13cc149f3fe6852b7ab150
302,2961-960-0019,2961/960/2961-960-0019.flac,music/fma/music-fma-0107.wav,1629813,5.0,False,0.12388533774276853,1.0,194080,16000,30db4838cb955402c3fa6ea5f037b7ebcd9da58b1f861f71d6fdd4809944f5ed,0399b7454d8a64978cb2b3cf5a54ea702a66029488bd3875a90868fdd043a18e
303,5142-33396-0055,5142/33396/5142-33396-0055.flac,music/rfm/music-rfm-0028.wav,2587695,10.0,False,0.036203418195078635,1.0,44320,16000,373b3b3228d57db855f0124db820667da20324b7670d495e4218ff80ebcb5b94,33dec0fec49151bdb00da2aba0491298fee59fd7707615157f60290161693fcf
304,6930-76324-0000,6930/76324/6930-76324-0000.flac,music/jamendo/music-jamendo-0048.wav,2884629,-5.0,False,0.2976583019816376,1.0,48400,16000,428b6bd1ef1f1bba4486d4717ab9b3431b20330a97e2cf6690d5d2454d38dab7,8eebd1dc748e48793df250fdebbcb7c80ec0d1e7f924e33f5c563221f21c1ed6
305,7176-92135-0015,7176/92135/7176-92135-0015.flac,music/jamendo/music-jamendo-0048.wav,1135955,0.0,False,0.5197798726733754,1.0,108080,16000,aaa5343e6c01b769c89643859ab53ceb9509b31ee939d02447d82d9d678d184a,32d96e348516790da9c2a4a1abe215a9eb243123285439b2f7bf761053c2364d
306,2300-131720-0000,2300/131720/2300-131720-0000.flac,music/hd-classical/music-hd-0025.wav,5658449,5.0,False,0.7052102718013993,1.0,81280,16000,3d0982c92b827a8dd3bb1d1af8a3d77a4869f45d30e3158080c8fc34dd04857c,c15925069e6efd98e7da4021511a99e6761cc3c785025fc03c766e21828e7845
307,5105-28233-0007,5105/28233/5105-28233-0007.flac,music/fma/music-fma-0123.wav,645580,10.0,False,0.16148112034183165,1.0,418240,16000,fce7866786892e167e2eb3c96152b068812bd7b8bc669900d14713eaec43f140,2f403311c2858238c5216320221f15706c28727a16675154ba8b83009f716b9f
308,1995-1826-0014,1995/1826/1995-1826-0014.flac,music/fma/music-fma-0058.wav,1647713,-5.0,False,0.5171230801022354,1.0,40000,16000,4408bc56ff992d7e6da90e19b8b1198e951ed4a2bb880e95383a405bc6a811ea,5a2897a6d0d57094512a715c7a6ff5b9ea4415a4bbc147b77dfad5e68fdb0db7
309,2300-131720-0023,2300/131720/2300-131720-0023.flac,music/hd-classical/music-hd-0022.wav,1501493,0.0,False,0.4592600333787496,1.0,176960,16000,74d002c0b0155ef20deee71179ccb44866d46a38b24c47728a12ec94930b6860,9f9f342603ad8bd98ca954d6cf8ea55054accd358a7f02a38b502375d1e84cda
310,61-70968-0026,61/70968/61-70968-0026.flac,music/hd-classical/music-hd-0027.wav,11949368,5.0,False,0.16418200705611294,1.0,78720,16000,012921ed3a7f5c1369188ca346d468ddf99abbd3c398810c3932e523f378429d,6f254a98d126768104e8c48cf3e03b9297dd67b9bb00a8a39fbba0975b419dd3
311,1320-122617-0027,1320/122617/1320-122617-0027.flac,music/hd-classical/music-hd-0027.wav,4415719,10.0,False,0.5221748486218709,1.0,91039,16000,f13188f0dc7fd1ba814a0e9423e1b086be1bcadf67d4927f9fd0fd45e92d2ef3,e31a546e9df34ab924bbb08d7a45d42b6824093f0c689abf2e2863d78f2d7968
312,1089-134686-0037,1089/134686/1089-134686-0037.flac,music/jamendo/music-jamendo-0060.wav,3964796,-5.0,False,0.4522270572419997,1.0,83360,16000,8b160c9198bde2e6ca1234f840fd997d80bff1f869ab818815ddf558f92f4218,efbcdbcc2fb7028bd3ac78637c82ffe5a1e92837c4f0b5054f0ed7cdd356d137
313,5639-40744-0029,5639/40744/5639-40744-0029.flac,music/jamendo/music-jamendo-0076.wav,1556432,0.0,False,0.07724210159587169,1.0,116880,16000,0cffd84f5b9e48189b622a194fb3bd7c0890be846e87618f4637cd42fd89eaac,20b64933f0af4138baa43cb5b2f1387d2364e4d8646fa9156e4adb19a2e8c4f6
314,1580-141084-0038,1580/141084/1580-141084-0038.flac,music/fma/music-fma-0078.wav,3836337,5.0,False,0.1428179767615399,1.0,47280,16000,c9e5627195d7128ec49f0356c1f5b1789eb248b61b641106fea0fe8cbcbeda0d,57d7eab7e7419963e05240450961e68d11568f1b91aa744d9181ac1cb8e28752
315,121-127105-0019,121/127105/121-127105-0019.flac,music/hd-classical/music-hd-0028.wav,8709063,10.0,False,0.05464790787750682,1.0,56400,16000,094a31946d6a1040e7585889329958348defc5a998bd54ae3cb851bafa8b12d8,f32fd19c9e65af69417799a4eb1ebbdf24cb8d6f64044026e6fa97403629a736
316,672-122797-0072,672/122797/672-122797-0072.flac,music/fma-western-art/music-fma-wa-0000.wav,521172,-5.0,False,0.5768122014603985,1.0,127040,16000,8d7860e4c6370cb1ff6c9ebc51d1f48199f0d886a077e2243b754b254b21a902,9fcf97a42fcef95763264e3e0fb364ceadd5e9cc05f83ff728d17c0724fc7a44
317,2830-3980-0021,2830/3980/2830-3980-0021.flac,music/fma-western-art/music-fma-wa-0053.wav,301238,0.0,False,0.8818300870946932,1.0,46560,16000,d9f4e0387dcf1d13cfe36c9ef401abb7fbba7e47e500134b1cfeeaa877a486a2,0483c0bd9150ac5370382491c1cfa0146049c0af1a63ecae750e0e3a9aeb5087
318,1580-141084-0037,1580/141084/1580-141084-0037.flac,music/jamendo/music-jamendo-0180.wav,3001107,5.0,False,0.12050961796174674,1.0,47440,16000,290da0caa332d089e8aed7407ca8e90cf1e2729a61f027106fec35c94503e1bb,e6e3960d660d2d8e3acf4734913f4851641bf1ec8beba0e27b1554fc6918e17a
319,260-123440-0002,260/123440/260-123440-0002.flac,music/jamendo/music-jamendo-0096.wav,3092552,10.0,False,0.12284053333320401,1.0,235440,16000,69df92e49522c52d424c18c1a560295523ca46ddc5e43e11829fed38118d4692,ebe7b551e7f48255574b87845bc9adcf4a26e66c76921518300aee7c0a3533cb
320,237-126133-0015,237/126133/237-126133-0015.flac,music/jamendo/music-jamendo-0068.wav,3482924,-5.0,False,0.23788276483029897,1.0,149440,16000,2057a512d0f65c3105ef917f37737dab34b61d192c990ebdc5cb548728aac84f,847440b2ebb3e222d208466f1ed6f61536dfa8bf41fae3df48e41ac6e4cbcbfc
321,61-70968-0022,61/70968/61-70968-0022.flac,music/jamendo/music-jamendo-0030.wav,276876,0.0,False,0.17331169171173977,1.0,74720,16000,66607ac384005d3429abf3548964630223d86262951a66a3d717538f4497fca6,4c3e42c9c48f0ea0ecf7341e8209e9bbe4ef4aaaa88e58f61e1b4126f1991361
322,260-123440-0013,260/123440/260-123440-0013.flac,music/fma-western-art/music-fma-wa-0052.wav,1116971,5.0,False,0.4189763815004846,1.0,55600,16000,fd6a24d783c538bf224c500d79d855102521c6d71bfca33a15fe4b68bd905d75,d9f855301f434283bfb9ec8726a8d2b4b9ca975d684cc217d3b3c1833940b598
323,6930-76324-0009,6930/76324/6930-76324-0009.flac,music/jamendo/music-jamendo-0029.wav,2047604,10.0,False,0.0285005086742528,1.0,54480,16000,aa0d044115aa3ab61df2875dd8a0ff11b33ee145facda1ce9d2dea21dd26e451,48c82f742b42da7fe5ddd548c19692cefac83b86c3a518ab424e827e6f7d0508
324,7127-75947-0038,7127/75947/7127-75947-0038.flac,music/jamendo/music-jamendo-0060.wav,4889361,-5.0,False,0.3800005596976455,1.0,180160,16000,d3aa8810e36a5887383e22354812f9890938c4081737f449af4acd780ae3ba06,b05838ae99f67ee706ea1c415019d267c7c8b4a4c9144b8f5e5423eea70df4ae
325,1188-133604-0029,1188/133604/1188-133604-0029.flac,music/rfm/music-rfm-0127.wav,43789,0.0,False,0.14151602123358073,1.0,59280,16000,7c26dd27425e63fbb7daab52f5ce26c57829930bae4defd28bcaa504210c5ebe,0c18d5d2ed9208ed74e8d44533ee965e354ec179e0cadf4a5993acf1209deb28
326,7176-88083-0013,7176/88083/7176-88083-0013.flac,music/hd-classical/music-hd-0011.wav,1979429,5.0,False,0.3325864974689544,1.0,240000,16000,0ee37f94b8747296d6666c9e6511549e1af341e960b1f63de305db23a7d65182,735f49e8040f512f9ae8255aaa41f0d1594bf6c1bbac7e2ef8adc0a29153d9a0
327,2830-3980-0047,2830/3980/2830-3980-0047.flac,music/jamendo/music-jamendo-0050.wav,4210920,10.0,False,0.10132459581556054,1.0,125840,16000,bb0378bffe081cc4958b83c566d8996efff80178b77e035d6ac6d074abf9a0d2,be168ed5e781b268408831205f2beb21e06e497eea7251a565c7e81c9c1aa718
328,4507-16021-0031,4507/16021/4507-16021-0031.flac,music/rfm/music-rfm-0123.wav,3495938,-5.0,False,0.555466807317857,1.0,228960,16000,3f794b651483159740c53310415ffe0030a0f1403c788cf7424190774d882199,7cabb7d144dbc8a631a4edaa94bd331af0ba3402a18a80a691794c4c1e4147c9
329,6930-81414-0015,6930/81414/6930-81414-0015.flac,music/jamendo/music-jamendo-0019.wav,4889580,0.0,False,0.23730952631003127,1.0,59680,16000,3cf046f97644af9694d5a8cd92da00abd74a78f7e0a3523e204771b520115cb4,8295847ffcce6d081be9f4a8832b262fe4c298bcb57f4817f17b0a41d410c81e
330,3575-170457-0027,3575/170457/3575-170457-0027.flac,music/jamendo/music-jamendo-0136.wav,2659052,5.0,False,0.16610904885694028,1.0,73280,16000,1c4b980fbde7496cf95b34fd806a56c5e0f815918c422417d670f0730b8d797b,3173953ace3d5595ad6f6286e06a3ae60efc3743e21f949887b36f6f5bd0a523
331,6829-68769-0048,6829/68769/6829-68769-0048.flac,music/fma-western-art/music-fma-wa-0050.wav,1631934,10.0,False,0.13144419990548914,1.0,103920,16000,32fd06e7b50c432b064f136c51c1f86b80cbc4d1bf1ba4ac769319335adcde16,accaee12bf0ef06b777f861f4a672517fea5ed7364ab8d1d68604f38fadea0d2
332,8455-210777-0024,8455/210777/8455-210777-0024.flac,music/jamendo/music-jamendo-0167.wav,1783566,-5.0,False,0.6775943009083761,0.8822765600962006,120960,16000,8209062591782ca185482953d5a6374f57d36cd400e8d411744a609a8ed39b01,f5a28dc8fd181d39809b44ebdd65c3023dc1c90ca022b3c2d3a6b7777af00b04
333,2961-960-0000,2961/960/2961-960-0000.flac,music/jamendo/music-jamendo-0113.wav,215942,0.0,False,0.18428298809040383,1.0,434880,16000,e6f9675ba6cb79ab0fd3e558c6289cd22c50c1517485d58593917d399d2da813,e3363bb96dd497e76673d3f6e3c0f283f7b69ea1fea35d0b5ccc8fb95c79ba32
334,908-157963-0011,908/157963/908-157963-0011.flac,music/jamendo/music-jamendo-0051.wav,2334029,5.0,False,0.1594770205985116,1.0,166320,16000,4c78f283d6e56319e087c27143d5c39b72cff671010f025c8bdfc91233b4fcd4,860fc69dd280714ecc7296565159b4f50ab344e649a3f165adf747eaf1a1c81f
335,7021-85628-0019,7021/85628/7021-85628-0019.flac,music/fma/music-fma-0026.wav,290646,10.0,False,0.14014156159376873,1.0,52080,16000,df806db7c61f61b2d76c4c51422487cbbf321d80045ed9f22205b789a100cdbe,93759f33f14cf3ec929678e2b81fdeecb7feba645d7b81cff1cce54e7625e34a
336,672-122797-0041,672/122797/672-122797-0041.flac,music/jamendo/music-jamendo-0124.wav,2991959,-5.0,False,0.3335492776957169,1.0,62080,16000,5a25d706f0d4e842abd1d7bd09c9a9e969ea8c8065e4265cc8f208b54060c640,97923a1d0da950c4b38103795243beb5effa7bc8691aadd59c8cf4649cc08b59
337,5142-33396-0043,5142/33396/5142-33396-0043.flac,music/rfm/music-rfm-0144.wav,1373613,0.0,False,0.5082224618157153,1.0,60320,16000,ff186a2bb82915a883bc423edd34e4a11eda6b3fcfd904f15fac259d981437e0,16b937ce83a28c2a788b33f5a4947e44da55071757d2531462863b56e6def92e
338,3570-5694-0003,3570/5694/3570-5694-0003.flac,music/rfm/music-rfm-0036.wav,1139535,5.0,False,0.38538770262358013,1.0,304400,16000,673a814f64399e1decf97b35865b38ab327b280c45be138bf03ad88cd87f756d,3fcf73549f6e8ae2e914c23e32a31b010e165bf0b11c4ea2711e8dcd6d84d402
339,237-134500-0009,237/134500/237-134500-0009.flac,music/jamendo/music-jamendo-0186.wav,8113,10.0,False,0.48682488896184706,0.9920560491612784,35520,16000,b2d53f181132a140c3a6f47c3b493d44fd093aee8d9029961daf61fc337ab206,fc6caf0226f82bae5ca4f673cab07245549792f4486e4398be2a97e70187eeed
340,4507-16021-0008,4507/16021/4507-16021-0008.flac,music/jamendo/music-jamendo-0187.wav,3864805,-5.0,False,0.5140390821378976,1.0,57440,16000,227c8a828c47a1d09930735202c92e8f86df9ea27463d2562643a5ee9262fdde,7f07c4f6e3d80c68387b7a31f388cdc62a75e1dc0f275562ac73f189f17fc4c2
341,908-31957-0002,908/31957/908-31957-0002.flac,music/rfm/music-rfm-0020.wav,1839503,0.0,False,0.222013318502604,1.0,76640,16000,022b6c27553888c28ac6b5d760cf3e51cb18ddaa0ab72d9de3711013b395256d,ef3ff3ddda313186c8b7ec0963fcd8140826bd283b31a215e6ae7dd3f99d9bb0
342,237-134500-0032,237/134500/237-134500-0032.flac,music/fma/music-fma-0117.wav,1742411,5.0,False,0.14578020951442267,1.0,80400,16000,c680f71957f9647b9426126b572f0ff0a08451cd5effd59751340b491e8232c9,fe39a34a18552dbc57213cb2cb796aafc6c4913587f48485a0f75493695837fb
343,1580-141084-0047,1580/141084/1580-141084-0047.flac,music/jamendo/music-jamendo-0011.wav,967313,10.0,False,0.05971179392968162,1.0,84000,16000,06c7526bfde07f4249c071133dd73e234ca2f9de8f599d6fed12810c2674e210,0de9518912d06e37609e84e40a49954bd0ff70748b5a18fba41ea206b6932d2f
344,121-127105-0009,121/127105/121-127105-0009.flac,music/fma-western-art/music-fma-wa-0092.wav,1340597,-5.0,False,0.5721835051520626,1.0,36640,16000,47c60d93e64bca036fcf3f5203d2fe2d338b111990ec44a3d4f644b5f6c5cb60,a0365f65a1d468975e6690d07a00c7e68ceb672445c60f550b8a51eacc499635
345,7176-88083-0000,7176/88083/7176-88083-0000.flac,music/jamendo/music-jamendo-0180.wav,2399290,0.0,False,0.5030915639301016,1.0,91120,16000,eb6831413282d3c2c4f50ae84833715e4cfc26032fd81ebd00688191958ae66a,ed21a7f8b177bb6f9b10d654b4641d2db4b38f9abe272f27b6ada157be58cac3
346,1320-122617-0017,1320/122617/1320-122617-0017.flac,music/jamendo/music-jamendo-0092.wav,1720067,5.0,False,0.1405085874290175,1.0,90480,16000,a557c589acc253004f52c565baabc41baaac457a276586d5842dd34492caef40,6598ecdd8655fb74b8fbf3013c78822c49f9d01f2d2b5a77b34e06a936e5ba20
347,1320-122617-0036,1320/122617/1320-122617-0036.flac,music/fma/music-fma-0103.wav,1172364,10.0,False,0.09380829925804819,1.0,197920,16000,0b12785631f1519e4fa601803b25dabc4200377cc50b50b03551b02f037320ce,aa2fe30d71733e0a2864ba1e6ed4c9c82dc520ddfbc564970ce2b95187c477cc
348,121-127105-0008,121/127105/121-127105-0008.flac,music/jamendo/music-jamendo-0083.wav,417257,-5.0,False,0.18340123544336218,1.0,44160,16000,a8518e7ee499932c779fface13de9ed7f8ddd6216565764a4b89ecb559ff48c7,7da350f95855df404bd6fae07ddd79f6dacc221b1f0b6e87339de115144057d2
349,7021-85628-0025,7021/85628/7021-85628-0025.flac,music/fma/music-fma-0100.wav,433334,0.0,False,0.3587670021754683,1.0,44400,16000,25c578e697272b363165121e9feb9d5e225d36ad5adc5c359659974235d11f4a,21d5c6b25b8210b803f432e7dfeb0ae3f1d1e1e6f7ec12ba010e0018e67b92cd
350,5142-33396-0018,5142/33396/5142-33396-0018.flac,music/fma-western-art/music-fma-wa-0021.wav,2957284,5.0,False,0.20001779687512558,1.0,63040,16000,e4fa2d5893c912472fbc5887d954b6eea447e033406a86c369478636285fc709,f294a4ab7da072b0db1854a9f30c191c69743f7f1502f2337707dd8082d0b679
351,6829-68769-0006,6829/68769/6829-68769-0006.flac,music/jamendo/music-jamendo-0185.wav,3511909,10.0,False,0.1748951928489354,1.0,115120,16000,d5aa334531519473a3e61ec7b4be9c60694144f849bfa8a031615d7b733b0d46,6a759bf83428351d2e02828b5f99802cd88fbcb33f90fe70ee9994fc59078cfc
352,1995-1837-0000,1995/1837/1995-1837-0000.flac,music/fma/music-fma-0120.wav,6954182,-5.0,False,1.4433055127612415,0.9867928029323639,61840,16000,af4d2f58353edee1beaa143137b56f80b34c0acd4c8f1d29a48daba4a5f56a9a,0e51cb182e681fc5b07d636bbc9bd78e9eb5145debc2353dd8ec4aa5088f7428
353,61-70968-0048,61/70968/61-70968-0048.flac,music/fma/music-fma-0013.wav,2712100,0.0,False,0.12593597551374008,1.0,48320,16000,6a94a5b4b1b1818a1be154b875f8a5de2bf92dc5c292a95cc240b80485613893,19d98766a9d28121af25e16530f5f7b6215ea0d80e69023421ce47a1934334d5
354,1284-1180-0028,1284/1180/1284-1180-0028.flac,music/jamendo/music-jamendo-0123.wav,3045201,5.0,False,0.2763880634271119,1.0,96720,16000,09ed791c51de980efa935f5aacc32425653fa4b2b014167e5be50c6c5a81ed9d,1d2c3d1673c4d89ee713e4f6093879d80f1c703138c1cd5167c0d9405da1e59b
355,61-70968-0021,61/70968/61-70968-0021.flac,music/fma/music-fma-0042.wav,4221006,10.0,False,0.14114808606615273,1.0,43040,16000,2e463d40cd4e60e5b23fd25f13c84d45bc453e246d83b1a63bca2d620db73fa0,3b1a0ee79bdafa1645ce470df19a9a6a4fb784da5f3f73c8b17a0b61a1a7923b
356,7729-102255-0000,7729/102255/7729-102255-0000.flac,music/fma-western-art/music-fma-wa-0056.wav,3626561,-5.0,False,0.5922711515345318,1.0,52560,16000,c65258289d72485624a5ea06b0defd2c4012e672ed83198a327c3f5fc6a1f42b,e7dd9b2991e0387f94574be754e55daf4013d1b791c1452343b16747631eea16
357,5142-33396-0027,5142/33396/5142-33396-0027.flac,music/jamendo/music-jamendo-0189.wav,4654678,0.0,False,0.3409692052714674,1.0,35760,16000,38764583efed1395ff67d705b8d051d3fccd59318adcd04b090d9bd76d597508,f82bb62d3153fb7d1a0cf2d8d75abefe87e4607b1e65c620ca18381adca5d5e5
358,8555-284449-0007,8555/284449/8555-284449-0007.flac,music/jamendo/music-jamendo-0005.wav,1870752,5.0,False,0.15437192988316342,1.0,148960,16000,866fce795796bfd87e0bc70e2388455d5acefcfb53c0f7a47ef79a2bcbc433f5,1881f82e527c13b9301f3808ba6ff4ac85394038af3997a5d3573b571f7942b0
359,5683-32879-0001,5683/32879/5683-32879-0001.flac,music/rfm/music-rfm-0092.wav,1521696,10.0,False,0.05931624490481123,1.0,58560,16000,8495f29776b31d724fda352c06dcd7b8f4fe730294fb965ebb952466eed5312f,0902f5cc0bff047b45a1c63d4d1216ed0b0bc643e1948eac539d0e62e152055f
360,4992-41806-0000,4992/41806/4992-41806-0000.flac,music/jamendo/music-jamendo-0030.wav,1815821,-5.0,False,0.5925629540956728,1.0,229760,16000,f68ada7ac3d561a7ff3f9b9ecab95f25442ef6dbc92b1149d6b7d399e6fa22e7,6efb0ab505dd8c8deee527f1ade056acf7a67c4438cf8f1c999ab6e4394fdd65
361,1580-141083-0045,1580/141083/1580-141083-0045.flac,music/fma/music-fma-0118.wav,1186095,0.0,False,0.15241317092092935,1.0,69760,16000,8477f145185093bf59988b6e6d6519a1dd09ef3e523e33cbe8734fc3163ce8d2,c79a909f2a6fb168149fcfef524b8ecb5dfdb3e916980e16bc49d87d1f065c74
362,6829-68769-0041,6829/68769/6829-68769-0041.flac,music/jamendo/music-jamendo-0029.wav,569014,5.0,False,0.12378317926302952,1.0,42560,16000,19429d3c0040f7598d6637ec966fec264a5e9f923e22df2a174a7614b3088e0a,61192de3e40ea19a48dbed218bd6567e34013eaf22a4af20ccb4744bcb7932ff
363,3570-5694-0001,3570/5694/3570-5694-0001.flac,music/jamendo/music-jamendo-0201.wav,1553708,10.0,False,0.21096396169685963,1.0,90800,16000,7de6d535e2a7fab20fe7d8d29283ebfddafd3bc9bc05a4f79f67ce48df15719a,28887f5367a40095a18684883760be8dbdaac16d82e351443f3af09c0d569b55
364,908-31957-0024,908/31957/908-31957-0024.flac,music/rfm/music-rfm-0093.wav,820731,-5.0,False,0.6555127138155732,1.0,120640,16000,d26ca48dcd7647a21a19924aaef6b31ddf04dc4c89d5c7f11bf3bcd1c4e7e162,c05c8bacc9579b624cbed12399ec9e1e096819e5e07f3f1b81029d04aae3ef87
365,8455-210777-0041,8455/210777/8455-210777-0041.flac,music/jamendo/music-jamendo-0001.wav,3396852,0.0,False,0.37743707171454094,1.0,101920,16000,ca946b84429de179eb64a2862757a95d23bcce3706ebb2ebb8fb3bbbb6362418,71e5c58ff226a17196218797f061e74c2e65ffd35776e38e56ad2d7931883fd0
366,7127-75947-0028,7127/75947/7127-75947-0028.flac,music/fma/music-fma-0108.wav,296906,5.0,False,0.1007764701081668,1.0,119360,16000,a3884d61e4806741ce0bac4c9f36a220a6d16a5b3b78d169df90b9e6fdaef921,a865fc02f87cf143b323ddf9ca49e9234885630d730e94c98e8acf181dd3ce92
367,4992-41797-0008,4992/41797/4992-41797-0008.flac,music/fma/music-fma-0008.wav,797883,10.0,False,0.0565141268464347,1.0,143440,16000,74673046a6976f0aef7d166f2eebaee58c4551de3cab5586d1efd325c2b179a6,d1cea4f04e4240b015807d39c087667100fb148dbad1217b7a2b1d4bc2dc9a28
368,8455-210777-0025,8455/210777/8455-210777-0025.flac,music/jamendo/music-jamendo-0008.wav,3132753,-5.0,False,1.2465445921030336,1.0,58080,16000,b8e66ee33bf6203113f6b16468e9e8eec91e7b947e8b426dd94d99d74b24c9b7,d03ee4a26b233e944f56e58ba04167714eade3041b0105661c124c63631306c0
369,7021-85628-0015,7021/85628/7021-85628-0015.flac,music/rfm/music-rfm-0117.wav,891462,0.0,False,0.2641674671245386,1.0,184720,16000,991277ec9869e30a108c15ed29ce9f0b03701ab6dccf1f8fcae2ed6e6df54362,04c41c9cc70177852cec93cb561aaeebaf53aeb26afd7809df4b2597bf35a882
370,7127-75947-0022,7127/75947/7127-75947-0022.flac,music/jamendo/music-jamendo-0127.wav,1118030,5.0,False,0.1638398465299744,1.0,197600,16000,0e6e42db01a65fe0ec406a4a9dfb555ed6688c756eeb49ad4a5061ebb15f3ed4,5f4ad47b318b0c54eec110544e0531a331546f4c67e2432cb84abee2205fffdd
371,2830-3980-0008,2830/3980/2830-3980-0008.flac,music/fma-western-art/music-fma-wa-0040.wav,5221952,10.0,False,0.8121031591367066,1.0,77440,16000,55f60adaa19a957c4c719e5ed4fcda7fdcc8d50f691717240f1faa4d549a48e3,289948f1a36069391624e983fb3435a837eff4dd5a49c6e2313bc61bf0f1435e
372,4446-2273-0013,4446/2273/4446-2273-0013.flac,music/fma-western-art/music-fma-wa-0005.wav,2702060,-5.0,False,0.5149913571004584,1.0,42000,16000,76a985929204ce66b5cc6ba2aae32645bb97c60a34e9aa74fe52d02e45beb00d,7e8a130387149e72a0797fe42121ef830ff1b97d021326177a6c62ecb01a590b
373,7021-79740-0001,7021/79740/7021-79740-0001.flac,music/hd-classical/music-hd-0063.wav,908171,0.0,False,0.561147740782444,1.0,95920,16000,9175bf7d9b33c8bc152c29de11302a9506fce82cf3fa015c03e2cef73e8dfe3f,d698313ff4dbcd712c41b09f7e156790058c05a41eaec48e8f4cc2c42b38d358
374,5683-32866-0001,5683/32866/5683-32866-0001.flac,music/jamendo/music-jamendo-0164.wav,1007717,5.0,False,0.08580699939447224,1.0,55520,16000,246dc50e62c0b726459243f141f730794a6e9cd6835c0ae4474247fed48484b7,e3d74fb1acbbbd42b1d34cba59518f3617f27cf49ff0d6072468de7f1eb4eb4f
375,4507-16021-0021,4507/16021/4507-16021-0021.flac,music/fma/music-fma-0035.wav,2581269,10.0,False,0.11159750692995979,1.0,231680,16000,50f4cf5c420ff6314e88788962f4329435fff0affe4be4d60dafb3ff09ea87f7,7fbd8916e8fa1ded59e6091530dc05a18b84f17a8b204623ac6984b460a04137
376,2094-142345-0042,2094/142345/2094-142345-0042.flac,music/fma-western-art/music-fma-wa-0037.wav,480390,-5.0,False,1.4993030387068134,1.0,39280,16000,d1353118ab0da1bfd412c07e039af6bfd44f9aa2fe97d73f07765460a194f32b,b688fd2c07c429c4faecdc4cd53990600cba49dfee3b190065333dce159e142b
377,8224-274384-0005,8224/274384/8224-274384-0005.flac,music/rfm/music-rfm-0132.wav,1276527,0.0,False,0.6240737087309416,1.0,139920,16000,715cbcee684e265fe7252feadd4b285dd3ec8d486ab4ea00d202c9fc515bbfa1,965d3c9235df2a485d8d8ce4f79c35ef44d82dd030f3bd941c43d08c68ef7b42
378,237-134500-0017,237/134500/237-134500-0017.flac,music/fma-western-art/music-fma-wa-0089.wav,1047167,5.0,False,0.36151847980058943,1.0,34880,16000,1e6d87e91dfc214f65ede9067f87ef28340671ff08a99d06fb9830016c55b398,6c6fdba370ca9a0c2a5bf9d222261c966ce0225c9b8f6b53f5e4d94b10c14173
379,2830-3979-0001,2830/3979/2830-3979-0001.flac,music/fma-western-art/music-fma-wa-0073.wav,63823,10.0,False,0.12998966291088557,1.0,258001,16000,1b7d60ec4705903095e08b4772387f0eb882a9df80b4714148c2bd830b47e679,779f95dde384f081588ec56b6ea92a42b4eaa8aa887ac8f8903e089840506b72
380,260-123286-0001,260/123286/260-123286-0001.flac,music/fma-western-art/music-fma-wa-0045.wav,5610267,-5.0,False,2.0563187602376813,0.9822430901822787,49120,16000,ab0fae407d21e6b48e9d9c3df02eb6f27fa0cf8128fe883bba35b648811b3df0,28d39b4b9dd5a2d62c17205fe11230e9422a24e12b6dc875586b92046b9c2896
381,1320-122617-0035,1320/122617/1320-122617-0035.flac,music/jamendo/music-jamendo-0032.wav,1746466,0.0,False,0.29167763284013626,1.0,291520,16000,949698cd19536c9592e9fe652e3fc237440b781ecf4b7db19fb38af74600b055,0671f73d4a49f1f08a859b0834fc770a3f96015c5c6e1a09a78dd784b7e22dc7
382,8224-274384-0002,8224/274384/8224-274384-0002.flac,music/jamendo/music-jamendo-0011.wav,1710279,5.0,False,0.20674230029125606,1.0,157040,16000,f3fe69b9872cf9930bcaecaf4c7fc807b7323e07b67d3bdb85f4a33c80ab13c5,cb513fcf62db8c8050256c706a69b09d0fad13a45c3797a96906429f46831e77
383,1580-141083-0013,1580/141083/1580-141083-0013.flac,music/jamendo/music-jamendo-0199.wav,1828507,10.0,False,0.12066727101891603,1.0,69120,16000,54623bd4ccfd5297ec2f3b5fd85f9d818ffe32d6979d6d9b22398563ef35e154,0fac007b552e6379f789985040d108cb2ed4556dff7158bb1bd258b295ca4380
384,7176-92135-0033,7176/92135/7176-92135-0033.flac,music/hd-classical/music-hd-0009.wav,4482166,-5.0,False,2.1935998124189595,1.0,35680,16000,9513aa81b5fafb80422fb738d5986443e4bcbe54ba8547dfb7801bc9b968a7bc,95a5553239f8b2e2d0a99cfe501b0a9060927ccaf55fb65c4225de06c0dcd0f6
385,1320-122612-0015,1320/122612/1320-122612-0015.flac,music/fma-western-art/music-fma-wa-0037.wav,1356392,0.0,False,0.5619653252576908,1.0,102160,16000,c7bd57637786a9367c84beb00dfec8b50f0d00bcbb51f8aaa0ca4a26b06f0857,ab820477b2546e1b821a22307785dc048026bfd50686224c4bfd06cfb0203923
386,908-31957-0001,908/31957/908-31957-0001.flac,music/fma-western-art/music-fma-wa-0092.wav,2275735,5.0,False,60.16758837619952,1.0,181040,16000,4476a8467f7475d34cb8c57b69d3e2aadabc971fb06564a19bee5481753eb9db,94c4be7501ae000ae08f229892223582cdbee3c503b5b304f3d753082324d9d1
387,2830-3980-0025,2830/3980/2830-3980-0025.flac,music/jamendo/music-jamendo-0121.wav,158202,10.0,False,0.3439741901987952,1.0,140720,16000,3fc8432b52c03f8e3b923536fa5500f75b0443501d78e96a7d62d150427b0f31,5418a5558a7a73f7e34210275c05b40e77a1b0b3afb5fb382d2f76b6ec7303be
388,7729-102255-0009,7729/102255/7729-102255-0009.flac,music/rfm/music-rfm-0036.wav,3325590,-5.0,False,1.213370959510009,0.8987481085615847,296960,16000,85968fcddbf8c72b4e2dbcd1702af6c88877ba8a5cff619b0f8511d12505dd5b,95d5acfea3c2def8d17677b0e2f5d3d0caf7b8910ed59344e06b2494674e19cd
389,4507-16021-0010,4507/16021/4507-16021-0010.flac,music/hd-classical/music-hd-0065.wav,722143,0.0,False,0.29806794640960155,1.0,242640,16000,ed2927e05c69988f6ada088e5da5e96e04f5489a98eede0dc3d708f746ab6cc1,a56596cab82cd47f4a5d8f14aa22cc6eda6e0a75f5480eb225906b33e7054b13
390,2094-142345-0045,2094/142345/2094-142345-0045.flac,music/rfm/music-rfm-0081.wav,4174691,5.0,False,0.421232058469423,1.0,48080,16000,86b14b49f6b16288f0ae1e20c1b0389d528daab037c88a307903986ea8a7e72e,f56104cec8b7512b393e6ca9d6cb33be57a28f75cf576dbb43ea578994f6ab2b
391,6930-76324-0012,6930/76324/6930-76324-0012.flac,music/jamendo/music-jamendo-0178.wav,17562,10.0,False,0.05211433953595436,1.0,74480,16000,0bb0a953802df45517023c6fe623ea0f001e59c007310473f755164f514abb45,778db0a6b7c08215fd36aa8022fd2b7135582981b7d2e33270cda8ae33ec1c5c
392,237-134500-0003,237/134500/237-134500-0003.flac,music/rfm/music-rfm-0077.wav,554886,-5.0,False,0.7210521300279146,1.0,50720,16000,f84b1c84f0a243e486ec398bab056d73276b4d86f462794646771425c26bfed1,00fa82c42ae1bfa57b2605af60647494a6fbd69fcf384f9336d6726d30f40412
393,4970-29093-0009,4970/29093/4970-29093-0009.flac,music/jamendo/music-jamendo-0178.wav,796299,0.0,False,0.14101650028556031,1.0,145920,16000,b7e8e60c9174f971994e88115364221b7d7b5f30e854d350a89c9963a2674c73,3ab542065870659d0988e542d62ed8513c8d68e33d47c9634bf29d46c3995234
394,6930-75918-0006,6930/75918/6930-75918-0006.flac,music/fma/music-fma-0107.wav,779259,5.0,False,0.11056905608480642,1.0,93600,16000,b4ee5871dbb5084f596aa076453afc255f1416c83aec19d05e324ef4e062fc4d,3c50ad358d231df3c003d1239650271a8fe445746ba4895f98445ab27cc12dc0
395,61-70968-0059,61/70968/61-70968-0059.flac,music/fma/music-fma-0033.wav,2123045,10.0,False,0.11484447641654941,1.0,34720,16000,d153ad1d451e53595e995df6a7941e8e671a001e3e2ee44b2957a54ee210f20b,a4fc40113228773eadb2f0d46e689daa1bd01de748d3248c5d187856a862bb56
396,1221-135767-0015,1221/135767/1221-135767-0015.flac,music/fma/music-fma-0092.wav,286691,-5.0,False,0.1847544998462002,1.0,45600,16000,acd05c3962283e4b6b75f353195dd83dc3b2d2ddf6b522c6ccf374b0ae56c05b,36370ca01a0fa8cbbfc7b5e85afc73ff6cf13f4291a24b54b2ab2dd040a80f5f
397,4970-29095-0010,4970/29095/4970-29095-0010.flac,music/fma/music-fma-0113.wav,2671178,0.0,False,1.7539961079577722,1.0,42240,16000,179c741caf932c3108fb62e56b3745dbe453ee587877e290600794f86a0727f7,03a9d3265bef1999d7779e73105e024eab88656255896ca4b9a62656ccc088f9
398,5142-36600-0000,5142/36600/5142-36600-0000.flac,music/rfm/music-rfm-0102.wav,577463,5.0,False,0.10428386189946195,1.0,40400,16000,30cebfd899c491aa66fccca1aab8a5fff350c8f3383804fe9d5b2bb7e3dc31a9,dcdb70105f72f2bd479cb140946c81e7084b3e65fc417f6d4de3dc3ded695bfe
399,260-123288-0005,260/123288/260-123288-0005.flac,music/jamendo/music-jamendo-0210.wav,811928,10.0,False,0.09378922823352238,1.0,200800,16000,c79eeac92b5e83ef601ed70c5548828c54d1c78239a74c706fc87f4c56331af5,70a087146b9c61cd9a7af8c3b742f53e97e7e906f09e85b6247dc8f6a31d5e80
400,2961-961-0018,2961/961/2961-961-0018.flac,music/fma/music-fma-0056.wav,4434107,-5.0,False,0.3276322180508212,1.0,84640,16000,4a74ad50e402f6612a4ca5269008b7c772db1afe7f764773099df47a8e82d0b8,bcbd5bb43820dc587009bb81b79882917ead37ff44f3fb7c9f9375de88d79c73
401,7127-75947-0030,7127/75947/7127-75947-0030.flac,music/hd-classical/music-hd-0023.wav,5795337,0.0,False,0.8743083728544011,1.0,44160,16000,31914ec333779994fc402a813e5421c021326f682acea5103a7b3a5df7e92845,448682495e68ce250758c1a1e768300949395759d1eff0b387536bd895fd16ae
402,1580-141083-0040,1580/141083/1580-141083-0040.flac,music/rfm/music-rfm-0043.wav,413218,5.0,False,0.14814581694212775,1.0,60000,16000,01ce40104cd4f80a5ec13db6d929c24c5cc3d5fee9c3d9ef219887f1425bf88e,6b09a1a72650eee2999a0236dfc40d6e996358dbd7cf4d873aa0752ba79a5511
403,1995-1837-0020,1995/1837/1995-1837-0020.flac,music/fma-western-art/music-fma-wa-0075.wav,716477,10.0,False,0.6026418165788583,1.0,51360,16000,87516a44c877af79b837cc5cbdae9c882f5c5dced2bc836a77a70fbc8c9da925,a8a0961da82dff03571dc198da2d62d195e0b96da58d7135cbfc8590ce4a1563
404,672-122797-0064,672/122797/672-122797-0064.flac,music/fma-western-art/music-fma-wa-0003.wav,1924993,-5.0,False,0.8850458324582254,1.0,244320,16000,ca45ffc58823ea6f85e12a06cbaf565268ff57bc6ea00c764d5e308ae9c07ee4,1dae51ed0f384c109997f67466725c5ddef91f977f522be9c000f8ddd791280d
405,3575-170457-0021,3575/170457/3575-170457-0021.flac,music/jamendo/music-jamendo-0148.wav,29033,0.0,False,0.6237893551640781,1.0,66880,16000,1b8d0fbfc3dda273083a0bde946e1048a21758f5264586957ace76419c0d8388,460d7093fe2ae6c27878b458a5439d89a27960978aa2c8c210f978ba015be152
406,4992-23283-0006,4992/23283/4992-23283-0006.flac,music/fma/music-fma-0105.wav,1486360,5.0,False,0.057262586829910735,1.0,47440,16000,2a78d030c663ef944dbbc46a2fdf998348195680148f58a85a623e075f99646d,ae71f3d762026eb10ecc0b4eac184814f8be57868b19925005a961e7b99fa678
407,4077-13754-0001,4077/13754/4077-13754-0001.flac,music/rfm/music-rfm-0138.wav,4426194,10.0,False,0.10489480562626453,1.0,60320,16000,2462b9d9be033feb81b4ca43c4821d62f60352ad9106524d16e9c51a5f236135,8084492ddceb8e603e2174eeb7177607226dcd1415552d5f6b54d1e4ea30e00e
408,237-126133-0004,237/126133/237-126133-0004.flac,music/fma-western-art/music-fma-wa-0015.wav,3105927,-5.0,False,1.4567951509954782,1.0,52720,16000,e1e6db33e7d8d0c2ba3dfe06ba93c432b02712f18f7431e836da6b04601cb8da,33b1f667825519560722e70870bee6070c310ed4d80209c675c5eb7176d25bc1
409,1580-141083-0003,1580/141083/1580-141083-0003.flac,music/jamendo/music-jamendo-0169.wav,2916762,0.0,False,0.1429207205187325,1.0,104800,16000,2b702986e57cd06642e7fca99e769992a789e74ff8425d3c822f29246c4678f2,7d85d634c82c3f772f144d840e642bfc21dd2d9030a80956c35bc195cd193fa8
410,7127-75947-0015,7127/75947/7127-75947-0015.flac,music/hd-classical/music-hd-0052.wav,2560777,5.0,False,0.2689914952400713,1.0,100160,16000,ff9a2a69eb032179187457459b8340dbc008ec8d01543f65b3f7b8f7a0976e20,e13345e81d74e86d6da5d86e1f8e1fc7acfaef5572b9b5cd58ff91044bece8ad
411,1580-141084-0019,1580/141084/1580-141084-0019.flac,music/rfm/music-rfm-0146.wav,1342252,10.0,False,0.07842071249519852,1.0,50000,16000,c45bb092acf520aa2792f3e50c09ca665adfdf8a9220468d102d14faae68191f,b6ac0586c8dc92bafec9856b86b8e0a8c5b0a269ed8a8fee6235feaf3f078d71
412,2830-3980-0042,2830/3980/2830-3980-0042.flac,music/fma-western-art/music-fma-wa-0056.wav,3103423,-5.0,False,1.55008519491463,1.0,48320,16000,5e22212091c96e849307da53473405f16ddb5c86e6b5b2173bee381c3f414176,c42ac610950006be0cd44badd8531b5f3d9e1f05e8297860284e7c97bfe108b3
413,61-70968-0057,61/70968/61-70968-0057.flac,music/rfm/music-rfm-0001.wav,1504363,0.0,False,0.2482844695578155,1.0,81040,16000,04a851beed6a653b79f0147f008826aa30b41e04db371764540daee9671be383,26ddd9818fa11b6570a742197cae3416d7be3383f68252551e403e528c5d2c18
414,4507-16021-0024,4507/16021/4507-16021-0024.flac,music/hd-classical/music-hd-0010.wav,3570856,5.0,False,0.18086903345372157,1.0,82240,16000,ae0038ca5b22e93290353040c011e89fe5c2646e8af99ff94fc338ded39e1539,cd58beb9c8bacd02b5c67f7be9ed58b3d540863af8a1ff68b6af93772997b6d0
415,8463-294825-0007,8463/294825/8463-294825-0007.flac,music/fma/music-fma-0072.wav,250129,10.0,False,0.14611872266476236,1.0,336800,16000,67d1d92d22e557dfadbacf5bfb3665a986e0272fc2b9dae9121ad63471865d71,4863bde8c08fa9f4b41dbd794a2a5dba9cf86626982b5d8c035ec5d2cf95e91f
416,2094-142345-0007,2094/142345/2094-142345-0007.flac,music/fma-western-art/music-fma-wa-0035.wav,2528142,-5.0,False,2.546271682486185,0.9369988405872973,43200,16000,9324ed492f94624336735adf96a8f39ce76fa1db3ef25282051c093791c83fa6,0e95cb81d09c8a2f3360dfd8b34bf4b035fbe9e6087f215df70192083fae2352
417,3575-170457-0039,3575/170457/3575-170457-0039.flac,music/jamendo/music-jamendo-0108.wav,3384423,0.0,False,0.3193795541378248,1.0,203520,16000,af852a3d7f1358a194cd937bf43c184b5332bdfbfeecdbd0ff6dfa20bb1e5f80,022554cdfb391b969690599f88070d5dbc3c20ba99a890fae445154c350167db
418,2961-960-0020,2961/960/2961-960-0020.flac,music/hd-classical/music-hd-0024.wav,737995,5.0,False,0.34861788475621996,1.0,158080,16000,a7d2cc702796c2dc4b1acbae254f62f48a8e16c566896116c7432bc7e896c3db,ce5d74728e6e1a5341c0bdc597306467c299dd75041db00ed3af955b55bbe398
419,4077-13751-0018,4077/13751/4077-13751-0018.flac,music/fma/music-fma-0051.wav,3496886,10.0,False,0.7204961617894792,1.0,417840,16000,c1d28a30d6c3d98cae82cabd29eb7d22ff0543e20cb736f1e8893376006dd88e,9e86ce9c014d7960c59ae3a62e4f1ac339aabe4f7d7698d20b99adf12ad395e3
420,6829-68769-0023,6829/68769/6829-68769-0023.flac,music/rfm/music-rfm-0080.wav,2112965,-5.0,False,0.8619373663128198,1.0,78240,16000,0a4bb463cb8b87bef54054f65bb8b6b6cab2fc883ca7cf77e23b468dd39d50c3,b8d34ed4889d3884dd737dbd2f0918e6c4f14e64351ebe70a720c8e1fab00bd9
421,1284-1180-0015,1284/1180/1284-1180-0015.flac,music/jamendo/music-jamendo-0191.wav,878554,0.0,False,0.5251330644834452,1.0,93360,16000,de6992867c6508be09f1e6558d36d5aea697db6767f9a3eb92426eb8fafd4961,7d4d129ef7c1a9af661ce02259101e8684a21254d2ef674c0fc197a77ba445f9
422,3729-6852-0032,3729/6852/3729-6852-0032.flac,music/rfm/music-rfm-0124.wav,41926,5.0,False,0.11719858251931002,1.0,218240,16000,a03720a76a38e635552f38f9589874f62b3001d4adf35fdb7874b57f2f7cb7b9,ba76aea2365b3b9e863e29c5f1c357ac24f7868db075970eda4b75bbd7a06a54
423,7021-85628-0024,7021/85628/7021-85628-0024.flac,music/rfm/music-rfm-0009.wav,1791776,10.0,False,0.08740478652334924,1.0,34640,16000,dc82d15c687b36434ab9671525fea1b4e8018f748ed98f3ada896ce1c8af6324,6aa6e0534cdf32bca4b1ad6a9b4c8cdbdc1729288eb23779eff603053651c2a3
424,1284-1181-0012,1284/1181/1284-1181-0012.flac,music/jamendo/music-jamendo-0078.wav,2178552,-5.0,False,0.5463158306458247,1.0,136160,16000,c659f4bcb274567a058cbac658b1678f3a7a64f12bafaf175622da6b172d2c4f,ecd6dc00219777189d6c34a7d8a590cd88cb58615efd307a7d83ebce191e91d7
425,121-127105-0000,121/127105/121-127105-0000.flac,music/rfm/music-rfm-0026.wav,1483975,0.0,False,0.20383519934639963,1.0,158000,16000,a1ed7d241c2661ed6ce79ab6c791bdcefc9ea6b67236652efd1080fe48cb229e,89059adcbe4947e604d2a9184e873c106b1d8c97ca90ce0203a78b5c8f1e746c
426,2830-3980-0070,2830/3980/2830-3980-0070.flac,music/hd-classical/music-hd-0046.wav,829405,5.0,False,0.2253867619216194,1.0,59680,16000,5c84f7c5ccfd491a93e361ca088b3997d765fdc15e84200de125cdf0632f3142,1e615c01254af24a81cca599954a095c10c6c052b2c243a057e4d858478cf7d6
427,1995-1837-0014,1995/1837/1995-1837-0014.flac,music/rfm/music-rfm-0007.wav,1489544,10.0,False,1.8977180573149108,1.0,199360,16000,cec91b0a8760205badcfd32d53f3c9c2d66cfdf907916cefa36fc26c8f34b757,cf1ed32c181200f251c491e9ed2e668ceec3920e90e3dfa0b9c35aa34a5f134c
428,1221-135767-0018,1221/135767/1221-135767-0018.flac,music/fma-western-art/music-fma-wa-0087.wav,1057690,-5.0,False,0.5504853547236218,1.0,178560,16000,0dfdfae668ad02960d9d8df6d99a1d172e0dc2f7e80aa601d67269f30f11504e,623e56676c72e0a61e482ba8578051100ff91b70133ed53070039aaeb8575a19
429,1089-134686-0016,1089/134686/1089-134686-0016.flac,music/rfm/music-rfm-0036.wav,3239233,0.0,False,0.20481062045400264,1.0,56640,16000,54fa9c1671887053aa4398e0fb92d16886c27b155e50c0f71146a37c9f38c37d,39c15c97a19d1b23c4c86e28a3d1c7cdb50d9b33e6da57c773d6599daa9a0259
430,1580-141084-0028,1580/141084/1580-141084-0028.flac,music/fma/music-fma-0066.wav,376489,5.0,False,0.05359768732142691,1.0,42480,16000,143f2b92b4ae99ec6c3a659f0f2627b6c2dc1dd2abf76a4ea2fd1faeac50353a,87431fabbc0817d87f43c2db5bfa79f8158577f8cc0f548277e3a66b41cf92e9
431,1580-141083-0030,1580/141083/1580-141083-0030.flac,music/fma/music-fma-0107.wav,1905058,10.0,False,0.06589072005635506,1.0,55680,16000,bd24eca5fb7bae7e8a3dc72564571f9ccd240b192ec22600dcb0ace8fc1c7b17,1ef0ed5b5e580e14110808c0886c1ea8a972a2f51770025e245ca83a6c4307bf
432,1320-122617-0005,1320/122617/1320-122617-0005.flac,music/jamendo/music-jamendo-0055.wav,2932877,-5.0,False,1.1875399295165074,1.0,70400,16000,7d356eb64f0503255847f7bc5f1e240c2ab8d7b921e348e438cc876514d74946,03284791e45840052a10c927aa6f04a3ba47d592c40644c2cab6ed987fc4b762
433,2094-142345-0010,2094/142345/2094-142345-0010.flac,music/fma-western-art/music-fma-wa-0037.wav,586967,0.0,False,0.6652374426275881,1.0,489840,16000,dcd44466a6f9561dda10101f6ff946de6778735ec20cb5ac6fc54f08b3e51f65,a8bae47e6588412569334cb1a292caa3b068dc2fafd3acc05cc3d817820ff249
434,3575-170457-0004,3575/170457/3575-170457-0004.flac,music/hd-classical/music-hd-0069.wav,1873006,5.0,False,0.43740123227130473,1.0,49680,16000,3d94c49b751fac03c85fa3156411d74942c6834a9bd78b39abb1578ac96bc559,9d4fefb098621526a398207edb1228f3ce255c7aa6bd54ff4c792d796d2120a5
435,61-70968-0055,61/70968/61-70968-0055.flac,music/rfm/music-rfm-0095.wav,1969330,10.0,False,0.07103663354653174,1.0,63440,16000,b9734d146511c648889a14fa1ddd092974fb33c472c5dd15eee5cc979130915a,e31b57257fd2b87deeb31ab6bae2f9dec94769e63cefc8458b37322c4ff1413a
436,7176-92135-0037,7176/92135/7176-92135-0037.flac,music/fma/music-fma-0015.wav,4510874,-5.0,False,0.7676901576463652,1.0,45760,16000,42a616264ca271dff3cb7e774e2eb9fc34edf7d328b57dd694feaa2496a01281,1d129db2ebaeff987efc931eb1883271b5416b9d384c30531e19875e1a0c19ca
437,260-123288-0019,260/123288/260-123288-0019.flac,music/rfm/music-rfm-0088.wav,2636729,0.0,False,20.801097964935707,1.0,47280,16000,7d0c598b2a2ba74af73d2263ad793e26c818bc2a3467012d3020eeddc9154bd9,47dafe7d12d4a8be5d327bcb9b2e7063647a3fbdd221de4ae3dedd14eb338030
438,4446-2275-0013,4446/2275/4446-2275-0013.flac,music/jamendo/music-jamendo-0012.wav,1603224,5.0,False,0.0848310129328579,1.0,58400,16000,6bb6a0c569f465d1d52f9ebf108609abc128a6af93d0dede64a6ea5a1c1bdb30,4f1068d32b09967ffc4a000ceddf9b47f0f9486c63a4b21bd97f8375edbfe05f
439,7729-102255-0032,7729/102255/7729-102255-0032.flac,music/jamendo/music-jamendo-0073.wav,2404530,10.0,False,0.10782025225513742,1.0,324480,16000,93f09f1d991d0948d303ad18b29ab103457860309df95d6d6548259665e8cf99,2703cc5e680c002b37de696cc207d9e5d52584e4e98eea89d475d7c99cb3ac6e
440,8463-294825-0001,8463/294825/8463-294825-0001.flac,music/jamendo/music-jamendo-0050.wav,3121557,-5.0,False,0.6877222080719683,1.0,124880,16000,e5ff3f29842e4a5dd2ef6d4a1c6ebbd3970048e64e6c31dd80279d510975f312,040c80a60af66d6f32472d24f7443284dce23efaf7fa3fae574bfad161b687ba
441,8555-292519-0015,8555/292519/8555-292519-0015.flac,music/jamendo/music-jamendo-0213.wav,1102337,0.0,False,0.703467145982571,1.0,45600,16000,e474dc458a71feca730b64ddc3be9205eb0cf092bf1e8189ff7266adf07dde4a,75727a4b2514c6230cf80ed8244f8c70b5afcad7e426ec3bba23a87819c1deb2
442,1284-1181-0014,1284/1181/1284-1181-0014.flac,music/rfm/music-rfm-0051.wav,2935469,5.0,False,0.11380670513305027,1.0,126720,16000,ca4d2e7b48a6aab5524aa4b07be6dca4ba156d619825ff787d2edced1be5cb5d,4fe4ebcdaae7e974148f4f262f5d14d40660f0a77b2143d595d585a34fb5d552
443,61-70970-0036,61/70970/61-70970-0036.flac,music/jamendo/music-jamendo-0093.wav,1183836,10.0,False,0.09631156898387311,1.0,108560,16000,00e966345f6d60284a642e762c48a6b32cc621f44c02c923002166d17047c0dc,532035423121ea0aec6a18600a9d8a11f454e5347b8b0e85bc79aac0663d0668
444,4077-13751-0016,4077/13751/4077-13751-0016.flac,music/fma/music-fma-0086.wav,1174870,-5.0,False,0.8469782786231503,0.8634041532118046,232240,16000,871dfe0fd79d83d4b689154219bd00718fdc2d5e6c3ee6312feedad5bc429977,d8c0b3774019602dcbde90637a3b88d70643d2e3c06524f5cf6842123295e9b2
445,3570-5694-0004,3570/5694/3570-5694-0004.flac,music/fma/music-fma-0038.wav,3026404,0.0,False,0.3911588846994411,1.0,85280,16000,4e8592f40efe15c0223fb029f9c171a361d536d6cba12190efec3d77dece2f93,1782587d84bb6582576ca4e86fa753bee780bc4a109b3b0b2c4df5a988cb3214
446,2300-131720-0035,2300/131720/2300-131720-0035.flac,music/fma-western-art/music-fma-wa-0059.wav,1690844,5.0,False,0.25377762531235,1.0,407840,16000,85c1a33f8fcbfcc212b773c894f44074697196e65e13248e1c973858041309e3,e2f80b3cfe4ea88d809da631e4d66d3f42c8d478c1fdb2d442f46eb988220e40
447,3729-6852-0031,3729/6852/3729-6852-0031.flac,music/jamendo/music-jamendo-0118.wav,1493981,10.0,False,0.08366784554798126,1.0,70400,16000,fe71a069125ddc02035fa05c49056babce2812995a45bc592938fa3a8807d5dc,b5f56c89d4161286e18942795d7c22ed36b3a4a67a5c7af611771d244c729259
448,121-121726-0000,121/121726/121-121726-0000.flac,music/jamendo/music-jamendo-0201.wav,1700089,-5.0,False,0.8470170403278701,1.0,135360,16000,3b046c957d3014ff744d589229e81112366a4912c59deaf00b8e816621db120f,6313659942e89ad33a8853fda831dc48421ca8f5917892c79f465dd930023382
449,237-126133-0009,237/126133/237-126133-0009.flac,music/rfm/music-rfm-0066.wav,174244,0.0,False,0.158190618342245,1.0,63520,16000,04edf9c5b8619b2eef9212528e1dff1cb20c887d7ad1cf3f358ca27d6889d0d9,e6cee1019ee6e8db38d8fd6ce75e174d6f1cf93ac6badab184320a3e21a520c2
450,1580-141083-0041,1580/141083/1580-141083-0041.flac,music/jamendo/music-jamendo-0008.wav,5676263,5.0,False,0.11152192636544835,1.0,57200,16000,0faf3dce14b13d4009729788e9b6a7d81e6cf14155a99b16ce32c728a3345175,94d5d42b441706a5685f4733b5e1cd94aa403d7d82abf30a1a1388e090edf326
451,1188-133604-0010,1188/133604/1188-133604-0010.flac,music/rfm/music-rfm-0041.wav,860868,10.0,False,0.09078472174140838,1.0,97520,16000,f0ba1d597a718a89e2906bd2173cf77d968efe5deee9248bd7cd71debafc3194,872535ae7f8e36ebc0e45348f6b9fed435caa1e818e1bd12fd88233dd5ed4ff0
452,1089-134686-0029,1089/134686/1089-134686-0029.flac,music/rfm/music-rfm-0066.wav,61030,-5.0,False,0.46507041747028993,1.0,74720,16000,aaa314e0c14cd565d9d5b760850cd062f8e5cf6a2d2fda21e94ebca040b55573,9bdb5bd0e6cef8bd72d5302b078fd393c503f5ba4bf4095e48ddd0a9c35fcb27
453,5683-32865-0013,5683/32865/5683-32865-0013.flac,music/fma/music-fma-0086.wav,1968154,0.0,False,0.3558647095292454,1.0,113520,16000,ba681502c7b81a275ec2d9d330241f67eabd460ce94fd75e1f38023d1aa7f46f,110d12077c0574950dec16b4fa75de8c73e868c8b2dea62887e155a424067160
454,1995-1826-0008,1995/1826/1995-1826-0008.flac,music/rfm/music-rfm-0038.wav,3022764,5.0,False,0.12813019293893033,1.0,46320,16000,f449c1ad9a106c2ef3849e268b00c68202c7b3143ef795632a55e15ae19355bd,73bdebf955b2a7fe58f2a04a5d66c80f89b652776a515d0def1a3678db868277
455,2094-142345-0030,2094/142345/2094-142345-0030.flac,music/fma/music-fma-0042.wav,242492,10.0,False,0.19473125303426772,1.0,257920,16000,8fbc9907fd23c10fe117916829448e22119c4731dfe5768546f4121bc006a2b4,cfbb603c4fd654d51e24d9bd5c7274f78f437d520cd6e200248f54d26dadb02c
456,1221-135767-0005,1221/135767/1221-135767-0005.flac,music/fma/music-fma-0015.wav,2958346,-5.0,False,1.093051424859628,1.0,93840,16000,6bcbe8610dad422483ac9aa7fdcec58a77e0b48f960ae7653f2e880d54607d24,f6ef46d992fdd95679e0ec53ba5b337cadbcf78b48e604f904a843c61c47ef44
457,4446-2271-0016,4446/2271/4446-2271-0016.flac,music/rfm/music-rfm-0127.wav,1288089,0.0,False,0.2096104668476675,1.0,163280,16000,5f38066c438d9d36afe087fb45a9dabbdcde8ea6ce8b0bd3fc00f448b7bf5d1c,9e996ade549211c0d1f2bbcc6aa8a13ade4767b8172ad3ddc58e0881d58f40ca
458,4446-2275-0018,4446/2275/4446-2275-0018.flac,music/rfm/music-rfm-0033.wav,506213,5.0,False,0.2409744663946999,1.0,37040,16000,29b0ea01c5cf044c7db6a2ccaaee8e5079054258ca516a21acf81ef9a6ce0288,dec3036fbce63ba7e65ba0b1213a8600383b4bb534b781f01bae49808b4eb592
459,7127-75947-0002,7127/75947/7127-75947-0002.flac,music/rfm/music-rfm-0052.wav,52467,10.0,False,0.04143727433231114,1.0,51760,16000,296cb77782d0ab8ff8d0bbd270196e04c4cc5492824e17c148256f026628db1f,885f22efdb39c8c2083c61196835cdf4598af3d31d3f1f3de03d6e30663c55f4
460,8230-279154-0003,8230/279154/8230-279154-0003.flac,music/fma/music-fma-0041.wav,2368651,-5.0,False,0.7605630328819734,1.0,51120,16000,e40e72bf4ed32eee03a37b43cf2e3f3476150b4e9345da908f6924ebafa13b32,24f05ab91b717fbf973b1b701c140a19a06aff9359d329cfaf8f62dea4dada64
461,2961-961-0008,2961/961/2961-961-0008.flac,music/jamendo/music-jamendo-0001.wav,2768067,0.0,False,0.1937532136251705,1.0,114480,16000,ec2002accb46cc9519066acfbe020251955a7f138c06693a226545ef1bb975c0,3cf1d92a76e95181654815ab3f615afa64c63f4d5a6c0fe733d94c3b43199082
462,7729-102255-0004,7729/102255/7729-102255-0004.flac,music/hd-classical/music-hd-0003.wav,983784,5.0,False,0.23559418654575484,1.0,322480,16000,fcd4496cbf4853ec0fd8e48b79b549719bd5e60c275bbb11338f75c242ad7497,6b189a5855b4685c1d48ef58034323332a55cecc28bbd9fd2a38d626374e8eac
463,5683-32866-0017,5683/32866/5683-32866-0017.flac,music/jamendo/music-jamendo-0087.wav,2091927,10.0,False,0.17278971877708402,1.0,73360,16000,f77985f912c9dd86cd86fe9b36b124dd8a266186f8861df454cdf8ab1f39af8f,53963e1caba35d65278dacef505fb159986da4120dedb392089dc39d97197d99
464,8455-210777-0017,8455/210777/8455-210777-0017.flac,music/hd-classical/music-hd-0050.wav,1231442,-5.0,False,1.043548913539622,0.894766247015685,85281,16000,58cd45b10a3da70c0d4fc8d22d061abbf7fc2a70526a6d307112aebf2d4b1fdd,0df290456bea9543288c9ea342f430f30052ac85a62e050f4dcb595e36589d7b
465,5142-33396-0049,5142/33396/5142-33396-0049.flac,music/fma/music-fma-0078.wav,155852,0.0,False,0.168254633281764,1.0,52880,16000,c31b5d9381dbb72f215ebd1261927665844adf8f57f0cd67ed786d5250e16de3,5d46fd5afe4d93ce6af57f9127cd5ec07edbf4975a27d24e2c473c2082775d77
466,2961-961-0020,2961/961/2961-961-0020.flac,music/fma/music-fma-0058.wav,1963806,5.0,False,0.14492926886159968,1.0,98000,16000,f7901eec19b3c92d1eb06443b6e8c56713d3ec02ee01cd31f18654de7638dd7a,18056c5ecdfdef5b29267762329a37bfe246a4d11961873f4e52869e332853a2
467,237-134493-0004,237/134493/237-134493-0004.flac,music/jamendo/music-jamendo-0019.wav,364641,10.0,False,0.1617087022462361,1.0,109200,16000,2b529c59b12ea835b0a7eeb2e65392fc795cf92a3be5725d5fc1200e97984732,3fd5b40a40d96c311430ee0523c73d75313fb92c467cc81278a95cf50675c1c6
468,2830-3980-0012,2830/3980/2830-3980-0012.flac,music/hd-classical/music-hd-0072.wav,457973,-5.0,False,0.722571820267277,1.0,54720,16000,aec2227b3d201a75bff15d80c7cd08b3f1efa605e5e0307f92d3a53875a0e89b,55ff5b5eb812b96bb4acff27557d9c318cdd811b3d9b5c03599eb62d41460476
469,8230-279154-0008,8230/279154/8230-279154-0008.flac,music/rfm/music-rfm-0094.wav,1859019,0.0,False,0.2874629701492394,1.0,57920,16000,d83f3c611aacfbf204088c80ad15910eb34563ce267d874350e877ca40d5361d,f73f25a9389b2b5193e4125002754a23a0302b1edee1426cac583cd1220ffa9f
470,237-126133-0007,237/126133/237-126133-0007.flac,music/rfm/music-rfm-0025.wav,24942,5.0,False,0.10260890827537635,1.0,138880,16000,1ebab50cf5738652951e0215dae70add08d73f0a44884b5f1b166b257f6f25bf,20f1020716233305c0d7253f1bc45f9719d350823bbe3eb1aebbb01c4d36190c
471,4446-2275-0016,4446/2275/4446-2275-0016.flac,music/fma/music-fma-0064.wav,113893,10.0,False,0.4641873267121661,1.0,116800,16000,df91a4c59c109374aa09852418cf44224c783b29daa5d5032314c8ffa47ecf0c,b2012d1ea7a95f64d4989be9ecf15e9c067359c5464db5fc5dec8700151f0d7b
472,2094-142345-0050,2094/142345/2094-142345-0050.flac,music/jamendo/music-jamendo-0137.wav,3124002,-5.0,False,0.2788293384365343,1.0,64720,16000,ca2b46c3ff9bf4154cadea24598d3a1a3905437d8771ca3e37cacad1e296a061,9efd156f155cd9b2c976d35f05f1f4cd15213a566d7fe0ae629fb54d18a059d8
473,4507-16021-0057,4507/16021/4507-16021-0057.flac,music/jamendo/music-jamendo-0117.wav,681418,0.0,False,0.07223807809270319,1.0,73760,16000,f5d6eb7d2a8c5bdf6e18d00be537eb3238054b3072a931d5fb36f9b38e30bfc5,eefbb9e7533036587022229984e7833c8a7f26e36ce020d5cb60d521897cbabb
474,3575-170457-0041,3575/170457/3575-170457-0041.flac,music/rfm/music-rfm-0004.wav,145117,5.0,False,0.38018869913775305,1.0,224160,16000,7782664a75595774a69c8340daf016c8bce50aa4c406f8bcadc2352434abde1e,0409e45f15475d3dd2c909896586502a6d784fdab0489957af120821d313ea34
475,3729-6852-0001,3729/6852/3729-6852-0001.flac,music/fma-western-art/music-fma-wa-0063.wav,1736591,10.0,False,0.15434853190721196,1.0,195120,16000,96f7a8f8fdae99101677f05126fa6c57a258951bf465e8c7a5ef97399364b4a0,7e3503ab3edf2ca11dca19b7be831eccef51f5f7af5e2ffc64ad78601f6926f4
476,3575-170457-0046,3575/170457/3575-170457-0046.flac,music/jamendo/music-jamendo-0048.wav,4327858,-5.0,False,0.7135891997088318,1.0,410240,16000,a45a955c2e71d462d336522f53e59dd9c6755e138d30cd22e2062920c0ab2828,b3718b3e22c40c6ef89e84cddcfaef0472f7851e5f081b7da16492ac71676ec4
477,908-157963-0017,908/157963/908-157963-0017.flac,music/jamendo/music-jamendo-0027.wav,1191978,0.0,False,0.351398678219006,1.0,79200,16000,b3b2af1b8e027de92ed41a2412f8f90f5ea329ec0e3af308aff6967afd041828,c7dbf0a6ed226f34f5af934478118df8bcacf6ffec9230484420ba95905e05eb
478,8463-294828-0029,8463/294828/8463-294828-0029.flac,music/rfm/music-rfm-0061.wav,1559085,5.0,False,0.21800697299838878,1.0,84560,16000,b4b4f47e38507e64e1cee7782c645396821747e410e2ddf4a9fe6794d4dc1b1a,2d8f39b0348b60a06628cf619b7afe1eb609f1584c7a363f68c988915a7a8dfe
479,8455-210777-0038,8455/210777/8455-210777-0038.flac,music/jamendo/music-jamendo-0008.wav,2206755,10.0,False,0.15043003510981087,1.0,160480,16000,a6a9c14ebc0362a0bfbcf57e44e7f011efca76683cb01449388199ebf995dacb,b9914149c74880106ec9c64ca91327348fdccc351c4f43edc94a89c454e64bf5
480,7176-88083-0011,7176/88083/7176-88083-0011.flac,music/rfm/music-rfm-0063.wav,321721,-5.0,False,0.8256739745942114,0.8769218663380607,160960,16000,40c54d0293676faa350fe1b51f285eb5a9950c50d29391d9aea509359798ff81,290c89c353644db95f8fbc7ec5ccece2247a391a2177d403c07b3cb85b9b8ba5
481,260-123440-0014,260/123440/260-123440-0014.flac,music/rfm/music-rfm-0127.wav,366951,0.0,False,0.3020056519201556,1.0,61040,16000,d608fb023d98946fd5525826c54a7963fc92150c58108b41b806f01f6d8cea12,849b76089a252353f40baec7b4710950c5c9f0d654505baba8dcbf5eeec2c02e
482,6829-68771-0012,6829/68771/6829-68771-0012.flac,music/hd-classical/music-hd-0050.wav,1929763,5.0,False,0.2871328394628082,1.0,199520,16000,3c77b3e4a695c00934e384727685dffbf652553f5f0a3ade1ab62a8c5cac2fdf,c023e18fad9f84bab878d86c8d09451522288b69e2e490cf6e60767c0fc89d8e
483,7176-92135-0038,7176/92135/7176-92135-0038.flac,music/rfm/music-rfm-0029.wav,3204921,10.0,False,0.13582225213106447,1.0,147280,16000,8de11e0cd91667672e37d9a6d9ef597d2d27e04b16b0e05d994dcd2b9175327f,0c145cc3bdf1971fb0b1ee122e6b3914719bcc3fa217ae3991f7105ce85e0df3
484,2300-131720-0025,2300/131720/2300-131720-0025.flac,music/rfm/music-rfm-0013.wav,1165814,-5.0,False,0.7985939740942481,1.0,244480,16000,da83a9efa4dddec6c891217f4394a47772b7ee071823491317c104a1fa93437b,21409303ada723a6fb4e5d61a6592003b850aef6597369e177b6438ab01db2c4
485,8463-294825-0010,8463/294825/8463-294825-0010.flac,music/fma/music-fma-0014.wav,501867,0.0,False,0.24394085561888515,1.0,73281,16000,8dc1c2d340bb4816bdff8b58a6a1667f0d4c102b641d9be6f9af1fafe24d7d07,7eecc1e631cbaa2337f2ef92d4d18187ffbfa6faa12f076d155ed0285c35bb23
486,8224-274384-0003,8224/274384/8224-274384-0003.flac,music/jamendo/music-jamendo-0001.wav,96028,5.0,False,1.7516998465212694,1.0,61920,16000,137c40b034f05d363fb741718a410430dabdf8920aee8de022d14675724c3d27,a8da9418696141d07f7117f3db198779c8f18e366b96bebb81c57360f9c507de
487,5683-32879-0015,5683/32879/5683-32879-0015.flac,music/rfm/music-rfm-0005.wav,2953024,10.0,False,0.04202764183673292,1.0,32160,16000,2dfed726f602b9c2d38580cb1b86479a82ee8b28a799291fa7650f58661530d6,b51b67b4e90c8cf28d813a0591448e451c84113749cb0b8c846984197a31cca6
488,1320-122617-0000,1320/122617/1320-122617-0000.flac,music/jamendo/music-jamendo-0094.wav,192268,-5.0,False,0.42271593454723044,1.0,125360,16000,27e4cf2998ad8b13279721d2d5e21c6a2f9c232b4882a75f7857f760a6899453,6505f5f8433a5fb72d6dd729fa9e731310fbf7ca651b96643881fbc2bf0bde9a
489,1188-133604-0041,1188/133604/1188-133604-0041.flac,music/fma-western-art/music-fma-wa-0059.wav,1459132,0.0,False,0.37930799170011914,1.0,161120,16000,a634278b2bb780b68e61d37376d8ad0a4e69eb04ccdf271fb2c5770e8bf06090,50edf09e8aabc5928d51f0a138e6dc533d3de7bbbcb6bf7e9bdc232796d6fd61
490,2961-961-0019,2961/961/2961-961-0019.flac,music/hd-classical/music-hd-0017.wav,66989,5.0,False,0.2338899402817029,1.0,196080,16000,bd29ea01a4641a1e7a2f2142ecf12b448fa63e8147129dc9da00badee75d289c,5eaa4748c250e8add6ea89d94e043331422eee38353c4196a2b3518718c96c3e
491,6829-68769-0018,6829/68769/6829-68769-0018.flac,music/hd-classical/music-hd-0060.wav,83938,10.0,False,0.48934500418439925,1.0,113760,16000,00a9b5bca31a9ef24d5b0b6db149a9b2a82f238013dec8d9a5808030dd3aac0b,e53ea4fe791c51a346447dac9133bbf994c6e03d966a5f462c273351ef91af5e
492,3575-170457-0008,3575/170457/3575-170457-0008.flac,music/hd-classical/music-hd-0019.wav,493890,-5.0,False,0.842666717419561,1.0,216880,16000,f4bca312766e932252c9f2987e79fa4af25e411f10ef4781c5a0e4eb81ec3f96,e67cd7db16e31a149114d2db5be55ee479c94ca1a41143dc964573fae9f45d0d
493,1320-122617-0013,1320/122617/1320-122617-0013.flac,music/jamendo/music-jamendo-0144.wav,261391,0.0,False,0.20952516865052337,1.0,172080,16000,5036dd3b37c00be6d54a849b729cab6884a1bed5db7978312f6bc2fcd49b3c38,67c9ea332ae16c077f1253f380e3e1e45d02ee1d332a19642ad8c9959448242a
494,5142-33396-0017,5142/33396/5142-33396-0017.flac,music/fma-western-art/music-fma-wa-0051.wav,701046,5.0,False,0.29174844912401804,1.0,42160,16000,5ba9c766053a87cbbb544df88e95ec5a9fae2ad85488c29bc3131e0512d6dcea,81368993fea787ba5ad27f7c74a346bd7dcd65afbb7c3992005fa233cf76b984
495,260-123288-0001,260/123288/260-123288-0001.flac,music/jamendo/music-jamendo-0137.wav,2623350,10.0,False,0.06050295056702651,1.0,81280,16000,4539fcf2e6c4154c4dec46fc6f6045dee39f9b35b4d49058a6ecfe9a1969fdad,4c76835889535b85f92804eceac6188d1d1e9248090d79aa43f694f5e7c1221a
496,4077-13751-0007,4077/13751/4077-13751-0007.flac,music/fma-western-art/music-fma-wa-0036.wav,2760063,-5.0,False,1.028384884575363,1.0,275520,16000,8f9b51a05ec963d6f53ecd12ebe9f92532700fe9dc531d8e3e9cb924ec2daaed,2580098064dbbe2b426acccae908bd110218d69f8aaeaa0d6ce74d4505e5c016
497,908-157963-0010,908/157963/908-157963-0010.flac,music/fma-western-art/music-fma-wa-0065.wav,7695147,0.0,False,0.6122246100401847,1.0,100480,16000,8fcdc7c4a94dd5403ee56b74ad305d5f2946cb1a7cc91103729d16151238182e,f810791e8a938e9cb73f57ebaf3621a3f625bf59634bf282aceea6764376c428
498,4446-2273-0027,4446/2273/4446-2273-0027.flac,music/jamendo/music-jamendo-0024.wav,196939,5.0,False,0.09153586520294832,1.0,60160,16000,5edc83d3593ffe530e4f893c947ede1e2cb1e9e79e87471a4e3f1610e5070d51,2859cbbf00c56d7b3404708d21a014b68d88e7e01d73a11a43aa81939bafd8d6
499,6930-76324-0010,6930/76324/6930-76324-0010.flac,music/rfm/music-rfm-0012.wav,3567912,10.0,False,0.27186307221221084,1.0,43040,16000,8f3518c80a85cef01a523aa73c1df41f63c0cd87e78893187805cf0808b5a247,37f04098ed284aaa7e8e902720a0473d70644e4b4f517cbe01abbab6c982de21
500,7127-75947-0032,7127/75947/7127-75947-0032.flac,music/fma/music-fma-0120.wav,2976207,-5.0,False,0.3088667781321017,1.0,75920,16000,513e1fc9e409f8e9938d6cbcb221a22652c94596b45467523b00a0432d5cb974,efef538de81b06410b4e27a117e7efd040490bb77ad91dcad7478b549cc22d9e
501,7021-79730-0004,7021/79730/7021-79730-0004.flac,music/jamendo/music-jamendo-0127.wav,289041,0.0,False,0.32051485238243493,1.0,287120,16000,afe0727aa74c4c9ca7facd91d64166d17102738e2a30157d2ccdfde20c1642d5,9425764195fc2992f6c4838d297af6c30e69e48b4d619ddacc54f19952a5e150
502,5639-40744-0015,5639/40744/5639-40744-0015.flac,music/fma/music-fma-0068.wav,120961,5.0,False,0.09034764101503724,1.0,176320,16000,02957940159c7db02f4d45a465e1e259a0476c514768b5c097a041b510792b6c,528345f2b6f689474d52ffe64003b71b437284d6c9fe1ea0c1c08b4479bf5066
503,8555-284447-0020,8555/284447/8555-284447-0020.flac,music/fma-western-art/music-fma-wa-0044.wav,8089386,10.0,False,0.7737859848070044,1.0,65440,16000,ae67bae3626343fc07993c95e36c86dcf02725aba4f1dd7db32757f46c30828b,16fe13ac03c53816190f23674edd8de3b4a78415bc1330b7bb689e06fa628871
504,1580-141084-0001,1580/141084/1580-141084-0001.flac,music/hd-classical/music-hd-0042.wav,455559,-5.0,False,0.3575536787065713,1.0,52240,16000,b9e6e6a0f716884b0ab6c8fb555df7f6033b995fda603e1d8eb206594773c9d7,4063588cf242e962d707fde2bd316a3e68d66125304a4a89d489dd58343531ce
505,2961-960-0002,2961/960/2961-960-0002.flac,music/jamendo/music-jamendo-0099.wav,225307,0.0,False,0.31986758635519946,1.0,245600,16000,596a7030a831100519501dee0d400405e2b25197343c4df2826e80f6a3ab71cd,f5b57efc05e2f184da2c1e30e7be43c858d17e5b2615cd95fc6551900f6e75d2
506,1284-1180-0014,1284/1180/1284-1180-0014.flac,music/fma-western-art/music-fma-wa-0006.wav,1624530,5.0,False,0.1932816009815074,1.0,58640,16000,77dd3ba0722eb440bc35b5645d926392a244e9c715465ecd8364b75e8e61c917,8b82a718bbe896969eec8b29b72d4291c59739f0e1aca5369a1cb74d1a7f333f
507,61-70970-0011,61/70970/61-70970-0011.flac,music/rfm/music-rfm-0064.wav,2243658,10.0,False,0.10947515092797451,1.0,97200,16000,4ce7e9dc53ed2476bf0f1b8f9a103b82fa4d8f3136e2d027426d90d1e6cb5fb4,2af603b18b3a13ebabda0f380b590de97956b519e8db4d0abb645e01e6169394
508,2830-3980-0075,2830/3980/2830-3980-0075.flac,music/fma/music-fma-0085.wav,795743,-5.0,False,0.5091129394618303,1.0,92640,16000,54aac1f200253ba0d4db32f72787e95cf24e23a78beb08d3d5c10389ef714fa7,ccbcd00a96e70724b899943e4275be54fd29c7ba35a3711a6ee824da61d20551
509,260-123288-0000,260/123288/260-123288-0000.flac,music/rfm/music-rfm-0146.wav,1240341,0.0,False,0.24414359374885405,1.0,48640,16000,c00a83738a30d886f6b8e94dd18fc23a790b692ecd9cc059811d06e96770de9c,6c01d78f393ad9175b6f9e6e04b7065e17cf8d13566592a6a4b4a7cb3b46c310
510,2830-3980-0039,2830/3980/2830-3980-0039.flac,music/fma-western-art/music-fma-wa-0087.wav,1789597,5.0,False,0.4651290151891187,1.0,83120,16000,ea7767838e39aaf4dc085d700e093a53ad78e62cc6334f322f294d8cb638494d,df5d0cbed2b692deb3f475aa86ce0e9297582b47e82c54e00f0702cc1a01b299
511,1995-1837-0026,1995/1837/1995-1837-0026.flac,music/rfm/music-rfm-0010.wav,600499,10.0,False,0.37438060045100674,1.0,129520,16000,07330e3bfa04b812db412c754e5db67b6fae62ee910dd6bce5f1c4a4767f12ae,2fd8f3ac42ed05e629b948419d91b59784ea3eed077017b5adcc64a3b80ba206
512,6829-68769-0049,6829/68769/6829-68769-0049.flac,music/hd-classical/music-hd-0049.wav,1776161,-5.0,False,0.7979534650302432,1.0,118400,16000,edfcd4938569497bd138ac261e15d440548b5e424a0dfb07eece37ad0c2383a2,cc60a5737478479741b945609ce4f57f1b6c5344782282865b73f97c69eb6667
513,7127-75947-0035,7127/75947/7127-75947-0035.flac,music/jamendo/music-jamendo-0121.wav,1919515,0.0,False,0.4517023763245164,1.0,70640,16000,232ef9c8d0e4a31d7e61d29bb280ad3d034e698ed7d95e858f25e60fbcd7dd5e,5febae960d2ce016c215a8aad5fbaa39a0d238e7e9384f18208b26ba437512fd
514,61-70968-0031,61/70968/61-70968-0031.flac,music/jamendo/music-jamendo-0084.wav,1451035,5.0,False,0.0942681952572257,1.0,46800,16000,9d448f100c78ed193bb571b7140a405f960667705cc9a69a2779d697b48fc2e7,248158ca3a90331db98eb8e404ae3f29f298d5b283011524142df9203020b80f
515,7021-85628-0006,7021/85628/7021-85628-0006.flac,music/fma/music-fma-0057.wav,1315080,10.0,False,0.09718568397497818,1.0,57280,16000,f1011a8e45c1a81c6c09beee612c1b8ebaece55a6946b231cc188030156b8671,08cc1d3029bd4c988f3743acfd6ff5d16e3cedc547424ef50a020e560aa4825d
516,1284-1180-0024,1284/1180/1284-1180-0024.flac,music/fma/music-fma-0026.wav,4391553,-5.0,False,0.32603237780086664,1.0,84160,16000,f5b381b0bfb8346a3dec0ad737239130b79731baae00fbb62113c2b3e68ee9bb,d0eca775b7868a590e122316ed9fc14f63f6f242668871b0632a2dbe2600fa6d
517,8230-279154-0006,8230/279154/8230-279154-0006.flac,music/rfm/music-rfm-0080.wav,995852,0.0,False,0.32732481965322485,1.0,120160,16000,cb8baeed51f4362a3daf8a2f1d61402aa0abf65ae81ab6b1a4cb30d043fa8e01,28bfd4a838800f22a17fbb9a0f2f1ad55eb8f11d261340a9d49bd7a9acd1144b
518,908-31957-0015,908/31957/908-31957-0015.flac,music/jamendo/music-jamendo-0116.wav,3440395,5.0,False,0.10323263357908041,1.0,343440,16000,f0fa31ee1c1dbb6d861f53659d5f745d7f3f7c5f5366c9ce62c13e70a59ffda9,ca4c9c14c8f00cb344582b5bd3e9146186a757cccab2a4b8b9042d5851cdbd83
519,4446-2273-0025,4446/2273/4446-2273-0025.flac,music/rfm/music-rfm-0099.wav,257601,10.0,False,0.1694268963072516,1.0,77280,16000,13bec2b8ec290b5958321cdd3b94ed1280ceeb7eee547f20724111849c570720,7c5ba35578162c07352d269c258abaed0e2acbecc9e303aed6f77bab22740b4f
520,2094-142345-0036,2094/142345/2094-142345-0036.flac,music/fma-western-art/music-fma-wa-0061.wav,1100675,-5.0,False,0.7123947127433233,1.0,110640,16000,c9290abc4d47344b4ad1cd6fa6b56511a583b6d7cedba6c5a63a3a3b5d65478e,b14f20048ef00047785e79bf2e8e76a28fa9751b722352a5bda6ed46da1a9385
521,8224-274384-0010,8224/274384/8224-274384-0010.flac,music/jamendo/music-jamendo-0173.wav,1663538,0.0,False,0.175517364297644,1.0,233600,16000,d0e217c863924533f76f2a9b541c884c0c6fc6c17803b64f1e3583054553e3af,0dba097b23f4fc08a3b4709c38d7db034fc2ae7d6637fdfdac1622f555a46729
522,4446-2275-0021,4446/2275/4446-2275-0021.flac,music/fma/music-fma-0067.wav,2702330,5.0,False,0.05890231657340415,1.0,80800,16000,b86ebb67cf2cda3bcf27070f6eb46b9dea8029f20df0d84909211e3fde50e724,694332a92560cc754ca9118e9b89aba3f3f3a0e7e86fe26d68084e586b723326
523,7127-75947-0023,7127/75947/7127-75947-0023.flac,music/rfm/music-rfm-0026.wav,645877,10.0,False,0.09302872169250366,1.0,81760,16000,ea5c9ce6a7646b4c3ec0817fa15f3669f8d90a5719f267d85f870fc136e00396,25aff2a997c7a65368d24ce3b201bdcf20603be63712cd4a3a60662dc85303fb
524,8463-287645-0001,8463/287645/8463-287645-0001.flac,music/jamendo/music-jamendo-0126.wav,2170358,-5.0,False,0.4229882911475911,1.0,56720,16000,9a2e91feae8d4b39a1c07572b852ccdec38707a0b8b13d3159cf957304a4eaf6,c2a141ad739b734c4db2521150bba82e9ecb4753f25125f666102be5ee4cf0ab
525,260-123288-0013,260/123288/260-123288-0013.flac,music/fma/music-fma-0067.wav,692794,0.0,False,0.5672134225647428,1.0,182161,16000,19e06a21fff970eb293d9ddc9167152735bc02ada81846c860ecd6eabc871918,c423c11edac0c954cbc18fa05370d83c0c595850a73ef097ec654cca543ab272
526,7021-85628-0021,7021/85628/7021-85628-0021.flac,music/rfm/music-rfm-0110.wav,938731,5.0,False,0.2751946264255882,1.0,85840,16000,5693a7b4ae63b8649d71c26babfcf88823a0edd17b958820bd8b4d3ca03d4ecf,b81b2373cad39389a0dd642bc26040324a94db2913c28b21b05eee8e231c9b67
527,8555-292519-0011,8555/292519/8555-292519-0011.flac,music/jamendo/music-jamendo-0086.wav,93862,10.0,False,0.12819163626171834,1.0,49280,16000,e0f19677c3db1e7e02b51ad77dc0619acb6812d5736fca0f4081f4827ffaf26d,14207db151be33f561acdbbdf1267814606a8cb01000539b78bd418b169b0a2e
528,4992-41797-0007,4992/41797/4992-41797-0007.flac,music/rfm/music-rfm-0066.wav,588775,-5.0,False,0.4493735148120706,1.0,110480,16000,bf526c71aac2c0604d81e915318c34163aa23c60b8fd000390c3203dca0e20b7,f2609bfba18fa3a8f8023ecc21c99fe49901cbd81098fe47a51db73fe4349895
529,5142-36377-0016,5142/36377/5142-36377-0016.flac,music/fma/music-fma-0023.wav,2886554,0.0,False,0.24085371066442243,1.0,44240,16000,c6bcd325093e4a2768f880d9e23dac4ddc7502aab0fa7a2651e77f8b4f1636e2,4b9eca5dbd0b0041add33e8d0fbe21243716bf27126a469187b5e5f41d6fc374
530,237-134500-0010,237/134500/237-134500-0010.flac,music/jamendo/music-jamendo-0078.wav,1316579,5.0,False,0.26329020142781034,1.0,63920,16000,3ca9deef86be93170a6766b8e43b9abad33aa5570fdfaadfcf3eb9bd824c030c,382e8842460b7d31b5b46625269dbab934ace2d5762d774ac22b8e383af8afb2
531,4970-29095-0018,4970/29095/4970-29095-0018.flac,music/hd-classical/music-hd-0062.wav,439640,10.0,False,0.2258255798307534,1.0,194240,16000,7e9923661b5c5e1f306d752007805d4a7046321f42fc6132b790f39a57426afc,96c621c37d776343faa5b8a333bd22eff114a1f2694a31107867a91a385310ed
532,7127-75946-0008,7127/75946/7127-75946-0008.flac,music/rfm/music-rfm-0108.wav,4181521,-5.0,False,0.8442543389895975,1.0,71360,16000,158fb28fad3b819c24af85bd9fdb5083debbfbe34c8cda79f9322511c9e75931,f24cb5e6013f631965874aba4161189e8a01a00f13acb50c1d4561aa31b67c21
533,2830-3980-0073,2830/3980/2830-3980-0073.flac,music/fma-western-art/music-fma-wa-0059.wav,2144661,0.0,False,0.6078174932349617,1.0,264960,16000,c663bed023085dd71564cdf10a31ec2f2aa43fb3b0469b833d601df49f7f091e,5fc615ce276c835edfa59dd38b3fab767fb67dcb970cea49ab615457a50a2672
534,4970-29093-0003,4970/29093/4970-29093-0003.flac,music/jamendo/music-jamendo-0072.wav,338747,5.0,False,0.23077115508144794,1.0,245680,16000,33ce071629d83ef5a0847d1f6167faea5ad4f7d275ec56074c5c847973205820,42dbac9a4482f06ccfb36d906d65c0df1255e7f45a2beea46da1ad2fe0ea1e6b
535,1320-122612-0013,1320/122612/1320-122612-0013.flac,music/hd-classical/music-hd-0028.wav,5229882,10.0,False,0.5062495461792934,1.0,104800,16000,a2a8805670ba7002eeeea8e81a466134d667f73bb6c862342a910ae7bae90f04,2ee4145c98fc8eeb93bda9e8c3a14dd841101eff38d694050e56fe90d967959b
536,3729-6852-0028,3729/6852/3729-6852-0028.flac,music/hd-classical/music-hd-0071.wav,674253,-5.0,False,0.48887709456362544,1.0,84240,16000,ef5fb22407c60d3fca27542db38b625da5ca16d9e691a7f900f43b0e842aa7e3,3fc2a3afadd1384c9358268e0403dd9b60efcc72bc45c33c935a10426d14a89e
537,5142-36377-0005,5142/36377/5142-36377-0005.flac,music/fma-western-art/music-fma-wa-0011.wav,1842088,0.0,False,0.30660462551965295,1.0,113360,16000,3b3b342f947251afb0ac49068e8bda090beefa41c7715c7200532da5618c105b,6fc848435dd2458ea31101f70d976de931a2e641ce25f7ab543174d6e86f93cd
538,1284-1181-0020,1284/1181/1284-1181-0020.flac,music/rfm/music-rfm-0019.wav,687695,5.0,False,0.19368925860313663,1.0,107680,16000,d422c35e884ff087f7c2f0bd7419bd2ad3b31bc630da25d83fbe29b6c19974a1,0964851236752f8cb5275507c2d24ca402a1ed141a7a9853336d8736713ce54c
539,5683-32866-0026,5683/32866/5683-32866-0026.flac,music/jamendo/music-jamendo-0127.wav,554919,10.0,False,0.12231846509254798,0.9961261235056633,37440,16000,ceb1f1ce8e8ee3222e4ff8f958c7c8122df9e849c79e74de08e75c355b09f3a4,459fd949401ad9cc58b4ae096930db077db388d4a4e86061c069408c433d934c
540,2830-3979-0003,2830/3979/2830-3979-0003.flac,music/jamendo/music-jamendo-0004.wav,5405183,-5.0,False,0.4288568977570144,1.0,129360,16000,2308ff29700e1c4183e67f313364fdb225e1352c0a40def24ba6c091d07ebf07,071b9cd23413801355e83d18a819cfc2b4c054f0424e592fe66025e939a190bc
541,4507-16021-0016,4507/16021/4507-16021-0016.flac,music/jamendo/music-jamendo-0032.wav,538938,0.0,False,0.21638274328687138,1.0,276240,16000,3e9ab645eb3fbc4eb672b273a31b9c49303a5e87369ddf697881c5ec7846f6fd,314e7d4db244a948f0aad3fb99e82950f4bfb4db9a9707aeafbb255fa3b5b8c9
542,1221-135767-0003,1221/135767/1221-135767-0003.flac,music/jamendo/music-jamendo-0193.wav,1462417,5.0,False,0.0658908875883055,1.0,298080,16000,fbdb6487d89eea0d85164df6f07ab55dfa77bc3a7d3e80dbdc847cc8b31c3046,8894c517dc5feab7b98ad8e38c2c16585c132624e17c4b9cb6b13bd7bf794406
543,7127-75947-0007,7127/75947/7127-75947-0007.flac,music/rfm/music-rfm-0044.wav,741436,10.0,False,0.09347979869061639,1.0,87360,16000,69b80dad0e42de3eb229771dd8cf1fea0ed35f8ae2e3345124d164d85ee243f7,0b8da2a4bcba02cb028d571914db45d51a1987e3cd8fb6dd4f0f0a505fd13d59
544,121-123859-0001,121/123859/121-123859-0001.flac,music/jamendo/music-jamendo-0036.wav,3095789,-5.0,False,0.3085094659539988,0.9604088876820573,406320,16000,331deb01522828005d911e21108f70b72a5c9d5ffdc33219f930323e99ff45cf,2cb6e346a5ab7d205ccc183af2aea2856894fb83be75badf7e7ba30459a21070
545,61-70970-0038,61/70970/61-70970-0038.flac,music/rfm/music-rfm-0123.wav,10285697,0.0,False,0.4802925889681816,1.0,166400,16000,b922382ba50ec5271c957a9d7e239d04304a2bd5fec827de861fc315bc3a1eae,5ce9f1a7ec59065e28d60ac7586c2bf64c6e61236b4eece7d23712924295e71c
546,4446-2271-0018,4446/2271/4446-2271-0018.flac,music/jamendo/music-jamendo-0207.wav,4098526,5.0,False,0.2448965522683362,1.0,91440,16000,2f0b2a5140dcd70a0b8d91ed811a8f4246b903f7f65b726ddb02b4c79903ff3f,ef1999ce0f92c47f669efdf56c971bf1bd0462c6f2850a9cd4cba2ade3044a93
547,1580-141084-0035,1580/141084/1580-141084-0035.flac,music/hd-classical/music-hd-0055.wav,341981,10.0,False,0.06963988203171609,1.0,42080,16000,4471895d81e680b6fb2314a87b21dd23375a9404c7fbe63c53754357c877952d,b10876085d2c31dd149f638c6f0be794eabbe78121eb138ebd4db6bafef39a0f
548,5105-28233-0003,5105/28233/5105-28233-0003.flac,music/rfm/music-rfm-0087.wav,2093470,-5.0,False,0.6997321779929178,1.0,236960,16000,5dc105af38adc5aa65903cc36f9942ea711d5405e57e1e399c66e5da4c2c7fef,5b7e8a3e7464e6075cfb7346ab44086b2920ad38f96c0ceaf0c6d3ec7ad96bd0
549,2094-142345-0047,2094/142345/2094-142345-0047.flac,music/fma/music-fma-0055.wav,1404057,0.0,False,0.7156393074323343,1.0,35360,16000,36732b0e06a0b054bcebb1a90a6116a6e961d055c05504d5430922e99f2de2bb,15a9d9e3a785c2c08bf0d30148eef4dacd25229e898d54a321436f2191d60116
550,2830-3980-0074,2830/3980/2830-3980-0074.flac,music/jamendo/music-jamendo-0179.wav,2713010,5.0,False,0.16883741425084176,1.0,91200,16000,ff477553ff0de138e865063a406d87b03f6e114527f33ae677bab8b90aa1fffe,ee147728fce7a4c18159ec1eb39a3535645f9e05c81ebf17440dd866c838b91a
551,237-134493-0006,237/134493/237-134493-0006.flac,music/hd-classical/music-hd-0067.wav,401612,10.0,False,0.3745582991024321,0.9021531297886055,70320,16000,0ab266f94ac39a309bec994fb8591237e9862ecca1859b13f6755201434f2aeb,9e463b73275e0b4391f01b303a96ad04b428eed4cbd032aa5cde481e5e55d811
552,2094-142345-0041,2094/142345/2094-142345-0041.flac,music/jamendo/music-jamendo-0038.wav,671283,-5.0,False,0.37178678384117025,1.0,22720,16000,c9b16cea33cec9b396c7ec5c296c61c1937309fcfef5b9398df0cf2956520bfe,ce4500d28c9fa6c6f2c60bd76f270c71e378370a87bba585b603860873a5976a
553,61-70968-0017,61/70968/61-70968-0017.flac,music/jamendo/music-jamendo-0151.wav,380379,0.0,False,0.31105817725731844,1.0,81760,16000,d7e768f637aee1e4695f952002ee1c86209ef7c3fdba5f2860910e7d826750de,5696d9b7be7da22c3d2808d54190e7818b4ac683af34e08a03a82c83f1a2a41a
554,6930-76324-0026,6930/76324/6930-76324-0026.flac,music/jamendo/music-jamendo-0118.wav,1592976,5.0,False,0.22753471922370955,1.0,49360,16000,7115c7d40cdf961dce7e8fbf5fbbedfae5d2692925c8b2884f1bd596157a792d,ff47911a6576945d50b5336dd25bdb03761a4902b105483fa3a11973c9353b45
555,4077-13751-0020,4077/13751/4077-13751-0020.flac,music/rfm/music-rfm-0064.wav,1091945,10.0,False,0.10531938782564315,1.0,164720,16000,9f58473a60ad1a2acb56780a72a742575f72e76710a0b7f161fbd7ada0bf4b0b,ccf6ec41d104f609ad49f803bf170b967be2f739d8830ca2c0541847d8314155
556,4446-2275-0020,4446/2275/4446-2275-0020.flac,music/jamendo/music-jamendo-0112.wav,1428180,-5.0,False,0.37489480261207003,1.0,43520,16000,b126c483bb4e2d0c67de4244184de8d1975f67b93a3d586d2f4eed7ed8f56fb0,63d790f20b044c1f6281716210d865c2a2b0df64a2d4330da61fe1ed34737f4c
557,4970-29093-0016,4970/29093/4970-29093-0016.flac,music/jamendo/music-jamendo-0067.wav,365478,0.0,False,0.20774001112342735,1.0,35680,16000,08a2751a82e8b53fd1be919bdd6041a1c3f49639ca0b8e1a3085ee25140134fa,8f16f4cef95f3ce446aa58c33b86606651d351b64446a1917c95fbb5b7df271b
558,1284-1180-0008,1284/1180/1284-1180-0008.flac,music/jamendo/music-jamendo-0135.wav,2219444,5.0,False,0.2344013547020009,1.0,167840,16000,bec13dddc1a5284c8bb6b7b5d181dc34a663644969cb0cca7abb3eb13a337bfc,9293a54f1ad41d9c09307257a1adf43f9a2cc4115bb74b2998c7253376cc4de6
559,8555-284449-0019,8555/284449/8555-284449-0019.flac,music/fma-western-art/music-fma-wa-0013.wav,1582036,10.0,False,0.09091935669829054,1.0,121760,16000,e78b2d2650b285fd2c5f3b59137295fa737a234d59a17a7d27ab6df1a97805bc,df34c352cdf89fb202c0d6922544d1599bacf317942d82e69eeca1cdf6c212ad
560,7021-79759-0002,7021/79759/7021-79759-0002.flac,music/fma-western-art/music-fma-wa-0031.wav,2534496,-5.0,False,2.187067784063077,1.0,84000,16000,b4920258896d69a6127b27a11ec1ee685a4f1558d69f28df1b3e0c6a6fa209d5,06ba371e5880d071ed87f87212f3759c811d9408de729393ccac2626c12195a7
561,7176-88083-0023,7176/88083/7176-88083-0023.flac,music/jamendo/music-jamendo-0020.wav,4063360,0.0,False,0.26056805317667947,1.0,154320,16000,47efed5871f605d9b7ad491028b202bf4aad3ba2dc7633667ccbb193e0bdaece,1cc53ce8c217a373fa7f2b95954cfed08885d329ff30b1954dce03d516c420a8
562,1089-134691-0022,1089/134691/1089-134691-0022.flac,music/fma-western-art/music-fma-wa-0007.wav,6332270,5.0,False,1.5887913915363805,1.0,90160,16000,6bd200548edced04025726014eaf43af1d46f2a6d7e2f07d646685602f2413f2,5a3f2e85231aa89b2cb16ae47fd905db4283a01dff80def33b155304a672d2cf
563,672-122797-0071,672/122797/672-122797-0071.flac,music/jamendo/music-jamendo-0079.wav,1605904,10.0,False,0.06302679956324923,1.0,142000,16000,21237e69fe83b6df1225f37d6f1ee77e54e20715b763bf032193df6131ae8245,ce18ccf3528c56683dcb974fefca8aa88d4bb2c5c50ee0fae66238fae3566595
564,2830-3980-0020,2830/3980/2830-3980-0020.flac,music/fma/music-fma-0068.wav,3001160,-5.0,False,0.3119199502552612,1.0,55360,16000,59d208ca849bf06c55779c544ac053289565d56017203e5989713dd96cb3adb2,7e33d7e16862f4c27a645d83fd0d5e6a76f7a39fa90b1954767ed4493da8dfc8
565,2830-3980-0062,2830/3980/2830-3980-0062.flac,music/hd-classical/music-hd-0030.wav,5118194,0.0,False,1.570025922271768,1.0,87040,16000,6bcaf8fcda288852f3a74c1bbdfa3536db73b9837cad421787e2dc7b986cc239,b1ea5f69033fb0afea5bf5de7db5f7b6fa1da8462574cb7702c4fb1b7c1c1ebe
566,5142-33396-0003,5142/33396/5142-33396-0003.flac,music/hd-classical/music-hd-0023.wav,1197779,5.0,False,0.21375129518091984,1.0,55520,16000,e3e890d704872498be6fbb5bd53c6bbbdd1250396775882d1d9926fe72ce54ff,f3ed3fcf7f35125b178ad80fe681ad66a7829235c973e2411abab8217d82c843
567,4507-16021-0052,4507/16021/4507-16021-0052.flac,music/rfm/music-rfm-0144.wav,1416354,10.0,False,0.15587621825044926,1.0,100400,16000,6eb80eb616d9ca62300b3a372d92a604911a62a1b10489850adcc56863b5536b,344f0acf1671910dc40692d926edbfe60a4d74dde7492702ea065a1f9e6aa12d
568,1188-133604-0024,1188/133604/1188-133604-0024.flac,music/jamendo/music-jamendo-0178.wav,2389499,-5.0,False,0.30499921729307083,1.0,243840,16000,5336f5c14764c0277198d612f1800a832cd3c0a81f17eaeacfaa02fe6e46dfc2,9bdf7aa32b57aa8d9009570c21a5580703ca1ed65322e95b74316d9bcd049074
569,237-134500-0031,237/134500/237-134500-0031.flac,music/rfm/music-rfm-0042.wav,2790968,0.0,False,0.5999866011941121,1.0,169760,16000,451bd3dc87eb12c76e2323b21a24c99fff22e7020ee7b1ae4a2ea8f0b3e19ed0,3eac5151c7892e015bb6facc5585d664791d99970eff1cf6c24966b858bf15ef
570,908-157963-0002,908/157963/908-157963-0002.flac,music/rfm/music-rfm-0093.wav,705520,5.0,False,0.4003174071466207,1.0,44080,16000,f1e931c45cb85f08f7c40edb04a5c1caa004803518ac17c2b623161bfac15b1f,25f07fc1a0b60933879dfc29f575465309e97d11c7cb0fb9370fe2a4a838550c
571,2300-131720-0002,2300/131720/2300-131720-0002.flac,music/jamendo/music-jamendo-0174.wav,1518438,10.0,False,0.09765832418616446,1.0,209840,16000,ee3725ac833e0678c8901fb396a591e8ebe485fd14c2cb958351064dbf8b4ede,2b053298af1badb11d060e301782c6ab448b678cda50522dedb1f9092030c41a
572,4446-2275-0033,4446/2275/4446-2275-0033.flac,music/rfm/music-rfm-0123.wav,4462733,-5.0,False,0.9069726314515275,1.0,112960,16000,8f4d8d2a0bb076f201955a7b0882b22ea4c45a270da2d285e485a764259687b4,e2c6945100062a6d5c9dc56c0a9f74e8fd8b28b89e209ff0224977495df47acb
573,8455-210777-0040,8455/210777/8455-210777-0040.flac,music/fma-western-art/music-fma-wa-0039.wav,2230094,0.0,False,1.6621248504053487,1.0,99120,16000,8c143a0cc9a887996c5a1c86dd6102127ca2766a0ee6686c3259c89b03fd4fa2,798857fccc5e103172f94c9b656f2f989906cf756be08bd507e44a1b6facf548
574,3729-6852-0005,3729/6852/3729-6852-0005.flac,music/jamendo/music-jamendo-0145.wav,2512964,5.0,False,0.05005043315297024,1.0,296640,16000,632d89f53f8b445b178c2b6c7264b97a5d14d1c9d95161fff87f2414c9d41c2c,f88c4e8fec952e0b4406f295e960ea41ac3f83d423135aa354941a594613f550
575,3575-170457-0047,3575/170457/3575-170457-0047.flac,music/fma/music-fma-0072.wav,685851,10.0,False,0.14535530455678514,1.0,104400,16000,60caa39bc6f2164ff50f76a87f08afde445ab6beb1fca494d1a122fc67c42a4e,1a33383ae2880809f0c8d96d05b0108e29e55e638dbfdd832009a0cae6e78255
576,908-31957-0021,908/31957/908-31957-0021.flac,music/jamendo/music-jamendo-0157.wav,3386354,-5.0,False,0.6932356677214989,1.0,174480,16000,9f43634eb64960ed6853887d2b574c36ee292ba791139f8e309430de312a0f21,b9b520cd513db88139a5950283174f52b61c81025cbe000b4ca5003503ee072f
577,2094-142345-0056,2094/142345/2094-142345-0056.flac,music/hd-classical/music-hd-0048.wav,3174523,0.0,False,0.38085977349690603,1.0,61440,16000,b96802639b318f2e82781b10d067dc60fab89da6cfe8d380d65dd4b1a921bf01,17b8996a50bcac9612982583e11eda9ec878bb77d549894f7c340212107c6eba
578,61-70968-0047,61/70968/61-70968-0047.flac,music/fma-western-art/music-fma-wa-0004.wav,2704977,5.0,False,0.41462539133822485,1.0,76400,16000,54fca568c27b79c7755e4267eb39a553f7ccf16389f14a1e0b9d03be6d24e803,ff4b28aae33aefd2fa1bb681aab8444ebc3d69de18729a4d9cc4430eea1f3495
579,5105-28241-0011,5105/28241/5105-28241-0011.flac,music/jamendo/music-jamendo-0112.wav,1162851,10.0,False,0.0453796740464747,1.0,219360,16000,e3879da7e3fc64226dffb46d205b0b48502b5944580c4fbeb5c1bcebf3586664,68a767c66d56a10050056e94014c901eac04d7a89fca95b54279d37b5a71d4da
580,7127-75946-0029,7127/75946/7127-75946-0029.flac,music/jamendo/music-jamendo-0067.wav,2945248,-5.0,False,0.2494141877198957,1.0,148560,16000,1a1f2717dd731c7a634129ea972cfa38c55b7629eadfc1d4582b8d6fc1107562,f7de8c73a43e356a97e7187634da071a4810738c3e093445a8e5e4a2bb592f07
581,237-134493-0013,237/134493/237-134493-0013.flac,music/fma/music-fma-0052.wav,1111527,0.0,False,1.6913898544755188,0.790167186136131,65440,16000,938eebd3543d388687fc3945e0587395da82cf4f929d0a85f114fdb2ca45ce35,9f54d4f3dd655c1bf4614d09927d549f45d12c676a6ec7c86be60cfb540126fa
582,5142-36377-0006,5142/36377/5142-36377-0006.flac,music/fma/music-fma-0088.wav,1886688,5.0,False,0.10947730296511607,1.0,74160,16000,3a61ff90ba9e7fab28c5403803aa50b84d983b21a7b402d0c9c4a4e35f77cda1,7f5443d05cbdc9113736471461babf2384d1d930806871413c6778385e4ab49b
583,5142-33396-0000,5142/33396/5142-33396-0000.flac,music/fma/music-fma-0072.wav,497690,10.0,False,0.14949805755803725,1.0,32080,16000,b878b5ed2d2a0484f204347a18b7f772901b7cf5936aecaa4dcf6d15ae5d0053,fbeaaa0377b8425bba3c6411ee93b258ca366b6f957d629c5d66dc4a09ed4667
584,8455-210777-0065,8455/210777/8455-210777-0065.flac,music/jamendo/music-jamendo-0154.wav,3367016,-5.0,False,0.9412947712490554,0.8231370530924823,62640,16000,a8e507ab83374547f524fdd2d79b4160c5d11ab141c7b345ba748c909516fe2f,39cf98d1fb566e3b18f850f797a65dc674b9c85eb718cdb9a98eed6cad803802
585,4970-29095-0001,4970/29095/4970-29095-0001.flac,music/jamendo/music-jamendo-0027.wav,2351759,0.0,False,0.17643181483650322,1.0,222560,16000,f26e9e81de446e3e919749a2998140e812bca395400013600d7f3fe185918afd,73c3f86121170b363170a16fcd780f68266f9cc004eb79f9010e90f320bce48f
586,1188-133604-0036,1188/133604/1188-133604-0036.flac,music/rfm/music-rfm-0141.wav,1660667,5.0,False,0.11978499846181714,1.0,127520,16000,861653fc461df0eb759cc3aabeaa03f197af5590bad69c3e097dd7107451e478,651f42d7840b19c9a608dc40487b4644ab160e5cd9b6264ca8168f434a48e610
587,121-121726-0010,121/121726/121-121726-0010.flac,music/fma/music-fma-0038.wav,4361921,10.0,False,0.10855407691904974,1.0,156960,16000,a3de1a3d76a755265147735ddfcd4bd035de8f6ecd20274888ec719e1ca0fb88,307bc7fd94028e0479e3ebf7f38fba0819faeba1493cdf2a416f4229938466df
588,5683-32865-0016,5683/32865/5683-32865-0016.flac,music/fma-western-art/music-fma-wa-0090.wav,304612,-5.0,False,0.7079728079247904,1.0,48960,16000,9659de5e764024c9127acf5269dec699066e52f3cfc93f9724fb7ba6c9a0196e,39cfd782b096e3918600a88a19f99b760110a25c502f0f3fec6a33913fa319d4
589,1580-141084-0039,1580/141084/1580-141084-0039.flac,music/jamendo/music-jamendo-0090.wav,3182353,0.0,False,0.19836340174262868,1.0,78160,16000,096e1b617c9ca08db46eb393faadbce680264257c0a78d5aeb35d8468d1bf9a8,6839448d7d5510e48bd884818a50939a1442af8fed4227c4178f8c776dee6db0
590,5639-40744-0037,5639/40744/5639-40744-0037.flac,music/jamendo/music-jamendo-0205.wav,1577711,5.0,False,0.12175292424631307,1.0,183200,16000,63a691f559638de398d78060bfcb99b7bf46e329004d319c1a073bccbe969858,c2ddfee813b4d9725979e656f0e543c71a17b872f0eabb532579b727d57d5277
591,2961-960-0004,2961/960/2961-960-0004.flac,music/rfm/music-rfm-0106.wav,1879550,10.0,False,0.09208523959133344,1.0,131520,16000,5161cf90f0fc842d1b5f473ac5b172641aa2678515998a4f315588f874707520,326c5d01a742e49a8443d1beb86e4a6f01044afb6c5edd8a149f8d0cec66f779
592,7021-79740-0011,7021/79740/7021-79740-0011.flac,music/fma/music-fma-0103.wav,1023936,-5.0,False,0.5731519986034442,1.0,165040,16000,72d86d96ea142762222e5a563d53f3704243c4c0aa675672b4ef3823f01bbce3,475ba9d0506b9bed7e7aae3d86b0ff4cc201d5cc05ee65a3b525aa973941308c
593,1188-133604-0043,1188/133604/1188-133604-0043.flac,music/fma-western-art/music-fma-wa-0083.wav,1441295,0.0,False,0.6274946425396744,1.0,78160,16000,26d4c1e6f4256b2e0a164d3f6f6fce1dacc24641394445c26e9196d353713714,ff81cbbc90f75db8042a485ef49d102ca531aa01c7fae4f91a64d12f679a7d01
594,1580-141084-0036,1580/141084/1580-141084-0036.flac,music/jamendo/music-jamendo-0214.wav,988353,5.0,False,0.22148467331023583,1.0,39600,16000,01a7eb0ab012b2cff18d179af4fd84db7b675ec73bb73d7e00427ab5134f141b,49713eea31b0e2053456d4e79cb6c97314c4ceb03d9add34b77598c71408c043
595,4992-41806-0009,4992/41806/4992-41806-0009.flac,music/jamendo/music-jamendo-0195.wav,1987312,10.0,False,0.03126978954671006,1.0,69680,16000,188c8c5d3346e7c526586bb3fd9713efdb7694165bc95c85acd06db29536b390,666d7af2acf373af369c91ad8dd976861b926777fddcde5e8d4b85f77ace93ed
596,6829-68771-0035,6829/68771/6829-68771-0035.flac,music/fma-western-art/music-fma-wa-0060.wav,6372051,-5.0,False,0.820291986763891,1.0,70240,16000,d5011301b2e2bf3cd00fe92944aac1b0327cb3a5d97b557dd822ed6f6d58565a,903122d7559f15435b7cd948e2692a9b776c846e3e56b0eaa8ae334f87cbe99a
597,3729-6852-0039,3729/6852/3729-6852-0039.flac,music/jamendo/music-jamendo-0189.wav,5176530,0.0,False,0.23292000863186146,1.0,141200,16000,672438b1c4cab33ab63d1673e7d4d45c86df7d516d4fc1e30ecfb0465543c5ad,4bdf7086e2af203137e1183a24135c5d6e54319cae8c6d28e22a1e2a40f57e9e
598,7021-85628-0027,7021/85628/7021-85628-0027.flac,music/rfm/music-rfm-0047.wav,1264040,5.0,False,0.288517756362231,1.0,136000,16000,a91902282207047bed2112a9cbc3118856fdd11ed5b618a072ea7eccf9988bc2,4adda53a6c8e0fee56fb5975936430137b6741c19e501d570f89af5c0054eb34
599,4446-2275-0042,4446/2275/4446-2275-0042.flac,music/jamendo/music-jamendo-0017.wav,2147457,10.0,False,0.03994500257194062,1.0,86400,16000,13322c0a280663a0248060a6aa5d0628709334a2059402b2899c3781c77b3e03,e63ad8ee25481fc9a107f274f889420f179425580f02cddc71038bf370931307
600,5142-36377-0007,5142/36377/5142-36377-0007.flac,music/jamendo/music-jamendo-0019.wav,3890696,-5.0,False,0.34925167662186984,1.0,98880,16000,d3f86b5d81066e2650d6ffdcfb19cb4299cc2b7f3e8d5c0662fe7478702daf86,ff27a37c4300e368eaf258fc947034f78e20e9dec2ff099943062ae00fb97f4c
601,8455-210777-0052,8455/210777/8455-210777-0052.flac,music/jamendo/music-jamendo-0092.wav,1336572,0.0,False,0.7245978815082557,1.0,79040,16000,4783b74050b5b7717eeef2b32a6067761e3945b3c867c9ddf7a2fe238e6001de,102bee0cef12459706a22e82e7c5d6f480e7807f8fc3591c9b1e30e1d25c1b87
602,5142-33396-0020,5142/33396/5142-33396-0020.flac,music/jamendo/music-jamendo-0110.wav,3227905,5.0,False,0.10509409160361051,1.0,53040,16000,6b9c1ac31294f9ece8b8d2894e797b9d9444d3f82aa56f141ac98f819d98c0e7,d386235ae1a6899dc0ced0f950b2a4ff120978f22efe1a2ebf7e559c467b2d84
603,3729-6852-0000,3729/6852/3729-6852-0000.flac,music/fma/music-fma-0097.wav,450211,10.0,False,0.05945669162033352,1.0,178720,16000,04f7f3a5f3b662d43252fa574c7fc641524864efcf0f119ca3234cb857d89b55,6a0daf7ca9de5189c5656dbf313f9571b3752230780b2b05c3058f9d1828edb0
604,672-122797-0063,672/122797/672-122797-0063.flac,music/hd-classical/music-hd-0042.wav,626821,-5.0,False,0.4944743897204394,1.0,81200,16000,b05dedec8ae641f25bf3ba110e0dd5b8ad77e812d505ef4696c6c9eb1bff5b67,b9e7c998a7b3b13b4b6cffa212fe4f428beec2f6a7d777de985cd9a540467e1b
605,1995-1837-0015,1995/1837/1995-1837-0015.flac,music/rfm/music-rfm-0065.wav,1719890,0.0,False,0.7248311347114957,1.0,71760,16000,d0d4d3a03392e6f7482c8d0e409684820fb87db98560eb0373dd01f496dc290a,87e7b82d7089ad1002feaec36b8383e847bb3dd739694b1a8b20d09aa52ce692
606,672-122797-0000,672/122797/672-122797-0000.flac,music/jamendo/music-jamendo-0081.wav,890332,5.0,False,0.21641338009589256,1.0,65120,16000,13217b5f4f306367cb5a0d9917400ce4dc0f816ff6b75b9046436f4f987b10fe,41711d6e93de88da60592a4a479984ba8a0d331adc1ebe8ba8cdb98c571948bc
607,2094-142345-0034,2094/142345/2094-142345-0034.flac,music/rfm/music-rfm-0006.wav,1555607,10.0,False,0.1509120179724597,1.0,127840,16000,5175b31a4b80df0627ceb71458efb3bbba4f3aa4cb4dcc5cbbe6371a2c60fb7a,44f711b2f10d76df9f35dc24e39c59e3bfd4cade1b8529b3f726a9f9af45b0c4
608,3570-5695-0007,3570/5695/3570-5695-0007.flac,music/jamendo/music-jamendo-0029.wav,2470183,-5.0,False,1.1041893823825522,1.0,156080,16000,25a86ffc04f8d6d05fe54f57b9655a482fff8c1f7a13c516d011a927d9fb684a,22e9fe5e9833fcdc27e74c01987cb974d8356e52081903902bf08a3e7a1acf23
609,2961-960-0015,2961/960/2961-960-0015.flac,music/rfm/music-rfm-0062.wav,1910919,0.0,False,0.8237604889501503,1.0,125280,16000,2a811344aa4d212f9d8bf120d1e5cf1cc9bd033715ff20d14592dc2d605aba59,6359fbbcafc3624e8bb16a5f1085e01fe5b3f1664248bd8beba2b38b562525f5
610,2830-3980-0026,2830/3980/2830-3980-0026.flac,music/rfm/music-rfm-0087.wav,1943468,5.0,False,0.2511430089198676,1.0,23760,16000,70133a42f7a8aaabbf5919dcccce8ae7d3431ac8451ab99ebfea834f50bc1bc3,33dd9dcbc36a4cef565e3b7c5404e9e7886cbc83900f72cd832710153bbd8ac0
611,61-70970-0000,61/70970/61-70970-0000.flac,music/fma/music-fma-0092.wav,1833055,10.0,False,0.052523065935084025,1.0,97200,16000,0122c720a9089605d6f560cc366ed7556ed658eea42f99866bafa295eb7746a5,03d8b9975becf069d4a15d80aae01f53c5760101f2c95f9fa9039f4e4464f6e8
612,237-134493-0014,237/134493/237-134493-0014.flac,music/fma/music-fma-0093.wav,399783,-5.0,False,0.47703816628627865,0.7738056317791789,59200,16000,bcbef22c98dad02d083fdaf0a1895812331d9303414fa5c50a4930a6cea6a9c4,b08477712db7988e1b2e5925d0435ae43aac91e12ec77594ef0f82543d2c2504
613,5683-32879-0004,5683/32879/5683-32879-0004.flac,music/fma/music-fma-0017.wav,2568856,0.0,False,0.1785540737468872,1.0,179360,16000,b1694ee3fa1c62d270b12c155869010036eceaaaa34d0573d819fa14d58f3502,09954ea6c5d4158634ef054040ff976bcb525b03b60638a324e62234f7c3e895
614,3570-5694-0017,3570/5694/3570-5694-0017.flac,music/jamendo/music-jamendo-0109.wav,5582124,5.0,False,3.3679520767084523,1.0,133360,16000,cb4d1d2a214a411c4c77e304298e212cac7841d709b08d9e94493f8571c52094,0c5a2eb28e7998e918f8d62cdfc739e1378882822865e53169f456f5bf5176c9
615,7127-75947-0019,7127/75947/7127-75947-0019.flac,music/fma-western-art/music-fma-wa-0035.wav,2688826,10.0,False,0.13053639188944338,1.0,62000,16000,a2fa99f9d4599c18c726c9432454d875385c5c05e6e8a2da7c0b2b9928a733f9,3634e00ebadff6c8c38d3a8c8f059cc6e4da7c67e312f5f962b51dab22c7c4b1
616,1284-134647-0002,1284/134647/1284-134647-0002.flac,music/fma-western-art/music-fma-wa-0092.wav,925914,-5.0,False,0.85191765038532,1.0,241760,16000,d066971f23eec53d0ae870cbac4fc2d7726503bf7efb0e30c6ea3cc562186fa1,5db9a5d2146f29357752941ade436d09f8c19d895fc74eb145e8234bed6d6e60
617,8230-279154-0041,8230/279154/8230-279154-0041.flac,music/hd-classical/music-hd-0057.wav,179983,0.0,False,0.7339101383388413,0.9950479484192046,239120,16000,5cd56557202b5e88f120bff14ca40743a5ca44174a01724634d55f66f94968ab,f2ae2c6548ad1ff6addbff018bba1844727fc0a0e1c87df552da87aa37356890
618,5105-28241-0013,5105/28241/5105-28241-0013.flac,music/fma/music-fma-0106.wav,309406,5.0,False,0.08608136089905641,1.0,77120,16000,4dc15e5d111dc877cdef00d20d51ad9045cb0a01704da7f82c62857035f7b7fb,2c67d9cd3c0f39ec0c185c410bfb78b4d761bbb2d19e220edabbadc77a742f10
619,8224-274381-0002,8224/274381/8224-274381-0002.flac,music/jamendo/music-jamendo-0096.wav,1781069,10.0,False,0.09841620091459954,1.0,392640,16000,01c792275358a8e6dfd7ff37f5bd66b418af0fe53763102161d88daad9c4d4cc,deb75dabf1d7b3fa69f6c4cb1e77a7be0335848e30d7d172a83bda684fcefd96
620,5142-36377-0011,5142/36377/5142-36377-0011.flac,music/jamendo/music-jamendo-0192.wav,7052182,-5.0,False,1.132867375274895,1.0,34641,16000,4894068f275e9e9ded8db35f4d7d0615c5ffce6563288c35ca7f394d3e23789b,c0211b11e1d8e03fb179e27e7a44f4e75827668cb1a5cc83aa63fd469aec7897
621,61-70968-0019,61/70968/61-70968-0019.flac,music/fma/music-fma-0025.wav,2537183,0.0,False,0.39056876455711315,1.0,87600,16000,de5b2ae3f62ab70003299d154cf8ca174abecece9861654dc63154b1cbf15ec8,bdb04a075e2dfc366f9fd48cf83c9383b15fffc4180c51c2dee79b0299b60edd
622,5639-40744-0020,5639/40744/5639-40744-0020.flac,music/fma/music-fma-0074.wav,2570299,5.0,False,0.06302232157297114,1.0,157120,16000,046d3770e1ddd5e08d2604f72eaecf1c223d2106f2d86d74be8cd4506f5ad013,224197dc18e004a4af965d5618ddb87736f50236c011e7812f08f293ca63cbbc
623,8463-287645-0008,8463/287645/8463-287645-0008.flac,music/fma-western-art/music-fma-wa-0041.wav,811666,10.0,False,0.1208104757800529,1.0,53200,16000,dd0b842997798823db2614e4ac9e1ea07b785ae2bd0ff95f1b10a8cf849a3466,399e9bfccbc0eb483aa11ce9f560748d918a75a5f80500f496284f88edaed00b
624,2961-960-0022,2961/960/2961-960-0022.flac,music/hd-classical/music-hd-0037.wav,2667562,-5.0,False,1.6110222851738516,1.0,118800,16000,432429698a7236c6a6268d5e5a346b4f27f10ec4d3f8230d8ee373f5b1d4a06c,d265c2b4f9b0435fef6e6a88740651ec4bc12738863958a718313e1a78aeb4e8
625,5683-32879-0017,5683/32879/5683-32879-0017.flac,music/fma/music-fma-0052.wav,945794,0.0,False,0.9051503838812387,1.0,233440,16000,93c45ae2db130be432629fc34cd319f9d015aefcd598181984bd13edffca0979,bc23c0f77546d2b1bc72c3d1c2cbead47eb42414c0b913a80a83a99b6ed75da3
626,672-122797-0074,672/122797/672-122797-0074.flac,music/rfm/music-rfm-0022.wav,215108,5.0,False,0.09776979211608486,1.0,139680,16000,ab8d26334a51c7fdc597c82c7a12da8f0c3bdcba601580958677259f7e622dbe,80f6567b735c926ef896364546b95ce506eccad1b4b346161a1625badcb1e4af
627,260-123440-0019,260/123440/260-123440-0019.flac,music/fma-western-art/music-fma-wa-0056.wav,78787,10.0,False,1.7421548373498377,1.0,106080,16000,779598e7a1d6412f686f3b0033f5c8a53367e331148e221e3e5a20bac3aefd5e,d42ed6081fa3850edc2ea0549ddce57a3d5eafa30ace952217350618d295a5da
628,7729-102255-0027,7729/102255/7729-102255-0027.flac,music/hd-classical/music-hd-0073.wav,206900,-5.0,False,0.7809116067204417,1.0,94480,16000,54d206cf38951f5b45b8ff0d6efa4ecfc9003965fb45dcc50255fee2b94eca58,719311400095cc11bcdd8b31fe0f0a75fc6b0503147e49a37cdd90b5ec342286
629,121-121726-0013,121/121726/121-121726-0013.flac,music/fma/music-fma-0094.wav,3265397,0.0,False,0.1425315079479234,1.0,39840,16000,08ef76efd7bf91e5ce14ae6f27334d672ef9e88f6c4a513f12a65c4b43d2ce68,495e641463d96a71407287e730daf5829fa3cfd84defb048a160f548b979c7cf
630,5683-32865-0005,5683/32865/5683-32865-0005.flac,music/hd-classical/music-hd-0065.wav,572938,5.0,False,0.15155816906064906,1.0,161920,16000,b4fa047a19986b6f79fb7f12c0d291a4a66d948807d507fbca1fc2697860dc80,6be5e345871dd7d20d0b02152bfe5d14d8feadf5959d4ad036cd025861e2de46
631,7021-85628-0026,7021/85628/7021-85628-0026.flac,music/fma/music-fma-0006.wav,1536890,10.0,False,0.09977074204419677,1.0,43840,16000,045399d4a85cd07facbd86c43afd533ac4830b9c53282c7a7e6e0408cdbc8490,a3d29c352a8b7062b12bb68a657391fb7b017d48b4ad94a13d82525d860af77d
632,1580-141084-0034,1580/141084/1580-141084-0034.flac,music/jamendo/music-jamendo-0066.wav,2385563,-5.0,False,1.1816909580490191,1.0,71840,16000,98da7ae0cdcfc4f24ac4e8d44ad6f84fae48317d0dcf4cbc1ec39ecfc95ddd49,de04c2540a34165d7862b7b4fab556f5fdfa8d478ce9a33408b3aba69690213c
633,4992-41806-0003,4992/41806/4992-41806-0003.flac,music/rfm/music-rfm-0138.wav,2103143,0.0,False,0.5041986291144877,1.0,147840,16000,d724a85051f0c0fe376a25c0ca8b3292162b771ac9041f9d240c41808a22a090,f3a92470b6a8a2cd36a958c368682f7f54cd346289b706e081d4a1f141e4dc5f
634,8555-284447-0023,8555/284447/8555-284447-0023.flac,music/fma/music-fma-0044.wav,3671330,5.0,False,0.45760742461672343,1.0,114480,16000,cb8a3bd4df9d69d644dc618608fb60f18f5835a15fb94db61ab30ee62412bdba,c6e856355e01811f5b2cab622689e01220e5ddd341eb3304200f7658f5cf7651
635,2961-961-0011,2961/961/2961-961-0011.flac,music/rfm/music-rfm-0076.wav,1953859,10.0,False,0.22060069136677096,1.0,125040,16000,49cbe2b3f5d74179372876fb5147bb391cb557a964639b5b4bc5871cd5bc8460,0d7607bd494a18f998fe67a987c48c8249e7125e75decbce446d1848da162ee3
636,6829-68771-0034,6829/68771/6829-68771-0034.flac,music/jamendo/music-jamendo-0030.wav,2105913,-5.0,False,0.6810264645787363,1.0,39600,16000,123f534223cd30d2b5192790a1ae78a8956f7039ef83825322e711590f4c1ac0,35f9be5a4711f6bb9c9dc790e3f0140535ad580eba9a5aac3ca6317cf227994f
637,121-123852-0000,121/123852/121-123852-0000.flac,music/fma-western-art/music-fma-wa-0067.wav,1021650,0.0,False,0.4807284666978896,1.0,283120,16000,3bb26b95a8b1595fbdd2bf8d75f9fccd1dba54957d555a7bdd8be3c1bbc19021,0598422a2d270f313fbd0b1db20cb1c4e35c95601165f4f1afbd1716fa24362a
638,2830-3980-0036,2830/3980/2830-3980-0036.flac,music/rfm/music-rfm-0063.wav,258272,5.0,False,0.27264107952733546,1.0,92240,16000,19b48a1c84499f960762421a4c5554d49f414f7a4348f85ceb6e911ebb0d7e4b,2dab0c3182af889bb0a7bd7cf213e73536718f2d11c4e417f924be865204f948
639,2094-142345-0054,2094/142345/2094-142345-0054.flac,music/rfm/music-rfm-0003.wav,491826,10.0,False,0.08663580953850164,1.0,90880,16000,5b787343e871e4e4835b80b6a69be102713fc91aca4c637210bfc83ca21969c2,4df83a7f2cef682b0ed64700e86231056d3297f570e73e1b6abd4b4a97117fa5
640,1188-133604-0023,1188/133604/1188-133604-0023.flac,music/fma/music-fma-0115.wav,2278529,-5.0,False,0.27616233359285486,1.0,378720,16000,7cd2c4529ebd209e07a7fa35822527384f7fe14e921b3d964620356dfeaab9c1,651a7831cdae56d8ee482ed3a41b8c5c4324a95c499556778b18687226f3349c
641,7127-75947-0008,7127/75947/7127-75947-0008.flac,music/fma-western-art/music-fma-wa-0052.wav,1657541,0.0,False,0.8473837415439902,1.0,66480,16000,e1f14fc988310f4b8723d36c4da66e4c887d9305fe2e46c05203246f8c4b2b44,11d52a26e4732836114979491ad8b8dae654c80d0b8937a9a67f4aff62cc0005
642,4507-16021-0015,4507/16021/4507-16021-0015.flac,music/rfm/music-rfm-0082.wav,2356879,5.0,False,0.11764816749060264,1.0,61760,16000,0e2c3c453105535d4a6e382049a9594b975ae9f82cebd83861f7f11af9fa7613,e2ccc5c4cb8b57b9a63f97bf565e17480cea3a89274de260001dfadca759773f
643,260-123286-0023,260/123286/260-123286-0023.flac,music/hd-classical/music-hd-0030.wav,537253,10.0,False,0.472593481873435,1.0,94000,16000,f32d27907f859ac98e53e00f29120ffa7b535f5eb521088b57867b23e8835a20,90310ac657f5306a01cb5b3e129a1dca430b65b7843d26f32b6266acf109ef56
644,260-123286-0002,260/123286/260-123286-0002.flac,music/rfm/music-rfm-0123.wav,3952365,-5.0,False,0.6774408470677764,1.0,159760,16000,47438c7c54bad7f2cfa637e49b08de17171f1f6d0a7a133c3222f3184c54a187,aaeabb922eff13b99da9ec00fc26ff8beac4636b3c5dfc5b3a10373d7edf790b
645,1995-1837-0009,1995/1837/1995-1837-0009.flac,music/fma-western-art/music-fma-wa-0036.wav,1541559,0.0,False,0.6128187906048864,1.0,60160,16000,205ba8580efed0b1414c212c089c96a77e480b21c41b91405311d0b809a8c8b3,80c02832524d96acacfab6d76bcb46623b635502cca25e72df2fac0dff10c94d
646,3570-5696-0001,3570/5696/3570-5696-0001.flac,music/rfm/music-rfm-0088.wav,1561852,5.0,False,0.22944635291534018,1.0,267760,16000,dfe45c435b0559908db78ff0a7e68089de69a02c9d1c5f3b053726156ea26627,e7aa8b8179342ef262fc4105b022ca1adc095d3ab2c695c384226ba949fabccb
647,4077-13754-0004,4077/13754/4077-13754-0004.flac,music/rfm/music-rfm-0092.wav,811579,10.0,False,0.043640414094355255,1.0,79760,16000,5a88b1f69db2e9dfbe565c517d7cd0020f1de290fafbe82ab6501ec4304ce460,f87fd8df244faa6ccf8c1531ef122e5425bb2b07991f91276378bae21a059917
648,61-70968-0049,61/70968/61-70968-0049.flac,music/rfm/music-rfm-0080.wav,2714175,-5.0,False,0.7354584024514695,1.0,132000,16000,0c6976d30ebd5bfe7c829c055d2bf729b095741b6e7c7a5d08943391cb5773c5,06da0d5c283e572eb0c93b373dc9cde7849ebbf01f190f2b1d7a0a4309572323
649,4446-2273-0006,4446/2273/4446-2273-0006.flac,music/fma-western-art/music-fma-wa-0078.wav,686619,0.0,False,1.1928508465559584,1.0,47040,16000,f563a01ac01e981157923ce2235e07f16359e3ca88c0598221aa9c1ef10cf8f0,bf8c02e64a271dc22262d5d66130ab70d87b32f0622805bbe807d2753515d799
650,7729-102255-0019,7729/102255/7729-102255-0019.flac,music/rfm/music-rfm-0005.wav,854587,5.0,False,0.2699235732476138,1.0,142880,16000,bf8183741a4e62deb5888a92dd43e8253ec311d0d1ae61506179988e82ae6a25,bfb01ef75787f64e9e42729e43ccb9ea1746f1f10db2bbf6fa66e5aa680931eb
651,260-123286-0012,260/123286/260-123286-0012.flac,music/jamendo/music-jamendo-0203.wav,3364336,10.0,False,0.3584143710979473,1.0,38880,16000,d3092089e017841db15eabb390d2967fd60d306069605e7eae82c66f21cff501,a34a6f01a874c3c6d295272daaedb701d4e7d4f2f119fcc7594cd61d007a4770
652,5142-36377-0023,5142/36377/5142-36377-0023.flac,music/jamendo/music-jamendo-0182.wav,2647565,-5.0,False,0.4957576226976526,1.0,92640,16000,24f03c7012fb9d4fba9c4d8695fe63706786175d55d007a8add794ace8507302,f10187e1e224ce41d14c52fbbf5371ca110a4a93e0aa1bbda3379a3497bda1c1
653,4077-13751-0013,4077/13751/4077-13751-0013.flac,music/rfm/music-rfm-0143.wav,1964635,0.0,False,0.5311812762513238,1.0,69040,16000,a55cf150487b51f440169550d0211087e36294993cc3262dd3a91691c242154c,7f8a33a6b0e481df0f751cc692b28bf0106d8e69ab6a421baf08ebf3a52fa086
654,8230-279154-0022,8230/279154/8230-279154-0022.flac,music/rfm/music-rfm-0094.wav,1493275,5.0,False,0.1850319991121723,1.0,103040,16000,e6bbd80de1ef407d6924eae07b4680a9043903906fdbad570dc898cb1bdd3b17,fc7af2637ce07089cc7bb3c8161a3e02adedbb93e27ef3d02e2bb917b07f17aa
655,3570-5694-0013,3570/5694/3570-5694-0013.flac,music/hd-classical/music-hd-0042.wav,958401,10.0,False,0.1340761759132704,1.0,89760,16000,c855b7ae6a6872f603af6cc329fdcff9508504c0ad391b0e8b6b4e2bc32d0376,a5e2f85bd0cdf85121bc0d97e4e8f8802da54188b5cfcb43934a3cd809278efb
656,672-122797-0065,672/122797/672-122797-0065.flac,music/rfm/music-rfm-0098.wav,2419201,-5.0,False,0.357863098613896,1.0,48480,16000,044b80c5a1d32be77dcbcc524d587fe58fb132137f7a7cfa9c785787e0f129fa,2c882e24c43e071849d8c629f429089f4696fa4c219e9d26ca5d8231e4b0a55c
657,61-70968-0053,61/70968/61-70968-0053.flac,music/fma/music-fma-0009.wav,4839995,0.0,False,0.1839182664730428,1.0,67520,16000,6cf6c59d1589886118cffa1ed2eca8665e728019c4d3a7f21f81db5e402ba8f9,beea6b0a59a3be40e9bc9c7ac25381691d01be2dfbefe15dab506751eaf8017a
658,8230-279154-0009,8230/279154/8230-279154-0009.flac,music/fma/music-fma-0098.wav,2155844,5.0,False,0.19680380613014706,1.0,270560,16000,b642330db944bf99fb24400d74b63f3a096fcfcb09b6ed3cea85c662cef04406,336b25e24041848c19b2effc0399add63654c33179ae6a34f033d0b9f0c84208
659,121-121726-0012,121/121726/121-121726-0012.flac,music/fma-western-art/music-fma-wa-0085.wav,283614,10.0,False,0.20050459220129532,1.0,64720,16000,b741059885961aea0bceaef76e0e01760ec3b9eb00990af669db9277ca178468,45d234e7bcf3bef7548e659c7d5b8eba5c1f00046bc94fe140d72ebc6f8763dc
660,8230-279154-0024,8230/279154/8230-279154-0024.flac,music/rfm/music-rfm-0117.wav,2950288,-5.0,False,0.5810502163451787,1.0,101440,16000,4236298aebcb03ef40038f2a341724d43a698a8a54a6c3864fbad0c8d9dc5d11,a562751a2bcca047fbb5f8958e26124eca5af5f2e8fe7fecaf5a4e41001cf493
661,2094-142345-0023,2094/142345/2094-142345-0023.flac,music/fma/music-fma-0011.wav,478276,0.0,False,0.354786552297838,1.0,82880,16000,7fd32a8b92c3d5ce9452c27c13c174b9125569df964614cea45ab031333d8fa4,ae2fff178d06bc6cd7d12f2feeb0c7dd4f55510b7ccd782af793b0b818cc8b73
662,260-123286-0029,260/123286/260-123286-0029.flac,music/jamendo/music-jamendo-0065.wav,3294993,5.0,False,0.14203644759658998,1.0,72720,16000,f0cff150610418501122fbe96244bc07cc2fcf67d730e79b8a9dc56d37a47b62,bccbeec9776418ef418a54c15a1965df639f0dac39cc0e0dc96bcdf9eb384ea3
663,5683-32865-0014,5683/32865/5683-32865-0014.flac,music/fma/music-fma-0057.wav,2046830,10.0,False,0.09665168231038851,1.0,41840,16000,cf39134bccb4bda8998d2043384b457bbac8b07c79b4218f4f5828b57f1d04f0,a4bd7d5b581390d13097382735fe40783ab5aa5337f3a569c28d29bc847f1c98
664,8555-284449-0015,8555/284449/8555-284449-0015.flac,music/jamendo/music-jamendo-0214.wav,1565329,-5.0,False,1.0841224362268347,0.9116495723446425,81920,16000,4766878a5937c836ec67e34db69121ae25b90c518e59e8e2db4c4790683d92f5,c4c37862a4ee83379699e49239631e8f306cbfa16e11c82c431611b80857c0c0
665,121-127105-0007,121/127105/121-127105-0007.flac,music/fma/music-fma-0096.wav,814873,0.0,False,0.20883912175688554,1.0,92640,16000,9800970a65f0e7fa56a78acaf0ef975e996a0c126d14e451312b517dc4027f7e,31896f5f7070f078aee1f5a8fe550e5861475a5c3c5a46f528fa1c39bb9b4653
666,237-134500-0029,237/134500/237-134500-0029.flac,music/fma/music-fma-0054.wav,2402338,5.0,False,0.33385678975153354,1.0,33040,16000,39c0a89b2a89e7bf5e8b9de1dc4ccec157674f99670e0c7992c36cffa8556100,822aad83f652ac31748a14eecceda2074a9f9c7abccb6a6588dff2b52436c7e9
667,5142-36377-0019,5142/36377/5142-36377-0019.flac,music/fma-western-art/music-fma-wa-0033.wav,3422444,10.0,False,0.11002528947988773,1.0,38640,16000,3d4ea4f42e611feb5a19ead8f0d89c216c9cf415ee4a86eb278be5114d890bce,bc9ad70c4555822dde3011f3482c5263553aa87bba9808163aa31e7ee047ba07
668,8224-274384-0008,8224/274384/8224-274384-0008.flac,music/rfm/music-rfm-0069.wav,2979239,-5.0,False,1.4426322547959727,0.6384181398309384,214720,16000,1c888cb249582c115af59c933a3e8f13197a59b5c98f425a3e90fedc9644b84d,60aaf7e600649db4c2639e51ff751612b73877be7a7070fa4a6f7ed4384d5702
669,1580-141083-0037,1580/141083/1580-141083-0037.flac,music/fma/music-fma-0001.wav,2049380,0.0,False,0.14205974839769459,1.0,91680,16000,2a3c6ccac52d23f95435097302f2bd8122bf986f52a1b45f8744275922a35f09,f737b7d71078e246ae784434903168e5c52c8910e2c7f82c35ca0b4abc785604
670,672-122797-0015,672/122797/672-122797-0015.flac,music/hd-classical/music-hd-0023.wav,7328459,5.0,False,0.2719778704579292,1.0,71280,16000,131186602c356f0c396f20b20819abf850df325d0bab3bb89e9b22126ba9168d,e167080bb0efbdbd0628d377245447f4e8904046600b8119c99f83c765c6b773
671,8230-279154-0039,8230/279154/8230-279154-0039.flac,music/jamendo/music-jamendo-0157.wav,3258593,10.0,False,0.1440514438538774,1.0,73440,16000,61ef38874d17c0155ff788636f81169bd51e95e6e7bbd3b5991fc55f4ae119fa,8c2689abe5d49559e003eab6173ae022617ec54b6a00d88046e41deb171b9eb6
672,1320-122612-0009,1320/122612/1320-122612-0009.flac,music/fma/music-fma-0083.wav,345227,-5.0,False,1.3895699826404846,1.0,62080,16000,c1c07086a64b9dc0bf041998cad88c4e67b4cbe773563f47336cc6462a549489,f97dd7e11c603d3b0c0d001bf0faa4e72e02055310569d82cc641deeeb2bd098
673,1580-141083-0042,1580/141083/1580-141083-0042.flac,music/hd-classical/music-hd-0004.wav,522646,0.0,False,0.35805965888709745,1.0,93840,16000,2807ec57c18bd3deb0f838990f60643508f37c5138be1c7b9da4a9721b859668,0915ff187b22d6fed267dfc34a3e7deba3192e12c8624ce9b1b5c18301bd710b
674,8455-210777-0061,8455/210777/8455-210777-0061.flac,music/jamendo/music-jamendo-0109.wav,3054937,5.0,False,0.36916773809713693,1.0,250320,16000,a38811fe5ddcc9b6aaede951efc9cfe8e2e77e15d3b8e840f24c73293b650428,f490866d3ac31e3cd04dbf69acfe0f64711518b7ff21c29e0cf821da21de65f9
675,2300-131720-0016,2300/131720/2300-131720-0016.flac,music/fma/music-fma-0117.wav,547222,10.0,False,0.14465605165578316,1.0,320240,16000,f9280e6c3a810fd0d78ef56d8534f27bf01884716a60ea832380dd10f61b95f0,49c01b66d9f51fe241e40144a27f90667e77a13a92a3f9d43477506572e1e3dd
676,260-123286-0003,260/123286/260-123286-0003.flac,music/jamendo/music-jamendo-0011.wav,616737,-5.0,False,0.44328280235790896,1.0,117920,16000,7bde4ee7bbc5bf505be8bb9ab7d6a84e4c8292dadd58df48ddd6b8a2e698777b,624e38981ae39018c7ae040a513c1a1bd0f98248b8fb6338a3dcaa519e756d49
677,61-70970-0008,61/70970/61-70970-0008.flac,music/hd-classical/music-hd-0013.wav,10393,0.0,False,0.637121411567492,1.0,34400,16000,468c9c6d4d767c76f4bb5069259166be13a52d71085570a241947b7cf9cc9e20,47a08430383620353f363c6e04ddccffdd338cecc0de27479a50d26b5eef47d5
678,1188-133604-0035,1188/133604/1188-133604-0035.flac,music/rfm/music-rfm-0054.wav,3931492,5.0,False,0.6144219509560425,1.0,46800,16000,0d010c00fc32f03b2809b30ffd7f0609bd2a226dc4fb48c464382d7dda6fe417,b28ad5f9b2f215b2c45690b4da81470b49fb547e9cddff0163ff22089df6b903
679,2300-131720-0004,2300/131720/2300-131720-0004.flac,music/fma-western-art/music-fma-wa-0056.wav,2927664,10.0,False,0.39144955827234323,1.0,318560,16000,4b8ce347726633e06d2d276266a671eeff36d8910b32ac2822615b4575d7d0bf,02dcbed89ec59c3a6f0f52ab713ddb84076d1dc6e2f46ecb481416d71d29c8cf
680,6930-75918-0002,6930/75918/6930-75918-0002.flac,music/rfm/music-rfm-0028.wav,830594,-5.0,False,0.3250371197814363,1.0,80400,16000,ca418189ed1db4ce1bf5e6940d51a9ce870d4d52f3ef9019ccdbb2189d1a0a9c,d188b25221da806d7dfb3aa46c8ee0ec82ab13b421ad4b4392e463e049084399
681,5105-28240-0024,5105/28240/5105-28240-0024.flac,music/hd-classical/music-hd-0027.wav,4925199,0.0,False,0.4582067003990847,0.9940111271930993,131200,16000,fa98c6567140a22ac932d675a669426cfbc8c117ed6c3bd2043b5ba353288664,2d195f0c1532c0187d85821e16553d2414f5c586d11bf6ad60000734ced04ebf
682,6930-76324-0027,6930/76324/6930-76324-0027.flac,music/jamendo/music-jamendo-0104.wav,2511571,5.0,False,0.12498710553276114,1.0,132320,16000,03da241e113b761e34961e66d338cf89db9ddc89fa3eb0a8cd4464c6c95a3a2a,14d019747fcf794b85abdc4def118606592f31178b165b436d0d91ae6971d5a3
683,2300-131720-0031,2300/131720/2300-131720-0031.flac,music/jamendo/music-jamendo-0199.wav,192176,10.0,False,0.15152729550085253,1.0,265360,16000,e93c6c35966e1a891dd2c3c7361fdb1953c50b9a238313dd81da9aa55a813b5e,ba4344f1ca71193810aa18b0d50153d804c499f372a08b902ad0c040fb77539f
684,8463-294825-0013,8463/294825/8463-294825-0013.flac,music/fma-western-art/music-fma-wa-0021.wav,1098138,-5.0,False,1.309039792693836,1.0,282240,16000,17f42e7ae60b594f6d1f76b420f1cbeb32e44f34358430b88cd3d563ca68e458,66eaae5fab1f5a89acfb645c082f3cf1cd623c09952ec92147747e6be3820741
685,5142-33396-0013,5142/33396/5142-33396-0013.flac,music/fma-western-art/music-fma-wa-0033.wav,1737341,0.0,False,0.37549257372138506,1.0,33760,16000,e4797974ee530099d6c7dda1fd18cb2e85c2361d25c4cd2ca8d50c6e64df8ec3,c9bd74c20f41ee88ed6e641f35fbf00e14cef280582a8244ad57f16476d2788c
686,7176-92135-0011,7176/92135/7176-92135-0011.flac,music/rfm/music-rfm-0018.wav,2896160,5.0,False,71.78158983760184,1.0,46160,16000,2f0ad1e2828896e2473390e3e03c54a641c9239fd2435174cea00ea4048db3d9,01a090cdab5908ca41f835bf3920f45f4e0d60f2a9e9565901f667d29703a634
687,5639-40744-0012,5639/40744/5639-40744-0012.flac,music/fma-western-art/music-fma-wa-0029.wav,52045,10.0,False,0.1479540753762078,1.0,137520,16000,e54471a6b02be00feb1412db35c1bf0fa9a694f7bfeadc7381e3970baa197197,b6f6fda0f4a36da50052061994ca6d85705b579b25388647e22fc524cf15b3f9
688,1995-1826-0020,1995/1826/1995-1826-0020.flac,music/jamendo/music-jamendo-0169.wav,3463770,-5.0,False,0.4843121112333018,1.0,97920,16000,29f4e4647bbf5b7003c66354bdf0cfd7d14d6fb78d264920eb887c34d3071cb3,87c46c7b0993151befab7840b5f47d48fb58d465c1088b4336506c35558d7b6b
689,1320-122612-0010,1320/122612/1320-122612-0010.flac,music/jamendo/music-jamendo-0028.wav,1184845,0.0,False,0.26586664631204343,1.0,163120,16000,a538ed9cd603bb3cb4b5cd9c2ea43c7f6532cb40925bbf1b1b7edd5608fe40b8,aa514905c9c7a6eae76103214ac3114cc3589f11b69f1f3b6cc61c7d504c30f0
690,908-157963-0016,908/157963/908-157963-0016.flac,music/jamendo/music-jamendo-0142.wav,2155615,5.0,False,0.16708224123473478,1.0,81680,16000,01623cd9c87300e87dba50cf70c356c708d2adad40b432d16e271eefab40db7d,b7ad21fbebfd5de4241c409a53e38b020fd0ed72a0222d00e6cc0d206aa76f78
691,2961-960-0011,2961/960/2961-960-0011.flac,music/jamendo/music-jamendo-0092.wav,2011199,10.0,False,0.0653177150553123,1.0,334000,16000,4c26ef61e512736d6f65fbd1b7125a8664403e082aacabff6352020aa4c13a0a,8ec1b7a922b401fe445b5df9a9dcdd8600229218bbdca381cb1cf3842cb0cedb
692,6829-68771-0017,6829/68771/6829-68771-0017.flac,music/fma-western-art/music-fma-wa-0058.wav,936420,-5.0,False,0.5825465786771123,1.0,38240,16000,fc26c28f95e3a390335ba094e8e89b83f57b300906de1898853dca3218e0d7b5,e9e8a6a029295e5b195144e16ae8ffa77ac8b548821b97464a06b91305ffeac9
693,8455-210777-0068,8455/210777/8455-210777-0068.flac,music/fma/music-fma-0113.wav,2415934,0.0,False,0.3408757265812908,0.9764449511755298,41440,16000,5736f2d0049cc0b1c24966906b60f1d37ac2eeec6616a044b788d168ba273646,d04622f72a3bdca307262c645000e5ead3e4c74c715b0cd8295c252e5bbcdc3a
694,61-70970-0025,61/70970/61-70970-0025.flac,music/fma/music-fma-0080.wav,3194056,5.0,False,0.09851594415164971,1.0,118960,16000,341fde8bc7e6f7ea59b60295747fb6eade0dbb1d654f0210bea90d703ec29b19,88f9c8fea7baa545769186842ed419e7acc4246a4dc0f1b98d0303b7836c06e3
695,4992-23283-0007,4992/23283/4992-23283-0007.flac,music/rfm/music-rfm-0133.wav,3995965,10.0,False,0.08449150652310347,1.0,64720,16000,bd2a99efe94b41709ffe4cf7f51431e246387dfc107c71c7f34029966c8fa7fe,746652589ae07785668c53f107514a4048774eec8b6f3ab303afa49bf6b2c859
696,6930-75918-0005,6930/75918/6930-75918-0005.flac,music/fma/music-fma-0098.wav,2799919,-5.0,False,0.7377258217563012,1.0,210560,16000,414a1c8dcd58e71e979682b965d2c60768f74646c6417ffea18f840701352d63,79792b1c3fa8d063f4e7aa7fe16dc99efc4637dcae0652b393a78f9c32d6b641
697,2094-142345-0020,2094/142345/2094-142345-0020.flac,music/jamendo/music-jamendo-0134.wav,587099,0.0,False,0.4990870297837766,1.0,38960,16000,ff6487153b6f922c98516d70322bcbb927931bdc6f9b9070904cd3b01d536c5a,20172f0937cca561d9597bbe45487705342ba23f97947bd1410e7d714fc9ae35
698,61-70970-0028,61/70970/61-70970-0028.flac,music/rfm/music-rfm-0029.wav,1853197,5.0,False,0.9277501072653036,1.0,104800,16000,15a399d4e11dac8ef5bce2b7c3e7c78b3cc03b9f8df0c6f628430d1b5ef98cb1,849dc08c8a9da6408a048ab85da57586e11641dd5012116c71f157d8421c91ca
699,672-122797-0039,672/122797/672-122797-0039.flac,music/fma/music-fma-0034.wav,4113696,10.0,False,0.17855214068754516,1.0,64400,16000,eaace6d0b3befb92e16a1f3b9af0dbdfd3504aa5bc5bdba395051b681b71a434,7ba612b1cf402f83a6d7ae0370f1c5f641093f40bec7a036abe016567537b77e
700,121-127105-0020,121/127105/121-127105-0020.flac,music/fma/music-fma-0102.wav,1192981,-5.0,False,0.3851899009594125,1.0,229680,16000,4e4cd35ac2ee7ca0040423c582aaa07979456ebaeaf5d53e4c1a18ce9cdeda75,4b2cbaab347b3b0d6f36c1d05532363e698bd12f9103d9a3203eaceba26cf114
701,5105-28241-0012,5105/28241/5105-28241-0012.flac,music/fma/music-fma-0040.wav,731843,0.0,False,0.29285388477718804,1.0,108400,16000,970d8d7cbfe5fa6e3533712cb0386a23ffb58b70f9bee2f04361f20316488c1c,faf10c7e243d0c9b1f120a15f368e4e18ca62d47c9db71048a73ac42a25c1f46
702,1089-134686-0026,1089/134686/1089-134686-0026.flac,music/fma-western-art/music-fma-wa-0076.wav,101811,5.0,False,0.5294906414444678,1.0,64160,16000,8078ca0f578ecf55cf8f203096ba254c0be9a4778aa919bdfaa5a70bbf415c97,ac23a11493514f54abde928459677197edb60e9a4acf36e8b774715bce9229ca
703,1089-134686-0017,1089/134686/1089-134686-0017.flac,music/jamendo/music-jamendo-0064.wav,206294,10.0,False,0.11515118759273461,1.0,141920,16000,9a4c744cc9da355f44b77dfb20c535d20f87391f94d5798d082f25d539ddb7a7,b420b67602a3b6b94937e0de8c557ac78bbf92bacc6251cf0eadf34167150e73
704,4446-2275-0012,4446/2275/4446-2275-0012.flac,music/jamendo/music-jamendo-0166.wav,2754634,-5.0,False,0.2568194671864084,1.0,96400,16000,ef96502f6324d87274fd2b61b106c763faf2b1ac8dae85c36363612918cbf344,2cd649d7405b15f34df428127b8b71b959c06cf35130328c62e99d860735fe79
705,672-122797-0013,672/122797/672-122797-0013.flac,music/hd-classical/music-hd-0048.wav,2230730,0.0,False,0.3629510200405121,1.0,139280,16000,2f34bb995efdf96c2fb0952d02277d541b86996453b4eead2de2e52bf1cf37c4,e2b4742ff0c0cf0c1c2b37b48279610feaded9ea6d173e16fe5a19b964fbe44e
706,4446-2273-0024,4446/2273/4446-2273-0024.flac,music/jamendo/music-jamendo-0175.wav,1157394,5.0,False,0.08114493323442025,1.0,77200,16000,bbb9790463aa9110096f461f9948f75cbc62ac1b053af59ee6f961526f0c2e35,7ca4db41ebb74298086f5772ca943f6595fd41cc4d8a149843f51366b1c66a2a
707,6930-81414-0006,6930/81414/6930-81414-0006.flac,music/fma-western-art/music-fma-wa-0043.wav,5095202,10.0,False,0.4453150879360327,1.0,108800,16000,8a1e190715c06d980efa1c46c7fa3702cde9543c9abecf3f0c17bdce84b906ac,4f669ee57da7da1bf8505dc5a5b1848b31d7f19697cf6c8fdaed0d4a89d2b8fe
708,3729-6852-0024,3729/6852/3729-6852-0024.flac,music/rfm/music-rfm-0117.wav,1479323,-5.0,False,0.3960230733379891,1.0,88240,16000,75fa5c86d21638ea4c7802885242a678d3298075676e25a156ae68a8e822f43f,d9f543543cdf58d9d5a393e1f8821e339a6bb8f12a2e40dc1c9a0047d2d8421f
709,61-70970-0034,61/70970/61-70970-0034.flac,music/jamendo/music-jamendo-0107.wav,5031499,0.0,False,0.43772033154213785,1.0,71760,16000,c79ccbae1b305301f698662929ed55d521115b570b6ff7960dc25558f317f35a,89c23093bf598d8ae8ebfee12c517318c32c9435dc38129f23ae12fb98ced589
710,7176-88083-0018,7176/88083/7176-88083-0018.flac,music/fma/music-fma-0040.wav,329427,5.0,False,0.31330890016415375,1.0,167200,16000,bea4b0e2a4a9389d34ea1a624058527a516dd4785141679ef77a624fc09febbd,2a49dd4592ad018bfe55235f1b06061ef7e01b2b0943a6789a8a0bf19f503006
711,1188-133604-0002,1188/133604/1188-133604-0002.flac,music/fma/music-fma-0041.wav,1775690,10.0,False,0.10123339618399645,1.0,287360,16000,6c0e8d4545ddf2585782dbc521a1e93bf72035ea951ed653a111203542269b26,ba1f8b8592ed2d701573225b2e2b50d1dd913c8838bcdc8f5ef8eb3a9493b12b
712,6930-81414-0010,6930/81414/6930-81414-0010.flac,music/jamendo/music-jamendo-0202.wav,392500,-5.0,False,0.4749713765051117,1.0,61360,16000,2e6b88446c678539a5cfbdb62a0e567c6194176457d225fcd29c1f8baa46a75c,57ea8d19afcb57d2eb19f22ca7d27008a55081bf1d7445b8ddeb6f12c8e036d9
713,8463-294828-0037,8463/294828/8463-294828-0037.flac,music/jamendo/music-jamendo-0067.wav,2598903,0.0,False,0.24756048497809763,1.0,85920,16000,cb179478556602a7d0cd7ef28af4be87c4040a705b7d2d9f1a32583cf35e3f91,fe32fa41b5549a6a2e5bc4a118fa309450f36637e7ea1fec01e68479d41e22e5
714,1580-141084-0014,1580/141084/1580-141084-0014.flac,music/jamendo/music-jamendo-0089.wav,870579,5.0,False,0.1595703170137399,1.0,63520,16000,eba3096908e7ec7eee0c939ead8c94dc5e18757ce58eedbdadfc8db2ae2254d3,1ee37d1339eb5525caad24d8828285e073282d13da4cb4b39279a07c6333cdb8
715,4446-2273-0009,4446/2273/4446-2273-0009.flac,music/hd-classical/music-hd-0053.wav,862523,10.0,False,0.08029366182059519,1.0,64240,16000,1d87a62ca31de31571266b6d82bd7aac62474b89dd530efaada807cc3ddc4fdd,565e167e611bb25a3866b60449a17c54d630ba613959d69f43f72a04a61c5caf
716,1580-141084-0016,1580/141084/1580-141084-0016.flac,music/fma/music-fma-0026.wav,5097349,-5.0,False,0.8041416813716831,1.0,95360,16000,47cec156d998ee198b9df91d4e516aabfd0f83be2d8c0465341de24494580e3f,ae36c88dac8bc7e569b7da87b7d5dbed3356c112dedcbd68c0fed20f0e6897e8
717,260-123286-0000,260/123286/260-123286-0000.flac,music/jamendo/music-jamendo-0215.wav,1130807,0.0,False,0.41446393832453676,1.0,112640,16000,be2a972d7d4a6b5c0e5805b2f5cab8182cff9a0878b172b38c684830775b36e5,d6a690c547144e09dcc67e86e14c2f39b4fab0d8d16e04b326b7f497e07b1519
718,3570-5695-0002,3570/5695/3570-5695-0002.flac,music/hd-classical/music-hd-0002.wav,2095977,5.0,False,0.3102520655106055,1.0,124880,16000,9114791b1b58d03834e6eb77395629dd3b7c863cbf6f82842e4fc16868afad13,9f38cde8a929eaf51a94291432178e69f6ac60f980c34ca9405f58e2096a8a66
719,5105-28241-0015,5105/28241/5105-28241-0015.flac,music/fma/music-fma-0032.wav,1055915,10.0,False,0.09049336052058203,1.0,466240,16000,7c621a48374804209da42926e00044c846d0b62bd065cd08bff7ac76db512611,48e00ca24cd6e4bb2557da0797230adb5bea1d033a2ffbe3110f507a489230ed
720,2830-3980-0050,2830/3980/2830-3980-0050.flac,music/jamendo/music-jamendo-0015.wav,535801,-5.0,False,0.5618645657771917,1.0,119600,16000,c64ee18bf0428a4b603cb1d5bad8eee0f0486a847bdc1582c63323b204888b47,243d230792efc13fe4bfcefb27690dcd6777e04a5e65ef088f9f58e2faa8fc36
721,2094-142345-0029,2094/142345/2094-142345-0029.flac,music/jamendo/music-jamendo-0015.wav,2485030,0.0,False,0.6462955171260778,0.9163353831392175,136400,16000,d66d889093138dd0d7ef635886757204ce428b01ae62df55f3b6bfaea9f95418,b0858fbedac2c1e61acabe0b5e5229fcf489fb79c3a99f17d820539f39c57531
722,7176-92135-0026,7176/92135/7176-92135-0026.flac,music/rfm/music-rfm-0127.wav,1618473,5.0,False,0.19084882959685023,1.0,47200,16000,0363bfcbe68a2624f3143c8b4bcbc112166a09923e0d6f9c5a0d7d8baa340855,dda639e9dded4d3c8d8b84c54e92f4aca95c8da1dbd0c96f388b77a9e3a7f4aa
723,8555-284447-0019,8555/284447/8555-284447-0019.flac,music/jamendo/music-jamendo-0189.wav,2558902,10.0,False,0.06463711543192713,1.0,164480,16000,68979985c2cb5b4710d8a99fed3420b5d1a9920990866f3c83461bd0839d59c2,c389ec42fc75ccffe69b34f505c662c17c177fbc70d61517c98e77b0a6b20fc2
724,1284-134647-0005,1284/134647/1284-134647-0005.flac,music/fma/music-fma-0019.wav,1434450,-5.0,False,0.5115450523886714,1.0,373361,16000,0ab4a53bb546c74a1ab9c4585896ed5aa2d3f41c0d9d60bd122f58497625537f,bd6fc6451967ae2fe511f81985fc6a6718df06cc33783d1c158e52d039e8572d
725,8224-274384-0004,8224/274384/8224-274384-0004.flac,music/rfm/music-rfm-0130.wav,1054368,0.0,False,0.5029997487206062,1.0,330240,16000,0e83940003931c7269edc85b2361f31cbd93aad9f6de4b4d4ba0043fbbeebf53,444b08bc5fbb30ebacb6877314fec2b8a4f0605cc4c3063834a4da8d8a239ead
726,4446-2275-0034,4446/2275/4446-2275-0034.flac,music/hd-classical/music-hd-0035.wav,1468825,5.0,False,0.6678689279117284,1.0,49280,16000,98ced9f181248f36666c27ab7ee66b0739a5a7dfa03d4e01dcbb14e75ac53fba,3d63b0dd85321c37e22c6b09ba0f03ecf3aad4eedd7ce1464783eba4c530dc16
727,8455-210777-0004,8455/210777/8455-210777-0004.flac,music/rfm/music-rfm-0142.wav,226178,10.0,False,0.10247174550312242,0.9811943372144089,125440,16000,ab1264fa8e2b8f7f683744f4b52f16897ddadc8fc266978b0144a860ae19409c,42548ea8294fd4663457f48490c378b66913099b87b6dd929609984cc1a76f0f
728,6829-68769-0038,6829/68769/6829-68769-0038.flac,music/rfm/music-rfm-0048.wav,1476788,-5.0,False,1.1544202970888406,1.0,40080,16000,451deb43268ce0471ef3f201742f477ec18c712bf9a73a152ff70fc12c0162fc,abbbed800ec916ef96070271a461b921348356f6af974ef2cf6de82fe58998ea
729,3570-5696-0007,3570/5696/3570-5696-0007.flac,music/hd-classical/music-hd-0045.wav,868437,0.0,False,0.6249014446760545,1.0,152000,16000,1358728df5dcdcac399ba473c5898b459f97f9cc059f4786a52f4e52847d9be6,360d723943b4fec24af7ab1caaee21119c6082693d1869d5b21a83af192e500a
730,260-123288-0022,260/123288/260-123288-0022.flac,music/hd-classical/music-hd-0027.wav,1216581,5.0,False,0.5206333941369578,1.0,59280,16000,616633e7e8b731e2893be43067ecbea98ab2157fde037ab5c7e1bfe5600c4077,d4785fb05cf17df20cabf5602012896a81669e7f8d63c4423ac0e22a3581994e
731,5142-33396-0063,5142/33396/5142-33396-0063.flac,music/jamendo/music-jamendo-0149.wav,534746,10.0,False,0.0748756736226268,1.0,40240,16000,1a0efbcb86807b14d1667d91fcfb38502a8b380ee1c8c0e3448db8b29bad82bf,4176f130b991427ffe336a639c9b84e3ac0ee4129ee6b10216bb920cfc339d18
732,6930-76324-0003,6930/76324/6930-76324-0003.flac,music/jamendo/music-jamendo-0165.wav,1238033,-5.0,False,0.2728407829396908,1.0,54160,16000,32d0fc1390c1094c4ba1ee7a92eeb8936c7be6ec996c7facb1129c09d9f3570f,06b038395f9fe9e1836d367197696c986a0d694f71f48f3016e36df856880713
733,1580-141083-0035,1580/141083/1580-141083-0035.flac,music/rfm/music-rfm-0007.wav,476675,0.0,False,0.3496924690407677,1.0,79680,16000,80ef402b75c7f5a28a3007709465a5f43f622f17fcf3ff58e2c7697dd2a1c949,239cb0108bcb6219a8608eed39ed5081f126ce3299aa787bceea8a57bf81c879
734,4992-41797-0022,4992/41797/4992-41797-0022.flac,music/jamendo/music-jamendo-0010.wav,381251,5.0,False,0.09476725982324266,1.0,103200,16000,40a6f394da9ee836d805e6a99f538a6cefe6db953fa9da1991fd4188091b05f7,0aaf96dd357f59c2f7a488c0cca6fdd8c73e535c5a2e115ef43b560503002151
735,7127-75946-0001,7127/75946/7127-75946-0001.flac,music/rfm/music-rfm-0021.wav,749705,10.0,False,0.11570263591102073,1.0,34720,16000,64861aeca17db745c0a67dd23b476c215a58dd4f17bbe9e2b245a5624a9d77b8,7c436e92ccadc7091ff4d82bee6632eb763ee9a4bdcff85bd3db1a6abf813664
736,5105-28240-0015,5105/28240/5105-28240-0015.flac,music/jamendo/music-jamendo-0185.wav,2038863,-5.0,False,0.6920974093774772,1.0,136400,16000,dcda045ef931450b779308ae5db7f89dd068cb661b0da9d356a4b8eac59c979d,a36755be693a4b918c82c6e8eb7d7042fa5a0f65764c00fb6557a6ecdf1acb50
737,8463-294828-0000,8463/294828/8463-294828-0000.flac,music/rfm/music-rfm-0064.wav,1649828,0.0,False,0.27365272466198076,1.0,57840,16000,54269b145b2f268111abd348e092394938557fe20bc0cf458b5b982f660f5d40,6f14850ba7f228a646148342e78b3340ed391b4f849c007cb244e4392e29d210
738,5142-33396-0054,5142/33396/5142-33396-0054.flac,music/fma/music-fma-0061.wav,517819,5.0,False,0.09916143637889381,1.0,91920,16000,ccb2530c5fedc01e4d42d4db3c5fe4616f6f0e6c4ff77defd3083fb38f32e6ed,f0ad800785a479cd388650723d54ba4d1cf63f33b18fa8c3a6101ddcfcc1e2c3
739,1221-135766-0015,1221/135766/1221-135766-0015.flac,music/rfm/music-rfm-0033.wav,2196360,10.0,False,1.3587850122164182,1.0,42080,16000,b10c261d54ea24adfb1683977f77065d13783e7d49579b2371aa3d24e7ad8411,05f0db8822545e60595f6b25c120999deb3b03654c30d2faf7eb9a63d09154f8
740,7127-75947-0005,7127/75947/7127-75947-0005.flac,music/rfm/music-rfm-0050.wav,73436,-5.0,False,0.7248498760311858,1.0,34320,16000,6d04531c3feb51997a55f66ad876344e101ba9e84f9d5239cd585f9343280455,e1df98853453f196b3ca6d2aa84c03e5585ba2c9ce8588e7b4f00b7efa599d3a
741,908-157963-0018,908/157963/908-157963-0018.flac,music/fma/music-fma-0059.wav,1056836,0.0,False,0.4039587231892186,1.0,68080,16000,92dfe359e46ecf64a3e2f0808d746b5a8b722919052e8aab4b68ec8faf00f08a,b582e41df4dd2f0f05042eaaec3beb0950cef4ee0a4d86008bd86a4bb00a7988
742,5105-28240-0017,5105/28240/5105-28240-0017.flac,music/hd-classical/music-hd-0047.wav,736929,5.0,False,0.1461149652991599,1.0,90640,16000,a1494a365e835ca27feec358020223738e9059018072273022243b70dfd67f97,612d577d138c34cd4319afd9eee00195bb132614eabb5c2a2c52b39bc77e2a0e
743,4077-13751-0021,4077/13751/4077-13751-0021.flac,music/jamendo/music-jamendo-0174.wav,3711829,10.0,False,0.09468985619981707,1.0,315280,16000,35f928654a2e6d079ff1c9256f10116e23a02cfd5b2eda66c2f46dbba452bcac,f6f23528688962c6cdf6aeaaf1c3fb73182d39e8ba69ce6b96fe5fb72761a9ff
744,5142-33396-0028,5142/33396/5142-33396-0028.flac,music/jamendo/music-jamendo-0199.wav,2573619,-5.0,False,0.6588898122906474,1.0,60080,16000,21b77f8aa4aa955337a96ac70056ec63fea6e1c06bb1bd93b93e29bf7b3ccf30,3d83ec04d6e505eeb01aad9218f2d463ea4760bd53771063a3f280a84ccf3033
745,1580-141083-0046,1580/141083/1580-141083-0046.flac,music/hd-classical/music-hd-0042.wav,875918,0.0,False,0.2699424174321032,1.0,56480,16000,8a1b525db58991f92f1b87dfdc6445e85f0d2ec87ce6f4a878227d2772dc216a,25de05a8cb3d6d14ef4c34f5eb52e1ed740375bceed06add1df8a53b3cfefa4d
746,908-31957-0008,908/31957/908-31957-0008.flac,music/jamendo/music-jamendo-0204.wav,2571531,5.0,False,0.2283946321819123,1.0,160080,16000,745f80a5db206ffde391f7fe1aa5b434b47965e15a5604a259db2c992911269d,814989f5f18688e9b0b2c97a53feb0d1e37fa8539cd252b6eca948851292525e
747,3575-170457-0011,3575/170457/3575-170457-0011.flac,music/fma/music-fma-0117.wav,1247687,10.0,False,0.10025659096609778,1.0,112240,16000,4481eee74ef83d25e9eef2a5e1573e158c0394cfcf29a8863653b94bdb02a916,6eef5ef433be050d1e1ac683ff1dd2fbe8394073d97ed39bd0c9c539894cb33f
748,3575-170457-0029,3575/170457/3575-170457-0029.flac,music/jamendo/music-jamendo-0163.wav,662062,-5.0,False,0.29450967850797577,1.0,96880,16000,ba365af914d39ae91573be4e4a160c7ac3b4b0de13c48d3bc5d72e14bd0b6c56,2ac58a90b2cfca6b3430021227159145d208b9e5adee4757fb83fa32b095a205
749,2830-3980-0037,2830/3980/2830-3980-0037.flac,music/fma/music-fma-0092.wav,3104484,0.0,False,0.14819886927457376,1.0,102720,16000,4acb3d4e5bbdbd9da32f6b69ea8d15722d0a2fabef88360ea11aad4e8dc6613c,d09de3f11e0e1e294ccb54ee1fe8c470b3a8b46d1a8999a33bf464db4df04939
750,1284-1180-0005,1284/1180/1284-1180-0005.flac,music/rfm/music-rfm-0099.wav,393181,5.0,False,0.6941662007393196,1.0,104800,16000,6f2c6684d3e187ebf92862b1033a70868ecf90fe3afc9614751aaa2a56f42a1a,f045a623162fdd9771e0cd6973d53c7f09d5733ef1990c99f6f753f0718ac543
751,5639-40744-0022,5639/40744/5639-40744-0022.flac,music/jamendo/music-jamendo-0053.wav,3627103,10.0,False,0.0761120915585545,1.0,218320,16000,8d499b488f58e42bf402d41a45c1b198469c77e6764e1f4766557453934f73dc,39b5068329e344abb1cc28461e6d53482d746ec56ec21fb561b0be270b38a14c
752,6829-68769-0008,6829/68769/6829-68769-0008.flac,music/fma-western-art/music-fma-wa-0028.wav,1096542,-5.0,False,1.7593044964916433,1.0,75840,16000,7d2fd0f9317dad190b205f846b9a345a3aa46f75cc7df317e1a624302351adf1,724f6cd34cf899b046c2d22fdbb468b82ca9e7a8999db782057a5adbf84103ae
753,61-70970-0022,61/70970/61-70970-0022.flac,music/fma/music-fma-0114.wav,1367712,0.0,False,0.222610009049522,1.0,63520,16000,08ecb92c27b2b2c40863a123232d03a67ecb79819d99c77e5d87daf9d2591231,1d2d65f9e8c84bec2b96cb49d182a5451ee703c3a90aba58b571e9ab2957cec8
754,6829-68771-0019,6829/68771/6829-68771-0019.flac,music/rfm/music-rfm-0037.wav,616946,5.0,False,0.19758428334796035,1.0,118720,16000,fe374222230f5a9910d84129c595a27bd8c0cec023ca7d534355e78ab8c6bae4,b0ea31dd4ecf8096b2d5b832a2b13513385cc7ad63b57b03381d25dacf57d1f5
755,1320-122612-0005,1320/122612/1320-122612-0005.flac,music/jamendo/music-jamendo-0157.wav,3841783,10.0,False,0.1437456327136339,1.0,94640,16000,8a548ea2c9523f2ed4fe5090dcd1f99a8650aa0d15af44f9e504bb2eadc5ee7b,6af1024a4fac12052ff4123e29de4880190c17e661b14d120db3bf95d116d0cf
756,1580-141083-0029,1580/141083/1580-141083-0029.flac,music/jamendo/music-jamendo-0081.wav,1776613,-5.0,False,0.44096499979654724,1.0,160880,16000,f356cf35ddfd5988867e8c564890f50c5a5bd1a860933d80b4a270c65a41d5b5,44c085b481a3a80f6ce7f1a5865e67a6d54eebe1326978da51ba7af91ef5c59c
757,1320-122612-0006,1320/122612/1320-122612-0006.flac,music/fma-western-art/music-fma-wa-0068.wav,909474,0.0,False,0.40612261490403145,1.0,77520,16000,5b5e8863192ff59dcfb7d012a62036550174b9da804e45c185af892aa5577a05,ef20b10a87bd5edbaf2508f512601c7e86a8f8899cdb938200111dfc7fe97894
758,6930-81414-0001,6930/81414/6930-81414-0001.flac,music/fma/music-fma-0031.wav,2637776,5.0,False,0.12283555174314419,1.0,279760,16000,b7ddabf419699d5f58d6476517483e4d7bb8ed0bac3c25af9ee6448ea9fa360b,40cf694ec5953b3a53c1be1e475c042e977719f708aad1dc2395f762185fee12
759,3575-170457-0033,3575/170457/3575-170457-0033.flac,music/fma-western-art/music-fma-wa-0048.wav,539018,10.0,False,0.31153295346376647,1.0,136000,16000,48708e3b01852ab5c5971fa91adbe23bceccebe033111e65df5c6a719d0b238b,d60d0cfe06775e13d6a0dfd180fbb26b49f2ff852cbc6efa599f1c9f0ee69942
760,8455-210777-0021,8455/210777/8455-210777-0021.flac,music/fma-western-art/music-fma-wa-0011.wav,1017528,-5.0,False,0.9177562737558148,1.0,43440,16000,5fb721ce339f9436e7a3159f8b8c9bb8a73943969b4c5c42cad01390906d6a4d,f911f6a58813c37287acb08d2c8fa4d190bc7681a1aaaa2b4b60a1dbfe300b2c
761,61-70970-0002,61/70970/61-70970-0002.flac,music/jamendo/music-jamendo-0152.wav,1447614,0.0,False,0.4399746834288499,1.0,66640,16000,36e79120755b111bbadd5a37e803e707070a34c381d97c8bf08f0a772a24480f,b2cc4e7ffe457800455c7e51048fc7dd6eb61df6a3370d84f26cb8da17e39d33
762,8455-210777-0034,8455/210777/8455-210777-0034.flac,music/hd-classical/music-hd-0060.wav,1516962,5.0,False,1.470694243864923,1.0,123200,16000,4b22dcc31120029860fd5b3869652967db5e6abac1815b0b202f038232c5556e,0fe3eac0c83b54872a10e4d7965dae00cf7f3bb8878732050475905c5e0792d9
763,7176-92135-0025,7176/92135/7176-92135-0025.flac,music/fma/music-fma-0055.wav,2098606,10.0,False,0.22040030180758485,1.0,251840,16000,aa2da53f181f206339f646589d2d8c6d9086e13702c362a8aa4540abc5300291,4bd7a9b834043cdb95c8db173565946e2001490502e44b3dc08f6e3075e9ef1d
764,8230-279154-0004,8230/279154/8230-279154-0004.flac,music/jamendo/music-jamendo-0108.wav,1960349,-5.0,False,0.6551119045262496,1.0,224960,16000,33b0361ee1ca32e45aac59eba9d54c831e12dc184ed41276321d130516c8b8cf,dec05bd3b8ea2316a846512e1aaf5d2682f9f41973c3f4e4b52e8965bf102ebc
765,1580-141083-0033,1580/141083/1580-141083-0033.flac,music/jamendo/music-jamendo-0020.wav,2048624,0.0,False,0.12704737672732253,1.0,119200,16000,e5c47de946c3c0b8de593bef501bcc5f8c7cea2ccdd65c26182559f51d5e9a52,476b3d7b121b69f52ae5cbb9e5b00a34b515264cab6a8b200290b73b1d83275c
766,8463-294828-0015,8463/294828/8463-294828-0015.flac,music/jamendo/music-jamendo-0025.wav,2304601,5.0,False,0.20393398875089622,1.0,78080,16000,f71f31493034b8cd7d999c0bcb91a197ee705a2588666a22657dcf73b5db2248,7dba340899ef1f9cb7b764f95eff888f6a076c03bbd1b67139bb88b88804462c
767,6829-68769-0007,6829/68769/6829-68769-0007.flac,music/rfm/music-rfm-0124.wav,883883,10.0,False,0.07433483537749776,1.0,61840,16000,38b804cdb61f23656534e21d70a2fb8a2e3668037a89908378f7327aed504cd5,6003b37369468c5156d91eaf46d1b681587bf47b7d9276365098e6e85278f677
768,908-31957-0020,908/31957/908-31957-0020.flac,music/rfm/music-rfm-0062.wav,900353,-5.0,False,1.2668702915862247,0.6398428514910071,94320,16000,1decd78bc51f2780dc11292bc7166e96ecffc8f73da9be46c43a3554a41eef80,341bc32093a7413a3443ea2e0c92cc70423ed6941473dc5a8db20499f7678daa
769,237-134500-0042,237/134500/237-134500-0042.flac,music/fma/music-fma-0097.wav,3624721,0.0,False,0.34256579258248177,1.0,41200,16000,e81d2b71ce9687e2e1d8de88f680e3f3440614918f59701a6bfbef22d8caf8eb,68307c8a149fed38a3cfcc8310cd3770671674ddcaa06f424f92041a1ce7bd0e
770,4446-2273-0031,4446/2273/4446-2273-0031.flac,music/hd-classical/music-hd-0038.wav,1023210,5.0,False,1.5960913825748864,1.0,28720,16000,b23bac5b685e6e9a856e8d148d4bac6bce3458f3de889669b8bb8103937184b9,5fc0f8cabb619ddff30fc8f371c5cf89d8174c048269e8a8e8cc95837e6bc6b5
771,1284-1181-0003,1284/1181/1284-1181-0003.flac,music/rfm/music-rfm-0049.wav,19144,10.0,False,0.15120140251276826,1.0,72080,16000,588f73f6f2f7078affa57569084f9786dfb5be423ac0a8afa906fa410b7fe077,494b8760ec3ee5ba4c7f5ba224d3188192644b53713034e98026ec4999ce6c08
772,7127-75946-0017,7127/75946/7127-75946-0017.flac,music/jamendo/music-jamendo-0086.wav,530913,-5.0,False,0.24075412399058868,1.0,197280,16000,de455065ca1b5edff76fb2afa6a40cb8a183c7da9f1d5d89d6b122660838dd7b,90410554aa9df1df70c7e995a08663f4a02afe9ac9fe7d5740274064b3bac045
773,2961-961-0014,2961/961/2961-961-0014.flac,music/rfm/music-rfm-0085.wav,2179773,0.0,False,0.20714369289362156,1.0,153040,16000,691a7daa3ee66802ca79343356b4007047914b79c053fbd559246323970a5253,2114713e9e00b4c2b23c513f4c06167efd703610bd57607dbdd36401395b1544
774,121-123852-0002,121/123852/121-123852-0002.flac,music/fma/music-fma-0026.wav,4977192,5.0,False,0.13942414136945863,1.0,276560,16000,0fa3f0e62158c5bf13ae7069a1579a29ecf23a46d8706b17ac624add8f9ae602,5948b631faf26ed46785ddc447692059c104b0ab7fd78d2435d9168edc055686
775,2830-3980-0056,2830/3980/2830-3980-0056.flac,music/jamendo/music-jamendo-0199.wav,254943,10.0,False,0.13856863255949994,1.0,85600,16000,2717ee305d94381ae0e3e417c4e1177b4cbf52c90776ad3e6dfd43ca32bd5c4f,23dbb1a5f373ca7095714289b91f67506cc9412f30ba083e7695fe50c0916759
776,1188-133604-0025,1188/133604/1188-133604-0025.flac,music/rfm/music-rfm-0039.wav,2186474,-5.0,False,0.7753738003466678,1.0,119200,16000,462e00b99f275c8dd71cbcb8b056fc5b17e7f3019cdb10a7a7b6a75434d31437,089ad0e76275a717415e1beff440dec4c9e11f022fec39c9f0d8614cdf4101b9
777,4446-2271-0010,4446/2271/4446-2271-0010.flac,music/fma/music-fma-0103.wav,1657082,0.0,False,0.26808040812752165,1.0,50160,16000,2484ad685868c33f9df23e048a6240ccbd4abb20f85e3f59f7a2f77830d68f86,f8a03e22623cf2fa463654a76f0cbee3a253d71a53a240486b818b7e6aa33e5e
778,1320-122612-0002,1320/122612/1320-122612-0002.flac,music/jamendo/music-jamendo-0214.wav,1156642,5.0,False,0.2915012734518537,1.0,119360,16000,096812d54a8d3c4c5723a98bae12c783e087c98a407bc8094dcf2be1eb0cc3ad,43b90d00ce4bff87961d8ad2d64ad619daf933f5bcd8f427f142148a520cb821
779,237-134500-0030,237/134500/237-134500-0030.flac,music/fma-western-art/music-fma-wa-0048.wav,488914,10.0,False,0.2741691140326072,1.0,44480,16000,2b1539bcf6d7c85bcdef85f21a2ad476c120883ba5d6cf972c2fb931c928aae7,43d2400bb5fa3629bd032d14b552ac131533b88b2a9e24e13fcecdaaac79e9bf
780,7127-75946-0013,7127/75946/7127-75946-0013.flac,music/fma/music-fma-0050.wav,30702,-5.0,False,2.265887643476484,1.0,137280,16000,a4c6ac12b25825b239f8a01d09de28301e1a2689ab7fa5a6568dbb50e52865ea,ed55f6432c124189326d289536c572f91222bc6207174285ea00ce1fc4d21b8b
781,8455-210777-0033,8455/210777/8455-210777-0033.flac,music/jamendo/music-jamendo-0178.wav,92378,0.0,False,0.3860748961102568,0.9389844246608519,120160,16000,568e4877781f7b578892c1f734bd9ca77a12b499eaf86d24a9fbaf2b598dd608,425c6f24555666357922a2427ba367b43482fb1fa2162cea7a1fc915778836af
782,8463-287645-0010,8463/287645/8463-287645-0010.flac,music/jamendo/music-jamendo-0016.wav,2168101,5.0,False,0.16423768539946995,1.0,69200,16000,4f357a0cd0353673d2008403a307df2e6fd61642d2051ea9dcc4bac1f6ee4298,d2ccddd4cc2192baa55b2987dfce828b28f72a76fdd0caedd5d9bdd9a91c8f69
783,7021-79730-0001,7021/79730/7021-79730-0001.flac,music/jamendo/music-jamendo-0034.wav,3495280,10.0,False,0.07195762240650791,1.0,183840,16000,1b3e8c057b41ba2034bcb50e8fa6b56acbdef8216814c84c294d731e56adf8ef,d38fcec027835592e61a2a781bc8ae009a46f25fba0987e96df4f3a1d608b61a
784,1580-141084-0002,1580/141084/1580-141084-0002.flac,music/hd-classical/music-hd-0055.wav,371958,-5.0,False,0.43757634640478127,1.0,94480,16000,945d5f14eebdcad2022ae4ad130881e1538a27d1e64cb05e5f8c423734e34d55,d1529196c20c40821cd96121d82e98cc51a5215fbdd6000c1a3112356f6d3bb4
785,8455-210777-0046,8455/210777/8455-210777-0046.flac,music/rfm/music-rfm-0109.wav,318315,0.0,False,0.28482132852131226,1.0,149280,16000,df45f20af02064fcefa29e11260120ffb544d790b0e43e649f9bef52c4075ed8,61eca79ddb424892e06a67d798efbad0fd821352416cf5cda7c8e7ad7c0f8288
786,61-70970-0031,61/70970/61-70970-0031.flac,music/fma-western-art/music-fma-wa-0014.wav,732587,5.0,False,0.25771034186546943,1.0,82160,16000,ec7444535256a32da0ebfc940071551d08d4ad50c03dbcbe3b375cc4e4cc07bc,3795341e390c31f5a8afc079d9c3531ad8bb77e3ce6eb94f1d2876d06af1072c
787,5105-28240-0003,5105/28240/5105-28240-0003.flac,music/fma-western-art/music-fma-wa-0080.wav,685166,10.0,False,0.2023314888258384,1.0,88240,16000,9619a506682ef252ed7785c92463476d1949f6519135b893545a993bd2d848b0,8064ac3d610192b75e5166f72b04ad0f1f89c7b7bcaf004f7765d7ab2c3e0981
788,8230-279154-0001,8230/279154/8230-279154-0001.flac,music/fma-western-art/music-fma-wa-0090.wav,626476,-5.0,False,0.739992936333771,1.0,278080,16000,923f63275dcc45e0681e648858ccbbc8bcfdd27a1cb190fa520098d0417901d0,895e080a5939dfb608fd9834a0788bf830711994361d5cb9f92916ada65d7301
789,4446-2273-0022,4446/2273/4446-2273-0022.flac,music/hd-classical/music-hd-0017.wav,891230,0.0,False,0.17618913134501862,1.0,93840,16000,4248265a7c677b90e1fcd10369707eb2ec5ff341d2769178ac7c9a3cee19ae37,b1dca999c44220437c8e132776bdcbc9458bdc283104ebe8b165a1ee67e8f33a
790,2300-131720-0029,2300/131720/2300-131720-0029.flac,music/jamendo/music-jamendo-0131.wav,2297206,5.0,False,0.5280989315223703,1.0,102800,16000,f48e05952608b1820bd08e6a5051faf575ffb20ae1c3e699ef445c8cf910a13f,8fcc210732fa99a72d4228da94b03b3f0235503d8bca516031cdce5a78736928
791,4992-41797-0000,4992/41797/4992-41797-0000.flac,music/fma-western-art/music-fma-wa-0024.wav,2605086,10.0,False,0.2395238506220415,1.0,87760,16000,ccf16923b5bb71f63d9249ca9cea730e6fb6f558b629cab741b369935f7c5ace,7a607fa02631ef5db1d0ee01ebcf1394b960a3204b59ecb4c857d1f33705c442
792,61-70968-0013,61/70968/61-70968-0013.flac,music/fma-western-art/music-fma-wa-0049.wav,331794,-5.0,False,1.9016601281557262,1.0,71200,16000,ec88f797bcb446927417a91a63fa9a92aa3cab67a4d4e68b9f0d84070fdfd12a,0bd74a3ca7147cb4f4b62d841203279d70e511c327c4e638d80088ef79129470
793,1580-141084-0041,1580/141084/1580-141084-0041.flac,music/hd-classical/music-hd-0006.wav,1785176,0.0,False,0.49867327795906635,1.0,127840,16000,2b89c5c2777e299dd229b75e160261f56679c880dee0747e7a5d544fa2ee2a4f,393673655084b18e9f3efbebbc49fdcdfe473d66fa0c3def72be92230a70e1f9
794,2830-3980-0018,2830/3980/2830-3980-0018.flac,music/hd-classical/music-hd-0051.wav,2255907,5.0,False,0.24998844204991844,1.0,54720,16000,1208e4524f613c84536df130990148903a8abe45657793f0841f880803dd016d,2b7aa701e7af1a3e118c6573ccedf7ea21dd3a2a391af6f91a5013b74483c6cd
795,7176-88083-0016,7176/88083/7176-88083-0016.flac,music/fma/music-fma-0084.wav,2967120,10.0,False,0.06105812491207601,1.0,62720,16000,07478eb094fbba3200013a15d86845eaa8bd5cef8a92323ff15ad9286108d58a,5537cd3cefe6a6749a9513577c318d9b615a89a9c3bd16bd380b2c32b06ace29
796,5105-28233-0005,5105/28233/5105-28233-0005.flac,music/jamendo/music-jamendo-0031.wav,920343,-5.0,False,0.3233361167096272,0.960070916992645,182240,16000,1f21f0c1dc7af00760b66c46e059496083a941a40cdccf6690869efe75f61c78,0ace85828c7cc306bc9b4fd441567f23222a280badfe7130dce2df4ea03e8264
797,2830-3980-0071,2830/3980/2830-3980-0071.flac,music/fma/music-fma-0101.wav,141253,0.0,False,0.3274218966137471,1.0,63360,16000,3d8e183d124b4c3915d677a2d6661afc7b91a8eab7f7315c952fd60dc6f1e81d,d45027ddb872ffb9b491ba58eacbb84b9f15d825e8efdbe44f6466537dbb5e33
798,4970-29093-0013,4970/29093/4970-29093-0013.flac,music/hd-classical/music-hd-0065.wav,286161,5.0,False,0.31723322977638163,1.0,128160,16000,539db00d96d20f321eb740f7ba3d4294f8ef06b555a73bb4db1fae40a59dc37a,7988429b7a762a5848992e5140a1dc68b4fced4753aa3a49f02e6605cf1dd888
799,4992-41797-0020,4992/41797/4992-41797-0020.flac,music/fma-western-art/music-fma-wa-0078.wav,1551193,10.0,False,0.11462960069159744,1.0,119840,16000,94c779c4b323fc0064f532c3ccbee1da73a8cf7199ab9295acb866238788efcb,47f59085a0a5d5c4ca0e03ee617cd0c6c8d07d0ba20865d8dbe4432a20ebff3f
800,1995-1837-0006,1995/1837/1995-1837-0006.flac,music/hd-classical/music-hd-0053.wav,1806736,-5.0,False,0.8882910616207778,1.0,47280,16000,3179fba66448835bd1f3f425bd85ce9f2fbe3c83d576346fb6d4d1d89869f3da,6cce27a792eef6d663416f617bfebe3da0512417a03c31d0740f4b60db9c6946
801,908-157963-0006,908/157963/908-157963-0006.flac,music/rfm/music-rfm-0086.wav,1161860,0.0,False,0.7414019754808514,1.0,129760,16000,7c535b06605b952ccd0c3d7b95e49c96bd4db60525c546c84fa0115b12fe0541,7a923b62f94c46cd2a58e4eced5997b129c9f83aaaf3e05a4ac326def6c9ebf8
802,4077-13751-0014,4077/13751/4077-13751-0014.flac,music/jamendo/music-jamendo-0144.wav,154283,5.0,False,0.10798681598701057,1.0,201760,16000,a02273c1df47278411214e3e1cf5bdd191bf3a79d2d83019adcb767bf244c960,0b44db478ee873f3bd9fd98629cd3117b4588fd00c415253d56135966c65b328
803,7729-102255-0046,7729/102255/7729-102255-0046.flac,music/rfm/music-rfm-0125.wav,2755860,10.0,False,0.0935633229956438,1.0,319120,16000,a73986d579b7d6fa5446aeb155dac14171a5b620646fbd129af0ee483a3926a1,b1b43c85f1cc77e60d614c4afd439b822271dd07043f2fb5bb94b9dfb1e9c3b7
804,1284-1180-0003,1284/1180/1284-1180-0003.flac,music/hd-classical/music-hd-0008.wav,1340011,-5.0,False,0.7302826996784719,1.0,77360,16000,3bdc2406cf2e00eaf89b475d005cdfd3cccf67bdb0190edc799c8f83a60ccca9,19930ecf3045e24e74eff422cf8d7b68f1f82822350bd7574965ff97239c4f77
805,4446-2275-0022,4446/2275/4446-2275-0022.flac,music/fma-western-art/music-fma-wa-0003.wav,1596408,0.0,False,0.3498676351505436,1.0,52480,16000,8354b482aeac8d422e89b0ce8fbb354b846a32cb6f089ac32790998ad5832447,f6901c5c707ff89d2210d78b155452f383878117e45b5ea9505c34bf0ce9b45b
806,6829-68771-0013,6829/68771/6829-68771-0013.flac,music/fma-western-art/music-fma-wa-0044.wav,7265478,5.0,False,1.185564167441709,1.0,115040,16000,aab14b76f004c9d0cc42d2e84f5cba0157067fdfd3b39e00fc87f2920a076fbf,a3559d03c98cff769ceba1a51e0033a600034d35e2117dc9cfc942bca055972e
807,121-127105-0015,121/127105/121-127105-0015.flac,music/fma-western-art/music-fma-wa-0084.wav,1940890,10.0,False,0.1604875290390351,1.0,47360,16000,7415c7ffda93dc53ba399e0fb501d85414c46e5a4363fc5fcad64295ac715972,39a2cb935a4c12ec0719cbea1e5382175d8f6d24d39dfe07b0f5559104441013
808,4446-2273-0017,4446/2273/4446-2273-0017.flac,music/fma-western-art/music-fma-wa-0005.wav,1033,-5.0,False,0.5946231091541206,1.0,43840,16000,b37f5c7ed8a0e12b8b611955e2f9d1f8c98c8d6dd6c73722efb220989ba0490c,7b74b67c99507803c95b38eaa5b14a657df5d3ec831b53bccfa7c02ca6d33bec
809,3575-170457-0013,3575/170457/3575-170457-0013.flac,music/jamendo/music-jamendo-0000.wav,3393763,0.0,False,0.2798503598563877,1.0,146800,16000,72d52973a103b680e45874549a2c22b68616f73e4aed3579f2de39735bcbc100,09015eeab3ca31904bbf0c64407628fe0fb23a86a7084c7d6a8a46357f1a0215
810,4507-16021-0037,4507/16021/4507-16021-0037.flac,music/fma/music-fma-0038.wav,4648024,5.0,False,0.33959132481974685,1.0,85600,16000,db766a8ada6aa6ccb8bc8c8fdcca04d03ee78fb711fd9a376c168faf99f0a58d,e32aae854839ae2b802fe64a6c935c4894b7cb2b109159cbcf6b8f7f35d369c8
811,7127-75946-0026,7127/75946/7127-75946-0026.flac,music/fma-western-art/music-fma-wa-0085.wav,469676,10.0,False,0.11945140640499574,1.0,322400,16000,9ca7b9d1b0e7c6f0af9ba1ed2ca835dcf0f8630f9c34a839f05b073500bf35d7,20266ed5f6de52e952512245fe957489ea268ad459db4795d4fa98fd3836fd6d
812,1089-134686-0019,1089/134686/1089-134686-0019.flac,music/rfm/music-rfm-0099.wav,335565,-5.0,False,1.5477157181148862,1.0,222320,16000,10f6cd89ea75e46c64bf083a132d22e9275a850d15b098225ddbcf9de91d41b5,6a822e1b5c8547817e386def9c39fd7eaae4b2d2266f2c0e5d1bd465ff8740b1
813,908-157963-0019,908/157963/908-157963-0019.flac,music/jamendo/music-jamendo-0072.wav,147202,0.0,False,0.6796540756293782,1.0,343040,16000,9f223e8d6b3b19bac6ecaf7da2fba953418411336f67f73d2114ee2be44fa59c,95871082f2c6fd2377e9f57f52ac13d30b1d7cf8353a6bfea84d5ae4f7ea5829
814,5142-36377-0004,5142/36377/5142-36377-0004.flac,music/rfm/music-rfm-0086.wav,332629,5.0,False,0.21797593952289276,1.0,87760,16000,91f67b3599e6593021e4ec415a9855268093ca9713def978644a4c440a16ef01,dfc8f75106c72c1b4a43df8630cb9a315b20868807279d1ea0229fe4e960b1f5
815,7127-75946-0003,7127/75946/7127-75946-0003.flac,music/jamendo/music-jamendo-0165.wav,364241,10.0,False,0.07422733245388605,1.0,76960,16000,2402f562e4eb8ea37ea9b1fe36c7e4516aaa1143809a54ced6cf24651e252d5c,b4070e61ddd76d5de35057c649223721c83b4f874ebf913a738df5c63ee64b43
816,237-134493-0009,237/134493/237-134493-0009.flac,music/fma/music-fma-0067.wav,2442364,-5.0,False,0.4327481598380291,1.0,47600,16000,4ddc571430551a7a406df7bc23f0476e8460d405088769f028d1bf2017c68ed7,4bf590fc25c200807d19bc5f668fef2d277c04f21f31e0c3084396b4ac0b7fe4
817,6930-76324-0014,6930/76324/6930-76324-0014.flac,music/fma/music-fma-0055.wav,205044,0.0,False,0.48927449640704074,1.0,75520,16000,c847c4549948cd1742a7a32c09dc15c4c1990ead6fa91efee08e427d8fddf037,8264afd193bd2c7e3a2658e8aaa0616b5f36ac5c0ca50cd31d3175a0a2233a6d
818,4446-2271-0022,4446/2271/4446-2271-0022.flac,music/rfm/music-rfm-0117.wav,1863032,5.0,False,0.14977525605211675,1.0,37200,16000,8b813e6d5aa028d0aac6fa44e5db28f976474596352625224c2127bf6ce3ecf4,d3dea2f132aaf6e61d4ab3d3e27b387a61f40fbfada4c579d8caeab8af9019c2
819,1188-133604-0015,1188/133604/1188-133604-0015.flac,music/hd-classical/music-hd-0028.wav,4179059,10.0,False,0.41354958680812637,1.0,257360,16000,e7d8e1fd584bd58b27a6b55257cdbe62e28c57d7f6a4a6beb06b5c1bcf039b05,4f2c7c60da73b2ac7e92093ac32721ce07a944dd458e75516fd7aaca514a82fd
820,4446-2271-0021,4446/2271/4446-2271-0021.flac,music/fma/music-fma-0125.wav,1086197,-5.0,False,0.6889345928132188,1.0,56960,16000,7f9c1790b6dc976ac8a14332a3e3dc328dc9be7603304f223c0902c96550252e,3aa8743a077a63c5a9ff95060f5bd05a932cd20ed1b8435f55358149934caaf5
821,8555-284447-0000,8555/284447/8555-284447-0000.flac,music/rfm/music-rfm-0011.wav,1588213,0.0,False,0.17799283419503534,1.0,153680,16000,776e0a845c2543cd05bfe7e2d019ed800a3045880fd00f3b7c703a47108e83d4,d3f23c32205cfd9be729e50cd00986df4883d8099bef6a7a159836875d15dfeb
822,7176-92135-0045,7176/92135/7176-92135-0045.flac,music/jamendo/music-jamendo-0184.wav,716384,5.0,False,0.8703356100637176,1.0,83680,16000,de26eaa6d5b6b21b7446196d0cd062076980db51f375bdb99f418055f1167df9,fbca5f16f4350142ad53065696565df5c40cc7083df38788a409ae66fdcff83d
823,7729-102255-0018,7729/102255/7729-102255-0018.flac,music/fma-western-art/music-fma-wa-0008.wav,4335201,10.0,False,0.24202094912441227,1.0,181600,16000,6b038fa0bbffcfc9e76e7d113da5fe01b1b7c275eb78ce8a1e90aa86af7e0424,c6d460ca131d8b338025d730c2296580e3ffcc94013dff1c6ee4092f0b76f4a5
824,7127-75946-0022,7127/75946/7127-75946-0022.flac,music/jamendo/music-jamendo-0057.wav,1893048,-5.0,False,0.8423902293192455,1.0,175040,16000,b05b9a21ed2359d86ca9d5bce05a544e358a431410781e7d133e40de4da69ff0,ec1e1292471cd60b5729eae8bd00689c8c49f03d99a41a50c4dff7616af3f606
825,4446-2275-0005,4446/2275/4446-2275-0005.flac,music/jamendo/music-jamendo-0118.wav,854899,0.0,False,0.6977775629767159,1.0,71120,16000,5678c88152797792daaa86dfd924d9118b69497cd44f0985360769bd39274584,be9b46386e265a348c3bf0c18be2ce5a3b37d859e47148ad144efebed4ed321b
826,5683-32865-0004,5683/32865/5683-32865-0004.flac,music/fma-western-art/music-fma-wa-0068.wav,802319,5.0,False,0.15537606494567374,1.0,117840,16000,ebc08a57f31d1fa591a2b4956c5e54288f29ace7156f1dfd839ac70689d07780,488201ce4c442543268ea5ba99b2c742d012be95640f33101ae3833902c6cfb3
827,2094-142345-0027,2094/142345/2094-142345-0027.flac,music/fma-western-art/music-fma-wa-0001.wav,952101,10.0,False,0.2336543019325694,1.0,90080,16000,fbf6e04d093b97d5732693f769238ebace319a0fde114df333d4d150fc918e32,6885cc36ca6216454202f29c904d23a1dc25998849e23ad104a80773710f0e73
828,7127-75946-0014,7127/75946/7127-75946-0014.flac,music/jamendo/music-jamendo-0019.wav,3419973,-5.0,False,0.25322766345606806,1.0,162800,16000,a234b2f05c9a94244f9e9d538da1ffcfd3a6b103601e24c2115ab3da3d72848e,598eb43755bfb36633146638de4d093d4899a7b87f8ea17f84a284462b78ebae
829,237-134500-0041,237/134500/237-134500-0041.flac,music/jamendo/music-jamendo-0197.wav,1280765,0.0,False,0.20870764418548246,0.9702184846303717,142720,16000,14e62214f0ac62e1d4c708d52bdd0f893755025135754feb16543daab993683e,e3d0a05d6cd423809f61628f793025904d83aa926ab9b161e35a43a4fa3848f2
830,1580-141084-0040,1580/141084/1580-141084-0040.flac,music/fma/music-fma-0124.wav,3007203,5.0,False,0.18579887846273316,1.0,95760,16000,03d442a4c4271be5403a2263415b5d14077f4ccd8d7d9b9e2c9b29f5594e7a4a,9b8ee48c979711c6a7c4f7659b3f023f45ba0022ec12906740b9cf0a12bc40d5
831,5105-28240-0013,5105/28240/5105-28240-0013.flac,music/fma-western-art/music-fma-wa-0074.wav,24477,10.0,False,0.4374793443740964,1.0,47360,16000,4d7a97c4be4f1ec280cef8118219a75098fa4491116f212b031e1a0ce32949fd,222e8b82767b585ee7753f4f8f48c9ea3aad81faad7293090a0b30be3b70f510
832,1995-1837-0013,1995/1837/1995-1837-0013.flac,music/hd-classical/music-hd-0012.wav,1618313,-5.0,False,1.15070550200522,1.0,51120,16000,b8152fa512e8f7889c4cde3dce31f5571761adc70be4231831c8c9a46a82c894,5f087bf83cf9fe04065e9004696b98a136cfa6f6edf437cb7b9da9f1dd4c0d26
833,1995-1836-0011,1995/1836/1995-1836-0011.flac,music/fma-western-art/music-fma-wa-0076.wav,600898,0.0,False,3.3396614255781922,1.0,75280,16000,8e536c3b1cca33c30ee98aa476e76ad361d8505c32d74ca8c00dfd40d70747c2,638c327c5d7d32d0014b0270d48d79fc6ae3007a3cbc6b8f70f414e158042b00
834,1580-141083-0012,1580/141083/1580-141083-0012.flac,music/fma/music-fma-0090.wav,1201214,5.0,False,0.10660433655217637,1.0,113040,16000,a7e065fd31ad35e594c15ee60cdfe1932ab5fe7e379ff3dd6f797cd37b432e23,b884a086b4522196b0951b1f5a4e43e90e669a805f2c6873a30b03c99f309c75
835,1188-133604-0034,1188/133604/1188-133604-0034.flac,music/jamendo/music-jamendo-0041.wav,534579,10.0,False,0.046845598993849366,1.0,334480,16000,5038f17eadeb56a915699eb3a6956b08876af2c48754257fb357422fe6f743aa,c48dadf1467106bfcca2cdbcccb39308af2a2824d7adf43d70fb7d89c426d127
836,3570-5695-0000,3570/5695/3570-5695-0000.flac,music/fma/music-fma-0102.wav,2791874,-5.0,False,0.4733231825392417,1.0,77280,16000,ec23dea137b43cca44a3a23c08c2db5ba01d5b828bc22a9cd167a854a307c7e1,c0904bcaea1620e89e467046a8c9425e58d2ce808ea1332d818b6b44e89f86ab
837,4446-2273-0007,4446/2273/4446-2273-0007.flac,music/fma-western-art/music-fma-wa-0036.wav,2489085,0.0,False,0.6064767193211538,1.0,49520,16000,4d97ab683715366fe841fbca8cbcdedf6236c1cf98941bba0c0239fd3531f539,b2209c03bccbcde8d4611176dd3a0b10ceff33b8a18637c056b69b052d3b4750
838,1089-134686-0020,1089/134686/1089-134686-0020.flac,music/jamendo/music-jamendo-0090.wav,1975604,5.0,False,0.13409575587914435,1.0,268640,16000,a786e0e7cb3d0e4d0b85c4c399ed267177023571445acb4fe6fab7a6f557f618,8759801e271d8b9d9afd3d59035716b8c862c5e31d62cd012bf761b477b93dcb
839,8555-284447-0006,8555/284447/8555-284447-0006.flac,music/fma-western-art/music-fma-wa-0044.wav,6712506,10.0,False,0.1568549277739221,1.0,207280,16000,6942d7da583b4b9bea4a790cc28ec6d66be5530d516f2a9920224a642a9fdfae,3e391f9271885bfba1b5b82765083968d3077e9d3ff0b2ec57702138ab39fd9d
840,5142-36377-0018,5142/36377/5142-36377-0018.flac,music/rfm/music-rfm-0135.wav,663598,-5.0,False,0.2585194793478286,1.0,79520,16000,2679f1eac09f6e72ffa4b5bc0b562ba96a89787feba3eed8d4f04791947e2d4a,413409c8e6bc203f79357ceb6b280797224c52c05dd223f7ae1e2e73fed7f963
841,1995-1826-0004,1995/1826/1995-1826-0004.flac,music/jamendo/music-jamendo-0155.wav,669465,0.0,False,0.7685546188480333,1.0,48560,16000,c1e6a81ee9ac45559e8b071e8fd8333473e1d097bbf111f07e6cec58a306550f,83cc20f22fa191e3813f2b356dd6643ada88ae6d50f76eeaf6417c7c743c8522
842,3729-6852-0030,3729/6852/3729-6852-0030.flac,music/hd-classical/music-hd-0069.wav,615196,5.0,False,0.09244781018902297,1.0,45440,16000,b98625ca0840d6cd59047665ce773ac3dcc2a1c60aaf0abc92933c2309c01ccf,cec3231b060543009404d3a58f16689c91c18b24f6fb7e66075cb5cd8710fe2a
843,61-70970-0029,61/70970/61-70970-0029.flac,music/hd-classical/music-hd-0061.wav,2615187,10.0,False,0.20397940485499866,1.0,64480,16000,23c356470689562a45bfbfbf80a2f70be0223face5f07303befc53bb3454e22a,78ec3acd4b538c3697987ecaafbe3fc40e0524c731088288bef014f5c2f2093d
844,5142-33396-0053,5142/33396/5142-33396-0053.flac,music/fma-western-art/music-fma-wa-0052.wav,2312929,-5.0,False,1.3535163755840418,1.0,62880,16000,7adcdbc980d84b9e6b2443eaf9fe6a69c0dc4165bb09c3f6a9ab1b09f069a29f,430f448a8bd63f86be6e966708ea2e784ee92575a9faa6b1d3c5c87b15802186
845,6829-68769-0022,6829/68769/6829-68769-0022.flac,music/rfm/music-rfm-0004.wav,239380,0.0,False,0.6447501547999794,1.0,65840,16000,434d68d8dc6bdb85b6df445baff9c8c695e3e6131b03a0d008e27fe20e520a58,c05325ce22a6bc1dadf52c3a325928a1803bbbbf528590b1c22b3477f42a28f0
846,1580-141084-0030,1580/141084/1580-141084-0030.flac,music/jamendo/music-jamendo-0197.wav,1794737,5.0,False,0.10420312929983852,1.0,34320,16000,f1794e8072a02da379189c8f0065f0ffda58a21add5e55890a4c0b4520a201d2,a3f868470e58b3fad799e4404ab4a8205d251bd30544843d49d93fe146b76839
847,1580-141083-0034,1580/141083/1580-141083-0034.flac,music/fma-western-art/music-fma-wa-0062.wav,1947924,10.0,False,0.06274278407966015,1.0,111840,16000,43a4cabcd529fe8c226f110fec73b5e3e97d256ca477b784c3314f24e1eacadf,62d29e943af1249cb666f59e66160f17d96fab33429f527146cd2d6ea74faec2
848,7176-88083-0020,7176/88083/7176-88083-0020.flac,music/jamendo/music-jamendo-0028.wav,1968301,-5.0,False,0.37378908328816135,1.0,86640,16000,cf334e982e6fd406032b4a14205a9824df32b6490cbbc69c5d689876a2ee358b,945a460b94ae9efb4eba62bb9bf8966c740ed7a3568588ff24763a3413a49ed7
849,2830-3980-0030,2830/3980/2830-3980-0030.flac,music/hd-classical/music-hd-0046.wav,2436003,0.0,False,0.599241706637593,1.0,84000,16000,680d451f1e0a090a4de28f90170862006470522f630a987ced445c8348a1dbee,765143e9f53dea8cea13ddbce77e84730cb42efabf56d27af696320c5b6e280e
850,7729-102255-0005,7729/102255/7729-102255-0005.flac,music/jamendo/music-jamendo-0058.wav,2094779,5.0,False,0.26390969191714936,1.0,82880,16000,6d12bef5b93929bc7d33615965ab3bd0a284ea7f10846f23588deacb9e5dc1b8,84dfdec56e8528e79b4485b8df783cd5aa54dc7861d8420453daf0fceebf3719
851,6829-68769-0003,6829/68769/6829-68769-0003.flac,music/jamendo/music-jamendo-0096.wav,1799705,10.0,False,0.12433582389347456,1.0,67440,16000,5527ec955dce65abcc7b2f0099be02f52332fc5104b32c72017900421af9805e,19751e0eb12820243912ead4e9cea675cdab13066a3accf73892e9aee4895cbc
852,6829-68771-0011,6829/68771/6829-68771-0011.flac,music/rfm/music-rfm-0080.wav,503431,-5.0,False,0.560777844847637,1.0,90000,16000,c3cfd971b6c08be3ad7a8ee1ac8f7ae56bfbe712084edaa9a193266ed3d8f77c,49e0de8988b09dbe25d81f4b18256bae95f09748720166ad2e4da25414d88eae
853,1089-134691-0023,1089/134691/1089-134691-0023.flac,music/jamendo/music-jamendo-0005.wav,3296791,0.0,False,0.2127467728597134,1.0,123760,16000,43f3f5fcb65849b8add1ce69a66831e80e78d625ddfc83f61f13549f4918ba64,0ad7d2efc95a14ed692fe7ebe127bdf63873c2c9c51ee8f16603defc21136c46
854,1580-141084-0023,1580/141084/1580-141084-0023.flac,music/rfm/music-rfm-0023.wav,311599,5.0,False,0.15209633590245653,1.0,139760,16000,7bdd9fc4f47b883beb865ab1e3e7a854b88e00f212ac1cdb017eed3edab1d54b,45a8195fc489de34c0a4a7701fd49339fa85035b75d94b92f122565d6d0bcd7d
855,4446-2275-0044,4446/2275/4446-2275-0044.flac,music/fma-western-art/music-fma-wa-0013.wav,1915999,10.0,False,0.09069331746864581,1.0,41840,16000,4993d891a4f01de2ff848818c0795fda2255a334fe19b75466413908c37a9b9f,d8555d38533f813dc5bf454992abf1f65f191a6a042b9f5597754a7a49905d7d
856,1995-1826-0016,1995/1826/1995-1826-0016.flac,music/jamendo/music-jamendo-0188.wav,715193,-5.0,False,0.8774437877266662,1.0,94400,16000,aabc4fbf1ec3f1d0bd0c9b271e6df883fa2df22a046b12ed2d3d9de3650fc808,b8d5a6584c37bb131836ab7ee58afe3c85176bf015252df5a8f87d35c0053558
857,7127-75947-0026,7127/75947/7127-75947-0026.flac,music/fma/music-fma-0085.wav,45114,0.0,False,0.4900575014597125,1.0,104880,16000,642a006fa2463520c89c2c0813581aeee6a3d67a94ec210c4ea7d5af4e19e69c,d6f308a64251380e3f0bd2e3b78a37bd5ec212ed2ccb62d6a79cdf5fb77ab49d
858,1320-122617-0020,1320/122617/1320-122617-0020.flac,music/jamendo/music-jamendo-0197.wav,2559173,5.0,False,0.15725923447931411,1.0,142320,16000,a043bbac0953991c376106a57ef10599ce76326a3a83b8ba4fc1513b5e908827,b56881a391263442517f0433301afddb31edaada01e68eb3046b9f671d3f6015
859,7127-75947-0021,7127/75947/7127-75947-0021.flac,music/fma-western-art/music-fma-wa-0044.wav,3468825,10.0,False,0.8292801801508352,1.0,63920,16000,8bbd8649ca299f6cbff663c1caa6e538b963f1d1e25e1fe8af6e796b0db12295,a6b9d5dd22e4df47b30f5aa93c6a6f42602c6cd44fae2e7704974c25bc62c589
860,6930-76324-0018,6930/76324/6930-76324-0018.flac,music/jamendo/music-jamendo-0111.wav,2777071,-5.0,False,0.38412559981693645,1.0,34240,16000,c3556f2442b557de57431a568ee7fded61847dcf98da0971587a44eed8062524,ec24d4302b087f033a5238b60c4e9a01a90d9cea126f05d00258555df91ae5b8
861,5683-32879-0016,5683/32879/5683-32879-0016.flac,music/jamendo/music-jamendo-0170.wav,1545035,0.0,False,0.21196974727056797,1.0,162960,16000,52481fb3669960be3f4e8dbc513add630f1e76bb76bee2ebcebdb148b825b854,0ace077259613688591a4b28249f34abd9c3fbdd2ca65fb156ca560036fa4d0e
862,7729-102255-0039,7729/102255/7729-102255-0039.flac,music/jamendo/music-jamendo-0153.wav,1617500,5.0,False,0.2115679479128641,1.0,109040,16000,4b7072dd739b7bffb8283a495076d4b85fd360314d12cd062d4c87ff63d0b447,d74dd04c28ebe8f4466249a180082729631645a33bf9ab382ff499f20b9e88c4
863,1995-1837-0012,1995/1837/1995-1837-0012.flac,music/rfm/music-rfm-0074.wav,930757,10.0,False,0.06559852784935144,1.0,131920,16000,e2c3e9b0048ff05bfd4baf07725a11b8ee4f452224cbea5288c703625c0b64a6,6e848a988483d2f087fa46820edfc10f39179d65804a28dfcf6c05d676b4fd6e
864,8224-274384-0000,8224/274384/8224-274384-0000.flac,music/jamendo/music-jamendo-0095.wav,64946,-5.0,False,0.6722979729025521,1.0,121680,16000,49424c35e197a51991f93f94767278898db9be9ea1d5ce17f9fa63170dc3cb53,ce1b678325dd81c5c5629cf43e2ef83a7a31b90a8fbf2df86895cdf6e7ccbce6
865,1284-1180-0019,1284/1180/1284-1180-0019.flac,music/rfm/music-rfm-0095.wav,2092039,0.0,False,0.24668110003589344,1.0,240400,16000,7c52590999672974cd1fb29e575a91f0314df6fb0948a9659e31823514f260f0,78d2d762a6672164db0104d69c8a126567a7755ca676a2285ce6a5ec1f298d74
866,5142-33396-0061,5142/33396/5142-33396-0061.flac,music/fma/music-fma-0058.wav,178023,5.0,False,0.16064293137948008,1.0,34240,16000,041d95042383de4f9a8b1b13b19b268405af4684c87afd054dda0c31dbb98357,6e8fbae683b05b1f2120ed5a6e872dddbf7583c010373e89948360ec0da90a71
867,8463-294828-0034,8463/294828/8463-294828-0034.flac,music/fma/music-fma-0105.wav,455712,10.0,False,0.04073138139368802,1.0,56080,16000,8901cfbfff056a8c062a28c71c8eac83243251202ddfdb556b33056d5c31c2ac,50999c07adb2cde65249323dbc82cc33b5b9b00012b4a95c5cc2515da392dc50
868,3570-5695-0014,3570/5695/3570-5695-0014.flac,music/jamendo/music-jamendo-0132.wav,1613426,-5.0,False,1.3144847155010224,0.983347761775821,168640,16000,e6e82f31b8a1b4a572ccc53706fe993db9255e8645432dad82c4badd97783668,f30cca2b64d2298f19ee4ed89c11d94af7b55024712205acaae725ddafba2ef5
869,4507-16021-0020,4507/16021/4507-16021-0020.flac,music/rfm/music-rfm-0126.wav,635468,0.0,False,0.4475329259814154,1.0,360000,16000,7b6ce0b221cdd678e712a59d136f08505452c235bc6a1a5b8583df180d10194f,8d43d0679b4b3382e8f766bd503493a97c0bcfcc0fa3e64a89d752624ce4f448
870,1089-134686-0011,1089/134686/1089-134686-0011.flac,music/fma/music-fma-0072.wav,1393025,5.0,False,0.13670992264656176,1.0,199120,16000,097baaee33039db64dd47e7f1bf9880530be8e4f693d70dc022059c7fef2cc69,3d48c818cb9b28447093d1a03e6b1e952061123dd75d0b1f70d7a8e016ecc472
871,1580-141083-0017,1580/141083/1580-141083-0017.flac,music/jamendo/music-jamendo-0132.wav,1499099,10.0,False,0.07823754339651981,1.0,36480,16000,f911bb070f6c03d4c73d084135a37c710946fcbe1f00b636ae3e920fa8346b9c,fb504e6dbaffe5a747fe49f0181f5580d986ebb847b14de4ffa5b64d48de4a1d
872,8463-294828-0016,8463/294828/8463-294828-0016.flac,music/fma/music-fma-0113.wav,1610018,-5.0,False,0.17010963123053657,1.0,52720,16000,c6cd340ad74b95964f8ccd4369d7c03f29660dbf06c15bca1288be279591ca4f,2f70716d60bf5ecd6d9b6126fa97c6196117ae78231465e168ff86555076b581
873,8463-294828-0007,8463/294828/8463-294828-0007.flac,music/fma/music-fma-0038.wav,3556494,0.0,False,0.47893620159184697,1.0,207360,16000,9b9faa20b7d4fdf453782bd63c3eafa98ebf18d16b9398d1660e2df6141f05bd,708a58dadcec6a0377235fff70f2884085467736eafd2a5cc5e5058e5a5b05ec
874,4077-13751-0002,4077/13751/4077-13751-0002.flac,music/jamendo/music-jamendo-0206.wav,2052432,5.0,False,0.40081680941709996,1.0,156000,16000,047be764cdc5bcbf8bc1f5f025bea6467ebe19017f7732f91057c259be0c652d,29809887e065e4bcc6718647b317834dea5fbae2f6d43f328cc25c22c31a474f
875,8455-210777-0005,8455/210777/8455-210777-0005.flac,music/jamendo/music-jamendo-0104.wav,231667,10.0,False,0.20703291092084666,1.0,90960,16000,71076fdfe5eee94d921cd58f9f193d01bb61ebc0bd56f2a684983a949c51a13b,d6109f471082aeb7e020c3a9b7f6994737c23ca53074b96aa689e987724b5247
876,2094-142345-0035,2094/142345/2094-142345-0035.flac,music/jamendo/music-jamendo-0189.wav,2178420,-5.0,False,0.709252880214525,1.0,57200,16000,c643bee51f0527e49ab3b4f28f76074847f7de4090ed85ab50327c7b3841913e,90789dffed8b8299fee78753120f4635284137e0357d0d64298e3cb85f21f6ce
877,4446-2275-0043,4446/2275/4446-2275-0043.flac,music/rfm/music-rfm-0091.wav,2393159,0.0,False,1.4056851357911913,1.0,94080,16000,e55ab3e5d4fbcb7a4bcc7da2d26cf4579d148e868f40841f1db6ab20d161dadc,8e2b558905f00987be2ee561b081f29a143ca5a5a06a3ef817f264cef350a4a5
878,4992-41797-0002,4992/41797/4992-41797-0002.flac,music/rfm/music-rfm-0014.wav,401841,5.0,False,0.17225525996445987,1.0,90000,16000,1b1cf4557904e41e0ae00f30bc8a0c9b48f386730982a66b21e4290421c75af6,9badc96011118c41c214c82ca889e4ee6856b147a7b14baa8dd2ed0d3361b066
879,672-122797-0034,672/122797/672-122797-0034.flac,music/rfm/music-rfm-0122.wav,649847,10.0,False,0.06963506250793297,1.0,81760,16000,b6944845d0346bc7df1e49a04909116520c69a45af6d2f7d6ad1bd74c8a50f1a,3109b7acacc922f53748e6ff88e1c6a7b9c225bff1e0fc4a4220915d7ab90280
880,1995-1836-0008,1995/1836/1995-1836-0008.flac,music/rfm/music-rfm-0094.wav,358949,-5.0,False,0.6992112874600109,1.0,111760,16000,03abedabb701f3705d5c278ead15cad781d650da57b24468b762c80b50437526,8f1dec30fbb058ae255c739c6e62ffb78968bc20ca8785c611ebdab2edee0850
881,6829-68771-0015,6829/68771/6829-68771-0015.flac,music/fma-western-art/music-fma-wa-0042.wav,363853,0.0,False,1.1982796069324775,1.0,72400,16000,fd067f830c18dc90dbae50d27865f646a4b6fe059c1cae6b4929dcb73f226838,4110750c027ccbcd0a2110c932e21168a11f490fd196ec624af1c0df20603d51
882,6829-68771-0007,6829/68771/6829-68771-0007.flac,music/fma/music-fma-0039.wav,1157481,5.0,False,0.2650364862488606,1.0,260560,16000,d564ab84a3f780fdd8ae3f3e19e7867a787912076436d8e54c1c802e246c0317,bfc7ad6e76c1e35b837b500e568e0b91aed5a28d14b05534a7e5465a5829f470
883,237-134500-0020,237/134500/237-134500-0020.flac,music/hd-classical/music-hd-0073.wav,1090455,10.0,False,0.08532992153479135,1.0,34880,16000,ca6454e887698a171ab4939645b75db04081831e22351c4ad3a216797f27abd0,00c12a568560c340ba7950c99d53c8b6fb8d137ed7a0edd5f835b074ae03f760
884,8463-294828-0011,8463/294828/8463-294828-0011.flac,music/fma-western-art/music-fma-wa-0034.wav,4224369,-5.0,False,3.4367209712000966,1.0,62560,16000,1c5bd43d681dd9e5e13583d4f27ef60f5478d386a17b9b14be256da2cb6f0a56,94dc06f3fcd3542b6d10eeb32a171bffd40324f84c3362de3ee0b3a5361513e7
885,4970-29095-0033,4970/29095/4970-29095-0033.flac,music/fma/music-fma-0003.wav,4065966,0.0,False,0.22980999224623996,1.0,192400,16000,81362cb432764161012ee47bf3b3b58f6a3d7e91fe1acd4b5186cbd635066a1e,d53d259904d5a9acde00d94e01f22359a1820a07963beca5a3fa810307e33819
886,237-134500-0040,237/134500/237-134500-0040.flac,music/rfm/music-rfm-0013.wav,418152,5.0,False,0.21350736366899192,1.0,64480,16000,984abb718dc6d774b6b6acda4f943cc8627e8f6b5fbaa1134a0d0f3c8ac9d38b,1c54e9111362508de5c713fb92cbfc79a93fb34ea4f10146d861247645d3515d
887,1320-122612-0004,1320/122612/1320-122612-0004.flac,music/fma/music-fma-0082.wav,333751,10.0,False,0.15919471518370154,1.0,102800,16000,ee2df42a8f1b127767466d1508711c1d00be42ad3d1b8efc41459b8e6d5d46bc,670ee387b65bba34192c0e5706d189488776d587293838d821b97931a0ea76aa
888,8455-210777-0002,8455/210777/8455-210777-0002.flac,music/jamendo/music-jamendo-0106.wav,2851782,-5.0,False,1.0314045756616315,0.7978694893521928,99840,16000,5883c31bb959c187937ea6e1092c255bc10cec874c0bc8b3e7f9296a49d18afd,276a66ff62650b6856e3be23e9ea7ab69a63623af084fa521b8b63e4712a4e64
889,4970-29095-0015,4970/29095/4970-29095-0015.flac,music/jamendo/music-jamendo-0154.wav,721624,0.0,False,0.3178721078866076,1.0,37760,16000,b927c1d5d3c15063a69bb85ddf93234390a813237a3f40fa3ec2d55c6e288e6f,8445906b10c7bd0b9855827bfb83992337f1c9f44222271240c84826d5ada65b
890,1320-122617-0029,1320/122617/1320-122617-0029.flac,music/jamendo/music-jamendo-0072.wav,3555618,5.0,False,0.23353317368983,1.0,126000,16000,3be5cb0a787582cb73a22928593e94b6725b657cd05ad2a7cd3a121c159a9dfb,1c37bcbbf5e7442a8bd8ada5079db59741149932f72f64e82884e6d2901062a5
891,1320-122617-0039,1320/122617/1320-122617-0039.flac,music/fma/music-fma-0124.wav,378023,10.0,False,0.4628980424745822,1.0,112880,16000,e2aaeb9c88da2fa1aace89588bca71d0baeb742c89a3c141d446f625384a22dc,be6bb9bd4616a5835f32852b5a57393139eb54018bcfb086955dcba37ba81e7a
892,237-134500-0022,237/134500/237-134500-0022.flac,music/fma/music-fma-0039.wav,2316288,-5.0,False,1.2019689327802838,1.0,82640,16000,ad74a758055df5b7d6f076a461eaaab2b9e8216b51b2617468a6f2e114a438c6,0d21ecd5659e29d2aa01ba806eb8fbd9c9d04ff5dbe6d9146a3cf7914492d8b0
893,5683-32879-0006,5683/32879/5683-32879-0006.flac,music/jamendo/music-jamendo-0050.wav,1760098,0.0,False,0.46802299267325875,1.0,191840,16000,1db21b7a72fe29fa93609b45bbacecb835acce7ed22b8a7f5def36bfcf7a04b2,08b34de35739fb4f6c00f33aca709e00ee2e59c3596709090f28189c0e2c8e1f
894,1089-134691-0006,1089/134691/1089-134691-0006.flac,music/hd-classical/music-hd-0056.wav,2297629,5.0,False,0.18475562814257376,1.0,94320,16000,8e63c8390b598e99fab7bae0831325bc78a9c51a32866d07c70e1fed12fd5028,28cbf215cf97f0408509e10843f178b5be50e57fb6d0c548dd8668aa40fde2a2
895,5639-40744-0033,5639/40744/5639-40744-0033.flac,music/fma-western-art/music-fma-wa-0010.wav,2334207,10.0,False,0.11270538026727461,1.0,146400,16000,4ee5dcdb4a0b036acbac00727bfc769abccfd1a35374d73e4c4f3f47c7c665b8,1955a3e083299d225a72cf3448aa41f33861317813936af440f0a13b6efc7558
896,7176-92135-0017,7176/92135/7176-92135-0017.flac,music/fma/music-fma-0105.wav,1161563,-5.0,False,0.440940851325299,1.0,114720,16000,cf82295aadd7121eff35361d20690b79eefe42719d8c1d3025f051be7b1376fa,b1463745a0c0dd3b49bfa775307d9f81eafe7c5100cceeda09eb79c4f52462dc
897,5105-28241-0003,5105/28241/5105-28241-0003.flac,music/jamendo/music-jamendo-0092.wav,1390336,0.0,False,0.17399751553195664,1.0,63680,16000,2bbcbe9985a37bfcb5cd8c07b563d73d864b94a2cddcc4c25f85a77cbc4e4343,f865436fd616fa4ef0d677e278c71d886458fd25507b683308da368013d29a0b
898,61-70970-0012,61/70970/61-70970-0012.flac,music/fma-western-art/music-fma-wa-0054.wav,1902284,5.0,False,2.1491986550381146,1.0,50160,16000,a00fa205afec92b4481036065364e5de4ebbfb0002328cea8f2b634b6ac1a736,92e90ec3fc15c34d0df1013ef4b4c06a7227e28965bf5549724e39f5da43f50d
899,8463-287645-0002,8463/287645/8463-287645-0002.flac,music/jamendo/music-jamendo-0112.wav,1100935,10.0,False,0.07720190677979553,1.0,206720,16000,1648d181c0ded81506f987c472b5dcf6f6a15c65ca046ae33c0039bcc978270f,59354cb55b06672a7e3ce39d011107950b8a9e2dbc0c2ae805ea8c8ae23b9a68
900,5683-32866-0006,5683/32866/5683-32866-0006.flac,music/fma/music-fma-0044.wav,2430111,-5.0,False,0.3713885297859969,1.0,67440,16000,602a17179cd582555c2a68a374a29c6f0f184092463767e1ff911ef8b9ef1051,12470b16fc0c7251627cea2b8d0cd6f336dc115a248e38ad541579f9e623bc2d
901,2094-142345-0016,2094/142345/2094-142345-0016.flac,music/fma-western-art/music-fma-wa-0034.wav,1976320,0.0,False,1.5796946184524039,1.0,36160,16000,8b6c3bb0a1a1f0b641bbef77d5bdab1cea6f2d0131957fb3722cf7b2fe192960,6ba50921af0a5e504e4f7857757762ec0639150d433afbc410d218090d26fa15
902,3575-170457-0009,3575/170457/3575-170457-0009.flac,music/hd-classical/music-hd-0045.wav,309814,5.0,False,0.3686793046021123,1.0,107680,16000,6546a2846f8b55e3a8b501a7306a5e914a2c89d34db66e5f824af3428f790af2,c90844e67ad9a325ee9d8188d3bfb647b54babf52436eb8153770d292f5d3f73
903,3570-5694-0019,3570/5694/3570-5694-0019.flac,music/jamendo/music-jamendo-0120.wav,1438790,10.0,False,0.37487775270780854,1.0,60080,16000,2a9edbca65d808d493ec9f5a879c848fa55b7f9412990f6d7f5aafab0aaea5ba,1d30369c7838568a45177b9ac3feb82558b4ac2c21c057bc4e0dcadd34473f06
904,1188-133604-0016,1188/133604/1188-133604-0016.flac,music/hd-classical/music-hd-0055.wav,1407996,-5.0,False,0.46262274191268143,1.0,265520,16000,83d22d0c84da5395f97a7330eb25c8c1869d8cac2e7f4c18f78f5db1065e02b0,56312d8331e922366aa9ad9885330dedb1181dd5f709642ba87e1915c9a25569
905,908-31957-0025,908/31957/908-31957-0025.flac,music/rfm/music-rfm-0106.wav,1563944,0.0,False,0.2922609371011344,1.0,328960,16000,91d1af1f892ec06572c93ea0352c4d279621a51e63e26748d78cc70c120d9f65,cf536d36fc656b1e74ef957f3dc0223e4f43b476ab11acb60d69846098b9fe68
906,7176-92135-0029,7176/92135/7176-92135-0029.flac,music/jamendo/music-jamendo-0195.wav,2100359,5.0,False,0.15640122402185838,1.0,47760,16000,63355d52487d67629582c0e10ab3886067b9b80f63a0ef99ff8fc0031b7d6368,1fca0395b9c5ee725b6fb53e6c2eb00e11500db3389dd18aba9a19bf04eb1214
907,237-126133-0023,237/126133/237-126133-0023.flac,music/jamendo/music-jamendo-0052.wav,510334,10.0,False,0.04950980276781741,1.0,106800,16000,dfb6709bdaa54c583a43adb1949f7f2441d986bf44e0bc7e86882ae29a469028,c61d5373b8564f5736a2427e4ebeed9e0f6f52f7292bb961d6d82c43df618dca
908,1320-122617-0032,1320/122617/1320-122617-0032.flac,music/fma/music-fma-0068.wav,280904,-5.0,False,0.7744781769395225,1.0,180480,16000,ee1dbe397de7ec25ce02fc879bc5f8670cd0f9e7939cc5cff34f6870810acb4c,7f200943ce548177dc3754650b6744cccfb5c78eeefccbca55fe0d9b3d614081
909,7127-75947-0025,7127/75947/7127-75947-0025.flac,music/fma/music-fma-0029.wav,2876344,0.0,False,0.3983806843107056,1.0,89120,16000,f37086677d4943aba7114f3be49872929dc97fa12f1cb98234f7bce3c10ac110,45b3c41b9a4b4911bcaca085e937bb8ea859f8c182a0068ca1edb714cbf6e25e
910,2094-142345-0046,2094/142345/2094-142345-0046.flac,music/jamendo/music-jamendo-0182.wav,986633,5.0,False,0.43720533443824383,1.0,30480,16000,0e418cfe6a5ea96d8b7dd349d95b997c28e3f3ffb9805a49efb83117cdfed39c,ca51787f0184ed1cd90b0fd1d7f57da671d3ecfa791c4acc24f627124846f71d
911,1284-1180-0004,1284/1180/1284-1180-0004.flac,music/jamendo/music-jamendo-0021.wav,746251,10.0,False,0.07142520042177752,1.0,68560,16000,cdb0465214aa50b1d7f40ad5e49c76257c1239487a54c7561a96fd3b36bf767a,cd5a2b86dc00e6e8e9c526e887e24ae0e349201a520d96b3cf9614e197757dfb
912,1580-141083-0001,1580/141083/1580-141083-0001.flac,music/rfm/music-rfm-0023.wav,386220,-5.0,False,0.47825253529070466,1.0,164080,16000,444c18feb970247c4ddf0889fcd520ea37e64a3ac84e727381747558181ee8e9,9ad1fc6833fe40dbbb4f3bf1523d526276f51b72fd890a327eb22ca5bd5beb60
913,4507-16021-0047,4507/16021/4507-16021-0047.flac,music/jamendo/music-jamendo-0105.wav,232310,0.0,False,0.3790050960039209,1.0,559280,16000,b4acfa02c499b0834f931ed82a63d57debe35c7b45297d15e68749fc15c2834e,78661c8801b08e2a95f88158c7133cc13dfdde2d1c239d2c18d4519322c4abf8
914,2300-131720-0033,2300/131720/2300-131720-0033.flac,music/fma/music-fma-0025.wav,378247,5.0,False,0.22921950015090736,1.0,281680,16000,36460ccdd01ab35a47ec03fa9b60da1318471abb64a541861d56e17d13cd0438,6b73c63a6cea38fcd80e3a5ac2368addcdeb71cbe2f8e2facd5e3a50d4bf949d
915,1995-1837-0016,1995/1837/1995-1837-0016.flac,music/rfm/music-rfm-0042.wav,3363073,10.0,False,0.19000519017900144,1.0,115040,16000,70f9188f754a3c86dac6cef99411bc6095eaf771eb260d118c0e3d1991ab8b3f,9fc4543c029cf78f845cfa879f36d3dee84448488888cba2375c1cc65c5bf232
916,4992-41797-0009,4992/41797/4992-41797-0009.flac,music/hd-classical/music-hd-0060.wav,267023,-5.0,False,1.57667978197799,1.0,211120,16000,4abeeab58bc11529da9e1919d93109815dc63a163820eee80a416ebe3709c387,32f34321bc08b67e0d7351e888504bbd8c135978d2ea4aa27385434554d1638d
917,6829-68769-0030,6829/68769/6829-68769-0030.flac,music/fma/music-fma-0072.wav,1939957,0.0,False,0.5872097011380613,1.0,78560,16000,5a73dbb18579858da90e7eda9f8a23d018f0a372bf27a7cf3c2110ba4ef95127,71f7b5f29a6be24821954da37f037f6a296f7a662fe82fd888447f059faaa0ee
918,4507-16021-0036,4507/16021/4507-16021-0036.flac,music/jamendo/music-jamendo-0175.wav,1528291,5.0,False,0.07534108567136472,1.0,86960,16000,5010015e242fc6d12b0df6724e9c898d52f1c18486dbc23231325c097e7d18d5,fd0d5a1b89f69d68877f06c5ab9d567c118fa1b6d5869bec57c226f586201b45
919,237-126133-0021,237/126133/237-126133-0021.flac,music/hd-classical/music-hd-0055.wav,1087694,10.0,False,0.05094131264061187,1.0,69840,16000,6f08942efb944ee5448c6da98cd255a5d937d2d68f5d6aa201fe1d5a14a51a3f,779253471ce54d9f84c37b08180db2cd3dab9a5d58e6ffd3497a816e0c6f45a4
920,1995-1826-0015,1995/1826/1995-1826-0015.flac,music/rfm/music-rfm-0108.wav,4858554,-5.0,False,1.1749450060722564,1.0,56800,16000,c751a7e0a198baca5e7464348a69258560226e14cf94c46aae742558ffcf19d3,f0330c258283a6591ed271596b3d291d167d3dacc62db8a2c40db8e817b3414b
921,4992-41797-0021,4992/41797/4992-41797-0021.flac,music/fma/music-fma-0127.wav,569225,0.0,False,0.4676301920110289,1.0,131680,16000,42c1a4435a35388c3b841f350d7acd05ac4d258c87d8648056993db09045d915,81bfb36ac84ed939d0a1944ab56eac09a8a0d5daca42415309a1967e38faad04
922,3570-5694-0011,3570/5694/3570-5694-0011.flac,music/fma/music-fma-0005.wav,1012495,5.0,False,0.1361546725197989,1.0,176480,16000,c0ad70242ba3e3c234938be88a7d6206105c80baa7edd39060c804e59fe58960,4d480093a3515b957b0f8318dfdd0f8f8909f66c15e667dac063f737477f8882
923,5683-32866-0011,5683/32866/5683-32866-0011.flac,music/fma/music-fma-0060.wav,605782,10.0,False,0.13171119445140986,1.0,117920,16000,9fb17ab9a05dc87178eb9826f0dff660f82dec9e16c0d557486f2c977e497c0f,51eb69707766b5c8204fe1eb1d0c4f4a409abedef377a27c8d176da409aa2f67
924,4507-16021-0053,4507/16021/4507-16021-0053.flac,music/rfm/music-rfm-0019.wav,1788836,-5.0,False,2.7261188343996774,1.0,129520,16000,b86df675dac8609044adc8ae1de618e93568cb20835e8380cb256f3da4223d28,ae9760a8e02e26fbcd8581844619f72cd8a3c017f5e9cb74120e0abb09715be1
925,2830-3980-0069,2830/3980/2830-3980-0069.flac,music/jamendo/music-jamendo-0171.wav,2082684,0.0,False,0.22661351937145657,1.0,88881,16000,93622e96de41d0e0d705346f1ff7e93271f4c8b129dad2c830e8215094580aa1,3a659e00ae402481dc19958c0195f4d3fb6dbb3570c41147cf77f74f65589bf2
926,2094-142345-0009,2094/142345/2094-142345-0009.flac,music/rfm/music-rfm-0048.wav,1402595,5.0,False,0.3686959212262999,1.0,230480,16000,d05d16d500e2a036e243ef73453b1ea1a159e382ada99ebf583335169ca13ec2,32208211c17595dfadf9bf9febce6db7a59e508ce2616a4e441d12fed0e4015d
927,7729-102255-0024,7729/102255/7729-102255-0024.flac,music/hd-classical/music-hd-0074.wav,2276961,10.0,False,0.12194955028876972,1.0,163680,16000,bcd50b939a3814f30ccd1cad1ebf9302aed069e3c14aeb432d6d17d70b613109,2e23d36e4f203f39937c15af5f1891af77d10fc8429f361e77b8e6a0c2df6be8
928,5105-28240-0002,5105/28240/5105-28240-0002.flac,music/jamendo/music-jamendo-0174.wav,3726044,-5.0,False,1.052585293942577,1.0,64160,16000,d452a9ba77e38198a4b57961711e8c019166d9c33702ef79d28f9fa77bb24b3e,6cee98300ccdf66a684190bad0832294ad0b1ef611ebc3bdb2ce7b90392aaf7a
929,4507-16021-0000,4507/16021/4507-16021-0000.flac,music/fma-western-art/music-fma-wa-0059.wav,660733,0.0,False,0.14283287582499304,1.0,41440,16000,e0778288261ee7f4c16fb87ac0fcd1bd62a00ec60d42b884ca88ae1ed09adf0e,b62f8d60b0fda29d35b0f947201ba30d00ff1b60a5d90dce95f19f42eaf38094
930,2830-3980-0004,2830/3980/2830-3980-0004.flac,music/hd-classical/music-hd-0051.wav,821439,5.0,False,0.4417605010181182,1.0,60960,16000,df3bc2f44fcac9ecfa7d3405f96225b0e7604e5c9991d85e419c88387e21ddc1,94f381aa53e382005901ca51b1b4075e0a938b09d3c7fae13afa15f72fdeef1c
931,61-70970-0030,61/70970/61-70970-0030.flac,music/jamendo/music-jamendo-0211.wav,2092610,10.0,False,0.0856972823234072,1.0,51840,16000,4ac31c704abb93c6165ea8de474079bdd6f67097d1ec3c875ec791e12a4a1e13,698e33298df44fad2c0696c4d2203497d5009d72c48c427e92a6cc9df12637e9
932,1580-141084-0032,1580/141084/1580-141084-0032.flac,music/fma/music-fma-0055.wav,2797084,-5.0,False,0.5161435268873896,1.0,79920,16000,95091902b75968a5ae28ab135ab7dd39cacb2cd546b7fedc796cbfceb3a0a272,dabf549b67638dcbb51b90f1b9fc1763a1da373a8d446ade51e04f0bc34eaa9c
933,7127-75947-0039,7127/75947/7127-75947-0039.flac,music/rfm/music-rfm-0066.wav,571173,0.0,False,0.21759205202009005,1.0,161120,16000,5ddadde32875682bc6429515cfdb35ebe23fced459333bce20bac13cd5f558fc,9f52661549491959a023b5fbc172b0e2c46722b56da4452e4e8975e54570317c
934,260-123286-0030,260/123286/260-123286-0030.flac,music/jamendo/music-jamendo-0098.wav,555520,5.0,False,0.15442700388441905,1.0,120480,16000,66b39faf666b48d57e11b28e1cf59d314148d18861bba43e78a2ac42fba8575d,203955b13380277af63f47c4db237ce4cbe6608704f0ac37d566fd137f7bcfe0
935,260-123288-0004,260/123288/260-123288-0004.flac,music/jamendo/music-jamendo-0013.wav,921357,10.0,False,0.04280076179298789,1.0,68960,16000,ccd2954039397f38b8ed7b5530a611ff27694b51b83d40afc8aa1172428f6cf8,17b10ab318dbc3d97e694b02b4808ef0d19f3f0b65bfa9ea614248c2a303eb7d
936,5105-28241-0007,5105/28241/5105-28241-0007.flac,music/jamendo/music-jamendo-0013.wav,776751,-5.0,False,0.38422521244631935,0.9612890154033636,30080,16000,2cbe29e7dba2cada01ad26c55b91ee765b91d7cb516718e4a753a7afada87722,e696db7a96c20fc2bae242c8b8cdd3ab81222baf640107e400022e698cc059d7
937,6829-68769-0045,6829/68769/6829-68769-0045.flac,music/fma-western-art/music-fma-wa-0036.wav,1091660,0.0,False,0.6967896448156314,1.0,34160,16000,474579c3d00d59d2c2bc38c9cd66b66f0cadf21fa7a068b85054cd87daf97faa,60466986998e9150cc9d1d06c659ad2a620fd58605af2a232959c854398b0b74
938,3570-5695-0005,3570/5695/3570-5695-0005.flac,music/hd-classical/music-hd-0021.wav,1596397,5.0,False,0.3088620187462967,1.0,320480,16000,00f474bb533e8215a1c68e7bd2d4a972927d66e44b372319f69f668ec9577360,8fe77d239f76e5fae03c042cfcafce9be1f75bfc22cabe75f32bcf2273c8d648
939,1284-1180-0007,1284/1180/1284-1180-0007.flac,music/fma/music-fma-0084.wav,118506,10.0,False,0.13639033677001364,1.0,100240,16000,3509f8fe2e65ab5afffb040ca75e031cb2833469075f8cbff92a24c16ddc18b7,2023b2dfe9944f0eb73686a4fe96b407f99aefd99fe39bf6043645cb9f262b03
940,8555-292519-0001,8555/292519/8555-292519-0001.flac,music/rfm/music-rfm-0017.wav,1594899,-5.0,False,0.5619208452624483,1.0,333120,16000,cf2159595436512f02498722660e4b5a04918aabc37f3def56e1cd9eb67ef5ea,abeec848290e56f3a2d9929c111e32836eb95456df507a793fed502c63a2f135
941,1284-1180-0012,1284/1180/1284-1180-0012.flac,music/rfm/music-rfm-0099.wav,236270,0.0,False,1.3704098783701602,1.0,78080,16000,429272ad6f3da6fe00291b8bcd4e694e3b35298221d24bb51579fc3d9b52dfb9,67742d953fef27c46cb2b478ab82b7ddedc7dcbae54677313b5b25a3b7c604f0
942,5142-33396-0044,5142/33396/5142-33396-0044.flac,music/fma-western-art/music-fma-wa-0002.wav,1055053,5.0,False,0.16490029640043663,1.0,77680,16000,64d66983f13f1e9eadd48c23a953db65e1c2db611c66b664b794f3dc84a43045,e6e78c989d7832fe405a6eb0b917d2fd773a66e4fc61683f9e0077fad68cb902
943,4446-2275-0039,4446/2275/4446-2275-0039.flac,music/rfm/music-rfm-0002.wav,1036064,10.0,False,0.3312404676147899,1.0,30400,16000,2f78e48a522da000a808442c5c5b683d85ac75698cbbd0a51e72d231376d79d8,8e172e0d4e1d5b21eab57c7b567ffebd61f5188a3056b1e095b2d8c5646ec3ad
944,6829-68769-0020,6829/68769/6829-68769-0020.flac,music/hd-classical/music-hd-0001.wav,1157547,-5.0,False,1.7809284330411619,1.0,82000,16000,5dc77d43ef04b3fd9b78528ea18cd5ed76ef846e8484f5e4896989873da2a304,7f6c28ce81dad33ff8c873509b2ced046aee330da3bcbfc9ff9bcd811d5ea4c3
945,1089-134686-0023,1089/134686/1089-134686-0023.flac,music/fma-western-art/music-fma-wa-0088.wav,299555,0.0,False,0.23299584606970317,1.0,212400,16000,07c3807231004b38dab008f25a97bb616d3e292423ec7f49a52b0427de60c7e2,3b10d71fe893bea81afceeb84de941ad49afc1f2b1bc64f7dd27482e7b7ddb8e
946,7127-75946-0024,7127/75946/7127-75946-0024.flac,music/fma/music-fma-0078.wav,2472426,5.0,False,0.07254398415382407,1.0,81440,16000,1d49a1555d23d5873882cfb16f589ee59e82d4ef28c23613ddb850cbde5dbc9c,3a7b2e7abd5bc0fdc466ebeb549776ff8644093296821b60942bbd6c640e5c36
947,6829-68771-0008,6829/68771/6829-68771-0008.flac,music/fma/music-fma-0003.wav,3948936,10.0,False,0.06209354109675699,1.0,114880,16000,9a0d68ad8812d2bf4da740ed7bc3c42b0a15e408275a808ffadee9041498da3c,7a1ba31262e5ff1cceb367f2025471c5effc87c5a8ed3c4e9b759ac453a75233
948,237-134500-0014,237/134500/237-134500-0014.flac,music/jamendo/music-jamendo-0110.wav,203669,-5.0,False,0.8253380458706416,1.0,68000,16000,334e80e14f64e94cf4f5c4426e92cbccdb0ea70970c0496958ef243f0a191b63,782beda86934200acf1a2f63ad13bd503c5b46c2b9682c1befc0d5caf8141990
949,260-123288-0028,260/123288/260-123288-0028.flac,music/jamendo/music-jamendo-0099.wav,1034926,0.0,False,0.22532558579414547,1.0,41760,16000,5de415f2a7ce1a89c3c177ae5fc8bac4f62feaff638c25f8cec2909a83e1d768,5d2430e521185ef9e60c3776611c493b25cb02267f3710108dd97d64926afb02
950,1580-141083-0014,1580/141083/1580-141083-0014.flac,music/fma-western-art/music-fma-wa-0084.wav,1702390,5.0,False,0.33445359444997125,1.0,45680,16000,c783aaf2abd5cf69062fd81377440efd5e7f9cf9c378a84213ebbcd833de330d,a600c276f52c3b4f7eadfd035755af5e4120845df7decc085936b1b88e154073
951,6930-75918-0011,6930/75918/6930-75918-0011.flac,music/jamendo/music-jamendo-0111.wav,2442678,10.0,False,0.04534999215411977,1.0,51120,16000,f5413a1368750191bbb12ced5bb5c7f605594254359ddbc8410941d9793c29a5,ece04b7f3e113ef42c4376a93a7b47ce6fad915896391bff344a4481b460f5b2
952,2830-3980-0044,2830/3980/2830-3980-0044.flac,music/fma/music-fma-0019.wav,2893083,-5.0,False,0.4982691303997712,1.0,55840,16000,a2791691a1509dbb975a377e1ddbd49d18aba585986de98ce7e1d6ba5321d71c,ffd90bb68a9c91b51cd0e9754ba5aa4a29fcc3f598338be634c180c5cfb0e902
953,908-31957-0011,908/31957/908-31957-0011.flac,music/rfm/music-rfm-0141.wav,2023774,0.0,False,0.3090070359937883,1.0,37360,16000,7a5b6636c2f9cf491cad80a36065ee2cfbf889635e87e9afb6a16be95838123d,0ea0ffb6eafa3a5623dd1dee0bb6275e7e7f211824b52c2c0dd59f30fc8aca08
954,5142-33396-0034,5142/33396/5142-33396-0034.flac,music/hd-classical/music-hd-0036.wav,5094999,5.0,False,0.33503350871887105,1.0,105840,16000,e76804c2e8de08e3b372f8a02f9b949250bf2feaf1e3ef02e1b06a6ac361a640,acb4c1e486fc8d4d30488e2aa300afe665dd53c059c4030fd07c0b6366227ac5
955,4970-29095-0028,4970/29095/4970-29095-0028.flac,music/fma-western-art/music-fma-wa-0040.wav,4733471,10.0,False,0.24100875323255244,1.0,234720,16000,584f285ecb737fafa7cf9e48b313fd2c3aa3e5025bbd35b47f30a838b686a3bc,aacb640ea3994880cdee8cda8b9a885616c1483d5bfd4ab70c510958f05e2428
956,8455-210777-0050,8455/210777/8455-210777-0050.flac,music/jamendo/music-jamendo-0129.wav,1263324,-5.0,False,0.7317767632957889,1.0,63120,16000,4126fb30c221f5c8d289b9f64a83c26f1f3d730acdf92d152085c2faac261821,136720fe15412403590a842ace2f1fcf0abed1007ec93f0f23960f698e07efda
957,237-134500-0028,237/134500/237-134500-0028.flac,music/hd-classical/music-hd-0061.wav,1289264,0.0,False,0.5249052211322199,1.0,72399,16000,e9d60ed7cf424226eff3101e43fb126a209561c6d202b7c4d588c883fad378a6,d21e859b0ee4399c6e12e5804a8b1bc0479e0f9a61f2ec7dc5265453f10fc505
958,5683-32879-0012,5683/32879/5683-32879-0012.flac,music/hd-classical/music-hd-0065.wav,1225798,5.0,False,0.2918974634707147,1.0,70080,16000,9a0a1dc088e30db538f09bdf55c83bdfb246cf5048443eed3377a29eefa4a6d3,942f5773d33f1002683b3be640b057eba7f87173e4d365439fad0ee109eac4f0
959,908-31957-0023,908/31957/908-31957-0023.flac,music/hd-classical/music-hd-0032.wav,3652853,10.0,False,0.19409339453789876,1.0,136240,16000,fb978bd5d581488f8771659753cde110ecbab10073439fad835ada63a5e3771a,3b8f4eb8f367ffbed150ce839c9ed83e75cf112ee9e1e5f452f2390aa2a353ab
960,7127-75947-0012,7127/75947/7127-75947-0012.flac,music/jamendo/music-jamendo-0174.wav,3026647,-5.0,False,0.590175123517808,1.0,26960,16000,3959d6c83c69fd67b84168f0f8255d71beb54bc6342ac378816d36218074395f,02c9293827e5c442743cdd4187a39bde9a789b65a3ea8372fde1634b42145c6c
961,8230-279154-0027,8230/279154/8230-279154-0027.flac,music/fma/music-fma-0107.wav,2290550,0.0,False,0.24873634285455895,1.0,178160,16000,b720ca31458e6a0f9bbe8512c3554a5a20e98b460863bc28f64eb0ba27d98a59,640f870c39feaf0160f2dacad3eda7f4cdb6bd5fe1a42b0a0aa62305ccbc8bf5
962,5639-40744-0002,5639/40744/5639-40744-0002.flac,music/rfm/music-rfm-0027.wav,169601,5.0,False,0.09739487020014402,1.0,142560,16000,a133a16d00848159e9c1d483a2577b4ea5523520e11e0f7db26fd488433ca838,4cb0b96cb7dd09602e9d9aaf37f195b125f8c3e2931833861d90a252b201ac18
963,8455-210777-0049,8455/210777/8455-210777-0049.flac,music/jamendo/music-jamendo-0209.wav,1032676,10.0,False,0.1808801514472934,1.0,65760,16000,69407039f180c6a98d6ee8999d19aee7d38018c05d33ef7cab73eba3764c6a0d,b259747f9bfb6068aca7393d81a2e37f9e6212d97d99da4f101ca1997c91dd59
964,1221-135767-0020,1221/135767/1221-135767-0020.flac,music/jamendo/music-jamendo-0035.wav,3649315,-5.0,False,1.205081413022744,1.0,53520,16000,512a49a9d4a44f5b60c96b5f9813b5c8fcdb4f456c4033abbec8144bb3cbc07b,5d2022b309228dff19b492990c12c0bf6db769440c35ff4b180a9caaa7523984
965,4507-16021-0029,4507/16021/4507-16021-0029.flac,music/rfm/music-rfm-0079.wav,788080,0.0,False,0.4727648176268966,1.0,61920,16000,a66dbb572feaab1712472e07f4ef6afff20e3941131bf3dd7c5729bf5f77da8d,0ab03f6400082e34dae26d66bc81ff8c2796ea772541cec9ab83d9c3d156a990
966,2961-960-0010,2961/960/2961-960-0010.flac,music/hd-classical/music-hd-0018.wav,842307,5.0,False,0.15244111797835488,1.0,327360,16000,14bbbf4f4e546359817c3dd44b15fbdcb808de2b2e9354ee0cf68d074a4eae18,b0efb0d2b2434485e7624c09f439ce6cd3ccacc0085790e688ea9d2d9d99a340
967,7127-75946-0012,7127/75946/7127-75946-0012.flac,music/fma/music-fma-0000.wav,3383484,10.0,False,0.08155455802348405,1.0,157920,16000,d8ed57f23734cb2963102f1a14b6257a695189d9a7236f324592cde5b7a6d548,ddfa39ad69894f4a1e53abab44652c1414aaf5f79fc0f9df7153bace5ee3dd79
968,7176-88083-0006,7176/88083/7176-88083-0006.flac,music/fma/music-fma-0112.wav,3471865,-5.0,False,3.397130927467746,1.0,68720,16000,2c380a48a283d946d328d73c0b5e990950c24ec258829eda69f7f06698b76ec8,f59615ae05cb3e4c7e61d78b1d03c191444df8d624fefc2f0c14fc5533060818
969,3729-6852-0014,3729/6852/3729-6852-0014.flac,music/fma/music-fma-0119.wav,5661124,0.0,False,0.46971850077130145,1.0,91360,16000,f967658a2d54f713d4b56b01085d03c79423424fb6817891821f9ce5de80d4c1,b820bcb03537f92fcff36a3462193df7178cbdd6ee136c0e6c2c2e5a96a433a9
970,8455-210777-0028,8455/210777/8455-210777-0028.flac,music/fma-western-art/music-fma-wa-0041.wav,473341,5.0,False,0.3328834206946617,1.0,123760,16000,9f4ec23f805b2f9f67671a780864c8ea4d40d678da2edd65f8f24e799c085641,3821490f16a766923d957c890f5a145d7e4f68c475fc96702221bcb55dc9ad5b
971,121-127105-0032,121/127105/121-127105-0032.flac,music/fma/music-fma-0045.wav,1050809,10.0,False,0.03956021865184957,1.0,50720,16000,2fa7ceddfa8b5d1a409aea587df3521c47eb2b64a57c8fc0ba26714962a8e2f0,6c0cf309cb9947dabd39d16da45beb8a7db1c73fa1a09a3a7a45b619bd753276
972,3729-6852-0018,3729/6852/3729-6852-0018.flac,music/fma/music-fma-0078.wav,1160887,-5.0,False,0.20291893239278114,1.0,99360,16000,1375580d5dd8923c2459fc354940f6936b0e2c2104ff705a47e6b0cea1e33278,91f4cc34ec35688a8ec56d4ee9fb1bcbfaf0e890f041d111bad23890f62646aa
973,7176-92135-0002,7176/92135/7176-92135-0002.flac,music/hd-classical/music-hd-0012.wav,2107985,0.0,False,0.5375991495309667,1.0,54640,16000,c001065b8264692182f100cac17d4fc1800a539a8eaaddece8c960fba063a8a5,dad70fefc11651ea1c95efea9da95986d5e1667244b3d8d3650c7442c9841eda
974,2300-131720-0019,2300/131720/2300-131720-0019.flac,music/jamendo/music-jamendo-0030.wav,1760700,5.0,False,0.1611119408072987,1.0,237120,16000,5e10670720e80b7cbf98b8de3da9ebba5d559d96b6a4c3807896241e0dcff4a3,d866df101ed6d3422f50abd90aa5e70c8d0ef6ed8fa680f232d9b5d944f7c541
975,8463-294825-0019,8463/294825/8463-294825-0019.flac,music/jamendo/music-jamendo-0162.wav,16294,10.0,False,0.08504094874116473,1.0,54240,16000,5210e7935e2c3fe4a15e6aef2db6559d8b23560d88f5a26a1a37b5a2a6d7f39f,7b0c82ee17e7c2dce9286aa31edf642669ab3e9e817067bb5b033d281ea565dc
976,1995-1836-0004,1995/1836/1995-1836-0004.flac,music/rfm/music-rfm-0075.wav,717902,-5.0,False,1.2087381974592688,0.8964082154111386,542560,16000,a041c72c3f61e1802c4272b59e787153d54a4fcf6f607bba3fc781f1e84623f2,4cf794bb3b7e43d30c9cea79ebf795c653f5752a83756ea82ce77c3aa158756d
977,1188-133604-0028,1188/133604/1188-133604-0028.flac,music/jamendo/music-jamendo-0032.wav,663576,0.0,False,0.1770742994720637,1.0,304080,16000,5c17f9520ddae316beed4cfb08e4248a812719af7d802ced9eab6824684b2d2e,b1cae7244921d045020bbd296b9572d52079b17e3b4d00350c49714b2f515c8b
978,7729-102255-0006,7729/102255/7729-102255-0006.flac,music/jamendo/music-jamendo-0054.wav,1980094,5.0,False,0.4758831951076393,1.0,272080,16000,6776a22db5671750af8311ab0cd3224776dcccb238e76c3215e0b69f027b1f0f,e08ff0fd687cbde0dffe3b63580e7c422fbea8f9c3aef764ccde9a04c9a3f2a9
979,4970-29095-0006,4970/29095/4970-29095-0006.flac,music/rfm/music-rfm-0006.wav,3081140,10.0,False,0.10362126085089876,1.0,71520,16000,c51dfd76269f24d4da76ac6441a9a90b42a938d4ab4ee868704c61107d12f6fa,f983b42d48d3d4758573bac91fb813ac0a811b1eadedb500c755375c33d15502
980,1995-1837-0022,1995/1837/1995-1837-0022.flac,music/jamendo/music-jamendo-0073.wav,2582692,-5.0,False,0.7649031227756635,1.0,54640,16000,c13b4f41e39eecfa5b33896b331a6002e5fc745ce8604babd798811ab58e43f1,2a3e84c641bde088fd57e824c76a3085f1209a263742e8a27dcd283825bfe321
981,4446-2273-0023,4446/2273/4446-2273-0023.flac,music/jamendo/music-jamendo-0063.wav,922467,0.0,False,0.1806583554451311,1.0,97600,16000,6f9e14166eea5db5d15901d0583cd9fe0d3c3763c6d2be78644359b120787b5f,e33bf7803a6b141692a0d1efbe578cb5e713111f8ccf72610f88890828230f5d
982,5639-40744-0019,5639/40744/5639-40744-0019.flac,music/jamendo/music-jamendo-0206.wav,2064437,5.0,False,0.11691102640179953,1.0,192960,16000,78dffe136105b9a7b40d7050f50b0117185a3c8e0900228c97360da1c39556a4,adac8d48eb8d737f445901cce8d310a40e7c70c532bbdde1aadfd89d756f3356
983,61-70968-0002,61/70968/61-70968-0002.flac,music/fma-western-art/music-fma-wa-0063.wav,2103486,10.0,False,0.11603436054084566,1.0,47520,16000,ad96038297ec7d5ce499bbacb9fc0c7e2d462d031c6d7380f4960e31e3ef9bf3,d40a06b3552a656fb81669185bfdd06cc2d66d000c9373712e2ef4f6d62c8121
984,5142-36586-0001,5142/36586/5142-36586-0001.flac,music/jamendo/music-jamendo-0105.wav,127429,-5.0,False,0.7344599208027165,1.0,35440,16000,f6f5a3c28df245cc649cd55a0f8051b2bdb47387c90b0e9170200f055959b603,af6939c2b7c4878d5541e8700249c2291fc7af44067815b2e2e53ff35330ee8d
985,8555-292519-0006,8555/292519/8555-292519-0006.flac,music/hd-classical/music-hd-0008.wav,1038273,0.0,False,0.3845818006444154,1.0,162880,16000,bf3090311b5dfab024ce87b4fd09422eea8692d92471515a6e4f78cd4075e29a,b0006c75983450c912224784f60b3c8a232754ea4e8823ef1d5270e076df0c62
986,2300-131720-0026,2300/131720/2300-131720-0026.flac,music/fma/music-fma-0000.wav,2905244,5.0,False,0.20276076866086948,1.0,281520,16000,f4e3583148d9f51b0c126079383d65a127c3c1e06cc709db86dcb866e1bef5e4,78fef60f36ca58bea8d3499246d2176d2e91200ce0985f6bffd9af482ffcb74c
987,672-122797-0040,672/122797/672-122797-0040.flac,music/jamendo/music-jamendo-0024.wav,637176,10.0,False,0.0390640752767055,1.0,82000,16000,7043b25a1ce7f71c302119552706aeda50f5fdcebf2f76fe0edc7615016323c5,bf3036e01a47b6b46b27fb934469bed07bdecb69efcddd9262649c007b098efe
988,2830-3980-0009,2830/3980/2830-3980-0009.flac,music/jamendo/music-jamendo-0152.wav,1296127,-5.0,False,0.8315907647700741,1.0,62160,16000,3b48a1264ba4bf734307a85ead8e01b58e96b1f71825e8901835bb803e76c265,1de447914c2e41de1fcb031e74d1b5bd001ed41386ba911e0460ae9e100b8fc2
989,61-70970-0024,61/70970/61-70970-0024.flac,music/rfm/music-rfm-0015.wav,2951659,0.0,False,0.30710860808211965,1.0,115760,16000,ff476c3c42f5e22c5f4275a5f1e4f09755a6b5f3ba7e05b728f1009d775182b2,a9e0244808b047979e4e81b5e3dcbb607e2b51f63a0277896e33a5d71c09245d
990,2961-960-0021,2961/960/2961-960-0021.flac,music/rfm/music-rfm-0120.wav,482530,5.0,False,0.1375925618827072,1.0,252560,16000,9b3b3e50b6896f59e59b50d8897dc2433665bd9b7643e2acf242e077ccee6184,3bad5ab9aa37606f5dbefac3596d31b44d54aca533960f042dd4d07e6542c61e
991,908-157963-0012,908/157963/908-157963-0012.flac,music/rfm/music-rfm-0076.wav,3431506,10.0,False,0.09463299517015634,1.0,161440,16000,8ac2dde6d56687c95e95fde45f95c73ea5eca4b79047d179a842f30c03fb0d22,f92cc11f3579f4e8124bf04caeeabfbe2e80b2ddbfbb6cbac1b890a0d86105d8
992,5142-36377-0022,5142/36377/5142-36377-0022.flac,music/jamendo/music-jamendo-0053.wav,2878132,-5.0,False,0.4284659169464945,1.0,179920,16000,6c5c96e17f914d565265538f7602377acc0112b86ae6158b4a9a1984d071d08a,6a1b4f22d313011625778ee00f95f4719fc54b2d30db094ba624fe3299f98c74
993,6829-68769-0024,6829/68769/6829-68769-0024.flac,music/fma-western-art/music-fma-wa-0087.wav,1906022,0.0,False,0.7108383889354635,1.0,79120,16000,684016b30f7c8f1ecc8c88ae4fbaf2553d0ed23daaa0035d4cb403c424f1950a,ccf800fac3752c4c527be1403924da1a42f2115fc5ec4a728a176be20f7c98d9
994,1284-1181-0018,1284/1181/1284-1181-0018.flac,music/hd-classical/music-hd-0045.wav,842614,5.0,False,0.3257814021223287,1.0,50560,16000,0d20177be51bad86ead8ef1dbe5c1cf07efeddca1405b31ab069de8f674a2bf4,dd255a880abe929845e94ce5b4e562c7dd590a25f0b58920afd1d143931e669c
995,6930-75918-0010,6930/75918/6930-75918-0010.flac,music/fma/music-fma-0074.wav,3774538,10.0,False,0.03647912024035216,1.0,48560,16000,59b07a4b926d378030f2de5bd64f9a8318b3bff3942e7a6e359832c6a38152dc,7c9066ff9cda1d530eb359117741d7604e9eb5f56d37bb64148b06d752b2e010
996,3575-170457-0050,3575/170457/3575-170457-0050.flac,music/fma-western-art/music-fma-wa-0013.wav,2387698,-5.0,False,1.957421167960796,1.0,102480,16000,c784bb11c65d1f75555a802df25119620b6b2b6c4d1decdff6689b1098a46767,017f253ac39340d972a0ccc166f935995d7eff2d35e4f917abe1e5f0d893db9f
997,4992-41797-0004,4992/41797/4992-41797-0004.flac,music/fma-western-art/music-fma-wa-0025.wav,1648560,0.0,False,0.5502423068684347,1.0,117040,16000,f8e5200ae1cde80844af78ce63d8f712cac98e5a85f44f836d615fc98e1981da,f42245027c6af7a9851432cbc5cb7b8b7a99c5d8237785fd635796e9ae1aa7a1
998,2830-3980-0027,2830/3980/2830-3980-0027.flac,music/fma/music-fma-0045.wav,1325943,5.0,False,0.2983386995883275,1.0,36320,16000,facd2ff94ad3761a805705b8dcf1d6741525fbab153e8ca3dc0c768572f9401f,5db216562ca30f5da69aa00af61002229e311358710e8914d783d808a1d92171
999,237-134500-0027,237/134500/237-134500-0027.flac,music/rfm/music-rfm-0070.wav,1903367,10.0,False,0.15719741291860959,1.0,52320,16000,5a800f9a04177109e7818a05dbfb0ff5f832aa9e0be1ea2200b65a0aca877b77,93ebc62bb601a37b088581571bdc75b7133fc3bde65921f5c97bb5e91ec14ba1
1000,6829-68769-0035,6829/68769/6829-68769-0035.flac,music/jamendo/music-jamendo-0187.wav,687705,-5.0,False,1.8220335706765718,1.0,44080,16000,d8f2585827a28011c30642edde673b005d3acdba108445d17f14053cb56e77a9,305172bd0e7474214d3eb25cfe0b3d1d1fe7dcae9c7d06bcbeb29fcd6a481d6b
1001,908-157963-0029,908/157963/908-157963-0029.flac,music/fma-western-art/music-fma-wa-0074.wav,325120,0.0,False,2.3273031421395958,1.0,58080,16000,05452f12087ec50c7d298b1573962154135727bef57c1eda46b764009e205a1a,7da6c4871c5e16c6bd39df1220236f7e4c22a809eac2ac97e5f645871f70f0ed
1002,1320-122612-0014,1320/122612/1320-122612-0014.flac,music/rfm/music-rfm-0113.wav,1223358,5.0,False,0.22635661041755686,1.0,56240,16000,cec8fe56959f0f8c73b5444f5629d28ef11afe84ccecef96164b50df4c8a42f9,fa387a46a7c42735e4ac3b720b419e6afeb1a672a499f1a445ffc1b5eea063c8
1003,5105-28233-0010,5105/28233/5105-28233-0010.flac,music/jamendo/music-jamendo-0177.wav,639605,10.0,False,0.05259418334322868,1.0,217520,16000,59bf6ad55350054771e4ab6d12f0776d8cca1d475487842d1ec5c3403e0ca65d,1ed8ed21082222d2390733fd8407647dc12a3a1c1389a871415d5628a2477481
1004,7729-102255-0030,7729/102255/7729-102255-0030.flac,music/fma/music-fma-0065.wav,2622168,-5.0,False,0.38351164442075525,1.0,116000,16000,ad574e26eb03b0795820b5887393c1e2f51edda3d3e288014d81428cda88b507,8c3aa236ac7ea9153d20f577197bc5a489bb702d84b0cf133b1ab39abbe42686
1005,1995-1837-0005,1995/1837/1995-1837-0005.flac,music/rfm/music-rfm-0123.wav,1054242,0.0,False,0.3468526429231443,1.0,42160,16000,701252845cd199288d1524341c72ba0526d0ab8a535f93c5bf5c9c87a0465801,d6763aa61832808a85d8494285ea14898655c5a7401cbbcc45d99b0a240945e7
1006,4077-13751-0005,4077/13751/4077-13751-0005.flac,music/fma-western-art/music-fma-wa-0029.wav,5536331,5.0,False,0.3664723474701169,1.0,313760,16000,f73805206bb289b3ea6f0203ee3734b3d04071a74ee903aafd292f736667551f,a43b3be1decab401065d2d6853f1db05720ac6eb66df300e970d218c04825c1c
1007,1089-134691-0002,1089/134691/1089-134691-0002.flac,music/rfm/music-rfm-0042.wav,2797760,10.0,False,0.13901717404193117,1.0,185600,16000,b2b3f9df4e88a51a0086aa71973917355774decba3e89abbe9b1d5b2bef19182,6506cf94d704e1312aafba29d1b26e737353562a6234b1b0d71468d6e72643cc
1008,1580-141083-0032,1580/141083/1580-141083-0032.flac,music/fma-western-art/music-fma-wa-0031.wav,718318,-5.0,False,1.337962982004846,1.0,66160,16000,832349b9744d771d8c6a7482c131190bbf6b60d8fe4a4f6a5faf4ccbd2b0de7a,9c6001a1bac4c8412a6db61c15a8b20ed53f148717c15621b347b29080ce99a0
1009,7021-79740-0006,7021/79740/7021-79740-0006.flac,music/jamendo/music-jamendo-0027.wav,1918406,0.0,False,0.21711545156252862,1.0,95440,16000,5fb91f5808a1ed4ebd94d3d468ba5a727d8ae558bc3b7106a36cb0aa0c8decc3,1cd8d16101f6ef7e6c9d66b5101dceb8cca8957c39624c0f80cff09065896beb
1010,3575-170457-0032,3575/170457/3575-170457-0032.flac,music/jamendo/music-jamendo-0074.wav,3187419,5.0,False,0.6583417206204821,0.9427786211290291,48480,16000,8072e5b3d608176da3152449e6409230ebeea35df6540f8fd981d1d2b7f28867,e4e9184c6c73d35ca86917f6b9484ff93515b00693373662f55f8336db6e3812
1011,2300-131720-0006,2300/131720/2300-131720-0006.flac,music/rfm/music-rfm-0063.wav,115750,10.0,False,0.14519678582032433,1.0,65920,16000,6f134683f1b3850ba38ce0aa2910becf7a77de7b3c6faf40ec0f2dd1567b7375,1d7cdceadb7ddda31f26e81194598bf856c00f3bea8e037bd91f930eea180f2e
1012,260-123288-0023,260/123288/260-123288-0023.flac,music/jamendo/music-jamendo-0086.wav,723043,-5.0,False,0.2639543527608354,1.0,38160,16000,4cc984f6aa9f3bef12f29ee4f4cb3ea599f822947495dbd69434eea49ca714fa,605478cbcfc5889e0976a3a8cbaa84aaedcd1033eaa167970855899aafd3fdc3
1013,5105-28241-0001,5105/28241/5105-28241-0001.flac,music/fma-western-art/music-fma-wa-0048.wav,1278233,0.0,False,0.3223077115595938,1.0,336240,16000,14f6272b653b77d3bdae4bacaf92ded3585f28c34a9b3c2001d2c1ac9dadaddb,7d9d5934d43bfb3087a136ba4c14a86d038862210f5c60a45a64bf9b2621457a
1014,7021-85628-0007,7021/85628/7021-85628-0007.flac,music/fma/music-fma-0099.wav,1501513,5.0,False,0.23296532102984738,1.0,266800,16000,a6f0eb3b7f02d0c85bd98a912b4171255cbb57b28780f1a0a1ef9438fccba08e,12df926b8947f313c926c0eeff663664094bd436957b2c1590ad0fa341e73c42
1015,4970-29095-0032,4970/29095/4970-29095-0032.flac,music/fma/music-fma-0066.wav,907456,10.0,False,0.0594916330561373,1.0,105760,16000,7350f0d3d39ea284e0a28a6a1e64e842192851c0d5af3b24a974886bce2baab1,78b624c92ee8a22e7cdfb4b732f6c55792748252e61b038f89b65ee19a519bde
1016,61-70970-0017,61/70970/61-70970-0017.flac,music/jamendo/music-jamendo-0044.wav,2090298,-5.0,False,0.2731309558415415,1.0,40800,16000,bcec01391c17ae158baee7d63962e4fc2cc0c123e5c5470143c6596546c1df94,ec427f159cd13e7752248834a45601bcccb6c660c175a29b0096033682933b0d
1017,908-31957-0009,908/31957/908-31957-0009.flac,music/jamendo/music-jamendo-0127.wav,2432118,0.0,False,0.2728252771834559,1.0,123280,16000,e0205479d3120eb85bcf27c6a421a91aaa3303a6df8b7b650a49ae0997f05d1e,628d914dac403916c8b11b1fd7d391360e31df2de9d501fa576f94b3ed497fd7
1018,908-157963-0008,908/157963/908-157963-0008.flac,music/jamendo/music-jamendo-0090.wav,3227206,5.0,False,0.19214714597691382,1.0,319200,16000,7afc82797bd9e72e4b7925ad5a907ec484d093dd4c8b4818bf15157a45732710,3e75de6c8f650f29692b0891bd58859b118fc8a33417f83a22406732650c114e
1019,3575-170457-0048,3575/170457/3575-170457-0048.flac,music/fma/music-fma-0105.wav,983147,10.0,False,0.04597167893308315,1.0,88880,16000,900003499044a95ca643ef3ae077d829f7ee6aeddc6b05b8480b07dc66ffb344,16ede7cfb17cffae5cc6a228173e3ab0e7aac2aaf4d12987a66bc0a0e9912214
1020,1580-141084-0022,1580/141084/1580-141084-0022.flac,music/hd-classical/music-hd-0000.wav,3201105,-5.0,False,0.51199931803079,1.0,32960,16000,43f333ecb099ac471aafcbaa62db8ce43fcd423d6289499a33f8b4b4cfe3df10,6e83c414d968b87bb01ccbf32d2ae9183d6df8b3e8a4d5bc0e4ba7516dde14bf
1021,2094-142345-0017,2094/142345/2094-142345-0017.flac,music/rfm/music-rfm-0007.wav,40436,0.0,False,0.385383715155207,1.0,45360,16000,a49932a658b2fb0167ebb653ebfb946b105e35259200fc931a09af0fd8d216f3,5e06239b7c2dbd34970b2dd401d962146dd4eb556ca507836a5b1676d47a01db
1022,7729-102255-0012,7729/102255/7729-102255-0012.flac,music/jamendo/music-jamendo-0174.wav,2577096,5.0,False,0.10972789836999612,1.0,65200,16000,8ed730d628c4d4e9ce8b28a4162a0237edd675904a006681d4fb79f114e084c7,81a4b1ead52eef6ae377b19571afda2c9be6f6fa48a7b937c847050cf4b55d73
1023,4077-13751-0017,4077/13751/4077-13751-0017.flac,music/jamendo/music-jamendo-0009.wav,1173129,10.0,False,0.05855014347735092,1.0,81520,16000,ec6e524c5a6c5d13ffdb4a9416284844407513cf60aa506fb6798c64df7a9370,ffe3b5959301d18caddbb23f2f24acc6d2e087232d2c6856450797e005917eee
1024,5683-32866-0016,5683/32866/5683-32866-0016.flac,music/fma/music-fma-0035.wav,798010,-5.0,False,1.3540070618620794,0.6544883302123584,78080,16000,1e13970e9464fa466f76701cec83b431ddfd5a447f07851304a60f058a8d3fe9,015e7bf044e419d6aa77fe35f006d014f56cf29375e5f660ad7d1934df0da230
1025,672-122797-0056,672/122797/672-122797-0056.flac,music/fma-western-art/music-fma-wa-0081.wav,2231154,0.0,False,3.659315473860426,1.0,83600,16000,6c007f609d59a0a793c5eb365563ead9763accf998e5d0a80c41abea5d638079,fecec9330b8a1ca76b0dcc4408fa94ac67a59769e11d2a15d69365949a98ac91
1026,237-134500-0023,237/134500/237-134500-0023.flac,music/hd-classical/music-hd-0036.wav,5587584,5.0,False,2.1729071784516893,1.0,48960,16000,13410d07c791ed83bfec893ed4abdf02b94e147306e8a95599e748d6238e1b19,a4d938b3ab56ecb0c01618bbe6b49d2cd3d6291a768ccd6ec5080f3f109f7548
1027,2830-3980-0057,2830/3980/2830-3980-0057.flac,music/hd-classical/music-hd-0029.wav,1375589,10.0,False,0.12843922909901015,1.0,129120,16000,7edcc4523954fb5d8b9caf47854785ce5865dde022c9e6d644c757d8a148e6f6,1c58efc34a8e340e1df07ca1c6b154c97efb93cb66c750f49641e5718edf5681
1028,5142-36377-0010,5142/36377/5142-36377-0010.flac,music/fma-western-art/music-fma-wa-0076.wav,252459,-5.0,False,1.6242492563087714,1.0,68719,16000,8938118b4c1b8d62dd6896b23813fd8ba7985d07bef7d8ff00c873915099a09f,b306f55255d0715465cfb53c2f3f1e0f9505640a98e3cb3d473b524cc256cfd1
1029,5105-28240-0014,5105/28240/5105-28240-0014.flac,music/rfm/music-rfm-0044.wav,1688208,0.0,False,0.21129916679016772,1.0,49120,16000,da9b75f3df5e4cfffcb430f4f34437bec41930b4f3cbd277ba754d5d7adec3c1,84abd5d43c690aac25302890de60369b2178a54da25eb34186b4b7fec2f59846
1030,4970-29095-0026,4970/29095/4970-29095-0026.flac,music/jamendo/music-jamendo-0214.wav,1792521,5.0,False,0.26085165540815636,1.0,174880,16000,c9479bbf90f7140d27e6c5225b3db410793e9fc5f856d63d5e378915158d82a9,df03b1c7d51baecf520f282a9c29bb07d0b641a54955bb34edc2d5843eaa354c
1031,1995-1837-0024,1995/1837/1995-1837-0024.flac,music/fma/music-fma-0044.wav,400756,10.0,False,0.059435544095684745,1.0,86160,16000,2b79a1a2320677c469cd6b522862cd65b8b97b4a6cef0d7e035c85680194d122,525f94531803ac7f564895175eaf47dadec19078c70c9f9ea3d41015fafe09e5
1032,1089-134686-0000,1089/134686/1089-134686-0000.flac,music/jamendo/music-jamendo-0110.wav,159839,-5.0,False,0.5460458366184714,1.0,166960,16000,0b1785dba56f22af426ccb25d318f7e103558fd40e1c3ab064b455dba2afae12,a7d7cc3701546da8acab15bdaea43d1c5fa92084d3d66eb2c2c41e116f0315d0
1033,1089-134686-0009,1089/134686/1089-134686-0009.flac,music/hd-classical/music-hd-0049.wav,1454379,0.0,False,0.5667817123699617,1.0,169200,16000,890fef6afaac390b3f56e48aeca76ab86bbdac5e6cd39c054e8432c8dc19b36b,9edb8e452fbcf7315afcc369ef45743e39758103b101ca2332fe209482825d0c
1034,672-122797-0024,672/122797/672-122797-0024.flac,music/hd-classical/music-hd-0030.wav,5640709,5.0,False,0.3323888173202756,1.0,66080,16000,ab24ef8c1942aa1073dbbffa5178e2657d5ffcd7db907bd65b36864d290df2bd,cad5728386cab487888ecb2a83a4e16ffab4d09b0fa83bfa08cece9459b2b427
1035,2094-142345-0057,2094/142345/2094-142345-0057.flac,music/fma/music-fma-0048.wav,1504603,10.0,False,0.2816783150305941,1.0,161280,16000,49586c8cca81043955a20d29ba84fb65e61b9e690c0822b46f95432284d38ebd,81711b0014914687f6ba6579483a5b63b41f0231131a49fef688356e9faaeae4
1036,3570-5694-0014,3570/5694/3570-5694-0014.flac,music/fma/music-fma-0034.wav,3547504,-5.0,False,0.9987263375636963,1.0,180080,16000,18b052674bb61907a84dff31a709176f3aebba21de75ba20e9e82ebef3dc23f9,b497b8b81588275d6682df9a42c6ffe0a32350ae7652671c1a59b8ad1e76d90c
1037,7127-75946-0011,7127/75946/7127-75946-0011.flac,music/fma/music-fma-0109.wav,1464917,0.0,False,0.18445966702960398,1.0,50720,16000,57c5dcede14d4e0752c06c5b1c5c4314e3d53a042cd90e488d67a3116a98b380,e3116682a03b924e4057fcecaed0e1b414b40c2abc2ad9c4bc8c7bcfbfc97e35
1038,4970-29093-0018,4970/29093/4970-29093-0018.flac,music/jamendo/music-jamendo-0199.wav,2482716,5.0,False,0.3218463758084933,1.0,155440,16000,98fb95b0beebed8fe2ff2f018f24d0c07bca21310e3b1c5759c14fc3c6812ffa,9528ae5385747df8b54acc095ecbd7ef1183ef7175fc41923a0bb4f84b34337f
1039,6930-75918-0012,6930/75918/6930-75918-0012.flac,music/jamendo/music-jamendo-0000.wav,960226,10.0,False,0.03301217897993034,1.0,31040,16000,fd64fa604791bb9e8adfee8278d4d86ac5cdfa79efeb4a61cd69b81b2a627e2f,274cb28417624e3a5a4f4523f82968cc72c7d77d1b07cab516db6fb9caabb9c0
1040,8224-274381-0003,8224/274381/8224-274381-0003.flac,music/rfm/music-rfm-0141.wav,2220836,-5.0,False,0.5633740074053488,1.0,209360,16000,0a273e9f0b36d7d6d45ee136698c716468b555136176a375385a8e25d71432f0,84d7c4b376b6c0e2ddde5d0f5d11143b4bef75815ffca1775903c0d805517efa
1041,1284-1180-0021,1284/1180/1284-1180-0021.flac,music/jamendo/music-jamendo-0078.wav,2775505,0.0,False,0.26116822866709827,1.0,157440,16000,d3e42bd040206523935221cb5e030ed5fdd59b88d79d73f84ad556f9467fd6c0,7b086d522db824a76a2e2ee6089e719246442e7481b528dbae962f6f0199e456
1042,1188-133604-0027,1188/133604/1188-133604-0027.flac,music/jamendo/music-jamendo-0009.wav,890176,5.0,False,0.11930245565401246,1.0,179920,16000,b21bed45e7655e0e4ecaa996b40b89e8845476623595e16a9f7571092a5ea164,bae74cd60b6ab065c54bc78a3b17526c98e32a11870db91728b9285990872a2c
1043,6930-81414-0022,6930/81414/6930-81414-0022.flac,music/jamendo/music-jamendo-0153.wav,870985,10.0,False,0.08005634366289353,1.0,69440,16000,8016f64d4988f29debbb28a2869dbd708cdc5b572224bc1442e545771b69cd5c,25cfeb5defabf760e234cc23ae44620cf910b34e841a1fb09653d92cd5270173
1044,260-123286-0031,260/123286/260-123286-0031.flac,music/fma-western-art/music-fma-wa-0030.wav,4427791,-5.0,False,1.4057504373165794,1.0,80960,16000,d32a966cb9aeb13f4c33da901a05b4fb07cc76434e42246c3800f98766804851,d9c7f1abcf4c01dd250b30594a8b134f119b51b1e2ca617076da395be290af3c
1045,2094-142345-0002,2094/142345/2094-142345-0002.flac,music/fma-western-art/music-fma-wa-0020.wav,1984645,0.0,False,1.1219463584290275,0.7997932429124196,248320,16000,f958ce87dbfb64a094ab6f1df4b52fab9d1491949eea2590c5b7d3c702a52f09,904203851d051c29e3a6703f8314e1f3947c70dc8e9686c12a81414200f67873
1046,5142-36586-0000,5142/36586/5142-36586-0000.flac,music/rfm/music-rfm-0074.wav,957029,5.0,False,0.08259457565704292,1.0,58400,16000,3d53a01673569dc697d999e58fb91a32fe7abdc9630248d877a5f771f7d2e6ed,b0a2362fc641c60791f0a52012801631cc050380694d28814cf021cc95876687
1047,8455-210777-0051,8455/210777/8455-210777-0051.flac,music/fma/music-fma-0034.wav,1792178,10.0,False,0.20116304361697626,1.0,223360,16000,d5912f8617e529157f5954b2adb62b2766ed50485125fb1c7deb2d613d093246,16b6924f6706a2e01a6a0e4dbfb542a9da17612a387c99edc0938260217b33e8
1048,5142-36377-0009,5142/36377/5142-36377-0009.flac,music/fma-western-art/music-fma-wa-0018.wav,2192142,-5.0,False,2.072333658442366,1.0,82240,16000,6f2d687c314357e9672d71d3f814136ca19ad473e567669f27abdec54953115f,b3a752f3bdda898a97a47b4b0e15af31d5462c244ca878f21fee72b8352d8872
1049,1995-1836-0005,1995/1836/1995-1836-0005.flac,music/fma-western-art/music-fma-wa-0070.wav,66312,0.0,False,0.573713538124559,1.0,174400,16000,dc617320b74f45877d1e7f77fe05d74998c29f066bf532427fa626b99c9b6c40,40f732791cf1fb89642e4f02523c779c2dd8282830d0534fb2b0c2141b5fc469
1050,7176-92135-0016,7176/92135/7176-92135-0016.flac,music/hd-classical/music-hd-0045.wav,743434,5.0,False,0.378279852420884,1.0,120720,16000,a5ceade75d76ae4b1b74ca5015cf53edb25259d442217a6c8903014131b90c75,089b62b1ceaefad5811709949e1706c0ebdd9d009351b14cf4f3c00dfbcabdf8
1051,121-127105-0029,121/127105/121-127105-0029.flac,music/jamendo/music-jamendo-0136.wav,1396810,10.0,False,0.05599954878075713,1.0,116960,16000,8861de5729144653ac5f1f6bddedef9c420a8706a58dc62bdfb2f7b2bced0d0d,82456143528a0cd447d2e7eb76f1d9640c04543e2d44b4470b74a2b507a035d5
1052,260-123288-0024,260/123288/260-123288-0024.flac,music/hd-classical/music-hd-0000.wav,2257125,-5.0,False,0.8093199419960951,1.0,233520,16000,59345239a9d509ec7247ad2d979396f4eb020acb1a29b9ecb32c3332f3489b98,67223e672e82125729b87a62b92816ef14ff34c0476dd9e4ed86a87393c090ec
1053,121-127105-0034,121/127105/121-127105-0034.flac,music/rfm/music-rfm-0072.wav,1376105,0.0,False,0.22839461297234706,1.0,118560,16000,6ffc6ae21e68aa9a9325fa4d3ab053bf28c8fdefb66e77579fe0c9101e3ac56d,fb94d8e6c8fa68657a4df0ded3c7ed9a613635485e555862fb324d387be74cc5
1054,1089-134691-0005,1089/134691/1089-134691-0005.flac,music/fma-western-art/music-fma-wa-0040.wav,2796015,5.0,False,0.49808731150578717,1.0,85760,16000,c7d983c1bb54bc01465773eed080be967dcb6b4f42ecb5ded79aa0eab1713a7c,263e0088a3972f0c77b0968bb4c9c9b39320ef6e757ba4e5eb18daeb2d0ba7a5
1055,6829-68769-0052,6829/68769/6829-68769-0052.flac,music/fma-western-art/music-fma-wa-0032.wav,3226237,10.0,False,0.20428287503091247,1.0,73600,16000,5731a25426e983b50f45294f2461bcaa25772f46780081e3f0aa865866616267,9864d68ca3e488c96d56d7722fb8c8d7ac0ff37e5038618ec2d7fd58baf68372
1056,1284-1181-0002,1284/1181/1284-1181-0002.flac,music/fma-western-art/music-fma-wa-0087.wav,2474045,-5.0,False,2.9944697582842594,1.0,61360,16000,b60e5120c962ac68b3d29d4dbbde8426bb12bbdd59e873df4067be2ae9dcafb5,26f30b2cd70b3d412b38c013ce79a84fc77c02654414bf62faf1407d2bb6bfbb
1057,121-123859-0003,121/123859/121-123859-0003.flac,music/jamendo/music-jamendo-0184.wav,1981838,0.0,False,0.40219055514612856,1.0,173200,16000,f50757983e110256c0151e99ae15bd3eb47944486b26e381347df24ce1c87958,8f30e697e0ac3ad7f156a3c64f735f77ab28cc408a2fd7aa60a446d8a31c12ef
1058,121-121726-0009,121/121726/121-121726-0009.flac,music/rfm/music-rfm-0050.wav,1260838,5.0,False,0.08883507684869184,1.0,116160,16000,a9d8853f67171cd00c157b6374004b03ddb7307cae43a2dc406f464c2d1f89c9,73cb8915989bd38ed7bd3faef193cb4d730b782a265a4b8b47dbca0d9da51518
1059,5683-32866-0009,5683/32866/5683-32866-0009.flac,music/fma-western-art/music-fma-wa-0010.wav,1283534,10.0,False,0.21168428446314574,1.0,212160,16000,7f721c0689206b92131fc4641d17df11ac67beed8f8ef343c622182d47bacec6,c2e20b087cfa61ae80098aab5195b649cbc9bba3dd41fc4d281d8c55fda78493
1060,4992-23283-0001,4992/23283/4992-23283-0001.flac,music/fma-western-art/music-fma-wa-0021.wav,796618,-5.0,False,1.0860149152059762,1.0,43360,16000,19f412368f2e70851c1396153054dcd555ef8c1c1ab88d5fc5bbf421886abcbf,cccc897082127e9006112472aaa0de6753a748b6ba14519a8182e016fc3eabc9
1061,4446-2271-0005,4446/2271/4446-2271-0005.flac,music/fma-western-art/music-fma-wa-0058.wav,407531,0.0,False,0.40566303153229283,1.0,54320,16000,6c5d522f61f4a8a397f9a346e222e42c04d0c37d9a866cc28506fbe8b13cd4ea,18472fedffb1d3e4fc42edd929959135e0763a9a49056d9deab932fe92078ee6
1062,8555-292519-0004,8555/292519/8555-292519-0004.flac,music/jamendo/music-jamendo-0044.wav,3319678,5.0,False,0.09550992557866815,1.0,51920,16000,bfc56493fb2a3042a6cf42b94a6eaafbe7ec78300406f97dde40018765c167f3,92ef224ca0e98b7735e7e55573e3800c5789369211a91d9664708bb2c205771a
1063,908-31957-0016,908/31957/908-31957-0016.flac,music/jamendo/music-jamendo-0121.wav,3914448,10.0,False,0.21331586111319648,1.0,103680,16000,7736249c99219a3b589f9d315d4bae6684ddb8676f8b37c0e4e4ea598f9bd45b,d558b768496aad2f86d6ff47ff5827ea33907dc9b059430d97d8099a345d7d2f
1064,4970-29093-0011,4970/29093/4970-29093-0011.flac,music/fma/music-fma-0054.wav,4268365,-5.0,False,643.7622842936012,0.9166730046710496,183200,16000,66565f58dcce9d855e1fa73fa2511a80f07e1f40b091610dc943cd8bd117417b,6cbb51d9517d2e276d6876a571aa3ff5c9d2b165f6ea1a3e84c7a70ae058abf5
1065,4970-29095-0034,4970/29095/4970-29095-0034.flac,music/fma/music-fma-0110.wav,820131,0.0,False,0.4171910015860085,1.0,92960,16000,bf64cd249181c0d7a7f649cbc9b7e5ef1094f35859c491ff9231c09534bdb796,16362b52bb9bb6fc815f79e0295bd4d39dfdb02c5310cbddcad474ee9f447857
1066,4992-23283-0000,4992/23283/4992-23283-0000.flac,music/fma/music-fma-0044.wav,2646642,5.0,False,0.09359908957304472,1.0,106320,16000,6f2ea6d15b03140919686bf69b459b45c0e3a5b779c6cae9d3ab1efaa4a3b8c2,4f63267f1fcc8292b9639df9d4b6f40299b96f301a200ea16c0351c19945ccb4
1067,121-121726-0011,121/121726/121-121726-0011.flac,music/jamendo/music-jamendo-0010.wav,55094,10.0,False,0.27461783591627215,1.0,64560,16000,580927cb8be32124e3137d0d9ceee6d22f8e3e195d3e03ec78b67c116ba601e9,6ea2f53093ece676e728c9631fb6c97fa7883ee2f33c5ae54ccff60a40beb1be
1068,8230-279154-0033,8230/279154/8230-279154-0033.flac,music/rfm/music-rfm-0142.wav,92956,-5.0,False,0.4966657136580339,1.0,187040,16000,ec1d350944ddb788627f48f110c810b2b008799f524c204afd80d338f8327924,b625ef4288dfeabd12b470e15e340242f5135b9d915dd587a0d43bd74a7a04f9
1069,2300-131720-0012,2300/131720/2300-131720-0012.flac,music/fma-western-art/music-fma-wa-0015.wav,797572,0.0,False,1.6041227834754594,1.0,178320,16000,9a426bd884763b6ab03da948d751e982efbaf17409bdfcab170444a213fc44b7,8d425bbf977ba981e04404cd506671611c644a1822eb98c2f26ff6744f12cf40
1070,5142-33396-0019,5142/33396/5142-33396-0019.flac,music/jamendo/music-jamendo-0166.wav,2168191,5.0,False,0.10305480940899167,1.0,79760,16000,5f62c1387f57c4fbe6b5bdc2185c5353b4dff9151b0e633a8538d68982be539d,eb7738847e55f1f1b9199e4fe8a8805429b6dca8acd1b17477ce072b18d34304
1071,1995-1826-0007,1995/1826/1995-1826-0007.flac,music/rfm/music-rfm-0097.wav,528653,10.0,False,0.13748007945334248,1.0,112960,16000,98ef00abd765ded5af9f69f343d48c98e126f66f65df571849c8a7ddb395fd7a,aba4be85ac2194c30904ae1f43fe5596b3b448166b6c59bfd69937c1d49402d9
1072,5683-32866-0015,5683/32866/5683-32866-0015.flac,music/jamendo/music-jamendo-0188.wav,3389214,-5.0,False,0.640623938274132,1.0,45280,16000,0510fcc7a53116d10a6d67bbae019c35448ce238cc2789fe4e3902baef14b61f,e5b02532fb2bfbb7183b064f019b8eaefe2168ea96ac365cad2c5f15b0c28d42
1073,6829-68771-0000,6829/68771/6829-68771-0000.flac,music/jamendo/music-jamendo-0021.wav,1609578,0.0,False,0.18987666761830685,1.0,213040,16000,616e0aa8823c11b3933c8ac5806212dd5bbef9526d1fa60a1e1c0731d9f03622,9114eb517e1f467231d39b6098cee32444be6ffdf38f8db89069719f4959297c
1074,3570-5696-0008,3570/5696/3570-5696-0008.flac,music/rfm/music-rfm-0120.wav,2464419,5.0,False,0.22627982458005613,1.0,116160,16000,3ea9e5c43e475bd31b2af7f462fc30e11194ad9c7be6c37598d3f9f255d2df20,610b7256df753bb5a26401ba2f44d59f6dae8e0b17b056b84c9cd60773912ad4
1075,1221-135766-0013,1221/135766/1221-135766-0013.flac,music/fma-western-art/music-fma-wa-0001.wav,635495,10.0,False,0.19811750360724686,1.0,58320,16000,ca563e7e629d62ec4cb9276af767ae0d74c63b7be789eb65e7bb0519a8668ac6,951b7979a7fa23974a04b9dda40b89e3c3c4180d1ae99273e8db4830310f2e05
1076,4446-2275-0010,4446/2275/4446-2275-0010.flac,music/jamendo/music-jamendo-0181.wav,762301,-5.0,False,1.4141165563300775,1.0,59760,16000,d1f9caa75ba18c1629f3621717d71c4ed8de97c991b0ec673c2f6f081cf23685,ec679ac947d7e2bcd752ba7a083a32a2d06effee100e7601fde3080f27ccb37f
1077,3570-5694-0006,3570/5694/3570-5694-0006.flac,music/hd-classical/music-hd-0014.wav,2393308,0.0,False,0.5123110734396146,1.0,232080,16000,8e979592b9243f53263e4e34e3c85cd223829c1eb58c8a03a599788afeded05f,44a2083b5025799b2ada68662aed5886522a8b1bf9727b4a21aee78d9959a41d
1078,5142-33396-0033,5142/33396/5142-33396-0033.flac,music/jamendo/music-jamendo-0058.wav,1092626,5.0,False,0.1274919543882642,1.0,84480,16000,7fedb93dc273f4396decbb4759d7f074e4b346046e860197c2463fe1247883c3,e3845ce6cb6fad70a30a0bdf162f655372291e720fae8205b2df16fbd4a61719
1079,1284-1180-0026,1284/1180/1284-1180-0026.flac,music/jamendo/music-jamendo-0162.wav,1899315,10.0,False,0.06832362720133348,1.0,132640,16000,33ff93b47ea0a1e34599f578291c61635930b76aca64d590fbb15f083a1bc993,31868d052d4ebafb613ed3c64b15c4ac60b490e1afe001d1f67111937c85c42d
1080,5683-32865-0006,5683/32865/5683-32865-0006.flac,music/hd-classical/music-hd-0061.wav,1275371,-5.0,False,0.687351608754693,1.0,53600,16000,93a939b31c600607de2c2ab58ed14868d9852b1fcc528de78285fc06552237a1,6f9674f7a169df143c0cba72a28cbbc3d8cfca06b6bff632a2111890041afda7
1081,5683-32866-0020,5683/32866/5683-32866-0020.flac,music/rfm/music-rfm-0146.wav,815695,0.0,False,0.17257958328341894,1.0,62880,16000,85fa7d639901c12085cb9fac18f5cf6a24ea84bc7b9d745f0a639ca6cfe23a23,9a217f0630425e908adbc03c2c8c8b0e0bda04e9afa4c100c92014035a85cb46
1082,61-70968-0025,61/70968/61-70968-0025.flac,music/hd-classical/music-hd-0005.wav,1037951,5.0,False,0.27232677940054967,1.0,70560,16000,eb6123b80871c0c31f43972ec9f77b7bce667cfc9a26774e6376a31f0ed7e660,0372c91cb4844e6f975a699a60c50eecfe0630575b93eed33e25876c94df29a4
1083,5142-33396-0022,5142/33396/5142-33396-0022.flac,music/jamendo/music-jamendo-0214.wav,1808849,10.0,False,0.133994475429137,1.0,76320,16000,b5aac150a279bb1fa224266765d4305ae944e4d70422cd66d159e35e3597a261,88ccf6ce49571e4f1eb252a9e527ec4b3dcaed44cc9f3fca3b5448913d7864ae
1084,908-157963-0014,908/157963/908-157963-0014.flac,music/jamendo/music-jamendo-0009.wav,1705027,-5.0,False,0.5375351951024245,1.0,72320,16000,bf5cd3176f07c494e4f392d0663ee6da5d42154574519403b562aeb067c35d30,203e17e7d1f422d259adce6a812374325cc8d04df5e36bc58955eb7c0f754739
1085,2830-3980-0046,2830/3980/2830-3980-0046.flac,music/hd-classical/music-hd-0072.wav,77947,0.0,False,0.5299968055002782,1.0,45440,16000,22649ecc5cd211706bf6081c0f1547f1deb366eaf7bbc718366f06524b4e8445,0e6a6e06d1308a15ffe2d93e8cfa011fef7f42ec3a5087e7ccbf998358dfc7f1
1086,2300-131720-0021,2300/131720/2300-131720-0021.flac,music/rfm/music-rfm-0002.wav,255724,5.0,False,0.33103695522385407,1.0,175200,16000,bbcb4cf48f1f4fd6a7758b16e86fd0a9f7167ddf450a514e8e89353d66601741,a88c09a3474972b8f8c85e23325d3d370144da6e9aba6ede1009f7365ec71ccc
1087,1995-1826-0001,1995/1826/1995-1826-0001.flac,music/fma-western-art/music-fma-wa-0090.wav,547136,10.0,False,0.1572491263818758,1.0,162720,16000,660488d1124a2d3ecdc76133799b6b1006c65e83af5952a9acb91bfb82b991dc,04518cd3ef0c57188c3943f83be1d99232e7d9e2fe723129e3ee46c7c0cc35d1
1088,4446-2275-0041,4446/2275/4446-2275-0041.flac,music/jamendo/music-jamendo-0178.wav,675747,-5.0,False,0.2841517635075748,1.0,76080,16000,a272e71520379e4003032373c11af623129f3da7b331dee0a58c3c9be7b0e529,16d771bade69b960573ab7d5fa174e4fd698fbad51335cf632a84728e58ef052
1089,2830-3980-0054,2830/3980/2830-3980-0054.flac,music/rfm/music-rfm-0054.wav,3091442,0.0,False,0.49393715990070824,1.0,161360,16000,56f4310f81853f633974debd80c511fd5780743b1c7eb3890511808d86d2e873,8f7c5581e1a733232baa8be77c1a393a0898abc1e203c762626486174f8e2eb6
1090,1284-1180-0001,1284/1180/1284-1180-0001.flac,music/jamendo/music-jamendo-0163.wav,889934,5.0,False,0.08836931763778197,1.0,124080,16000,7d6d027a1d7f75e8704ee7d3ffc9a7c18f37d4c26049f00794d042551c7fa2e0,ce8ea82a257add7f85d092ed9893eab2caddbf63af67f9692c0f1ca6840a90af
1091,8224-274381-0007,8224/274381/8224-274381-0007.flac,music/fma/music-fma-0072.wav,1664148,10.0,False,0.13952058626154482,1.0,161360,16000,5ca71fafa7d3dc19de3bc308f05624f751ad7b77502d2a2b25e0e743f2b9a414,df893aaebd3600bb969469bda7f22dc4e88fcd659ff0a8d095449ce67d23c68b
1092,3729-6852-0019,3729/6852/3729-6852-0019.flac,music/jamendo/music-jamendo-0119.wav,919145,-5.0,False,0.17425484651013975,1.0,52880,16000,71094d228aae7e48d12523fcf7e7dd7135ed2cad1b078168e40c6cbf18f679f7,70f57b3659838d3ff23a2296c5b850a2805c2566705730899113e81ed3228147
1093,5639-40744-0010,5639/40744/5639-40744-0010.flac,music/fma/music-fma-0005.wav,2892374,0.0,False,0.12171267644256799,1.0,65920,16000,bdd7c17a2eef65933c314da20b50d2a4569870d8290dd8258a64efbe256b6dfe,e9d0dda97c21325def4ace1aed9945d4cb622355353daad70194cda0e90d9b93
1094,908-157963-0009,908/157963/908-157963-0009.flac,music/rfm/music-rfm-0080.wav,2766738,5.0,False,0.3007575854567396,1.0,64960,16000,7e886f77ab3bf3272030fa3df86e2fb8aad27fb5e40622eb0b675c12d6fc1890,cc5d58b53a91d5bed919c939738c937401ac893fe7a63a495faa7d843e434201
1095,237-134493-0017,237/134493/237-134493-0017.flac,music/jamendo/music-jamendo-0122.wav,838609,10.0,False,0.32003025245073824,0.9442801393783689,145680,16000,b3586ebf342212ff706860a7e2fe14618d020dd4d9cff341f243daceb6579595,a24d360def6c1326c7f8ed960ed85391b65d7c48f5b91bc5f05bb5190207b4bd
1096,1089-134691-0021,1089/134691/1089-134691-0021.flac,music/rfm/music-rfm-0026.wav,2816198,-5.0,False,0.720636507618421,1.0,213920,16000,3c64270c606e831b619b966f4ae6b1728291a4cb0c3180659abaab81b8d32466,1f726c1f9d9563480d2f5ce91c6f857d6f2ef99e02b3674f14ec2fa3cc1a0dd3
1097,7021-79730-0009,7021/79730/7021-79730-0009.flac,music/jamendo/music-jamendo-0093.wav,418301,0.0,False,0.3264183074199618,1.0,201360,16000,d2d46bad4420fa08c77468322f9a1f4c1625393763a46ddef9dc9fcee7b9d8b4,242d68ff486ae40080d597272772973c7218adb2af73cee71f4c199dc681f7e5
1098,6829-68769-0044,6829/68769/6829-68769-0044.flac,music/rfm/music-rfm-0058.wav,921940,5.0,False,0.13875641367589595,1.0,51600,16000,87f4500fc05979de7aa6f380d2a592e53466097abc10a3cb2b4da10fe80d1b62,343f21baa2e52b38838c9be1ff51cb7fe79bf7c5e22f4b4c97aa22e5e70577a2
1099,237-126133-0024,237/126133/237-126133-0024.flac,music/fma/music-fma-0125.wav,1258881,10.0,False,0.0712219598428912,1.0,154640,16000,dc829af9c203b88fdc14ec043602cfe049b279b2d4a3ad79f9271cb27169991a,60c9ba57ae6f41103f546e625e8bc71405574f9609e64947ca641fafdd2aed43
1100,7021-79730-0002,7021/79730/7021-79730-0002.flac,music/fma/music-fma-0104.wav,1966494,-5.0,False,0.2993546970732678,1.0,43040,16000,8b817557162c5282e929ede09f6c0c9acd410858867f3794b8e940c63b305b37,fc57c5cbd402ba77637e9ad08b39f9b2dbe80f6bd3c8750d15715d4911855acf
1101,7729-102255-0014,7729/102255/7729-102255-0014.flac,music/jamendo/music-jamendo-0195.wav,2525320,0.0,False,0.2775790163888336,1.0,84720,16000,8b483704880009e998fa180a5a34c8d29d88d1877094950e7ba04cc3cf39a831,9a9c1b1b9f872ed62661bba9282876b59709069c117f9f30d34847d7d8073a34
1102,2830-3980-0024,2830/3980/2830-3980-0024.flac,music/jamendo/music-jamendo-0026.wav,2419022,5.0,False,0.12198952415644378,1.0,62960,16000,cf6c45e992e552703dec594033750203e945f48042266b33dd790115f36cb825,10508cf827e3a7273f0b3b9d4bb898f0bd4b35fc2b553e29f2b60c53ad2d7594
1103,2830-3980-0031,2830/3980/2830-3980-0031.flac,music/fma/music-fma-0074.wav,5119259,10.0,False,0.08548375023221089,1.0,135760,16000,a8abccd1300a94d053cf2485f3e75c3551fa3f1bf023cf6c41031c901ec3056c,80874a5345db04d0c7a6bc132d9b6edebfd125f84870dd3ac5da311537e7d2ff
1104,2830-3980-0041,2830/3980/2830-3980-0041.flac,music/fma/music-fma-0017.wav,508756,-5.0,False,0.4663568712888641,1.0,78240,16000,8a2a09c2f6026f13be2933e38fd51ea1fc43be77f686d34bbd72fbc1b63578a2,27739fb74ec3b34ced784784961a6e06e560da1fb411efd15d1dbf6484314c8f
1105,5639-40744-0007,5639/40744/5639-40744-0007.flac,music/rfm/music-rfm-0068.wav,3612843,0.0,False,0.2826483087771168,1.0,93200,16000,5ea8e659815e640782b79208894a1839f515e4b3f7809c7dfb405ba761b81c8a,a31500baab68f6bcbdaee0681e50635c02aaf61d707fe67e34dcb4adeb8c3460
1106,1089-134686-0013,1089/134686/1089-134686-0013.flac,music/jamendo/music-jamendo-0176.wav,448899,5.0,False,0.09334123239691117,1.0,126640,16000,5ca0d0141fec49d2a047f86a682eee7386d566385daf8f530756c1cbba3167ea,942feea08b4382db6230a0283e3aa443880ceb1f0857f89b9a3c9d9342d44194
1107,6829-68771-0004,6829/68771/6829-68771-0004.flac,music/jamendo/music-jamendo-0070.wav,3200893,10.0,False,0.13596047839084677,1.0,135040,16000,418a0fe306c44a5f98abd74527286a9d4f7a7be268f0620bc997e58a6f4ccffb,55cb5f21b5e5d3086df01e7dbc9e7b0e8d69d9c7efe02bb88dbae4733175bc92
1108,6930-76324-0001,6930/76324/6930-76324-0001.flac,music/rfm/music-rfm-0111.wav,470432,-5.0,False,0.7063323154617802,1.0,51200,16000,eefb6e09630915d2d0e8ed41b8f4386de0912e6d7b51b188b90e69d2edf7febf,369e6099fa3e5f52c086e18e0ccacfa03c0d896b0aac4171927ea32f5fe59e29
1109,5142-33396-0045,5142/33396/5142-33396-0045.flac,music/fma/music-fma-0008.wav,2771043,0.0,False,0.2846579613682175,1.0,38160,16000,a3ba88074998d93de599bc881357a0c0f7250399799f3abb82f1e55584fd01ba,2a11b16768452c963b074233faa0034e31624689a5e24ded7c8c8264dd32a9c8
1110,8224-274381-0010,8224/274381/8224-274381-0010.flac,music/fma/music-fma-0025.wav,2435012,5.0,False,0.1902758317775693,1.0,217920,16000,f347a866636497a144c443d892e577e50589757fb28cdcb1335dd181a6ddb761,ad5a0094d8b1a3eae9b9e4a14c07f94b73eb2d20c0194241225ee89001284e8d
1111,8555-284449-0004,8555/284449/8555-284449-0004.flac,music/jamendo/music-jamendo-0058.wav,2316648,10.0,False,0.08918617001041508,1.0,222400,16000,8d41888f589b2f6b8a7d5be83ee7b03d0f5ed38fec1014621bc9968f2450e97e,58e14c24c3981c63367d205d2c8e1d122cac46a4251850bd8ccc1f47bfd56ab8
1112,121-121726-0014,121/121726/121-121726-0014.flac,music/fma/music-fma-0035.wav,2697988,-5.0,False,0.9623888947500253,1.0,50640,16000,b09c2019bfa10694757fc28a6301c6b3a397f1b12007355d91e9d137f8c07b44,b6c576b81d1a9ae7542d90847309e7f88841cc1b4a3c10f8ffbf7f24237e5bf1
1113,8463-287645-0007,8463/287645/8463-287645-0007.flac,music/fma/music-fma-0125.wav,1851084,0.0,False,0.38392646508858186,1.0,344000,16000,830f5fea8491e448bc81815e92c3c72dc207b5f1e618537395dee39656dc74e5,5de21e81366c18a0ad75459186be43d3df016d904d3f8fe9dc8c5b32dab5923f
1114,5142-36377-0020,5142/36377/5142-36377-0020.flac,music/rfm/music-rfm-0093.wav,1206294,5.0,False,0.15293462587857132,1.0,72480,16000,0725eb1eed96f96dfb019a93a5696e01a1064b196309ca197c30c81e1a9fc04b,38f49d1add04e0296c32c97ca988fe689fc759e726d23afe511edf3496e0ea0e
1115,4077-13754-0010,4077/13754/4077-13754-0010.flac,music/fma/music-fma-0061.wav,612203,10.0,False,0.04273868143511528,1.0,191280,16000,01857651ff1d9723adf632055e075d2c986924af0ee3baa51d69b289392af7a1,abff2a3d4ca01ca1387ad26b178b7402c6a8fe597740b1d0ecfbd379164ae67f
1116,3729-6852-0017,3729/6852/3729-6852-0017.flac,music/jamendo/music-jamendo-0132.wav,302693,-5.0,False,1.1314508485092893,1.0,287840,16000,feb2e598230fd6d14b9434bf590d22262b6179bf0ef08b61a5c47638f58c89cb,5312ab12bf29ef600769f346f1cee16458962e8e6034f33e406507e01df95437
1117,7729-102255-0028,7729/102255/7729-102255-0028.flac,music/fma/music-fma-0034.wav,2941989,0.0,False,0.5286630216493398,1.0,153600,16000,c11c780f13d279bdf9a96717160a680c73cae8e964fc790f551c5573f64bbd53,95424a35c7a8009f981699b939edfcaa41bb6efa629a94e3b342530a1781708b
1118,5142-36586-0003,5142/36586/5142-36586-0003.flac,music/jamendo/music-jamendo-0019.wav,3616470,5.0,False,0.06970688142950607,1.0,80880,16000,56227882f03d1c664e6943a2faee45ca504d72f13a4c6acffde5da20c9a33ca6,07806f7b6b91834ba4e55b63d9622c39f4cf3fbf881b4448594798edacf151cc
1119,1284-1180-0013,1284/1180/1284-1180-0013.flac,music/fma-western-art/music-fma-wa-0067.wav,280145,10.0,False,0.42450168055636617,1.0,59280,16000,d0e17b6d1fc2bc2e2bc75b924f7e6baf94b50436911341afbbbd1610a12d7523,3089ed1126c9e31b7992d9d2196096c03178bb4a5770466f9328b09959f3b9d5
1120,672-122797-0012,672/122797/672-122797-0012.flac,music/fma-western-art/music-fma-wa-0085.wav,1775631,-5.0,False,0.7734086529511716,1.0,124240,16000,e2d5d4b8bfaf1a319da936dc4162cc6f6eb5d848724ddeb096bb6ef0f3c11a3d,9bd32f9ad3f585367a1b52b58ea5cb9cbddc8dfc046088a8a2e04591bda16557
1121,260-123440-0004,260/123440/260-123440-0004.flac,music/rfm/music-rfm-0090.wav,1500739,0.0,False,0.5570004046883302,1.0,192320,16000,860f5dd64dce6698a93394bbf78bdd0a35c26fcada985be95fbe0e06e05eb345,465f2eedecb764cb0f97915207c80035bfa190e30a0e3aa10aafa2edbdbc7cfa
1122,1320-122617-0038,1320/122617/1320-122617-0038.flac,music/hd-classical/music-hd-0023.wav,10710250,5.0,False,1.0721428381369122,1.0,35840,16000,b4238a3cfbe91d91498b6c1918f6e73a09de0c86284901de98396d17deb44cb6,5391a0826703e7d61b8ca11c35b00effd88377db77dc9f5c16319af22b64a72f
1123,6930-81414-0013,6930/81414/6930-81414-0013.flac,music/rfm/music-rfm-0051.wav,1768981,10.0,False,0.05119648574144902,1.0,117200,16000,e0b80910ca8d798f1426e31b8866c63d03d461bbc96562c3606ebb2bb60ab9d5,30fb324e331a8851273af334fbd05cc78334daeaf7b03e0ae1bab8ebe0ed4a3a
1124,3570-5694-0022,3570/5694/3570-5694-0022.flac,music/fma-western-art/music-fma-wa-0090.wav,487855,-5.0,False,0.9030570181108718,1.0,68720,16000,e19d31ff9a007ab0446b159920023780d1aa210873abb133e4c760f0dfcca4bc,04bf193ae46438b42f62c07bee728bf2acbf16550eb6e58330449c81089feb30
1125,1284-1180-0030,1284/1180/1284-1180-0030.flac,music/jamendo/music-jamendo-0150.wav,1798612,0.0,False,0.2174197624742244,1.0,259520,16000,4a730abe99db417f8de93078298f598515bdf4fc3403b75befd79d46c664d64b,c34da1238a48bfd58aa8e83b92e40fd94426dbd799a89a132260b84a2a4610b3
1126,4992-23283-0003,4992/23283/4992-23283-0003.flac,music/rfm/music-rfm-0097.wav,961543,5.0,False,0.20459309555025207,1.0,74320,16000,abdd5bf81c6b0c41148260e333cbf5d302dcf78654b3d966639f1e6205d6b319,4abe4c08cf455fab40d1c019f5f92cfe95114cbe7d6e85125986b49610085757
1127,8555-284447-0003,8555/284447/8555-284447-0003.flac,music/jamendo/music-jamendo-0179.wav,758084,10.0,False,0.06359090410579497,1.0,70640,16000,41831ff06dc78e453c680df33d980c2b44e44baf5ce119333ed9831605c679a2,8c5bcab44778ada15e05c1297095d766d463c1d5d96ba3e9874a3c496a9a2350
1128,2961-961-0021,2961/961/2961-961-0021.flac,music/rfm/music-rfm-0027.wav,570331,-5.0,False,0.253405818034517,1.0,79040,16000,74f7f505fedb57a5966786377340122498de7da524d6b6829c33185720d30c84,80c7fedc7f23c25fe30adc504d84b03b79f4df24c9b725882bac9876f23c15ef
1129,4446-2273-0001,4446/2273/4446-2273-0001.flac,music/rfm/music-rfm-0087.wav,2010663,0.0,False,0.4219821967982362,1.0,74560,16000,172d53f388dba80fde111637b9c4144d6f0da18817671f00a953fbe6226d5732,899db0095a59a611bab0bbf2cb869c67f2db86cea0f4728157a3e7f6b9053304
1130,5142-36377-0015,5142/36377/5142-36377-0015.flac,music/jamendo/music-jamendo-0141.wav,2873741,5.0,False,0.09587304511200731,1.0,69440,16000,d72dd0e71222b9ca6d195a414e5f36e1c25c6c64960ba101287762c1b912bab4,2fff1f3a037d1062f004a7d0b5599ecf46f59bfe93313dd4a09fbde5331c8b2a
1131,4992-23283-0010,4992/23283/4992-23283-0010.flac,music/rfm/music-rfm-0060.wav,1570454,10.0,False,0.0545362986156619,1.0,80000,16000,d4bb53b3f325f1754f4a9a25f013895e0919c481e3fc817075f411fe22f737d5,f69b0d7f7ec45766b5a79b3354bb00279b1307353e319809e9fb06fd1700a5c1
1132,4077-13751-0001,4077/13751/4077-13751-0001.flac,music/fma-western-art/music-fma-wa-0088.wav,119230,-5.0,False,0.6761747616851244,0.8977527453182059,139920,16000,320d36695ec0683f9e53666f5e15c005b76a5b266cfffe7723237a5723d37fa7,8e3f34ec7e9b039596ea421ad2542204d90608099b127d64a60d2c6cc272a26e
1133,237-134500-0001,237/134500/237-134500-0001.flac,music/rfm/music-rfm-0104.wav,3283281,0.0,False,0.3144388407349718,1.0,28960,16000,a974276ade7150a0ca9b8f9462a2e6668324e4f67438479f5da7543f9b11013f,fd42039d059e38d2347d23c03ff0039319402e9d7f9eb568ba4478fa04b7e24a
1134,7729-102255-0031,7729/102255/7729-102255-0031.flac,music/fma-western-art/music-fma-wa-0043.wav,2083866,5.0,False,1.3580543459952632,1.0,108000,16000,8d93133194c5f2bcc918b80e8f1fe20a5c8290a0db35606b7b17d632315b2604,91326d2be6402a72142b545e3dc0712f821874b46412263aa455a1b9261ae566
1135,121-127105-0026,121/127105/121-127105-0026.flac,music/rfm/music-rfm-0028.wav,1496682,10.0,False,0.03897781376603554,1.0,120480,16000,f0a0cd47796132d859403c24ed25e8deaaf11af98f320600c327ef5506a1a2b9,e480eb9a14c208bd19eff9fbf4475a64dbd73404462adfce5d801b3ba1aebddd
1136,4507-16021-0026,4507/16021/4507-16021-0026.flac,music/hd-classical/music-hd-0056.wav,1050201,-5.0,False,1.1475722580944907,1.0,505840,16000,d2d5699e0c63a84fbc4dd3243673d7520e0348d9dde847e71d73d5071067fa87,e89f105acbd416a1231c229b3a1853b5d739c549f9e01933eb36b6475d729523
1137,7127-75946-0009,7127/75946/7127-75946-0009.flac,music/fma/music-fma-0057.wav,2794899,0.0,False,0.2835543349897699,1.0,75520,16000,6cd991daff314d156975bdf059bdfde3e28008af6e011a5e9cd5d3cd13f30755,2fc16c58804b8fd24730a90c3baf356d249bfde00d66b250421ece1ce36c3cc0
1138,7021-79759-0001,7021/79759/7021-79759-0001.flac,music/rfm/music-rfm-0102.wav,178571,5.0,False,0.14873744653941448,1.0,39680,16000,01448179588d2b5137a649df386c83917ec2b0c0c0d97aac57101a308a31533c,989f2591886e6168a77af07b36f350bfc7cecbef1d6fccde8089b883f01d3a58
1139,8463-294828-0030,8463/294828/8463-294828-0030.flac,music/fma/music-fma-0096.wav,639431,10.0,False,0.0546684856473781,1.0,43120,16000,317640117416a0ddcc6cd8e732a38179db7a74b856879af5fe59c6eedb1847db,3642371557546f5d76d792ff6da801f46b3e27ee693ec9d2bb195921bb413824
1140,237-134500-0004,237/134500/237-134500-0004.flac,music/jamendo/music-jamendo-0068.wav,3605279,-5.0,False,0.5093183563329096,1.0,35600,16000,c48d83a2cdb316e85b06a35e2e0b55d65c8426f4304b34390cc2caf38ff79d24,986e1db8300897fbcee83ad46a132cdfdae4dfa53044a319342bcb38306cc897
1141,4992-23283-0013,4992/23283/4992-23283-0013.flac,music/jamendo/music-jamendo-0106.wav,755736,0.0,False,0.3096923742928372,1.0,106080,16000,9e5ea2889acd52c84b7de06575e13b5eb5c3e734b5bba09db2df5ca6eae2c483,a5f1a12444f86f08bb6158ecf5fb8865120de2d8421788f07714517d3c986ac0
1142,672-122797-0044,672/122797/672-122797-0044.flac,music/fma/music-fma-0116.wav,366081,5.0,False,0.06406394745900951,1.0,59840,16000,1d5963ff62732cf661dc67118ca5f058b1df7b0394196228941d5f8fd66860f1,573f4182b8512f3bf81838cebcc8662fef1c040afb4b0d53d81c2dcb085808cf
1143,908-31957-0012,908/31957/908-31957-0012.flac,music/fma/music-fma-0030.wav,1302826,10.0,False,0.129002095870556,1.0,121840,16000,d5adccff905b1ccd2a816be7390ede0df8fe1f5a408f0e41a475115f85984ec6,e8466ae88bf67d578e4cf54d4f9461b2e55bf6befd2ecf1293a70261bb65f07e
1144,3729-6852-0027,3729/6852/3729-6852-0027.flac,music/rfm/music-rfm-0025.wav,233856,-5.0,False,0.28557615325678937,1.0,48000,16000,bf043141e0696c5116eee8a79ee5656b2406fdd3bef721c4fd8daffc904ee094,4f48a767b31b36ef541d7bd4d0f3303b790f2632e2573bd30c03aac3c1191b43
1145,3570-5694-0016,3570/5694/3570-5694-0016.flac,music/fma-western-art/music-fma-wa-0042.wav,1952761,0.0,False,0.6656381884343358,1.0,226400,16000,df29727137ec1702aaae86b486ecfdfa5fa03441d0cb230f9ded2d8a511d8614,629b9e2bb69ff22acd24ca527c1d8d03c21c909edc4a933e6fee05a0739100af
1146,1580-141084-0018,1580/141084/1580-141084-0018.flac,music/jamendo/music-jamendo-0113.wav,3525159,5.0,False,0.29514705969124055,1.0,53520,16000,7c1c6a85cc6cef2a73d44eb697a87e1aabc7caa61e9d6249dcf1c4d4f4341fd9,79833000bd80d3ce07a67e58f2b3fd0711fef8e5c01415a621ab5d23fe3d3037
1147,4446-2271-0015,4446/2271/4446-2271-0015.flac,music/jamendo/music-jamendo-0011.wav,1657817,10.0,False,0.07321252647313545,1.0,41520,16000,9a272f7dd6ef2e1dcd8835a3da3e1547f75e38f38bdbd432017262e3adc74057,baa5531f5d939c0928fdc42aac7758fff90d7a45360dfb708255baefb63f8eae
1148,908-157963-0028,908/157963/908-157963-0028.flac,music/hd-classical/music-hd-0057.wav,1139128,-5.0,False,1.1801195649323584,0.8700873563430339,79280,16000,75532fab9f4b5a10db92a393fb6464face84ab59dc4915779cefd9a3b454b9e2,5c55686edb8319e4f4d2e19c4f70fc5ff788681a9e1cf93dc6bb331d880e52eb
1149,2830-3980-0032,2830/3980/2830-3980-0032.flac,music/fma/music-fma-0018.wav,1145815,0.0,False,0.6474127253083038,1.0,115520,16000,cac18870c03e730a4c1f5e783a7ab79b78d5d5fa22371bea468fc5d254de1eb2,d2e9079de9747ecfb19aa2893ffbe197f210cb8b20d323f20fe2045f94b38964
1150,4992-23283-0011,4992/23283/4992-23283-0011.flac,music/jamendo/music-jamendo-0114.wav,50549,5.0,False,0.502875624879842,1.0,67600,16000,6c79706a0b04a02e8d98fe88091b558f56cf100752896e8b67504686e3725471,bbec4384f2ea5d66ec7cf0507f2492bbad5f5ff2b6b14c725930dc8afb89f3cd
1151,2961-961-0006,2961/961/2961-961-0006.flac,music/fma-western-art/music-fma-wa-0013.wav,1581845,10.0,False,0.08392255091552422,1.0,73600,16000,c06e349f018d960542a57e5b9f2259ca62746cd569c750fd772f6fdff9eafdf0,b8d08da014894eee0c16b38747c0e9250e70fd43f4380828131190860c42dcf7
1152,4446-2273-0004,4446/2273/4446-2273-0004.flac,music/jamendo/music-jamendo-0093.wav,2125915,-5.0,False,0.4242270836795271,1.0,86960,16000,6b14cdc49f3efa130e88d68a0279f02a0ad53bc3da0cb9838b67373187e4233d,b5de3aa6cfa57feefda3a0f154baa4e92b4e61d02552e0f3559e66042b47fbf9
1153,2094-142345-0006,2094/142345/2094-142345-0006.flac,music/jamendo/music-jamendo-0056.wav,4284963,0.0,False,0.4686834548543393,0.747012046950807,221120,16000,c880526163dedf20ecd15160c99a0d3657cab44ef0758c4fa0bdd1ea1260c2f1,e928b6fe46bce1ba18c25fc05507b8c5c53806e39fd879f97a50bdf7eb0e4c5e
1154,4446-2273-0020,4446/2273/4446-2273-0020.flac,music/rfm/music-rfm-0120.wav,2318552,5.0,False,0.08341783995001485,1.0,43840,16000,ad7da7572991072f5a4d4864a1bd7e809567d10ebefa944b2bdda2a1f1cbe66b,4222abe5dd0a9ea02b2c792cf69228e85fd13a0401309bc3b3fcfb955042fcd1
1155,4446-2271-0008,4446/2271/4446-2271-0008.flac,music/fma/music-fma-0043.wav,3438766,10.0,False,0.28047100417147813,1.0,87920,16000,cfc1c3d17215ad1cdfb690a906077f439709e8326b3b3ff3a8a9728f38639adb,a82ef9dcf88f13e1770cc2c26a92b8e150adcd808594d264cbc082ee9396a45b
1156,4507-16021-0017,4507/16021/4507-16021-0017.flac,music/fma-western-art/music-fma-wa-0054.wav,947558,-5.0,False,1.4038591174073116,1.0,169360,16000,c20f0dd33f0eebc2a9af02853c12b4817397608337ba71ad809df2ed6bda3a11,cad8d20b2b0e5ffd1c4552a68ce2b77d34edd786fee1109b30971f02e2ac79b4
1157,4992-23283-0015,4992/23283/4992-23283-0015.flac,music/fma/music-fma-0064.wav,2126063,0.0,False,0.30154300993419425,1.0,58800,16000,6b6cd4c0741e95fbc6e3a6d4ab9cbedd54f8ec8ac4e62e7368de7a259bf8e54e,72b44d6964c4d48331082f93950f46a649837b359c92edcf9a09030daec17329
1158,6829-68771-0033,6829/68771/6829-68771-0033.flac,music/jamendo/music-jamendo-0013.wav,887748,5.0,False,0.12269303758705669,1.0,87200,16000,ffb097b5bbf31c9dd1f34282998bfea46e01bcfa815cf79a2a548d2822a66a66,4d1c1c6a41d2fce681e7ba732d9d4cfa8140319209b088d0c772b820a3850c62
1159,8455-210777-0013,8455/210777/8455-210777-0013.flac,music/jamendo/music-jamendo-0007.wav,4956209,10.0,False,0.18584710103417643,1.0,118560,16000,dd57cce64e17e646105bce505fe2767cf890614886d229b871c72c29f5132101,90feac91db9ca672621d4f06a8cda4cc0a88d4d86600757d256d5e74c11da20c
1160,4507-16021-0058,4507/16021/4507-16021-0058.flac,music/rfm/music-rfm-0089.wav,1876120,-5.0,False,0.3485094814926844,1.0,49760,16000,ab27f3e157c7bd13ba50200c0ba0150b28146aca7028b1c46cf9fb4301e6d558,156ad6cecbf988a610ca5eee8e830f9e5c72d05c3daee733df249b7efb28f759
1161,2830-3980-0048,2830/3980/2830-3980-0048.flac,music/jamendo/music-jamendo-0001.wav,496718,0.0,False,0.4883036922965391,1.0,167040,16000,0486667ed24eb960e5f2153230af826e0ad082804090dcc56e216284d913a9cd,3b060bb21b255c491238640406b0f9721b1ea3ce97baf9c1a00b6b6f7f57c8a9
1162,5142-33396-0023,5142/33396/5142-33396-0023.flac,music/fma/music-fma-0123.wav,3990527,5.0,False,0.15616350593033934,1.0,55680,16000,e83ce2f2afa6188fd8d3080c0a0824793a0e6955f7b020de8b4744d1570b371c,d744c5d9c3f99660080d358229267bb80c8060277c8f3aa6c6e59adce707f46b
1163,1580-141083-0050,1580/141083/1580-141083-0050.flac,music/jamendo/music-jamendo-0122.wav,3064902,10.0,False,0.11183843914389663,1.0,49360,16000,eebd3f5375699e39aa91ae66d5df5545784481ab43422fdce25810a80468f75d,a92ffd919cbd3a96b7aa5f820d7478e4789c2192666dd42b94b10ece59c3194a
1164,672-122797-0067,672/122797/672-122797-0067.flac,music/fma-western-art/music-fma-wa-0010.wav,894598,-5.0,False,0.7061057574302493,1.0,208560,16000,ca23175925c9b1e7ddaf1e54a73bbfbe3cbd84c538873b359150dcb188c592c4,671288011530d466378035572f3575ca2d254ab45aa2bfd60328c5803cd39918
1165,1284-1181-0006,1284/1181/1284-1181-0006.flac,music/rfm/music-rfm-0075.wav,2497769,0.0,False,0.6069037547564001,1.0,182480,16000,ff4658e45f3726f0097e6fdc6e61f054e649fa8bf330435a9f862316e383cadd,1d84de3ae02cb18cfe436011aece06ed3e9c5dfab829680a4c4c32e0a027f7b0
1166,8455-210777-0054,8455/210777/8455-210777-0054.flac,music/hd-classical/music-hd-0065.wav,1057033,5.0,False,0.3157135104612858,1.0,40320,16000,091f906d8a8474b5f5386f7121ccc8c8f04df5e88e52372f3a2e60d18d3fdb8e,6e521cda33d765c6c6a42f6ed345895ed24ff4d5eb8d0eb625bf905fd48e222a
1167,4970-29093-0019,4970/29093/4970-29093-0019.flac,music/fma/music-fma-0001.wav,686789,10.0,False,0.040103952297952494,1.0,119520,16000,deaed2ab07fda5ade4a242bce2bcbd013a2621d85ce5b5f45c5a73e9c93f732b,cbf647d72ee5d0e1b311091a2894564bf40d24a715ded75cd6e3b11d8d2fb9a2
1168,2094-142345-0060,2094/142345/2094-142345-0060.flac,music/jamendo/music-jamendo-0192.wav,4200456,-5.0,False,0.7810305422856505,1.0,43360,16000,49b5b43ee4910fb8835cd4d06e8407210485d5c48ef10f306ac4e213207e4706,49bd798fd3a6aafbb96fdec99df793428471ff98b5eab713055cf6311d87ac4a
1169,1188-133604-0007,1188/133604/1188-133604-0007.flac,music/fma/music-fma-0091.wav,1595400,0.0,False,0.16054631585680326,1.0,227840,16000,400fb9f91c3c7ea8b2ddd9f48be035f980773f3fad1b40115b986b90dd234010,4fc1a3bed57a9d0ec0f2762d8192e6ca7f051cdb69df04bdb71fba69789a1c95
1170,61-70968-0038,61/70968/61-70968-0038.flac,music/rfm/music-rfm-0135.wav,3282402,5.0,False,0.1511243646866756,1.0,32800,16000,a2a3869fcae4ae7aa5f52f984cca42692aaedc70b479cc62c8742167d3eceece,d3025ebfe0a34b87075fc2dce2c67c16f9d02b7bd8ec4c825c5f2f85d6be45f9
1171,2830-3979-0009,2830/3979/2830-3979-0009.flac,music/fma/music-fma-0033.wav,259474,10.0,False,0.11300150051298355,1.0,133600,16000,0c496d367498f6b7d6e9cfcc978972081cf9f65c1296c1323c5236d4ca7015ee,063328fd960f3480e981be7d6499f867e1ed86593d6e4c6423eeed194062c012
1172,7021-79759-0005,7021/79759/7021-79759-0005.flac,music/fma/music-fma-0072.wav,526361,-5.0,False,0.9991380888469841,1.0,208320,16000,fb88a1141b9e28e58b1498ae4c203186a309c11fc067cd5a44be2c2caa3bb1bf,321c93c71bb4b24ad7ffd2da8cc41a7e7d01926eb96bfb79dcee0c752d40217c
1173,1580-141083-0048,1580/141083/1580-141083-0048.flac,music/rfm/music-rfm-0044.wav,302995,0.0,False,0.2056251121573339,1.0,44560,16000,0a66f7817c57252c814b0ecb645c76fdb40a043d1d24ae8468f10c0342c60aee,ebfe97e810f32599c7f3e18da44dbe5027c391253f9faa8fee4d70282f82a5a9
1174,8230-279154-0000,8230/279154/8230-279154-0000.flac,music/rfm/music-rfm-0038.wav,4295812,5.0,False,0.12761731388524264,1.0,140880,16000,bf1fb0794515d16f958344a8145c04ee40fad8f820fafb9e80565a56fca3b58b,9ee7b8656eb46cff5b2be2488470cae7bd9a2dd9070d0fef778a2b5aad3572ba
1175,5142-33396-0067,5142/33396/5142-33396-0067.flac,music/rfm/music-rfm-0017.wav,1519640,10.0,False,0.0413102348807298,1.0,89040,16000,c5692bf0dd9bc78c6ea27dd7fcbf58809cc29aeafc2d69704da5a02320e157b9,a2c13dd632de7e81c57e2cee949c7793bdca77f38ef63d6256374291c8a6c255
1176,4446-2275-0040,4446/2275/4446-2275-0040.flac,music/jamendo/music-jamendo-0054.wav,2470416,-5.0,False,0.8412636659617353,1.0,111440,16000,3adf8a455af26718cde5dc1e764a9cd45663295e7893792fe7213fd57b8e0010,a249e6817fc9f00c42f00937b2e93f0f85d40c5d39c5386b963b0120d13af28c
1177,1580-141083-0047,1580/141083/1580-141083-0047.flac,music/fma-western-art/music-fma-wa-0025.wav,1560918,0.0,False,0.5319198170230701,1.0,41680,16000,1e7da4aa82bcd72c30fd247bc6bfbb84b2cc24d60fe01f5b27c961dc5b70bf2f,b87a9e4aaf0f034691ee191307b576f432e144a20086179d52b93369471293a9
1178,5683-32879-0024,5683/32879/5683-32879-0024.flac,music/jamendo/music-jamendo-0060.wav,3942945,5.0,False,0.16127345315141484,1.0,37920,16000,d5b1de2f7a2b64e9082bbaa7a9f9216b8f673cff68bc853d007a4861d462049f,7d7202e48c78a8a6769597f98f1a84ca7a79a23d07f8aca7be842c7f5a045b7d
1179,1995-1837-0029,1995/1837/1995-1837-0029.flac,music/fma-western-art/music-fma-wa-0054.wav,2085107,10.0,False,2.624303388641848,1.0,89280,16000,4b32802f687896e6c086a6d57ea73ae31dd75a69564270af5ebf9fde0f9b7a39,061856fd87e330e8a93eab96d4c137c8c6c65e868acd058ab42c352bc5e55a5d
1180,2830-3980-0035,2830/3980/2830-3980-0035.flac,music/hd-classical/music-hd-0028.wav,7060833,-5.0,False,0.9830840322546034,1.0,53360,16000,1f870c2e9bab887cf6def343ea75b0bfb4120f72499f7c8122e192eb003f9418,42f9fb7d517332af09c2ac56a8c7c6b44fe5857a119712db6d0c4fe7315c2c66
1181,1188-133604-0018,1188/133604/1188-133604-0018.flac,music/jamendo/music-jamendo-0114.wav,1962660,0.0,False,0.2205314161692012,1.0,184799,16000,d27d04a47ef454f1f50a2a62556d1a18aae526fe7b9c5be9f3c33ecba715e055,59189c08612661afb8d371ab09ad324d0af2626e8fb5f45f0d342b8abe7d8f26
1182,7729-102255-0040,7729/102255/7729-102255-0040.flac,music/fma/music-fma-0008.wav,1544299,5.0,False,0.14232719504919486,1.0,188160,16000,46b40a8ca1d270dd934c31d486b6e82d1d483643d3adfe79edbeb9c8e5efef59,aef2a566034e9b86ee6f120d693cbb501d318aaf35fb1e471717906ab464c432
1183,4446-2275-0006,4446/2275/4446-2275-0006.flac,music/jamendo/music-jamendo-0001.wav,1898966,10.0,False,0.11239016690887273,1.0,56640,16000,40d86969230b5ba6ab131288a43d0b456c147449837c503663d72fcc631eef59,02890b8d9932785b54e640aa85b8e6d176aee531698ec05a2bc39452afe18c40
1184,1995-1826-0012,1995/1826/1995-1826-0012.flac,music/jamendo/music-jamendo-0028.wav,3432894,-5.0,False,0.3901201606482607,1.0,98880,16000,b4d2f36bdc42568548865e0843b75378eaaa9aa763e1fc6fb03882d4edbdc914,6d86ed17b0acbfc84c8d8c4ef73510b4eae2d79aab44502aad666aa52c4f2784
1185,8463-294825-0003,8463/294825/8463-294825-0003.flac,music/fma/music-fma-0075.wav,1466125,0.0,False,0.16327012790645445,1.0,158960,16000,a10f18ba9963d5c1c2c9849a625100d6667c0565776936b2c5e658884f29ae51,2af45052d678a213dd2b738ef17108329f641e9b571a0ec70d972a856285ae8e
1186,8455-210777-0030,8455/210777/8455-210777-0030.flac,music/jamendo/music-jamendo-0053.wav,3518562,5.0,False,0.37986712060667505,1.0,205520,16000,b52a6437e169f09f27c6bf71ce445948c7be5ee2175a27406333e76d223e576d,3f33706a3a5d46a16d70f13e1d3aedc6c836fceddb882912573d7ba7f6836863
1187,3729-6852-0040,3729/6852/3729-6852-0040.flac,music/jamendo/music-jamendo-0100.wav,174858,10.0,False,0.06356788579329145,1.0,170560,16000,7a0214b09e6c3657ebfb504a1882d22ccb369f8a9f1f16d37dfb4eda3e368577,c243462beed2b280999a7cbf4a7b677208c3c77532a5eba75f0d1322ef050d9c
1188,8555-284447-0001,8555/284447/8555-284447-0001.flac,music/jamendo/music-jamendo-0166.wav,2563905,-5.0,False,0.5462941117079956,1.0,137760,16000,39e16c7e4ccf151672a072c68061270c53a16384a554434f6a3cd98869a3670b,26fd76729acacd3bbf97fb1428bc81f603028f91441a77540629691cbaf729f2
1189,1320-122617-0014,1320/122617/1320-122617-0014.flac,music/jamendo/music-jamendo-0125.wav,2695493,0.0,False,0.5599294766090388,1.0,78400,16000,36186d56db18e1add89593959f7f6216142e5bdc0f08793e51894b5ebdb00191,15c46d0d8d1ce956d863e4c1f333c237e09c6c81a50e9384896f8553846bdc7c
1190,1995-1837-0008,1995/1837/1995-1837-0008.flac,music/jamendo/music-jamendo-0094.wav,1127507,5.0,False,0.20486741480102508,1.0,31280,16000,ea11257f223bebb0a8d13761e0ded65b8cda6627786b4783b3c4b66f7285abf4,05718639323888f5b02e3e7b3879d8986e69f584fa08ea2a62333e80ba374f2c
1191,237-126133-0003,237/126133/237-126133-0003.flac,music/fma-western-art/music-fma-wa-0080.wav,758220,10.0,False,0.07253717585245001,1.0,104960,16000,9f1460a4053fae4ae7182d79f1451fdc1581eb55031193b8a58dff05d1537592,928eb1958598e3f5a7ebd824f65a0f7ce8c83d2e1d53c2d04ee5ba571979c365
1192,237-126133-0022,237/126133/237-126133-0022.flac,music/rfm/music-rfm-0116.wav,693602,-5.0,False,0.296488712164519,1.0,80640,16000,7c6f7792982d4758f69bb07cffc52538d97be2c652dbadbcfbf5736c9fc3a6a8,293ef37b63b2342b7c2fad9c0f5efeafc00547b2d3969055115cb2a6ebe25d4a
1193,3729-6852-0004,3729/6852/3729-6852-0004.flac,music/fma/music-fma-0056.wav,4869867,0.0,False,0.13919222479626567,1.0,263360,16000,8843cfe0fb5840d8276f025349e91485be6a60ff87640ca9fc22c329cf37c71e,b4c247cc5b4f8fdc32c96d06adf587304ecc71d790708a535a26707fd7b6e30e
1194,8463-294825-0004,8463/294825/8463-294825-0004.flac,music/fma-western-art/music-fma-wa-0006.wav,1564380,5.0,False,0.28187593815565953,1.0,58880,16000,2b3a58f1cea2b6e1e34b313e4111fd37825e4028c908b75dccac12cc35d7d735,a43d19f174362598eaf030baec293830995857b487e27da155d70892f5b4b6eb
1195,4970-29093-0007,4970/29093/4970-29093-0007.flac,music/fma-western-art/music-fma-wa-0048.wav,3169141,10.0,False,0.40918879946366266,1.0,111920,16000,23ce4415e6294ff5da8fe7a704c9c3d3a7a9f22737aeb5de5322a1a21b6b46b8,8d85820a8508dc5066d78a8f7ecaebcecef5195893103cf0167a9602fa06b5a3
1196,7127-75947-0024,7127/75947/7127-75947-0024.flac,music/fma/music-fma-0041.wav,381409,-5.0,False,0.693394693766771,1.0,117280,16000,a79af1fc52502d960985cc94b7c6f45bfc9144755e32fa685c8cb06b36c4beb8,30d703de8bee36ed20ed15fcd8d7e9518157180eedde96cbd9e7ed6fa8cc848a
1197,1284-1180-0002,1284/1180/1284-1180-0002.flac,music/rfm/music-rfm-0144.wav,1076903,0.0,False,0.6725592482212205,1.0,122880,16000,e15ab606f1dffecb13a9eb902e50be37bf3c40dc478ce8bb0a958dc93df23016,aabea5ec1c89d1f54e0a1c0e5682cf41a74ce606aa02a1957dbed3ad7d843191
1198,2300-131720-0039,2300/131720/2300-131720-0039.flac,music/fma-western-art/music-fma-wa-0056.wav,5989942,5.0,False,1.6432875463467238,1.0,38160,16000,e063fde5626c275027182692c72dcc256ae63249e4aacb53543032f95b218ac3,7776bf32d0055371987f2af5d81b49b484e4d7fe42d94d19688774788260a7c6
1199,6829-68769-0021,6829/68769/6829-68769-0021.flac,music/fma-western-art/music-fma-wa-0019.wav,1915716,10.0,False,0.09058297862013345,1.0,126320,16000,a0b34fe1ae5c64a40c035a3e9af2a74a289bccdad5040b0d26fadc13ad49741a,67e3f4c8d82574f3d29a4cc46e59ebfadf73396769cf1acc21f6ba4ae31947e8
1200,4507-16021-0004,4507/16021/4507-16021-0004.flac,music/rfm/music-rfm-0037.wav,2123844,-5.0,False,0.6621114835228896,1.0,34160,16000,befc9aaa44b536d72553d50d00e96ca7515ae8ed2575a3b8a5b52ab4554487c2,b7cea296ca580935f0d7d5b0ba3c219316c1ac4e320bef6b67b0c74cf283fbf5
1201,908-31957-0017,908/31957/908-31957-0017.flac,music/fma-western-art/music-fma-wa-0002.wav,482527,0.0,False,0.4815503962840171,1.0,124720,16000,8903b691862f8ce0a63c9af4437ba012c81163a5cb206d0c2f967af48a611b9b,32305cd88fce7e88fb7a3f088b201df3aed60a07401da16d1ba9949cca362799
1202,1320-122617-0019,1320/122617/1320-122617-0019.flac,music/hd-classical/music-hd-0026.wav,1724697,5.0,False,0.7470823397923434,1.0,131680,16000,b32d2f28c39ad5e98d4b1ed30b4d06e1a03de5ee0e08f61bbe988868a123d173,9eaaee7e1a3765ac657567ed1021ea0911553dafeb7a986aacd65f3947dd7fce
1203,672-122797-0037,672/122797/672-122797-0037.flac,music/jamendo/music-jamendo-0105.wav,418795,10.0,False,0.1431165502974673,1.0,31360,16000,c9982b1031c62047462b4b1990ec3d64d28f0212198de4abf76388a38d88a79f,d49e789039a97458e16876f26b1bd9e032b456b780747f0413209f2f3912ea58
1204,8224-274381-0000,8224/274381/8224-274381-0000.flac,music/rfm/music-rfm-0095.wav,1344190,-5.0,False,0.6339722156401254,1.0,283840,16000,1a319e17ca38e5e863b0beccaae3331afe24d516c1b74776e898bf1daca67b24,19827f7ea674e0bff43a1f36967cc2a5ebfe39b6aa91e9ecd6720bba2571e431
1205,8230-279154-0023,8230/279154/8230-279154-0023.flac,music/fma/music-fma-0019.wav,563438,0.0,False,0.2695279017956666,1.0,100240,16000,5a95b203b215359ec386e7bfe148bac79760f742980a3e61c919adb27e965e25,5d27a6af9237320e2230273ffee3c69497312ec5781c34dab48b42a8349898f8
1206,8463-294828-0036,8463/294828/8463-294828-0036.flac,music/hd-classical/music-hd-0040.wav,1283343,5.0,False,0.3369520251050499,1.0,111760,16000,680bdd527aaeba267b90c2687a04f4568ef330c5a7c1ccca2999eeec619dd82c,06977c20bfa026a3b7c9369cb3d2114369eff54773f8678389e89ae59d8007ab
1207,7729-102255-0038,7729/102255/7729-102255-0038.flac,music/fma-western-art/music-fma-wa-0060.wav,5654653,10.0,False,0.16642195682703362,1.0,126720,16000,2885b28a351eb3ec530810155ef1b9914ee1329cfd4e574138296a5ab56a393e,bc6323cbacbaa454c2f1c86a8de82f6dd9924fbdb8374957e6311c01c972cdc6
1208,7176-92135-0014,7176/92135/7176-92135-0014.flac,music/jamendo/music-jamendo-0101.wav,169694,-5.0,False,1.393726425182065,0.781810139828672,256320,16000,1dec009eecf073cd51f323284d8d9b45eff696e264e2d865292a49e03e576634,030309fa4ecac069f6d28337e51f51258ae9c006baf40cf2f86bb1f50bdde29a
1209,6829-68769-0036,6829/68769/6829-68769-0036.flac,music/fma/music-fma-0096.wav,1462834,0.0,False,0.26273713510244456,1.0,88880,16000,41954932e3468086f2d4cc0288ac1b52209efde357fec37d49a0f4e688ea068e,30e977f3fd8d970230c28746bdb6c753dc964deb0ad6d3e2335e76cb079d3871
1210,6930-76324-0028,6930/76324/6930-76324-0028.flac,music/jamendo/music-jamendo-0058.wav,2286943,5.0,False,0.13398185681204072,1.0,158000,16000,5708af271397a2f0c42f5c58dd6dbb142e505050a48f12a58cbefa8c4513a4f8,c46ffd5095f1823a49212fcfaac12a1a50b0b3b7e546e10c1e3080bf77fb91aa
1211,121-127105-0027,121/127105/121-127105-0027.flac,music/jamendo/music-jamendo-0171.wav,1219694,10.0,False,0.0472235707769681,1.0,221920,16000,0142d2059421da93d0b15417f599688b7ecc0ac1d1045be2c1c04cd4a0f304e0,fdb64a7aef75568919a80bfb359378ebb0e68e8d5ce3b62c145397c41f814d8c
1212,7021-85628-0017,7021/85628/7021-85628-0017.flac,music/fma-western-art/music-fma-wa-0046.wav,2675116,-5.0,False,0.6284174500264792,1.0,34480,16000,a8af796af497fb2593a34498eed3933ae9c1f428931fc2aade6bcb9e2ce57668,250fb0366d8045668401640c60b5c61f9f410eeaa043faa976cf0a17546852af
1213,7176-92135-0022,7176/92135/7176-92135-0022.flac,music/jamendo/music-jamendo-0173.wav,2475802,0.0,False,0.32152590012872817,1.0,131680,16000,385c0644210fd36d0ddfc2876113a8f672e47464832c120d3bc8078df1fd3788,01e57762e9805084dd7816d8ee96d442aef7efb0979f9eb1251334050f1fac0b
1214,7021-79730-0003,7021/79730/7021-79730-0003.flac,music/rfm/music-rfm-0037.wav,2927629,5.0,False,0.2630397709288982,1.0,526080,16000,2e1a693189cf9da558001ccbd6e20a4cb525d8d2a0f74028bfffee7607a2e15d,35c0806e042e7d1a9971718220f05257155b93d7bd3791dbc1e44cc45506ad1c
1215,1089-134691-0004,1089/134691/1089-134691-0004.flac,music/hd-classical/music-hd-0033.wav,3706930,10.0,False,0.21699028346577987,1.0,82801,16000,f994617c4f7e88356cabc66857b0aec256a3e76ca6ff8024e16a3a49c62962b3,e0c96e9e1164afb690644e221db250f10800b283d64b7e9ba5116f02bc0e9802
1216,4507-16021-0023,4507/16021/4507-16021-0023.flac,music/fma/music-fma-0035.wav,977609,-5.0,False,0.6808816610610953,1.0,193120,16000,6f9a28bb154d85df25c52d708a964997baa2a37ea7525e0baecb06e16ff07e4d,b1a811d826d16dee2e4a0f3a6f26361285f2c8e554caaa56f505ea3ddc0c8bf2
1217,2961-960-0009,2961/960/2961-960-0009.flac,music/fma-western-art/music-fma-wa-0081.wav,1230586,0.0,False,10.095745040386346,1.0,189760,16000,05c303f70dac33e971f17b692ee2d2c221e874f9707fa4330c4fdca79fee7f83,d66d17b8e10cb28e80ea8ec4691ae07793a69f9fe89abfd05e5bcd804b2c6339
1218,2961-961-0022,2961/961/2961-961-0022.flac,music/jamendo/music-jamendo-0176.wav,1657519,5.0,False,0.13927817156590347,1.0,415760,16000,c87fe854d973594d134fbfc939ac2f9668e61aad02a6c2bb0e3b0c5d4c746fe9,0a1efbd332f7899a9bf225a7eea0a39d755d61baefd4052a32cd4d579dd7be62
1219,260-123286-0011,260/123286/260-123286-0011.flac,music/jamendo/music-jamendo-0187.wav,4528027,10.0,False,0.14493498212698666,1.0,68080,16000,4aaf615334b341ae333135b4bae2320e6e8d9bc3900955d4e8a7840fd8d3dfda,0a3a235a8419d2054785a50aec7c38bc042315d58caf1ef1f9b3dc5c9f301b9c
1220,61-70968-0012,61/70968/61-70968-0012.flac,music/hd-classical/music-hd-0048.wav,2928482,-5.0,False,1.0169604291983037,1.0,41760,16000,252f2dc7532d5d679c1b57402018cd2b6cfd5f5607563e9e8d15fd6d049a8750,ddbb925aab8c517a91a029fa194ea693bd3df92f4afe03b6484eeb2596432024
1221,1221-135767-0010,1221/135767/1221-135767-0010.flac,music/jamendo/music-jamendo-0196.wav,3271391,0.0,False,0.13148842964991259,1.0,131200,16000,c6bc4201a1a60b7e38f3ff295f9705baab34aa2d7c00278a002b71c4f4dbb4b8,8960e35eec0cfa6a771aae7c3166943c93d51faa74bc968302f824fd4164b807
1222,5142-33396-0024,5142/33396/5142-33396-0024.flac,music/jamendo/music-jamendo-0061.wav,1383806,5.0,False,0.4355954168118789,1.0,85520,16000,ab69cbba3059dbc2d3ad03253a3da300d5993361f27dbb4196ea872a11055511,e67348020351dfb68ff7f5d835b378d8e261af157c11415eb2f4128b7ad344a2
1223,260-123288-0011,260/123288/260-123288-0011.flac,music/jamendo/music-jamendo-0013.wav,1522734,10.0,False,0.07057622383703673,1.0,143680,16000,22aa3e3eb1e67188a69d84a16b4bb4de6124996ae6e3f17aaf818a808ade06e3,71f8d974cb46656aa061afcf407f67fde265cf1a4542f3bf15f89a379b6256f1
1224,4992-23283-0020,4992/23283/4992-23283-0020.flac,music/rfm/music-rfm-0112.wav,662807,-5.0,False,0.5724549761545212,1.0,166720,16000,572024712286505b39ac9037f2c88906c4738e8adf28e19731d482e84bc0db70,a85ad840f22b9f851bcfb7219ffaefcd47e9de5cd0b75ba62963994968c41cc1
1225,3570-5696-0006,3570/5696/3570-5696-0006.flac,music/jamendo/music-jamendo-0095.wav,105772,0.0,False,0.35279407437560484,1.0,66560,16000,7cb302eff6c996169179a19002818bda1f4c34966c92af3ac9a453d51d6ddd4f,f60bbed78c237764a9dbe0ef855954eedf58cb9c38e22680d7caef722a5fe076
1226,8463-287645-0000,8463/287645/8463-287645-0000.flac,music/fma/music-fma-0002.wav,12628,5.0,False,1.5667263456285774,1.0,75680,16000,20d3a722fecc2090ba5bc90fdfe7e4f3863b3695247b5ffc25f047a7e25d077d,17e176d743c31b7a6dddb7257dee075e56c49a347e8e337bfa79721bb5fedec5
1227,8455-210777-0027,8455/210777/8455-210777-0027.flac,music/rfm/music-rfm-0118.wav,1512838,10.0,False,0.22385805539708567,0.9962530298712571,202000,16000,f944bfd1327fd2f618720756e6cf01daa7c10697f247ecbfc23d43d4254ea590,a8a0bbe684ba40fcc88a2b7394c53f073aea2e49e61a9c8f6d76bf8748252701
1228,7729-102255-0033,7729/102255/7729-102255-0033.flac,music/fma/music-fma-0117.wav,788428,-5.0,False,0.5958059596846842,1.0,108400,16000,49cd0007d292e9378f2b9d7e26cd85d0d0bb17f108071b2e3c2d22af06f93738,e686c2118de791987e1c923fcd153457eff73466b3ea188279762a8355c3dae0
1229,3575-170457-0017,3575/170457/3575-170457-0017.flac,music/fma-western-art/music-fma-wa-0011.wav,287475,0.0,False,0.7061459256930332,1.0,203680,16000,5da88f9dc6b63f36bf6c464d14e9547bfc514d8af996e16019ff0e6d4bf37a3c,40e4e9ba2e59f7bc1fa800a72001b9c049436caacdd2a9aebe707909cf5d617e
1230,672-122797-0031,672/122797/672-122797-0031.flac,music/rfm/music-rfm-0039.wav,981491,5.0,False,0.28021897971564214,1.0,63680,16000,deae5eeca34349841ea088f9d7c2561ee9c0aab6ade230731865303d269bb9f6,018be37adf36a7aed57935a0d4816c6bbd2dae2e55a6b1fc73d9f12f2b247ef1
1231,2094-142345-0028,2094/142345/2094-142345-0028.flac,music/fma/music-fma-0104.wav,270390,10.0,False,0.12868621604940159,1.0,109440,16000,9e9059b4a7da59a3f8d942d877345edfbe1c3b19887573caf2de0293eed9d515,c19e4bbf4e901d9c2dfbd65605aede7c89708dba496dc792d962f536627002c1
1232,237-134493-0018,237/134493/237-134493-0018.flac,music/jamendo/music-jamendo-0079.wav,1739147,-5.0,False,0.8551429108743938,0.7363744372598612,76640,16000,9d7f3fa47e95382fa9bad33254a7a1b721e4ffc729860e9e933fc28f02f6c16a,3271a8097d775328ea2b0580b29ea73a783fbd5c5146c29cc825125024653e22
1233,1089-134686-0006,1089/134686/1089-134686-0006.flac,music/rfm/music-rfm-0085.wav,1812840,0.0,False,0.24081934714467715,1.0,168880,16000,537fddd348bdce01783c3df6824fd94e6f143935583c7133e63ea391b51df48a,213253d90e3ff8400fda8d8dee7a0719aeb7c1c90a513744ac4ec6b872b78180
1234,5683-32866-0013,5683/32866/5683-32866-0013.flac,music/jamendo/music-jamendo-0153.wav,444525,5.0,False,0.2108384574926195,1.0,158880,16000,3c37d9c4e55a851a05c9eda023f13a62d8925411aa391497dc8f7e77738240b1,5d87180aadddea16c40f3d22eea1512665984a9a806a0b20e1d6a18cc29be1b5
1235,5683-32879-0009,5683/32879/5683-32879-0009.flac,music/jamendo/music-jamendo-0110.wav,4617830,10.0,False,0.11819759316592414,1.0,82160,16000,b216d6e4d00dd8eb2ff71be6d90cd56236c5251ee226fc1b8b22160cce035bfb,4215aa73a72ea0b4adaea4fedb1bfd30ebba0312fbc64be440a124d9fc2b5fb1
1236,5683-32879-0021,5683/32879/5683-32879-0021.flac,music/fma-western-art/music-fma-wa-0090.wav,2031535,-5.0,False,0.6483593155929356,1.0,65440,16000,763e167807b61906c8ba9075eb6a7bd90d6297be3f57d372a8e05137dead4eb9,b79811c5d713f7d243e239ea760e82a16e0d7955692562f527b22a02ef148b9e
1237,7127-75946-0007,7127/75946/7127-75946-0007.flac,music/rfm/music-rfm-0126.wav,124954,0.0,False,0.42182915150026534,1.0,76080,16000,ddc6f6137e002d54e981518f349308054c6d00707782c9be89ac40d0a0bb5c54,1549f4f1a84174279fb0b719dbed5b39b168165df22554d1edb37883022f745f
1238,6829-68771-0029,6829/68771/6829-68771-0029.flac,music/jamendo/music-jamendo-0188.wav,314476,5.0,False,0.4139267167679984,1.0,143120,16000,0e457274785270d7864614128bfaa76fe028f89ea7ec6d2fa1409cb94d5413c9,7123d6bc0ae327eff30d09b1a26a15c75e352148e20dbd65508c902dd90b7141
1239,3570-5696-0010,3570/5696/3570-5696-0010.flac,music/fma/music-fma-0022.wav,1569051,10.0,False,0.10384883154672825,1.0,121120,16000,3fc6bcf07a82d6089c63d3ae1c7e96f24c6ecac05388c7e13743dbc6e1ffac7e,d7ef890258fe332bcc23227b66af145682c73314865d2fe98a84e787e8a8507a
1240,3570-5696-0003,3570/5696/3570-5696-0003.flac,music/rfm/music-rfm-0091.wav,2076349,-5.0,False,0.6906102077253157,1.0,401840,16000,1e929f684833d4912c6e0ccba95336341c45ae8de7147bb89a6b7b3c500f56d9,35f1f25043d37ca6da3ff5f330b97b549af67e8962433e30ef574b0e79fd6398
1241,908-31957-0005,908/31957/908-31957-0005.flac,music/fma-western-art/music-fma-wa-0069.wav,1021636,0.0,False,0.34309147376811805,1.0,71840,16000,170ca1d60874486c59a565a4aea6147c0b1707965fb1f79ad03938d46fba1e1d,e77b1270fd50215d452ac78587e5a804447904bd28a6ab3ad33853995454ba48
1242,7127-75947-0014,7127/75947/7127-75947-0014.flac,music/rfm/music-rfm-0097.wav,1522943,5.0,False,0.26678447860916943,1.0,161840,16000,c968dbb48abf060fbc73f508cf3f7f055d3997c4ce3e0060aca36bb4407e2dbb,03452ecc1bc9f8c3ab8b5adc7f09e39b1f6d62751235ce3413557096fb823f05
1243,8555-284449-0013,8555/284449/8555-284449-0013.flac,music/jamendo/music-jamendo-0068.wav,2239589,10.0,False,0.09373024271274795,1.0,92400,16000,8e48ff55edbeb961ada4c634d14cf4d7e9ed2dbf058a2c6a942bf0cb44ccbce7,286aba6628f8b64b15ccb1d3e2d2231eb6c0bd3a15f7dea4a592a140c2856dd5
1244,1995-1826-0010,1995/1826/1995-1826-0010.flac,music/rfm/music-rfm-0041.wav,1411807,-5.0,False,0.7942469006780476,1.0,39120,16000,53196d2b3b50539abd177ce2ac89a4d26260fa02de9561acbaf1278537f04050,80bb8ccc8c96d27fbd40d3744b963539568fcfb5097cad907253f4d73f69a8e0
1245,8555-284449-0010,8555/284449/8555-284449-0010.flac,music/rfm/music-rfm-0145.wav,216378,0.0,False,0.14800602098781976,1.0,40160,16000,a015725272e3b4434c3a55890fa5935811523686a6ff51b152204f263c86dc36,99ba99720a0ed2e494f85412771b329cfced6112e6bdb2af0f358166614840ff
1246,3729-6852-0022,3729/6852/3729-6852-0022.flac,music/rfm/music-rfm-0022.wav,751835,5.0,False,0.14279578698431586,1.0,133040,16000,ceb9816985bd4fc12e029705f5380216cb73ae2e801b990c21edc683734067e9,55fbdfd18e47e83fd48883b819f89550b788cafef435601417525dc3ebeaec54
1247,5142-33396-0030,5142/33396/5142-33396-0030.flac,music/jamendo/music-jamendo-0037.wav,956871,10.0,False,0.04515735447904668,1.0,44240,16000,c92194a3f6537ed199f0eb4036daea8b973c6975dd800e7bfe6f1302205699ba,993e77cca98c059a655ca5fd50c2dfc9a1cbed736fd72be577d48ff7a9133ff8
1248,7176-88083-0017,7176/88083/7176-88083-0017.flac,music/jamendo/music-jamendo-0070.wav,1518591,-5.0,False,1.0811782315142553,0.7847968579102518,58560,16000,821e6e8b24276b230d504ef99f1dd4ec86847d5264a07b2b11f76ad039febf54,8a1490338e45a3b3683238f6886bd9e4c0e623c2e48d53fdf97891eed49c1574
1249,8463-287645-0004,8463/287645/8463-287645-0004.flac,music/hd-classical/music-hd-0051.wav,4262241,0.0,False,0.358575796182498,1.0,97600,16000,cfcaaa17c2df687c11e69f2d0d50aebf7710a19e2b3c13d40b170deb2211ea75,9a81673c2a6fa5ae2a50e0b14417237d5c615c06366a2462e5a8ca23b7640ea2
1250,4992-41806-0015,4992/41806/4992-41806-0015.flac,music/jamendo/music-jamendo-0082.wav,1280495,5.0,False,0.12433276410705427,1.0,199040,16000,07284c62f7e6f931162403478cad7fd4c9b6b19c667d79a07c7e37aa8f6d004b,222ed228fafc57ff73621f203d093a8c397ff8d579ef7300941905c0763da034
1251,4970-29095-0025,4970/29095/4970-29095-0025.flac,music/jamendo/music-jamendo-0216.wav,2113345,10.0,False,0.5465227600676958,1.0,61280,16000,a8facb31d3f8ef3cc738a5ddd4d40528217ac68619ce8ea8ffa5efe5261f82b7,03db7e378483aa058a2fbfb9a9bd6784ece7eebe23e0b538765e7bcfafb34a35
1252,2830-3980-0011,2830/3980/2830-3980-0011.flac,music/hd-classical/music-hd-0065.wav,1076031,-5.0,False,1.3768296274995864,1.0,88400,16000,5422539c46251ca76f2611055abc9579e8e12bcc7d45f67bbf64a2d9075efa76,804ea8c1944795e62d05e10a8ea516817a3b821e1548675f964404aa8e780d93
1253,5142-33396-0016,5142/33396/5142-33396-0016.flac,music/rfm/music-rfm-0021.wav,3700057,0.0,False,0.19761720154903345,1.0,34640,16000,314b85d92847fb7e620c6103c3177402a47779e3386a3cb610ab439178ccd962,a3bad9d676fafaaf9a306f59076314f9863fab203d095d2e82f55c057b5159c6
1254,4992-23283-0019,4992/23283/4992-23283-0019.flac,music/hd-classical/music-hd-0059.wav,807416,5.0,False,0.1920065433154281,1.0,105360,16000,270658e5d6c59bc68c05d02fe1d91d07cc1d441f934f01a937d0087960c5300c,d4c846404b417e88d812b0f189e7fad45b9f166e2df2172398a46bc80ac56fd8
1255,5683-32879-0018,5683/32879/5683-32879-0018.flac,music/rfm/music-rfm-0060.wav,758868,10.0,False,0.1046890368734037,1.0,119040,16000,1179cf6e503aa105f06b73de83385be364734128e34d2573566de1e2cee3d044,eede24582fd3fd4bb9f49e82f0f1f4169b19d886992203182a70e641a778455e
1256,5142-33396-0025,5142/33396/5142-33396-0025.flac,music/jamendo/music-jamendo-0171.wav,1159574,-5.0,False,0.4021127403023296,0.8477544290144455,53120,16000,251874e84b658b83d313b6e8c7c5e747b47b036fb5727e5bab688ff9facb82a0,770256a2058f30e3f4ae70926e5e45bfd717c619f18a7d80380687f21a0ba4b3
1257,7729-102255-0026,7729/102255/7729-102255-0026.flac,music/rfm/music-rfm-0094.wav,1113863,0.0,False,0.40929157348549783,1.0,240960,16000,22430885271f8acf370ddf639f8c93713ca1157f8f7cda0bc5bbd9754a39123b,b61aa37d41df5a7d140109ea5e80ee92e21b7fbd2c0b4ae7c6d1b1076fbcdb11
1258,8230-279154-0034,8230/279154/8230-279154-0034.flac,music/hd-classical/music-hd-0001.wav,336142,5.0,False,0.4042667310038213,1.0,232160,16000,6e46ab4032360ef6d441f686be287af99309463c51043f9cf203e6cdaaf33faa,6ff57ec4a1b11a11ef8d288601325489c78892984962b2198d7a4eb489798518
1259,4446-2271-0003,4446/2271/4446-2271-0003.flac,music/fma-western-art/music-fma-wa-0031.wav,3849954,10.0,False,0.20913658415831005,1.0,59200,16000,92692e49dc744fc4b367ae3aa1129af2b77c1a9bc318f6d8188787a62a7d41b7,c7700cbf71bb6c59985557d77d4a9aefd45d1023280b6d44dd2d8c3ca94a3ddd
1260,7176-92135-0000,7176/92135/7176-92135-0000.flac,music/hd-classical/music-hd-0028.wav,3282921,-5.0,False,1.9247015220236168,0.8335376099142205,231040,16000,0bd248e012535554dfb57e377b45fb1d8e65333ef5ff346d30d36ef78b27e9a5,e8529c4e7786d6d25867f70cd54427e75406871448fe7ec54d6b2cd5aaa4e173
1261,237-134500-0000,237/134500/237-134500-0000.flac,music/hd-classical/music-hd-0007.wav,1187833,0.0,False,0.749938847465677,0.9377672014621754,98080,16000,ff50a3ff2ed2d1561e48b823b1c8508856b7cb1c321b4c5971485a3a7af097c5,1bb894f2dc4e19b48acb829884e2f511744da4649cf0ab1cb935a3122af95043
1262,7127-75946-0015,7127/75946/7127-75946-0015.flac,music/rfm/music-rfm-0114.wav,2312841,5.0,False,0.11406609361165056,1.0,120240,16000,e9f916ba7a352113d00dfacf63fdbea08a4bc085218713a4db7e8482c7516fb2,d43bf5f0ae61462efe4bb7cf8b98c1ee35a879b17294be1b8c7a535bbc7410d7
1263,1188-133604-0003,1188/133604/1188-133604-0003.flac,music/fma-western-art/music-fma-wa-0036.wav,1657378,10.0,False,0.07128784781130347,1.0,201760,16000,30b3d095e882780ac02bf1717f57609835abbb9012bb4ca3f7295fd322ca7da7,d9712ac94a185e8ebefda8fc1528a77c2a4bf7050c22f98ada2f86a95d2921ba
1264,121-121726-0003,121/121726/121-121726-0003.flac,music/fma-western-art/music-fma-wa-0039.wav,5513238,-5.0,False,1.6269705300690334,0.8766030783573228,108080,16000,7face9715b4f3734bd5744a474a8b94cac1ea0e6d0f4b9875541975ee44c5876,abfd1fdf4e8e8c3afdcd6049480515307e7b8cdeef34ea54e37ca94fa3454bc3
1265,4077-13754-0011,4077/13754/4077-13754-0011.flac,music/hd-classical/music-hd-0025.wav,4720884,0.0,False,0.5958356713803495,1.0,226080,16000,9148a26ff4b781d71b40ff8a1d8f73b60b13276eab51499df76cd7a54f6ca3d9,1f47e6f4bf9307521fc5dcb8d1f5f0ec6c52d298e9b30f0a505c4b9d8ff8a40a
1266,4992-41797-0011,4992/41797/4992-41797-0011.flac,music/hd-classical/music-hd-0045.wav,311969,5.0,False,0.18993514550619225,1.0,87120,16000,25d3d9e3e36134d704c7aab47cea91fc8a75c841f237bb1c8447697d9b3b3f28,023641546a61d7db673c56047a05bbf87d2572a7c55b504c446103539e946f4c
1267,8455-210777-0059,8455/210777/8455-210777-0059.flac,music/jamendo/music-jamendo-0044.wav,708580,10.0,False,0.07393521608117992,1.0,88560,16000,9fd31c12af4c94a18dae83a49a6fa3e3f4cb2928547cc526e628bd8939f7ccfc,f3618b988e0d21760b0a9ffd97182dcfe352890a8f644e1b5d911565d25fea5b
1268,3575-170457-0054,3575/170457/3575-170457-0054.flac,music/rfm/music-rfm-0081.wav,3289636,-5.0,False,0.5563056205712413,1.0,128080,16000,34666ed09aeb60aa9ace926201622c4d3779bedfd289f2ddd07c140f69285bf0,218f6d49e80e52e57203395f429d7d1dab7485b37bbbea4ed2c3580df76926cc
1269,2094-142345-0021,2094/142345/2094-142345-0021.flac,music/jamendo/music-jamendo-0022.wav,1328621,0.0,False,0.28258935091666476,1.0,85360,16000,f94ca4c5f6f40205f286aff7796e89118af2abaa28a0e83d2c205c91197e7096,802fe68678d8e4973d5f7041793101087d09f815d06a82c85c88f9c4fdfbe0f0
1270,6930-81414-0021,6930/81414/6930-81414-0021.flac,music/jamendo/music-jamendo-0171.wav,81875,5.0,False,0.11020381107412366,1.0,51600,16000,cb1a5e73f0b2d17c44c755901ac926b5db0d98e0d412ac40f7c973fbfcd7a5b7,8fa3bbeda5d1774c9e3d444dc4149d17044af54d7ef17cd68e26372989994b1b
1271,61-70968-0007,61/70968/61-70968-0007.flac,music/jamendo/music-jamendo-0147.wav,342200,10.0,False,0.06013486777293023,1.0,56800,16000,9e037a99f31885f1bba0a52181609462f832c2e6f46f064bd428c1731bc25a06,96c299abacce7d780e5f099309cb92d430af37782d8130c534eb522af06a74a6
1272,4446-2273-0008,4446/2273/4446-2273-0008.flac,music/fma/music-fma-0035.wav,1217515,-5.0,False,0.4978481183298708,1.0,123440,16000,553608a221e07a51e214914f3931ae2762264b5e3b2eee43e6d71e527c274a78,98a1be4b5594f3e4c8d32a4fb8405ebd8cd2ab4cd639b9f0929ac0bc3c8c2ba3
1273,672-122797-0036,672/122797/672-122797-0036.flac,music/jamendo/music-jamendo-0096.wav,1821643,0.0,False,0.37659763824901593,1.0,85840,16000,71cdd999557eafb2e63db5c61c0fd0a7538f6363887c2b9f179dbdde030a7da0,5063d78be50344eac9e05070cb417cae33f30da7237dd1ce10b3a31c5e80773e
1274,8463-294828-0004,8463/294828/8463-294828-0004.flac,music/hd-classical/music-hd-0063.wav,224770,5.0,False,0.3604707277085721,1.0,37440,16000,6b237141ffd224e88a65901ede34c2bc0499b495d7e1ddc2b97afa7db2aae9ae,b00444e004d79f7ec9a450dc26f19a5580f813882aae3067f895dfd5b22e7915
1275,1320-122617-0021,1320/122617/1320-122617-0021.flac,music/rfm/music-rfm-0030.wav,2718226,10.0,False,0.1619097337530123,1.0,85360,16000,2bd7b30bae1c3df2a854ee6adc16d56ff67ffc4ffbb49c5a97b7dc121f0c5358,34571c25c37f8688cf1c225981f4118fa62126655b57be47eee38c5cd980c1a4
1276,908-157963-0003,908/157963/908-157963-0003.flac,music/fma/music-fma-0062.wav,71400,-5.0,False,3.396794220766179,0.811911727526401,49280,16000,0e062bd8847bfa85ba83871f81f773444a7a4bf5f7f8a55ee31507bdad9ddc5b,c428a75622ca4751d9783b8ffb7451be07acc8b13269ad631b60a0a604525640
1277,5639-40744-0040,5639/40744/5639-40744-0040.flac,music/hd-classical/music-hd-0071.wav,1950004,0.0,False,0.2497804841910357,1.0,200160,16000,622c298e356119cbd797f02a20f719075ae832119cb281218d3b1b38b4f377cc,cc80a6f1e5f900301857e637e20764ff8f24f2a3e493312265dfb6e4f9780cc3
1278,5683-32866-0023,5683/32866/5683-32866-0023.flac,music/jamendo/music-jamendo-0089.wav,1387108,5.0,False,0.2552721883504462,1.0,43920,16000,ba1aa2086ff5fac396f92af6a9914e7c1fd9ebe1f330830fe13dbbbcc3f58af0,a7a747d1c3849faf031828c9651813addfc493dd88e55d7b5a530d326ef3287e
1279,1284-1181-0016,1284/1181/1284-1181-0016.flac,music/rfm/music-rfm-0031.wav,378198,10.0,False,0.1149048727804294,1.0,152240,16000,5df78c3ff9b18c67deb72e4f62c4aa65e735ec60c1ce6100b843676511c6ff08,fcffed31802b20f1d585593d30fe4ee1d1fc7dbd0678d8a0f253390f1c3406eb
1280,2830-3980-0023,2830/3980/2830-3980-0023.flac,music/rfm/music-rfm-0076.wav,3815653,-5.0,False,0.6317867877638679,1.0,98560,16000,563f07ba594559eb7ec9cd3f5b2cc257311902ae3fa9e1e00d219addad09cd4c,7dd37cf9595c48129be79b2907ac88c34b5feb28caf38a06483e0f30d89cbc62
1281,672-122797-0060,672/122797/672-122797-0060.flac,music/hd-classical/music-hd-0021.wav,1972218,0.0,False,0.5330310193162078,1.0,53600,16000,e6237ae947394017af5175a1fc6f7472c10ceaf451bc804eeee57f8daa1af243,02b8c65c1372ce8168dac1a97aa026eba1f695f917688b26361f8fa4e5b00cf6
1282,121-121726-0002,121/121726/121-121726-0002.flac,music/rfm/music-rfm-0113.wav,677340,5.0,False,0.17911522888201512,1.0,70560,16000,21fe00a53765159be57386730f08972b29e3b6b07e93a2cc0ddd1e0bcde1abd5,d01cd72392f864a6c62051904f539deae9b21706e1fad18623a3924fec22d9b4
1283,908-157963-0021,908/157963/908-157963-0021.flac,music/jamendo/music-jamendo-0191.wav,138301,10.0,False,0.35258167251982697,1.0,163840,16000,92c6655a06c4e5dc3a4783b450512487b5d0e498483cab90115aed1515279513,6869758cca8b8a55a2ccbb09ddcd2c13ebc9a570f2c50523d480e40c10a1e841
1284,7127-75947-0001,7127/75947/7127-75947-0001.flac,music/jamendo/music-jamendo-0053.wav,3893887,-5.0,False,1.0242324795567264,0.9566349282851114,106240,16000,61b573bd237a12c811692c079931106a51b9fa1db113ae2b333ffb675560ff74,3bff4a8786bc4c4468568b18260975f58d7cc3ee429bb73d35ed7206008d5fb4
1285,1284-1181-0017,1284/1181/1284-1181-0017.flac,music/fma-western-art/music-fma-wa-0072.wav,2414039,0.0,False,1.1356585093836726,0.8227735818717838,188400,16000,ff407826c28230ac5615b2ba7efd19f795c06d3e8b3ce84d609c9d8f7c081d02,7a68d8b7ab8e5291cb3db8a9b85ac5096234df7e4c1aad67e9c8d37e014c2109
1286,4077-13754-0003,4077/13754/4077-13754-0003.flac,music/fma-western-art/music-fma-wa-0070.wav,1235826,5.0,False,0.18163291562125436,1.0,90880,16000,c7a783b45d4fac62025b17c4f43f8b72bfc32b09eb3ad4c3d57ceda4bfc76c49,b63cf884b3d3d1aa571e5c9011d78e91d74ba7c278d7d12a65dbc4f1fcebbcc2
1287,4446-2271-0014,4446/2271/4446-2271-0014.flac,music/jamendo/music-jamendo-0115.wav,1748175,10.0,False,0.05086055331004662,1.0,85440,16000,a1488fd5cc623a3ed1dfa6c818cedaf6dd634473da13a25bf9cb947b94b46a4a,55ecb3ba3f12c96293dca50f74d40498d2e1186f4692289d1a985afe339c3c0d
1288,672-122797-0069,672/122797/672-122797-0069.flac,music/hd-classical/music-hd-0005.wav,272497,-5.0,False,0.48304909796593043,1.0,80160,16000,27c40c8bcbcdcb481fb9ee361c485d904a79d2f12a84b28692a223682927c8e5,09b33b46c10fdd2292236da7b412d29069ef0efb696b3303dea3e92aa028331c
1289,8230-279154-0031,8230/279154/8230-279154-0031.flac,music/rfm/music-rfm-0047.wav,111782,0.0,False,0.47130673036088677,1.0,202640,16000,349ff0931015142a567792fd138772334e967e15dc51f90c7bf0359e034ca430,58a31956c7ea1fce7e8a5392ca7ae952189f9273c61ce33f81ecf3cbb27acb24
1290,5639-40744-0001,5639/40744/5639-40744-0001.flac,music/jamendo/music-jamendo-0088.wav,567868,5.0,False,0.07658281093098704,1.0,199040,16000,818f954c8f61ba3db4c75c20c856b72b3aaa9d5bd40f39dd6fc257fed711b120,3e7fce95c99235d5521081610ee34682313498ca269d6deb8703aa072c50da84
1291,5683-32866-0021,5683/32866/5683-32866-0021.flac,music/fma/music-fma-0035.wav,357880,10.0,False,0.09713464840982508,1.0,126400,16000,1d528f84540612430ebedddd4cc33edbf4909fc3aed2c33e3b61cbc71e0f1323,40de7212c202f34f6b94bd8f9b88d974e16dc568412c8369e2155309c3c75906
1292,8455-210777-0044,8455/210777/8455-210777-0044.flac,music/hd-classical/music-hd-0018.wav,451572,-5.0,False,0.8605307474621952,1.0,114720,16000,c077eda852138e0782150a5f13b6e0bc52bc4b5c82e3f3960d3ba4c54468555c,b2a72b12a19f45d7115860acb773c49324bc6feae68adb81208db85b816ff2a5
1293,260-123440-0020,260/123440/260-123440-0020.flac,music/fma/music-fma-0003.wav,2951038,0.0,False,0.25909493993533433,1.0,79920,16000,bc2122043a07d05107889b48e8e57ba45adf612937d9f07357137086b59065e2,75b356d958a4be9d01f1d767b80a2bb431f180efb65e770963afed2964a6a33c
1294,5142-33396-0059,5142/33396/5142-33396-0059.flac,music/fma-western-art/music-fma-wa-0051.wav,551959,5.0,False,0.4017121017700539,1.0,87520,16000,abb4ef01325edff2176a9e55f428f3cba5c9176e80b0abd514d7ea90f23b6ac9,0231785874dacb1ba86e0465b45b9b4280fec3fec4a0611d06c4d5f4f159a6f2
1295,4507-16021-0013,4507/16021/4507-16021-0013.flac,music/rfm/music-rfm-0056.wav,206709,10.0,False,0.1310621277866659,1.0,167040,16000,f29443b64a2609a30318e3e3d0c06712ed56364e00ba5fec94d01ab01e6f6b30,df9b40ce76c8475584bdb00093fe12de7b3f7f454e816a34a4faa5a884292a8e
1296,3575-170457-0031,3575/170457/3575-170457-0031.flac,music/fma-western-art/music-fma-wa-0038.wav,537122,-5.0,False,1.2157162298151891,1.0,64000,16000,a2d080d4cfc09dfcdf0ce82a244b1a78f4a1999e4552c9e2fa89b6a61af1f8bb,004371194fd0afe94fd23b19261cedffa048dcb32a30b1e57ae325f826ae215b
1297,1089-134691-0003,1089/134691/1089-134691-0003.flac,music/jamendo/music-jamendo-0104.wav,722212,0.0,False,0.24923629376536066,1.0,34800,16000,0da69975524be09520d86a09ff2e4d37fcc36af8300941df8e8ef8f9063752e0,0db8d764c6a690c9677c6f9565a96d4412d9fd2cf0e45302a43292eef2e615d2
1298,7729-102255-0036,7729/102255/7729-102255-0036.flac,music/jamendo/music-jamendo-0062.wav,1426053,5.0,False,0.1922446593911331,1.0,123280,16000,d470885948eeaaed5acde039bb041477bf50db89c251b2c84846489db2df2667,5c9fd0bc06dbe578164822f40985f1dc70d313622f350cfabd5a8444b72f6901
1299,4077-13754-0014,4077/13754/4077-13754-0014.flac,music/rfm/music-rfm-0072.wav,197294,10.0,False,0.07451695521658909,1.0,175520,16000,9f448a7289009ea2cbe3d1a0dfff4021afa11d6c0a07c78b6bc7f032f81a8d6c,4594b68e0d9d6b40bb10584293aa40e6e052eaf8a2ffaa332a360889fbfec871
1300,5142-33396-0056,5142/33396/5142-33396-0056.flac,music/fma-western-art/music-fma-wa-0035.wav,5326439,-5.0,False,2.4190525841148918,1.0,49120,16000,09d2eed4d84d332e5dcb9e88ff03b3d32d30a816d65fd1a11c6e263ceb9f298c,42be4002b6070f123e2cdda94d3f2a173e4bd1c7d3d8e470291907d2af1a7752
1301,4446-2273-0036,4446/2273/4446-2273-0036.flac,music/rfm/music-rfm-0129.wav,2358797,0.0,False,0.23734257544760687,1.0,49920,16000,98b01d88e7a849f2ff62c17dd2c4c2a30e5f62bad0d4b7bcd7ffc72947c939c5,76e30e5ed9539b5a9b5ecb9aff7fb5690aefc50e0392b511160c84270d86846e
1302,8555-292519-0014,8555/292519/8555-292519-0014.flac,music/hd-classical/music-hd-0035.wav,5081431,5.0,False,3.3241200661300527,1.0,38960,16000,04fe54e155efee421495fd94a0a8939bc938bbece70c373e5ecc51c94ea8200a,6d7bfa5f5be02be76fa30865d93460e339b6b32d38af6dc8bf13886da4e082c4
1303,4446-2275-0045,4446/2275/4446-2275-0045.flac,music/hd-classical/music-hd-0052.wav,989044,10.0,False,0.07732943717939061,1.0,42160,16000,90e45601b91afebb1ae18536581cd2de12cbb1dca70d595956d7583f77256d82,cc1ad758798f61cbc4111dc14f59b91198e8eea018d977728145aea173433f0c
1304,4446-2271-0004,4446/2271/4446-2271-0004.flac,music/rfm/music-rfm-0015.wav,2844496,-5.0,False,0.5005855099660811,1.0,192160,16000,d31ade516cc862222a513144abe111b433b174c85f9c459b51ef6baf89982e07,20622607439c60bfd1ad02dc1862c031f47ecd0140dc8c1ac42b361e7eef3353
1305,1089-134686-0014,1089/134686/1089-134686-0014.flac,music/jamendo/music-jamendo-0030.wav,101871,0.0,False,0.8010635209737983,1.0,35600,16000,fee8e0460ca707f108782be0d93c555bf34fb6b1cb297e5fceed70192cc65f9b,a8a7e0c5988593a59420ed1cc0a9d6941f03a81813ef2756f43ae4ba052406b5
1306,5639-40744-0004,5639/40744/5639-40744-0004.flac,music/jamendo/music-jamendo-0139.wav,719555,5.0,False,0.09321369040417085,1.0,199600,16000,3992651376002278897f3f5048d97e66b58d860ef3e030e534ab80201b094bf0,553fe370f6c0b0869b5e55a9b9df3c94513a0ad0b67a5542a871f6f24ebac1e6
1307,8455-210777-0066,8455/210777/8455-210777-0066.flac,music/fma/music-fma-0102.wav,2586382,10.0,False,0.11401653143521771,1.0,44160,16000,aaf510e282f523ed1ed698c6054204e961ebedab55668af4c54fb57f10946a31,624dc22fc55bcc5bc049f20950d319a8e5e3db7f889a154bd6836104dc60be90
1308,4077-13751-0003,4077/13751/4077-13751-0003.flac,music/rfm/music-rfm-0017.wav,3642097,-5.0,False,0.5435982713631287,1.0,267520,16000,5559219f7be15333d8f85715b879b2a476834c66139e395b4e5d52d27232870f,5026f5e3114ce6309b3c4402471aa42b70d3dafeb3befafae2d25c0ca7e836c6
1309,5142-33396-0050,5142/33396/5142-33396-0050.flac,music/jamendo/music-jamendo-0106.wav,509305,0.0,False,0.28091257277781717,1.0,46160,16000,ba84bf9b308e54deb1edce2fae462eaeac57e22354422dc916b5be4dae5b72f7,8af35bece971e9617815973e45841cf8b69294bb4e0d7bfd10df89f6c6331e3e
1310,237-126133-0012,237/126133/237-126133-0012.flac,music/hd-classical/music-hd-0027.wav,1394447,5.0,False,0.12395205121333575,1.0,71200,16000,c947b1bc7b6d4e7dd025ed657b3d71f590259445945e6de844e2ffd2f6bbcef7,c449767de54f817d46b02fca8b50699cd56985272f85534ebd0c4e277fe60ad9
1311,3570-5694-0009,3570/5694/3570-5694-0009.flac,music/rfm/music-rfm-0037.wav,828333,10.0,False,0.13654216746527262,1.0,201680,16000,95a5a63733d5a3506635ff8ebd238f8517cf1141d8dd542d6a7bb7663ebd51c8,ce439467a56cda781b17df8c734cb2a75a6673ca0caa08dd4c8c28c6143cc2e6
1312,61-70970-0014,61/70970/61-70970-0014.flac,music/fma-western-art/music-fma-wa-0062.wav,572833,-5.0,False,0.8872105881268669,1.0,54480,16000,abfff191d17df9423dc4b5abd4438eb3312ab57954b0c3e2b137fa53465963f0,47e7b5188e9ad96ce3f8751a96822a6adadd6f0cbac7c932d0d4887bff01ee45
1313,7021-85628-0000,7021/85628/7021-85628-0000.flac,music/hd-classical/music-hd-0066.wav,234510,0.0,False,0.92524656395196,1.0,48320,16000,05019763207115236bed9360a0ede81c5d6dd4e4cfe3a3561f758f402057d0fd,2c7988aa8129e7092c0d4869722082bc818e14f0ed37c9ac64d255d99e508b8c
1314,7729-102255-0041,7729/102255/7729-102255-0041.flac,music/hd-classical/music-hd-0004.wav,1288192,5.0,False,0.31313142558703116,1.0,198640,16000,8d26bfb00dee36392f563ecb7827705968e256a6cb373f6acc86f24b73f79b47,8a813543c6fbf1f422a6174bf4d6eaae6e20940d4df54f815f48fa8b2633d230
1315,5683-32866-0028,5683/32866/5683-32866-0028.flac,music/jamendo/music-jamendo-0033.wav,631373,10.0,False,0.0823802460316886,1.0,89920,16000,321b42fb2a1d7346777a3933e9f6c2444918fcdbc7876e7be0af8fdde9b1aa83,d352ec6cc20241c64e9b4ff6c82f6ad2703da99803933e2a769321c2f00a2165
1316,3570-5696-0000,3570/5696/3570-5696-0000.flac,music/fma/music-fma-0055.wav,3263109,-5.0,False,1.386242161802293,0.7178138866243069,182640,16000,fb32248ed3af6d4bd0d4d80bd1d3c9294d17a4ce6a990ae609feabfcc16f9824,132ccbf17152368868af843f90cb900eba8d5bd680130785aeeb97bfa7cc65b2
1317,1580-141083-0004,1580/141083/1580-141083-0004.flac,music/hd-classical/music-hd-0003.wav,2159233,0.0,False,0.2489805444268022,1.0,72240,16000,07cd6485df4b9038c9e5ae954c46d0792dae1a939b05b8550ffd3ad9dd17798f,6e2c111cc7df066c4d0d425b9122f9df2f65905712f36c07dcee19a4b5ef18c7
1318,7176-92135-0023,7176/92135/7176-92135-0023.flac,music/jamendo/music-jamendo-0012.wav,555508,5.0,False,0.19324787793558534,1.0,99440,16000,f70f5a759f2372173b4510621c1f797a098f1b6840f98a640a5c1d6d2150d6bd,913c91fd5013b22a9ee23c3ddedc842b613dd97216d14c6c07068c51f8588fe2
1319,672-122797-0030,672/122797/672-122797-0030.flac,music/jamendo/music-jamendo-0127.wav,2011870,10.0,False,0.07385472380475115,1.0,73200,16000,92ccfc378f42bb1894610286d2e77a5c5be582c0bf87df3df405dce78c9a499c,702ab4b257e80294a1bcbe3dc70ea2ee9aeda1f4ba41b1e9e952827acb4ae634
1320,237-126133-0001,237/126133/237-126133-0001.flac,music/fma/music-fma-0083.wav,3606900,-5.0,False,0.5157539781807686,1.0,191440,16000,ce2cef19d4730dcd7858d127a691f3e4005f76f5ab148037fad9a9496325491d,183c4553e3b99f80af28474534a5cd8de60b9a96bba871e1aaf6c5dd823fc6b0
1321,672-122797-0059,672/122797/672-122797-0059.flac,music/jamendo/music-jamendo-0179.wav,2912243,0.0,False,0.17012798680177615,1.0,56320,16000,4d3c0a3697b3a18bf3e14f237d1325b65a3a4d22d2505cdf0a208469591cca3d,90e8dcc4fdef020fe89d0c1f8cbdbc163f3f147037f3f10163e2727a6a7691a7
1322,5639-40744-0005,5639/40744/5639-40744-0005.flac,music/fma/music-fma-0086.wav,2246639,5.0,False,0.1524866853895664,1.0,90320,16000,461a6b1972d4d7591a698128351463a37744f930cd0089a426dbd0b1790f8514,e8ddd37262756a9958a86ba0c6a2db323f1705e3bc723b00f18b9ffbaed73e07
1323,7021-85628-0020,7021/85628/7021-85628-0020.flac,music/fma/music-fma-0127.wav,995673,10.0,False,0.12346153278879496,1.0,103200,16000,7e6865fce61ef5f5487ab1ffe29d1f2fc35afd74c90029af2b8c2bb2c9163156,f21c94d62db7058849e5e56be1b3e4ef3ef67f89705f11840e6f91a856363768
1324,1580-141084-0000,1580/141084/1580-141084-0000.flac,music/jamendo/music-jamendo-0078.wav,2266113,-5.0,False,0.29212871482393266,1.0,73840,16000,fc78f6837474265afc36a405ae5aac887173c48015c6d4b63f4522ee2744b97d,c478136351e994f5e13555589bd48033aaf2559d093d573d0838cdf93dd6fed8
1325,6930-81414-0020,6930/81414/6930-81414-0020.flac,music/fma/music-fma-0107.wav,1928660,0.0,False,0.4175564695780498,1.0,80000,16000,0af813bd8c16ec5da3587ec995238b17428e6722dcfc7c1552f1de0c808f63a4,87a31a6eb5e9537a1e34aea4f1a168a53634db1d1ceba3aa896500d7de186e3e
1326,260-123286-0020,260/123286/260-123286-0020.flac,music/rfm/music-rfm-0098.wav,868654,5.0,False,0.1328455586933405,1.0,48960,16000,4214b5b56f3838c6bd223fac3494c09afa5787c824d0cef1114160dea5a02f31,ae87ffb2836d7c61bac3197653a3cc8a4fdc7b1c303eea0ebcb3e93814291eb7
1327,8555-292519-0005,8555/292519/8555-292519-0005.flac,music/jamendo/music-jamendo-0064.wav,1289969,10.0,False,0.10636702201031681,1.0,153200,16000,94ce71b2563151a74e5ef138ede4c0ca12f7bb7d5039e9a82c1e58302093769a,4ec912037969df9f2f7bc71732804b671d7e50f0363508595947cc408c9c37b6
1328,4446-2275-0015,4446/2275/4446-2275-0015.flac,music/jamendo/music-jamendo-0071.wav,856498,-5.0,False,0.3200286207307685,1.0,47680,16000,02348fc073917974e7ed64c93fd08974bc1d11157407adfc97e76cad17e5c68f,76f1f3437660a78ef0f670a41bbbd88ddf84856b8c0330fac38115e6a0420e92
1329,3575-170457-0023,3575/170457/3575-170457-0023.flac,music/rfm/music-rfm-0083.wav,3578637,0.0,False,0.19057119418163593,1.0,145520,16000,8029dcfe9486135ff441d80cf466ba5729ac8fb7ad0187ba8f32b75a7383ef38,6ddb7813e44f9b527adf928bc020180b402600676e0da1cc394e41c022dcd87e
1330,7176-88083-0001,7176/88083/7176-88083-0001.flac,music/fma/music-fma-0126.wav,2822092,5.0,False,0.22438634950769065,1.0,265200,16000,e35b2d3b26fbb51a38350c5890b2a142f94914aa1f8c584fdc7dce9095c9421e,9ed45ddeebf466d315b304d28e1cab068e5dd280b2a31e1777a12b847e066a39
1331,1580-141084-0049,1580/141084/1580-141084-0049.flac,music/fma/music-fma-0005.wav,2793522,10.0,False,0.03887367428135507,1.0,121200,16000,c5333cc5a371b0e453333a47bce965c27c9a0cb6ce0e5e3998d50b4e3f5b7c72,3b613461d6f746c2b6ed6f902b8e57963fd0283fd247a4b8188ae74a37020879
1332,1580-141083-0016,1580/141083/1580-141083-0016.flac,music/rfm/music-rfm-0100.wav,3803028,-5.0,False,0.3605346414794969,1.0,68080,16000,b53eeab7feab8a28ddcd6af95acb1ce824cf3f1af65c620c3318b075e27ceca4,2d856c2ab8654005e705c220d4945abac0241a505a19570a2d7e27b87b2c4d63
1333,3570-5695-0004,3570/5695/3570-5695-0004.flac,music/fma/music-fma-0044.wav,3547949,0.0,False,0.3380262397823094,1.0,169600,16000,d72969637d1f23cba2a0099fd197127c280f005733b2d778f793a631768aaca9,f2fb17c3079b5f9cb27c9d82488496e56c93631d5eea09844045f4a0ef8cdadf
1334,1089-134686-0007,1089/134686/1089-134686-0007.flac,music/jamendo/music-jamendo-0058.wav,2620033,5.0,False,0.0840306861753822,1.0,68400,16000,2cff67acc90735509fb83be543636b224e12711f24dcea765077ae4bbe455a48,894fd3398b97b371ab79637ea1fbfdb1f06021792ab3536c60cecc4e8b76cb02
1335,7176-92135-0043,7176/92135/7176-92135-0043.flac,music/rfm/music-rfm-0028.wav,184510,10.0,False,0.07386269967260539,1.0,212480,16000,1f462c77da334b2c8c30e2a8e85d973e18edd0e97b354dfaa33700f7b2f7009e,4c96939c41525117807dc4ea026305a7dd1782d817c01d5870ef81acd01fb231
1336,2300-131720-0015,2300/131720/2300-131720-0015.flac,music/rfm/music-rfm-0136.wav,1326803,-5.0,False,0.48230418434489586,1.0,142000,16000,18192601d7952eaf179f4de1387b595626d7500d5e70d4d6448f0b9e012613db,36778544c6be1f5d0dcb96d3444fa4c060085c63fb9d070f74f50dc072b215f3
1337,237-134500-0033,237/134500/237-134500-0033.flac,music/hd-classical/music-hd-0067.wav,584011,0.0,False,0.6271642251558734,1.0,101600,16000,2ccafd4451595f120dbed0725bfc6053df8d2c4412fe55ecba5f88c27788304b,095735b54bcc26401baebe0a6185f91cae050f7355481a71f2967f65bcc7e5dd
1338,1580-141083-0021,1580/141083/1580-141083-0021.flac,music/rfm/music-rfm-0076.wav,3874260,5.0,False,0.12138805261380452,1.0,59440,16000,0a1d43cab74fd71b0ecd3f80ed6fc5b8665d020e7457b5f1205441fc2ebadf42,466be554a895a59d045954d456fe3c1fc228881071adea6e0aa5ef53ca7cb4e7
1339,7729-102255-0002,7729/102255/7729-102255-0002.flac,music/fma/music-fma-0089.wav,2073935,10.0,False,0.11633948573106122,1.0,132800,16000,f8e9574a4743df5adca62c99b13aeee6cd48082aed075708545a898435aabde3,1a4ab9c039fe8641702840c07785d89db18c85346a12a85bbb5e72830b589f28
1340,2830-3980-0072,2830/3980/2830-3980-0072.flac,music/fma-western-art/music-fma-wa-0036.wav,105422,-5.0,False,1.0489565140242558,1.0,77680,16000,4d602957341ec00a2109aa1397351ef98defe6acf54b57ff4032d00b3b8195d7,261eb9edcfeba8ac9454d95c0d93c41932a2a749bbbc39ecc8eda3d6f5929e15
1341,2094-142345-0058,2094/142345/2094-142345-0058.flac,music/jamendo/music-jamendo-0111.wav,3372723,0.0,False,0.8502811758267661,1.0,78880,16000,2b82bfff0ace2fc914cc537135f3c840e4db1feda8b62af87fce1bc6d5860fa0,ece49e3f143ec5a42313c07215e3ef253cac8daa6a16b853ded3f9b743f27833
1342,2961-961-0017,2961/961/2961-961-0017.flac,music/jamendo/music-jamendo-0097.wav,1033956,5.0,False,0.08031477705014096,1.0,155680,16000,be21550f8e9a453c9fe5ac0abd6cac604aa310edbed195f2dcf1ebf87d269ab4,235446ac513f9a071e9223bcc37a65c290937fb4bf15448b789f73566a3758a3
1343,3575-170457-0025,3575/170457/3575-170457-0025.flac,music/rfm/music-rfm-0103.wav,319350,10.0,False,0.06294968312598097,1.0,147280,16000,5e726ed10d66a0440646627562dd75179ce52c537c68245fc1d7e8e562fc430c,1c19f922c6c03c1a51bb0f68339d27946c25db8fe50fdd28e07d80438955fff7
1344,5683-32866-0000,5683/32866/5683-32866-0000.flac,music/jamendo/music-jamendo-0004.wav,5425707,-5.0,False,0.29448989925323465,1.0,42320,16000,2ef94673c1d19feb496af2fb5b19643c5f546829193be4a92de85ab8b637f09f,96b287f34db045cca0fb63172cb3df0c221b6c8fd1d795980d98d8a71e93a32c
1345,8463-294828-0035,8463/294828/8463-294828-0035.flac,music/fma-western-art/music-fma-wa-0056.wav,4591682,0.0,False,0.33615683871511426,1.0,239280,16000,1e869381abb6058657b3807f1d40cafb08980128335c8e8579691bbdcc73c189,4a73bd89e13a1d998d974f9e4da4c64d6bf95345eb0a0881667d698f51a64157
1346,1284-1180-0022,1284/1180/1284-1180-0022.flac,music/hd-classical/music-hd-0061.wav,416564,5.0,False,0.30830360614809843,1.0,46160,16000,9a95faea50ca556dc32f0aab815948a84d9e7fd5509bf135eb5f34c416726cd3,deb33c5726396c983f963bd1e0493f6c6876ccfd3efc943eb3e897adb60540f0
1347,672-122797-0020,672/122797/672-122797-0020.flac,music/jamendo/music-jamendo-0085.wav,832977,10.0,False,0.026854073896478044,1.0,141200,16000,10abf44eb6c78ef90b0d0233390b9b39b066782b6e09c637d4b8e810feda73cf,4b98f30c7e003c67d4337592ccf55b09c73d754992a397ef609e912150efd325
1348,4077-13754-0005,4077/13754/4077-13754-0005.flac,music/rfm/music-rfm-0093.wav,1574243,-5.0,False,0.47393699925675953,1.0,285440,16000,c0a331818c236c7c4d94c7d08c3cfc01a9ee2ad915f74a05e58e88a7216426a3,e2cda1368d1315526e4e4d7e4fff0ac6b0b649a1e8e17e2cdc8138da54686441
1349,672-122797-0050,672/122797/672-122797-0050.flac,music/jamendo/music-jamendo-0207.wav,4626428,0.0,False,0.45301503219274986,1.0,77680,16000,5c14da56e405e9b169efde9627bef455ee5ff1df658b484ee7fc09b8ccf7aba6,704dab50ee583382daded5329c18e56dca117f262dd1e8ce7a9b91c1602882c8
1350,1320-122617-0024,1320/122617/1320-122617-0024.flac,music/fma-western-art/music-fma-wa-0058.wav,224799,5.0,False,0.4474357727088878,1.0,120880,16000,c189f709a24239013ebb4833951de943f1d84fe10d3aa8b50b7af24f5c4ee7e0,d86b5a6d14a7c38e2f8aa286662e64b861819c5d812947cd7bcaaa67eeea739b
1351,5142-33396-0015,5142/33396/5142-33396-0015.flac,music/hd-classical/music-hd-0064.wav,1965034,10.0,False,0.5410843923658453,1.0,68960,16000,0c0a25fcb70d2d931dd62b4d2d8711db765e05ac9fd514b70376eb3758ae7bf1,6be898ba0c83c851552013c828a0671ab3b45a61986ce9640e2478e65e0bd717
1352,4970-29095-0005,4970/29095/4970-29095-0005.flac,music/fma/music-fma-0028.wav,3063496,-5.0,False,0.717893543324186,1.0,74400,16000,5e25e8e797105bb76c0f84611db3130f646ae7375cf2f05351c088771600fd46,4ae5d23393906b4a25667ddc5e8498abe84cab12746f7a8ae2e4bc6771cc8826
1353,7176-88083-0012,7176/88083/7176-88083-0012.flac,music/fma-western-art/music-fma-wa-0020.wav,1168351,0.0,False,1.501242868816623,1.0,80720,16000,0d6a185023ed66474d0d87a07bc39b1152a5148d9f3e78340b4866ece7b23012,9b54c9e86e5d402eb1d0c8588a5cca9101732af4bde67ea2d50339ac3cf50a9e
1354,8455-210777-0056,8455/210777/8455-210777-0056.flac,music/rfm/music-rfm-0105.wav,2390987,5.0,False,0.16267888642816505,1.0,88720,16000,b4e387364dae1505b2bb5a5cd6b9e6cae4ee506e47916160994b15201aeea2bf,2217146ec4b9056998a0f23f9925af9aca24e94635c0e35ef1e12400f24e45c6
1355,4507-16021-0009,4507/16021/4507-16021-0009.flac,music/rfm/music-rfm-0092.wav,501174,10.0,False,0.04663977999461842,1.0,180880,16000,54de164f7e9ec811713e469716930da7dd60928651f7cd07d6deae6fc1abeb54,b35767d469259f5bece288315f8bb82a2a59ecde132d3bf276826afb9e4a0fbe
1356,6930-81414-0024,6930/81414/6930-81414-0024.flac,music/rfm/music-rfm-0082.wav,939376,-5.0,False,0.5344991455088045,1.0,80800,16000,58eafc1ab81b72f06a19a63451bb021d854ce89d12122955b502758fea27c01f,b57e8374e9a30567853441d5dabe9af79d3094c437b197615e084da0082b0909
1357,4077-13754-0008,4077/13754/4077-13754-0008.flac,music/jamendo/music-jamendo-0153.wav,148954,0.0,False,0.22148586801920253,1.0,318560,16000,83a3ac29e812066ad2ad524d744b5fe43172e5791b6da46d0db9f0e30b857022,ef569c2964aac727af9ad881351e0dc407184836040992e38bc53e77ff09c9f8
1358,672-122797-0061,672/122797/672-122797-0061.flac,music/jamendo/music-jamendo-0213.wav,644043,5.0,False,0.44060602344592426,1.0,121440,16000,cf5c0f5c08dd2403b5589bc1b49c7da9cb43a29953aa6621c31b9a5d84f42824,2b8fcc5bed4c06be723a1240bcbf2fb2962552fea3bb4d2dd5e0f3b80048f2e4
1359,6829-68769-0027,6829/68769/6829-68769-0027.flac,music/jamendo/music-jamendo-0205.wav,4287376,10.0,False,0.16204139273698523,1.0,49040,16000,90e27663374bdb7cd067bb8a8044e8cdb5cedf83ac3e4238b53f52415095a4bf,03abf01ce05006b82396eff9494790bfdef27c15ea2266fcc36da4ec9e3bae6e
1360,5105-28233-0008,5105/28233/5105-28233-0008.flac,music/jamendo/music-jamendo-0049.wav,104690,-5.0,False,0.7735448141916811,0.8222138758311519,171680,16000,306e6eede6fb2a85ea73284a8dfdc7b1562e315f7bfb84c72e80ea9007a85e73,1c620e87f0e2ab3dee7ef2dfc64f4fc7437a7ddbd7c49e2fd7601d1c60fd1c53
1361,1221-135767-0006,1221/135767/1221-135767-0006.flac,music/rfm/music-rfm-0000.wav,2067078,0.0,False,0.2105932222696208,1.0,328960,16000,0469aecd50e0328c92f619870fe609f7b37faea7c94f036bd3e5c397888f6d99,f7825b591415a5cbc08369109b5d5f95583228d94ae319b67e214a5a7da42958
1362,6829-68769-0009,6829/68769/6829-68769-0009.flac,music/fma-western-art/music-fma-wa-0003.wav,69951,5.0,False,0.402821768684825,1.0,67520,16000,a657bdde26f3918170c73879df4a716cbec3fd5274c62a7317bdbf0c7c57c90c,be994e991e145b063a2f72d2bea35fb7a4897d49bc647d58a7cf211f1b31120b
1363,4077-13751-0008,4077/13751/4077-13751-0008.flac,music/hd-classical/music-hd-0060.wav,4611456,10.0,False,0.22519297934436616,1.0,168880,16000,0b26c745f2e5649f292344bd62b0e138f3ad36c3a337e35ae1643036cf71141f,384857c0a0d14e8814f70de395683160c89fb749d34b09ea0023a64979f36d45
1364,8230-279154-0016,8230/279154/8230-279154-0016.flac,music/jamendo/music-jamendo-0000.wav,5877900,-5.0,False,0.9177398431731101,1.0,169600,16000,ebe9e1efcd2186b4ff9fc5fad884c00fc72897229b5bc189577a10601d106530,d3eb3047b8031735f89deca64e2fe5acd8ee504f434c2da9ffa38b373ca98f70
1365,3570-5694-0010,3570/5694/3570-5694-0010.flac,music/jamendo/music-jamendo-0099.wav,100621,0.0,False,0.48243054859565493,1.0,208080,16000,ccff22b2c51424470cb673a12185a1ce91e4f146556ee0f1240f9f0395507296,3f95f1aca8157900521fa1532ec986ff6cfad0b1931b015038f12fc187d143b5
1366,3570-5695-0010,3570/5695/3570-5695-0010.flac,music/jamendo/music-jamendo-0013.wav,2413279,5.0,False,0.14817695330296202,1.0,74640,16000,0e8201d7eda9b16aa997c02092d38f00cdcb57c16c2e22b01627e35e999c2c08,b210fc531da1ccf7948f4a7a89194548c9a14642a9291b47c22a88014b5dc268
1367,5683-32865-0008,5683/32865/5683-32865-0008.flac,music/rfm/music-rfm-0053.wav,2136075,10.0,False,0.0885024875599515,1.0,97920,16000,2922547b361f9bf975cf2ec8e8b93d6c4426bb758791eb3cb2c435402bc80fa0,6673d692de433ce27198f422c12e4ee5c2ae99c37b0b2ad4cdc24e4f6cd60eb7
1368,1221-135767-0019,1221/135767/1221-135767-0019.flac,music/jamendo/music-jamendo-0039.wav,1213976,-5.0,False,0.602698202277022,1.0,60480,16000,ff622e0750cbbeec7bdf20546d53ea720902aa127cccd532cc19f915d5697332,c2ba7d07c1d3b99afba339242705c4e78de89aa26ee3c56e07134ec36be34962
1369,908-157963-0013,908/157963/908-157963-0013.flac,music/fma/music-fma-0081.wav,2016747,0.0,False,0.30226506303129297,1.0,69040,16000,9d224bb23ac8216cb8fdc3fc6ce5c784c4f0c40797959c3172d163f5fd9da2b4,cebf1c6f77ca86d8efac5783dfb1d244925ab16e9d18de88b65461d4a4b25c8c
1370,5105-28240-0021,5105/28240/5105-28240-0021.flac,music/fma-western-art/music-fma-wa-0016.wav,4704444,5.0,False,0.36678664907974823,1.0,199280,16000,27c28b35910e600c1d34cfce2c48777faa522675da1c4af6f50e659a36d5ff8d,d69476f16c157bc377b474a714b29a1a0420c81aa4c4b6ec0cb3e261d02b2123
1371,8455-210777-0011,8455/210777/8455-210777-0011.flac,music/jamendo/music-jamendo-0071.wav,674228,10.0,False,0.11372489510160352,1.0,106080,16000,1d46d73fc22a2c4e58b14534f553ffc9cdde5da0642b48b68163e8f21c098995,f241eda6f4d11463514d4173876af273edf85cc64b45bdd6fcb38f7a28a4ac4d
1372,3575-170457-0034,3575/170457/3575-170457-0034.flac,music/fma-western-art/music-fma-wa-0076.wav,27710,-5.0,False,2.5275024206087475,0.9150771103618847,55920,16000,1b2a66c6b2ace90144e7fc0750d0f3b459f5a0b503b5074810ba4896018be127,a81fa71f564b9c46b138679cb59a5a4820aaf6705231f96d18ae0cedae422fae
1373,260-123440-0018,260/123440/260-123440-0018.flac,music/fma/music-fma-0054.wav,2738664,0.0,False,0.463217776844568,1.0,58240,16000,c2eebac5698e1190c4ac52f530ddc0f4e653ae139aee61dbae5b7686f7342ef0,f9dbf88cbc00d39274fa10a78325556f24784eca7e09334fd476231a97d13392
1374,8224-274384-0006,8224/274384/8224-274384-0006.flac,music/jamendo/music-jamendo-0211.wav,2112304,5.0,False,0.18557065967763306,1.0,108960,16000,a9eb96544326d6b4708e03c140f183a5165347b49ed6f76358af6ee561723d02,2b8c03c445c89157d7dc0f1c5c93d5bf618fa57780e7ec1eb50b711c8a3f584f
1375,5142-33396-0021,5142/33396/5142-33396-0021.flac,music/fma-western-art/music-fma-wa-0015.wav,4509119,10.0,False,0.09397565817010288,1.0,56080,16000,d9e72648a5d402f48b6198a0e7a21de714beac35c4d3bd9bb06b04d61b372f20,10e4b913345bf9185b2dd62254cb5164306ce19deda049c3a243a9fb73e3c369
1376,1320-122617-0009,1320/122617/1320-122617-0009.flac,music/hd-classical/music-hd-0024.wav,3130530,-5.0,False,2.921971307134491,1.0,123280,16000,eb7b1b3a04ef76be743b9c816fbe4b864722fb60aac43a78f3cac73868a38f89,125f2be184f65cbc14ab40800c92fdd41693ef8fcc704d6297884b709791117a
1377,1995-1836-0001,1995/1836/1995-1836-0001.flac,music/rfm/music-rfm-0076.wav,1470473,0.0,False,1.4945849553533919,1.0,96000,16000,cb1783df61c92f14a9dd64cc3b90490a85a62fc92545bca837adc201c079d44b,389a50484cbf2ec8e7ded5404de9d3f626f5e58a97baf4e8361fd502c8791741
1378,1580-141083-0007,1580/141083/1580-141083-0007.flac,music/jamendo/music-jamendo-0151.wav,164141,5.0,False,0.2876916972682251,1.0,73040,16000,0e797ade0485de69ba4d1ca5054639c6e84bc97de4f2c16ac12bfbe6108a140c,f8a333bc7149e7cdf7ea9ba01c08e6062dbdc9d2f6f32587f8408848bfaa1cb4
1379,8455-210777-0047,8455/210777/8455-210777-0047.flac,music/jamendo/music-jamendo-0064.wav,664573,10.0,False,0.1222122725327674,1.0,40640,16000,fcd8eba846d95aa3e6c545be192183b3b4e65efb35a2d87e7380c70b4b76377e,14ff28835d5ac72381728373983a9d57840192cf971ef09972f9adbc043b9623
1380,7127-75947-0020,7127/75947/7127-75947-0020.flac,music/jamendo/music-jamendo-0214.wav,1448537,-5.0,False,0.8134171365991802,1.0,34800,16000,37677d183f3c86e43e8f403eebd6113d144596c496a1d7663868f5d70f60e6fe,05d927019aeacd59dab8b82ea8652f42c8a221a836d28cbd1e48ea6a08f13a2c
1381,237-134500-0026,237/134500/237-134500-0026.flac,music/rfm/music-rfm-0084.wav,962915,0.0,False,0.24887499711469066,1.0,48800,16000,95cb860184b7ce293bd39011183b8098293873214892fe64606e38dd04e81eff,5fbdc181af0ce5fcf422fce7514e7cb11a9ac1e1ffe45adc1e5039761378ec5d
1382,4992-41797-0012,4992/41797/4992-41797-0012.flac,music/fma/music-fma-0013.wav,1970477,5.0,False,0.11453914712800385,1.0,43280,16000,b0ee160d526f707fa81dc5efd06968a7c1cc91067ffaf608f427e15c7754273c,e45d34c97e3fc12344125636d1e5353b6f7223d3d935812b1ca8605790dcb7bf
1383,260-123288-0016,260/123288/260-123288-0016.flac,music/rfm/music-rfm-0068.wav,2109763,10.0,False,0.10728231272309487,1.0,77840,16000,388c87508d524853eaf5b3440b38a331ce97f512bc0f047f3ce9e5245a4c6e65,29ade30fd48022b9e9103ec88b3d7d275d205292b34a9b5e03fd235a29e01ef8
1384,5142-36377-0002,5142/36377/5142-36377-0002.flac,music/fma-western-art/music-fma-wa-0019.wav,1008408,-5.0,False,0.4988920050735571,1.0,89920,16000,378b29b7686e98e26dca8f954e4ef2ea7b9f004da651dbea5982ff01c86e27f3,bb5ee3a98d9798985376b6548a64078f87b74852fa3fb30e0506b522cef1a6b4
1385,4507-16021-0038,4507/16021/4507-16021-0038.flac,music/rfm/music-rfm-0063.wav,447818,0.0,False,0.23635923917796378,1.0,62160,16000,8b88ba0a149e5be7564361ee7f86b33942582cb6c293ace1eaed84af9814007c,2b7f7cfed6518f3e3632e52234f3911d01fb41d209ea91cfeaa5bd86f5fe0279
1386,7176-92135-0035,7176/92135/7176-92135-0035.flac,music/rfm/music-rfm-0087.wav,1893430,5.0,False,0.42074302342175907,1.0,54080,16000,12022bbd5c482039404299bc4041f8e8c20c0fdc1389e5275f159a7ee143db5d,1dee8d5698d1bf639b16a837b75b101a817b22f634d2c240ce5f108c34281f67
1387,260-123288-0003,260/123288/260-123288-0003.flac,music/jamendo/music-jamendo-0205.wav,5616514,10.0,False,0.4338264579488751,1.0,142480,16000,ba843da57b1ebfae3a33c6c2ded045488f63190edb384b37a95231d09f9c28d9,5726cf4463bb7bf804230d68d4f5058d6cd0a17ca39c476dbcf3e6008822d1c7
1388,7021-79740-0000,7021/79740/7021-79740-0000.flac,music/fma-western-art/music-fma-wa-0058.wav,65254,-5.0,False,1.092636786221964,0.9766004253440118,178000,16000,fec8d29d211f4f0b946ddf7649c37844c912755bfbcb2a620775de737e2f204d,7728d1bbe05aa09a0d40f29ae76c453754d5b88ea201f838a82c6d3c43284861
1389,6829-68771-0020,6829/68771/6829-68771-0020.flac,music/fma/music-fma-0067.wav,4165381,0.0,False,7.45617416657379,1.0,73840,16000,8dafb8a2483e9fc766c2d59487e074d5444af143caebdb46751fad36d172456d,d89c7bc0e98c577dd14a57e77a246b130bff90c44899d3ed1e7a34fcf4502edc
1390,8230-279154-0043,8230/279154/8230-279154-0043.flac,music/hd-classical/music-hd-0011.wav,3433792,5.0,False,1.0965694691263193,1.0,391760,16000,1627da8db635e2fade9b86a92c2cdac059a2ea6e7476bd2d392051f7c7700ef2,d2daf0fc51731073bd399ece030e375d43db48ed065311657729b8b71e62cca6
1391,237-126133-0016,237/126133/237-126133-0016.flac,music/fma-western-art/music-fma-wa-0073.wav,492146,10.0,False,0.061580079760484574,1.0,68000,16000,76e725decce5269ac786718edd2c668b7b19e9073e1edb3369232b3822539132,e4e126ccaf1be59e5de802a3eb6b2c60c49a1ff5c91ae46c74de699e5cd08516
1392,3729-6852-0042,3729/6852/3729-6852-0042.flac,music/jamendo/music-jamendo-0113.wav,1024603,-5.0,False,0.2966659371339632,1.0,242640,16000,4a461f99626ea88cd90bed91931e0fe55e0471fd9d7857ca004a8b4bb6725bd7,a31e9049c2d53fbe84532b702b920ce0e874be89911a507bac7831695a5fc58f
1393,1221-135766-0008,1221/135766/1221-135766-0008.flac,music/fma/music-fma-0025.wav,7603,0.0,False,0.1751819864957036,1.0,172480,16000,fed439ece2c065a92207f07b6dcc12c27203874d5e454c83dc1d00895a2ba3e2,302b0820160414ab2a788673daec9f8c784ed5df8d25db6511bb7cf2c675bb37
1394,672-122797-0019,672/122797/672-122797-0019.flac,music/jamendo/music-jamendo-0137.wav,2727334,5.0,False,0.07870651762887881,1.0,65760,16000,e3394764268d78b94549127d9b1aafe24c2265418ebcaa4b3de41833651e3e79,369a69dd8a8cfc0835a20c3c146ee12701ab1409e5ff01c2091fd08d040dfbc9
1395,672-122797-0058,672/122797/672-122797-0058.flac,music/jamendo/music-jamendo-0168.wav,2709190,10.0,False,0.044452200279592055,1.0,71520,16000,7d12fcf16db31fb188c46057cb160b7f3575fbe02ad091397cf4e870ddf01d78,e74772aa1b32df39a5b3a17c9deb5430218f89007bfd1a1841d1a90c041aca6b
1396,4446-2271-0009,4446/2271/4446-2271-0009.flac,music/jamendo/music-jamendo-0054.wav,590381,-5.0,False,0.6285869970101468,1.0,125120,16000,60e5e6230246acc3e5c12f42bd6032bb08e92428fd0fde90e1e219ab8d7bdd73,7ea09349f557615e32f9ad36df65762ecad98071157a388658ab5fa90f7a358e
1397,1089-134691-0019,1089/134691/1089-134691-0019.flac,music/hd-classical/music-hd-0053.wav,963838,0.0,False,0.3268418719621015,1.0,50480,16000,ad581416e65e0160630748bc2659a27c3cd28405541615fd166e2ae218fb6844,5452023b9fc991fd149e78c96bca1df2b9420822a4cfdd415d64d9350e6f98f8
1398,4507-16021-0028,4507/16021/4507-16021-0028.flac,music/fma/music-fma-0001.wav,268628,5.0,False,0.21105250443391788,1.0,52240,16000,5dea8c5bb09256c77f651d523c20f53afd1ff834682f72de167d87f2eec72bf1,b15e6131bd08fe27859113fbb96fb7967b4a15c5a4288a12f6eda840778cbc3c
1399,8455-210777-0007,8455/210777/8455-210777-0007.flac,music/jamendo/music-jamendo-0105.wav,294535,10.0,False,0.15379125865987697,1.0,42720,16000,6d67fb3d3902856f361e21c8f889437a5c6ec7856883201c94941895aa73082a,b6890357ec90d89c5004e7e7f02050c1d7b840fe8d9266eff5aa458239088617
1400,4970-29095-0038,4970/29095/4970-29095-0038.flac,music/jamendo/music-jamendo-0074.wav,1480526,-5.0,False,0.35166744145924844,1.0,139840,16000,9a7261e24e73600a156caa8a52a7a71aa536981f416d35e61fe2e048b5cce7b2,f46781e52396ab602524ec344c8869bb84fc9d21c83a32d55f0b8e19bf63fc7b
1401,1995-1837-0011,1995/1837/1995-1837-0011.flac,music/jamendo/music-jamendo-0078.wav,1273713,0.0,False,0.3390402331513551,1.0,54000,16000,9d3dfb2137076902c0c0c0801ea61fd02741d380a200c239db894a33ba3001d5,b8cafdab3ea72c3b950bd1920d028838b93eaad34ef6cd55d51079456dc78ffb
1402,5105-28241-0018,5105/28241/5105-28241-0018.flac,music/jamendo/music-jamendo-0049.wav,577024,5.0,False,0.18621394505902636,1.0,205280,16000,43e0cbe80c90cf5501fc90ea9acb53eb0a6a4bc661035a8b287c45c5cdcd1343,f06ee1a124015ebfdc6f2c4f0aae4b5d3b6c257677359c42606974bdec114af7
1403,4507-16021-0035,4507/16021/4507-16021-0035.flac,music/fma/music-fma-0035.wav,1074438,10.0,False,0.0794823798916041,1.0,120560,16000,2631bcaeba939e9e3c0342f4cef83aa730913f9f4d2657398eb383a5f3ee05d9,ac12eabaf797da532c60ebbeab6ab91842eef68f8c3f6d76deb43a7a03be23bf
1404,672-122797-0038,672/122797/672-122797-0038.flac,music/hd-classical/music-hd-0009.wav,3518492,-5.0,False,1.3765832132487081,1.0,140800,16000,a61a85ae7d245bdf6079be1dabe52a41da0322de4beef73197d4ca3cc9cb0366,6daa1cb8736fb4e582b97aa295e7519c8c53f118bbee178aa64b76aa61773e84
1405,1580-141083-0019,1580/141083/1580-141083-0019.flac,music/fma-western-art/music-fma-wa-0012.wav,1822605,0.0,False,0.5453677048233428,1.0,43280,16000,b3627ac378067f68ba900b1cbe7524c141be4087625c71e1446f088e4124d864,3ce976849be3a2dc64ee1523cced9dee654a977d587d7d16c9645d2e15aa09ca
1406,7729-102255-0008,7729/102255/7729-102255-0008.flac,music/rfm/music-rfm-0146.wav,11053,5.0,False,0.16816816477156996,1.0,305040,16000,d5226924ce716e5bdecd24c765681a18cdb6aab97fb7ea86c7c5ac1d587a31b8,54fc3e950276c415328b92655fe017493c6bd158cbd693b3e875583643d48977
1407,1188-133604-0032,1188/133604/1188-133604-0032.flac,music/rfm/music-rfm-0077.wav,630962,10.0,False,0.10676173208108372,1.0,175760,16000,0545296825dd2a816f2d134558d9484b2e7c2cd8d37d0b7773c4879b57f26f22,668a79e702f2c1985e9c9b17018b2b2299992b4449d24b40a24e1fcc16b13fe9
1408,3575-170457-0043,3575/170457/3575-170457-0043.flac,music/hd-classical/music-hd-0053.wav,1049572,-5.0,False,1.2703913093259893,1.0,304000,16000,da4d969bf3e4767b490b51b5782bf423b7adb424d44b921c40e167d3e4514004,3e1479799d95098aa41f42eb122e8048e6aedd88535a06a4e9670af27dd47d15
1409,8230-279154-0028,8230/279154/8230-279154-0028.flac,music/jamendo/music-jamendo-0038.wav,2103168,0.0,False,0.28808247661992714,1.0,184960,16000,3330bef10e254daf85c9bec15cc7bb80cfbea7ca2e9cc13d9d9f1339a795489f,eca712491f6211a8d8b58d86417d2378e1013c1f15eb81dd75af8d6ae735d259
1410,5105-28240-0012,5105/28240/5105-28240-0012.flac,music/rfm/music-rfm-0002.wav,761203,5.0,False,0.37794498162022744,1.0,75680,16000,4108d83b3f975e549ed672e386fe033c2e3fb28445b51a0e333c1eb1bc26db46,9ab77a415af8df665c023f426cc7bf303135a2a1e96706b87f093f830c2aa784
1411,6829-68769-0051,6829/68769/6829-68769-0051.flac,music/jamendo/music-jamendo-0020.wav,5476039,10.0,False,0.12640848991646017,1.0,56720,16000,3889d5207ca605b5c8c2b56c8aff1d8c77bd314d8664b201bf1a7ce47b921581,ca880944ad64d27daa6e4e9257609680f9def18c4d7b73fbd923372af2bc49b0
1412,61-70968-0036,61/70968/61-70968-0036.flac,music/fma-western-art/music-fma-wa-0004.wav,2006093,-5.0,False,1.0532634028217285,1.0,46959,16000,dede8e54d9f432d920dc7f63f108862265e77371f2a742cd41c82a783f09dd6c,88334685fdc5c3f27615fe07fdd8e9bbd6168dc441ab477e237b7196fd1a6245
1413,8555-284449-0000,8555/284449/8555-284449-0000.flac,music/jamendo/music-jamendo-0034.wav,397435,0.0,False,0.17204522968430808,1.0,192640,16000,eaf63e0d49ded7037b1d37d68f1d609c2238a4e51598140aebbcd6043be0bcf0,af86dfcf5352c76ebf8d4ad7e607e8b3627723d9967bae21fda94c97e5ad0150
1414,6829-68771-0005,6829/68771/6829-68771-0005.flac,music/fma/music-fma-0100.wav,117466,5.0,False,0.22826161030650716,1.0,98640,16000,d967fcc23b7235de13921ae4a13729da3c12b3affd6cf761b2ae01d869ffa009,a49e761dd91a33b6bb0a2865127e66405a3468dcdce18cc298626022c77644af
1415,5639-40744-0039,5639/40744/5639-40744-0039.flac,music/hd-classical/music-hd-0006.wav,2086360,10.0,False,0.055455082928851894,1.0,230000,16000,58635f36c66d3a45ce82424ee95843d43128fea1ef2fca039856796028ce275f,2b8207b4f6972b3d41f460a609a3a5ed393b3f45da0ab21c2f730a1c6e3d1c59
1416,5142-33396-0009,5142/33396/5142-33396-0009.flac,music/fma/music-fma-0061.wav,359977,-5.0,False,0.3680827604275207,1.0,53920,16000,607dd025cea945481eba547c0c37282ba9568345290282a6093c0aacb5e1978b,14d20ac8663fe9a2c9b7b563154b77afeb5d45a0ca181418a480d1785cb8646a
1417,8555-284449-0008,8555/284449/8555-284449-0008.flac,music/rfm/music-rfm-0094.wav,559122,0.0,False,0.29223917490915086,1.0,98160,16000,064b3ade118758da84945f21650e9fa52f0f53d9802664152d517fce4443e845,7580122f89111610e2defc9262c4cd47ef476cf162075e7ffe71b3cf9cb614c3
1418,1580-141083-0052,1580/141083/1580-141083-0052.flac,music/fma/music-fma-0035.wav,1417552,5.0,False,0.14755109819421938,1.0,55200,16000,26cfe8361581145c923fec4cf6394ce11d541e37718f22aaca5e06f08843283e,ebd533c323597c5ca638435c433672bc79eee164805cc4d1d8d63f27897d4249
1419,1580-141084-0006,1580/141084/1580-141084-0006.flac,music/fma-western-art/music-fma-wa-0056.wav,5152840,10.0,False,0.14899658904617433,1.0,34160,16000,c536da39db3f16ceb2eaced921979000d49f3cca0f869cfe8c1e8eb68d09a5ef,8e81a8ed2b76282c6e1c595ae95120548ac2c04231a9dc517126f8c5d3bc075a
1420,5142-36377-0024,5142/36377/5142-36377-0024.flac,music/rfm/music-rfm-0142.wav,818831,-5.0,False,0.1861197602880666,1.0,92480,16000,dfd182423e99b374f5ff4ca85974adcdb8d6c4a0134a7a68ff2b22429d97a1e9,d29b1270304d98b4f21f9e8480dc731a7f5eb7fcdd8649a8518722211d27d8dd
1421,4446-2275-0038,4446/2275/4446-2275-0038.flac,music/jamendo/music-jamendo-0002.wav,272865,0.0,False,0.6493073740853477,1.0,72480,16000,c7769d2cc3490a3e4a670091c10f471733e9dbc967a9f43142b6b2093cbfadcd,873834c3bb8c2de40e0bc5856b3206542519373541e6cf7a6516a325cd201e02
1422,7176-92135-0009,7176/92135/7176-92135-0009.flac,music/hd-classical/music-hd-0026.wav,3648327,5.0,False,0.390404563901661,1.0,70080,16000,82768c01b2ad5153517bdb77a0e477000c9581dcb0902fba650f3abe8f5189f8,06f3fa2e56621ee06b42053bd204d060bc28505a66eaf4e333fcc5414af68fbc
1423,1320-122617-0025,1320/122617/1320-122617-0025.flac,music/jamendo/music-jamendo-0033.wav,3057053,10.0,False,0.09475603207223755,1.0,101760,16000,f694358e46ada4a84189e5b9106330126e700452e3e7839eaa2be32371df6b56,5fbc69319040386ce911862e3e85bde2da59e278030e6276ece876b508883738
1424,6930-75918-0003,6930/75918/6930-75918-0003.flac,music/fma/music-fma-0125.wav,424018,-5.0,False,0.42288020952641503,1.0,373040,16000,166d138dc95c706e4eedbebb48f4ac4c8cb1b77ea796c0bc650da518308657e2,c89363ce83696bf656c6ce023c59f8aa4918b158bc7abe96a402b09218116003
1425,61-70970-0032,61/70970/61-70970-0032.flac,music/fma/music-fma-0073.wav,62780,0.0,False,0.25742284155342676,1.0,50160,16000,fed5d3c35cd62abe74f80046b87213841d0779cc778903afcd6ae704e31879ec,bbf3e1dd0847a5453c3dd382dfcd94a23e33825881b6997a2d317a2de99c3233
1426,6930-76324-0023,6930/76324/6930-76324-0023.flac,music/fma/music-fma-0114.wav,999898,5.0,False,0.06852295401268532,1.0,77600,16000,91d56db171e251838c1859d1da5bdb9896b68ca51d3d2f0b08daf4ba05071108,aae0a6525b5903aea4b2efece0ed2a9369b82900e94cdf234147c99316ed1d9e
1427,8230-279154-0007,8230/279154/8230-279154-0007.flac,music/rfm/music-rfm-0090.wav,2435927,10.0,False,0.17203847513665357,1.0,254480,16000,db56ea5c088c336a0dc6982ac8768ec2fde03f23d102c6e0cba20ba130ccafcb,eb9bfc07422d24dd4f176b608293e4fec37e1476689aa599b561ca684177e630
1428,4446-2271-0013,4446/2271/4446-2271-0013.flac,music/jamendo/music-jamendo-0030.wav,2093123,-5.0,False,0.3655025781446425,1.0,70400,16000,547c8395f2cf9a22196418720aed4990351da47c08baaee81cd1710ef90e7716,f9d177228ce0eae289c2368a38646e6c2ef49c11d7e1d6f651d1d5671dbef52a
1429,3575-170457-0024,3575/170457/3575-170457-0024.flac,music/hd-classical/music-hd-0059.wav,692826,0.0,False,0.528673404103493,1.0,196080,16000,70393a92aec3afc8bbeb83b9bc313ee5bd477cdac8d3cb7efbea5ecc37ab201d,0a9e9edf4367eb8302ec6d81d70ea4cb7bcfffba3b226197a0de89269019b340
1430,7176-88083-0022,7176/88083/7176-88083-0022.flac,music/rfm/music-rfm-0123.wav,8911886,5.0,False,0.2714666572462035,1.0,151760,16000,e562fefb64fd1c4255419acbb7920b7924a278e42414924b33066c3f0ec62ac0,9098ab6bbf415767195b58718f309e09a04d3d0d8771262cd375e5f18457fac5
1431,61-70970-0006,61/70970/61-70970-0006.flac,music/fma-western-art/music-fma-wa-0051.wav,133186,10.0,False,0.1957642617250247,1.0,37360,16000,c0a58e1b4bf5014abdc47933ca70d2cc0c901e251cddb14543aaf87f1add3f30,34075b3cf0cb3c65ca8e58b371cbe895682a5291be52c2cdd53ce812deb37121
1432,1221-135767-0002,1221/135767/1221-135767-0002.flac,music/fma-western-art/music-fma-wa-0049.wav,251118,-5.0,False,0.7823629624563728,1.0,257920,16000,67419eeb37e4d106d3454461f1b7869ab6ad590f2c7896a935e0933187ce3208,80043e25d7a4944539c66e3cbbed46253210fe21155e7fc4e152af730211c2a0
1433,1995-1836-0006,1995/1836/1995-1836-0006.flac,music/rfm/music-rfm-0042.wav,1405227,0.0,False,0.7087281912518617,1.0,123440,16000,21d3356b90b1ce42b40ee1d6e634172601e71c79cec06819a4e98fae0fb2fa8e,846bafef44310c8abe5cd2f7a29e2b411679d0589bd8f7075c9d22d277a3b85f
1434,8555-284447-0014,8555/284447/8555-284447-0014.flac,music/hd-classical/music-hd-0065.wav,1218912,5.0,False,0.22855795237794008,1.0,135520,16000,113d02763351986d1b02a81fee26d9a47b0cf178d14d15f2561567b43238bfa2,24bcf9424f27ade74528b8fea210fee0f4968de554384200f113cd0c3fb17fdd
1435,8555-284447-0016,8555/284447/8555-284447-0016.flac,music/jamendo/music-jamendo-0104.wav,1955346,10.0,False,0.173425137423312,1.0,33760,16000,9bda9d2545a4cde1a946d3a1528dc508e77bee239fa30333b7e19c873ae5c2f1,4b0f144cd014ed4eee308ac8d97a86585240552dddd70d4950b1857cc23e6b51
1436,5683-32879-0005,5683/32879/5683-32879-0005.flac,music/rfm/music-rfm-0124.wav,263103,-5.0,False,0.42069705214069514,1.0,97760,16000,3ea6fb5dc11c52d4b92159362ad740e24ec1775e29f47e491e66a991ce2d568c,002c59097fdea71ded1eb6fe52045cd6a9b0166112de1501cbab702abc021a9f
1437,1995-1837-0028,1995/1837/1995-1837-0028.flac,music/fma-western-art/music-fma-wa-0073.wav,47034,0.0,False,0.3297014584101463,1.0,37440,16000,f67e35dd1f59f0b74205cdc40aef043582ea12f573a8e38f2ac2dd4748778e65,b43c02c0197504796b9d5ba155605cd98d9155a17f540179c227c89ba9d0ba65
1438,8455-210777-0010,8455/210777/8455-210777-0010.flac,music/fma/music-fma-0026.wav,2386272,5.0,False,0.10338945135306493,0.9748312470111412,49600,16000,6d72f1cee6b55c61c2bf5e24cbbca8f313d19aa6feec0860ada8f184e0b96060,e31dcfd61f1589404c6c28df81264c2b4516be94d2b2fd711b087e3b38056151
1439,1089-134686-0027,1089/134686/1089-134686-0027.flac,music/jamendo/music-jamendo-0072.wav,1219808,10.0,False,0.07637206352638157,1.0,43360,16000,3cd806b5bd91041877cb8448c1d950e8bbb9edad71889296a03f1956e1c51efe,6bf5575932df9539eb33ebbb7421d73c565fbbc4f77aeae6d2bd53108e1c3b31
1440,8224-274384-0009,8224/274384/8224-274384-0009.flac,music/fma/music-fma-0082.wav,766219,-5.0,False,0.6724919799571679,1.0,76880,16000,f270de588199ede99ef18e0ba4c1db7201bae9044dcf6c70f583bbba3daaa543,eb7b0ff67ff5f9f611f96cafabfd3b9f2636bd763518218f61758394ea3b11c3
1441,4992-41806-0017,4992/41806/4992-41806-0017.flac,music/jamendo/music-jamendo-0014.wav,485235,0.0,False,0.24373440787694864,1.0,174320,16000,8229ffa53615d3c2f6c8c0a53563902f31337cf5778df1487c52a341bca45c3a,03c30425a003ecdf3777cf3c1e074d25c71f7cf56cf7ddee0cfe2dca3492d0d0
1442,6930-81414-0008,6930/81414/6930-81414-0008.flac,music/fma/music-fma-0000.wav,1056196,5.0,False,0.13545720656782181,1.0,96880,16000,061eca471f4b6edd240aada8fc0bafd9ed0bb1849772eb96d29b33b5893d7d75,f98bcfa90d922ca68a3e252df97cdab6b0e2d26f203fa3e1dd43999a869714d1
1443,6829-68771-0026,6829/68771/6829-68771-0026.flac,music/hd-classical/music-hd-0018.wav,1698950,10.0,False,0.19692743596789866,1.0,34000,16000,c6c8aaa1ea653106813a22ab3fb1bb7e778bfcdf6d063a95a5d2ccefd1e4f7b6,e1d972fe02cf0a61d635d0b65c3eeb0f38d7fb9de615e4e8b9523bbb72e07be4
1444,4507-16021-0056,4507/16021/4507-16021-0056.flac,music/jamendo/music-jamendo-0114.wav,853318,-5.0,False,0.2283144692760722,1.0,101520,16000,481d8c5cb525782029d07e2dd8191a861d7243ae2eda084aaf86d413ee839acc,af86f6077f6b3ab56f47950d8a524cbc2e5974392d79b9c1f663a5284d9863d7
1445,237-134493-0008,237/134493/237-134493-0008.flac,music/fma/music-fma-0031.wav,2576987,0.0,False,0.2512739181521725,1.0,36880,16000,3de91bc89bbc72b1c994f7046c6017511c360534d4032f0264a696b48cfa3e40,025d02322fe8d2cb3fa2da82fe5cd7aa4120352b2ab2b48903fd96642fb7062b
1446,5105-28241-0002,5105/28241/5105-28241-0002.flac,music/fma/music-fma-0078.wav,467145,5.0,False,0.09719202852647134,1.0,175360,16000,bf65338ee65c12da7f081ddbeb156bc7a6ac3b184289f37e99aded18a8fa5198,ec0efa951c9e25ca08de201d409db20772219123ed6a5c8de69d9383d9ae1c09
1447,1580-141084-0011,1580/141084/1580-141084-0011.flac,music/jamendo/music-jamendo-0010.wav,227731,10.0,False,0.05828257133913008,1.0,80000,16000,ceb087d0932402d56a350504c9f6d3b8389efb118ec365132a6e162e58fb0ede,00f5f235e8a01bb791ad05e0baf5ecd25d04538227da9522e6cc845c9e36c98e
1448,2094-142345-0019,2094/142345/2094-142345-0019.flac,music/jamendo/music-jamendo-0039.wav,68723,-5.0,False,1.3208312416108396,0.9097939414787358,42560,16000,3ab0679c7cbbeb62682638613fff1a5b5fe25abc493dfaf3455ea37bc663de1f,8150fc7b63ef9d2d54fcdce1f759ecf0ef3cf61d059019c0ba8755d4176b4a2e
1449,4970-29095-0037,4970/29095/4970-29095-0037.flac,music/hd-classical/music-hd-0009.wav,5130292,0.0,False,0.4080872649584118,1.0,110160,16000,82d4bf764f903ff97aa5343fd1e6e136d8982db079c735121f59995069bab4b1,fe08f308334fc0708f711b241101221604f953115f94d6c11360222474db9b0d
1450,5683-32865-0015,5683/32865/5683-32865-0015.flac,music/jamendo/music-jamendo-0107.wav,639375,5.0,False,0.1743447687694802,1.0,66320,16000,03543837a0d3b421118068d2573fb781e9404e04663c5248ed3a590b9d755df2,ee1b2b6437b588b770efc2975f2626d8966e8fc4275d3d2fde9ba181ce4c57d2
1451,6930-75918-0015,6930/75918/6930-75918-0015.flac,music/jamendo/music-jamendo-0087.wav,2831080,10.0,False,0.043788399312086314,1.0,102080,16000,174fc19452413e326b0d6eca2ad5f659eadef0f4ddb325884687dd64beb970c7,c85f8fa82e519bcfc447b6f131f363a2b55250daf7b87069abeb9db8844b42a6
1452,1995-1836-0012,1995/1836/1995-1836-0012.flac,music/fma/music-fma-0002.wav,559502,-5.0,False,0.3583393170434075,1.0,59120,16000,2b7c28537dbc454d373d9cbcdf0efc1b77280b695af6dde9d01fc7368a9f696f,076f7ba0d73715fd54af717c5eb0910db5405a075ca28dfa8d24e3a5d075e83e
1453,1320-122617-0022,1320/122617/1320-122617-0022.flac,music/fma-western-art/music-fma-wa-0091.wav,1549983,0.0,False,0.8178166382011642,1.0,61680,16000,4df0ba030ea4bb637797f8ad76fe6cc1c042e056ba637a29e23931a4a04518ce,10b43b1568291efc5cadf3d4a22382d827848acaf9cb878d6a4d33c5ed8cedbb
1454,908-157963-0007,908/157963/908-157963-0007.flac,music/jamendo/music-jamendo-0021.wav,482348,5.0,False,0.14903846979646423,1.0,524320,16000,b35b12d5522e9aecfdeb036010d5ab8a092f6af6d6a6df457357313cc29b7af2,ec4ec16a1dc079068c66ae559acfaea6f8eba2f38e75fd181a2cbb162ecffbbd
1455,7021-85628-0023,7021/85628/7021-85628-0023.flac,music/fma-western-art/music-fma-wa-0062.wav,4843592,10.0,False,0.11240209510570669,1.0,144480,16000,2e0aeeb22538f04e3c5c89317fc9b7392c62ffda494d54f6e507f654f284a1bf,11e13c863605c7c89bcb6376c2822e2d8f5bb78d6584b1d3780e4b9d34e2608b
1456,3575-170457-0053,3575/170457/3575-170457-0053.flac,music/fma/music-fma-0011.wav,1216188,-5.0,False,0.6230283325367565,1.0,191120,16000,604eb7d3cc90192ce79c8f021cba6844d3c17c555c6780640d1b908d30794f96,4be0445105ff57952ffe1ad511cf19e1f4c78e4f93606f54e036afd2cf331240
1457,8224-274381-0017,8224/274381/8224-274381-0017.flac,music/fma/music-fma-0089.wav,79303,0.0,False,0.4606940312346203,1.0,285200,16000,23a1c206e609a773d52f2c1a955e996bcac1a927ab0a95e4bbcb6aa22d37be4a,3f9e32a2eb57b433b6f3dd2c47b0ef49a52e52a44281dc897674f0c047615ddf
1458,1580-141084-0025,1580/141084/1580-141084-0025.flac,music/jamendo/music-jamendo-0077.wav,2238405,5.0,False,0.2021076028050233,1.0,38000,16000,b9044cf9499c33a39ca6986a958b606f887c89c86ee4056e632bca6a965d2c89,42c5186f86b80045f21b8d9a1e7999dd47696ccae6265a28e2366d7cba031f29
1459,121-127105-0036,121/127105/121-127105-0036.flac,music/jamendo/music-jamendo-0112.wav,1965891,10.0,False,0.048594846888320845,1.0,66400,16000,d833229a1efed948e6f8d3e78dccf5b728b068dba81ba016b2aed26952c5fc83,40a1a3538fa01fc8c4e06cbfae3f2bbc12fc5d7400aed8ad9b449c8d7e6978d6
1460,3575-170457-0001,3575/170457/3575-170457-0001.flac,music/jamendo/music-jamendo-0153.wav,2953953,-5.0,False,1.050578335774408,0.9549156541500494,47840,16000,ecf6944128b55d3e4214af0f4fb8e68f449bc750efd1a69f050686769203164c,e4583cf58039a72e721ed63e50d17e3a5c7c35233049d3263f9d1ad06062f487
1461,1221-135766-0001,1221/135766/1221-135766-0001.flac,music/jamendo/music-jamendo-0185.wav,2096396,0.0,False,0.227985183235026,1.0,267440,16000,5143a6ba93c4b274e2c4ac22deb75c2c48936c853f0519add1de828b6c79cc5a,9dca33a9b97a72b6c203cb7dda907fac4eb9c3d62ad89b4ee1bab04f0e7b0fff
1462,260-123440-0000,260/123440/260-123440-0000.flac,music/fma/music-fma-0103.wav,276838,5.0,False,0.1584507576743563,1.0,34640,16000,6318203075e843e5e1f7828e3d509ec71c40856785fb0309182fb7ab7d476506,7a04483b93b3f028f365d243efd707f4af3fbdf98e2bd61ac5a4f321d048a12a
1463,260-123286-0006,260/123286/260-123286-0006.flac,music/fma-western-art/music-fma-wa-0058.wav,461678,10.0,False,0.17949853846579933,1.0,118480,16000,7bf4d74f554eea67a2b66da10ea8be006eeff2a050d54035b08b4de9ab88645a,8ad873f2bf3ad6a67d98491b2ddb2b0938ed016e8e922a81c3058b56072a5713
1464,2830-3980-0015,2830/3980/2830-3980-0015.flac,music/jamendo/music-jamendo-0146.wav,2048043,-5.0,False,0.6330046501895672,1.0,42960,16000,2e7198793c0b45b4a78527597bc6b14a4324f06698151a26b6d85716b87ac777,236a82d9d33325e759bbe3ec837b51edecc315f22676bbef15bbca52496bdfcf
1465,1284-1181-0004,1284/1181/1284-1181-0004.flac,music/jamendo/music-jamendo-0005.wav,1045286,0.0,False,0.3630115315770113,1.0,114400,16000,ce51868b7aa2d476d3a4ee25f59c43ea078bfea4b9ad96e817b99868f70ac60e,1b31a12cfddc241f7fde46d3929e245c52b070c04281d2f452646dad9bf4c2c1
1466,8463-294825-0006,8463/294825/8463-294825-0006.flac,music/rfm/music-rfm-0126.wav,1897587,5.0,False,0.29875082268654657,1.0,178160,16000,d99638a409a2a573691ee25c77ec07e54bb1dca7cd941dcca694adafaf1efc02,e50cd9dc4c250b64afacf7a2020e15451ce9061f9d81475c8f89b650290925df
1467,1221-135767-0014,1221/135767/1221-135767-0014.flac,music/hd-classical/music-hd-0032.wav,3367956,10.0,False,0.2263878058651421,1.0,113120,16000,7f6a89db5862cb1d68bc0defa6094894e6df943fb62473ca38c2be6940f054ca,9d05eb0558249f27480efe0e26ff94522bb8afee94032d5abb055b1710ce28f4
1468,4970-29095-0024,4970/29095/4970-29095-0024.flac,music/rfm/music-rfm-0125.wav,3098405,-5.0,False,0.6673251334125411,1.0,96640,16000,f7a7af0af1e31befa23e3d0aead3a232eb91d4f3b3f91354f6bcd3a9b1758cbb,cb50481f4c7ebd7e93b6c6d278cb4e12f9d112ecfb224a9151c96d703ebc94d8
1469,6930-75918-0016,6930/75918/6930-75918-0016.flac,music/jamendo/music-jamendo-0024.wav,539765,0.0,False,0.12175153954864876,1.0,160240,16000,7dd7b99b09b009ffc8c6961eb4cd055cc001cd5fcf2dd2e2e45fea7f7f9c2677,3d5df5601afbceb03c3cef7ce89f58e7d2b0a730a6e3a52d8e54a6a5535420ca
1470,237-134493-0002,237/134493/237-134493-0002.flac,music/rfm/music-rfm-0090.wav,2745140,5.0,False,0.550726210454186,1.0,182320,16000,32454be0a3cce0929d79aec97364568f02f728c2dd65560345c4b5151c7e9c44,e97315609af8c5177bb252eb814af6398657bdf7d05f7f9d810b0ebbc414fd53
1471,672-122797-0033,672/122797/672-122797-0033.flac,music/hd-classical/music-hd-0029.wav,4890728,10.0,False,0.5252587500452638,1.0,20560,16000,481bdec667e1ade924ca36ff1d4d064cadea90e1464328536eb3e07c8260b096,74b1013bbe057de3b6752c21ef84abba8fcce3f0f48588259f51be4d65b5ad1b
1472,3575-170457-0022,3575/170457/3575-170457-0022.flac,music/rfm/music-rfm-0130.wav,1017586,-5.0,False,0.64520384546718,1.0,93200,16000,6dc50c77e883dd5fa20b3461e06c62b96608311dac572e609238abaa916bd49d,b66222e24a81d9215ccc81f9ae616bd81f7b3b74f38897cebcfc8f7652c08e76
1473,8463-294825-0009,8463/294825/8463-294825-0009.flac,music/fma-western-art/music-fma-wa-0010.wav,1268277,0.0,False,0.5829534891393922,1.0,320079,16000,421bda299b1862f6bb8c35096d87c8aeeeca07c29f944105de25498b2a4292a1,d22107590dd066aac23564bccd27625d8496ffbf2f3321907559690080894d2c
1474,7127-75947-0011,7127/75947/7127-75947-0011.flac,music/fma/music-fma-0067.wav,1644959,5.0,False,0.2537377501510133,1.0,57920,16000,33316afec60d43b6028affb291354cf50160393414e177fc2e074123f983e11a,6edc776fc141054e0dd72275c51276416fd8e7c9cf875558d71d370c0892e7ea
1475,8455-210777-0062,8455/210777/8455-210777-0062.flac,music/fma/music-fma-0094.wav,3564958,10.0,False,0.07331419940827849,1.0,48800,16000,4402761d15d4a7c16e73d8058ec16b119ca9f034fdde3cf5d8228d7be7cd43a6,e7d90dc01fe5b5801e760ae2468bd8f80a28141bf3026d09f38ccf0e8a67d765
1476,5142-33396-0038,5142/33396/5142-33396-0038.flac,music/rfm/music-rfm-0023.wav,1959282,-5.0,False,0.6632138362469888,1.0,66880,16000,3e21c793a30073be0ad4e2c5389827969df1d2c29538647b02201cb0989acce0,ac8a4f126c35328ce92537102c4a173317a3eccc81ce2d743289b54b99a9f2be
1477,2830-3979-0004,2830/3979/2830-3979-0004.flac,music/fma/music-fma-0006.wav,3232404,0.0,False,0.16206821346888736,1.0,31120,16000,be080214d78dfc4e8712d746b35e69e1d6bbf57f9d44397837dab96b7cd9079a,2e7e4bf5909c424268dfef08d42b2f67928f0fd25c7d26dafef57b3e70ee88d7
1478,5683-32879-0011,5683/32879/5683-32879-0011.flac,music/jamendo/music-jamendo-0072.wav,689454,5.0,False,0.21769596094231677,1.0,147360,16000,6fa16f6298f8421fb9d1cb5f8e98044ea2c39e8965bd85384bd9d377a441a29e,f31cca400a022ed97fbacfe54fc5eed1a2e9d4913031654a884e8a2e83930a14
1479,5105-28240-0023,5105/28240/5105-28240-0023.flac,music/jamendo/music-jamendo-0001.wav,1332290,10.0,False,0.0992219999941671,1.0,281120,16000,806e1f11057a16dbe401800f6585413c01ae32a00e2398532822f7a0ce7fa0ec,cef018b23cc0997dfa4f7a49b4cc4d5af621bbca23485d553554cf23d6c4e0f9
1480,6829-68769-0047,6829/68769/6829-68769-0047.flac,music/fma-western-art/music-fma-wa-0076.wav,478662,-5.0,False,0.6974099188913832,1.0,37200,16000,176308ab671ebc43b452313c8c939c31bad06aa4f4c2938998447c16ec5a70a2,18a7070c5e64e4b5db6521a2424d367b0cc577a71351ea1309b9e7ae78f4cc52
1481,1995-1826-0025,1995/1826/1995-1826-0025.flac,music/rfm/music-rfm-0089.wav,891061,0.0,False,0.2402818077614104,1.0,52720,16000,8aab9860236525753bac0b09c70687899dbf3c574b3c7ac403e493ef3a65eb15,32f0bee7583a3114e2c85bb189e780a6a7be5b0882f23a0c93e54d77dadce834
1482,260-123286-0015,260/123286/260-123286-0015.flac,music/jamendo/music-jamendo-0004.wav,1076883,5.0,False,0.2195284897749401,1.0,83360,16000,d140b6c40d513484495a092dee0acb5d6f62fe7980abef229797864f0f6edc14,53c3ab17a4db8689e694bae8e39703bace5f9fb139e90a01d4bdfa4c4b2ba715
1483,1089-134686-0034,1089/134686/1089-134686-0034.flac,music/jamendo/music-jamendo-0146.wav,2166389,10.0,False,0.03610738153238973,1.0,92960,16000,37095ceba5dd38b89a7f50568c8a56aa4a5095c98f68b4dcdfe36d8f16767acf,e6789771d7cec6c1064b7e8b85102748770bbf1a0fb8b183655f848d18865d4b
1484,7127-75946-0004,7127/75946/7127-75946-0004.flac,music/jamendo/music-jamendo-0214.wav,1243369,-5.0,False,0.41825418800328734,1.0,71840,16000,219d77e0e37bece92b3b9642393411c1dce37bad199f486bfb0db2f23bd1beff,c94354b028cf8fd914aa8166b535f65f83a7d5dff0f679186d00ae5c9034b105
1485,3570-5694-0020,3570/5694/3570-5694-0020.flac,music/jamendo/music-jamendo-0158.wav,3242995,0.0,False,0.6051315044857646,1.0,224560,16000,1c7bd8d5e729179290c29f872cd4cfaf470a349a12bcd7c1064e5dae7e3476eb,eab55b80ed561f42fe752f53ba27aa5e5a979467c2ced7ab5a9e6e7a7eee5927
1486,6829-68769-0015,6829/68769/6829-68769-0015.flac,music/rfm/music-rfm-0060.wav,1682730,5.0,False,0.20859470515067463,1.0,104400,16000,39564d2bbc2d7a6e4ac7a7501a4ddbf01a6c3c26d514e112036204b44f570903,4e7fc2f0e88367a29678ab4c0777b2e3151653711d4381465c6ac0567e32300d
1487,8555-284449-0009,8555/284449/8555-284449-0009.flac,music/fma/music-fma-0009.wav,5272199,10.0,False,0.08313628147971568,1.0,52320,16000,d433e62cbe2a9376628f4f70879d28ba18a831f5b6b22871e9cf3f815308787f,f94c952b0ad4f793f1a2b45ed2244fd92bd2d4c4a58e2c723c9a1536f8a83c66
1488,1188-133604-0038,1188/133604/1188-133604-0038.flac,music/rfm/music-rfm-0084.wav,215122,-5.0,False,0.3578203087590093,1.0,85840,16000,c5ff1f453b844ad56ddbec7d42d015ccc62a38834dbd9a32ff1fa186be9a9d03,b0ec95943d56d9393d7cf2cfd2cd4494d75efd41735fcfb7473a0c72d77ea881
1489,2830-3980-0063,2830/3980/2830-3980-0063.flac,music/rfm/music-rfm-0099.wav,1334438,0.0,False,1.1113036246973085,1.0,86640,16000,e328df683838a54e3a2ca3b0ff96b8cd52be86e56b33618efc7dc2df356f75cb,bf6a60d83f24724a2722c6d56ab1ae2f8663c5f0ce2ff7368434f2ca337b237e
1490,2961-961-0009,2961/961/2961-961-0009.flac,music/jamendo/music-jamendo-0170.wav,1809040,5.0,False,0.0870672901098848,1.0,91280,16000,fb3cb74b6f021a2baafabaa0608bfbdc4bf641e4c66ed40f05376aafb6b2c0b9,46562da777d3afebc5817bc664b581fc527d8f9d735e44ae8496358e3b48b193
1491,1188-133604-0042,1188/133604/1188-133604-0042.flac,music/rfm/music-rfm-0029.wav,2600101,10.0,False,0.17522823231147722,1.0,42560,16000,b3556fa465ee2a4fd260ef2bf96f3d6dd0beb5edfd38d72170fd62389d7524e1,97d124759e9360a8d27263a6ffb0aebc2a63393f97188f7cc1635b433aaa1773
1492,1188-133604-0006,1188/133604/1188-133604-0006.flac,music/fma/music-fma-0092.wav,1919182,-5.0,False,0.1347637777465428,1.0,38400,16000,5adecaafbbcbf2bcb0184836f25fa84b921494e1ba33ef092ab3ec0fc3b06d78,faf671423e29b66cf8a2763fede330beed079535a24c8f8b951104f26397b458
1493,8463-294828-0014,8463/294828/8463-294828-0014.flac,music/jamendo/music-jamendo-0043.wav,4775345,0.0,False,0.529694074568866,1.0,91600,16000,7466967854c834bafbf21a1d77205c64c7b02fb6ecb44cdd7339eaa313600a86,49e5e447461dbd9472f2353030412b91385c44da763c4b8becce50202487a9dd
1494,1580-141083-0036,1580/141083/1580-141083-0036.flac,music/fma/music-fma-0060.wav,237448,5.0,False,0.16563215270435122,1.0,63680,16000,3e2a9838bf54a719d56729ccf2802d7efb375cecd3daedfa36d2ac4848a1472a,29265b74e07ec04b257ad2a43165351c84351e9a0ee287c7cb608e70bf4248ba
1495,8455-210777-0036,8455/210777/8455-210777-0036.flac,music/fma-western-art/music-fma-wa-0021.wav,930951,10.0,False,0.39736454879764777,1.0,241040,16000,40d1e48b991d2728effc6501f407bb76931ff201cf22dff72635f5f3f4f999fe,c778eadf42f18fddffdf697b3ee239eb0b8e815fc6ef91ef669a477ab5007dac
1496,237-134500-0002,237/134500/237-134500-0002.flac,music/fma-western-art/music-fma-wa-0066.wav,422208,-5.0,False,1.0299370777835413,1.0,81120,16000,1df6dd3a6f30370803b969fdd2f08e885552bd17c22285559c1b1192063ee651,4dc38dd7046596a5e44879a432515924f02d834ae5bfeb03bbb11eb96a191f41
1497,5142-33396-0052,5142/33396/5142-33396-0052.flac,music/jamendo/music-jamendo-0216.wav,1368374,0.0,False,1.3385568742186909,1.0,94080,16000,0aeb683167cca3361b1decc3c35f239bac8987f2b58c0c3a0f1723a5005fd6c4,913d3db30a3681d4725169894dd639689d9b95c963f28ef6a9e0b970739d7f59
1498,4970-29093-0008,4970/29093/4970-29093-0008.flac,music/rfm/music-rfm-0048.wav,410725,5.0,False,0.23703019268841072,1.0,57280,16000,d602fc20cd21a9da5d680a3c89a0406b233b66b164802a3a0142f79b5616519e,5032e45b8989bdbc8f6e3792f4bba6647fad8868db42cff1ee8321c5b753103a
1499,61-70968-0045,61/70968/61-70968-0045.flac,music/jamendo/music-jamendo-0209.wav,2051263,10.0,False,0.21330149118454225,1.0,55600,16000,d95be7473028936629cfbc24ef1f9e550585d266fc15e6aed818a4f4d52a3c6f,063941b0867a74132ccfd22cf4ae54e4b71d46e43732fd56473e080f2d6e3b85
1500,8555-284449-0011,8555/284449/8555-284449-0011.flac,music/jamendo/music-jamendo-0081.wav,722333,-5.0,False,0.517057832534736,1.0,264320,16000,1566223ecb0b73f6c4b3832d48666abd03829b078bf0cea1c9a15eb120d03898,55ce5960ffd2c398f9884f5feb670578a7e480abb54080d0141589b469f139bd
1501,1284-1180-0025,1284/1180/1284-1180-0025.flac,music/rfm/music-rfm-0129.wav,626380,0.0,False,0.31047976434047136,1.0,139280,16000,9f3e74152bd424b321868c1ecf8eeeaf0ca20c61714ba24c944e5deabc26b23e,f4d1d4fbd4700ec8f3e3c4f621403682a66d5632a5b66b017b91671c0c643ca7
1502,4446-2275-0014,4446/2275/4446-2275-0014.flac,music/jamendo/music-jamendo-0178.wav,916300,5.0,False,0.05963015730316862,1.0,40160,16000,857a157eecc31858eb7ea5014c0ce64f43d74b73d926a29144c6cb7d68b57a14,0a9e0f6ced6ee85a1bcf9dd07676b75abf92d4c6b615e6435c71b98fe59cf7aa
1503,2830-3980-0017,2830/3980/2830-3980-0017.flac,music/rfm/music-rfm-0035.wav,508179,10.0,False,0.1566546660943219,1.0,58640,16000,d5ce505196f107571c90271963ba1aae5b2184e3abe0ea120366709a6414a8cf,5160f28cf6032510e897c86455cb7f6cb6bbf3059d8e83837ff96dfae5cb82f6
1504,8555-284449-0002,8555/284449/8555-284449-0002.flac,music/fma-western-art/music-fma-wa-0012.wav,1613369,-5.0,False,1.1030568667646505,1.0,177200,16000,aa0dba64689c7c627475d37a0814e6336fbf43cda724968985fd08db3f0f7edf,3424c22f1413991fb91983a467a810da77e95897c11ee5765ddb84f0040ac82d
1505,237-134500-0038,237/134500/237-134500-0038.flac,music/fma/music-fma-0097.wav,3573059,0.0,False,0.37459327740652437,1.0,38960,16000,a98e7febcf7a51f3cd2e674923d6c3b804a2a51efa2d5703bfd3f72c415b0ea0,2e4b9bff721a48825b828cf0563a55833c9e2e42702aca66a333082903d047a5
1506,7021-79740-0013,7021/79740/7021-79740-0013.flac,music/jamendo/music-jamendo-0215.wav,67048,5.0,False,0.3513995036932862,1.0,117840,16000,b298801fcbe1cc0e8286c29562f8e8ebd976eb2137a5518e8c36ec41cc54a3ae,6243c7ec108f9b46ff4409f8ac6e2338f1e9645083ed7d7e6c761d3c44d84576
1507,61-70970-0007,61/70970/61-70970-0007.flac,music/rfm/music-rfm-0019.wav,549807,10.0,False,0.09290613172510179,1.0,71760,16000,eaf694bbe810be94f4346dcb93fee455fd7b7622a30f3d7caa467b593bc095be,3f386a7fda45aa280becad6e88e033771ea97e4eec63845ae809988b68ac11ef
1508,4970-29095-0030,4970/29095/4970-29095-0030.flac,music/rfm/music-rfm-0088.wav,2420719,-5.0,False,0.6162198022306032,1.0,74720,16000,43193361052d85b02c932d95ae479f270d11775c3140ea3503761617938d7f07,7686e27e28ba3d45ca699fb4bdca6fca5af9b981bda7c9a1c7cae303fb204e88
1509,2830-3980-0005,2830/3980/2830-3980-0005.flac,music/jamendo/music-jamendo-0020.wav,2018115,0.0,False,0.28605164436791275,1.0,103200,16000,7196ffc72a9c5984a93cd64a1244c5894be673001cc4b45ab86dc00419403364,5ab229386678c0c6589c89940877e54335c6499760848cd4e77724a4d9320364
1510,1284-1180-0011,1284/1180/1284-1180-0011.flac,music/jamendo/music-jamendo-0117.wav,2326119,5.0,False,0.20462008105025994,1.0,68400,16000,50f136f6c476b374cbad82d408d1a6c3137e9cbc747c8c5ae8c04382a529c292,1adf633c10363916169f6e37ee06f436791cf496145e38a61d65bc87413cf12f
1511,6930-75918-0019,6930/75918/6930-75918-0019.flac,music/fma/music-fma-0037.wav,2454452,10.0,False,0.07656708612914903,1.0,186321,16000,f40231364b38057d9b7397907d48cc608eff5c3ef091d79aa3f84bb8d53180b4,7cc92e68c0906ff4f2dfc36a4fa461662b9d3aeb7a3d238a59b40050f62b36c9
1512,6829-68771-0018,6829/68771/6829-68771-0018.flac,music/rfm/music-rfm-0060.wav,453209,-5.0,False,0.5003934382043785,1.0,135120,16000,d021a83946e746a26f9680b8fe12149ff51afe867cdde15413bb53825705000f,31e4d94d65d7d0bd8808072b8342e6712fa555d8e56a08c40c6a43c189763a46
1513,2830-3980-0028,2830/3980/2830-3980-0028.flac,music/jamendo/music-jamendo-0177.wav,2918633,0.0,False,0.315649816565026,1.0,56640,16000,7daf070c44a1c2d0e8c4568d3428ed4fa1ca07a84f675da683536d48b5113557,9c00f4e2215b306f6ddc8b7b822154a8b8cd0ed9ad0cbcc8d785a1bf5ea75e9f
1514,260-123286-0019,260/123286/260-123286-0019.flac,music/fma/music-fma-0101.wav,1058448,5.0,False,0.17657781778465523,1.0,190480,16000,70590f6f2978b8717061772c7dc8bf35a48cfd9d1b8fc03d12d87ea3a7755aeb,409ecacaae6aa14f923694f7a1b5b11af814cb2ce6e8a24c84af6fbedb6ef019
1515,61-70970-0019,61/70970/61-70970-0019.flac,music/fma/music-fma-0049.wav,479984,10.0,False,0.15174749925232803,1.0,60480,16000,2b1510626f1b9fe955def04d76f6bb97ad34efbb1314ac6483d0978bcfa05927,ab6f7e65d4249608f0452240741aef133137cfff1708003d59460e50bcc01ec5
1516,1580-141083-0022,1580/141083/1580-141083-0022.flac,music/rfm/music-rfm-0101.wav,22378,-5.0,False,0.580411646422605,1.0,52720,16000,9345194b512df0de92ec971981896e9025f14b690fcdc740c6a940f419fd214c,0721a9443f2e5124c7a254990710cceace2ffe1da15c47cb18d320640632a67a
1517,2830-3979-0005,2830/3979/2830-3979-0005.flac,music/rfm/music-rfm-0005.wav,79535,0.0,False,0.602643032426997,1.0,33680,16000,8c7f73488b5354bb2343a5079c9e06b240e312163429616c95bb2f6fcfdbfab4,7ed3ad91006913734021eaaf76684a1e9e016f0ebc6f39031e656e8d106b4ea2
1518,672-122797-0010,672/122797/672-122797-0010.flac,music/fma/music-fma-0106.wav,2526786,5.0,False,0.08317772296809267,1.0,61040,16000,b3f9c2df2829f09d8700269ba042f79088e4387de427d2647475378aeb0db1cd,f303cbe6ce0dc7289850afd122720f9ab4580fd7b752b1192b15617f3a497df2
1519,4446-2273-0019,4446/2273/4446-2273-0019.flac,music/fma-western-art/music-fma-wa-0024.wav,1944638,10.0,False,0.07676173095081032,1.0,49840,16000,f3f1a5c6f6e809d89269d458a61183ba5520dfb9e7e0274cf447872676b04224,a66eb0856c109331d2492a817225c2d9b26049ad55b9afbadb8cdc063550a71e
1520,1221-135767-0023,1221/135767/1221-135767-0023.flac,music/fma-western-art/music-fma-wa-0007.wav,4991349,-5.0,False,0.9441630190885905,1.0,260320,16000,d14d23e64ea812de8a0af895d345c3091059e273b68eb36393dfac527d1c6bae,508271721b51824b27a11f2d0e0af907c7292c1d0b4152cb2f1adc78a2438020
1521,6930-76324-0006,6930/76324/6930-76324-0006.flac,music/fma/music-fma-0068.wav,2550634,0.0,False,0.2852032550564155,1.0,71280,16000,b15a8765c2c5c485a2125e4dc4609f278ba6be5776029ea082eb2fa94554423d,034dd04a22c9c1d97d95bcb502d3576a3d74a216ff325543e3ac51dac76a9cf0
1522,260-123288-0010,260/123288/260-123288-0010.flac,music/fma-western-art/music-fma-wa-0033.wav,1505972,5.0,False,0.2753311589263881,1.0,159920,16000,63690d31300d1a5342f5cc6ef54cab5e0c16c52d3fa4f88243f119699cab12ef,ad7404159f948d6b74781e4ebea7157b18758420ba9a86faa055b2863e2e3419
1523,4970-29095-0017,4970/29095/4970-29095-0017.flac,music/fma/music-fma-0066.wav,2011875,10.0,False,0.05909892456912362,1.0,62880,16000,d22ea73c4c46365dabe81ef8327d68bd9f76cb8cce9d4c24ad417a3d1a805bf4,24f2614a481507f5f07660fe3d7fa496deba57deeed42a2dca9083a5d24a99c4
1524,8555-284449-0020,8555/284449/8555-284449-0020.flac,music/jamendo/music-jamendo-0208.wav,5563262,-5.0,False,1.301372605776608,1.0,81520,16000,cc16780b56c2b7e254aba2fa19eceae36125c8a9283ff3203cf54b7ffffc92f1,2100a57c1cca5842f867ae5f6871efd9acbe578dd15e2fc4c2664dcbcd8daf4c
1525,5142-33396-0062,5142/33396/5142-33396-0062.flac,music/hd-classical/music-hd-0046.wav,161214,0.0,False,0.27161708406331353,1.0,46400,16000,40831f072888acb6f9ec89f253dc466f641ffb39bed5fb82a0cac8ae40682600,bad77f64d613d641bfc52355f0665f328d89d93c951d49ec161b97846125bd83
1526,6829-68769-0004,6829/68769/6829-68769-0004.flac,music/rfm/music-rfm-0036.wav,750995,5.0,False,0.3380632454286169,1.0,114320,16000,a497bb40db495dad384d31e5d756eef10da212690b5c8b54432c4749a73561fc,f5780700eb80f4a1ef950f2480cae9732d3c696793985e91e15102d318da2ebf
1527,6829-68769-0040,6829/68769/6829-68769-0040.flac,music/rfm/music-rfm-0054.wav,3497074,10.0,False,0.20359018403574278,1.0,76320,16000,080450afa0a56f4d8c958611ca6ed9abadd68a8a61ff7dfd2f28f4f18895c1af,ac44b953944f9b2ff4c20725dea3a666cb1928de3fa8d1ea0f8f1c518c920a3a
1528,2094-142345-0000,2094/142345/2094-142345-0000.flac,music/fma-western-art/music-fma-wa-0086.wav,453837,-5.0,False,1.5634385095387457,0.6137274642518571,361120,16000,5a354e1ccfe4f1e52e66f468a955d5f47ad43b479583e51e8769d0f938505c9d,202d28659721e74cb7142869db3e925a81a8c61275977d279d4758e5cf4608cd
1529,7729-102255-0021,7729/102255/7729-102255-0021.flac,music/hd-classical/music-hd-0065.wav,467167,0.0,False,0.551264961250408,1.0,126880,16000,3ecb175ef46e5426a56b4fb2881622c66d7595c43a1160bbfb179461b7bb3065,2666da4c4d6cfbdc0a09a27462c894bc4bb0211ec904229eb31c6779bc3c5526
1530,672-122797-0005,672/122797/672-122797-0005.flac,music/fma-western-art/music-fma-wa-0075.wav,1218048,5.0,False,0.11736618425765276,1.0,52160,16000,6293147db73f737d96acec6584bb8f00274a07a9a333fd33b536ec31f8186b14,fe66b546ea81a6e4f4d0de62fdcaad65b1853013b7fe92452e3a15a218514bbf
1531,4446-2273-0030,4446/2273/4446-2273-0030.flac,music/hd-classical/music-hd-0014.wav,301544,10.0,False,0.09080243094590779,1.0,46160,16000,3f418703cab533d25446379c2cb97f4b2d3b0c1f6fcf3d15b4e064e576d7727e,14058b2820b173c66b5e0300d17b661c02dce5bed2b59453d5a504f4a60d61fb
1532,1089-134686-0015,1089/134686/1089-134686-0015.flac,music/rfm/music-rfm-0059.wav,739259,-5.0,False,0.358254987663597,1.0,93040,16000,6bbec6a76806a1906e5372b403dce881f728d2c43711ae84d41e3bc254a4f022,db6673ac16110b6171943592c7e49093815245bbcc99d17830d3aeeb81003f48
1533,8555-284449-0018,8555/284449/8555-284449-0018.flac,music/jamendo/music-jamendo-0142.wav,2101673,0.0,False,0.1756923540150302,1.0,112480,16000,e330453ccb88189ba9b4ceec3c978a48ad8c3c76344be6a6e4aa5a75d9e46772,fc43ccb126ec6b4c81d13117003837bcd622786c3bacf6a61a1f496fbca39ede
1534,5683-32866-0012,5683/32866/5683-32866-0012.flac,music/jamendo/music-jamendo-0109.wav,2170316,5.0,False,0.4121128379311504,1.0,132160,16000,21e3d1905d92cfa7ba63d7c6f086418ffb88334bcc109a668a746f91e3ab3b51,a17e57a6b6fff0f46722c6366e7ddd14f7641b8e4939d8a6a9736db307ffe999
1535,1284-1180-0016,1284/1180/1284-1180-0016.flac,music/rfm/music-rfm-0037.wav,357636,10.0,False,0.06729795800765859,1.0,34080,16000,efce1886c5b3bc879b8378684b8173651b796b7a251beb21939b7cc3ddad0770,842216f94857086aa693c1187c43c18c961d2ee704902ce2590717ec22519803
1536,3575-170457-0052,3575/170457/3575-170457-0052.flac,music/fma/music-fma-0028.wav,2181522,-5.0,False,0.9334305773803738,1.0,48000,16000,356006f4df9207e43575438e1b93f4c7c8a7091ebec56dbcb92073c2f1895786,67203eb8b2c26e6671e551cae6b8b0af8da27336225985df3aaf369d145f0f08
1537,237-134500-0005,237/134500/237-134500-0005.flac,music/fma/music-fma-0054.wav,983425,0.0,False,0.88630984391691,0.898748400352845,38240,16000,8d464486b0fa6a7e785c857f01c71da59dedc13f79d0bd76664c9aa701471bf3,14f8c81bd387b1fec5785d2dcd890c5e8b2f2d200a1183397cfcd66e7b7b6317
1538,4970-29095-0022,4970/29095/4970-29095-0022.flac,music/fma/music-fma-0082.wav,755571,5.0,False,0.19160726124431413,1.0,76240,16000,82a8f1fe17d3f8377d258fa363974e69e2e6c63165e0b0b711b0068856e65c43,d43af491a0a5fae2ab65ebc3ced1fbad4d5c8b30cfc7c32ffb3a85acb679bc65
1539,237-126133-0025,237/126133/237-126133-0025.flac,music/hd-classical/music-hd-0046.wav,1989848,10.0,False,0.06857921925053162,1.0,60080,16000,ee9910951e8e2106ee335e9b4f4e0538881a108554daca5ce0684877fd5c2ae0,8eba5adda88e6545984edfa34353dc00333ce5aa1364dd6df97202a05f4ec2f9
1540,7021-85628-0011,7021/85628/7021-85628-0011.flac,music/jamendo/music-jamendo-0046.wav,1157762,-5.0,False,0.3487774617672886,1.0,143920,16000,119d3a5b8e027714a2e87774e8665f10179dbf583bf273cae8c2d7a8629af99a,f02f3705fc24691fdcee83fa2e259e8bb966e599c47f090abdf260b4a65d5ddd
1541,61-70968-0044,61/70968/61-70968-0044.flac,music/jamendo/music-jamendo-0117.wav,3352855,0.0,False,0.12404531870525859,1.0,44320,16000,b0aa32154d539b8b39c6d44ece0b0ef1fd877bc0011826eeb60cff7ebd04ab33,3f15f58f8ba84c20d3b2ce469891d8656d548b78c4ccff33c7609cf70674984a
1542,237-126133-0006,237/126133/237-126133-0006.flac,music/jamendo/music-jamendo-0025.wav,1020715,5.0,False,0.07984660414098425,1.0,98400,16000,3b230b57ad74e1c9e60d3a549b906c1d98809734c3a8e3e6858fb2870f422802,5a255a34054d2560545e5f9165273cf36a342f64d041d0845820aabbdb77970f
1543,1580-141084-0010,1580/141084/1580-141084-0010.flac,music/jamendo/music-jamendo-0047.wav,368705,10.0,False,0.0921089014028289,1.0,71520,16000,06fade749bc243635c460db71cce10b5bf99235e14fcdf33adf2b8bd60ac1161,a02f3e1a4d8e419dbf6cdf12146cd9e353728a7a0cb3a4450f321e122f991c59
1544,2300-131720-0032,2300/131720/2300-131720-0032.flac,music/jamendo/music-jamendo-0034.wav,3689072,-5.0,False,0.3804440229995108,1.0,187040,16000,2b2bf15aa79c3be62ae72187ab53ac096aac80cf49d1961807572828a8ff624a,0f25c3423ba0eb286fee90e01f430f2ee20f554ad756b84dbb26d84a4419b7e7
1545,3575-170457-0028,3575/170457/3575-170457-0028.flac,music/fma/music-fma-0113.wav,2690791,0.0,False,1.7791239277285755,1.0,88480,16000,c23384ef8db9e726e21a348c2ab511aff4a454719ea7a0cf0352b4e2de3b1b9c,899c427523f40216567ece007f2302dc8e19aa71798ecc2915f64becc150b67d
1546,908-31957-0006,908/31957/908-31957-0006.flac,music/jamendo/music-jamendo-0066.wav,2241345,5.0,False,0.20580992400245052,1.0,94240,16000,7c35d03c6439fd643d6debf1775eb997f22848f46b305687d457659eb6e2a3bb,8503c1531363456a26ac0c53566cc6c864c1856377ad3b43f74807df7c1cda2c
1547,61-70970-0026,61/70970/61-70970-0026.flac,music/jamendo/music-jamendo-0083.wav,1759147,10.0,False,0.051988677126899,1.0,87600,16000,a6efe7ce080d498a599b2a0da53c178ce8e7aa03d5c30b14cd6eb92b9327a467,05de4aeb3dcccf9e642be375a771ad42f8b147176022e980af83089b4392a844
1548,672-122797-0045,672/122797/672-122797-0045.flac,music/jamendo/music-jamendo-0093.wav,3815648,-5.0,False,0.28418274648229297,1.0,223360,16000,989506cdcbb6a3e5ecf52184e58ad32925b4ba4d91b0eda2df2246f6474c1796,2badd8bbd3a82fa802302e0ea49b930c763357bb6534da181d494af2ede5f83e
1549,1995-1826-0026,1995/1826/1995-1826-0026.flac,music/fma/music-fma-0060.wav,858377,0.0,False,0.45592570842036645,1.0,247200,16000,89a8c4db1a9d079c9564780a477f6cc695c1a33dfe23cc1749deb9d84d9472f0,9f1ef5e361edc08f2ea0f8d7f9e13b9fbdcbd68a4428b8a5353ebd7cace5c657
1550,5639-40744-0028,5639/40744/5639-40744-0028.flac,music/rfm/music-rfm-0085.wav,151352,5.0,False,0.051522062229587995,1.0,196000,16000,2087b4b501a7194dafac9b6e84644036a4d2e0cbcc816e419ee9e1b43239f779,884e140497d501881f4b8faf1ff1605f711a8e011c015a4ea33104f6281596f5
1551,3575-170457-0038,3575/170457/3575-170457-0038.flac,music/jamendo/music-jamendo-0048.wav,1225655,10.0,False,0.14149116778254428,1.0,184560,16000,201fec434a1cd8298bfdfaac1a12b6a1162637c672ebb80f3a431aaba4a591c4,8ac8fe52c728e9e562ea4027a45dccf0a3df73c195e688e623a5812836150821
1552,260-123288-0002,260/123288/260-123288-0002.flac,music/jamendo/music-jamendo-0071.wav,2454153,-5.0,False,0.31520107800238395,1.0,116000,16000,595972ca00e944fb837cc9b05b21b7b46c1237d87ae50e833c33c1eec1b26aed,a01a3ef119189962c3395ebd9e04c5533fdaa27484000123d07965dd0873e030
1553,237-134500-0008,237/134500/237-134500-0008.flac,music/jamendo/music-jamendo-0133.wav,3315692,0.0,False,0.7362704067175,1.0,60160,16000,741919d5590d9318d3dea06a4a8e0b9fe9544683cb3edacfdb4628f6ab3e77d6,8a239c8edbf70b90d6663b6da93bae15882786c800d39dcb0f70d840cbe714ab
1554,672-122797-0073,672/122797/672-122797-0073.flac,music/jamendo/music-jamendo-0069.wav,2270643,5.0,False,0.12047988092713405,1.0,131280,16000,668fc1a6a67afad2a3fd57d6a4d55c11085f78a5e7f3e5c2a1181384a09fab07,9b3f947110546fa135aa69a64c5989f960485bec7b3a6dbfb30e5adb497f0f9f
1555,3575-170457-0056,3575/170457/3575-170457-0056.flac,music/hd-classical/music-hd-0040.wav,1699482,10.0,False,0.1702590042309489,1.0,53921,16000,9b317314681ee14f32ce09959d2c2934e433ca090b54ee3544a87ad1357c04a6,9c62ac515426c3408edd6d92e819acd0eb2e13290e437e8c64568d3b2fa7b3b1
1556,4992-23283-0012,4992/23283/4992-23283-0012.flac,music/fma-western-art/music-fma-wa-0026.wav,307812,-5.0,False,0.6917771934122986,1.0,347760,16000,00f3892fcfb51b2ef83a6f4c4f238fc609a21c52f5b7f71af2a8964101e0f653,9e1f6946daa8cc55a28bbdd9084db6022440e34fd55b3a28241b8a7acce4d9f0
1557,8555-284447-0007,8555/284447/8555-284447-0007.flac,music/fma/music-fma-0086.wav,988240,0.0,False,0.3058294319699715,1.0,101840,16000,dcdcc69097ba7920e807d0f1027af18f7b263949611b8d6f744f8d11ec13c9a4,56553e5dc573845929ccebd86eb886228871a9b4e230e7d0c93e23f2a9fb3db0
1558,3575-170457-0051,3575/170457/3575-170457-0051.flac,music/rfm/music-rfm-0093.wav,2292727,5.0,False,0.3110042817431373,1.0,78640,16000,06072cea26b539b99a314b716cfd5a888ee79b832361d106bbfe9ba0cd1bda1c,dedeffae4e1eb4b6621c7bf970f41158a9e9d5c520a0b8737c8523640ac448bc
1559,61-70968-0003,61/70968/61-70968-0003.flac,music/rfm/music-rfm-0038.wav,3262953,10.0,False,0.07285937712689354,1.0,69040,16000,f9b573b19f504f3eaf341f126f788adbe73b379bfe3f0cfae0a5d51aadbfcb7d,758a349a167801dc868c892fdc590c26360405005f392ea36b11390e3121b155
1560,260-123286-0008,260/123286/260-123286-0008.flac,music/rfm/music-rfm-0010.wav,240330,-5.0,False,1.4900347626954515,0.780080328890249,59760,16000,a8914349a530790fbf64da622a73d122556e80156105796821737cfcb0f166a4,c057a07db521b53086ea474a8f27dd8ea864a6ab285632002cac819ffc00a161
1561,2094-142345-0003,2094/142345/2094-142345-0003.flac,music/rfm/music-rfm-0098.wav,2326227,0.0,False,0.6295737175749527,0.6683336471910698,234800,16000,ade2609c55825fe76725033703a9a84ed9620f306e665def6aab6ad47aec80db,1d7b0363faa011472a934ec6dc9cddd8b1b33be551382460252ba58bd32c1aea
1562,61-70968-0029,61/70968/61-70968-0029.flac,music/rfm/music-rfm-0034.wav,1422108,5.0,False,0.36596708712504816,1.0,55920,16000,4b84dceeddf76e96d8e20934c018cf7d1cb5805db138442cc9cf9681e1e7bddb,c77c8931459f2ce3b733494a0274118cac50a0de8c688bbcc3403b6af7b89422
1563,3575-170457-0014,3575/170457/3575-170457-0014.flac,music/jamendo/music-jamendo-0187.wav,198139,10.0,False,0.30729149635718706,1.0,106880,16000,24f6951fcb8010c4c75af2b09a4171c08e5ebaa796bb955ba217a7375debd01a,a36fa4f264eb3641a543cef65a2e73e453952b6c706ba89fa127344dc7e9c35b
1564,1580-141084-0021,1580/141084/1580-141084-0021.flac,music/jamendo/music-jamendo-0179.wav,3007401,-5.0,False,0.2521427248678508,1.0,64160,16000,68e35206608ba5105fc94e52afa78493f5cd464062874f02137683bc3f241903,757d22dd15d55696e70027c069577f71d4f63dc1e678887655e259b8aa1fe795
1565,1995-1836-0007,1995/1836/1995-1836-0007.flac,music/hd-classical/music-hd-0052.wav,3044328,0.0,False,1.011359435178852,1.0,54960,16000,4514cdac0cc94e28f6f0eeeb668d6e5bc205790258a482b3801a625f32e5ef7a,adcc894ed78c87f4cd39a544cd8cafba7efc396df45da79dbb61251b5c4a17cb
1566,1580-141083-0053,1580/141083/1580-141083-0053.flac,music/rfm/music-rfm-0099.wav,1066694,5.0,False,0.4461069065332662,1.0,64240,16000,448ff7f02335449a8bd1c2930089b0176af7b7223fd3dcbf0c16a87716c0da98,4369f5f41798ec755177ce73d9c8aceb363098e259bebb07313035f3dc95f40c
1567,7176-92135-0039,7176/92135/7176-92135-0039.flac,music/fma/music-fma-0020.wav,2262732,10.0,False,0.09110090927108039,1.0,50000,16000,fd8c920f80825e7ca12cac14d9acbaba6d6d863b3289f4c59e97c54ea3d94887,3e7ab96dd363c29d1ba6237371d3738215a521bb39213c8893cc6b981ac80472
1568,237-126133-0018,237/126133/237-126133-0018.flac,music/jamendo/music-jamendo-0202.wav,261330,-5.0,False,0.2385226392772791,1.0,65520,16000,c9cf8e8941af3218b28ad9e7589377740a5e7acef30eb3bda2606c08f943b507,66ed2321bac1a541cd042c9d3e5a676f23ddafc01a03ec71504fc0e85be05981
1569,6930-75918-0001,6930/75918/6930-75918-0001.flac,music/jamendo/music-jamendo-0048.wav,1657167,0.0,False,0.3794980807742345,1.0,227600,16000,7a0c28ad2cca523cd7e7d72e360a3f314eeb905688358dbf6f150c0a87b87f76,650a9c41c75fb91fb8e721eaf706c181b8856157805b4ecc0a67925b380a32a9
1570,4992-41806-0001,4992/41806/4992-41806-0001.flac,music/fma/music-fma-0050.wav,1237744,5.0,False,0.29594122223551794,1.0,132960,16000,499bd880e57cacc31a16862a6035acbc4f1f74b2ed29a40a3345e3876b5b605a,639686f76e60b83978f9bf87c540208080cac02004091711df8986937b2e3012
1571,8455-210777-0020,8455/210777/8455-210777-0020.flac,music/rfm/music-rfm-0135.wav,1609679,10.0,False,0.13789540574726164,1.0,50480,16000,6f24940f66a9da95b2a724e2f2fc496483189304be3bcc08f07d6c84d49539b0,5680a6ca2698d7755b93b09620e1ed365ee4d219281b28e38be0a88710255096
1572,7127-75946-0025,7127/75946/7127-75946-0025.flac,music/rfm/music-rfm-0010.wav,286021,-5.0,False,1.0437450734337521,1.0,63360,16000,1db2d63f572e28f641408f92a648e087838912ca6137fd9622a8fb37df5f577d,254a8fc8a8cd28a4a06b7b39f95d98856a1cbe97623dbdb1e46eea289721e91a
1573,4970-29093-0017,4970/29093/4970-29093-0017.flac,music/jamendo/music-jamendo-0115.wav,1902803,0.0,False,0.2772084839282379,1.0,45840,16000,90079d2e6e7c22cb5e7801e414bf56feac217123446acd05166c995e9064a802,684dc2f37b31652bf998d1c44d9916a8ac4c37b531a415671b2ec0cf0d4b07cb
1574,6930-81414-0018,6930/81414/6930-81414-0018.flac,music/hd-classical/music-hd-0033.wav,4444434,5.0,False,0.21829445551583485,1.0,46880,16000,531a120798e9ef90095e42090468beb03d579406e66d877c4f3810492d6443eb,036775a1e459705ae64f5ccd9241578cb61232cc2d28c45b00242a6e4097cfb5
1575,2094-142345-0024,2094/142345/2094-142345-0024.flac,music/fma/music-fma-0068.wav,453816,10.0,False,0.17532191880085357,1.0,84320,16000,9d71cf988604ecb0278731317a11246860678c8beed16c75edff05e7bc62165a,422b35913242e5016451a8032eb93bb309cfbac1ae8c6f1c834231232fb2b61c
1576,4446-2273-0028,4446/2273/4446-2273-0028.flac,music/rfm/music-rfm-0130.wav,3143010,-5.0,False,0.5760450404634265,1.0,86480,16000,8cc249210acdb512fec9f69ff0b7c9b99781bc749f19b5e8e1bf8c5d4d026760,de4c21a71d24aacce1799cfb49299b1f772ad8beabf40464d97bc191d2f1482d
1577,2300-131720-0013,2300/131720/2300-131720-0013.flac,music/rfm/music-rfm-0122.wav,1179447,0.0,False,0.47812150179041624,1.0,222240,16000,aeceaa7de7df94cf75a5a8a23e9aefa905f860dba9359c97ba89caa05beecaea,b4ad9fb88b1a2dddfde7b3fd5a90af900bc34791fa115a8ed864c61993bb7b04
1578,7176-92135-0044,7176/92135/7176-92135-0044.flac,music/fma/music-fma-0085.wav,308325,5.0,False,0.17728643346419545,1.0,82800,16000,68ddf5a959212594016d134515304d00613c727169f34bc4dc708ffd0a9db689,f5a6392692e07e3e5c64da60fd99f95bf968fe71440e259994daa5c36b5660c7
1579,8224-274384-0011,8224/274384/8224-274384-0011.flac,music/jamendo/music-jamendo-0000.wav,11911,10.0,False,0.1432746489295288,1.0,357760,16000,d2ff365f881b536e2ca43ba63e870e035034b1b32da4ae342acffc6d78135c5a,f802036c18ea321e47ea3761b667a6bdecdd1a840e941eec93e9e74d0e275ffe
1580,5142-36377-0001,5142/36377/5142-36377-0001.flac,music/jamendo/music-jamendo-0100.wav,1585884,-5.0,False,0.4403209407573657,1.0,86240,16000,754bc0441462cded495b775c7b21884e556991efad6ac69969a867ccec98e85c,fa8e4c4228a717faf2b3438e0a6d80bf3a005b972d7f01432bc5c1ff78b90d09
1581,1284-1180-0027,1284/1180/1284-1180-0027.flac,music/fma/music-fma-0086.wav,2473672,0.0,False,0.4332924489173129,1.0,52320,16000,8f34df61a36164ce5a1993468d10639e92feca822962660cb6c8a1da7ad35efc,fc36573c496478d650b946b48d06770a6c71a150b017da6b47deadc7635b3669
1582,7127-75946-0006,7127/75946/7127-75946-0006.flac,music/fma/music-fma-0056.wav,863779,5.0,False,0.1873576519783524,1.0,127680,16000,fd3a6eb78eb0929e548d964a936a18dc86ea8cfb634b4767f771d410c33ade77,5311d89956de6faca4999d04002543a3fe55072a29e085b1d88221b6fe5377a4
1583,6829-68769-0016,6829/68769/6829-68769-0016.flac,music/jamendo/music-jamendo-0182.wav,339933,10.0,False,0.48264717051818773,1.0,65920,16000,5edc55165e6a05ecac435d370d9c9f365dd7fb429e6a3c46ae0411eab82ea65b,db29f7e8d8250117e12b6fbe2f70debb44adcdd3a9977b5b12e363d9eb1f8f6c
1584,5639-40744-0027,5639/40744/5639-40744-0027.flac,music/jamendo/music-jamendo-0147.wav,697388,-5.0,False,0.1934083039550093,1.0,372160,16000,f5d98362c3baceae3acdaeb75d7ed76cea84bad14a75f96c503c2022591f1d02,ae4f17d4a9b345d5f418bc7347521024863f53bd9c36a8b2fa95530e27e05e81
1585,4446-2271-0011,4446/2271/4446-2271-0011.flac,music/fma/music-fma-0007.wav,2215899,0.0,False,0.26471507654749316,1.0,63120,16000,85752d9c2ea66743ba76fc14f6fcc36acf0512967610a8be4d1eff9de31d4fcc,aae54f9914cde6800326c88462bd44fb00f083f0b1fe1c947777595e2f77fc4c
1586,3729-6852-0045,3729/6852/3729-6852-0045.flac,music/fma/music-fma-0011.wav,1415936,5.0,False,0.12283104442137978,1.0,326000,16000,6dbc532a159453884a5ae32da3bcfab450e31cd440d4b3616d4585beb7c7884d,e19da9334a196cc909432382f244238c1b9ff4a1c9236ea4b879e7bda5f3dfcc
1587,2094-142345-0043,2094/142345/2094-142345-0043.flac,music/fma/music-fma-0017.wav,1900959,10.0,False,0.09065268379705557,1.0,117600,16000,b26dde19c703db7a1c45ecebe360e3662853e188c9c7b21ddd7a37b021efc0df,c5345b432e07b14f21365c16a49937f5236788bd13443a3ca53306bd95d57973
1588,7127-75947-0036,7127/75947/7127-75947-0036.flac,music/rfm/music-rfm-0026.wav,1591310,-5.0,False,0.4713864983852307,1.0,39040,16000,3bd85a88f7b30139645d8636b4087b1a4e4cc6eb3580fbebfe588a83c19dea13,5417e4e0b77e6df27a472dffd4e7cc67946d9d61c32f82c11ab01c3554f1d42b
1589,61-70968-0000,61/70968/61-70968-0000.flac,music/hd-classical/music-hd-0002.wav,3521094,0.0,False,0.2853224071794051,1.0,78480,16000,3f53c11bcec66e60659c3e53015f4f914d79b04eba0770347e644a4776fbe633,6f45501a3942628ecf56eb1f8b4d06c500e6bdb439d5a54536dbe67ced78af0d
1590,1089-134691-0013,1089/134691/1089-134691-0013.flac,music/fma-western-art/music-fma-wa-0061.wav,1799838,5.0,False,0.23500010933184598,1.0,261280,16000,fccb8dd12f6aa93d3b199bd8a0369955b9028877cf48f189aff0b68593c860d2,cd6dbac9df90284565a089acbd8429e077902feb9b44b4264c3367fa3a24f589
1591,672-122797-0002,672/122797/672-122797-0002.flac,music/fma-western-art/music-fma-wa-0040.wav,2702009,10.0,False,0.4541300790634022,1.0,217920,16000,3e95e4607124f527a68a0ec2a6c6464f91923a9458b2bf256425d9c5ba4baace,20689f84ffb651baf9ed9b07e75c95228e66609106d2523089b72c333e90157c
1592,5142-33396-0008,5142/33396/5142-33396-0008.flac,music/fma-western-art/music-fma-wa-0060.wav,5065252,-5.0,False,0.34541666954286515,1.0,33760,16000,b4230f71b80b78ffe8f5a912482478d2ca657f5da6f626a30c165c5c425359fb,d47f0660c45cf32a646cbf86a5344a38174abc062f30c90f1c4ae84a1a9f9ffc
1593,2094-142345-0053,2094/142345/2094-142345-0053.flac,music/fma/music-fma-0087.wav,1608742,0.0,False,0.25830924077139483,1.0,54320,16000,791faf1a11c8222f3fd729bb25b7ac7b6b9a2c48217da91b4073b0e624f5edc4,f9ca9398312b0a85deebd0b834aa836222ed97f23165ebdb1cc1538e2f8578e1
1594,1320-122612-0012,1320/122612/1320-122612-0012.flac,music/fma/music-fma-0005.wav,1552009,5.0,False,0.11075389601886072,1.0,167840,16000,cd1ee8a2102b85cd3963e43fe2ef3a2b3e0885d34d8c78b34c411152b70423ff,864404fdd0abf7f8e78cab10e250e9003c034439a06e2df4e6d46da3951864e0
1595,1284-1181-0007,1284/1181/1284-1181-0007.flac,music/fma-western-art/music-fma-wa-0047.wav,3224191,10.0,False,0.5339637745796744,1.0,64640,16000,3f401585d2ec42c28b584ef5862ba53d5b1f84c9b0f698ec675d76cc399faf2d,0cf9369f92f9876aed4679049cdb6f558eebec7ab3b7a6a78ad9d904547194e9
1596,2830-3980-0065,2830/3980/2830-3980-0065.flac,music/hd-classical/music-hd-0019.wav,672190,-5.0,False,0.8358272511361463,1.0,104240,16000,32948eaca1284ab0e318bfa1649dd67f7fb33b327908238e3d469fd6139af1dc,825ae6374a99543c45bf30ecc433de8d277928548bd7f7acda2e4f09cb5aec58
1597,6829-68771-0006,6829/68771/6829-68771-0006.flac,music/hd-classical/music-hd-0064.wav,3768450,0.0,False,0.6571124588586557,1.0,94720,16000,532013801f82c12b32a584cbf2c3b70b6333ad96c851c3adfeeaaf5c79b675e3,df0ed7cc5dbea51291bacaaef012463ca43e54660f23c078c71de2f624c7ecb1
1598,3729-6852-0038,3729/6852/3729-6852-0038.flac,music/fma/music-fma-0002.wav,3093606,5.0,False,0.07298469015701833,1.0,92320,16000,dd7203126b405fd8bccff7cc240cbfaf51898b0d2c50a5c530b3242601b2dc74,a78b687442554ee6e7666310f7ae43f2d7b5c65943f0e15ec47863783f44b918
1599,8555-284447-0013,8555/284447/8555-284447-0013.flac,music/jamendo/music-jamendo-0175.wav,848603,10.0,False,0.0675770400127274,1.0,144640,16000,9af6e3b4e7d37277a0fda918f9da001a4a5d46a6ec22c6df9c297ebf0ef376b2,c2038dc531d11e61adb3eeb6a9f8baf023b722dfb05051fe2dfb06354ba964ef
1600,121-127105-0003,121/127105/121-127105-0003.flac,music/fma-western-art/music-fma-wa-0034.wav,964656,-5.0,False,2.901528724712893,1.0,123600,16000,e3995791ad856d0f5b37d87b5d26d4a93bba7302ca15593f9bc4da9394396e3e,3a8d68e70e8d665a7bf81b813bd5b66e9f232c531b92d25632b35f53fcfe53b8
1601,1580-141084-0027,1580/141084/1580-141084-0027.flac,music/fma/music-fma-0026.wav,2315695,0.0,False,0.10385520781997698,1.0,53760,16000,a14c931098b064e969da2087c287f0111a867a7a8a44a1e87dd59339c408e5b2,8f0f4e395328c0bc84c3725be295c958a6b46c311595ba186b3ee28b0523da64
1602,4507-16021-0001,4507/16021/4507-16021-0001.flac,music/jamendo/music-jamendo-0085.wav,531101,5.0,False,0.07806254706748024,1.0,181120,16000,0e7429aeeeab6e9d56c71161236eba720f2608481738da17ede1aa10c9504197,31b97d53b7d1d656b10224e069428f0e0d5567572ea5878c48c191b5cfd4711f
1603,6930-76324-0002,6930/76324/6930-76324-0002.flac,music/jamendo/music-jamendo-0045.wav,379336,10.0,False,0.04505744280563019,1.0,88960,16000,f90e2dcc1a49b2177fbe1381ced13201ecc2b0f5dbd86efc21cf5a172c0f81d6,9c48b58e8305cf7f9fc77fca0fe54378503a005135cfbf729a0aceb28f81d1e5
1604,4446-2271-0019,4446/2271/4446-2271-0019.flac,music/rfm/music-rfm-0064.wav,2308062,-5.0,False,0.4616383790333324,1.0,61200,16000,a1498109259409d5e337c77d5f1544dd506877e5b1be7421012b38b7684e9d78,ca492cd4d8b49bac83068aec7ab019ca31e32f6c3acfb9675e5135e932bfabdb
1605,8555-284447-0011,8555/284447/8555-284447-0011.flac,music/hd-classical/music-hd-0054.wav,698884,0.0,False,0.5189521559029076,1.0,31280,16000,8532e1bb06d6973ade600f851ab3da3db437419f3e3b236d30e27fb16ebe109d,19518b16ea012db3c4d4bbf50b08a9d7b1dbf6ec137afb715d95ae02db0ea53f
1606,6829-68769-0011,6829/68769/6829-68769-0011.flac,music/fma-western-art/music-fma-wa-0033.wav,1783019,5.0,False,0.504910014632473,1.0,74960,16000,05214bb8f254fce9d308885c64b8f6d38f1714e295171fd08be39aa2ea756ee7,efa2721acb68968b67e72e57a806dc52617733699b2014eed78888230ed5ce63
1607,121-121726-0006,121/121726/121-121726-0006.flac,music/rfm/music-rfm-0005.wav,1079752,10.0,False,0.13302005946343573,1.0,62320,16000,af8d05690b77825f9e05904dc0fef3fe13c8a3c48a8601cae07c64cb7c3d48e3,92e20f78f43cfca5916124adb500ba4b3139646e9e7162daafd924d0f16518c0
1608,672-122797-0006,672/122797/672-122797-0006.flac,music/rfm/music-rfm-0142.wav,531764,-5.0,False,0.2643994225056242,1.0,223200,16000,a9340331a302009860a667c4bba2316045d955a969b57ed7b9c3bf5f21bab0fe,d5a3477d370a9dd03e34abc4cb84c5204d0a587a4bd56a03b4772c879b4fc3ef
1609,2830-3980-0066,2830/3980/2830-3980-0066.flac,music/jamendo/music-jamendo-0008.wav,4148487,0.0,False,0.461777010700112,1.0,97360,16000,67d023ff575d141f6f341f63fd334306728fa8ce48be125916f559259bb4da8d,57681c834d651dfa55c9765fa597622b029e717cdb94e87db790f2725c7ec143
1610,7729-102255-0001,7729/102255/7729-102255-0001.flac,music/rfm/music-rfm-0126.wav,2056916,5.0,False,2.9390510599704776,1.0,55200,16000,a4e032b319a4ac5933a29a090ad23431f334528564eb381017da2692e56ec45f,9b61942763148254e0a144677dccd5da4eb59108949aa53fd82c4046419e82e4
1611,2961-961-0015,2961/961/2961-961-0015.flac,music/rfm/music-rfm-0077.wav,166534,10.0,False,0.13240157901738786,1.0,109040,16000,60748c17f909a23386a1ceeed626dcced0b4df735e21c7bf943540050d5b3745,697deaac77e0babb5eb5b856e772ff80bae6201940a8530173863b4331215686
1612,1089-134691-0014,1089/134691/1089-134691-0014.flac,music/rfm/music-rfm-0014.wav,2662523,-5.0,False,0.41218047205574815,1.0,76080,16000,f0d6588290b0212c009a95e98b237198b0696bbc8708557846f05079291c6cdf,c95ca1f077510cb9aeceb1addbb52cfc145a288e2ac1386fc5335c6e0baf531a
1613,2300-131720-0036,2300/131720/2300-131720-0036.flac,music/fma/music-fma-0077.wav,2781735,0.0,False,0.31070576543148976,1.0,113360,16000,c948ab41b37c9fe131759fbacc78da0b344a39d85668685a019bd3405daa87f7,1bb4d1d6ef17de5cf90f6e41f82600e4c532b9b0c05a643995d05e826b5a68a2
1614,7176-92135-0031,7176/92135/7176-92135-0031.flac,music/rfm/music-rfm-0015.wav,662051,5.0,False,0.19706453139770164,1.0,154240,16000,179ae7e0054f668f7c79ddf5ff205c05115954e1d2b11a1ee116a308ee214392,542b48b0f7e2a437f84d85ad16b28b600b42dc7aa5f3989d2ae9f442dfa8f0e8
1615,61-70968-0010,61/70968/61-70968-0010.flac,music/fma/music-fma-0026.wav,726453,10.0,False,0.042307593063293215,1.0,132720,16000,1e7dadf546cc01ce15394a155ba2f2fadd17c9dfba4a951fd24b366d1b7009d5,7cb151f3dcc238573db74fa5c8a63d18ae63a62bb55cf6ba6509703f2d070f14
1616,2830-3980-0001,2830/3980/2830-3980-0001.flac,music/rfm/music-rfm-0008.wav,1971666,-5.0,False,1.5257269147156942,0.8348552656300845,63120,16000,f0affb3c119a18a8bc0e3c0e2e8e0ab9ca42748fa106e1acdab0defd5cd1bc70,893f330219e35dda48e3f8db308996fec31a92dd96e756e0fe0e883303f4af63
1617,908-157963-0030,908/157963/908-157963-0030.flac,music/rfm/music-rfm-0053.wav,4750127,0.0,False,0.5244461127679915,1.0,72320,16000,5874329c8becd4ea3d4232de18b19ed4211bf6bb9bbe3877885a3b1fe8fe8717,66434225ffe7a22c2fb8df85cf0b354ac6f3cdf2703876f804b90677316b6581
1618,8463-294825-0014,8463/294825/8463-294825-0014.flac,music/rfm/music-rfm-0008.wav,1889994,5.0,False,0.13185180030339635,1.0,38640,16000,327ee97f3679966b6796e43f1e0101b501053a67b3efce2d2c208a2553fe613d,61f09bfc8406e20bcf652a2f92e03225a1c1618b01a7f55f95e2d8944521dc4d
1619,5683-32865-0001,5683/32865/5683-32865-0001.flac,music/jamendo/music-jamendo-0098.wav,2261886,10.0,False,0.055419582623220415,1.0,41280,16000,c65f9ff8ef583be0abc4d6609aa68331e7c5c3df9d16ee547ed49bc475f0e253,d39dd3dc8279de8bbd0be8ac71e31f20ad1d28564204a32c3baa579025fface3
1620,121-123859-0002,121/123859/121-123859-0002.flac,music/fma/music-fma-0072.wav,37318,-5.0,False,0.6105079578101814,0.8550202509138625,480640,16000,3f71e65829331ad0143728e16116a477587f929005e2ddaa9a7e7f6c6be3d414,74cfd15ab633c9889cbb1af7860b095efba523063776bf9227a5ddb65cc0f285
1621,1995-1837-0002,1995/1837/1995-1837-0002.flac,music/jamendo/music-jamendo-0189.wav,5371752,0.0,False,0.7370770595039413,1.0,44640,16000,5651ad407cf81aeb49ca16115f80e4cecb2afc2f7ad1bc68fc129cb57e4c33eb,17fa256fa8bd44335605a46de2aea22d713d7740db90ba240e60c44f0822b388
1622,7127-75946-0016,7127/75946/7127-75946-0016.flac,music/jamendo/music-jamendo-0123.wav,2150870,5.0,False,0.19602010522246943,1.0,179360,16000,d93d6c5771e1bf6621a5f47d8c0681cc2ca9c564a18793288c13ff09b3444a32,c8b6445b98e7cf2e59ddf863a4e59636cc67e6d7fb3e4c6b2bec096a223cf5d1
1623,2961-960-0007,2961/960/2961-960-0007.flac,music/jamendo/music-jamendo-0191.wav,1097213,10.0,False,0.08395077704488006,1.0,122240,16000,852fcb3df9db2ae2d7adc25528fb6c2cf9033380ef73b31707b6d405ef5cf4f3,24de9003710abaf9140dc429fa701cff80d42fb6ba11a540a112529f9113af65
1624,5683-32865-0012,5683/32865/5683-32865-0012.flac,music/rfm/music-rfm-0091.wav,511221,-5.0,False,0.25203448114271815,1.0,344160,16000,46bf5fdbef5f56975cb6ac042efe3a559250dae206ce37840824ceeb5c2a7618,2c86f819a61702693be6137a52458e97c6ad8265cc7a3719c96a7d3e6ea4370e
1625,8555-292519-0008,8555/292519/8555-292519-0008.flac,music/jamendo/music-jamendo-0112.wav,1780010,0.0,False,0.17701097496911095,1.0,96400,16000,38a09620c1b41cefa0d7b3832e72436640aeb5fc32744b9c04111fc8f2932f3e,7aa1c8b1b3741cfc6b103064a2218d2edecaafb848e461190304421f81eadf35
1626,1284-134647-0006,1284/134647/1284-134647-0006.flac,music/jamendo/music-jamendo-0208.wav,831905,5.0,False,0.205184705956976,1.0,162480,16000,14e833c260fb7cd6abde605fb7751d19d15b5d51079b8a8fab400c077fcb9038,259372446152405b98a00b135e3a12bea0f825f61c52a00ab9a86a004fd6a787
1627,1995-1837-0019,1995/1837/1995-1837-0019.flac,music/fma/music-fma-0037.wav,3278790,10.0,False,0.175376393837201,1.0,86080,16000,557f2ba92490b355059730acb89ae06d3ab37485496930d648536c97a92b2e4b,4972904cb7079ebc3fb07fc1f2845d4828002f47d0830edd1ac9d5adfab0b9ed
1628,3575-170457-0049,3575/170457/3575-170457-0049.flac,music/fma/music-fma-0124.wav,2276158,-5.0,False,0.3757988822364319,1.0,43440,16000,65825771974c4da36a99e59ec738bf8bd082747d12489694d4fba00c785a4242,06c5943f0ab830a0aa2dc070b998ca83870b71a4d6c886048c20e2d4b8d7e0b2
1629,6930-76324-0005,6930/76324/6930-76324-0005.flac,music/fma/music-fma-0054.wav,284303,0.0,False,0.27783721232920444,1.0,80560,16000,e4fae11ead32d4d2fdf297b589313812c31992eed041ddc1b74bc555e307d53f,6461e86cdc45ca80574dd3647fe5e1fe21fe33a71ebacffc34072cde67d9eea0
1630,1284-1181-0010,1284/1181/1284-1181-0010.flac,music/fma/music-fma-0070.wav,2030779,5.0,False,0.17909364892215016,1.0,102960,16000,6b766ca7edaffd4d11c126fd6924203e84a79cb01a80563622fff12ed4598556,5827751d7eecef91396b4368a6f0ad96f8147434f6f5e3ffd9dab0a0ffbdb00c
1631,2094-142345-0001,2094/142345/2094-142345-0001.flac,music/jamendo/music-jamendo-0191.wav,2225358,10.0,False,0.2795399582818258,0.925397217631296,128480,16000,e0c7f5f9f8bf53a6bbb9389a32f72d493623c2818df2416e2365ce8fd33a3c72,c1da1192b92626665d62593abba727fbad4fdd88cdfe33c2ce2a8be7bd7e2bf8
1632,8463-294825-0018,8463/294825/8463-294825-0018.flac,music/fma-western-art/music-fma-wa-0031.wav,1120414,-5.0,False,1.0898738599809208,1.0,46960,16000,49ecdbd3f2e630749305b22de30c108cfef20267adea6a65d967c43b9339f8c6,fd3f8e760c3140dad866981ec3c0e23d996de4b5773852f4631b04e38c47a9f6
1633,1089-134691-0008,1089/134691/1089-134691-0008.flac,music/jamendo/music-jamendo-0133.wav,1946305,0.0,False,0.6675011719604663,1.0,239760,16000,778baf03478f6331b71e0cdd1336ec041cbaa2bc754f364a50349c79f413f60c,6345061705d1514dfc1ad94d87776fefd6b331aeeb96b3827c635cec7bc85cbf
1634,8463-294828-0001,8463/294828/8463-294828-0001.flac,music/rfm/music-rfm-0000.wav,2556477,5.0,False,0.14976505719936511,1.0,147040,16000,31a676ee6db22d1830c93881577b543958cc2247621bfbaa95a7b3c593ddb771,c3078dd496ed78020f8a8d39cac763edd5671de736843f648cb4252b161d9716
1635,5639-40744-0034,5639/40744/5639-40744-0034.flac,music/rfm/music-rfm-0070.wav,1457699,10.0,False,0.08207442224126511,1.0,208880,16000,c41a7a51646d57477cbee3a841b380773f30f10b155effa40d3104973d588fcb,4196c606fd1b6f2a37784e52729bcd731393ecc98b010cd22e63e62a3cab6cb8
1636,260-123286-0026,260/123286/260-123286-0026.flac,music/fma/music-fma-0054.wav,894429,-5.0,False,0.7842267780066338,1.0,111040,16000,058bf1874e7095c522caabf8abb50235c36a9723a1d878ff55a93453c71e6510,e04f93e2105b0f270c558173b0849cb91949e0e7ce2972d3ea993c6be0c3890a
1637,237-134500-0011,237/134500/237-134500-0011.flac,music/rfm/music-rfm-0008.wav,2283203,0.0,False,0.5528374196358864,0.9936323941946474,53600,16000,39edd2eafababbebf3bf33d11b30a7166910f091826342027d3764fc48490152,e20b8bd04505f71c7a4d9f570e0beecfe1980e2af3a636bed85d3c8f732b5a34
1638,4507-16021-0054,4507/16021/4507-16021-0054.flac,music/fma/music-fma-0089.wav,2517931,5.0,False,0.11998133553736512,1.0,69040,16000,2bc05d1dc16582343958d8a114bf6d850692bfd5cd7f62758a8c072574190703,d4d1ebdd009ab3ed3fc1c11ff759d512c35ecd6114f4061e6568471492811392
1639,4446-2275-0037,4446/2275/4446-2275-0037.flac,music/rfm/music-rfm-0050.wav,2112392,10.0,False,0.22321523989507855,1.0,33440,16000,89875874d8a7ca49714e8328bb490e1ab9ad588b23955c0578ddff31133ca1fb,5cf68cdf8594ae8f783ffd397f50e058ce018d1b6bdc2c604787ec1989bdb973
1640,8555-292519-0013,8555/292519/8555-292519-0013.flac,music/fma/music-fma-0059.wav,1877772,-5.0,False,0.42479895937750917,1.0,66960,16000,454929ea7e31c7ec2924eb6de191c6a25fc1e58caf8a820d168f5486e854b1ec,cb1666fc0a0e1b073132e5e1a9f317e869c40aea947c31ed4127a500ae95a0a5
1641,8230-279154-0025,8230/279154/8230-279154-0025.flac,music/jamendo/music-jamendo-0121.wav,4228120,0.0,False,0.7410127235215709,1.0,348480,16000,d5571f8f4f01f985c0e940bfcb3249ba6d9ebd856d573ce4d722320d450f57d1,09a177f3573e8693dfdd47dd026fd01b0d612166f717c0f4b19d57d076916b3e
1642,8230-279154-0020,8230/279154/8230-279154-0020.flac,music/fma/music-fma-0036.wav,924378,5.0,False,0.3257843056234829,1.0,125360,16000,079be9f35d0786283f743e37c6bcbeb910a3a0a4d2c3af112b586a88c6bafb75,fa68dbdf44fe389406f4497c99d3efbc7215b2dc7211121f3245a503de863d2c
1643,8463-294828-0027,8463/294828/8463-294828-0027.flac,music/jamendo/music-jamendo-0028.wav,2840582,10.0,False,0.04834501823037071,1.0,95680,16000,2bad6092bab08db5450ce1f27f780a772b46c2af5b14e3b949057d67c7264588,6542ec754421737302ced791b56d3187b0205632a4649af55dee2ebf619b8431
1644,2830-3980-0067,2830/3980/2830-3980-0067.flac,music/jamendo/music-jamendo-0134.wav,1402574,-5.0,False,1.0159146563458938,1.0,130080,16000,2e90b1fef42184793fa953744b64f08ce51311ecae10e90ebf86e5e736992971,ebf6b25feef9f39b464b5b75191577b70f9a9497dab79b1540710c47ab30a99e
1645,1580-141083-0025,1580/141083/1580-141083-0025.flac,music/fma/music-fma-0010.wav,1712710,0.0,False,0.3482550292845612,1.0,62480,16000,62a0e95681a0690095e6f211af7df53397c301f95d8d39507f740a9159e1a38c,ddc70521a92764f0005569062075c64280dcc5c02f5826e10659954d48e8405e
1646,6930-81414-0016,6930/81414/6930-81414-0016.flac,music/jamendo/music-jamendo-0005.wav,1505584,5.0,False,0.15644243781571668,1.0,34560,16000,105d97d7b955355c2c2529f8ee8a8646cb428c13acacb5505b618bf6da208f6e,b389ddbb9d7b7d7cacefaffe371e6e904aa50be6b2d2d55ecd056c41c4195b15
1647,8555-284447-0012,8555/284447/8555-284447-0012.flac,music/rfm/music-rfm-0011.wav,569598,10.0,False,0.037341826824161393,1.0,36400,16000,4ef562dd3e54dc2c5c1c488fab24586134f649406651d3f66e7cf8742898c3e2,dc6f306ea9f3afdf6c5c62bbf086fddbc6968a7a6bc08a9fadda5833bf4231a5
1648,3575-170457-0045,3575/170457/3575-170457-0045.flac,music/rfm/music-rfm-0137.wav,1676176,-5.0,False,0.6613476184249372,1.0,104320,16000,6e44eb42609d5ae37edbb149b23ea3533f69bb85c0ff7dd8465b3639e1356601,7af2c504d0dec49da303b5c9502bdabe85d5b5ce90527a401a630a563b410075
1649,4992-41806-0004,4992/41806/4992-41806-0004.flac,music/fma-western-art/music-fma-wa-0000.wav,367506,0.0,False,0.4636187545293633,1.0,59200,16000,8c9225913617a95b5bbea7f78d1ae5ecc1ef103d9024f2fd1315f64f46753853,5ebf38cf387a5cc4aa76776f5bf0ed795666b8ea1cea58069fb9f4880db25cb2
1650,4446-2271-0012,4446/2271/4446-2271-0012.flac,music/hd-classical/music-hd-0035.wav,498790,5.0,False,1.0746637040579585,1.0,60480,16000,76488bcda20d8e73770a16146bf019e7855a3815c15d2f3584be4259e2901a01,66e6523c6a365835dacec643ff933e030e115f4f032eedd76e9f18f9ad290395
1651,7127-75946-0020,7127/75946/7127-75946-0020.flac,music/fma/music-fma-0099.wav,457969,10.0,False,0.08135188906593581,1.0,104320,16000,84b011241f2069f390908473bca010bfdf48b532d2565bc4fdafab956414b7a5,e80a6e433d5d14e26cd6d2ee0d3bf62aa166fa6c7266e5a31378b9031c5383d0
1652,4446-2275-0007,4446/2275/4446-2275-0007.flac,music/rfm/music-rfm-0019.wav,3089502,-5.0,False,3.4996508828327393,1.0,143600,16000,2d8b472083d480a0ef73ca158b3c78b719335d19f7b3814ad422c9af4b47c996,461304b68d5f5fea53c7f99103d1c31f9e436a13702fe7e35b6227df3c2c4f4d
1653,6829-68771-0032,6829/68771/6829-68771-0032.flac,music/jamendo/music-jamendo-0194.wav,1074877,0.0,False,0.18493411665601373,1.0,104880,16000,4c841c840962ffa7e277c94283b049e176d0340776bfb6e320995aba990cf32f,33dffbf5fe9a44d984016f941c87f0b50ae2428f8e2a1e29c0220eaeced3a91b
1654,4446-2275-0017,4446/2275/4446-2275-0017.flac,music/jamendo/music-jamendo-0183.wav,1634474,5.0,False,0.4338975068020678,1.0,39600,16000,2bb2c8651eac8e232e4f20466d511fc969adb6c3c868118c36a18b735fc15075,8e04e0cba035d9680c8ff05f02762fbc9d1d1eda34cf6132e1fea6810f4fb196
1655,6930-75918-0009,6930/75918/6930-75918-0009.flac,music/fma-western-art/music-fma-wa-0058.wav,1057464,10.0,False,0.07295712134977932,1.0,116480,16000,0db8cfc26adedbb02e1b9606ae5e24500697fee0a1f4e11fe49db83c3a3c10e6,ce02a6637532bccc901166d2df678c5e72482808be40c8077b4d90ec18543410
1656,2830-3980-0040,2830/3980/2830-3980-0040.flac,music/jamendo/music-jamendo-0201.wav,3496342,-5.0,False,0.7968028838148183,1.0,41920,16000,9e2ba9a4712acdc23868384c4b9eb4e690a57ac586fb3f950018d1d7784f0933,03837cf015b53c92793de4ee0c7ddf067910ceca45097123027822e033883adf
1657,61-70970-0023,61/70970/61-70970-0023.flac,music/jamendo/music-jamendo-0013.wav,2983454,0.0,False,0.19437339346056434,1.0,59280,16000,7ca3d21a962cf9e0931ad4c667ca5f5c052df8dc6d2fc04152a910f7b2b83fef,a5d3e8589f141c2a7772cb549e1bfeca7b7f36308f11210d230b0f86500608a4
1658,1580-141084-0031,1580/141084/1580-141084-0031.flac,music/rfm/music-rfm-0103.wav,873100,5.0,False,0.0824914721039226,1.0,103520,16000,65d60152869650ca0af1f64feef9fe9877815a06a94b39c9d6708a8be9e05e06,4f045abe7ed249a69e59e8cdbcab262b3c7e28a3893b37b3b279255eb3a3ed3a
1659,7021-85628-0013,7021/85628/7021-85628-0013.flac,music/hd-classical/music-hd-0031.wav,1719575,10.0,False,0.12917049287777102,1.0,194080,16000,7c8047472c2aa4e57251f4cbdafb2b492bdcc4904460c93c523dc5ae2e694133,c0c0f8bde38ba10910fbb08888b9ae77116933cd28420765025c73e587be4216
1660,1221-135767-0024,1221/135767/1221-135767-0024.flac,music/fma-western-art/music-fma-wa-0040.wav,2181677,-5.0,False,1.305304781559099,1.0,93600,16000,f3f8e071fa2cab328ca05951acd967d3ecb68a4efc30d5bbfc47a248a7d8aba6,e8c7859071153b2aa407e2db1d6cc8d69418d6cf8d5e2d918eaee35781ce304f
1661,1320-122617-0026,1320/122617/1320-122617-0026.flac,music/jamendo/music-jamendo-0202.wav,2936958,0.0,False,0.7597001958315642,1.0,83600,16000,406596f00efb7d67968949590dacb102d59978f6f9a2939f308e6ff416456c57,911f327efd15f9b97d62ce5d5081345d41c0a4039df96de9148363f750014d86
1662,8455-210777-0003,8455/210777/8455-210777-0003.flac,music/fma/music-fma-0127.wav,2660042,5.0,False,0.3905062221797844,1.0,171520,16000,bc0f691a3ff3a87f578b7ee0a24fdf8f9ede42c05e28ed385abf424cba365f59,7f7e9c6b218a793656560a45c489f23621fd0d1f40755d481a9ddd42c25faa17
1663,2961-960-0012,2961/960/2961-960-0012.flac,music/rfm/music-rfm-0146.wav,157214,10.0,False,0.09292946029980735,1.0,110240,16000,c4fd0f3992f50c96317955ec56c678267f844489c1240e6ea2f2e6b3832d0b7d,72a40f1d8465844c4ce71c18f3a7444a8d09a0bbc1eaabab3c3a5a6e410801bd
1664,4507-16021-0027,4507/16021/4507-16021-0027.flac,music/fma/music-fma-0016.wav,638565,-5.0,False,0.7794120749739641,1.0,31920,16000,425a34d03970c3aeb7f32eed44a169d9236b42ff6b5f19f38048d866d3b1b109,f9f99c29502043661b524bf25f258aa7921a07d03d336bc7fcba6af486673871
1665,4507-16021-0022,4507/16021/4507-16021-0022.flac,music/jamendo/music-jamendo-0019.wav,2668100,0.0,False,0.13618557662328956,1.0,99200,16000,3bc53603f989a5208ee936ad03127cc03a347841c200f00bc0133587155f76fb,4a4c9c4a44f2d9c74b2b218826bc18fca9b8f8fecd4c7885adaeb87797dd619e
1666,8224-274381-0015,8224/274381/8224-274381-0015.flac,music/jamendo/music-jamendo-0122.wav,2148707,5.0,False,0.488334962247434,1.0,202480,16000,5053345ab1a72be7dcb793192beb67cc258fd984c646fa6f0735443d3f34e03e,c80eb994499f1b378ce3d0638ad47e94bc2a4a506a6e6f53234f281ea7a60275
1667,3575-170457-0000,3575/170457/3575-170457-0000.flac,music/fma-western-art/music-fma-wa-0058.wav,1161223,10.0,False,0.10539482774872504,1.0,131680,16000,6aaf21d7747b079cb4f860823e2a9f4b09809474dd7f32754c9bf91a2313d72b,ab08bda3cc2f5e0f36ed9504a6f11a5860869e8396f6cb52926d13c48cead034
1668,6930-76324-0013,6930/76324/6930-76324-0013.flac,music/fma/music-fma-0057.wav,2188710,-5.0,False,0.31119411500081545,1.0,68880,16000,ea04063165b09ca861eed37399787e58a34325bb9f552d07ae265b30b5e212b3,4b7e9c2fb11518378fde8300b5780f88859b7fe9c7ae934677e5fc3a4857dd52
1669,4992-41806-0007,4992/41806/4992-41806-0007.flac,music/fma/music-fma-0028.wav,3354913,0.0,False,0.30876842698841483,1.0,182640,16000,34d67733bfb980f0feacac6e3921455d4a94ff0b3832ea8ec3139bb9ebd4fe84,80dc4cc0d0b1440684ec97b149250988f453e8f9a77b417b2da8aa4b453ec11d
1670,3570-5695-0015,3570/5695/3570-5695-0015.flac,music/fma/music-fma-0071.wav,3156897,5.0,False,0.14851645151579065,1.0,127200,16000,c85242f5c3cd368f0266fd18cf0b489164b42a0f4e0deb1f9a3058154134c41a,b7c3897f8f646905923536c68a7a5cc11fd6795da0b682979163835a5d9edc82
1671,3729-6852-0037,3729/6852/3729-6852-0037.flac,music/jamendo/music-jamendo-0089.wav,1845198,10.0,False,0.07737554887622371,1.0,94240,16000,acca4cc117a3d1a004f5ce60538f7853ea2a678e73bba256f13b5117f29425ad,81ed40da1fd163faf5ab6e5bacf55da4423fa11a717550968cb8ed73ef452505
1672,4992-41806-0006,4992/41806/4992-41806-0006.flac,music/fma/music-fma-0116.wav,117812,-5.0,False,0.3640369773196969,1.0,165920,16000,9d83f020e87702864e8a67164841469c58cfda1fb51d83bea4a02f40d89d50d7,8501285202203390cbde2fbadf041f938e5c2882f4be309deb110814a4f36562
1673,260-123286-0027,260/123286/260-123286-0027.flac,music/fma/music-fma-0119.wav,1705775,0.0,False,0.4819908904445835,1.0,114720,16000,ee955187a0f4d57ab98fcf13ea27ffbf625286b5c0a24db2777a4f0cd097eefa,850888e48929ba14fe10b7d044317b27f73c2bf4740c73dd065054a5be69ad7b
1674,1320-122617-0033,1320/122617/1320-122617-0033.flac,music/jamendo/music-jamendo-0121.wav,1636780,5.0,False,0.33243621977211496,1.0,176720,16000,1720918f619838a9f5c2a68c84ffee84cda03fb691ae82bc269208b2681048ea,29129b3fad2148e2737287ba3c2efe53f404190d10f6387bd758af1b6dd3e557
1675,1580-141083-0051,1580/141083/1580-141083-0051.flac,music/jamendo/music-jamendo-0164.wav,2079576,10.0,False,0.023125614473748474,1.0,31680,16000,39de32493799e10c819e6fd6d297eaf1437a5653829b5e3d5da7831ec26eafe1,7feac2ae4748dc8f19fef0085322623d72a19070cd69be84d812645d8f01dd06
1676,3729-6852-0010,3729/6852/3729-6852-0010.flac,music/rfm/music-rfm-0108.wav,3295307,-5.0,False,0.2102182066363128,1.0,44080,16000,7ad1f7666042f1b7fd7e5f54bcaf2b5d4115f50d522627c699006270b9379bd1,fff44c1a15a6ec39e3fd0e071ba14cd1120dc956b8fb6b9870bccf2d21ecdd0d
1677,1320-122617-0001,1320/122617/1320-122617-0001.flac,music/rfm/music-rfm-0107.wav,249531,0.0,False,0.3949776537174793,1.0,224880,16000,023d6521b81b241a18803df3fafff83926b819a8297871a51694a9a6b7c30c06,a599ad61488f0adf4f9f9070689832fa93442c438b5e87b24a9eddf78e4020e9
1678,7021-85628-0002,7021/85628/7021-85628-0002.flac,music/jamendo/music-jamendo-0125.wav,643263,5.0,False,0.36893565488379004,1.0,103280,16000,f41fb6a07744f2dc0e8ea16ec1ee8ae5b263e53f0ecaba016b1576175f0d2c70,431dd11f3794f298539bd7f7abedd736de2cb3fa94e6d96d3e74754a83e173cf
1679,672-122797-0025,672/122797/672-122797-0025.flac,music/fma-western-art/music-fma-wa-0062.wav,3959518,10.0,False,0.14080459567323603,1.0,171040,16000,b2fda65142f4c78cfb27adbdbf1c838248eb27bc06c7e1ffd7dc85bb7eb74771,a823e803a2af07185b57c3ee8d72fcf7fadc0318d3eaa6f718a8f5f7ba5c31ac
1680,1320-122617-0037,1320/122617/1320-122617-0037.flac,music/jamendo/music-jamendo-0131.wav,2575,-5.0,False,1.733078965905031,0.889568543203201,114880,16000,7fa9725ffacb5044ab18fdd2d7f93fa985c5f2146a28c7b3067ffa559f6d858f,7de9a6ea066683ccc186aec1c867bf838fd788d252708dc37af4eb07f017d57c
1681,1995-1826-0003,1995/1826/1995-1826-0003.flac,music/rfm/music-rfm-0112.wav,589225,0.0,False,0.30666108326019564,1.0,49440,16000,0776d9e199cee1db52d27753930e451111174c5367a70e6543f3d111db9895eb,9b3ef01bcba55a773b74290896949f502f5f48dd899fdac4783ccdf2937eb9be
1682,5683-32866-0018,5683/32866/5683-32866-0018.flac,music/fma/music-fma-0100.wav,410526,5.0,False,0.264884297827999,1.0,87280,16000,7e538d83880ef6d5e234aea8ed95300aee0d0f40d00c11fce1c35e12b8130a1b,0ab784ebc31eb579e59dc5265fa4073cb4e8c5e1cb70274af62857f040458326
1683,4992-41797-0018,4992/41797/4992-41797-0018.flac,music/fma-western-art/music-fma-wa-0064.wav,2803264,10.0,False,0.1644274282219549,1.0,146480,16000,f18a403454286af04cb70993dd3fcb52750a631a37de74bc23a19f2a4fe42257,80961cf3c270be6717f01731b9bdde5a7a0780636f19b44bda88b92ec3b19681
1684,908-31957-0004,908/31957/908-31957-0004.flac,music/rfm/music-rfm-0036.wav,564433,-5.0,False,1.2535589343664324,0.7761607328025107,236080,16000,8548f704eecd276b0b8a4c9d46ba39559fde9d1f8d4331aa9515d83c3fd49132,90341331dd30089bcd172911184baf49b4931643aa741c4fead38c2683879233
1685,2961-961-0005,2961/961/2961-961-0005.flac,music/fma-western-art/music-fma-wa-0049.wav,1291317,0.0,False,3.124199559403216,1.0,60400,16000,3bd775bb253534db1427c19cfaadd18a7c9ceb9974d12fe5ea7f7243d849b581,e08531556a619b274fb7e849b2eadcc2700c8181e64710309c7fbe8ec9bbc2b6
1686,1995-1826-0023,1995/1826/1995-1826-0023.flac,music/jamendo/music-jamendo-0088.wav,2154521,5.0,False,0.2243692053315341,1.0,130240,16000,b50457043a45419744b7d3287bda7c1732cc7fb341aa3524c69344e544df11a3,4c2cb81138bf5c9e0e7d40950d221a49194c2808cad52ace7b5f2bc8304e7000
1687,8455-210777-0063,8455/210777/8455-210777-0063.flac,music/jamendo/music-jamendo-0011.wav,2792801,10.0,False,0.12066334342106214,1.0,36160,16000,703b6e66af8074b17ffffafe4c706b88521988bd286cce37c4c6edd1116dc3e4,4a5c547bcb3602ccc06e69e491f0285bebffe008c8fc9b0c3f550ea295dc72be
1688,7176-92135-0004,7176/92135/7176-92135-0004.flac,music/jamendo/music-jamendo-0142.wav,922675,-5.0,False,0.5097415072050162,1.0,38800,16000,5fab70742b5e83af4d95c88ba84d45103018f831bce1447cc7ebf4b801ef9515,4f4f9c1413d67d9a5774d9aca2078489ae680194ec54a8ecbaef66d2b07f6014
1689,6829-68771-0009,6829/68771/6829-68771-0009.flac,music/fma/music-fma-0081.wav,1805535,0.0,False,0.28510262972481953,1.0,209840,16000,2e955b1eaec9ab9c8aa4f69257a580f1ef5456d48053992ffebede36a52149b9,a76d8c3326c29485336399c1ce28dbde2f1c38daee109cb1b945e937b97a3623
1690,1580-141083-0024,1580/141083/1580-141083-0024.flac,music/hd-classical/music-hd-0071.wav,86087,5.0,False,0.7422779412461392,1.0,71680,16000,69e50c5bd571e73e2d7383c758c66d2cf7e22299f94f8c1af747ea338a6ac2af,731e8fd899f6ad6bbea3d0942a2308da49ff01610343a0632bdd3b6b78cf318b
1691,61-70968-0050,61/70968/61-70968-0050.flac,music/fma/music-fma-0057.wav,1510901,10.0,False,0.05908678633292358,1.0,89280,16000,847f20ecfbd7e24f565d21ed9e419dad341ad89919cb5e670d7315de1c2b1a4b,81a8a7e552b138c4ebe6798723d09f9b2deaf3c26e08042ac3d6d088590af877
1692,7176-92135-0001,7176/92135/7176-92135-0001.flac,music/rfm/music-rfm-0001.wav,1846809,-5.0,False,0.84255403073349,0.9515160742283009,120960,16000,3f3cf290fb4dbfa3dd11f461382b1609cb878e278f15a4c55767c54a67d30c6c,59c62a85628dfef8475b3dfa33f92d5b232e486747766071079a3204e344baad
1693,1221-135767-0008,1221/135767/1221-135767-0008.flac,music/hd-classical/music-hd-0025.wav,5708090,0.0,False,0.7046848058248149,1.0,49520,16000,af849950ed1d7d2bf9c2bb10060fffdf37979eea5bd619bd0450ffe560618e1a,fc022bc04c96f14ae39ba6067e2d7bc673d2422d2a27646122bc929e5c0560fb
1694,1995-1836-0013,1995/1836/1995-1836-0013.flac,music/fma/music-fma-0011.wav,577368,5.0,False,0.26619439137185724,1.0,84800,16000,b092b7620effca07dcc241f5dd111466ec19333ecb4a45641d860c7f103c0e4e,0a30d8ba7507499465f13307de8ab004ea51c00d0af58c7a5f4323d124ca75a3
1695,2961-960-0006,2961/960/2961-960-0006.flac,music/jamendo/music-jamendo-0019.wav,5152141,10.0,False,0.06268355082684055,1.0,251600,16000,5d03c6620b8cc21d02dc674215e4d05d2a593eb397c7b82c8594d5502e129fc1,6d968c4805ce8c82e65aab7d2f94b7d5455c8b13ad7daf8ba7f17b063ad27fa5
1696,3570-5695-0009,3570/5695/3570-5695-0009.flac,music/rfm/music-rfm-0142.wav,606441,-5.0,False,0.3861295255997191,1.0,80400,16000,7d7d7ebe34456eae5a2ce4bf0982662c1aee5601247ba591e5e60761b8591146,df312047e706981e199047a5433d0e62e44fc20525e1e34ef30293975412787a
1697,1089-134686-0008,1089/134686/1089-134686-0008.flac,music/jamendo/music-jamendo-0216.wav,1016767,0.0,False,0.5759288367036294,1.0,107680,16000,c6d413fe63540a24110a8dd2db4502d41cf55112767dc2338cb4234cc8c09777,afa4f0236a217c1cef2333a9c894f18a2e4611ae6880d7c8069e8e9e626d942a
1698,1284-1180-0010,1284/1180/1284-1180-0010.flac,music/rfm/music-rfm-0087.wav,1024159,5.0,False,0.1815631548299295,1.0,138160,16000,390c72acd186c5b26bb219480ee137cef8e2e8de0c5d926a2ec5785195b1af91,43cf3587cfc3e6fd0962380bc854c83dd795547df073f30525ba1d952f14afcc
1699,5142-33396-0066,5142/33396/5142-33396-0066.flac,music/hd-classical/music-hd-0020.wav,2649640,10.0,False,0.19057270024903267,1.0,35440,16000,b3b03b61bcea0ae8906a9912c33ee652b92728c9c7cafa6db592df76f1111483,3e29f604963a9dc2b7b28cce885cadb0d3d9afb24bc10d49ece644c12f416633
1700,4970-29095-0023,4970/29095/4970-29095-0023.flac,music/fma/music-fma-0109.wav,2654435,-5.0,False,0.35940498809427057,1.0,62480,16000,57ce0e9f2e101ed6f4a4198cbecdc51631fdaf1e63f3740241df4dab6dff21aa,b89b1c6024baa9bc2a8de55c976733386e63e75699bb135170a99fcd328b66bc
1701,2830-3980-0060,2830/3980/2830-3980-0060.flac,music/fma/music-fma-0074.wav,1455605,0.0,False,0.25527284400901523,1.0,42800,16000,2bf4109a6c86a42a471671bc7d9775875df57304ccdb76ae732bd771fd01e90a,31466076d240cc3aee2a9675cfd03e7c74795a1d3689d93c8f52c3322f02ba46
1702,1995-1837-0027,1995/1837/1995-1837-0027.flac,music/rfm/music-rfm-0127.wav,1945830,5.0,False,0.17915856987677553,1.0,107280,16000,7859b7f93ff57fa60df9f0eabc3f8a4aa8605fbf69f9118fc55f16f76ada4f8e,b17e4342da7ddbb9ecfa8aef1d508e4614fc12c683980c196a45e73819221422
1703,4970-29093-0022,4970/29093/4970-29093-0022.flac,music/fma-western-art/music-fma-wa-0034.wav,9932886,10.0,False,0.18412274462882416,1.0,99520,16000,7f734a9f4f0603e0be48aac72bb1865ad80021c74441f52902ae7d4e7e81d72b,ddc0a8ee213fb3d0f38be285f10a733946b85c7b4885cce6d5f44f7ac0129606
1704,1580-141084-0004,1580/141084/1580-141084-0004.flac,music/jamendo/music-jamendo-0049.wav,4843964,-5.0,False,0.5334160812222369,1.0,144080,16000,4044a6f2d77229048bb0d53d589e1436711ec58e84817f414fd868d2760bdaac,bee4b290ef61311110f1bbbc6e9ca7ee9023f8451c45a4f381fdc32d73a1aed6
1705,6829-68769-0042,6829/68769/6829-68769-0042.flac,music/hd-classical/music-hd-0006.wav,952106,0.0,False,1.1060825234495524,1.0,34800,16000,ce9f0b146ddfadc3462363d9b55de7723c148454c9b452ea796bfcfacbc4f9af,12d0dc1303d8058811780e0414c730fd1e2fe4b8e08d9d47cb6c852338b55532
1706,237-126133-0017,237/126133/237-126133-0017.flac,music/jamendo/music-jamendo-0213.wav,2497630,5.0,False,0.16770073391833581,1.0,99360,16000,206a3c55f8cb30df1fffe5615811f69ce997323ad5fae64df4a512bcdb3083e3,4286561b1ff2923945d120e4a7812bfb694a3fd5d557c9523ae2cb7647b42fde
1707,5142-36377-0021,5142/36377/5142-36377-0021.flac,music/jamendo/music-jamendo-0198.wav,1234597,10.0,False,0.051977604007730535,1.0,301920,16000,c9e091d0a8337613fb88b3b22b795037cb252874654b55ab7342d826321627ff,863308df80594915bd699a9b7d0bc45bce4a0019b97ed0c428a5b54623476af6
1708,6829-68769-0033,6829/68769/6829-68769-0033.flac,music/hd-classical/music-hd-0009.wav,2614062,-5.0,False,1.4340063664661706,1.0,64320,16000,037fc130be391f53db3dc0c8e5c06b02e32d8fecef40b7f6f862bccb176c51f1,c053ae35c4d66436b11eb1c46cec40213314ab73062304c2d48d8bbce40d53dd
1709,260-123440-0008,260/123440/260-123440-0008.flac,music/rfm/music-rfm-0085.wav,2151776,0.0,False,0.3295611121633088,1.0,59920,16000,10f640e520467f755652127b1334352c2641ceed95ef72dddd9f354c86e4765f,48ce4cf54850090978cec6400bcdae932f36dd8a618f7551867dfc4e649258ec
1710,8555-284447-0004,8555/284447/8555-284447-0004.flac,music/jamendo/music-jamendo-0167.wav,459454,5.0,False,0.10167215964564652,1.0,87760,16000,31902a05e7292b20ef3571f9bf0961f292d18266e4592ce6acc7967a3479d7cd,c834e00212c66a85f7b24b478168ea9b1620c28e496d70adf22512c4b91b29e2
1711,5683-32865-0009,5683/32865/5683-32865-0009.flac,music/jamendo/music-jamendo-0119.wav,2484152,10.0,False,0.04530945646510894,1.0,158240,16000,186441d98597eeae436a03e498330036a6113796a25727ca2dd0007a8c83b7fc,3e7342d9fb0023878e33b5968202e715404e73a613b578d8527b829a480e63c5
1712,4446-2275-0030,4446/2275/4446-2275-0030.flac,music/hd-classical/music-hd-0006.wav,1873245,-5.0,False,0.660774931676173,1.0,42640,16000,bbdc2cf236c4bfce8211d16fab51fd5f249fbdf384ed526e4ec6a90e8cf335ad,62604e13181a8d8c92f3aa2440d3a8813b02d54d31a1f1c093e3fb37d2c516c5
1713,8463-294825-0017,8463/294825/8463-294825-0017.flac,music/fma-western-art/music-fma-wa-0002.wav,194361,0.0,False,0.46066655347887325,1.0,37600,16000,5527844208115afddbeb52044c8420e943aed9a58235dfa109c98abcd5275a23,827cd7f8386f60c8e3fee1f23b1dc2bd55a3d2f4dbafec5f579903e9c8585e5f
1714,3570-5694-0015,3570/5694/3570-5694-0015.flac,music/jamendo/music-jamendo-0072.wav,1397269,5.0,False,0.2481253761850398,1.0,134960,16000,016df6c88136c33191ade1b6234f2b016e68f20188ca66344495ff07d564bb4b,084de7e7448b0da273b9cdf9b3ffffe66e54438727dcc427f3650135959e62d4
1715,7127-75946-0000,7127/75946/7127-75946-0000.flac,music/fma/music-fma-0067.wav,1911630,10.0,False,0.05249434576188618,1.0,311600,16000,1b97e3b68ca29019cc99f21139884de139ecfc4d9c67742ff25e7e625712d6aa,7059aa14d9e80cbd14369fdc9ec027caa3f175c2fd1233d595a4d1d8a679e3e7
1716,5639-40744-0000,5639/40744/5639-40744-0000.flac,music/rfm/music-rfm-0132.wav,1437499,-5.0,False,0.44474566235463003,1.0,252320,16000,8069fd8ee2a120f435d682a8e27a9435fa6b80122b5d8843779178d19a3c1c2a,e50f0af64a73f97f8a15e6575fd624a9175bf7aa72de3e51fab8d1b639b5342a
1717,1320-122617-0012,1320/122617/1320-122617-0012.flac,music/fma/music-fma-0042.wav,617996,0.0,False,0.33864039963639087,1.0,121440,16000,74b45a2b8d480a5b4a5eaf3ce32229d23cd5c2f76853b63956299ae270f3d712,c354df8624fb13787ef0bf81bd88cb488c89b74a2c5a3c788fb46ad202c2b8ad
1718,8555-292519-0000,8555/292519/8555-292519-0000.flac,music/jamendo/music-jamendo-0012.wav,2407960,5.0,False,0.24201847879193816,1.0,238400,16000,b2038488305f87a7b5f001c3ca2f90b4d9c6f82f1d927f8a08c0b9d698f31a12,8b284bc95a55ce0024222f0188a8c1edb4651e08d37f46e651b54562a2112e82
1719,3570-5694-0002,3570/5694/3570-5694-0002.flac,music/fma/music-fma-0097.wav,999348,10.0,False,0.07284169464021054,1.0,169840,16000,117d7d989a2544ffc1a3c48191195123c1d4b62dae305adaf6853e52233762c7,cfeb8f6c20fd781d332abd6ff080d2dd252c77a9a9077de3e2bf4203fca0aa75
1720,5683-32866-0024,5683/32866/5683-32866-0024.flac,music/jamendo/music-jamendo-0127.wav,540507,-5.0,False,0.36526277175886523,1.0,157680,16000,7012971dbc28f6a61ae0982aabfd1bab43c654fdf8c50f32c99088cd25560190,74d8e386a0084ba6c446eb90495f38842233cfc3488fe9c5c702845f3a7593b5
1721,7021-85628-0004,7021/85628/7021-85628-0004.flac,music/fma/music-fma-0014.wav,689342,0.0,False,0.23484958304535306,1.0,44880,16000,e798c14b9b40f0880f3903320912755a1a97b133404b2825de1fd87047b19f0b,c6e9faedd8038a53f8a9802cab5e622d3ea3e37765634f7d27040bdc8d713747
1722,1089-134686-0025,1089/134686/1089-134686-0025.flac,music/hd-classical/music-hd-0062.wav,2172786,5.0,False,0.1727088200623969,1.0,105760,16000,08844bfb979ce8240f332032a4b86bed89703dcdb0379087e9747db278eb60dd,af41ab339df9bbd4569bdb7c70468e9082c46d7e96e2585cbde3a23a4e3e3436
1723,1221-135767-0007,1221/135767/1221-135767-0007.flac,music/fma/music-fma-0035.wav,1682173,10.0,False,0.06718629108959195,1.0,204320,16000,5cdb226228206d75ed6aa2370c4f7e450b9a091926c280502d59be2fcd84abc1,ec5357684be5381092291b85033796a65829403c49c44e126a8e630b034a2f58
1724,260-123288-0015,260/123288/260-123288-0015.flac,music/fma-western-art/music-fma-wa-0082.wav,2278317,-5.0,False,13.51068826660631,1.0,338960,16000,8a67bf793c94becc57b63a0d4ef980e27126a5eb6ea39b1a355ab4db5654d843,672f60a5d365eb3e7d6e55834beec1767db585d072b38b8d9b6b0b9f9c5fa4d5
1725,5683-32879-0002,5683/32879/5683-32879-0002.flac,music/fma/music-fma-0092.wav,906923,0.0,False,0.15216677402297094,1.0,177360,16000,2e06cf60152fef05e33f42efe7c00941f7cdb5b50f1fce3d804c6636e0889c47,176616204cf1f7cc0465ab8d8f5fb4056112cc1fe9c615f88d8f83752dfd6bde
1726,4507-16021-0039,4507/16021/4507-16021-0039.flac,music/fma/music-fma-0000.wav,4398045,5.0,False,0.0900107822873889,1.0,246720,16000,27aacd15c373de0d88b19ad548969536ed709cabe0430422cf1165f702b887e6,e25e5ea6b67000aaf1b0c150a3213f0c497500649e74005262a3e03692374442
1727,6829-68771-0014,6829/68771/6829-68771-0014.flac,music/jamendo/music-jamendo-0005.wav,79459,10.0,False,0.07795118864468108,1.0,76320,16000,ef9457a4189cbef0c4a4e8df7a03ddedee72c754aa597f218d4ce4d6319616e2,db7dd484028e0471ace1f2151898623645a1bd176a8940ce3627edc63f99a1dd
1728,6829-68769-0001,6829/68769/6829-68769-0001.flac,music/rfm/music-rfm-0027.wav,3182243,-5.0,False,0.3870714018248853,1.0,149040,16000,0bb7033061ee0cc46bdaad1bd658f09128b167b209d12196dcecc7ced8fd7c14,f78a4fb8f40bf799422d87da52a0eea721e7aa7f2d61fc9e0235c60483d6f72c
1729,8230-279154-0012,8230/279154/8230-279154-0012.flac,music/fma/music-fma-0002.wav,2633963,0.0,False,0.1941306813972511,1.0,58240,16000,0a9e22c43c384cbf0e13c19d03033db1360772d36ba3455a5b299da239cbafb6,e1a955777f269795081b5ae479ed17cee5e62fc8d24f8464e6703252f7c8d587
1730,260-123286-0010,260/123286/260-123286-0010.flac,music/jamendo/music-jamendo-0106.wav,1595778,5.0,False,0.14460781092944597,1.0,41200,16000,ccb4c13958b751e62518cd2a6c4e4c8471bab269e31ce08d974c589bb9a2f631,667e599b684ad1b74c22ee2017f747f0478221c349d0ca85bbf5c0ca51c1dd20
1731,1284-1180-0031,1284/1180/1284-1180-0031.flac,music/rfm/music-rfm-0120.wav,1362280,10.0,False,0.12602002922854233,1.0,77200,16000,db64bd0909af2af062b2e292f2c8ad3e87d8afc1d7a7c2b026ecc9b71d950810,ba35313f6c07d091623bb6ee34b6ffca9f4dcdf4a5b4fd9b21868ac7a5f0304a
1732,61-70970-0010,61/70970/61-70970-0010.flac,music/fma/music-fma-0086.wav,4483424,-5.0,False,2.0259054859155277,0.9287095045892981,48720,16000,8c41ef8cf84bc0361178822867a4a71273136be0e34746a7fe419554a7512ac6,0ed63f9845d53067e5a12bda17e91c8d7424636521d321dc76b73666ac6874db
1733,3575-170457-0012,3575/170457/3575-170457-0012.flac,music/fma-western-art/music-fma-wa-0048.wav,3851667,0.0,False,13.145857270989815,1.0,93601,16000,49425bd3c769c312a9ba9eefe9800b6a016f32a8217cc690061524f50a2f6a85,c0b94777ae2daa689343eb33d3705866dbf812c0ecefd8bcae261ffb09416b7c
1734,2094-142345-0004,2094/142345/2094-142345-0004.flac,music/fma-western-art/music-fma-wa-0089.wav,7554,5.0,False,1.0610375922563364,0.9505046793750517,42240,16000,25e68b0807ab7e76975912920aed00569ce85a1abc964e771a32a750f8221dd8,d7ed8b6593130f956b1991976c0de149af075bf523a7dcf2207b7bf0d9b049b8
1735,5142-33396-0048,5142/33396/5142-33396-0048.flac,music/hd-classical/music-hd-0063.wav,4256097,10.0,False,0.6316893415473679,1.0,63360,16000,ec7d4da84eb2040ccc05e77ae6f3a07a1d04595fdeb621ab2e4b3c40b98fda88,62a19020fa1201c76f568d0640c9c604f071e8a49bea2c9833ee2e593ed4a836
1736,2830-3980-0052,2830/3980/2830-3980-0052.flac,music/fma/music-fma-0098.wav,2584859,-5.0,False,0.8117912904662755,1.0,78080,16000,141a36896122e41077ff5779d611f64a6debba1982fe8cb323f73ac67a4bd473,57a298b540aa5cac35726e173b31bd4ff0fadbbd8c50171153dd4463e98501c2
1737,2300-131720-0014,2300/131720/2300-131720-0014.flac,music/hd-classical/music-hd-0051.wav,2986336,0.0,False,0.3817699494412582,1.0,60000,16000,7cf0b059946d66d3644af061770a75af9332f5a0660394fc03b5540db1bf8e18,fedfeb32ce6373ab47cac3217e575b3648c2522e523dd183a428503d517d7107
1738,5142-36377-0008,5142/36377/5142-36377-0008.flac,music/hd-classical/music-hd-0054.wav,1265376,5.0,False,0.3280872894341668,1.0,246800,16000,3ce2f904a67ce8404720c9d7c7b770885b30896dc63c0483216a076a195ff60b,7bbef92c637f43ff7d26df810b9e3225d026b18cdd5d8278f3a61df4ab9f8eef
1739,8463-294828-0024,8463/294828/8463-294828-0024.flac,music/jamendo/music-jamendo-0170.wav,749561,10.0,False,0.08715182566786904,1.0,31600,16000,fb28a87f1bc9555f26ca76deee14a5ea4700e46ef027cce23336bf8d88cfa485,1ad4780c6fc04032f24ea60c8a2ac09e5a65c273d8fb05b298e6a81eddc26896
1740,4970-29095-0035,4970/29095/4970-29095-0035.flac,music/jamendo/music-jamendo-0145.wav,131235,-5.0,False,0.8704292838783635,1.0,76000,16000,ecc999fa6e77aed5951d7ad25cf90daef501d24a171c386c88857a7866231504,9b90d7e004cc2b3302e83ef70ea3ed27abfdead8af6cc3d2e1c69bf58268324d
1741,2961-960-0008,2961/960/2961-960-0008.flac,music/fma-western-art/music-fma-wa-0091.wav,1804504,0.0,False,0.25955992948235673,1.0,247280,16000,575094a6efcf3dceef23d8f4abbfc5ff410eb1229aef392fb16ad89b83f6baca,fe60a039b42bb0c2731350295d7a38e3237c5c36d4b824400f2d782fc05a0ae2
1742,1188-133604-0040,1188/133604/1188-133604-0040.flac,music/rfm/music-rfm-0024.wav,1691474,5.0,False,0.3222955580514402,1.0,51680,16000,c49880d34175f8cd226a4b3a37054dceaae7362cf652fe51dcf3290d8f17ea60,4e27e42a37467887cca9924b320ddb831c3f27997c8b60d34972c93f79e3eed6
1743,2961-960-0017,2961/960/2961-960-0017.flac,music/jamendo/music-jamendo-0098.wav,1986467,10.0,False,0.06997343229615216,1.0,125920,16000,6abf206d08ce9b9faac24068b6d48759254ef5494c50b28425088f25750b3b8b,feca0cb267a25007459cd3e938dfb06e2c5e6444d590db608e66ac4880d07339
1744,5142-33396-0011,5142/33396/5142-33396-0011.flac,music/hd-classical/music-hd-0004.wav,1106683,-5.0,False,0.4806566384039897,1.0,56320,16000,a1d006a0d09fb4948b67a547f95d7f7fbdf018b26d51e9aed6d5039e46e113c1,d15eeba32f83c77663619c3671d737f962f890d25bbdbbc3cf4d4241c2703016
1745,1188-133604-0019,1188/133604/1188-133604-0019.flac,music/jamendo/music-jamendo-0096.wav,3237389,0.0,False,0.5436373472982309,1.0,222880,16000,92a4061d72f31c62d7d99814205b340735a6f3172ac1877c9a28628be123b1c7,c0919b86c0b6ca72b092ef7b051d7879088e32bf146b02bbdbd79af9147d6079
1746,237-134500-0006,237/134500/237-134500-0006.flac,music/fma-western-art/music-fma-wa-0023.wav,2057356,5.0,False,0.6541417441787307,1.0,67600,16000,7f3034a82c1d5cf447b7eb8c7a6925dcbe06081b2ea13c26798e68321ba64b7a,4874a9f52faabac2f0dbbf3d66464da5284bf1b787abe031d3a175a618a168be
1747,61-70970-0020,61/70970/61-70970-0020.flac,music/rfm/music-rfm-0133.wav,2266870,10.0,False,0.09776854772459734,1.0,80400,16000,e0fe7c04f7bd26e6b98c331709b02045c1df007d461ad0cbc23fec3632a39c98,736b0fd3d39f963b66bbdf77f0797a649bf6228a04372bf160421392ce04ffe7
1748,260-123288-0020,260/123288/260-123288-0020.flac,music/rfm/music-rfm-0048.wav,1028692,-5.0,False,0.9225775771469068,1.0,46400,16000,35457eb31b72f2a8d368263a32dac63873a0d8d8ced6149b241287db3539c09b,923cd6dcbb3270400f18a1d8a512fff5c0ab915b36b98477ba88b2a742ddc7dc
1749,2094-142345-0025,2094/142345/2094-142345-0025.flac,music/fma-western-art/music-fma-wa-0085.wav,1480659,0.0,False,1.1131744752356907,0.9342165682134796,57520,16000,02e87bc44cc7ce51b7670935122eb68c4051ef186501b61d1502652d2b50ac39,6dc599598071b8b521fcdf3d056f3fd997a8afbb8d2928f7489347042c0e6c2c
1750,61-70968-0046,61/70968/61-70968-0046.flac,music/rfm/music-rfm-0075.wav,3109191,5.0,False,0.19642777420881186,1.0,56800,16000,2f8d9401c832ca20fad55ef6f8934596c3746576f4077d0f24a9dd0d8921ba44,9689cf984359f5424f4d24ec2dc2c3cbd41b3fc31a8bf4f4cc9fcd65ba476cc5
1751,5683-32879-0019,5683/32879/5683-32879-0019.flac,music/rfm/music-rfm-0036.wav,3528686,10.0,False,0.23486287501605166,1.0,101600,16000,531afa4bd87f05f709a74f3fda6d5755ad321ddf803f70cddadc1cd2a287f505,32d7a2bc3633faa33dd797b25d551323681cd2121feedd8c58716cf45c9c1b4b
1752,2830-3980-0029,2830/3980/2830-3980-0029.flac,music/jamendo/music-jamendo-0113.wav,3442609,-5.0,False,0.715121887857734,1.0,145200,16000,3f42631e744e27cc7facdaaeee971166937882ddc9fd8193ef8d9c93ea2000c5,8a3786dfedb32fcfb4c42ffbafa997381413f206d0bba8f2a2136dd187592dff
1753,7176-92135-0027,7176/92135/7176-92135-0027.flac,music/fma/music-fma-0124.wav,929016,0.0,False,2.00044289052133,1.0,45360,16000,1d7885011bd76e69ca510cec91441f17450892c6172e53df42a19dd5f06441d4,a740b34b94225516cc5201e71fbe38457b946e3fdb7909f35910254f05539ce2
1754,2830-3980-0068,2830/3980/2830-3980-0068.flac,music/jamendo/music-jamendo-0176.wav,2480581,5.0,False,0.10282363224639438,1.0,80000,16000,4f0f9ae9846ae6c04c588980bc1bfcaa7fdef9310625c80494bd0ee2fb59edc1,f5bfd50a8e29cf1eea937dac8bb514e98aa1f799a4c981b3d04bde5eafa488c3
1755,8455-210777-0069,8455/210777/8455-210777-0069.flac,music/jamendo/music-jamendo-0033.wav,2973297,10.0,False,0.09339068460718915,1.0,142640,16000,d7e93f95ad7682fd739edd5f87ced26438307742294e59281b0eb0c590472be1,60423ed21c21c0c5c16d2a0d7f2169f3c4835de3b2b76ae3ffb607615c098853
1756,1089-134691-0000,1089/134691/1089-134691-0000.flac,music/jamendo/music-jamendo-0035.wav,804176,-5.0,False,0.30003962401712836,1.0,33360,16000,455936e30f7106ce792fe867cb1868e210cbe7eb87d7531d6b731da0f3fc9f19,b39e0887f9d55bd68749105851800f066248b1ac9b4439ce6c268f8b2daa3154
1757,61-70968-0014,61/70968/61-70968-0014.flac,music/jamendo/music-jamendo-0046.wav,2387849,0.0,False,0.16782912209336376,1.0,119760,16000,663af9404ce03c9df89ddf341636eb4790a8fa3f78fa2646b7ac26ccd018f611,0fb816dfab0f42791c699185550fd2909eb8219def73fc5414a3ad6a20becab1
1758,4446-2275-0028,4446/2275/4446-2275-0028.flac,music/rfm/music-rfm-0131.wav,181131,5.0,False,0.23938243609211987,1.0,57200,16000,efb4f5ee23b7e5c6843687dbfdc45d066af8b3066950ac7cb5bc3a5422f62ad0,7a79e4a30dc23fb7fd2e278597dba979b90073f06347042980d2ff4e8cb0bc53
1759,3575-170457-0006,3575/170457/3575-170457-0006.flac,music/jamendo/music-jamendo-0201.wav,3344207,10.0,False,0.15623041190684783,1.0,132800,16000,8a1270fa5fcda9dd5cc24b70d81d6434f1f0657639368996f5ebd07d51e0172b,679df50421af664182b3ee7513527958c15aec965db042425421deb2e495f8ee
1760,260-123440-0010,260/123440/260-123440-0010.flac,music/jamendo/music-jamendo-0082.wav,2976565,-5.0,False,3.093120058138151,0.8156199164455106,133040,16000,ecce9475511d58414e5d82686fa00c915bf91bdd396c5626cbe7ceb9d2ef6337,a67f06bb08ca95b25ce0a36692a2c1e6b5ee250cdf51e983c90ac673ed5484ac
1761,5683-32879-0014,5683/32879/5683-32879-0014.flac,music/rfm/music-rfm-0001.wav,842335,0.0,False,0.41033030401999304,1.0,134480,16000,4547f95dbea689491f6875d6bea3b03c67b5c1526286019f7dd56c4d1f2155ff,a961cb063c28774191023d73e3ff581556c892dd92ff63cfb41952732bf7f43a
1762,5142-33396-0047,5142/33396/5142-33396-0047.flac,music/fma/music-fma-0106.wav,1475989,5.0,False,0.08226874909085595,1.0,40560,16000,8bb182ff9528ad6f58664e459b4104f757853449b5bc257377734d1a971b6746,8e5693aa7e636ddc99cc49865c3ca07a3d655bf7cd5d8330e4cef84d3492b435
1763,5105-28241-0006,5105/28241/5105-28241-0006.flac,music/fma-western-art/music-fma-wa-0057.wav,4258720,10.0,False,0.06146280248276675,1.0,120800,16000,610c5a227e4aee6edf7087bef31930afa1772ab613ad227bd7ab5df886b25130,35a786695c0af015d6697584f0ea99cfed15e9f38d81934f62a47d564b6191d7
1764,1188-133604-0037,1188/133604/1188-133604-0037.flac,music/rfm/music-rfm-0054.wav,3536155,-5.0,False,0.5820634644036988,1.0,232160,16000,910b76052ad7291df7c404bd9eba4d2a80d4a90b4b997cdf175d4e8e020c0bbc,5fecb878039db9f3ac5b946903cfda15199d3099636ccbbcebfabcc5d154e42c
1765,3729-6852-0023,3729/6852/3729-6852-0023.flac,music/hd-classical/music-hd-0011.wav,1493127,0.0,False,0.6686600313905348,1.0,130960,16000,8b565f967e0a9cad1b8cdd556bc6cc1cf94194e20935f62c2a5729071a5ac7f8,421c599e1edb1fe7b89c4fb2eef0b3a632d6e5223ab241308dbc77b16962d413
1766,1320-122617-0034,1320/122617/1320-122617-0034.flac,music/hd-classical/music-hd-0074.wav,2089342,5.0,False,0.33131008269389567,1.0,151760,16000,2c9e8de51864cf8945f69a82ef37fd80f4062b2d65d444ecb9cddd527de70e54,b6ef797d2027c5dfb406a0a5095d5b4e4b49d1b42f3f7596459e33abb322e87d
1767,7729-102255-0003,7729/102255/7729-102255-0003.flac,music/jamendo/music-jamendo-0196.wav,719051,10.0,False,0.07556168002530064,1.0,316881,16000,148f7303b43862f7c1de3989055042d7feab3ae73c8040503338777f3ad9f454,6c981ee37f3a6dc3a72a9d1b9b7be4d2564a6b4d577ca0ef5229279e5dfc442e
1768,8555-292519-0003,8555/292519/8555-292519-0003.flac,music/fma-western-art/music-fma-wa-0067.wav,682956,-5.0,False,0.9816708500611018,1.0,233280,16000,69458a3cf9373b18d31bf665dccb4aab404d43dc699efdc1196728167b151486,69c8be7206c53460c702dcb1db3a8a4148b874001afa42e58303bb15d76fecd4
1769,7127-75946-0002,7127/75946/7127-75946-0002.flac,music/rfm/music-rfm-0033.wav,852282,0.0,False,0.386174154809186,1.0,211040,16000,04e919954274246d3af5964e1b885b278b214f49d99747b7a0f60b90b2d1ee1c,541166d6e47781bfd3c0226b0c911fda635b1cc5a33f5e7e55e8b0fd6494d5ec
1770,237-126133-0019,237/126133/237-126133-0019.flac,music/jamendo/music-jamendo-0051.wav,1498045,5.0,False,0.16438974993880043,1.0,113920,16000,4d68284a55e84501f90a25c426c3c334069ea13c1f54d96df85c977e08b6951f,be9d1b2c9403fcd5f1a2d7f02f558ef6e4eb216bfe986c166149a08b7c88fdf7
1771,7176-88083-0015,7176/88083/7176-88083-0015.flac,music/hd-classical/music-hd-0019.wav,1769169,10.0,False,0.3869330836593693,1.0,37360,16000,e4e87a144f27080e57a68031ece8acd6c4e72efea5dbdfdab9ba645c864db5fa,0c2841db11efc26cf964aaca14cff23948a0e1c767cac5a421343fe6a888f253
1772,1580-141083-0008,1580/141083/1580-141083-0008.flac,music/fma/music-fma-0010.wav,436553,-5.0,False,0.7608081351426919,1.0,68880,16000,1ce77b59d43100337a67552398629b187c82ae7425992a0443ecf7e6675c06cb,ea4d6ccdf3617ed3dd7f474dc8f4d0d646aecc8cf2fe8a5f02e1e26b4ba8e0c8
1773,6930-76324-0011,6930/76324/6930-76324-0011.flac,music/fma-western-art/music-fma-wa-0066.wav,35427,0.0,False,0.2325602698538189,1.0,147840,16000,990d8b365dfec5b6025fce8549bdf7f8abe28f917f219269bd889ba47b451c2e,6579ca4cb496e40825bebf9e7a1ae40f3aa73ab7e57b9619f3e20581ce18b3a8
1774,8555-284447-0018,8555/284447/8555-284447-0018.flac,music/jamendo/music-jamendo-0129.wav,1432749,5.0,False,0.11685914129395145,1.0,87360,16000,4d0957c0e90f9a79ba6e202d825d25eaac7a9eb4d406bbdc7177f96e1deda7cc,e1fba6b90a0c73a28c6cce5d8d5407a17dd6edcb7dba5a73332fb6d4fb942449
1775,4507-16021-0041,4507/16021/4507-16021-0041.flac,music/hd-classical/music-hd-0064.wav,1318085,10.0,False,0.12095033451012112,1.0,47600,16000,52157a92b889095efec4282d26d0a2c407eba7bc21ed1087a7543b330251beb9,0839717cd7d2a1266ff26b9d2077f7b7c14c0115f26a4ec2a0262f7e761d8a17
1776,5142-33396-0032,5142/33396/5142-33396-0032.flac,music/fma/music-fma-0032.wav,1857897,-5.0,False,0.4336926768084053,1.0,156560,16000,84fbaec3be008edc7447824fb461a583a20248b3afbf3620c80449ee4d1e279f,af80b10e2632a56aed5eca45e9be70ef3805e4d2aa28c3ade2ac4f0a7de2d7c7
1777,6829-68771-0023,6829/68771/6829-68771-0023.flac,music/rfm/music-rfm-0068.wav,1006144,0.0,False,0.39686667332595715,1.0,86800,16000,5de3261f0d2787b9bed52335a3fdd4ced3a0868f42fd509f6f6f28334ede2601,e2eabf6d597754b4edf651f7970a8b536375cb0b380fd6debd5d093dac3cd0dc
1778,5683-32866-0022,5683/32866/5683-32866-0022.flac,music/fma/music-fma-0030.wav,800940,5.0,False,0.1764268576675564,1.0,51040,16000,4a63f9317c191e351780febbd1a98f24379dc7d74348f3bfb5ca7bb51f3f6e50,c73841a6f7e1448f25ac55196337883020b5690542d306c3658bc1706a8f0d37
1779,260-123286-0025,260/123286/260-123286-0025.flac,music/jamendo/music-jamendo-0074.wav,866822,10.0,False,0.09716565926907929,1.0,147280,16000,524c5f194c7806e4d0bc595c5cab8e3c1b010227252ad14e9e58e7203b7d896b,ca48b109e6c4d1b0976794bc91ac6fdc2d74b0de443dbf55247bfcd898c1933f
1780,7176-88083-0021,7176/88083/7176-88083-0021.flac,music/jamendo/music-jamendo-0002.wav,1862982,-5.0,False,0.7812966435459379,1.0,201680,16000,06a20c25127559ee046f696497bb59d3da18b407d0620e4f076ada8fbffd6b88,03a6cb325ddd4a264a48e0e4c864759ea6b7631b9cd5e6b1b635bff76682a1e2
1781,7021-85628-0012,7021/85628/7021-85628-0012.flac,music/fma/music-fma-0107.wav,2297494,0.0,False,0.2659540769175992,1.0,85280,16000,c69733c813d46d7ffcd648b7df13ec586babb99880346b23a85c5365e24b2d75,e2109130224ac432474442717888effd053ce61b0722c8cc8e6c871f537ea5f3
1782,6930-76324-0024,6930/76324/6930-76324-0024.flac,music/jamendo/music-jamendo-0032.wav,1686718,5.0,False,0.08168597893113878,1.0,64800,16000,2c5a2b39e692e8cd64702d298eb24f512b789473228f51f78734e9a86f89cf41,ac3306240246057530e86b840baf7470156efda2bef9e0a5fa2ae6e1b6e2d6dd
1783,1995-1837-0001,1995/1837/1995-1837-0001.flac,music/jamendo/music-jamendo-0003.wav,1122598,10.0,False,0.14007463330321265,1.0,139680,16000,a4d977939c2f673b370e7dd5840118947a8ae95f6d62d3a88f32b40c0631aaee,0234bf88f612b2e1be572f34ae42069bc7cbac1df231e3b28cfa30f118adfb8b
1784,672-122797-0042,672/122797/672-122797-0042.flac,music/rfm/music-rfm-0023.wav,322731,-5.0,False,0.3000804378586314,1.0,244960,16000,7e85f4c887086eef27bc5c1994fabda01d350f6764f5bff19a6a4140243caf54,5ce99631107422bfb1c2eeaca177846bb796d9dd8018ecfaa155e745197892b3
1785,7176-92135-0040,7176/92135/7176-92135-0040.flac,music/fma/music-fma-0066.wav,1006502,0.0,False,0.2685657621436809,1.0,165520,16000,f1fff62e43bb53bf1e77fb9a9143124c32aa039057c00028ecf951a9fc8f0c60,e5d27d1b0990e9969f9da4c848d6274608f5c33e8309c5505fc3c73fc64187b7
1786,1320-122617-0028,1320/122617/1320-122617-0028.flac,music/jamendo/music-jamendo-0068.wav,1542166,5.0,False,0.16383501756035895,1.0,255920,16000,5565afb726862114d788343549de33d9ce893f6ebe18e8ec35f15b8bee1b1df0,7fdbefafe1d53889ba47a5f61f5286f2fdd0ab0e09a130b2c794cd5f15ff8cf6
1787,61-70968-0009,61/70968/61-70968-0009.flac,music/fma/music-fma-0008.wav,1976344,10.0,False,0.04614136122669344,1.0,72160,16000,07686334b7bc345a231eca201f614b4eb301ce1ef73834f4ae61296142ccddb6,caa21276bfc9499c4b5d7b56623a36233b926a39647a49fd2c954cef63698eed
1788,7021-85628-0005,7021/85628/7021-85628-0005.flac,music/rfm/music-rfm-0016.wav,1756195,-5.0,False,0.8266052445843636,1.0,80240,16000,ba83958c71b8a28cabcb9fd804a8e4a92f0b41014ccc17a70e2b08262cbefca7,351446af8d5a2f6620633699ae81c674e6c6eebaf089d080390c06a2aadcb1c5
1789,4077-13751-0006,4077/13751/4077-13751-0006.flac,music/fma-western-art/music-fma-wa-0008.wav,3212552,0.0,False,0.5978550341585965,0.9701615872538578,209040,16000,10f0656c1fb0012aba72658b8e9da448d630b0095fbfa4442b87270c85439277,319bd6637666d1b344ced3bd55483049ae99fe916996a507c3d04e6ee828f98f
1790,908-157963-0022,908/157963/908-157963-0022.flac,music/rfm/music-rfm-0004.wav,1235882,5.0,False,0.26655591843545323,1.0,73760,16000,b895270778675da0d8552efb00cc0f82bfa45e1ed16fd28e80b6af6c49df51e9,49c93b4f9bf2fdf08d90fe1a95687a100322241c8d7918d078eef0230fe65cca
1791,1089-134691-0015,1089/134691/1089-134691-0015.flac,music/jamendo/music-jamendo-0058.wav,1045436,10.0,False,0.03515115877424107,1.0,54320,16000,7b919cf72286daf56989f0d162833d9d59859cfae388936b66d6cf2d2c7e1ad1,4ccde38406f98de5860fa9a0cb6c710095abd59acff80ccb871a11e1edc85234
1792,1580-141084-0050,1580/141084/1580-141084-0050.flac,music/fma/music-fma-0036.wav,2957526,-5.0,False,0.7629201393661103,1.0,44480,16000,a78bbe71596e88d46707d714ec1b0decfd90c1bca6eaed87c06211ac19297ce2,77dee116f0c88998817f37cfbfb33cfc814f7351ea01ae90ad6a71fc8a205b32
1793,1284-1181-0019,1284/1181/1284-1181-0019.flac,music/jamendo/music-jamendo-0147.wav,1095707,0.0,False,0.4573770936525458,1.0,51200,16000,62cbde3383699a23aec23a15281c8f282b3f39c9d2860a5b3bbfd19db753ec98,af634023545936a7ac434ecac3bcea495c71d31cfc5d47b2908911062fdefa4e
1794,7021-79740-0003,7021/79740/7021-79740-0003.flac,music/jamendo/music-jamendo-0092.wav,1060635,5.0,False,0.456596027053794,1.0,79760,16000,399af7ef862186aa717503804610f22cdd95da37e9f6f7cff4bfec60818d8206,8ed4284368ba6605497874f3db772bef30fb029a8ed5710afa749465011ffa73
1795,61-70968-0023,61/70968/61-70968-0023.flac,music/fma-western-art/music-fma-wa-0075.wav,1825645,10.0,False,0.5369190841501609,1.0,80400,16000,52e72e87ce68c09af43f94cd1099021fae0781872e93e5da34f92dc5f88fd853,a35d24bf10307e7778fdd45ae63167f460da095db5345977a0c1eed2b126bbf1
1796,7729-102255-0016,7729/102255/7729-102255-0016.flac,music/jamendo/music-jamendo-0128.wav,2216370,-5.0,False,0.7765075429963267,1.0,185760,16000,d8002d096687318274891eb7cdf9cf373733b331f7bb83340445b821e7299d06,2d3a29963af985cf98e985972d5157dcb0d1028a7018aa3bbc196631e2253a9d
1797,5105-28233-0009,5105/28233/5105-28233-0009.flac,music/fma-western-art/music-fma-wa-0052.wav,3098609,0.0,False,0.42511187079889146,1.0,233520,16000,f0b0478100a7e2abdb47597f8ff13d98e3098da8512bfe89b5a2ea2bacd46118,7e0e0f9e84d2b03ebf670fe491124221752e82f97f2324a99e7aa108ab647095
1798,4992-23283-0005,4992/23283/4992-23283-0005.flac,music/hd-classical/music-hd-0044.wav,2216415,5.0,False,0.19221233898581935,1.0,171840,16000,33c99d26a96223b45de99daf38fd476ada492a1b05e13a08a70c9ff26dfcbee9,50b4c349072e04bb66e1115e461385ef51570085e4be0bb13117744f1cff43b9
1799,1221-135767-0004,1221/135767/1221-135767-0004.flac,music/jamendo/music-jamendo-0086.wav,923225,10.0,False,0.0338536510586329,1.0,305440,16000,081a8bfb3ca8aff9ac2a38d56c3980c5fab7cc1a800ef5d1d396a462590cfe97,1efdd68dc10b570ee44a244d4e7e39d3da652b0e0b753513a82def468ac4f74e
1800,4970-29095-0014,4970/29095/4970-29095-0014.flac,music/jamendo/music-jamendo-0201.wav,3138542,-5.0,False,1.2179715967619629,1.0,52160,16000,9070ccdfee77bababd144fc2a5113009e8df19fb2d6fbbcdb6d12f47e77ae5a5,f67a870808e647e08e8554a3e6be43342e3f736c0e10c65704b802b57c38276d
1801,3570-5696-0005,3570/5696/3570-5696-0005.flac,music/rfm/music-rfm-0089.wav,1707926,0.0,False,0.2910281365223096,1.0,208400,16000,f9148f18bf6e33b3cccdba52603ebbcb0881b6bf3e3f7e5132f5d5960d93c01e,7807f7e3f8def6e273105214834a1a1fa2157c6e22d37366e7dcfac2cb6ca91a
1802,8455-210777-0014,8455/210777/8455-210777-0014.flac,music/rfm/music-rfm-0038.wav,3361306,5.0,False,0.15497598999505804,1.0,65920,16000,7b90d597483daad47adbee80f9d4a2839a7e147f68f78aefb06cc102526115fe,888c52437c5e0c6921227de2e7599b132fa0cde973158bd6603bca8076955031
1803,1188-133604-0030,1188/133604/1188-133604-0030.flac,music/jamendo/music-jamendo-0185.wav,539630,10.0,False,0.12612238450362645,1.0,30640,16000,bf0a84571b50203a06af0900b0a8be0719b2d50e8801f56661d03ee0ed5956e6,8ab1704c868eb4dcf47eb92d2cbc96317f104b005b450d6df1f1eed1c613e128
1804,2300-131720-0010,2300/131720/2300-131720-0010.flac,music/fma/music-fma-0040.wav,655447,-5.0,False,1.3355688003163064,0.8048869292259239,173120,16000,18873f787e6d1f2971ba65b0ab5826a39c9208ccecc37ef409ea1e384ba375c6,cea6cb7351b93dd2be175f588d30674270cba9261e7f1eddf753579a31f93535
1805,260-123286-0018,260/123286/260-123286-0018.flac,music/rfm/music-rfm-0128.wav,145386,0.0,False,0.4199553969143603,1.0,90720,16000,85bea15eb40f06b823cc95066e3e23a53fe9f87763a9ce3713af4767c80b651d,85b157725a9634a66648eddc6b4768d91cf4fc6e95dba648a3187028b9358578
1806,5683-32866-0008,5683/32866/5683-32866-0008.flac,music/fma-western-art/music-fma-wa-0092.wav,1152486,5.0,False,0.2930423815544977,1.0,52800,16000,ab5e0680f551cc3fa088a97cb8c9bcec464a42a63f6d3ef1c574cf7ff273f70c,bc6e67dabe782b316ec2aa503cbfbdcc47d36a02287ebc38f8a31137fcce9fd0
1807,8455-210777-0019,8455/210777/8455-210777-0019.flac,music/jamendo/music-jamendo-0104.wav,268084,10.0,False,0.1913219386030198,1.0,129680,16000,7751572e187ec9fc6e795e357c123782fa4854a4205d5c3898f4b9616aa0d761,68e5da381be69398ef1a87cba7218947a2b02bb78b30ad53d0b8fdb8052cd7a2
1808,4077-13751-0012,4077/13751/4077-13751-0012.flac,music/jamendo/music-jamendo-0157.wav,3716761,-5.0,False,0.6560464249965134,0.8859202576796816,192240,16000,afb32b0d6cb0b79ce18be2ede98fba6a11588c5e525eb3ee82e6d9ee163bcabd,e1563c20da8d8a3bcf27a6e74da28d392aeddf32b562875fed8239eda1518017
1809,8463-294828-0031,8463/294828/8463-294828-0031.flac,music/jamendo/music-jamendo-0062.wav,853183,0.0,False,0.36433993908741646,1.0,124240,16000,febec77e50d409c04bcb5110966e586b62a4baa4e9ae0fe6b64c5fff210bf8d4,a4c0c8e6d3f546648988e7018d4a20411a5aefb66d14b47fbdaeddf2f5520d2e
1810,61-70968-0004,61/70968/61-70968-0004.flac,music/rfm/music-rfm-0122.wav,1269421,5.0,False,0.16495031692386386,1.0,62160,16000,94751ed39e020fab4c61c6fbdc750be55c2bea19d4e010c0ccf1fe5f1e19aedb,5b35113ab8e6996315de0ad98f1b782c438dbff54dcd893db43e572daf702cb9
1811,121-127105-0025,121/127105/121-127105-0025.flac,music/jamendo/music-jamendo-0007.wav,3050023,10.0,False,0.09756059662446503,1.0,257040,16000,22308d95a8be0eb3bb3e15322306187d43b7e7ee3f80f6e5765afc6d8d15caee,1f7a29d27e3e5c0ba7f40f540067016fbad3a1e62978973e0b7a015b2726af61
1812,3729-6852-0012,3729/6852/3729-6852-0012.flac,music/fma-western-art/music-fma-wa-0080.wav,800823,-5.0,False,0.6474809670543749,1.0,45760,16000,2329b9becc0a3439a58ac3c91c2c913bd370290fbfc482419b7b31f9e1c6f370,869c0c512242853379e4dc7c1d25e3eb0300cb3f6f730003e947125c30f2116e
1813,5683-32879-0022,5683/32879/5683-32879-0022.flac,music/fma-western-art/music-fma-wa-0037.wav,749246,0.0,False,2.849667387689674,1.0,66800,16000,27596102af4895a65a46c0541b03b760d21a0f2437020269c8ff84ccd61fe9a6,eaa958e35855914a49023dedcc92235f169946889037c42c456b7e502bc08df1
1814,5105-28233-0002,5105/28233/5105-28233-0002.flac,music/jamendo/music-jamendo-0010.wav,2590117,5.0,False,0.09059722914073208,1.0,132560,16000,97d94ff726aeca041e7503ca77c2383a78ca3094d4314796036423cacfb98087,f4233e93395a127eaf474ae48614590cb5182b2f7dc29fce5f72e7a5b1eb0a47
1815,3729-6852-0009,3729/6852/3729-6852-0009.flac,music/fma/music-fma-0075.wav,1084079,10.0,False,0.03447987033262108,1.0,292960,16000,ad3df7d9c51ff83a5a317c8f3401e5c2a9e38dbe65cf88262a6114d58ef955e1,88d49dd33cc345e91608d83b1db41f40a4054bc573484c18362851af1de33c03
1816,5142-33396-0058,5142/33396/5142-33396-0058.flac,music/fma-western-art/music-fma-wa-0071.wav,677129,-5.0,False,1.0800581559512734,1.0,51600,16000,f9dfb85d2798c8f331a1e3d0a8f9d92c7af241cade33a26d99e2c843491cc161,762f9e6a0ab4f210f0d63d9be784c9b4e9a7bd82304c4451cb34625296f275c2
1817,8455-210777-0016,8455/210777/8455-210777-0016.flac,music/fma/music-fma-0097.wav,845467,0.0,False,0.3920555694541081,1.0,259839,16000,8356736bb829d1cae96b1e081f330712ea1a6dd2adb7527832e72c960ea0d280,f66d1ffdf6205f41043d33395981bda8ace5c88ef2771fa1ee17b385dce54329
1818,8463-287645-0005,8463/287645/8463-287645-0005.flac,music/rfm/music-rfm-0014.wav,1281234,5.0,False,0.15912824568646383,1.0,255600,16000,91a62ccb00253765c36338a36ac0e5d2c9a221f3c9d2492b7d11a6f5b2691cc4,526d848ee854f2071543073087f2783bade556b2e25a08d82d276f249dc8f062
1819,6930-81414-0023,6930/81414/6930-81414-0023.flac,music/jamendo/music-jamendo-0171.wav,503242,10.0,False,0.05633150714501283,1.0,78160,16000,17e6a770eb898b763fde07b1861d967454dc9b9ff3ab2bc0b1a7c95d7eb454f0,9b5d3455e667a15205c963b0fdbb93ce9073905410704fc90a9ec83f10b4ca23
1820,7127-75947-0016,7127/75947/7127-75947-0016.flac,music/fma-western-art/music-fma-wa-0021.wav,1602921,-5.0,False,1.6789346702568564,1.0,119680,16000,325c83ea52c709cbcb2c386a792e69b904b77f9310968e940471ba279f484152,55f4517bd3830420bfb965cb504ab417252ee45fad93b2ab9e3e1c98d1d0488e
1821,908-31957-0003,908/31957/908-31957-0003.flac,music/fma-western-art/music-fma-wa-0030.wav,277550,0.0,False,0.6414709033472312,1.0,105040,16000,e4fd546cf85f534c56333b209257f913a649bc3f57e5f81f6f20d4b9f66fea6f,56157609a351a489a16220a3ec305dfc4aa699bb69a2bad85fc143626d1328c3
1822,4992-41797-0005,4992/41797/4992-41797-0005.flac,music/jamendo/music-jamendo-0110.wav,196658,5.0,False,0.23411015614897238,1.0,61520,16000,bf0334c55a83da714beb7ba54db1f76a45038dbb68c0d5ec15ba014319769242,7469ab3a64eed36acff77e253b15f1361519a1bfb31363ddad0af3f7309ba178
1823,260-123288-0008,260/123288/260-123288-0008.flac,music/rfm/music-rfm-0130.wav,3196625,10.0,False,0.23299410818873034,1.0,88240,16000,e3c4e04dab9db28856021a78df156c6eb787a3178fc9261c058fe2c249b24716,2b4d6f12e5032b1664f10014b6adc386fdd184d4d39d4092b1e932cb49c79245
1824,61-70968-0034,61/70968/61-70968-0034.flac,music/hd-classical/music-hd-0015.wav,4151800,-5.0,False,1.6596115454791958,0.9471581987356127,67680,16000,bb73b54e1460cbc0f886e1a25703d28154ea38a95d1b92a113053df22155ca6a,bf38b74d5db87be23a53d0fe441f1f2b255576dbe1e584096d5a969e9364768a
1825,2094-142345-0049,2094/142345/2094-142345-0049.flac,music/rfm/music-rfm-0128.wav,148656,0.0,False,0.4796350950876503,1.0,98000,16000,eca06ac0b0dfdd5672f887a78d69a57022d3c01c9dc48f0007599bdc8a2b2df7,2ac7270b9f64b0cf381cc0cf55170d27c597b2457670012482c9dedd56bca57e
1826,237-126133-0011,237/126133/237-126133-0011.flac,music/fma-western-art/music-fma-wa-0026.wav,465840,5.0,False,0.15249867931517294,1.0,107360,16000,d101735814b125359f6a97511bafbe2664fcab712410ee1feee8d0a9f1219096,0f1606a5433988bb96c09b76d64284c9b6bf1b08a89dbdc05c7bab56f819c6e9
1827,7176-88083-0003,7176/88083/7176-88083-0003.flac,music/fma/music-fma-0124.wav,2523528,10.0,False,0.1506222214493195,1.0,121600,16000,a94a24ecd30a3ba8342d22ff0a8e98e63bc62e063432deca75b0c0e3450f7712,481b62550b9f105e8adaa6ffd32b5a250afaf07526927ecf0e7e26ed2a258fb4
1828,4507-16021-0003,4507/16021/4507-16021-0003.flac,music/fma-western-art/music-fma-wa-0001.wav,434448,-5.0,False,0.8369704896855423,1.0,78320,16000,9f1d89defca49da4a38e6c106bd567a3da9a18fb727d70b445dce2d7872e9bce,d6afa872fe3c400540eb5b0b50ebc9fbe7a1017e7d6dd018adad125972f98a15
1829,8463-294828-0032,8463/294828/8463-294828-0032.flac,music/jamendo/music-jamendo-0113.wav,1807237,0.0,False,0.19681762541533399,1.0,70320,16000,409f04da535c0b48c13d0d103f9ba1e3a353052b759d5de8d4bd8a24594fc04d,b5910c28a4a91b2426b3aecfed45cf9b59e4c31e8dc416c1474834549bd2d74e
1830,4970-29095-0036,4970/29095/4970-29095-0036.flac,music/fma-western-art/music-fma-wa-0038.wav,478344,5.0,False,0.20253111378664546,1.0,84000,16000,6d5d0f64f02aa48aa8b5636d4a7889109c280f91f5dc3937f95a5fb9ff793293,c5c20001a575d473c76fb8230f15f29ff79ed026c84c14de118ef33849abc530
1831,61-70968-0056,61/70968/61-70968-0056.flac,music/jamendo/music-jamendo-0016.wav,2701864,10.0,False,0.05789943409211768,1.0,57040,16000,3645021d26b85c14262b1208860d5a8b81a339493b1e9ce3cd773d7213c2e306,c5d3be79b4dcd84706fb2a859e8d05206dd9f9558a850a31d4add2805363b8e5
1832,5142-33396-0039,5142/33396/5142-33396-0039.flac,music/jamendo/music-jamendo-0153.wav,3656575,-5.0,False,210.2441573422906,1.0,31920,16000,f10c9d0a8dfb64c8e9aed80e69e852f2f5453b69345cf2f7d27c9f0dd04055c4,192e8a7d2a98f30f84180caee00d8b083e316bd3b6fe8e9849672ec954ca548f
1833,5639-40744-0025,5639/40744/5639-40744-0025.flac,music/rfm/music-rfm-0140.wav,410289,0.0,False,0.1518012248606562,1.0,140560,16000,6c1f108138b510dd0a1c22b2f9e6aa83a4a96e5b0d2d79ba894d064e872b348f,c71becdad9dc4db5068310c0fd2a963dbe62e2d6ee33d6652e34dbcbbea46936
1834,7127-75946-0028,7127/75946/7127-75946-0028.flac,music/rfm/music-rfm-0125.wav,4217845,5.0,False,0.1412959283588279,1.0,257200,16000,94898a4159da916065ae71a6496913a4c268c159371a41d583db51c358c464e2,198165ea3ba229c552f4386680e1adf9dbd7829c4b87b33f93ff4a20c048704a
1835,8230-279154-0017,8230/279154/8230-279154-0017.flac,music/rfm/music-rfm-0018.wav,507218,10.0,False,0.1457433374194813,1.0,126880,16000,07adbcbd389f6d48f24a58eacb724efae0bb5fed17608280ff66ca7846871e26,6e45c8f36099f9cb76ab84ddc210e79090d959c08929c2fafe477a57b3a2f777
1836,1221-135767-0011,1221/135767/1221-135767-0011.flac,music/jamendo/music-jamendo-0045.wav,3094252,-5.0,False,0.23638968341844133,1.0,264160,16000,d10cac3d8f9ab585617fab18e6996b1d7d18a9c2cc06eb346904d648e2423616,8d90400fc050666b17ce3b6487ae0ed02bfa7b243b2178f5bcda891029316fe5
1837,672-122797-0009,672/122797/672-122797-0009.flac,music/fma/music-fma-0007.wav,1418017,0.0,False,0.16598873896933883,1.0,44240,16000,8c340bc6eac33bf72cf2f2d443fc8a987db1efba2c0d1c98713a95d9451acf16,84e85d8f97fafc8522fc1e36e22e80e5e9f671190380dd7c9bbb751826d00697
1838,8455-210777-0029,8455/210777/8455-210777-0029.flac,music/rfm/music-rfm-0027.wav,2610971,5.0,False,0.2575774745982436,1.0,49360,16000,a8c9b3fcfa4d8d491bdc73c337611a82f9a0e43e558c1243e3dfb9f639714969,29595e1c66b4a99558273defa84e32cf1af5ed8169fa388b7468957c3dc501a7
1839,5105-28241-0005,5105/28241/5105-28241-0005.flac,music/fma/music-fma-0000.wav,2403609,10.0,False,0.057791979070657855,1.0,134640,16000,b06834fa33f082e32ddac1c95484d48e2c9f10f0961caff6b993e8a7f18f2d89,053fe106b3b212ed28c4cf1d2266199b74fe700bf847dc7a33036409e9ba48bd
1840,8230-279154-0019,8230/279154/8230-279154-0019.flac,music/hd-classical/music-hd-0069.wav,1042905,-5.0,False,0.6845699648031633,1.0,290320,16000,f93eaa48a6eff28cee1fb5364754735cb1cdf383d6b1f578b8e794e33271ae05,f097d48e0dd9e7d6294cec7e3b74c872e2a87de03d08ff4e31a733972e056b5b
1841,6829-68771-0001,6829/68771/6829-68771-0001.flac,music/rfm/music-rfm-0076.wav,621083,0.0,False,0.3601603366978403,1.0,165680,16000,e2a23e0ddd6687b44e56dfb6c64f74448e9d6e27db4207a30d50755ef0051def,f8d3ea8a5f251e290f382edbef79e1d55cc84bc3ae9ba57003e575167cb009c6
1842,7176-92135-0018,7176/92135/7176-92135-0018.flac,music/rfm/music-rfm-0070.wav,1948788,5.0,False,0.3180401656793052,1.0,143040,16000,8d6ddf736461abad6ee601d5f9ca4c755037423b7f682e39f9418486b6d6f376,8c713ecad4bff1e0156034639d841a6bd3d844c240fd0e63ab26f4593f20502e
1843,6930-81414-0026,6930/81414/6930-81414-0026.flac,music/rfm/music-rfm-0107.wav,2818748,10.0,False,0.07013294578369762,1.0,49200,16000,7bcde3d4bc87667e300e30b3de89c41a5980a73ad65c82e68d6f33432cac6856,a39c42c2325a5851c0683bf9bfc3fe6edc16394b3c43dd093afa6fbb67bc903b
1844,3570-5694-0005,3570/5694/3570-5694-0005.flac,music/fma/music-fma-0087.wav,1619536,-5.0,False,0.2627553818627436,1.0,134480,16000,12487e4d8acd129ad094182f59d867e3d13827d8606f26a81eee2332eb76525c,f8e0c0dfe7515969851e798989851d352d370316729e3c98ce220bd6398c3d68
1845,8230-279154-0035,8230/279154/8230-279154-0035.flac,music/jamendo/music-jamendo-0044.wav,3167451,0.0,False,0.23023396861848086,1.0,120880,16000,f89edeb0afb0fda2df9e5aa86677874ead8341bbdea10cd0880af1fb22baa485,530945e1de6a35daa85849c41c292ef012157bbeef8daaf7de5bf86a044ded81
1846,8463-294828-0002,8463/294828/8463-294828-0002.flac,music/hd-classical/music-hd-0023.wav,6698888,5.0,False,0.27377690795035453,1.0,99040,16000,a98bf8d29471fef2aa344f90d02cb1481be74d6a5160277decfa3690c87d8704,72a4736c4bff14cabd6f8a099ba2d50046258a8b4c769156442db7919cba88a3
1847,7127-75947-0031,7127/75947/7127-75947-0031.flac,music/fma/music-fma-0108.wav,2425201,10.0,False,0.05723422451668362,1.0,30720,16000,ef43198ebd6c4a731f4686c4435882c48a060d6e7e33aa13a59bac89487d5e54,727248ee30e909c897c67b7229e5744083c7eda7334aab223f3ab91ca06e4664
1848,908-157963-0005,908/157963/908-157963-0005.flac,music/fma-western-art/music-fma-wa-0065.wav,4899723,-5.0,False,1.029953645434606,1.0,112560,16000,4f7759688a4c18b31667dc9c1b745b16a7e412652ac3c10c7ecf81b3a85b1a75,dae0521fbd849bb85ab4bce4ab78b0c6be7552890a96e188cbbda20176f7f737
1849,1089-134686-0030,1089/134686/1089-134686-0030.flac,music/jamendo/music-jamendo-0090.wav,335254,0.0,False,0.3876134453044282,1.0,43440,16000,ec22bcc9f7c84b7102f64f48e137648748fa2ab0b2aa24e1928a9b3df274e9cc,498e82ba34dbdc92d4c2229230c52a5d8e01af8dbf88aabb20fe20eaade7b3f9
1850,8224-274384-0007,8224/274384/8224-274384-0007.flac,music/fma/music-fma-0117.wav,256766,5.0,False,0.20605373232755395,1.0,99680,16000,78606c13f3c12856531badcac96f59578b4df50c2af4845e880f2df1bd8c9b7f,84eadf3587a46e8e25cdf735b317c0cce0a4d7eeec45096aa5cdc3cfa2e0ebf1
1851,8455-210777-0048,8455/210777/8455-210777-0048.flac,music/rfm/music-rfm-0056.wav,187004,10.0,False,0.26909142153817295,1.0,54880,16000,bc2b27eaea35ee0a65b0814445da1de455d7d4d6cfebb7f121e3b367d7982edc,c31b54a63a4522618eec63a8be6bb3176096269741472f55cbeaaa571ba249c6
1852,1580-141084-0045,1580/141084/1580-141084-0045.flac,music/rfm/music-rfm-0129.wav,1903616,-5.0,False,0.3694439750894371,1.0,58000,16000,b9cf40509150fe438f8a7e0d824cf684576e4a41afcfc5e222293e7697023202,026c1c0d112902d698ef2dcfa6c29adcb4668bd930e6f8319119afb245c36c9c
1853,7729-102255-0023,7729/102255/7729-102255-0023.flac,music/rfm/music-rfm-0052.wav,1590432,0.0,False,0.3573419838644405,1.0,88000,16000,e1d2dce3267708f45c33f7b01e28fbdb4ccdeca233207016036427959cb7ca57,df6efa8bae65002fdc835cd7461683462252f2f1db59830ea5f54812069a5ec9
1854,4992-41797-0001,4992/41797/4992-41797-0001.flac,music/fma/music-fma-0062.wav,304810,5.0,False,0.14003859131605303,1.0,454560,16000,3b138d28076bcc78f7866590f77e5621f3e8721823abcb94774a316c6d823dfe,ae57daf60db2b1ad9627715558573cfcf8d7006f843a407cf03f44b097a649d6
1855,2300-131720-0038,2300/131720/2300-131720-0038.flac,music/jamendo/music-jamendo-0083.wav,3042097,10.0,False,0.07463451003286649,1.0,89760,16000,8c4b9e701507ff8833171aa870284ed30c4a1529672c2bb6f27414e87a0a8bf0,9e1942fb58ce9d430f6dad42047f83104ef0a56e7b71ca249eab9708a755260a
1856,1320-122617-0002,1320/122617/1320-122617-0002.flac,music/rfm/music-rfm-0121.wav,968135,-5.0,False,0.8638635433777903,1.0,217360,16000,266a4e15107fd0c3c544120025904ec84d1512a5fcbe9c3ada467e9d4979269e,b08c3c35a260a07507d53a5446af70bd8fbc81579033e81f73163e11aeaa211d
1857,5142-33396-0007,5142/33396/5142-33396-0007.flac,music/fma/music-fma-0027.wav,939731,0.0,False,0.17601948207444057,0.9821355238665149,79600,16000,5bad5b79c9b0dcae1d79258a8dc191ce59d3a0c7673a96b0c0acf95f272f5593,8678113c438d470ad0286a5338fb5ae4291b13835039abcb2bae56a380660c9f
1858,6829-68769-0019,6829/68769/6829-68769-0019.flac,music/rfm/music-rfm-0099.wav,526277,5.0,False,0.6722480725623757,1.0,42640,16000,06926a57c7857b654ae1942f3b9907a7a9e404efb5a423812cee4e212cb49969,c79e892e874e84cfab8665b07452c94b1ee26bb877695cb6395a7c7cd93e089c
1859,7729-102255-0035,7729/102255/7729-102255-0035.flac,music/rfm/music-rfm-0134.wav,2076327,10.0,False,0.19732197674465782,1.0,90000,16000,9cf3998e9742a3e7f05ea52891739f8c11d152aca7b38c5d37f47f6b745ac64d,0b75ef4b5808b48289bfe27e86908663222f4ef7852998559f437be7755acf67
1860,7021-85628-0009,7021/85628/7021-85628-0009.flac,music/rfm/music-rfm-0021.wav,1674716,-5.0,False,1.4175756846805996,0.9282946784298562,136640,16000,fe0c72183539b920eec63518e374be19cad1270ab4c2b72e659ab973c524fa26,b557ffe58373c90543806ac1137c955d05626468fcbe061469b42bbf9c203a75
1861,7021-79740-0007,7021/79740/7021-79740-0007.flac,music/hd-classical/music-hd-0045.wav,816596,0.0,False,0.6268507776933185,1.0,111840,16000,2c1606cb55443813d4375de5e12089e426fe566f13b6319131b4bd2f8d02d555,34a3c4bc53549d61adc8248ca4bab02b8c4f5dc24f3e9987406f318774e17e7a
1862,5639-40744-0003,5639/40744/5639-40744-0003.flac,music/jamendo/music-jamendo-0120.wav,394236,5.0,False,0.29387022878833746,1.0,433920,16000,4cd8a7649fd167c1817312500a56e8c78eb54854335b64178ac3e0faace740b5,f730cc884f6089ad0aac07edf7303df78df9209a4dffd67f70f5e7fed715860e
1863,3575-170457-0002,3575/170457/3575-170457-0002.flac,music/fma/music-fma-0106.wav,1779760,10.0,False,0.09352494393031827,1.0,33760,16000,ea8080e4031fa2cf135d144c1d816bc54b6b161ee7c99708c3bd4184b5d6dfb2,6d1f1e401d778f45064f55dead0e13efa9816a53a197c5ec4a3be59441cab5b2
1864,908-31957-0007,908/31957/908-31957-0007.flac,music/jamendo/music-jamendo-0042.wav,743661,-5.0,False,0.443330385843981,1.0,92800,16000,53eff5da47db5b5bf1d6c428e548153838f04e0a2b4aa1c4e40d260e6d1a1ba6,21978e5da3715cb19320e8c4552b16787df448f39f8d4b16b74b23811c914018
1865,6930-76324-0007,6930/76324/6930-76324-0007.flac,music/hd-classical/music-hd-0022.wav,1648199,0.0,False,0.20053865991673728,1.0,45120,16000,ac2c769ff5e206b4e5095de59e2e108bc63ed8ea36fce80da0cf3669c8dc0d65,059122fb25816927924adebf4dc04b7db5679b27b04777a1aeefdd1c32669c74
1866,1995-1836-0003,1995/1836/1995-1836-0003.flac,music/fma/music-fma-0126.wav,1096136,5.0,False,0.20530842751004125,1.0,127440,16000,2472ad31404173c83f721ee4479bb2e6ca1e3399acc4a223c32d33f5905146a3,37e1ab22a3e484dd646e0e028022ee2f48e402d53315720080f4f887f055902a
1867,8463-294828-0013,8463/294828/8463-294828-0013.flac,music/jamendo/music-jamendo-0012.wav,712832,10.0,False,0.06839851323156083,1.0,115200,16000,728ebb308ad14aa2f830fbec0a6cd2d6b45aa8b9414cb75cd8461d8991f5ad94,a9d2a0b92d31a011033f4c0668366bd35856c936d68d26bbc62e580d8e709618
1868,1089-134686-0021,1089/134686/1089-134686-0021.flac,music/fma/music-fma-0066.wav,2396199,-5.0,False,2.1856320351941942,1.0,104800,16000,b1b3861d991363eb5d39564cc9cdb47f34fc2e8cfa32f60e0fc65836f566fce4,47a96271589ffe139579bf634523c87e1927c692e74385caea5c4b219732965e
1869,1320-122612-0001,1320/122612/1320-122612-0001.flac,music/jamendo/music-jamendo-0074.wav,1507608,0.0,False,0.46917696328722175,1.0,152320,16000,986e81e2ff26f02c611633ec5265b4f123b773b1dec9a63aaf071357910d11e3,1698073af91f6c777ac545dde4010ee4124a53b427678237dfa403d9ca624f12
1870,1995-1826-0011,1995/1826/1995-1826-0011.flac,music/rfm/music-rfm-0102.wav,2940532,5.0,False,0.1519708615460197,1.0,143040,16000,6647e8e9197c20cd3b7d2241dc8237b7e0f62145221e8a5c946aea841b431d93,af523711abdd768507e44c968fb0d8e746bb1145f358320f1f25950b8626b74c
1871,4446-2275-0031,4446/2275/4446-2275-0031.flac,music/fma-western-art/music-fma-wa-0091.wav,274674,10.0,False,0.1950179794643659,1.0,48880,16000,67bdd28c0c1ac53c16793e4bcf41e0bf3075c6a914762a8add0f421ae79ce587,b1cf7a3057cf356b001bbdc244f0978731d0812e40a8aed7cbcab00d18e973c3
1872,8463-287645-0011,8463/287645/8463-287645-0011.flac,music/hd-classical/music-hd-0039.wav,937844,-5.0,False,0.9546183913205681,1.0,102080,16000,ed0826ba4def7c3d2c39cf986d153a2e88cf7e9bf14ca55518028b8f0850975f,d4597f20e4980253fd65fdb4a28977c1cc210fcd0c6038cda41858244483a37f
1873,1320-122617-0011,1320/122617/1320-122617-0011.flac,music/hd-classical/music-hd-0051.wav,3546718,0.0,False,0.5326823864693699,1.0,156160,16000,ee093d67f954a971700a2638319133296afbf3c481b038c48eeca00bf078e259,855eac06e85a8d1c6c5c4e45b02f89469f2f8e03e610487591e0023fea8315e2
1874,5683-32866-0004,5683/32866/5683-32866-0004.flac,music/rfm/music-rfm-0008.wav,1151353,5.0,False,0.19208338380779447,1.0,147600,16000,24d68796135b1d4e93c5431df8cad6a751b5f8f027efd1d0013d196e46f979a4,f83b1a19bba52cb727eb7b6f4b52f71df755a598611f1567f95ccc1b90a158a7
1875,2300-131720-0005,2300/131720/2300-131720-0005.flac,music/rfm/music-rfm-0039.wav,1572507,10.0,False,0.2379184667212838,1.0,110400,16000,bf7eaf496c50609db8ebd5a2034719614ad6a066cef4bbb1dfed98aacb4324a1,bf690b1d0ee5f0be7e286ea3eaecea68fb18b53c133bc17662835d2c3617660d
1876,121-121726-0008,121/121726/121-121726-0008.flac,music/rfm/music-rfm-0140.wav,234037,-5.0,False,0.5328035950029437,1.0,79840,16000,8f9415b58cb37843db2e0fad4fe430bf4d9af65ffe3366ff891fc8b77f94e5e8,e22f783f934074a9b8891f220238744f8f546ec08b851f74fa2795bb6ec15bc8
1877,6930-75918-0000,6930/75918/6930-75918-0000.flac,music/jamendo/music-jamendo-0058.wav,124298,0.0,False,0.26133232992028327,1.0,56080,16000,103c3f15eb3715ebc6243d142244128a3ac39b6bfae315baa6b8dc4a8be14aa8,3afaef62456ba555fcf59fbab91e52be307eb7ad4149563db37d9ed0802c8798
1878,4970-29093-0012,4970/29093/4970-29093-0012.flac,music/fma-western-art/music-fma-wa-0034.wav,7951742,5.0,False,0.2985807021494338,1.0,139360,16000,62a712879f71ec83c24a7204294b4fc94c4e8646321f20cc747eb0aa76a7b993,97ac47f99a10ffe4eda33d7762687f6a3ad530ca0c631ff00477b6760d582531
1879,1580-141084-0024,1580/141084/1580-141084-0024.flac,music/rfm/music-rfm-0011.wav,1691709,10.0,False,0.06249682539145461,1.0,146960,16000,74a3052ffe88c39a53f12f8c69c190a891e5db888c2ed36c4d72c86622366748,b8526d4b637fee655c28d532dcdabacf13a66904cfb8fb6e639a1187dd90a747
1880,1320-122617-0016,1320/122617/1320-122617-0016.flac,music/fma-western-art/music-fma-wa-0035.wav,600097,-5.0,False,3.0157183109983388,0.9850413316069723,161360,16000,7d58d38cf285d20c6f93f960b5f3585f38dfff399971c1b26b9e49ba666a01ec,b0e7b4e83be1b9c1dedbf70ac7f487c690f7b8005810c45836464a6f2ad852a4
1881,7021-79730-0000,7021/79730/7021-79730-0000.flac,music/hd-classical/music-hd-0056.wav,2683719,0.0,False,0.9724925380248816,1.0,39040,16000,0059eb6ef400ceb53b36063a7c12e1d3c17a034fb200744fb791a92c49e920f5,06fb722eec2421beda55bf53c155fe724eeec1a6a66bff4f1c21c490f1a44f65
1882,260-123288-0017,260/123288/260-123288-0017.flac,music/jamendo/music-jamendo-0145.wav,2641754,5.0,False,0.1200405598076353,1.0,83600,16000,6c4e10cb1f865443b86354208eaeb52311653fd963b69a7ea001ba5f7043a683,10284ed28a0fb1a5ed4e73ff678805eb5f68089d3c7fc12e1d5bfc512193e155
1883,4507-16021-0033,4507/16021/4507-16021-0033.flac,music/jamendo/music-jamendo-0011.wav,481213,10.0,False,0.06138844651723422,1.0,88720,16000,95242d5933a7e9d4272b21008310cc888769f73e05a120bf771582a36540449a,3b6b100b2420d44874e1f0dc17e40c462cc9075f559301a228f00f535b93521d
1884,2830-3980-0058,2830/3980/2830-3980-0058.flac,music/jamendo/music-jamendo-0189.wav,4942444,-5.0,False,0.5066909700142291,1.0,43040,16000,7561e85cf20b4d2fabb2850e325572cc5bcd5dc61db60293510a3a680ca03540,d93bb4be6578d471198da22a22558c739cf27c570920bc49644162684ac2f9af
1885,3729-6852-0025,3729/6852/3729-6852-0025.flac,music/jamendo/music-jamendo-0185.wav,1806416,0.0,False,0.23872200587340364,1.0,48000,16000,7b46e906cb80e6f341933303e7810f40f2e964281efe35300c2c791f8a1a5a60,9bf74fd3ecc27ed28a6ce89284ac652ec35f1cf53776c74086cf4d72e9015d0d
1886,2094-142345-0038,2094/142345/2094-142345-0038.flac,music/hd-classical/music-hd-0010.wav,2301308,5.0,False,1.022772538082543,1.0,324000,16000,a9ec70e440c168b0cedc46a59fd4328bb34636f625e69e155fcd36c87fd56d4d,8791c2603f23be153f3bc5ba842f491081c0116ff5fcaf73a52e9aa67884455a
1887,5683-32879-0025,5683/32879/5683-32879-0025.flac,music/fma/music-fma-0075.wav,4326098,10.0,False,0.029047841088356355,1.0,30480,16000,c0c6b5214bfbd9af73ff6f457a836da5285708c77fe3e003fecb1c9ae4c71a71,9ed7404d7da1ef4fcfee477adc52662c1eae75bda2283e0b094e10ccbb9fc146
1888,7176-92135-0041,7176/92135/7176-92135-0041.flac,music/jamendo/music-jamendo-0192.wav,283930,-5.0,False,1.9945483356536886,1.0,79040,16000,84537e2b9d8f78464014c2e0b29edd8474428083790ced9d253c73e6b257addd,81a0827394528e3e9f2be87569c512cee59f26a0187e3919a54cfd0744523ab1
1889,5142-33396-0014,5142/33396/5142-33396-0014.flac,music/fma/music-fma-0127.wav,1308026,0.0,False,0.2884078784629674,1.0,51920,16000,9a1aa3446571bf43b4762dfbc6ce1bea9f67f79161ac11da4f8bb4090e329243,cedd61bd4dfd3a673de90602344253752a53a1ada099147cf890ce1d1c56f1f8
1890,5639-40744-0031,5639/40744/5639-40744-0031.flac,music/fma-western-art/music-fma-wa-0000.wav,954476,5.0,False,0.11000936730427371,1.0,454720,16000,c9f58c632d936180095e0b8f96fc544b61305b9aaab0ee50384e549d095f2209,1e77bcf543b067ef7bbfdbe4939fbebde7766a39da1ff67d36fdf8e5c9890ff8
1891,7729-102255-0045,7729/102255/7729-102255-0045.flac,music/rfm/music-rfm-0143.wav,4306437,10.0,False,0.15017691250320114,1.0,108880,16000,8c720b6537f8b9264bd4aebf79e4bef205671aff094502a576ebe418bb27afd2,0b5de141fe3e797e04407682a1d919b57478161b7fa123a5d34b046da4f34033
1892,8224-274381-0014,8224/274381/8224-274381-0014.flac,music/jamendo/music-jamendo-0036.wav,2752154,-5.0,False,0.5407179334172121,1.0,286080,16000,848223f18df382e65a9d207d832ba000fa729d8a00e62c49286c3105b5257eed,94c1f8f827753798eb5a0806039ff85c64b734d4c9128cc35edddfa554065fe1
1893,237-134500-0015,237/134500/237-134500-0015.flac,music/jamendo/music-jamendo-0188.wav,1896381,0.0,False,0.48045103008811446,1.0,173040,16000,4b3fc3d64b82c3d95d78d1ef91b37937794a9962cdf9906f36e7c19470a941a9,c9b34c836068b7e7bb6498fc2e3a084e179b53655f5a9f77e13301fee4a3adca
1894,908-31957-0022,908/31957/908-31957-0022.flac,music/jamendo/music-jamendo-0185.wav,2081143,5.0,False,0.2000346212530838,1.0,225600,16000,505e9e4eb0d09877020ccb1496f7636b853c2c269133c40fdf6c64274ce373fe,d16afab13886566112d1071d11a56940017081b7172329b321099adf7d39a61a
1895,3729-6852-0013,3729/6852/3729-6852-0013.flac,music/jamendo/music-jamendo-0168.wav,966355,10.0,False,0.019531977163269387,1.0,52800,16000,6bb65ac382b812abbbde2c4809c7ac0d48fc7acb197503b0e46fc8e0dbbb1177,980d9565c3cd8b7f838b5965585f59ba74e945f45598d6b4007e4a391c7102ad
1896,6829-68769-0012,6829/68769/6829-68769-0012.flac,music/jamendo/music-jamendo-0117.wav,2831079,-5.0,False,0.4293846798116188,1.0,68720,16000,a628514f0d5af5a8a3d630ca32014a1cbf666b758addb8dc1f5884ded374c0de,bf53324ef8af65e8761a2f950428ca5374a0934ca813ce6c5d8037d10440d083
1897,1089-134686-0031,1089/134686/1089-134686-0031.flac,music/fma-western-art/music-fma-wa-0054.wav,1762535,0.0,False,0.48686520727727106,1.0,105840,16000,7639e8368a8fb6f7c05d86f3f97eee68f60e6ea8025de1bc9ea200d30afda31d,4e88596982bdb85526b47c818acbba73ae49e5e4b3dedb87dc2255883a00a5f2
1898,5639-40744-0024,5639/40744/5639-40744-0024.flac,music/jamendo/music-jamendo-0133.wav,2820408,5.0,False,0.14154284741244522,1.0,141520,16000,128a3738385440f28844e3e7ad185e5fbf7948356fe76aab9b7c464c2c0065f1,404b19483afaa83fd3614965313f5e98a236ef9531d2b6dcf243ba0c9541adf9
1899,5142-33396-0041,5142/33396/5142-33396-0041.flac,music/fma/music-fma-0044.wav,1636316,10.0,False,0.04577461218203705,1.0,45280,16000,1e9f24261d987326f5b451fc84147028bc7451ee9f6996c89ff87f988fa4e7a4,21570ec8e38b15241813822a920401118f336c767e4d0ba145fa33139fc1f136
1900,121-127105-0001,121/127105/121-127105-0001.flac,music/jamendo/music-jamendo-0039.wav,1953079,-5.0,False,0.42627536872144434,1.0,80400,16000,7c2fb528148567330f91467ae48ac7b266779ce84412ce4b2aed3c0cfcfc4839,120fdea6ab5b006289ffdcf93cddb70b41348984818c49e214515702f642bc40
1901,8463-294828-0026,8463/294828/8463-294828-0026.flac,music/fma/music-fma-0120.wav,126935,0.0,False,0.47426269635852447,1.0,43920,16000,416702a74b4d765ca3a455eed090a9634b7aef7e7e2259f57bfcdf3093b18363,4293f68ee81259eab67f9e3407d80a1cbe67f723ad10912c351af9ad65d82ee2
1902,1580-141083-0044,1580/141083/1580-141083-0044.flac,music/hd-classical/music-hd-0074.wav,5024919,5.0,False,0.13409913102087637,1.0,88080,16000,89100760587fc6ee8904586dec55e40757ca690836f968c6fd03d9fdc556aa55,cfa16af33c3d1231d20224003566613a7752b1ae0a22bc5bbace7245fdbe2d16
1903,5142-36586-0002,5142/36586/5142-36586-0002.flac,music/jamendo/music-jamendo-0147.wav,783704,10.0,False,0.0793493593637208,1.0,37360,16000,2ef7ab39fd6e34233d595b1b99dd3f4c9a8ac866b53f7a7ff99e1d8095093790,680df1a35b66cd8109a94694cef271b193f73ff47943c9fdf90b1b528b7aea26
1904,5105-28240-0011,5105/28240/5105-28240-0011.flac,music/fma/music-fma-0090.wav,1860485,-5.0,False,0.37132092426434704,1.0,96320,16000,5c28bcba1e09e2cb09a194a6b59b4358bd1c0ab51d0c243316128245226def03,f6b095ff0634b014340e27791a2a6eaf6795e8d99bac87e33aede9845de0d83c
1905,6930-76324-0004,6930/76324/6930-76324-0004.flac,music/fma/music-fma-0004.wav,3719947,0.0,False,0.16426728504571325,1.0,98400,16000,c41b0ceb00f27161f451ad241a48c790d6c0c49f3272fbaa57de2fea76a29548,2312d960a24e3df734566d71ceb14ee57e5a8951b490b9146c14a92d6e4fa30f
1906,2961-960-0016,2961/960/2961-960-0016.flac,music/jamendo/music-jamendo-0124.wav,1525001,5.0,False,0.27943245260010535,1.0,124160,16000,2d2cb7ccf9a0fa975ba55a669ed00e3e6a63fa7c6a777e40063f2d0cd491a39b,03dbbfc227a94d1dc9c163af50428a466571c5f14201f2e2fd1220d3b227995d
1907,7176-92135-0024,7176/92135/7176-92135-0024.flac,music/jamendo/music-jamendo-0000.wav,4048563,10.0,False,0.13434854075426295,1.0,65600,16000,b58728677412d064c30aae388e22b35c0ece2d2608ad1011613ae0123d369cb2,1e18088d9dc95a6fa8656b1922d3b045c22f100a762bf3eb9b40661f8c041a96
1908,61-70970-0009,61/70970/61-70970-0009.flac,music/jamendo/music-jamendo-0102.wav,2971750,-5.0,False,0.5484930917144737,1.0,54480,16000,5d39f97d34a68001e3f75333e3136e2896d95ada87da5392f0dcf26e09a4d5bf,1eb7efc28e92a9641b74857a9296b3ff3d0db0050b970f0e1399d522b523d3d9
1909,6829-68769-0032,6829/68769/6829-68769-0032.flac,music/fma-western-art/music-fma-wa-0042.wav,315135,0.0,False,0.8427662471205227,1.0,91520,16000,49d1fbe1e94d832e6c010dbf3c9dc6dd5c8c6cbabb6a46f1f592884069948b15,27c0baa0b898ad09984cd36b59fb878e2799bc0188665a77c2806cc396b3548c
1910,8463-294825-0005,8463/294825/8463-294825-0005.flac,music/fma/music-fma-0047.wav,1544164,5.0,False,0.1539863449075091,1.0,123200,16000,db0ee6ca1de76a16737857cee29c364f1fe8649ace66175d58526e27b6bc29de,0f4e2ae838f76ae1d2ba8581422670ae1170ed7570a861454067a6dc07f1e874
1911,6829-68769-0050,6829/68769/6829-68769-0050.flac,music/rfm/music-rfm-0119.wav,565593,10.0,False,0.09676155637132627,1.0,46640,16000,e3fc1fa8fe6b5d25cf39317c9d2cd7a2f921fc45fcda663cd3c0db22a4df745c,83a4bf7badcb149dd443604dd200269fc1b68cc0bc5c9cbe3315a68b4a5b061c
1912,1284-134647-0001,1284/134647/1284-134647-0001.flac,music/fma-western-art/music-fma-wa-0032.wav,6787564,-5.0,False,1.2598351774422936,0.9197761053769774,164400,16000,fbfee98ea5f3391ccd6ea769fd548e12288804b3280bc61e7b0a7d5b15233b8a,c003f41f723a6f06395defd690367ecbcce832576af7e8bdcda6d28a737d6cc3
1913,672-122797-0055,672/122797/672-122797-0055.flac,music/fma-western-art/music-fma-wa-0018.wav,1776648,0.0,False,0.260153713021296,1.0,131680,16000,cfa0d03dc64331a2d1e11ed5b87da150c0e24431d82ec3f4bbb3f3b2cbb78313,d2dd27ff0a5ec94b23f0257d1cd25f6caaff3f47af2d41e4fa19eb70b1e9f06f
1914,5683-32879-0007,5683/32879/5683-32879-0007.flac,music/hd-classical/music-hd-0032.wav,4930392,5.0,False,0.21550577091405335,1.0,108720,16000,6f88015a58ede438b2c6511c3a25f8ffa8dca6c5bc0cd83e132444ca8bf67e31,d5e199762bbe260dd9997879ed2be692f4a2de67dbeed70606bdefc023e43240
1915,8555-284449-0014,8555/284449/8555-284449-0014.flac,music/fma-western-art/music-fma-wa-0018.wav,2137529,10.0,False,0.3016223677499586,1.0,34480,16000,555495e2515ab73f1933f5817e36576fff61e38d6402f4a7b1e1d88facce692f,2299202a7e665072e6c6bc7942720e84829fb9259fb936e851907c9223bcbc75
1916,8463-294828-0028,8463/294828/8463-294828-0028.flac,music/jamendo/music-jamendo-0023.wav,2979238,-5.0,False,0.32607344583551856,1.0,126640,16000,d205ff991ed7b885073987b9453632c939c19de27af3c90fbbe78ea1e78eb90b,830e88a77c27def90fadacb66b9ad39854a9c2105986915500036c5fe3f8d5d6
1917,8230-279154-0030,8230/279154/8230-279154-0030.flac,music/rfm/music-rfm-0122.wav,583669,0.0,False,0.24015532661816774,1.0,116480,16000,1e74798f9423a2d2f9ff7de797ebe39c8632538dea3d5e5b619259333eac0c3c,4592200da452704304c49e1af6159c14bca546d537afaa4fe4e7965111ae6151
1918,8455-210777-0032,8455/210777/8455-210777-0032.flac,music/rfm/music-rfm-0021.wav,49620,5.0,False,0.8507974771935737,1.0,34240,16000,79a37b72616f3c2b041b6c051bfce83938d11b64151322cd0f0398e6bcfd1799,aba4c112c742615c58ab7cdb82226a874371e22853dcc68634ac28c6f9ac5659
1919,672-122797-0016,672/122797/672-122797-0016.flac,music/jamendo/music-jamendo-0084.wav,806091,10.0,False,0.07564411185669816,1.0,147440,16000,148e18447df4989b089d615dfc9291fe11ac5f167653b4e4cdf53fd0c716bbd6,ada4dbfc8f4f75ade4b948e3f190fd77802d79aefe44d3af6065eccefb8ac010
1920,6829-68771-0036,6829/68771/6829-68771-0036.flac,music/jamendo/music-jamendo-0206.wav,415648,-5.0,False,0.8468626225248665,1.0,83200,16000,1d50cffa8145e891eb1dabc4a83ff3b5a8ac6015366dad15596b121a045b3f49,4e69a011b7484092cf1badd23ded2248eb0d1ae8f0cb2b99fc13d7960eecfe9e
1921,8463-294828-0020,8463/294828/8463-294828-0020.flac,music/fma/music-fma-0096.wav,3065942,0.0,False,0.21121669698926573,1.0,94640,16000,4559f836c46c38bd11143ef73dc574124da7e054189c6f442316d0fad615cc43,4406745aaefc92bd613e1a160ea34f708f1fe356c5ce1e14f061d169a049156d
1922,2830-3979-0010,2830/3979/2830-3979-0010.flac,music/jamendo/music-jamendo-0167.wav,1652482,5.0,False,0.14150545318230512,1.0,53760,16000,7d8772c4ed93c0a409209327fdd735105632dd56f4109f771b7c4e966b95d306,2594ca832b85461335e71469100dbe9b4a3dab181a076fc9b23ea8a129a3e05b
1923,672-122797-0070,672/122797/672-122797-0070.flac,music/fma-western-art/music-fma-wa-0010.wav,4086557,10.0,False,0.25582770758808665,1.0,100320,16000,7207b4090c5da8806d12abc847260ec253bb63bde620999bf32341dc29e40f4b,5f5f552f13ff38f54b5d140cabd16433e41cc44500ae00a97366eb933a7da641
1924,1580-141084-0026,1580/141084/1580-141084-0026.flac,music/jamendo/music-jamendo-0181.wav,2285225,-5.0,False,0.8956126199134566,1.0,111920,16000,5ee2e8e86916ffb8afc16b29d9ef7adf8d95328b9851cf10725bfc186c29efc1,1de5a090c83c7821aeedd336ec85230c4f0e487a34c058427ccf6ebd8885c74f
1925,1995-1837-0018,1995/1837/1995-1837-0018.flac,music/rfm/music-rfm-0027.wav,695329,0.0,False,0.29574689569422263,1.0,205200,16000,9cb871d18fa8eb4fb5135232eeccff8d5aa2709c1c2deab6af6e0502cccacc24,7dc98dc887a1aa8da7c197e0b9fc434ba723711a029acbb8fc6aaf495cda587f
1926,5683-32865-0010,5683/32865/5683-32865-0010.flac,music/jamendo/music-jamendo-0139.wav,2072573,5.0,False,0.06817253958373488,1.0,101360,16000,d69dc4db3662d28d117f8a778a63e25917133d9f6afb7f721a5b9ddc08afb00b,b96c28a6fad7987f9bac484a6d360585f4d682ab1c6f5faacc1d40963bc41d7e
1927,5142-36377-0013,5142/36377/5142-36377-0013.flac,music/rfm/music-rfm-0117.wav,2440573,10.0,False,0.07562854572255474,1.0,105360,16000,14fd18cc6f9f448e6990d8e447f87e82533c5d0d5b91a5cc1bb2f46c94792657,9e9f2761b54978f2fe1dc5ce89182018b5750374b2abc5ae0f2042c7091fddb5
1928,2830-3979-0012,2830/3979/2830-3979-0012.flac,music/fma/music-fma-0022.wav,640441,-5.0,False,0.7893468691527868,0.9393219463266701,58000,16000,85a57f88b439ee65f61e010a0486e8c33b0cd54ed55468fff643406639a10e59,97d70694b19383992e4a4af663e076623352b70333b53271c0d8c3fd89cd7f1c
1929,4992-41797-0014,4992/41797/4992-41797-0014.flac,music/hd-classical/music-hd-0063.wav,2697728,0.0,False,0.7230167492451123,1.0,115440,16000,75d8512875fa648838c136fe15c7cdc2d639aa2c0a103471bb1c37826626e560,940652ac6e4736e746e0bc49331adbe2fe95c8f3ccb753c6612c10fda5cad9f8
1930,260-123286-0021,260/123286/260-123286-0021.flac,music/rfm/music-rfm-0064.wav,1401090,5.0,False,0.15368787066194226,1.0,40800,16000,399209dd6f7c6428716fce01af576b0ba3e30ea35aa6fb321a80b7eaf3ffb5f4,87ea9a49a75e2912f077b2cb8d563719f36328ccb574bfa26f75a5f9684acc1f
1931,61-70968-0018,61/70968/61-70968-0018.flac,music/fma-western-art/music-fma-wa-0028.wav,132555,10.0,False,0.2875865659700562,1.0,38480,16000,3548563c071f784640611b9d5661351a90e26ef020d6a7cd22496afbc1594628,656d40652f64ed0141c2f47538ad64edcfaed718a1c7dc724b1d2fe00c38e5c2
1932,2830-3980-0064,2830/3980/2830-3980-0064.flac,music/jamendo/music-jamendo-0152.wav,553787,-5.0,False,1.0075771260758366,0.9966698854001275,46080,16000,5de462fc3eff28dee43f44b17301bba4d1af217595c53a9625494ee960812fbc,ebccf8daacdccd937ce4970a0ff2ce4067cb9315c0824e19ff1bb23867b37c67
1933,1284-134647-0000,1284/134647/1284-134647-0000.flac,music/jamendo/music-jamendo-0103.wav,919329,0.0,False,0.426753355535558,1.0,136480,16000,495b3c5bcd008a2e0a11d1686b29e149bae7a36ff44cb5670b3e2c869e6b3118,80ba5e252edd0248aee11208dc22974c4f1c75ebde266ee51cecc18a008b72f6
1934,4446-2275-0008,4446/2275/4446-2275-0008.flac,music/fma/music-fma-0092.wav,3386176,5.0,False,0.09593213633762808,1.0,66080,16000,ea65e052f72c0f1efd00763bef79ff3938c8baa0bc8152a683d6ecf27eb4292e,207e0ff087bbaea3e97df3064b0b0213e6130c7270132450ee653ae94d222bfd
1935,61-70968-0020,61/70968/61-70968-0020.flac,music/jamendo/music-jamendo-0130.wav,1914743,10.0,False,0.18538429770376172,1.0,81680,16000,2d3ff04464a3db8d8c7aee34a6cde6610b716b6632d495179db3b65388375ea3,fd8690c43465343605cceea64f7606d00a979a021c0f3f57eb7413b138f5adf2
1936,5683-32866-0019,5683/32866/5683-32866-0019.flac,music/jamendo/music-jamendo-0087.wav,4353610,-5.0,False,1.2630908022543903,1.0,333680,16000,e57822d1f579d8dcfcc8de5599746f64f17ffaccb773539366431a512b61e535,095db560193999bf34c372c883e1289dfa494b366f08a75663890a25b5dfb7ef
1937,8230-279154-0014,8230/279154/8230-279154-0014.flac,music/rfm/music-rfm-0129.wav,1312579,0.0,False,0.293234863438966,1.0,127040,16000,358691195192e684e3b1ebe54a81d5ef9b3c70f3e4b495e9269f18b3dccf07dc,09eab479b9c190e2a2952c37e35ec304663b3332687e705cb855a3b1f6c2dfd2
1938,3729-6852-0046,3729/6852/3729-6852-0046.flac,music/fma/music-fma-0108.wav,1162203,5.0,False,0.07983308955835358,1.0,201680,16000,7e2191f0830edbe2985a27642c4a93e6be8daacac54e43b3b7c5f6ed78fecfe5,a1e93aa3f4895ee45287a1ffa1072b1786b90889218a6f528d83a15a88c0eb1b
1939,6930-81414-0017,6930/81414/6930-81414-0017.flac,music/fma/music-fma-0050.wav,2628672,10.0,False,0.23028838663187604,1.0,37440,16000,03a9052fa4fe6aed0965a9a2b5d8c4e8b1b182a94e9dfe7a6cb88fe9204fa3e1,131077f5f057b47854113373f69e08b6efdcb36a667e0cdbe5dbd50023c9d81c
1940,5105-28233-0000,5105/28233/5105-28233-0000.flac,music/fma-western-art/music-fma-wa-0048.wav,3653982,-5.0,False,1.7666313763691202,1.0,72160,16000,9c9258b7de7b9401180ce37c81d3d7a64878882f830d7ad341c91f6d6b08c1fb,2fac6b079441215826509f2a904a3fef2bc3e27ebe535517bb3549253adff46d
1941,5105-28240-0016,5105/28240/5105-28240-0016.flac,music/hd-classical/music-hd-0051.wav,4979765,0.0,False,0.5072585176375984,1.0,66720,16000,58bd2fa2a274ca4c7e036c0d213bae14e37a15a1b264895fe6d74c80cc393cdc,d9ea05837cbe8a13f084f228d0d904faf8d621a7b588fe410a20764e26fc5d89
1942,7021-79730-0005,7021/79730/7021-79730-0005.flac,music/fma-western-art/music-fma-wa-0058.wav,1190107,5.0,False,0.23037268007752096,1.0,128160,16000,ec41d5aac6116232c846613de42921ff3651605ab6bec3da6d1e49202014ec0d,ddc10d040719dbcfada2eefc428527870ea8b491f6adbf0e06e6741a8809a565
1943,5105-28240-0018,5105/28240/5105-28240-0018.flac,music/jamendo/music-jamendo-0138.wav,3579708,10.0,False,0.10171422956726721,1.0,46160,16000,0c920f3478aab9387237f88c393108526479f30204a506adaeecab4c2ab79582,426fc670761483e266c79e9dbb00deac9bf412ca5d742078f6294cee7d8e6b3e
1944,5142-33396-0035,5142/33396/5142-33396-0035.flac,music/jamendo/music-jamendo-0155.wav,2712946,-5.0,False,0.546621631108091,1.0,63120,16000,b3d36329cf303b825750b8cc2418132c8bc11f3f6822674c96a8fbd526e4ea85,f4cdc04c121b63c1922bee1508e36ea6989f5e8b7f3f73eedff2e19dd131bb10
1945,4970-29095-0021,4970/29095/4970-29095-0021.flac,music/fma-western-art/music-fma-wa-0009.wav,352227,0.0,False,0.5049320548168138,1.0,317760,16000,93a2bd20b1a0d695a7c8d932446da11dfe2021d45ecabda216e13cfb1720039c,4d6baaa45b2c634e9cf11f73460238de8a37f50488576b2988061cb26fbb3b31
1946,3570-5695-0001,3570/5695/3570-5695-0001.flac,music/jamendo/music-jamendo-0191.wav,1950819,5.0,False,0.32579921728983,1.0,235440,16000,37a807c46854d7445a3f546ae2c57e5ee3e5c332cadb6a630ceca633d819e251,b53e260dc797375b36c0a33792395343c09753648b265097dbd79d3c2508f41d
1947,4970-29095-0013,4970/29095/4970-29095-0013.flac,music/fma/music-fma-0083.wav,1422407,10.0,False,0.038941135586699295,1.0,31680,16000,067392f4d63be7f649405bf17252f4036447bdac91a3b831a21edf6524ae2c4d,ca1c18730fc3ab2fd4ccdf1e20213ec7b9bf187c3235808eadb9dbabbdc6f09d
1948,7729-102255-0042,7729/102255/7729-102255-0042.flac,music/rfm/music-rfm-0021.wav,2566511,-5.0,False,0.8294026015522843,1.0,147600,16000,10e040d39920166f7cd15edc927938d8c7cf8efd6254f8c3b2e6478c4df113f1,1ae6370f25dbf94e6a907b4c501509a028b294ab7e2be8a2cd290c99eafb9098
1949,2300-131720-0024,2300/131720/2300-131720-0024.flac,music/rfm/music-rfm-0093.wav,849935,0.0,False,0.5322257927758591,1.0,76320,16000,360e345c39104d14b5aa140f1037ca8001da86ecec32d9dec98c830de7869891,2b01bf2c6d82cf032b471ad21ea9e3acd3fccff50f3b6d22c3b41a5f2c7aa872
1950,2961-960-0018,2961/960/2961-960-0018.flac,music/rfm/music-rfm-0027.wav,221109,5.0,False,0.1319355085565335,1.0,134080,16000,73cdc2d81dcfa32d7088c7b76b28966e63b2f4c115fc41dec483a31fbdce127a,41916cf6f4cb6f9667cf2d7a4a741a4f4f4c0ab520989388c535a89e76c194e1
1951,2961-961-0002,2961/961/2961-961-0002.flac,music/jamendo/music-jamendo-0192.wav,5287446,10.0,False,0.10627896342971367,1.0,319840,16000,1edc1f1026b0dabeeb33c45bfa0fa0d63c240b3e65dcb98b567fd4bff5bbad0c,5e1a02b9d788123b1164ff0a48784ce794f3259594d89f88ed1f407982fa49b0
1952,2300-131720-0018,2300/131720/2300-131720-0018.flac,music/fma-western-art/music-fma-wa-0063.wav,208789,-5.0,False,1.2892272875559136,1.0,200640,16000,fa1469f4dea27f41923165907bc85a5b2290e0611f51d1cf6f9bbb5821df65f8,ed1b18821c60f46b4b508b198531fd4e2b20dcf8b86d3d92e71a673a52eec945
1953,5142-33396-0068,5142/33396/5142-33396-0068.flac,music/jamendo/music-jamendo-0175.wav,3565293,0.0,False,0.13691539227991276,1.0,67760,16000,49d8e2434e7eb57e02e22dd5bf9af8223f3bb4c067aeccffa1086d2818d8995b,234291ec17802de8ae62ff7684ddeb01d969aac86be5fbdacc139e4535209d8d
1954,4446-2275-0024,4446/2275/4446-2275-0024.flac,music/fma-western-art/music-fma-wa-0029.wav,315664,5.0,False,0.2067415932477231,1.0,38320,16000,5293406f78174324a244b1805188527ba871ad1d0e5e193f517684a7610d14b8,9b5ba4053f8a5aa98b5063a0c5ac0bbf554c63415aa25b25536a376e401b5e11
1955,1188-133604-0004,1188/133604/1188-133604-0004.flac,music/rfm/music-rfm-0018.wav,945358,10.0,False,0.06465238865503448,1.0,170400,16000,4c3d62ac2eb47034f14e258d66b22dbd9ca8e5f409a4a50d0929fc825f740e45,0471305482cd6b5c2c34b57f63f765c202ab2f4d1f5040dece8c5284bebb0588
1956,8463-294825-0015,8463/294825/8463-294825-0015.flac,music/fma-western-art/music-fma-wa-0070.wav,1427328,-5.0,False,0.6273824071059159,1.0,52000,16000,83b1d4b42ecf122c6409196ac7d65c4f6c4a3d7fcf9e1b8100953ccad456547f,57777e35f9ba5981b64f579863e55db4c82386628ccda292370c9444e2bf91c2
1957,2300-131720-0008,2300/131720/2300-131720-0008.flac,music/fma-western-art/music-fma-wa-0061.wav,575075,0.0,False,0.4614153906287327,1.0,146000,16000,fbd7caca15442378b4d9dfd77915d5b0645a00e78afab5372f04ae4b86f037ad,02060e2495089509c33ae83272866406a00040dfd03d0b79ec942c7b834e071a
1958,1221-135767-0022,1221/135767/1221-135767-0022.flac,music/fma-western-art/music-fma-wa-0003.wav,2142760,5.0,False,0.17887982980742786,1.0,230320,16000,f4aa932e3cb72ee1b704f2db5676caee1dc2192d7fc3e778430a37d314cb72af,3674cf797cd1f42586e28eebee1eeffdc4eb40af7e8a5ec3e42a715c6d187e5b
1959,260-123286-0017,260/123286/260-123286-0017.flac,music/fma/music-fma-0069.wav,410889,10.0,False,0.11733051181710816,1.0,63600,16000,27582cafe9ab3ff9429f46ba0155ed8f10c3686fef652a547f3d2d7156247a8c,d7a2bcf5b430569f72d03818188b73eb6d89bde2a511b1a7eda859ae27486ff0
1960,8463-294828-0006,8463/294828/8463-294828-0006.flac,music/jamendo/music-jamendo-0006.wav,4761762,-5.0,False,0.7652261601424446,1.0,117120,16000,0d99004801171725e6b7e4e823bd19fbad965921d33981497223477d1c5736ce,9bd803735a28b69368a5554e4598f7f5f2ee001cd985c59ac53c232bac6cf842
1961,4077-13754-0009,4077/13754/4077-13754-0009.flac,music/rfm/music-rfm-0109.wav,1048327,0.0,False,0.15604786401120843,1.0,122400,16000,1a0b31e68f8b55443332b3bb19096e5dc2e3a7e9e748647b7716c5281f9e5e8e,202cb75fd54a6494a058d7c86ca7cc4db37b6294e7a205211ba0dc074a894cd6
1962,4970-29093-0020,4970/29093/4970-29093-0020.flac,music/fma/music-fma-0046.wav,825648,5.0,False,0.2262911068330694,1.0,89280,16000,20a796bf6d331dbc297df6b085d1ff34f036e423020d1f12cfca8661d9f0115b,bab256a26151efe4a9ce883356c46576e2621994b48d34b4303acfced027fc3e
1963,1089-134686-0001,1089/134686/1089-134686-0001.flac,music/jamendo/music-jamendo-0077.wav,2353837,10.0,False,0.03840463280962451,1.0,52400,16000,6b0b24796a1017a65007d392b9f8d6e64e030cdafbf82d8ffa4235fe4b371443,8ce8e4d329f7666d4e88f6d84592d2529b1a3096d9c087a68ac7b2706b36d863
1964,4507-16021-0034,4507/16021/4507-16021-0034.flac,music/rfm/music-rfm-0111.wav,1458098,-5.0,False,0.5832134223058166,1.0,180320,16000,2bc8d7291a3f3a1dc60091d54718473d6fb46f3fd8e12f3aa4c70bdff681c38e,72f858065cb74038ab7bdc01973bcd93a6fd3a666a2a116ef2ff60737c1de813
1965,4446-2273-0033,4446/2273/4446-2273-0033.flac,music/jamendo/music-jamendo-0061.wav,1660287,0.0,False,0.12944920759465758,1.0,52800,16000,996f88ebc0a6a906f1157039653259076c8f4d6b6c74fb7dbbe53be98f70a0f0,cec1ee1557f665d2bc0f67e8ec8c999dcf851be10e2ab1b5593fe0ab4c5389ce
1966,7729-102255-0007,7729/102255/7729-102255-0007.flac,music/fma/music-fma-0022.wav,472001,5.0,False,0.18107599487269083,1.0,184480,16000,f72dd3621c1ce021b94c1d5e63548060da9ee3e6a1b2201bc50a4d17bdd233c6,4e4a1f89fd319f0986f56f0d681e8a21cc7000f818a9320f3ff525171c841f87
1967,6930-75918-0004,6930/75918/6930-75918-0004.flac,music/rfm/music-rfm-0083.wav,1280994,10.0,False,0.03778681265522112,1.0,177040,16000,af568c26be7892254398fc5ecc6a346dc28c3e5ef1123aa6cdf8a8dda3ce1c57,eb4b088046f6abe5f7dd2eb6a2ee1892dd128a81aa387c385e390d072b4e3ab0
1968,3729-6852-0006,3729/6852/3729-6852-0006.flac,music/hd-classical/music-hd-0030.wav,2469024,-5.0,False,0.7979353881258762,1.0,379840,16000,c4a412292f7affe7b15877debca533e49a287b668206e818f96ce21aa155ba5b,674b1f2ba1a451e4be854048715410282405b7e3440a8cee4bf83fee18d7dd5b
1969,4970-29095-0003,4970/29095/4970-29095-0003.flac,music/jamendo/music-jamendo-0087.wav,754121,0.0,False,0.48243269571064457,1.0,160320,16000,4ecce42717e561945dc7f10e788e887d8629a72c27e55f52c8cc99162e690992,21669bf819b98fb887bb6aa79e5280c7749e66d3f1b82d63c5b7ddcaa0b324ee
1970,6829-68769-0005,6829/68769/6829-68769-0005.flac,music/jamendo/music-jamendo-0021.wav,2292037,5.0,False,0.11473563013789548,1.0,107520,16000,8bcd8fb0ede66ed97c7077e5bc6504e62a4eab77942f41ae5ede5f18e982f10f,98e3a143ced9cbd42d82ad8b412351db4a4ccb53ded32ed1b9f1eb9193336914
1971,4992-41806-0016,4992/41806/4992-41806-0016.flac,music/fma-western-art/music-fma-wa-0054.wav,358475,10.0,False,1.3737197530096077,1.0,252160,16000,a0bbda4b63dab860d7e4c270eda70d97a5eebd32395c305f5c971dd710407205,315d9e504ed49bae2a4e4d6a89424062f82850f53fccfab59dea72e9d0acaa4d
1972,2094-142345-0031,2094/142345/2094-142345-0031.flac,music/jamendo/music-jamendo-0011.wav,2541284,-5.0,False,0.7088460178142776,1.0,44480,16000,23b4b9982a527fd918364a00b526591e568515f584654f514e680ca62158d5aa,209fd69acdac6cafe94d7533ffeef83b7ae759bdc9693b72070e5e2bfcde3cb5
1973,4970-29093-0004,4970/29093/4970-29093-0004.flac,music/jamendo/music-jamendo-0148.wav,604668,0.0,False,0.3725484021465356,1.0,60000,16000,ed66419eb5282acaaa8a2b4b8a74fd067b9c6cc0513304b32c1827d176531db8,ab069fb66ff8e13dfe13171a5805ac719648ca2385e0d72c4c4ec41230d98cb2
1974,1580-141083-0023,1580/141083/1580-141083-0023.flac,music/fma/music-fma-0014.wav,1754007,5.0,False,0.10782583427003124,1.0,53280,16000,6bccd3d84af90c8daf954028e739af3c7b769f27e73d0754f12f2eb10fd7e9cc,44b0d1afc00b83aa5a1726b1ddac4026809ff030cc6e11297440700e581e8e48
1975,4446-2271-0001,4446/2271/4446-2271-0001.flac,music/hd-classical/music-hd-0058.wav,1307770,10.0,False,0.15665781020487254,1.0,101600,16000,3f73174bead6c4b93a9c39a366673365aa2e81112c84214a4e9f5076d2371b5d,b7e9dac0aa4fdc5c95632fcabb04eedcb06bbd98940f469cb21da04d3bc5fc03
1976,1320-122617-0010,1320/122617/1320-122617-0010.flac,music/rfm/music-rfm-0069.wav,2929649,-5.0,False,1.322607554821947,0.7017138123448816,160000,16000,ed63d37cf1715bf0f73fca5d40a5c7aea0a6ce80301c7c7bf6383c6fb553f348,aa63b1bd3a83bbe963ec7886d9b4bd052278c870258229c4315eea138eec5d04
1977,2961-960-0014,2961/960/2961-960-0014.flac,music/rfm/music-rfm-0030.wav,2289460,0.0,False,0.5952471021629342,1.0,140400,16000,e4025eafe0ffbbb142579933dca36731998cf79eb8a8d0fdb9ddc04acdb77e25,e43488d81cee876790ded43253e7729575860fd00e32f4b88c23fbe4875f8086
1978,4970-29093-0010,4970/29093/4970-29093-0010.flac,music/fma/music-fma-0092.wav,1016510,5.0,False,0.07973315172344421,1.0,228800,16000,d1fa8a7ac78144a04cc251fee7713d69e1c486fba370e3886cd84b4964a350d6,bf2f1e4fdd7a20023071259980667d30b50118a25799f82d35e07395e28ac917
1979,5105-28240-0007,5105/28240/5105-28240-0007.flac,music/rfm/music-rfm-0078.wav,649227,10.0,False,0.19242996270984963,1.0,74000,16000,92939f9f32e4d0f4cf0285b1acfb502558bc11b82d9e239b8b9caf1fe0a91194,38d6857b74a3b59c097753ed7b8fe43a6db8d1934dabfcc4fb5650aad8133b2c
1980,121-127105-0004,121/127105/121-127105-0004.flac,music/fma/music-fma-0103.wav,347655,-5.0,False,0.2461546560717119,1.0,33760,16000,68fdd404bea4123d3a99d3707cf9722542c5aa2aee34fbe756d75f87338b7206,9f6de1ffa9c4a42b81941edbbc01124eede8e9019d26cc9c9dd0b1f165ddf5ea
1981,1188-133604-0009,1188/133604/1188-133604-0009.flac,music/jamendo/music-jamendo-0096.wav,177866,0.0,False,0.25807350043713423,1.0,368960,16000,92d39666b7c6343fc7db5faec865d6cdc360e02799bcdbf95599bf014d2a6cf9,09f18e326164be978ede7b893abbcc09f4772685578a8a73f2e232ef8be17509
1982,1089-134691-0011,1089/134691/1089-134691-0011.flac,music/rfm/music-rfm-0079.wav,69386,5.0,False,0.15311055095242354,1.0,320160,16000,eff275cb9a7015e1b82d1221e82a671349740399b3ee82f84c9c7624c461386c,315adcd6fea941c6b95e217bc53e5d44a3f254c5d5dbb43152c379165d639e3f
1983,1580-141084-0046,1580/141084/1580-141084-0046.flac,music/jamendo/music-jamendo-0152.wav,2633643,10.0,False,0.09094955201510763,1.0,37600,16000,846828161e9a3e9103adc288523de1b89202a7a5379d13096c52690759bbf9de,3944f80dce1f50d5e859d2a56a3360242159faeb9ed56947fcb4d8638e95bdc5
1984,8463-287645-0012,8463/287645/8463-287645-0012.flac,music/jamendo/music-jamendo-0194.wav,1370610,-5.0,False,0.23158351514497283,1.0,86800,16000,a280b3bedb7d8af6462b9e779a8083b9a1acc2c68c989b56043b092d15cd821c,eb4dab57dd9659665e44d3bec7ee0f19056ce62a3a07933a097602de22067cdf
1985,4992-41806-0008,4992/41806/4992-41806-0008.flac,music/hd-classical/music-hd-0052.wav,1312852,0.0,False,0.8307517793584849,1.0,189120,16000,eafca5cbd9ed053b25b0bc984ad54d7a8ab36e23aa50d6bfbff0307f7a9748a2,668cbe9e89e00668aee863e6e277f9421206cb0d2ad6b1e1a8435563fcbe9c81
1986,61-70968-0006,61/70968/61-70968-0006.flac,music/jamendo/music-jamendo-0036.wav,3423557,5.0,False,0.0761682764903519,1.0,46960,16000,a680ba9d1a32b2b8a0875165c4c1f2ff4fd3d84b7a4ffdc92daa7e345db0233d,8fc2710300205c92ce58736b66cb9fefd40103538c0f780d23d5fdb4bf30ae29
1987,908-31957-0014,908/31957/908-31957-0014.flac,music/fma-western-art/music-fma-wa-0005.wav,1412350,10.0,False,0.09305127609078453,1.0,120960,16000,75317141198232e71049cc81e5b68a3ad44f89d0e70720a1ff06efd8bce97e6d,b78cd1b1c42a90bb346e8b43a38c61a38a6a60bbdd686160bb7c219753e47716
1988,5683-32865-0017,5683/32865/5683-32865-0017.flac,music/fma-western-art/music-fma-wa-0022.wav,3727194,-5.0,False,0.32045144873909376,1.0,87280,16000,f68ac1fc138b6d0613a8763239670afa1faf123b1903fc76b04c3044a3fcf694,3ad5d73dac55f7e88d35ff63320a46ad2facdb02d0aae09eaa3297ff31696bf1
1989,4992-41797-0006,4992/41797/4992-41797-0006.flac,music/jamendo/music-jamendo-0084.wav,674985,0.0,False,0.29316153177265275,1.0,72800,16000,4706476666ce737a17531ba062c5e4fa749e6961ec23e35cbe7790ebbb59cce3,cb02934ad3529ab7db9fc58a404e99859d60394c000782edddbced402cc1e016
1990,4507-16021-0030,4507/16021/4507-16021-0030.flac,music/rfm/music-rfm-0121.wav,302590,5.0,False,0.25081338627278715,1.0,236640,16000,e1c8eb2766e075fce8729edf5f007e02c221e24cd4c6fea27de11c17533e0a13,fd0380c6b400825fb8b5474083e9fc936578ed32df91716479be63ff6762ae92
1991,7127-75947-0033,7127/75947/7127-75947-0033.flac,music/jamendo/music-jamendo-0044.wav,2321141,10.0,False,0.051602823996820285,1.0,141840,16000,0f6157f0bfe700ce89614e7fca1de2bfc1c7cc9dadd3a535440e3c945e6977e9,8c79f0510ba429cf3d5a73321bcaaac98179343841ee57bdbe81d3610dd55d69
1992,5142-33396-0040,5142/33396/5142-33396-0040.flac,music/fma/music-fma-0124.wav,536357,-5.0,False,1.472644348546046,0.9484855097283837,44960,16000,93d60b8ffa73e5a2335792b7386e506a7cf2b5b852cf5e9d8022522141bce69e,311dc163f8f2bf534f683e3ed5d1b5b42f9dc7f9469facf3507a343fadf0d965
1993,4970-29093-0014,4970/29093/4970-29093-0014.flac,music/fma/music-fma-0072.wav,1440047,0.0,False,0.29628166817320634,1.0,68400,16000,783fa5c32c6f7b29abd958c6f41318b30f2035c76d7c56e38eefd9e394c02875,60466a7825a133fa3243726108492c82be02f4270f2c02a997159febe4ed8b98
1994,3570-5694-0007,3570/5694/3570-5694-0007.flac,music/rfm/music-rfm-0019.wav,3267954,5.0,False,0.30219906217145365,1.0,168720,16000,1c115ef44534fec51b833e2c9f3676fbee935858e3bd5e592f2518895493c68a,2fcbbd6cdcdb6978e6d459b72deb0b7532ceabdd9abdaf9e1c69eb4122b9efcb
1995,7176-92135-0012,7176/92135/7176-92135-0012.flac,music/fma/music-fma-0008.wav,2566878,10.0,False,0.1316102186310354,1.0,262400,16000,25546872bd60ee602ae67d11e568c091d67682c5e7858b726f5c9be9375a4a55,cd6f84d19e01de21f52f6ba1c43172c94799765d26bdc5f793a13f041d2837ae
1996,260-123440-0006,260/123440/260-123440-0006.flac,music/fma-western-art/music-fma-wa-0074.wav,421300,-5.0,False,3.940776705521301,1.0,43440,16000,77e317860ab3040856b2cc3f21753f68ddb691dfba5f852bd8d796d2480d1843,9cf26d8206c36063bfae8426ef08d9fb9f8fc7bd2be288ec7c855f5a59a2b2c4
1997,260-123440-0017,260/123440/260-123440-0017.flac,music/rfm/music-rfm-0092.wav,2024377,0.0,False,0.17731467418337624,1.0,49120,16000,44011535d23882913f6ffb7917c0ad99896ece78c536dd8a3ef13937e29d1d7f,60db6399edc0006a187a2bef21e89fd08af33fdd61e5c519b4d607be916902e4
1998,3575-170457-0026,3575/170457/3575-170457-0026.flac,music/fma/music-fma-0058.wav,574805,5.0,False,0.18109035874209725,1.0,267760,16000,1dd690dca3a18575cecf98e5dd7fb99fd9a2153bc13f9a7ae2077d90d08c43c9,b0a8c66578978fea768921c26ff7f3155ec001ac880ebc8349efc0546126cd0b
1999,7176-92135-0034,7176/92135/7176-92135-0034.flac,music/jamendo/music-jamendo-0192.wav,8380044,10.0,False,0.15466738605605895,1.0,71440,16000,2868e1f7b270af42094c89256b45dec8271ae31e72990d9eed9788dbd2f39c5f,5094e30da63fbd7cd81c9c7e278a97587bc14134f0dc11e926e53ae05515da3c
2000,3729-6852-0033,3729/6852/3729-6852-0033.flac,music/hd-classical/music-hd-0014.wav,357411,-5.0,False,0.7320104996674389,1.0,457200,16000,14d43585fd1de116672941053b05d4f5b0c0088610673cc13f928b5862ed9c12,cb1cd87283b0da05cb84ec4876ab65645ae468c51ac7c14299d2c267dc4d9509
2001,2094-142345-0039,2094/142345/2094-142345-0039.flac,music/fma/music-fma-0052.wav,989721,0.0,False,1.1280198223761713,1.0,100480,16000,8619197942e87287e05fac6ec1965407a35ea65fd70a08f9e38f1c13d9a0d8c0,56f2c0444a0ab31d39d876a1684a01cec6082a2432ef38c1234c76805b3d6b56
2002,1580-141084-0009,1580/141084/1580-141084-0009.flac,music/rfm/music-rfm-0064.wav,2516038,5.0,False,0.1353720352669141,1.0,74960,16000,8d4cf557ce1e5bcd0d9067c1e2a216e6969bb75574fbe2cbe9e76e8477ea1c7c,5d31892d844389405346568607f90c5a41f024acca7a216d8274fe7223cf4e62
2003,5142-33396-0046,5142/33396/5142-33396-0046.flac,music/jamendo/music-jamendo-0004.wav,5229276,10.0,False,0.07257346088895841,1.0,59920,16000,c321ebda6f838254d336f0df650bfd847108f666c7cde7f68d687e228acb6f5b,9931760a708a5afa97b7870826769134cc83619a655ec87fc380db3f6d98487c
2004,8555-292519-0007,8555/292519/8555-292519-0007.flac,music/jamendo/music-jamendo-0190.wav,3241246,-5.0,False,1.2893139350992677,1.0,134480,16000,8f20fb838b5274692aa1b3c2abd92d4f274525303b8d0095e1ee4d5981496768,ecb9a6678fba6234ccbd87d70723f892c34252773cbd0656fbcf6cfbeb480dc3
2005,4992-23283-0016,4992/23283/4992-23283-0016.flac,music/rfm/music-rfm-0092.wav,2251389,0.0,False,0.0957098262997384,1.0,71920,16000,fde0ab2930da66a9b56c782f21f3fd59fc660b8d63a6b4e6acd30651819825aa,cb09162dbdf6496f9272689fc430992907be9c61276240d41e4f4944206c0d5f
2006,237-134493-0016,237/134493/237-134493-0016.flac,music/fma-western-art/music-fma-wa-0028.wav,988114,5.0,False,1.0687288373573969,0.9551563978644265,161360,16000,3b2cb305a99525e65c366d99edece506929db1fa4a1ac56bc9317a938dc7de86,34ba380087f65baa128fb9977dc276563e04ac8d2e43bc5d0facc9b0d2ab9bfb
2007,8230-279154-0036,8230/279154/8230-279154-0036.flac,music/fma/music-fma-0094.wav,207306,10.0,False,0.060876855900488316,1.0,51760,16000,c59121bb85e88c2c6deb31b7ff967f8459cd49f50e291e40e86c6fc53f709875,9b47010be39b52973dec59efe955022f94025c40d5f0505110719a2a68155f5b
2008,61-70968-0052,61/70968/61-70968-0052.flac,music/hd-classical/music-hd-0064.wav,340370,-5.0,False,1.3379258020172262,1.0,42400,16000,abbc8181efacff8a2dbc2d37c3f2f55e02879523dbd58eb5f3e14eb8e6f0a6bd,5bf6f396dfbe3bf6931032c872e6d0c68aa10f3c8b6eb4a5397f3e804b7fd149
2009,5683-32865-0003,5683/32865/5683-32865-0003.flac,music/fma-western-art/music-fma-wa-0092.wav,792340,0.0,False,0.34860313377054075,1.0,56160,16000,d65d4945d57ee77e1ab486763baf8c48e899eafa1a05c0abf2157b84b5931db3,279eaa8afc405c2582a5539488afce637f5c66c2d8c1b6ff7b6d4fd1c363e9a2
2010,1089-134686-0024,1089/134686/1089-134686-0024.flac,music/jamendo/music-jamendo-0177.wav,2750477,5.0,False,0.08432917559173705,1.0,186480,16000,9f65f9a222b17b81ec27fe35bbc472554ba4105453e472cf2c1020dfc14247bd,2be1a40fbb0c73da845d95f49416e9c764ab5aa0993939d4bd3aee4ff79a8261
2011,61-70968-0058,61/70968/61-70968-0058.flac,music/jamendo/music-jamendo-0082.wav,600853,10.0,False,0.03336051179498386,1.0,29120,16000,3ad240f4d20e9179b043859f3a0a1354c3fbf0ad23d50148b23d39f4217e2934,edf7ddb2fb3dae766933718c421f9004652e9ca71ec8f3548ba71cab88c51415
2012,1221-135766-0007,1221/135766/1221-135766-0007.flac,music/rfm/music-rfm-0073.wav,2326856,-5.0,False,1.597989002528639,1.0,140720,16000,069f02118c369bbc6531d751d0ae145c22b04797568a5f83428e1e469fcc2382,8fe9706855055d6783382169fe3b1ec00ab1b2c37ce530098c72fcd9d7eaa169
2013,672-122797-0052,672/122797/672-122797-0052.flac,music/fma-western-art/music-fma-wa-0086.wav,1416171,0.0,False,0.9264014396030323,1.0,68560,16000,27ac2338d0ade978859fa29b0997a955e9b08eab63656be69838c61ee15b5cfa,76ef0c242bf207941c92786c28e8bc1d8165a4ac329c661eb21a6c363e7b69b1
2014,4507-16021-0025,4507/16021/4507-16021-0025.flac,music/fma-western-art/music-fma-wa-0084.wav,304677,5.0,False,0.23095780506376906,1.0,147440,16000,0c0461cbf8c77299a9443fba3260386fe9b5fd915c9feb165b831f00e0181d69,a1cedf910fa04df9e716f9a2e8d97d3eefa5a47b5390696872fbf26fe28bd369
2015,4446-2273-0021,4446/2273/4446-2273-0021.flac,music/rfm/music-rfm-0090.wav,2191577,10.0,False,0.148125404474979,1.0,84080,16000,5401f4ea5acb6ac5305f95e2839ce762fe33181c5687614d133de984a5d95811,1609e492d66532a94667ad1689e61b860874f1d3c55525217ffb6adbed4aadf7
2016,1995-1836-0014,1995/1836/1995-1836-0014.flac,music/fma-western-art/music-fma-wa-0076.wav,40195,-5.0,False,2.4296747461035992,1.0,144720,16000,d3a1306bae502e29d092f306e2530fb5f142a8ff251bed93f6e7c654d7036a93,e2942e50b7f67747bf95a95c24d78447d01dab20c3d702c439b03f948170b85a
2017,4446-2275-0032,4446/2275/4446-2275-0032.flac,music/fma/music-fma-0122.wav,1222050,0.0,False,0.26420019761854546,1.0,51920,16000,caaadba7190dfe8b92750c2f4d4f2d541e228080828bd9076db9ff532fc27078,e4f92cd0314180d04a44c3450ae8161bd4a98a05705c0a7cf7aa4ea56353c829
2018,260-123440-0001,260/123440/260-123440-0001.flac,music/fma-western-art/music-fma-wa-0000.wav,1299751,5.0,False,0.20075685607838653,1.0,27840,16000,917e999926de7ce449b486ae6623fc43818f4dba873406754c534752a8e34130,69c24c6b1ed980388e82c5e205a0214d491af48c99147ba4094703f9545bd028
2019,2300-131720-0028,2300/131720/2300-131720-0028.flac,music/hd-classical/music-hd-0012.wav,2211407,10.0,False,0.2541674794580003,1.0,415040,16000,0775714973d84ad4f1cf46e9d2a7b54f77f70b43d314dbeca3996b74d77a0494,877f65b85f086dc7b8109532a4da97c136b760d94b07b52318c8bc8574c7804e
2020,6829-68769-0002,6829/68769/6829-68769-0002.flac,music/jamendo/music-jamendo-0158.wav,3004579,-5.0,False,1.1429990212192382,1.0,49200,16000,03e04c68ba62011e3234664126015d19199a05164ac50c805a49f886bf55b6f7,4beafc82ec5f0e39db987a1b86ce1d245707ac04976c8710920fd9fc5f534689
2021,1580-141083-0015,1580/141083/1580-141083-0015.flac,music/rfm/music-rfm-0108.wav,4827972,0.0,False,0.5291033569051006,1.0,79760,16000,a9c59d6a03029f66b34c10fb217b5f0033c84d1a591609d9800220ca8df3d0fa,e1cf67aae38c793d542b1ba87b16c5ce063de0ade87c9884b858cfab15849a4d
2022,5105-28240-0006,5105/28240/5105-28240-0006.flac,music/fma-western-art/music-fma-wa-0044.wav,2742735,5.0,False,1.3098489092664696,1.0,222080,16000,e77b7566667766bfc7bb750341648413cf5babb9a278f2aa5bdc7fa9a35a50ef,95ffc03cc14dcf4cb86dfccdc94ca29d640e99baee2736e42d77756a18e6f888
2023,1580-141083-0010,1580/141083/1580-141083-0010.flac,music/jamendo/music-jamendo-0161.wav,3274943,10.0,False,0.04721991115531035,1.0,85120,16000,b6ed92f1ac8e6a538d63cfa0902c2891139bb891a088a8d5732a7e826828be60,ab0b62dc76c1e294250998ef8d112d87ceb32701cd489685b69dbd401a7b87d0
2024,61-70968-0041,61/70968/61-70968-0041.flac,music/fma-western-art/music-fma-wa-0045.wav,5219690,-5.0,False,0.6617944070427956,1.0,109200,16000,ea941cbef651c558f0dcee117854f6f290f8f4ff3aeff6bc6ed669aa380b8b03,891474acc8bfab415c63fbea1019d5caad2bfff3d9d5baa71de34688c1786981
2025,4507-16021-0045,4507/16021/4507-16021-0045.flac,music/jamendo/music-jamendo-0208.wav,4588956,0.0,False,0.47650497975989176,1.0,78240,16000,4bc4a7dfea466770298a7659e4b34cf3d96a80c98ecf416e4cf3b1b0fc3f13f5,8a034eb17ac2ce5cb112712799fd832a772a7efb53587dcbb8b24003d0671c1a
2026,5142-33396-0064,5142/33396/5142-33396-0064.flac,music/fma/music-fma-0075.wav,4426280,5.0,False,0.06348451073757204,1.0,52800,16000,19d2cbce685375749bec774657ae6282997f5b2dc3a4c653806e0c5e71cd064a,397dae7d2aec3e3a03e47a16a469ad260047dc90d885444b9205864f6d815913
2027,3575-170457-0036,3575/170457/3575-170457-0036.flac,music/fma/music-fma-0106.wav,256026,10.0,False,0.08317075315519014,1.0,452320,16000,b460c16a025f1fe3319d4b7391ee0d6cb5b9a1bda69462c069604bca292845ec,e04d34f96401b0530eb0d462103fa0f56144693ec760bd6867ea1c73042bfded
2028,1580-141083-0000,1580/141083/1580-141083-0000.flac,music/rfm/music-rfm-0007.wav,915281,-5.0,False,0.23348405759337965,1.0,143040,16000,0e929f3bd9f9252e06e12a8a072bd16a3d9a418cbfe8a3d284adbca6188cd8e2,36b2b22b5237931fcc7815422172843f26e32852d42911a28f14dbd0ed241f46
2029,1089-134691-0017,1089/134691/1089-134691-0017.flac,music/jamendo/music-jamendo-0040.wav,3383626,0.0,False,0.5890563363738104,1.0,187120,16000,4e99c84d14cdecd4d8235736ef9126bbabafa7b8b43d598ae8cc80f3223d51fb,f44bf8b8470d6891e8972c02c8757452a5917c30fc9e500350be9390bcde3af5
2030,8463-294825-0000,8463/294825/8463-294825-0000.flac,music/jamendo/music-jamendo-0062.wav,114469,5.0,False,10.511508704758775,1.0,43120,16000,6dc162282859e21267273e91dd2c7df20bd6e89accc51a0a22698eb33b4a220a,ac0df94b52691598f0052f36909a3c7feb7f1a31ebbd83195311737a8b041ca3
2031,4970-29095-0007,4970/29095/4970-29095-0007.flac,music/rfm/music-rfm-0042.wav,329605,10.0,False,0.10764732742318961,1.0,236960,16000,63e1d4813a6cb2640385848d02bc4bc194d90d7b3d51fb332f34fecb4a50b320,a952552a6840eb8f17c0267e4b26dde5f9d0ee97943f7f133b74cb6a4a3f342f
2032,3575-170457-0007,3575/170457/3575-170457-0007.flac,music/rfm/music-rfm-0068.wav,2539279,-5.0,False,0.6104545324528775,1.0,124400,16000,2cb3492561fd52c0215eac6ef39d824f1dbe5d95adf4ba3231756a0ca778882b,10401c2e6350c31b5f7cb72238017d10f2c65ee1951a5880feccaeda241d9c07
2033,1089-134686-0018,1089/134686/1089-134686-0018.flac,music/jamendo/music-jamendo-0179.wav,870171,0.0,False,0.20180087234210933,1.0,251520,16000,3b72002d222e2557d9510b29fd60d38079e40386dd71f340dc79219eeb739514,72e4e5a32c90447b73a1c0c71d4cf52e56abe4d869aec602047e26a9140fb8af
2034,4992-23283-0008,4992/23283/4992-23283-0008.flac,music/fma-western-art/music-fma-wa-0006.wav,1338834,5.0,False,0.1914394366144621,1.0,78560,16000,3e8d6d0489b2465fafa3fa0c1dee30574568574873f1ae565f883ad1a0ca6e48,b4d92008d095a63b40eb83c9619086fcdae10d8342362a6949ea11722e77e86a
2035,5142-36586-0004,5142/36586/5142-36586-0004.flac,music/fma-western-art/music-fma-wa-0031.wav,2366020,10.0,False,0.4055300502426762,1.0,57040,16000,f23e432c62717c09f20912e38497fedb2ae50f73a970c8ee999b69917fb89b37,384907b66407dbd35b3d18138c8a2c09975d334a54635fd584555744bcebe00c
2036,7729-102255-0017,7729/102255/7729-102255-0017.flac,music/fma-western-art/music-fma-wa-0055.wav,46637,-5.0,False,0.3730770334006098,1.0,241760,16000,f95383b397e02a63386f0f80aa85492b0d04dedd3d3a83a21db5cada65878000,53c5ee6ebe6090bb4ead9fc307562da4d0748201c76b709134691f62e531e453
2037,7021-79740-0010,7021/79740/7021-79740-0010.flac,music/hd-classical/music-hd-0062.wav,1975550,0.0,False,0.6817526207904281,1.0,192400,16000,aff5ffe98df58e6b8058b5fef20919a7138006e17ee47467118c0b20c90bc8ac,b7ee285e734ea9a392ea0efa37fc863c7f306388d7024f27f5dd2ba10b733981
2038,3570-5694-0008,3570/5694/3570-5694-0008.flac,music/jamendo/music-jamendo-0005.wav,3520642,5.0,False,0.15996289269332487,1.0,151920,16000,02c66500109702478b437ddd7025a80f8cde721bb1a21fcb2b0701c5644f3b4c,182a075e590c8530f33b952e19dc156ec01b7ec80be25775532bf2473629b1db
2039,7176-88083-0024,7176/88083/7176-88083-0024.flac,music/fma-western-art/music-fma-wa-0073.wav,454336,10.0,False,0.1397950237642407,1.0,131120,16000,abfa5adf8c299c0a27ff68749c9ab7fce682553ab2b3dfd0aa89626532a87a4d,d5d4e2d5757a741dcb3b310f1c34abc546c001be5c984d71f6c0b20aec2a51a5
2040,7176-92135-0020,7176/92135/7176-92135-0020.flac,music/jamendo/music-jamendo-0211.wav,1383706,-5.0,False,0.6636079577370271,1.0,114640,16000,1a7103f8b51e61d80870f8f83fae0a3d440d32f688627eaa22e7c42d4783b33e,ac081c2c6040b13c61d55101bfd1ab9185d15f7ab70570602527fb0ccc45aff6
2041,4446-2275-0029,4446/2275/4446-2275-0029.flac,music/rfm/music-rfm-0080.wav,659468,0.0,False,0.19125131773058857,1.0,100480,16000,85f8b63ee06f3c4e18b0863a8cee8a6507fa84e05dfb054eb436533dee9534ff,21ec93242565e1c3aa4167014558c3a4d8c4c89d2eae026b7da182c2acbf6ab4
2042,237-134493-0001,237/134493/237-134493-0001.flac,music/jamendo/music-jamendo-0159.wav,3202237,5.0,False,0.2757917156066953,1.0,118080,16000,a7687a871d308300b352bd340a43013919403dafbc36cd66f217cdf0cce2905c,46a82bae093dccd53d5afd786a64f51c510894f67219284783d680283268b14c
2043,1089-134691-0012,1089/134691/1089-134691-0012.flac,music/rfm/music-rfm-0116.wav,395453,10.0,False,0.08502151536132503,1.0,240480,16000,1cdf1d64c16725a4fb84499cf7226c18f9817e8371c94f4b559a7b8341083755,2215cb0b05c8bbef9bb5625b6638bd2e4ded5f2d194a6fca0978e1fb15be90bc
2044,1221-135766-0000,1221/135766/1221-135766-0000.flac,music/fma-western-art/music-fma-wa-0012.wav,2102484,-5.0,False,0.6593959382460393,1.0,198960,16000,29c67807e2be8a661b38ac883f3197be8d0550b3940eb3c09e24b72c0d0dde48,30b2e9e03051b1d0677215108f0fc423c9a512bdedfdd91c33d48bd10ffdb06b
2045,260-123286-0004,260/123286/260-123286-0004.flac,music/rfm/music-rfm-0034.wav,409231,0.0,False,0.6660232952999005,1.0,55440,16000,c5a0c49d6711cd9acec4336d357285caf5392c8a48679580af8bdadc959d533e,4c726a2c21c89cfd067d0bdb3eb900dfb91017054e4836b38d181745fcd639e3
2046,8455-210777-0064,8455/210777/8455-210777-0064.flac,music/hd-classical/music-hd-0033.wav,10157343,5.0,False,2.2564189478034424,1.0,61360,16000,4bb6e04b8f7fb662a5485c69e71812d3984f5d6be29bba7a53b95343051a729e,ee8398a5d9759300a9ca4b684fa90b240e57818491120fb8930fe0b80d5a4497
2047,7021-79740-0009,7021/79740/7021-79740-0009.flac,music/fma/music-fma-0083.wav,3067628,10.0,False,0.09847651444713884,1.0,58160,16000,86514e480d3bc612e0bdab3bde698080c679977ad50f52b7da3d62ea77f7b1ee,cb48352e1c0289f51549bbefd73745243c747f68419f7e0444653f04d7b46afd
2048,8463-294825-0002,8463/294825/8463-294825-0002.flac,music/fma/music-fma-0036.wav,2982389,-5.0,False,0.8712515693805373,1.0,168960,16000,7aeab7c2adb72a4247843f84d893a3362d98245b5e8c3defde449ef3542562c3,c87a59b3dbeb0ec0a890a8a8237961b5b38cd0d1fb4a081d23525935146f8c1b
2049,260-123288-0027,260/123288/260-123288-0027.flac,music/jamendo/music-jamendo-0152.wav,2336,0.0,False,2.447375843708126,1.0,100880,16000,e649e337bb055027a807c8b352ce0dc588c1e1323df2eb38ae80649535606bff,3ba66ffc687a99f623cde9f169a683507b69be8e7175c7551a2b2a8453c3e802
2050,1188-133604-0005,1188/133604/1188-133604-0005.flac,music/rfm/music-rfm-0057.wav,1232701,5.0,False,0.12023597584884353,1.0,136960,16000,d71bc07715b59eabcebec31f8d5df9f8e266b048340e62d4368939ed381ce5b9,8a95dbd3ee4cb935ba742c72c2d1b537dad00aef38d4d31698aac510de5378d8
2051,672-122797-0007,672/122797/672-122797-0007.flac,music/rfm/music-rfm-0106.wav,3004273,10.0,False,0.0759803775032197,1.0,102720,16000,ae4b62517d45c1564cdda5566eca5aad4fef07ea7ec900781559a7eecc076fe8,5a4c6d0b76f8a406b2095b5ad469ea2b667d5dfe8eb9bb37e6f33ab7a6ad6d71
2052,4077-13751-0019,4077/13751/4077-13751-0019.flac,music/jamendo/music-jamendo-0071.wav,313079,-5.0,False,0.5385174089878545,1.0,46720,16000,d827baf22599bb07271b32df3832cdebcd671eded0deb610f0f74d1687ff89dd,4eaff46712ed15cadad73e69834a9d51d54bcce5c4f9caaee907c9780cb4b3cd
2053,5142-33396-0042,5142/33396/5142-33396-0042.flac,music/jamendo/music-jamendo-0110.wav,203070,0.0,False,0.39212156027997136,1.0,97520,16000,52401e783acdaf67090d7a9de429cc9c40cbdeeff33635b92364818d86bfe849,bf621e1f09bd8548a76561f5e5b55b4cae0e201a6252ca5f5ce60ef6ae55291c
2054,8555-284447-0017,8555/284447/8555-284447-0017.flac,music/jamendo/music-jamendo-0114.wav,2361028,5.0,False,0.0916268459271259,1.0,185920,16000,aa7a11ee7632b083c18a0dddd474313b0e817bdee5c7aa73216f4b2de5ebc8cb,685898bff274fb8df0ab1fb100762fd93cc17f508cf26f4b705cd95c5434ae7d
2055,1320-122617-0018,1320/122617/1320-122617-0018.flac,music/hd-classical/music-hd-0028.wav,10140070,10.0,False,0.1595352583700127,1.0,155120,16000,5afb0c715ec4edf53357616131b4789c530577d90e2860b6fb73028b72dd4491,328a63c1b420f5ef996ebbb3a818c2862b3d8ab63a7de916d8aab2c38ef06465
2056,7021-85628-0014,7021/85628/7021-85628-0014.flac,music/fma/music-fma-0001.wav,1854791,-5.0,False,0.3401241479436643,1.0,36720,16000,f6ddfc9f10195bfe9e276cab31a3de007b99f7ed6d4b5dd3ed0655d30bdecad2,8b428ec5b1ea1a7c2e04260622435fce81a8cc566ac18cfd705467fea8e3873a
2057,1089-134691-0016,1089/134691/1089-134691-0016.flac,music/hd-classical/music-hd-0068.wav,257385,0.0,False,0.5998168525675736,1.0,144960,16000,cf86b1c683f667e2654a73dab0b72d218e8ea7beefb49786a4095bb7c3a207d0,42e337c04fa75107b6dfc63ee7c1024f1f8de51a7a2ef944837c3e26ba4ad4cd
2058,8455-210777-0045,8455/210777/8455-210777-0045.flac,music/jamendo/music-jamendo-0083.wav,2507570,5.0,False,0.09377457294282983,1.0,180560,16000,5b6f23e2492c21bc7e637be4889fc1f568572cc63d3e4760c556573be5982458,eb17f456c7090549add6455478ab3c2c3a4390897f8d9f7d894513578ddf0df1
2059,1995-1836-0000,1995/1836/1995-1836-0000.flac,music/fma/music-fma-0086.wav,2195773,10.0,False,0.21683706708094205,1.0,143280,16000,2b303566458a45efbdb80d5ac0ba335fbcfd46b7f69643cd3619eecd1d013a39,441211595c71b6a51a9e1c02ce383a7a88ce0f56a69e376d33ef292416a75904
2060,4446-2271-0002,4446/2271/4446-2271-0002.flac,music/hd-classical/music-hd-0056.wav,1105723,-5.0,False,1.5512840844009597,1.0,38160,16000,c54580983e55f0a9f105cb3f41a76e5c4792a3213ec9f916ed88b099f9ec5056,bf8bed81b09db2b6a02efaa5a4306f68d0a684298f03be1581bdcbeecbb5bf84
2061,2830-3980-0007,2830/3980/2830-3980-0007.flac,music/fma/music-fma-0014.wav,549555,0.0,False,0.29865287645332267,1.0,163040,16000,97e4cfc6d5b65e9fa778780a19594ba47014686349b4dc98ec1253564b994fc0,4879fe3d09eef6013cd3d127c92557177c65f3e3f2839409b4863f7267338ae8
2062,4992-41806-0013,4992/41806/4992-41806-0013.flac,music/jamendo/music-jamendo-0133.wav,3374170,5.0,False,0.19051512622195765,1.0,96320,16000,7b84c8a6e9379020c708aa34de0918877059a189f624ccb18d3a22baaed694f5,112c8d9722809a4757a8e8a342ab5825b54a7c79df6c71381c9b066c100c1452
2063,7176-88083-0009,7176/88083/7176-88083-0009.flac,music/fma/music-fma-0087.wav,616141,10.0,False,0.15525970400803182,1.0,64720,16000,c71b697b38c9b094fb2a98cf31761a985bf4590b51bd34e15afb8f1a0886f289,b26c2e2537b4e0e77d0ece1bde46bd187be0f6131e73a55e601477b6dccd1b26
2064,8455-210777-0070,8455/210777/8455-210777-0070.flac,music/rfm/music-rfm-0010.wav,485977,-5.0,False,1.8238704587266803,0.5881254535905677,95120,16000,c53c0d78ddfdd8e8a14a9094451b3f52ec9105055edc2159bbf17cd760f0390d,11ae72ee7909fc0cc9bc4af1bd146d020eedb19bce32e1b989226196f69a4441
2065,61-70968-0043,61/70968/61-70968-0043.flac,music/fma-western-art/music-fma-wa-0087.wav,2016612,0.0,False,0.2894573072385162,1.0,107760,16000,ac7dfa89b0ef04f305ebdd310bc2fed86e2bf314f69a3a6bb7e688f0ed91351a,3c2564e202884788186ef790c8168edd044b617f06e3636a68e2e77376329e90
2066,4970-29095-0027,4970/29095/4970-29095-0027.flac,music/fma-western-art/music-fma-wa-0047.wav,2660534,5.0,False,0.44828774638814933,1.0,156720,16000,c8dd401f7af439e126c9f8965fcf293c082784c853fc6b6904ffc022dadfc6b8,dbd5a970dc8deae23ca9c0be7aad01dd1132807c45e9af247a272b9e5b16b154
2067,1284-1181-0000,1284/1181/1284-1181-0000.flac,music/rfm/music-rfm-0045.wav,1354483,10.0,False,0.13394807775510117,1.0,63440,16000,e1f16b731bfaf99f5918069b4a2681482abf4bca5cfc99175fc3411376136bad,45b7df8333ddac1d94151698964d1f7edd6c46422400561d769bc8b8b041a149
2068,3570-5695-0003,3570/5695/3570-5695-0003.flac,music/rfm/music-rfm-0083.wav,1019690,-5.0,False,0.40048510284415356,1.0,85680,16000,c70f73c3c2e1d532a8fd8c5cbdad20a605ccf928b7d22f867857cf753f1e9d91,35344058905d3a3f584d29df5c8f193a46649480cffcddd91164bdd6ba93878d
2069,237-126133-0013,237/126133/237-126133-0013.flac,music/jamendo/music-jamendo-0139.wav,2996169,0.0,False,0.1299650232123102,1.0,109040,16000,69348de27250a4f90bfa6a71545a7245559918797cd0ada1a7c0c08793a896d9,638a6899b21b44a26668649b5363a2409890411be5ad24290821f1a354c018e8
2070,260-123286-0013,260/123286/260-123286-0013.flac,music/jamendo/music-jamendo-0047.wav,2294120,5.0,False,0.26730399326080123,1.0,75680,16000,1d535aa05bb4b274f804a86e9d9c33de16f6c1a8d548f9d377be63a3c434cb3b,9bdb74e0f2c3705a18346c6c41bb917c9825fcb500c0a81dda710c377748bd96
2071,3729-6852-0026,3729/6852/3729-6852-0026.flac,music/jamendo/music-jamendo-0203.wav,1453985,10.0,False,0.0978482077264342,1.0,75040,16000,ea4a4b504f240b7750661c3b84b89fde84d7ece22ee6310edb6da7e15f59c0e0,9cd73d6ec584fd75aa7242bbfad87129d2e06f5960c47b514a3a98565d9c6251
2072,4077-13754-0007,4077/13754/4077-13754-0007.flac,music/rfm/music-rfm-0055.wav,2168671,-5.0,False,0.6531417641243393,1.0,223200,16000,8aa49aa1ef5afffc58e819a8560774aa3753c950379006ab3378aa39779dbe26,78a938a40f2bfb9a0e7731eb967325363102bc27654f54074ca5078bf2dffb5e
2073,8230-279154-0026,8230/279154/8230-279154-0026.flac,music/rfm/music-rfm-0088.wav,1772773,0.0,False,0.49327107622595295,1.0,148800,16000,6a22edabeb1ebbf5c970cf8e0c66b91cf6f5a7cb39d0f7c0f29c3cdf7f177177,b7d4bdfb61ea520fa781aaad7005d412a78256053f528a838babd30d923f366d
2074,61-70970-0021,61/70970/61-70970-0021.flac,music/fma/music-fma-0017.wav,486037,5.0,False,0.12618963063076338,1.0,86480,16000,b0ed3de042122f940e86b0246cf65206137bccd2d75467c7bc8227d316147959,15956f7aeaddbf342b1a65bf6cb49641823a4ef86349791c65d82e360992d7c0
2075,1995-1826-0006,1995/1826/1995-1826-0006.flac,music/fma/music-fma-0066.wav,226695,10.0,False,2.1789794750495686,1.0,39281,16000,13d9cabae838ec278dd7821a7ca1bc5e3e1c3b074229a13d5108f9123de78e38,b0c4c70040e66f750895a590bde38aea3e4a0f4eddcae5bfaf92068f27f74891
2076,61-70968-0042,61/70968/61-70968-0042.flac,music/fma-western-art/music-fma-wa-0090.wav,1747960,-5.0,False,0.41795405082186204,1.0,44560,16000,0e4c658f1e067baf1083c919353436ff77d7ba0233def4f563de7a517b92fc65,b65dafc5fa74e8836f9f0a5da3383c2a57e803b4dba5753bcff181a7548ef2bb
2077,61-70970-0039,61/70970/61-70970-0039.flac,music/hd-classical/music-hd-0007.wav,465089,0.0,False,0.4806663696293532,1.0,106640,16000,ee4fe9a675923e697eb2ff114293e63bb9af7040c4f727415216bb5508ca7bf7,b9d4e756ed3b6c343d101c23b3b2c5519b446894d22d3a7a1e16f46118a74ba8
2078,6829-68771-0025,6829/68771/6829-68771-0025.flac,music/jamendo/music-jamendo-0060.wav,1511992,5.0,False,0.1608924125528811,1.0,125280,16000,d8522103acca4a1957a16bb9bbc14862893bb7381fcef0353016977889e9708f,addee0fd72f4f7790176343c51b21a411bba534a59a847134625ebd16cfc963b
2079,1995-1837-0025,1995/1837/1995-1837-0025.flac,music/fma/music-fma-0023.wav,832573,10.0,False,0.12091904982869207,1.0,152081,16000,9a1ec7084b835cfe352d0d2d8d33885594e7bda37653e2bb5b58c41a4ad72d22,fa549061ede0c590a02295371ab6c14b576d84345fc4aa413c4ae7b1ed61f0a6
2080,2094-142345-0018,2094/142345/2094-142345-0018.flac,music/fma/music-fma-0052.wav,715773,-5.0,False,4.781151130283797,0.2681036011538558,50480,16000,7c3875ff76d4d7fdb07089a1842898b10c5d311d324e4b6bb5a29e20820f2509,9b2ad997ac08ae23247d9aee3b3968c17e978357ef6d77ffbbdd5f22d42ff5df
2081,1320-122612-0008,1320/122612/1320-122612-0008.flac,music/jamendo/music-jamendo-0173.wav,3129928,0.0,False,0.23273230744115173,1.0,126000,16000,73ce7d38af92ad909ea5fc10502fe4fb28a7aa0d743c9847f849e3a511127208,0e09e38dc6c97163c2d07989cc4864a44fe6d9b6332ad38fb192f844ec795dec
2082,1580-141083-0011,1580/141083/1580-141083-0011.flac,music/rfm/music-rfm-0098.wav,2549714,5.0,False,0.14912534463328192,1.0,45200,16000,9db8777730761c36561775329c893b2ebacc9bd5902af0eec9e42cfe55ccb4c8,4422ad35bb3c24e28535f1844cb694ed12ebe08a3b29511e315308c58afb606d
2083,1995-1826-0002,1995/1826/1995-1826-0002.flac,music/jamendo/music-jamendo-0205.wav,1377145,10.0,False,0.15866682702731846,1.0,73680,16000,7b0ea3927d6e0a471c4bf3325f9d4e25a1c3437726941406de1bd14b35d8127c,a578c501b91ab3b3540130499a0e783a29c3f59e95c210b31c7066da7fd2d57b
2084,1284-1180-0020,1284/1180/1284-1180-0020.flac,music/fma/music-fma-0012.wav,321389,-5.0,False,0.5150461805436926,1.0,93920,16000,af12b77063612a7b91e5c3fea7cfd32fc0e706a574d9391a70101bed0be92866,a1127a4ac8aaa79106e1ac021b31ecec567b2192f7262b2e71211c0a32048fd7
2085,4970-29095-0029,4970/29095/4970-29095-0029.flac,music/hd-classical/music-hd-0048.wav,554230,0.0,False,0.8674486733883688,1.0,62240,16000,d5bdf6358541f1e66af6a072ad1f9125493eb5fda0967017c5c45835ab836ae6,72a8a77e5a099bdd20a44fc5e20f8d9c7aa5dc1162dceb280088f3bb4cf543eb
2086,4446-2275-0003,4446/2275/4446-2275-0003.flac,music/fma-western-art/music-fma-wa-0016.wav,1011669,5.0,False,0.26800306487319275,1.0,32960,16000,628355a491f3bc9503fe5205982621b49f22f7138742643addccdb7bd5023119,b6296c8554e4d70b8dfebed0d105a7baf45c6c6cf55dfdef5fe7420e79d6566e
2087,5105-28241-0017,5105/28241/5105-28241-0017.flac,music/rfm/music-rfm-0005.wav,2146949,10.0,False,0.11117827652484603,1.0,204080,16000,eb9ebf036b052f1b82018f2eac0fe16d24f48573006fb263c5f37a98df708a2b,59267a0fd61da506f8fbb2a1009aa70f4d16123183d4c62f812dcebe764dc422
2088,7176-88083-0002,7176/88083/7176-88083-0002.flac,music/jamendo/music-jamendo-0204.wav,3121952,-5.0,False,0.8748260690279237,0.9796202579277289,120160,16000,82b2f628d2af18cda03663f5c3ec0f6cab5b95d64311bda99b9f0655229159f9,88600a2105831311389c44b183dcf9008d5aa91ed65ed9e870b2c6a28c1a649b
2089,7021-85628-0022,7021/85628/7021-85628-0022.flac,music/fma/music-fma-0111.wav,2542587,0.0,False,0.3120199672258725,1.0,82320,16000,40c37687fed78e2b3bb6c22bd857807238a073a5c30c729de00076d4c894b3e2,03be7c71648a2f92aae143745a527fc102b1c4f2566c54b321a7ced250a3863b
2090,1580-141084-0033,1580/141084/1580-141084-0033.flac,music/rfm/music-rfm-0126.wav,1692624,5.0,False,0.12715678838242797,1.0,112000,16000,0891406ea36a85265cd6aefdc20f65002e32582ca051be5751c7e145a4613bc6,0d881f4921423e927d1abac1c81683dcd99ea9d6c95b7fd07efccdb771a1d163
2091,4446-2271-0017,4446/2271/4446-2271-0017.flac,music/fma/music-fma-0014.wav,3577190,10.0,False,0.06402123095914197,1.0,196160,16000,5f848b837e0fc36f6a298bbee02bfda13eaeca2a8a94d8d869ad648e45001110,c32efafb3fe72ba3dc1ac73e5ad8c3d0e0079daa9008062df9da0bb4e2e0bd89
2092,8224-274381-0008,8224/274381/8224-274381-0008.flac,music/jamendo/music-jamendo-0117.wav,1085237,-5.0,False,0.4015502869775232,1.0,335680,16000,66e538841163f59aba98529723e73a0aae9d363f4bef03e23a66f7b834322c4f,dd7b8a82e2c7c0e7117702e00d6f89de5af221672fcff3fcc72dc56bbcdf9a3f
2093,4446-2275-0036,4446/2275/4446-2275-0036.flac,music/rfm/music-rfm-0107.wav,1371734,0.0,False,0.26865650746098313,1.0,46480,16000,638cddc87843936a8b523a75bec10ed811ed31f7042d2d070542b0dd15f8949b,f6db45b993413f3e67f45aeae150ca954a9d80a6de8b38a95458f9c6cf4f8a88
2094,237-134493-0010,237/134493/237-134493-0010.flac,music/rfm/music-rfm-0050.wav,2426421,5.0,False,0.16681184334480953,1.0,46000,16000,f127f6483792e45f5f3738b73874a01eee220da7732130912ec950163c241209,ed6037cac45bb09cd0ca46a8beeaf9316105538318daad405b31c054ef65660e
2095,1580-141084-0029,1580/141084/1580-141084-0029.flac,music/fma-western-art/music-fma-wa-0023.wav,2849123,10.0,False,0.09152790412965582,1.0,129200,16000,7ab461594bb6c2a2e0753fb64ee18c620215264e1024342e5faf495fd07d319e,189b7529997a47e8f6b70af14dcf24fd44fc9b3488061a84b338e0075be16c6f
2096,3729-6852-0002,3729/6852/3729-6852-0002.flac,music/rfm/music-rfm-0010.wav,321464,-5.0,False,1.1734806338445647,0.9795062179792174,140480,16000,3874378c230c928f869d27170a2b262fcf391948756baf52bbd06c2253117fdb,b7ca15ae8b9321aacecfaca737050cbfbc8aa8aae90cdea0e101e7d6433d513c
2097,2094-142345-0033,2094/142345/2094-142345-0033.flac,music/rfm/music-rfm-0010.wav,306652,0.0,False,1.1616317427359646,0.843213399429398,205840,16000,e61cbb2301a8667ec3c900abfe45588f0a0843e15916228d30c7582f76b1fd1a,6644cb188ac64f4333f4cf5ccd3e85201cbe35e0813c0e62f131359ccc2608bb
2098,7729-102255-0034,7729/102255/7729-102255-0034.flac,music/jamendo/music-jamendo-0038.wav,955014,5.0,False,0.15597628155211654,1.0,43360,16000,85e788bbb2336602cac341ac41302077595f573d0e1265b5b8743fb93e453de4,ee67b0e92f4b4b468f83bfc510b4dd134cbfc9b751a6af69c1c6d19f6d30624c
2099,7176-92135-0010,7176/92135/7176-92135-0010.flac,music/jamendo/music-jamendo-0197.wav,738890,10.0,False,0.08141775863592605,1.0,34560,16000,26ceefc50a7aefcba69bdca220f5f111066f510a7c0427858a8b748ef69acfaf,9ac50bb2263f84bd5500bb063eed099ca2ec1fee0b6e6574a4abbac3e5f0ac8d
2100,1284-134647-0004,1284/134647/1284-134647-0004.flac,music/hd-classical/music-hd-0074.wav,2508696,-5.0,False,0.8666974092947445,1.0,205360,16000,8ac857447587c24a3c41efe8285277927d30bce02d612455466ed551679ece32,d6378275b51e61361df83ba968b7316f03c33fe9121a73dd1195a17255d531d8
2101,8455-210777-0053,8455/210777/8455-210777-0053.flac,music/rfm/music-rfm-0125.wav,183788,0.0,False,0.6985984308802073,1.0,111280,16000,cc391b472fb37990d943e3f4543af94f42ad08e68002c5feba8af6411865c5d1,5841c7aeafefd060d1bf43349ffff9e6d80b8d7384db4d4b56e13edc725ef861
2102,8463-294828-0023,8463/294828/8463-294828-0023.flac,music/fma/music-fma-0108.wav,1109099,5.0,False,0.10341981814694272,1.0,75920,16000,3531aa3d5cb8fc641633a90af2988ce420c91e8209743d92a03597da44ad6eea,4d96dbd3ae4a97fb7321fb740e8af52557cafd9d83427d42efb490c7c7c0ce09
2103,4446-2271-0023,4446/2271/4446-2271-0023.flac,music/fma-western-art/music-fma-wa-0065.wav,1344093,10.0,False,0.11065583021284463,1.0,36240,16000,e9a3cb9cfd54605a7112ca043b2d970b07a7fbd4302aeded5e15ec752d525d5f,59e535c317d01d2e52eb32af49e862c6d27d68248da7366db66933ebb9e78e6b
2104,4970-29093-0006,4970/29093/4970-29093-0006.flac,music/fma/music-fma-0104.wav,418164,-5.0,False,0.30884449957124055,1.0,473600,16000,7887860126c00563f6f94c4061034401b5ea2609cc7c00cc0c450c5e25f451ad,b6b6ffd1c4345bcbe972d17cb0d729fbafaffd2b82209645fd660386ff229de0
2105,1995-1837-0004,1995/1837/1995-1837-0004.flac,music/hd-classical/music-hd-0056.wav,2697257,0.0,False,1.387260022005161,1.0,101760,16000,422e49de2199d953d681468ade76af2c9b6f1da437973c4eb60c8e7083ca924e,53f5f418ddd8cd21e052e6afe8288743f7698e0ea3271c88cb22f26b73049906
2106,1320-122617-0040,1320/122617/1320-122617-0040.flac,music/fma/music-fma-0085.wav,651662,5.0,False,0.31646535489477035,1.0,127600,16000,3c30d51e3370b649a86aea48c2860ed8de9dadff5e422bbc452bbd33abd4a7d6,028921165aa862cb3e2252cb1cef2c7023f7a5cd36c9c8717545e3b4cf03d420
2107,5142-33396-0006,5142/33396/5142-33396-0006.flac,music/fma/music-fma-0081.wav,1917232,10.0,False,0.05227295639041267,1.0,99680,16000,634c6d5f239abc073da0f50c8cc00a88c9bd8494aac0bcfb55e7009d66bc1c54,a12f61a893aed515ccf55ee41e36ab0442e702d4ab0bed66a272d6f616dee122
2108,4446-2271-0020,4446/2271/4446-2271-0020.flac,music/fma/music-fma-0057.wav,1030735,-5.0,False,0.4531177404271344,1.0,120800,16000,4d93d1ab35c5a848ca91f1861859292b42629ba6e86b684693b9b418e633d0e9,b1bbb9a325e03c287a4305d9905b97d1a29f6f3b81893b5d09b4a4cdde124db2
2109,237-134493-0012,237/134493/237-134493-0012.flac,music/jamendo/music-jamendo-0049.wav,2757743,0.0,False,1.0908501274054696,1.0,58560,16000,4ce12f5de609f6e56a867eb6bd7105e1fe0138c41492546f4b99f5593dc26463,416b5b5b4b70e572c5f27d500b42c89b4a54be309fb69014a4da157bb0ba9717
2110,61-70970-0035,61/70970/61-70970-0035.flac,music/fma-western-art/music-fma-wa-0003.wav,2495050,5.0,False,0.33443780110366705,1.0,118480,16000,339c6f8d6b6ad915140e5269ee16f1fc7d14cfcb7e3a2c7c908dde8632f0df34,65c170693d2ab0054e6ea61172ff775d3320709c58deac57ca367ef6ec212e40
2111,260-123440-0015,260/123440/260-123440-0015.flac,music/fma/music-fma-0035.wav,140779,10.0,False,0.11726688465555908,1.0,99200,16000,427e173c832e00fe1bc0b2c6c2086db8031df4c51ccf26968a1eee0cfa858c41,e9a49afcfbddbbe3a902b83e1e58bfec31ce29d35b3e9923b98918a939498fbf
2112,1995-1826-0022,1995/1826/1995-1826-0022.flac,music/fma-western-art/music-fma-wa-0076.wav,216952,-5.0,False,1.929891446668181,1.0,75920,16000,32af020773e9c5bb08c79d3b2aafec720526e0f3360c1af1c0ae7a60daf0d1a4,4c47758cf8c249179961bb6ac7657cd7f4c27c35f552fff0df9012b36c9bd045
2113,1284-1180-0029,1284/1180/1284-1180-0029.flac,music/jamendo/music-jamendo-0205.wav,623664,0.0,False,0.6348978068706428,1.0,85360,16000,1fd37f29b6b0c5af5f331b3ff791502eb92b806aa4de18139139def0cef4165f,52f6502f5f744af90a5c73f0e88010ab1e3392ec834939cd4f595d48fbfe95ef
2114,237-134500-0037,237/134500/237-134500-0037.flac,music/jamendo/music-jamendo-0033.wav,2766710,5.0,False,0.16517835178325857,1.0,113680,16000,33d617d6a31817b298d79dfbbe32406601697814fb3ab355205fa2890252a8c0,b6ba83702095fc75223209f50dd6d6badd215ecd51318425cd17d93957e58492
2115,672-122797-0053,672/122797/672-122797-0053.flac,music/jamendo/music-jamendo-0111.wav,2249281,10.0,False,0.03797797282554853,1.0,47280,16000,6b34bee67bb6fa9e29cba476e965c592e7bc76bf293036c2c95a28c0185d40a4,3bdc67bc88b8f0b65f3485c2ab192baf3d3a11a98b3a4b37f72790836f295727
2116,4077-13751-0010,4077/13751/4077-13751-0010.flac,music/rfm/music-rfm-0096.wav,545727,-5.0,False,0.44856441435354044,1.0,107520,16000,0b4a1ed583156451cfd59e19d0793df4d2efccc3b86f7e25fe8d2a8845ee87ba,b05b06b69f96017ae09908b85aab54db00c2249e986acd7e21d821d123385c4f
2117,2094-142345-0005,2094/142345/2094-142345-0005.flac,music/rfm/music-rfm-0072.wav,3039870,0.0,False,1.0280213496646804,0.7771532610648619,145440,16000,767d60231ac90cdbdb79caf683dcc78b32b06e7c8ae1832db2c0b6adb0f279a5,d678e7ee783831a7770af9b862cd0ad76dbe16fd1c735253ed5fd2dabb523625
2118,8455-210777-0001,8455/210777/8455-210777-0001.flac,music/rfm/music-rfm-0087.wav,1517476,5.0,False,0.45260169829480495,1.0,290000,16000,d47d71cb4f16d8b0b877230a65b3d64b52aeec149a0eff57d9e3b0ca502c0071,eda3ca553724429e74bbe3d3284fc552110833294b7f293ffdfb05c1303cb151
2119,4507-16021-0019,4507/16021/4507-16021-0019.flac,music/fma-western-art/music-fma-wa-0051.wav,1725142,10.0,False,0.15098041879630789,1.0,46880,16000,bee5fa132ef2a5ed8b61d4f139f066aa0e0568ceecfaf001f32a67194cf35395,8067b5b349d8d7ed45dfdbcacbfe061a34749da7e80228c0ce043bf3b584014c
2120,6829-68769-0010,6829/68769/6829-68769-0010.flac,music/rfm/music-rfm-0145.wav,914220,-5.0,False,0.47598639188353165,1.0,50240,16000,8e313f93abadf6266121edde5fff575b8e70dff027ed4437962172b747d198be,f52c6706146126915b4fa7359066e08d6cee38a6444b61feca16b222a8509482
2121,4992-23283-0004,4992/23283/4992-23283-0004.flac,music/jamendo/music-jamendo-0088.wav,328637,0.0,False,0.2135952507975566,1.0,128960,16000,2393d6bc5b78d6713dfc3ca53fb514f406b80774b5ea35658a14f9209dffe67b,87e6f2a8af4ad8c5a899b70dbbe151ca47fe97d33f1d5ea4800bef7bda8d84fa
2122,2300-131720-0030,2300/131720/2300-131720-0030.flac,music/jamendo/music-jamendo-0058.wav,717730,5.0,False,0.2387225943445764,1.0,159680,16000,7ad46b167d2babdeb5e73d5c14de1019e45b8b6090b5313e4205b26add8e6135,efe923fb54efba50e42c566056d0c034aff9ef4b86d8438bcad8931ef51370db
2123,1320-122617-0030,1320/122617/1320-122617-0030.flac,music/rfm/music-rfm-0102.wav,2265228,10.0,False,0.0997028472603548,1.0,63680,16000,c4147222eff0d89e6fe7aa17b2e627f8cb53c59e0481719da50fe5521e6f93a5,9111499f09422ec16283a55c4ea9d0fbfb240b1d78e0c2b8133ad4f7cfc5f6bc
2124,7176-92135-0030,7176/92135/7176-92135-0030.flac,music/jamendo/music-jamendo-0033.wav,2570601,-5.0,False,0.41469665199037026,1.0,35760,16000,ff68e0756ea02ef206bfaed1c8ff738698372f68682afa4d35fc4a2e0c41983f,151aaca0bf3f3de3f52057658fa270a1f67b5491f9328d56ed9b2fe1d1570644
2125,7176-92135-0042,7176/92135/7176-92135-0042.flac,music/jamendo/music-jamendo-0130.wav,501052,0.0,False,0.6071240228459391,1.0,116320,16000,c9c44d71a298e1999230e1c748f92da106c86822d9ba5ed19154f29f93557641,68fc1f04db2b726cdd5013cf2c1d8678b739252eaa23283f6fa780f26860ed58
2126,4970-29095-0012,4970/29095/4970-29095-0012.flac,music/hd-classical/music-hd-0031.wav,2018011,5.0,False,0.21321800899243665,1.0,74880,16000,3be762e6fbdb53db5f2e6a4ebec0829da7141c0cc07800c3ddbc8c73273b4d45,fb9d7dca456c5e1c5661067ee0cba2febeddabe1984a106b89fb386868ed5f37
2127,1089-134686-0028,1089/134686/1089-134686-0028.flac,music/rfm/music-rfm-0047.wav,39908,10.0,False,0.27702160052249136,1.0,125280,16000,594015e3ab1e8034df09034758b8d1c6eb0d89a85ebae899c1c191cf14d92ce3,63fc81ceb4e09476545cca4d4af612fb1991a5086a9bbd46bdd58bf07cd35b97
2128,3575-170457-0003,3575/170457/3575-170457-0003.flac,music/hd-classical/music-hd-0029.wav,5725652,-5.0,False,0.5505397557030288,1.0,121520,16000,0c75735b2969913a03107b955c97b09c35d7da60d4f0fd28958491d38248385f,262d11bd6435129738efad98b47d1fb222318bfe5b6b38769e52ecfe25ce2b28
2129,5105-28241-0004,5105/28241/5105-28241-0004.flac,music/fma-western-art/music-fma-wa-0020.wav,1353283,0.0,False,0.9178934799644705,1.0,278640,16000,a23b87cf1e1c67b6f8d597b3f939d5c1935c6f884084cd2c625ab25556edf9b4,b0939a8ee168334a47a0729a04d63d1dd49dad1918f1de9e25fe239c2dbbedd9
2130,61-70970-0003,61/70970/61-70970-0003.flac,music/jamendo/music-jamendo-0073.wav,932959,5.0,False,0.20513186428784408,1.0,61360,16000,6067830c182232b49e18357e0f95097d1822524cda157ecc3984bc6c4b62a536,0bbbccb934883bf77845b2ae64f8d45709894f9caaecc2dc6e18e8b8af4bddeb
2131,7176-88083-0027,7176/88083/7176-88083-0027.flac,music/jamendo/music-jamendo-0186.wav,2947883,10.0,False,0.3680437420040659,1.0,34080,16000,c935e17654f5b54661b1bb4e7981c90c308cdb35567cfcd9743b5eda6eb8a264,39800696b022050615850dd552214f8b871514378caa5bee3149d6e06af4eb96
2132,2961-960-0001,2961/960/2961-960-0001.flac,music/jamendo/music-jamendo-0180.wav,2325707,-5.0,False,0.4486754203149161,1.0,132001,16000,c60eaeac1a2cb9de64a0bf342971f6499334d2f9486254e75519c7122f5c2520,6d8e95d388a3c4b190455d9c9d890af4feb1fd5e9db5d4bc5485162df3579877
2133,2830-3980-0045,2830/3980/2830-3980-0045.flac,music/rfm/music-rfm-0047.wav,917395,0.0,False,0.552516110225676,1.0,56160,16000,34f3e908c4dcce5ec52500e2379334f4aad9302d4413ef1fe9ea3cc57e759b42,0fc5fee7390285c12578b8228f47f23152ae84961ea2ff1501a0111361468be5
2134,260-123288-0007,260/123288/260-123288-0007.flac,music/fma-western-art/music-fma-wa-0066.wav,1838353,5.0,False,0.23091940412949608,1.0,179200,16000,5d66cc9f26a7547d8f2436588e9215a9afdd3fe8c369b660c953cabbf89f8a63,0300b6e4abe4f4c27522dfc9ce6a06d28dfc4f99cf37d34501a789b47d6087fd
2135,260-123286-0009,260/123286/260-123286-0009.flac,music/hd-classical/music-hd-0016.wav,142245,10.0,False,0.3642758764753099,1.0,92720,16000,d13309fc74c24e42348048e4bbcc797b56140ca03d4cf5512a5aadf9c2284e87,e1d17ad414b27ec59c2d2c617575a226fb7f9c404d00ea4ab04a37a3b3ef9511
2136,4446-2273-0016,4446/2273/4446-2273-0016.flac,music/fma/music-fma-0103.wav,1212966,-5.0,False,0.2663723332748275,1.0,154320,16000,82a0e4f156c79b60f92ed323cb6a64690f46c8ebdabe3d4daecf1838a30632ac,225ddeb3a5683ccd682f017e07201370aaea1209e0299a783c4ba25ab79762f9
2137,4992-23283-0017,4992/23283/4992-23283-0017.flac,music/rfm/music-rfm-0081.wav,5369174,0.0,False,0.1815475818094251,1.0,229040,16000,4f8a622994ff609beabf3a0187c233a21a6f3e6b0c8f2558e69733e4673f7ec5,4badd906369e8f87296a9e4c2a8d163afabf51b4e6c41b476bbb442a2a5d0823
2138,8555-284447-0022,8555/284447/8555-284447-0022.flac,music/hd-classical/music-hd-0035.wav,7630450,5.0,False,0.45457325458495834,1.0,56960,16000,87563abf677ae2d5f3c63ba3756dcbbd70254de6bcb7cce8d492cd3e2fd9d80b,ee3f8500c8b6f31424f2c38a7d84c43bf618b1ac5a410cf26d10d6f84defad48
2139,2300-131720-0020,2300/131720/2300-131720-0020.flac,music/jamendo/music-jamendo-0061.wav,175807,10.0,False,0.21660855480737745,1.0,165600,16000,34bf6964e8642075ecee6de895d747e28a0ab323cdd7a6c21b99804839b346bc,de09816fb33ee8df20b26317783cab52142ad6414927ce62ea7b5414d2a4aafb
2140,5639-40744-0016,5639/40744/5639-40744-0016.flac,music/jamendo/music-jamendo-0207.wav,2200886,-5.0,False,0.41371905501610723,1.0,151840,16000,3c467b346466997bceabbfc879f0e637beeabeae6874e2c9af448e5b3cba9dfa,3119a6d805b45b6862e5587fee8a5613bcb9f7f147d5272b9c7ef381718cf8ed
2141,4992-41806-0012,4992/41806/4992-41806-0012.flac,music/jamendo/music-jamendo-0096.wav,1385812,0.0,False,0.32019991127017366,1.0,107680,16000,f28de849db2583e85f0d117acfb8c51cf2d62943683713132d1e972732ea18ef,adcb1d045994ebe6c9816355ba30daeed8a8992507bd6ec7d2acefd4c261df01
2142,61-70970-0001,61/70970/61-70970-0001.flac,music/jamendo/music-jamendo-0099.wav,490369,5.0,False,0.2708405723129283,1.0,98480,16000,427ca8e0dc94adf602a01a3513b44efba8136c0b5536e34b50f006bcd4d1d366,147e7646d8329fd7c7ac84bcd90c2db809ca1785b1ac3b99227f17341096c7fc
2143,5683-32866-0025,5683/32866/5683-32866-0025.flac,music/jamendo/music-jamendo-0163.wav,2836665,10.0,False,0.03282753482766879,1.0,55520,16000,2c8298c56ec43067896e153e451215ac7000a431ac4eb6ca3fcb8b3fea99818d,6aaa9faef75347ddfeebb2eb2cb60a623d5a88817ddd458774b6ef8e16ed5a3d
2144,5142-33396-0065,5142/33396/5142-33396-0065.flac,music/rfm/music-rfm-0107.wav,2224591,-5.0,False,0.2636701806701724,1.0,83120,16000,7593b2524f5b7d483e8cb36292ca6f5ec3ef7e7bc0e3f35fe47e94b316956502,ee863a9b46ad5fdf5c46c1c63dc95528574bdea36f56f3d11410c7260faeaad1
2145,61-70968-0037,61/70968/61-70968-0037.flac,music/rfm/music-rfm-0098.wav,333824,0.0,False,0.21144190789408432,1.0,69040,16000,3df69bcdd3a6690d746700dd8e2af7c6db4c7eb426064ec289051bc1029ac605,6390eb8766cea55d77cabb84172e7e5e880d3b738511cba33d358a25fd533d89
2146,4992-41797-0015,4992/41797/4992-41797-0015.flac,music/fma/music-fma-0061.wav,2309305,5.0,False,0.17082218620022446,1.0,138400,16000,ac958a9b272a122e31a2c1458863474a2cd94970034e9f448124236b7aa61636,0d8b702845421d8f2acf08f377fe5540614e53f660cefad30fbcbb78c98dfb1e
2147,2830-3980-0034,2830/3980/2830-3980-0034.flac,music/hd-classical/music-hd-0048.wav,4971451,10.0,False,0.34465674331500246,1.0,47520,16000,4b2426f572df4658580f54d4aa467b4cbf747bd539dbe69efdb692e150586f27,c3eaf408432a75ac61149f4d286a1295024a9951fcd430dcb5bb862380143355
2148,237-134500-0016,237/134500/237-134500-0016.flac,music/jamendo/music-jamendo-0160.wav,2461170,-5.0,False,0.3100458798609704,1.0,50560,16000,3a0b1dfbabc90998467d18581117e88918c47e0b3cb214590c89c5e7bebc7745,96b98d8fdb35ea74db26a84539b4230c5116e6e1c12a076d63df5477e98c427e
2149,4970-29095-0011,4970/29095/4970-29095-0011.flac,music/fma/music-fma-0080.wav,2346377,0.0,False,0.6264007926269824,1.0,53680,16000,ccfd525fa1f4de330a2d7dcb366e83d4bb711e6b88458304a213d97d921d809a,7ebdefcc63f5dba139202efbac0a19d433a94ee6f168e7fbc88a53d757495dc7
2150,4970-29095-0031,4970/29095/4970-29095-0031.flac,music/rfm/music-rfm-0136.wav,687369,5.0,False,0.1216674974325383,1.0,240800,16000,96c60b0943ad92d95cf18a4f1f201b5dea76e8d738c79e24477c471a4d96ecd7,e235f80aaac3ac764ad4c6efc6a64733b4c8cf916764b94bfd93e721cac809ce
2151,1221-135767-0021,1221/135767/1221-135767-0021.flac,music/jamendo/music-jamendo-0115.wav,1056049,10.0,False,0.03013882476513485,1.0,203520,16000,737afebad2dfa67a9a14e5be9444fce4d874fed864bbc9fe3d3aaa202d5f6aa2,49499146bc8607a66517460a63735c65c84bef2a9d6b5014d129c0aaf7296b03
2152,1089-134686-0010,1089/134686/1089-134686-0010.flac,music/fma/music-fma-0096.wav,1860399,-5.0,False,0.748593225558398,1.0,70480,16000,a2f7cf27e284947bd4eb5778b953898827fd453707131f95b2215f0023285eb0,1599e6336559da89c2fd7b9123132a5674683899d334b38dc00ad987099c846d
2153,237-134500-0013,237/134500/237-134500-0013.flac,music/rfm/music-rfm-0043.wav,2089934,0.0,False,0.3631977485550807,1.0,168960,16000,218dc610b8afd82b2d598172d7b2a1e6e4b0a084b8224e4b7847553a40a0fed2,3361119f3a2c8e0932279a71af5150a17d04ab28a781121a883414e812669963
2154,121-127105-0013,121/127105/121-127105-0013.flac,music/jamendo/music-jamendo-0132.wav,486833,5.0,False,0.3533421979708879,1.0,94320,16000,46caecef10ab001d54ce843407eef627935ae6e6650f7641d94e533d0876edda,13c764acbb8a23527367f83bdeb86a40f19775f32014953aa3bd2478a1dff825
2155,61-70968-0061,61/70968/61-70968-0061.flac,music/fma-western-art/music-fma-wa-0078.wav,326311,10.0,False,0.08287849706637236,1.0,88480,16000,5a592bf3f9830627adcb5a4a6f76e2bf43bbcc9c62e431c714cfe595abce178a,7740c0dbebb87b6aa4f13d67deeb32a15156c3d0a89c6eb58a05c0f53e9892a9
2156,5683-32865-0007,5683/32865/5683-32865-0007.flac,music/rfm/music-rfm-0075.wav,952867,-5.0,False,0.8379573580605778,1.0,97040,16000,1986df21629eda6c4634ecd73517f652e66ca6228e291b4173e374149e8cb9dc,954780ae508e37026a8ab3100d3f1d528ea4bf84e4b315d5fdc59451d8f433c6
2157,7021-79759-0003,7021/79759/7021-79759-0003.flac,music/jamendo/music-jamendo-0079.wav,338769,0.0,False,0.24500521639425732,1.0,73920,16000,ff5bda50c9572b64b6f7bbe18e8438ffd3d92d0d4276acd61111c57b025123bc,d431bd58a652c9e6209c2146a32a411b18778a1fdc41c50bc63349dfbc07f2b0
2158,908-31957-0019,908/31957/908-31957-0019.flac,music/jamendo/music-jamendo-0016.wav,1159542,5.0,False,0.148847543676055,1.0,152640,16000,57783682e3080be53e487b32ac1a93aa0302de3fcc83ac94ae9c6167e7e49486,a3af3b0899db6c03d520b12613047eae8da183b47eb7e0afd13e890ba93190d1
2159,2094-142345-0032,2094/142345/2094-142345-0032.flac,music/rfm/music-rfm-0077.wav,647032,10.0,False,0.21036925711385882,1.0,51840,16000,5e62fe777259e093c4bc2068e089a87ced9e6e82e40b8d0d7b8db6c1d30253ee,16a44d53bd85262e0675fc7d3765e499bd90d4014c03f6034e0327b2380ae56d
2160,1188-133604-0001,1188/133604/1188-133604-0001.flac,music/fma/music-fma-0063.wav,2035440,-5.0,False,0.1980148991116763,1.0,144640,16000,4b89ed324dfced1b32da500fe3d3a4b063a1dfc0971d3a72146b1aca29b22ebd,03e9d010161cee3881afbeba35969ede7536428dbed1d9cb735e47bdf9bce040
2161,3575-170457-0010,3575/170457/3575-170457-0010.flac,music/fma/music-fma-0097.wav,1632345,0.0,False,0.32637818346461106,1.0,76640,16000,992fbe3c9a91d39dfc9c40293a9bde16cbb243319696a798bb8312d58df5227c,76425995bc3ab61091fa3d1671bf7f8c98959e1fb18c0f839b4bd93306d2fb3c
2162,8455-210777-0042,8455/210777/8455-210777-0042.flac,music/fma-western-art/music-fma-wa-0083.wav,863534,5.0,False,0.24533149490988898,1.0,76480,16000,48623abf760b33b9bea5542aad0df45e6231958d0ff1d36421e37869309355f8,96d28651814304f80fb9cf882628f737afc35fecad9646ef1080070f9198dd72
2163,121-127105-0011,121/127105/121-127105-0011.flac,music/rfm/music-rfm-0000.wav,1080882,10.0,False,0.08824665715599299,1.0,92480,16000,1bed8f0038584d417b34d46e03a683668a237c6bde4c7380d87aaf75fde2ddbf,ba0c37a8c5be667525c7223658f4f2a4e01e32b2800d4e6f06725f2435a786a0
2164,6930-75918-0014,6930/75918/6930-75918-0014.flac,music/fma-western-art/music-fma-wa-0059.wav,195808,-5.0,False,0.5117168580957769,1.0,269440,16000,1386cea0157763a917b46f4881d3f8c139158fb4ae1756098e720aaeba35b13d,a901511c6169f4413118d163cd8fe9ddbe2f51454083ab162182b548434c8b13
2165,1089-134686-0033,1089/134686/1089-134686-0033.flac,music/fma/music-fma-0001.wav,1823246,0.0,False,0.1246744477556068,1.0,53280,16000,aa96729745b527e5a323cbac385080c3f3897eda5a7c5d8708042385e30b935d,ba67a65d07ead154cd26c7a112a2c954453d1116adee3f323229b09812953f9d
2166,8555-284449-0005,8555/284449/8555-284449-0005.flac,music/rfm/music-rfm-0144.wav,779801,5.0,False,0.26719291309864407,1.0,40880,16000,2fee7f2698b4e64e9ddee7de6877d9fe47af70fd5f409507e2955b08982664bb,d558712456ed6e7ec111e3627d712a5e07e659d5d7ef06ea7a30447d5099b746
2167,5683-32866-0014,5683/32866/5683-32866-0014.flac,music/jamendo/music-jamendo-0070.wav,68860,10.0,False,0.5723337571878345,1.0,63520,16000,8b9115467e091c62662a89cd9fa6ebda16e60a629045fa793709359e7b967545,876e9e88493000a0ad36ba62888f4ff3a16b54215ea251de80b9efe8388653b8
2168,1221-135767-0017,1221/135767/1221-135767-0017.flac,music/jamendo/music-jamendo-0032.wav,1574942,-5.0,False,0.24029524211068462,1.0,267520,16000,78c5cf8ec7703c4d564bbfbc44c06372618ebcf366a55b24450cbfbac2f7c45c,1e9ba12fadd204f37a0014c4b10ff00d4f6715e6bcf7340baad467293d2bc2a5
2169,7127-75946-0027,7127/75946/7127-75946-0027.flac,music/jamendo/music-jamendo-0009.wav,1714234,0.0,False,0.1770485876665709,1.0,154800,16000,6948c14bcb5a79e2559e7a1118940389f723c95208d4182f497d48a5c29460f7,dd42dd341f367b338cbfbc86a0b24e2bcbf8b0a9817f6032fea2229a1adcd147
2170,908-157963-0020,908/157963/908-157963-0020.flac,music/jamendo/music-jamendo-0193.wav,88550,5.0,False,0.3494794023416703,1.0,156800,16000,c835f8101116c838492ae7b32851e4ecbeba2573337b67c610e7da156a012cf2,dd6cbea450b7b78e5a6fc6be1a3b578736d32ec7027769b5b045ad6b8534b647
2171,1995-1836-0002,1995/1836/1995-1836-0002.flac,music/rfm/music-rfm-0137.wav,3852622,10.0,False,0.3463302948839768,1.0,37040,16000,9e97c8d9fa04fe5ca0940fb17f80214e2a734f451ca6d8554dcd9d4b8b9d124b,e4f63ba79d2192b207efb24a5ee1ef1534cd358bcc394511674a1722f12b1448
2172,5639-40744-0036,5639/40744/5639-40744-0036.flac,music/fma/music-fma-0042.wav,2382051,-5.0,False,0.3978826133349948,1.0,184560,16000,916f6b1defb02124c5b54007a0712af99a11fe3b5b743384b941499bfb166163,493d3fdf38062ff6a4c1c57d135166d38a69dbe68720147961dc26db6bb24c64
2173,1221-135766-0010,1221/135766/1221-135766-0010.flac,music/fma-western-art/music-fma-wa-0018.wav,1882937,0.0,False,0.49770021718040935,1.0,240800,16000,5f6b9ea0b2a22b72503d7e85046c59ffb84322a59f83eed5d54ba043e007edc5,ed8a2b3fcc730a2cace15446fb0ae1f4b5cc6277350256c14e225a74305e628a
2174,5142-33396-0037,5142/33396/5142-33396-0037.flac,music/fma/music-fma-0054.wav,3288305,5.0,False,0.2080094134594776,1.0,57200,16000,8d6985dc22e4eedda75fe8293f084ca57e9b3d7e2dc49724916f7fc4a1393764,218f383d397ea3f9b3f5bb2b1fbbff32d3ceb033f3f9bed26b2d468aee949259
2175,4077-13751-0000,4077/13751/4077-13751-0000.flac,music/rfm/music-rfm-0026.wav,830706,10.0,False,0.1053432520372574,1.0,152960,16000,5d270ddc3f01afa2c31a8a2162d59c404faed75bbbc9f184903f8c36a53ceef9,1f89ff58230ebb0e6d7ea1e591df7bcb149c3a93f6ce084a973d19fde5651f65
2176,8463-294828-0033,8463/294828/8463-294828-0033.flac,music/jamendo/music-jamendo-0174.wav,2891937,-5.0,False,0.570544672418943,1.0,101840,16000,2edc813eea364c1b8e10d70050aecbc146d80468687363fe6798b9a11859923a,c2bd2e82dd4ebb7fa6bdeeb35555adc74f97638f3aecc407bb27e9e070ea06da
2177,2961-960-0003,2961/960/2961-960-0003.flac,music/fma/music-fma-0007.wav,1255212,0.0,False,0.14738266067278766,1.0,277040,16000,9dbda0470ec849f6d1692a4c0378706640cabd0b3802a1a511583e394839876b,073dd5f8b771cd600f2df582ec7f30c277572db390e4da27b704906ac523bbd2
2178,7127-75947-0027,7127/75947/7127-75947-0027.flac,music/jamendo/music-jamendo-0186.wav,1152065,5.0,False,0.3835971031330545,1.0,129440,16000,78ab84a4bdfddc4f1fd4e04842e25a57b0cd8fa2bce520c9e447974c891dea8e,f93f25380772aa37df236005b6ac27f247f19468b6338a757d3e278824ed74a5
2179,6930-75918-0018,6930/75918/6930-75918-0018.flac,music/rfm/music-rfm-0103.wav,174278,10.0,False,0.03650500672235191,1.0,172960,16000,b2b90c9c9f7c688545ef9390a6e42d724d3ef46749da9a3566fa9578deee35ba,50f710c1b203859f5ee70b7fdd175332c942988fe55cae10fd6cdc882cc4e4af
2180,2830-3979-0007,2830/3979/2830-3979-0007.flac,music/hd-classical/music-hd-0010.wav,1708364,-5.0,False,1.8204535830696733,1.0,234800,16000,fa06093f22e560be2314f155ced27728939333cd7e9c04eb281e9e77b9f49eaa,34494dd0f03b897308fb1bb45bdb9b6467c102784f2d61448c129dff5140c829
2181,4446-2275-0019,4446/2275/4446-2275-0019.flac,music/jamendo/music-jamendo-0081.wav,2374450,0.0,False,0.3805896858178498,1.0,78880,16000,45bf4d2f357f4c4f70aef6ce02fdd9ed5f260d95dd14c1b258760a07d0fe2617,83975605981716a38bdde501da5cfa61a174935d73b4597ae79914e4ebd43e5a
2182,1995-1837-0023,1995/1837/1995-1837-0023.flac,music/rfm/music-rfm-0072.wav,684555,5.0,False,0.20585354752708937,1.0,271440,16000,7c88562a49b9ea71f8b808c932d01d29e01c47f2eeb2e3a196f2ecd5c8a711d3,3e9a5989a76f67cd42a20215b37590af035ee526bf6f921113842b4325005b3e
2183,4507-16021-0044,4507/16021/4507-16021-0044.flac,music/fma/music-fma-0026.wav,4659666,10.0,False,0.060552523443921855,1.0,35040,16000,193285a42b1ef090bd262b221c3ff56c99ec450c98ba418a34f6fe8704617ff1,d83e51831adae65cfaa362c051f9a964a166037abb6871e7c25c241903de3328
2184,7176-92135-0036,7176/92135/7176-92135-0036.flac,music/rfm/music-rfm-0029.wav,2594460,-5.0,False,2.146449862850221,0.6999836836389244,103520,16000,138847fdff48c32c438033a7c8887d2d25c1b601d21d0378a8d6b8b5ac9fc20d,7b599d6d4a0d4bf403b1baa2b3f87436f5e0c7e12dfdab0949e8b5a4024cba72
2185,7021-79740-0004,7021/79740/7021-79740-0004.flac,music/fma/music-fma-0119.wav,1267140,0.0,False,0.9107763902454005,1.0,103440,16000,7692d772eea87bce952b0f814a1cd1cd399d520d4537d8312ca1ca97d2552d97,cfe1ed4bae337ab15ac45671b9f79292eae2b9ec160c9ebcba7a564a723f1047
2186,121-127105-0017,121/127105/121-127105-0017.flac,music/jamendo/music-jamendo-0080.wav,2816514,5.0,False,0.10944812131205822,1.0,43120,16000,1e81fea8a9977c9078fb4e534ef7d0c6ce8fcd4050a3916c7256a1ebf8c479b3,de60fbf174ed6d68f7fac5c466dd155613a71812d7a067fd25e15eb64be195ef
2187,1580-141083-0027,1580/141083/1580-141083-0027.flac,music/rfm/music-rfm-0025.wav,249949,10.0,False,0.07176971171747759,1.0,83600,16000,4f2d22031716670d4a5d678375b882f05fbf8eacb51f4a7ff14813063315d82a,16fc092d2c56bbb72e7bbf37e65725c2da985d5b83364f773de1cc2bb0d1fed5
2188,237-134493-0003,237/134493/237-134493-0003.flac,music/rfm/music-rfm-0102.wav,926759,-5.0,False,0.7425641035989841,0.8670240171084548,204240,16000,bc71a119ba5f6e5ab8aa79d3a805a43504cb0d2d2e4e6d3269806fb57bd63498,b91f483f3f7d9bf136c711dd869685db3fe529190ec2603abebe91774d83da5f
2189,5105-28240-0008,5105/28240/5105-28240-0008.flac,music/rfm/music-rfm-0022.wav,423366,0.0,False,0.3477765720040944,1.0,183680,16000,7c99b49c8eb491bb91df230a15cbae511a3d9a2f9f2155437d4d37482813728c,75c9b39865e30e13d6143fcf18d9eb5ab9d5c374820d92be84ee4e81f14b5dbf
2190,2961-961-0004,2961/961/2961-961-0004.flac,music/rfm/music-rfm-0006.wav,2539922,5.0,False,0.09502330779041367,1.0,183680,16000,33d0abe168ec63a37f5a0ffe42fb15acf240d99db26d44949256e5bd3396e8cf,a64074a5ac2f1cdfa8983d4a987110fa6154b217ac91d07994320b4aad889b28
2191,121-127105-0021,121/127105/121-127105-0021.flac,music/jamendo/music-jamendo-0152.wav,696896,10.0,False,0.1357520432884968,1.0,32000,16000,15dfa8a27cf7651ccd131d7f755eec1c8e5785162cf9bcf1279fff7b7fdb4543,77d4255bd716da58e05b6ed59ff6959ac77a9817265aa1c04b0c07b537703d64
2192,1284-1180-0018,1284/1180/1284-1180-0018.flac,music/rfm/music-rfm-0103.wav,124699,-5.0,False,0.41600042801841103,1.0,192080,16000,94968abb4615567e42a09120c89e3f489e4040a7f6e2247a08a0edec78efffb6,cc454155cda756f0f23298bf8a17d77392757cdea2f411b13dcdf1c3303d11e2
2193,8555-284449-0012,8555/284449/8555-284449-0012.flac,music/fma/music-fma-0067.wav,1373534,0.0,False,0.43755523504153976,1.0,157920,16000,8ebbc33087e97a38e5acdf1eda41fb16e9709ae9b4c47f7c1850276b2901a76c,de9fde5460789e1287b88863a4eda59568cd08eacd39d46870e56364de22cf48
2194,4507-16021-0018,4507/16021/4507-16021-0018.flac,music/rfm/music-rfm-0091.wav,1124384,5.0,False,0.4464726129065363,1.0,54000,16000,17b0b9a78b060eb588cd257e55e1cfe6de131497596c704f228fb04ea2a2257a,57ede78fa9091daf7c574a3e42b8c9eff2e5729b9d6b6cc0cbf1b297e38d9845
2195,237-134500-0039,237/134500/237-134500-0039.flac,music/fma-western-art/music-fma-wa-0053.wav,1215681,10.0,False,0.26357062516578517,1.0,74080,16000,ccdea21a0e070d8d958c558e034bf4dc25785d2c434f95cb960fa2597f6f1e29,d29de14de338904598e10946a0e0646bb0ba2b0c5ee7f7be45f068c068b5661f
2196,8555-292519-0010,8555/292519/8555-292519-0010.flac,music/fma/music-fma-0091.wav,3008947,-5.0,False,0.25805741319174785,1.0,92320,16000,1d0da8655153a33ff60e9baff6feb055ccba9ce79ee578c0bdc8d1390fcba74a,b2a59431178e97948a3b5b304da26dbef741b10edf77fb4661187f21bb82528f
2197,237-134500-0036,237/134500/237-134500-0036.flac,music/hd-classical/music-hd-0054.wav,1340908,0.0,False,0.5338159533837064,1.0,105600,16000,7c6fefe74415dc324f5620efc83e2a88a8be9d1f79b6cbe3d32413a5b347f8f8,184cec8aaf08e7b6f1057ad008414cd0103bb3a4e3b8eff9aed41dcfb73325fe
2198,2094-142345-0013,2094/142345/2094-142345-0013.flac,music/fma-western-art/music-fma-wa-0092.wav,2074428,5.0,False,1.6135927985748764,0.9847823700384665,228000,16000,e18a4c6232b8fb87005b065cbf1e65c00de4af67c7e42a06f02b74ddc71d77b0,9311a42215d1fd2c422efdcff6ebb9adfc1574160a724c3f1cb37178f53edc01
2199,121-123859-0000,121/123859/121-123859-0000.flac,music/fma/music-fma-0013.wav,3009788,10.0,False,0.0474256770932864,1.0,278240,16000,da4567d436f82f5d8f2c6117e405af4e6c0f71b74af3f00f671400e7776818a0,a56a00c572b004e9542835c4c76adc5b3ba346a4d5e91ebed95502844871a213
2200,1188-133604-0039,1188/133604/1188-133604-0039.flac,music/rfm/music-rfm-0084.wav,65970,-5.0,False,0.3335302028987473,1.0,106000,16000,79bc557b126459f89945919a849c78c10e8307b198a1b229419c4cbe365bc261,eec44dfe9be7000f2deaab0108bcc092dcbea3527c33265dc2059c8c8eac8839
2201,908-31957-0010,908/31957/908-31957-0010.flac,music/jamendo/music-jamendo-0071.wav,2028407,0.0,False,0.07518649143243009,1.0,40160,16000,fbbce00b8bb32758eb1a54f2587ffce0f0802ddcf1bdb478f01ef71609d8e520,a2373fa7f9af260ef1a33b693fa972c595af8ce87957f145b5c9de37ba7b7cfe
2202,7176-92135-0006,7176/92135/7176-92135-0006.flac,music/fma-western-art/music-fma-wa-0032.wav,6345067,5.0,False,0.3644955068646098,1.0,124720,16000,57b1c2f3a546ad8b5e5fe9602c9506e93b04608f78fb1e3ae697053d1bcaad0d,d9ca450073a19af6852cf09808702815e369e739b17b2be2e5f1330f7be3e482
2203,4992-23283-0009,4992/23283/4992-23283-0009.flac,music/rfm/music-rfm-0001.wav,549592,10.0,False,0.10316229213229594,1.0,134320,16000,17519a59bd9402591bcfbd5f9b79a3622a5af38d7a787b20f3f877d7b102c3c6,9b5710b3271f018a82a7cff67220599456d32c860d3e8751b2200842f2f48720
2204,5639-40744-0041,5639/40744/5639-40744-0041.flac,music/fma-western-art/music-fma-wa-0070.wav,1736025,-5.0,False,0.31417633651431054,1.0,275200,16000,b3db941bdf9f4bc850ae8182f583869cc66daf09b397ac0d21da49895b643594,67aea81d2370f0bdecfa28dc5eb07039b67cadafea278e2b51aba29768e9b1cc
2205,1188-133604-0011,1188/133604/1188-133604-0011.flac,music/jamendo/music-jamendo-0011.wav,2335940,0.0,False,0.3250200648330338,1.0,243040,16000,22eb3f7b432d8543c9d598162f8641e34bb997691b5b0e0deb94e4a58aea956f,3620816bb658d8ed0c300b9a1daf8272811e7b5282947e2717458de24fb6d4f3
2206,4446-2273-0026,4446/2273/4446-2273-0026.flac,music/rfm/music-rfm-0134.wav,3254278,5.0,False,0.2774744320836794,1.0,31200,16000,3030dfe4abda1ced6aecf36c18623aa62ec92ef53aa174f7f770a896e75034d0,ed8f2a6a6abc275915de9ed9b4b6fa6862800277283c359f4b873f8295ef365c
2207,8555-292519-0002,8555/292519/8555-292519-0002.flac,music/rfm/music-rfm-0033.wav,852921,10.0,False,0.12270432796356932,1.0,28960,16000,5f1817b354385cef61656ace1ec8ced7052c15b22d6a07517b0bac7bad695f88,81d6f0046a519f6386f0a8fbd91e5f11a7ec31963e56dfe4862ece7dc34a69e2
2208,7127-75947-0037,7127/75947/7127-75947-0037.flac,music/jamendo/music-jamendo-0148.wav,336011,-5.0,False,0.5959729368512696,1.0,141199,16000,9c7a53d34d0b6e957af4039d924b3a36a5bfacf696ab73d0fe6500d4ab90a7ff,3d34fa02f343bf4a410f792a3ebed8c9f17577be2f10a8d8f440f4da6a363a9e
2209,1284-1181-0021,1284/1181/1284-1181-0021.flac,music/fma/music-fma-0061.wav,1081898,0.0,False,0.11905794872949572,1.0,43200,16000,9626183e2feea482dc2524ceab84f663819d97277f578424dfe923a103143a97,6092316340f3676acaab0c3bc634d82beb2072f230b4b39278101b98fc9c1505
2210,1580-141083-0020,1580/141083/1580-141083-0020.flac,music/rfm/music-rfm-0039.wav,984715,5.0,False,0.14371244577721148,1.0,82160,16000,20d983aaed307888c19f2d37e4684623c4a20732a3c102f6c825c70f5c960dc5,bd34052a4914b81e6b3b6c5f403b8a6e9111bafa507a83c411a110e4832cc40d
2211,5683-32879-0023,5683/32879/5683-32879-0023.flac,music/hd-classical/music-hd-0017.wav,207133,10.0,False,0.11651989871563505,1.0,79600,16000,84330e1499b64fa73f3e66cd333f15ff2d420338d3e90688b61f31919bd77b22,982f330395905d7f1135ecf8810a6c5f7c0ab5239d9dc32af8880b67c80b0d67
2212,5142-33396-0010,5142/33396/5142-33396-0010.flac,music/jamendo/music-jamendo-0099.wav,1727758,-5.0,False,1.6518956127985704,1.0,55280,16000,a6d8bdc83895971b309940a5e51a0da3c5cd8deeb3a18cba2f640fdd6ec9ce29,44508ac451aea4f23d0c1f1602759816d7def7b684cc6d94651d3c3c7efa3c17
2213,5683-32879-0000,5683/32879/5683-32879-0000.flac,music/fma/music-fma-0010.wav,373852,0.0,False,0.6438040447612967,1.0,142720,16000,20faa15b5785415422695fe5f1b2fa31bdb63c8b73e5654f08e966ba5d092307,9da1de1a7945f8ef851956d38e9d3dd65d39f01825bac98e8498e8d7e15e2ca6
2214,121-121726-0001,121/121726/121-121726-0001.flac,music/rfm/music-rfm-0127.wav,1044829,5.0,False,0.13219821267668125,1.0,94800,16000,b1657235d4fbcfb2d8468b738e3c77b8bf171dc90ad6c1ca7cd7f57fb994059b,967554c45e7dc249565770006f730ab1116ec5739e0065a492efe4b9a679e4f6
2215,5105-28240-0000,5105/28240/5105-28240-0000.flac,music/fma-western-art/music-fma-wa-0035.wav,564004,10.0,False,0.26707946769206625,1.0,87280,16000,9d5feb78d35e83a0a7f48578f3d46dea5245173478f6c4c29659705c2771c366,84ef711ba0bff92ed2a9ed94f89fb5f1c539c384d791b62c2f3feab38c3c647d
2216,5142-33396-0029,5142/33396/5142-33396-0029.flac,music/rfm/music-rfm-0079.wav,284655,-5.0,False,1.077104679815918,0.9943962809650913,34160,16000,74f4ace5cd016d5006b80df6289badd910afd6213501461edad479a1eff289c5,582b6aaabedabf024b475c97f85120667a6443a3943f0a4ae28156e90afa7a60
2217,672-122797-0029,672/122797/672-122797-0029.flac,music/jamendo/music-jamendo-0163.wav,37534,0.0,False,0.5842995306617291,1.0,48800,16000,0ed3de1e0d4635c38681937032bc578db893a1d4b05de9fe35de3e7cffaf3605,4dbe52c32b5dd913732f64ecf85a206bc72849c4872ab9b92b4fc8898389e95e
2218,672-122797-0049,672/122797/672-122797-0049.flac,music/fma-western-art/music-fma-wa-0083.wav,1877393,5.0,False,0.12462737862221857,1.0,32320,16000,1ab67ef882a671b2b164f43aaa37b181009160b3d6284d71fb2f3a99f2db3344,5705d954d34c363ba562e3046ac60ad6fdf590be0f2e0beac3d7a21690ba76ca
2219,672-122797-0014,672/122797/672-122797-0014.flac,music/jamendo/music-jamendo-0064.wav,3214249,10.0,False,0.6402764397222804,1.0,40880,16000,d8dc6217ad5dfc5a82737208cb927e9895287437f40341057be89ad9bf492fa9,78273174ee015080cbdccca6d3d4dbe5d96fe7d297f72aaf2d4051d35b8a8e00
2220,5142-33396-0005,5142/33396/5142-33396-0005.flac,music/jamendo/music-jamendo-0193.wav,1311326,-5.0,False,0.3003418963158879,1.0,35600,16000,a343530805c5d94c657ea2c46b87425a343ce78bec2f56f1d7361a1892773842,a8304ac0fd062604044609b2d84451a471a87d8f5aee90e7285913d1f67deb78
2221,2094-142345-0026,2094/142345/2094-142345-0026.flac,music/hd-classical/music-hd-0054.wav,647005,0.0,False,0.41589562617856685,1.0,45200,16000,0f408952db30faebc1f31e80afea68f6032f5f4db3d55952465278f838d55ba3,e7ce5308f6dbcd364e156e41ea2589449e2ad1ee29ca72a843850d267288d274
2222,1284-134647-0003,1284/134647/1284-134647-0003.flac,music/rfm/music-rfm-0044.wav,2591078,5.0,False,0.17332127925310176,1.0,322320,16000,0c05eed1a65207562d28f9fe0b825b30f143cec1dcd476c912086b305e6cebce,faa710677195b1d51ccdbb29e22d53078853a9d7a8b587cdfd7d09c78c8b3d7d
2223,8555-284449-0016,8555/284449/8555-284449-0016.flac,music/rfm/music-rfm-0012.wav,2832452,10.0,False,0.19252886563207763,1.0,94320,16000,37b6c70bdaac9052e71b2c28d5577dee651117a52a4373faf8148d6f2681ad58,ba2679c6adc945177e3cc8ee5c65100f46d634ccb4d9fe9507e5ed451ca4d6cf
2224,6930-76324-0008,6930/76324/6930-76324-0008.flac,music/rfm/music-rfm-0076.wav,1045081,-5.0,False,0.7646496136305885,1.0,82960,16000,e465b2737191afd072a172eed850e4304b868592e5377122dba247e65787c2bb,329cd3ea1df9e1886f251baf86abb27bbcde30db88680dd3a03f623b002db3e2
2225,4992-41797-0003,4992/41797/4992-41797-0003.flac,music/jamendo/music-jamendo-0045.wav,1576332,0.0,False,0.09570534456625097,1.0,45360,16000,1833b707831d36bf734f1af35b19e78fea59a0bc0df982651231ae9df7de3c2d,38cad00c638077612d9b91a6389934f4ba16524ef1d50425509551f3d62e7edf
2226,5639-40744-0013,5639/40744/5639-40744-0013.flac,music/fma/music-fma-0127.wav,3075980,5.0,False,0.061215387313038314,1.0,109840,16000,c255cfa30c8514faddd968908563df43067c426e38db03f71a39ede049c0dfbd,0c06ae50a162fe32c9b17cc1a306a0e77d1d1fc69ae7fd4e79e527becb32af3b
2227,8463-294828-0038,8463/294828/8463-294828-0038.flac,music/jamendo/music-jamendo-0169.wav,2663009,10.0,False,0.08461875634403708,1.0,210240,16000,303a7a150e0f84950f1cf13bf230974341ec1fe95e3b6635a7ecd60e9121f12b,3fc5d0ffac326340ca1a55a76ef47598189e7d8a185591c86d4671c4f3feedb1
2228,4970-29095-0016,4970/29095/4970-29095-0016.flac,music/fma/music-fma-0036.wav,1622068,-5.0,False,0.776518975781515,1.0,111120,16000,08c7da87377d2eb4fbb37b778796a63606f0dea3f9c384c0856c78d96a618109,67034dc9982de1bb3b1c2c32d8c3725b25bcf97f931878e96aa4727db323051c
2229,1995-1837-0010,1995/1837/1995-1837-0010.flac,music/rfm/music-rfm-0122.wav,235624,0.0,False,1.6981371262246412,1.0,55680,16000,b227df688aeccb321f12761f6345827fbb201b34efbfafa16c5d3d46d01421d3,4e151791dab1e1513120a4b784f92bb86118032470490d160d516098ed629755
2230,3575-170457-0019,3575/170457/3575-170457-0019.flac,music/rfm/music-rfm-0121.wav,2146748,5.0,False,0.37623586749848736,1.0,98480,16000,f9af2367e0e3c082434140f06f0040a4afa90bd32c3c954e63c556c1db5cf01f,bf5d7788f71d8d695c3151a1bd0806548a19aba9946bc3f8938fb75409cf5d49
2231,2094-142345-0059,2094/142345/2094-142345-0059.flac,music/jamendo/music-jamendo-0131.wav,341400,10.0,False,0.2416432912257735,1.0,160160,16000,3465305375aa22f09ef9b9802a350b6fc24ba2f490a543e8062edc0902ad84f2,c270fea08b6a842e8e470c288dcc5cd68542e1bcc71d53cf48f4f6876166fd15
2232,1284-1181-0008,1284/1181/1284-1181-0008.flac,music/jamendo/music-jamendo-0215.wav,930396,-5.0,False,0.7714383936574697,1.0,97280,16000,1dadf4c022c815070826c4412aedd671ddd1d277f1f87c393633a25f30121180,43b7206f02b92be7d6a48b88cb14f91558dc24afe01cf9bd67b87c0277b7d381
2233,5142-36377-0003,5142/36377/5142-36377-0003.flac,music/jamendo/music-jamendo-0063.wav,97712,0.0,False,0.21020077634600343,1.0,62560,16000,9690ba7f1f51eb68639932a34293f5bb3f6fa581a1669f42bad5d2a05f906943,35e705fdb30dff54845958955aa52dcc0a71e0d6ef2098dc00258194bfc39f4f
2234,5142-33396-0031,5142/33396/5142-33396-0031.flac,music/hd-classical/music-hd-0007.wav,691399,5.0,False,0.15084585909292406,1.0,125520,16000,6317bdba120db5fa6724170ce7d39c78c37e3dc2ae8e07f9edebd186e93850e9,805672a7e9ac633545d17a4b2642b2836f0b8a593d41decb1419f99ffbb7e3ce
2235,6930-81414-0027,6930/81414/6930-81414-0027.flac,music/fma/music-fma-0087.wav,1141183,10.0,False,0.10830990033060042,1.0,61600,16000,ec0b2b7664e06ab25275eebbb6b586c96c61596cd51b0ba893c68a49a18e8c16,08329400a08f7f19f90ac3b5fe3610cfa8c193400ea59002895d6d878dd353e3
2236,5683-32866-0030,5683/32866/5683-32866-0030.flac,music/jamendo/music-jamendo-0151.wav,170166,-5.0,False,1.138272717485797,1.0,77520,16000,3d29b0f16d6718ea9d67a93c3070ecf6ceb65555b6691e576626dd67f2b3a8dd,5c2964262b0ac25944db58e60bdcdc2a71296b55302e6386045f6261342c8b0e
2237,5639-40744-0008,5639/40744/5639-40744-0008.flac,music/jamendo/music-jamendo-0192.wav,7967451,0.0,False,0.18615534619021035,1.0,35440,16000,7a5dfd19505e587c1849ffc9909f7cd20b6c0d7af17e7073c9369427d25447c6,b58f4a3128717cb4da6f95a4f967f82b06f2b5bc8236f27e5263436bd6cd3d24
2238,8555-284447-0024,8555/284447/8555-284447-0024.flac,music/hd-classical/music-hd-0057.wav,1126128,5.0,False,0.19085809866169642,1.0,74160,16000,d99a43f577f5cc49d40259534afc78c0901526f783241e2d864f51aa6b613578,bc07fd20a9f81e3525b5595788a3f1969cc6d7286ed485249718ccd4dff11583
2239,1089-134686-0005,1089/134686/1089-134686-0005.flac,music/fma-western-art/music-fma-wa-0083.wav,1491379,10.0,False,0.12269684642355994,1.0,154160,16000,5818821a0def2096ff87b9bad20cdcf64e9d5ee7e44e946186538789ca576d64,786dbd4de0fb646caf7d0a059a9e659c795d54886637a3105dc2620e74f2a436
2240,4507-16021-0048,4507/16021/4507-16021-0048.flac,music/jamendo/music-jamendo-0129.wav,594751,-5.0,False,0.48152923865348596,1.0,83440,16000,367afeb5fd9315bb34863711a26291dc7ef747b5e2e5da29ec32ef3a03abb1a9,f600842299c5a9b6d4c83788bf5dffdbda3e85c87b268cfffe50f68011a65dfc
2241,4446-2275-0011,4446/2275/4446-2275-0011.flac,music/jamendo/music-jamendo-0095.wav,1868489,0.0,False,0.22950766938581543,1.0,38960,16000,c19c74d3a54a30aff2e48a30afe122bfcc7bd09911d7e26b30caaf5fad878e9e,6c2af41ae2a9396c766f019ee31e00b5a62e4492249ca649b28747d7f94c347d
2242,8555-292519-0012,8555/292519/8555-292519-0012.flac,music/rfm/music-rfm-0045.wav,1284592,5.0,False,0.16663483930563583,1.0,82720,16000,90fd69b14648f6f3176e14b564ce439bbe366649bae4831ca88fcb96c08e8242,ba076b0fdfcfe38cc43279b85e515ca61607d22af43e495d6ae0c9a0c68904c3
2243,7021-79740-0014,7021/79740/7021-79740-0014.flac,music/jamendo/music-jamendo-0135.wav,2110945,10.0,False,0.15236386565709845,1.0,226800,16000,75e5efd1000e83d8bce2a7817e75c66e88c759aeade21c4a1d263f87e25c2a72,052d4692976e808e8bb361548977198f5779824b853b520a90177f1685940336
2244,4970-29093-0023,4970/29093/4970-29093-0023.flac,music/jamendo/music-jamendo-0137.wav,1518459,-5.0,False,0.3229681941214607,1.0,129120,16000,59204ab6cc7be9e8380aeb26df5a5d09dc3e3b7f4ed4cfd02710939709e53921,5c3db4b18edb49fec596b60bcd4a1929cacd120d7ce8c922e69f246f24dc365a
2245,672-122797-0004,672/122797/672-122797-0004.flac,music/hd-classical/music-hd-0039.wav,1945685,0.0,False,0.7051680128785607,1.0,164000,16000,374f60c12acf3b544b699b05e67415ff04f54e8d18f7e55235eb7a019840b394,316135943757e79f3fdc5d07e967cb7f078ef62dcd6e8cad7e2df5136b64ddbd
2246,8455-210777-0022,8455/210777/8455-210777-0022.flac,music/jamendo/music-jamendo-0186.wav,2840689,5.0,False,0.3983427338805714,1.0,261760,16000,1ec2b5b44f4f837fa636df4d007f9dab29a09e50d27a005dc36a795dbea906cb,6792f78e6d78021e9a6f70dec0e3ed801f5939b2a7d1d5abc7afe50f43f75349
2247,7127-75946-0005,7127/75946/7127-75946-0005.flac,music/fma/music-fma-0068.wav,43709,10.0,False,0.09438348038513318,1.0,42720,16000,c7bc0b1a6862716124190d063e0ad1bfab3f0496776bd42af89b9a3c3bc8e042,c841de337a2793e1c6059ee893f6d992e3ef6528c557863a7e3475c64a2f3e95
2248,1188-133604-0000,1188/133604/1188-133604-0000.flac,music/jamendo/music-jamendo-0122.wav,1073138,-5.0,False,0.5715012138930557,1.0,171600,16000,7103ea9b2746ea371e053c5e44aa65e3d69fdc84194e4af12722cd72a721c822,0ff3dda073dceaec51363df136e41c3623e6051e555919a1f329eec9436f353b
2249,5683-32879-0003,5683/32879/5683-32879-0003.flac,music/jamendo/music-jamendo-0131.wav,153064,0.0,False,0.5829590453023499,1.0,149520,16000,6731d218ee252335502df2b97593a47aad35b5cbae01ffea19e21af3fa2d6f15,cad9b71f4969c705f8992bee293eea6e598e484334a43c67d422820e862171e9
2250,4970-29095-0000,4970/29095/4970-29095-0000.flac,music/jamendo/music-jamendo-0212.wav,846128,5.0,False,0.2544684671389601,1.0,45840,16000,402ca05245946e45a239b50825f1b1fb72674101fec645591cbeccb90194ece1,43763a97645b665d3c0b1af6d9cd46ea821236b782cd7a66198de8928b8e425f
2251,4992-41806-0005,4992/41806/4992-41806-0005.flac,music/jamendo/music-jamendo-0070.wav,2474399,10.0,False,0.11266581421597735,1.0,59680,16000,5c98d3f0f271476225a4aaa7316b2434687cd4522b63b01a871026074c6c35fc,62af32338adae59d34231e328d89f66a19bb4c49d5461948a5c2fef968a6681c
2252,5639-40744-0021,5639/40744/5639-40744-0021.flac,music/rfm/music-rfm-0020.wav,1875349,-5.0,False,0.19322815946747504,1.0,175680,16000,2117dd77002e435ecd1a40599cd59cbe4c0a445e8c9051ec537eebb8c6c17ba2,b135bc1834dacaa4f1d594f5f57af4a01cd83e0683c695676189d815e74a0a84
2253,4970-29095-0008,4970/29095/4970-29095-0008.flac,music/rfm/music-rfm-0135.wav,3900029,0.0,False,0.17415542158400862,1.0,48640,16000,af96e3fe63ccd251a03eeb732acfbea48ed94e6795600f8b3a189c35e3acdbe9,f95c54042c5915f4b67159f89a1454ec38c8b800e19656fa21b12ef1916b521e
2254,1580-141084-0017,1580/141084/1580-141084-0017.flac,music/jamendo/music-jamendo-0189.wav,4542308,5.0,False,0.13820921527311195,1.0,32000,16000,78c4f85f6035d57eceb3272f1834653012ddf4776005ad30ed20cd21685feb17,dacbd1f2e9b6535c6786a36f3133e3705a76717c631cf5c65c2fda35d6fe33d7
2255,1580-141084-0044,1580/141084/1580-141084-0044.flac,music/fma/music-fma-0014.wav,169242,10.0,False,0.05398408471480848,1.0,46320,16000,651383b2057be69eb523fee7aade572b23b21403793fa8e9e64cd5fb27801a33,d7cee45792ea3e2dde68536a9caeaf76977bad07054525ace1b0bc3d9ad8f2a3
2256,1089-134691-0024,1089/134691/1089-134691-0024.flac,music/jamendo/music-jamendo-0021.wav,950137,-5.0,False,0.6130772384896711,0.8174829600036145,35440,16000,b9004528d3907427974e00ff7b89be5ac5cd1995c4368755406fe10287f1f044,f03f5f70470acc3e6207bec2055f2db16e172a63e31ceaca3249ed0d56ee1ba3
2257,3570-5696-0002,3570/5696/3570-5696-0002.flac,music/fma/music-fma-0123.wav,5013960,0.0,False,0.3816597544341671,1.0,120160,16000,9ed57d056d37987a5289c1190c0567f7a3f2a985f933b0d8c9cd16737ab138be,8c160b0fc321bce6d14bc549a78c06b7a39adf1ac0a7e5f222d9e5689ca6966f
2258,1995-1836-0010,1995/1836/1995-1836-0010.flac,music/fma/music-fma-0092.wav,2090553,5.0,False,0.11700416780621581,1.0,391200,16000,d9036675357ef7e1a9c46412476c48166cb7702eeae1a0a269d5b911e4bbd9cc,51b1dda521f64465c87335abe3d85dd80b5b658377a1126684c8e92345794d5e
2259,2830-3979-0006,2830/3979/2830-3979-0006.flac,music/jamendo/music-jamendo-0153.wav,2823696,10.0,False,0.1534666843077943,1.0,72800,16000,65ec29bdc39e7ad307ee3d4822881b2cbd0c2b34719d955f2e2ef2d0981ce161,6c3269d6c5047ebead84328c44be258eccb1270f34e2a7fa2babd5f08f546e18
2260,5105-28233-0001,5105/28233/5105-28233-0001.flac,music/jamendo/music-jamendo-0156.wav,5730193,-5.0,False,1.400912402078035,1.0,71840,16000,8eeba477f41abd808950a60f71225d86276c4557c265191a4b36b175066eb79e,ee7e66224e999ef973f6c8e6fd9bbb737d7be520a1e284ee74023938ffe55a05
2261,908-157963-0001,908/157963/908-157963-0001.flac,music/rfm/music-rfm-0068.wav,3417449,0.0,False,0.5326023689615613,1.0,46160,16000,aa948d978cb4ff52def6d7dadaff96a57d94aebef10a31d549edfedc64507e93,8af276b51b6f08bb1550d5f1c435f23f21903da277fe3a0e6c7432d886b80ead
2262,7729-102255-0029,7729/102255/7729-102255-0029.flac,music/jamendo/music-jamendo-0022.wav,1375343,5.0,False,0.16413043509059355,1.0,112960,16000,a7e92fd96aea1580b967371cb3487f5485a755dfb79325bceb77aa578055ea33,12d509cb652c28cc419a0e64fc2908847e494fb80b0a10e26fd18fbe89033c69
2263,8555-284447-0021,8555/284447/8555-284447-0021.flac,music/fma-western-art/music-fma-wa-0021.wav,1202250,10.0,False,0.20762410136425943,1.0,210800,16000,7fe5faee22c002bbf6a204c97ea97ad891692f7e008c83d7f5fe55a3b72cf35d,16ed5388eb80f87976452be5eaf8a10f61a74eaf701cc7c6e372feea59402897
2264,672-122797-0028,672/122797/672-122797-0028.flac,music/jamendo/music-jamendo-0116.wav,573324,-5.0,False,0.29950296927137016,1.0,41760,16000,aeb333294433cad168ea7c77cfb8fabaed2bc68e1e8fd1b500abc9617950d510,2c5003bc5825731a43736df64d02547fd6273afc3c5f127d7db7874a04b40a60
2265,3575-170457-0037,3575/170457/3575-170457-0037.flac,music/jamendo/music-jamendo-0180.wav,2769455,0.0,False,0.3308428848009723,1.0,227200,16000,30cd9205610c72d6c2f5f2219cd331d0decd4e42183bc106733b8be9d9a1bb23,2cb27ade23c167faf55b3edc443706e6f298cacd7bb9d2d9ff1916aef909ff25
2266,4446-2271-0024,4446/2271/4446-2271-0024.flac,music/hd-classical/music-hd-0043.wav,1210973,5.0,False,0.18379489634606283,1.0,50560,16000,cedffbddfe811979ef486e5a510ffc831f29a7bc25e8a7fb90bec82f286c458f,9e30352bcdcdf0d4adda26e14718cb23e5aed77519bc81d12f3991b71b4fef93
2267,6829-68771-0021,6829/68771/6829-68771-0021.flac,music/fma-western-art/music-fma-wa-0092.wav,1153691,10.0,False,0.14469625498134583,1.0,41760,16000,45c9e4c1495337f1e1ef59a0533598097dde63f93c4cca3cf821b444aae62421,820707c0ae3b9909e06b9ff1cf25a761cc27dfbabeb698acb78b9fde53eb4be5
2268,5683-32865-0002,5683/32865/5683-32865-0002.flac,music/fma-western-art/music-fma-wa-0034.wav,2829860,-5.0,False,0.4912168941998887,1.0,44480,16000,b19caef4568e490f1a6b0f9dbed1854b7f5410e62d85d33176ae4ed181b4658e,22998c89e08e25c299f4ce0d641f68643b8cbed61b2b9be0d1f166f6c149c166
2269,4970-29093-0002,4970/29093/4970-29093-0002.flac,music/rfm/music-rfm-0010.wav,333078,0.0,False,0.7313126776582103,1.0,171680,16000,316ad3a1dccdd2ce813c1600c4bc2355549527561906e60514b044a9885274b6,a63cb7b60ad853d88bbddf21e882f6316bd9c142b5a575b67f19345d4f4090ee
2270,7729-102255-0015,7729/102255/7729-102255-0015.flac,music/fma-western-art/music-fma-wa-0057.wav,3573782,5.0,False,0.23947245424097383,1.0,239840,16000,928c54d28553caa10f903c497e27efda4b3b055dc39b28fc01fc70b25d874e26,4376e87318d8a9b9d82596b2b9793e740a30499d2374d642da9d1427f036a1d1
2271,121-127105-0016,121/127105/121-127105-0016.flac,music/rfm/music-rfm-0019.wav,2950638,10.0,False,0.3821347937225862,1.0,32480,16000,efba06b21d1c2caf3b4f597f8cb2d7e9e4c09a2b57cbd19bc99adf1648e1e7cb,4c02be5bdd53f57ca3767326677cbeb94e6cf59d745c2123f6a83dde2733d89a
2272,4507-16021-0040,4507/16021/4507-16021-0040.flac,music/jamendo/music-jamendo-0160.wav,2681752,-5.0,False,0.21168781007276782,1.0,62800,16000,13970a1cb36faa4df0d02f8e21e015e4500ed997207012a873c3cc56a6c1289f,b7e8837820be06dece30547ec7b8cde2dafbdd4e3bbf018e2eb6c216e847dedc
2273,8463-294825-0011,8463/294825/8463-294825-0011.flac,music/jamendo/music-jamendo-0022.wav,3906268,0.0,False,0.16482733074322053,1.0,34879,16000,0afd8e41ec36597d63abc1eeee04473442c50da718fcc7cea9dce20303d294e8,540d34c3ffa46b548ade63f61a7dbf85fdca8ec612069f2547f54294ea634601
2274,121-127105-0006,121/127105/121-127105-0006.flac,music/jamendo/music-jamendo-0015.wav,2467315,5.0,False,0.08763386587277217,1.0,75600,16000,4533f1e3b60790faeb7d44a386b6e110ab4e3da318e0fa5af2056c586af46104,3196709b64f06820537de9a90a73e48cb7326284e7817c1342437b4ce20c2902
2275,1221-135766-0005,1221/135766/1221-135766-0005.flac,music/rfm/music-rfm-0033.wav,159410,10.0,False,0.095840226554085,1.0,266320,16000,bf456137394b39929cbf50d2bd43c75ab5f972c41f1b27a7c93ce77426bd1cb9,79df1e33201528509c37ea0f698322323f1cf6fe23d09557e443474dadd712d2
2276,6930-81414-0000,6930/81414/6930-81414-0000.flac,music/rfm/music-rfm-0141.wav,860768,-5.0,False,0.334278981743414,1.0,206320,16000,abd8ec9ed7ca18402369b54b0ec58656804d479d9bcf4bcddc4180dfafa312e6,e0d4e2029ca25f8459489699b7ecab9f7f4af03887c657063dc83bd81cb444e5
2277,2094-142345-0048,2094/142345/2094-142345-0048.flac,music/rfm/music-rfm-0054.wav,387729,0.0,False,0.3995961141662882,1.0,102240,16000,4562983604301f004e606c72da855d3d9de0cda2cfacf328f2594edcf0fd2195,33c0850461faac41db0a42a7c84959f96d1bce49fb68268d887a9200c61febe8
2278,61-70968-0011,61/70968/61-70968-0011.flac,music/fma/music-fma-0036.wav,215638,5.0,False,0.1787141853360205,1.0,102000,16000,ac0ec71479cc2cd204cf3caead4a7929d15fdd20d7eb08c9b35310c3ac5b0e88,a8815d62ee8a32f79b3d89a88750166ffc45326afa1a048d2ab4c76ec4b6928d
2279,1089-134686-0035,1089/134686/1089-134686-0035.flac,music/rfm/music-rfm-0019.wav,1127950,10.0,False,0.12192298224663302,1.0,55120,16000,e13ab047b162a48d720d0e10d539c2c633e0a4f4e90e2b84d0bcf6ce1e58d8ca,a3ff3a37d054629c8c73f481a090bc15c5998c18602a236b6f340e0a243c6809
2280,4446-2273-0002,4446/2273/4446-2273-0002.flac,music/rfm/music-rfm-0058.wav,1287800,-5.0,False,0.2197374469394827,1.0,52720,16000,601d40a7fc5e9c553e8a79661b233943762a7e33906bcdd751d7495eb722b54c,e06c73a157eb8f89c92fdac15ff26a0f2909550bc0d9ecc593ba8ed15f9a1ba2
2281,4507-16021-0059,4507/16021/4507-16021-0059.flac,music/jamendo/music-jamendo-0019.wav,6620391,0.0,False,0.11189054231454573,1.0,99280,16000,430245d56237e39ec7ba4a094b127ddd6a4cca87799358f2d0820a2bd2968066,2881ba46fc00f369e48a42554f93dfaf1e3c072d2286a321ed3ca3bbbd9a442e
2282,1580-141084-0042,1580/141084/1580-141084-0042.flac,music/fma/music-fma-0090.wav,614716,5.0,False,0.09542113428898646,1.0,80960,16000,aaa3298f62b122e06baeb23163e46aa2e950d683069e1279305e6109712c1c37,9aa6f1792b5a36c772212273b75769066a0c1226bb59b382dfe252dfc0406e9f
2283,3729-6852-0007,3729/6852/3729-6852-0007.flac,music/fma-western-art/music-fma-wa-0029.wav,6149518,10.0,False,0.41946128483005324,1.0,199840,16000,69d19dd82c7a390036cc43a2c889226fc1902deb94912cc8d9a90a48c22e8fc7,bdce0d105a0f6666c717ad23759b555a0923dd0f5525dfb99cd1333d9c74586b
2284,8463-287645-0003,8463/287645/8463-287645-0003.flac,music/jamendo/music-jamendo-0113.wav,1303006,-5.0,False,0.4099541175782248,1.0,126480,16000,75a5c9fe7bdc0e9638d64316f05079c6c43b2697fbd1bbd3b03a22d69a867fcf,1612cb94ddd54b6d34bc1c73e3950c2d3810dc1cce97b5bdf5d7899070962917
2285,1580-141083-0026,1580/141083/1580-141083-0026.flac,music/hd-classical/music-hd-0056.wav,1618920,0.0,False,1.1349110392586084,1.0,76400,16000,11c2ccb00175a851b64c5e634471a5ec399c7e4cc392afdf76dd6a1bac273ad3,0dd8b79f380ad392a1af15747d5f99ebf2c7c36671dd0adb740d03fbd2cbd7d7
2286,3729-6852-0008,3729/6852/3729-6852-0008.flac,music/jamendo/music-jamendo-0014.wav,1865791,5.0,False,0.07555839036368696,1.0,381760,16000,2804546b51efe2de0eeb0702c0ada9c5b9fde806dcf39c278bcb3ef6e29b66a7,8181a0615f2f95f2cc0b94122c1fec87df8d32d18541948df37a46e328193518
2287,7021-79740-0008,7021/79740/7021-79740-0008.flac,music/jamendo/music-jamendo-0206.wav,645047,10.0,False,0.21405025949292666,1.0,294640,16000,309738fdcee877d01fc0a3c3466478e9a2d6568a898e2ae0e67053b23cab89d3,2e847f7039f1a8282a1ddbccf72eb38ea4a264db8064a57c07e6766fcb812cef
2288,6930-75918-0020,6930/75918/6930-75918-0020.flac,music/fma-western-art/music-fma-wa-0062.wav,2603021,-5.0,False,0.4549842411233982,1.0,230400,16000,8ad4edbf25b6f8642776f5cd5d46cf421b1ff037db7294bef2e1713e76e846c3,49da7e7c70e1d7736f4cdfa61c0b0a2de365609228ef7909dd20dd8c54815a01
2289,237-126133-0000,237/126133/237-126133-0000.flac,music/fma/music-fma-0077.wav,2797956,0.0,False,0.11273481764889094,1.0,212640,16000,600640180ec9918c158d5df8bcc9096fc9b75b46a94b85a03ffdba9a5cdadfe7,7ba5618cf4ba641bd9a0471e7e1573dd2f64280e1c628c89587fa346be360e00
2290,1284-1181-0013,1284/1181/1284-1181-0013.flac,music/fma-western-art/music-fma-wa-0017.wav,2301673,5.0,False,0.2019103949674733,1.0,202560,16000,d1a2b092d2e8296534f3d6b57543735ee7247503c6b15b958c62eb107f21b4e3,104385e758f4c9f31e1d01612587c7f7024d7b456f71b90763d7b1e0c363ee80
2291,61-70968-0051,61/70968/61-70968-0051.flac,music/fma-western-art/music-fma-wa-0024.wav,295526,10.0,False,0.22585967436263418,1.0,50160,16000,47fdb16ef5745504b705f7854b3bc201487f6bd0d9e8811c5c1b98c4030a5839,081e1e0cdbc29560c51fb5f2cf1ae3c1ea02ab3aa170d52e71e468e92eb64961
2292,5142-33396-0026,5142/33396/5142-33396-0026.flac,music/fma/music-fma-0038.wav,5124243,-5.0,False,0.6565629527563656,1.0,49200,16000,0bc812a2cd79d941ad76070ecd79043a150fed23db8f91c9de312dcf9b627926,68f1722fd972a14728f134cdcd3226f737e1f73140089b58f728631419815bfc
2293,61-70968-0062,61/70968/61-70968-0062.flac,music/hd-classical/music-hd-0015.wav,5730371,0.0,False,0.5424395761600683,1.0,40880,16000,362ba15629217d4b91c7f8dc08b82738d10db86bf85d20d1d107d247b4c6a6b4,631debcfe794141c95991f8e092fc9815c93e1dc637baff379fdb8328cd06683
2294,121-127105-0010,121/127105/121-127105-0010.flac,music/hd-classical/music-hd-0071.wav,1627728,5.0,False,0.15080077995672062,1.0,45600,16000,832bc2437dc7b7bdb417afbb1786ac1ba939301a8998bb91356e777b4a694256,58d2972ffa10d6bbe2e505ab320269abf499fdf8a2d21df94c2cc1b21aa8fde1
2295,61-70968-0024,61/70968/61-70968-0024.flac,music/rfm/music-rfm-0087.wav,614640,10.0,False,0.272383227293027,1.0,96400,16000,30d3317ad7492d7eefa5380caec36f259f912297891b3a0f83096c93af4f9849,2ae79f64bb3144e2746922cfee7bd2219dbaa7db15f53ce427af71dbe0d58549
2296,2961-960-0005,2961/960/2961-960-0005.flac,music/fma/music-fma-0066.wav,1642637,-5.0,False,0.30180205751058736,1.0,165680,16000,8cab8ee80366cb73901bb26b5af4103cca895c2644317cc1dcb817cd2df282bf,d37a002d0012866f84b105658d18585f920fc53674082d980b5b67f4fa50a0ee
2297,908-157963-0027,908/157963/908-157963-0027.flac,music/jamendo/music-jamendo-0059.wav,146108,0.0,False,0.4154574384539723,1.0,83600,16000,cb8e573bbca7dff4c74a276430bf1a706e3a97c4f99b6f8a09535b70605a2b9a,9832ed8ae2deb1641350b3d5698593a5fab5c6835f637c2575bd5aee5b7810e9
2298,5639-40744-0014,5639/40744/5639-40744-0014.flac,music/jamendo/music-jamendo-0114.wav,2379617,5.0,False,0.05903900075003775,1.0,123520,16000,568ef7e94f3d42ee6af618bfc3a7ba7ecb00bfe5051d3f0ffae488004efd5e01,a7b0b1351b64d39e31945c31fc9f405b4624e492a385a8fe7d905df238e0ebe6
2299,6930-75918-0013,6930/75918/6930-75918-0013.flac,music/fma/music-fma-0028.wav,2051687,10.0,False,0.07461906900721403,1.0,47040,16000,70ca35882b0be82fd315b7599bbdf20606017bd8b7a3daddb8be92879cd35dd9,740112f6c26e566931efaa80a2cbd2929776a5c2a0cf8e2c21364b0e6c072283
2300,61-70968-0028,61/70968/61-70968-0028.flac,music/jamendo/music-jamendo-0137.wav,100580,-5.0,False,0.316902100388068,1.0,85680,16000,ee119982e4c44c558f790c44b032f74f4f071c0ad67656647523504ba6ef3d6b,41b85959f6d5a8384e786975aa1560fb9a9780b6be0c9eff0575968046cc9ec5
2301,1284-1180-0032,1284/1180/1284-1180-0032.flac,music/jamendo/music-jamendo-0141.wav,1353459,0.0,False,0.29952167279893005,1.0,92480,16000,550988d5e145c82959a28296c140cb4e58fe0c0fdb29e07a63b51f4b1275a1cf,017702442355a9e303197d07ab2a9896eb6289898c609db5b8b98028a6b5ad9e
2302,61-70968-0060,61/70968/61-70968-0060.flac,music/hd-classical/music-hd-0013.wav,1859769,5.0,False,0.24788712224852802,1.0,59760,16000,14fb8ad902b2bc1ad34d4397f83c96125f2549c3301a232557b13e1f6243e665,0f1d8d7cd739ccd2e60aad22f7c2508c155f1ff579d6d5b726ca443d1bbc8c56
2303,7127-75946-0021,7127/75946/7127-75946-0021.flac,music/rfm/music-rfm-0050.wav,572274,10.0,False,0.051099677417080894,1.0,53680,16000,7094ad6159a36fde724a2a2e54f6c34afa29b2d43d91f08ad3adb3028ca7f5c8,22fa3a7119358e93945f07cd7cdb63e19f24b942bde41aa35051292d6f52a645
2304,8463-294828-0025,8463/294828/8463-294828-0025.flac,music/jamendo/music-jamendo-0162.wav,1200427,-5.0,False,0.25412153734760157,1.0,31840,16000,143fbfbfb100a8e8d54e4afb6becc794c2d79dc65df3648419d602bf60baa652,108a4f0e2d0b09265a77c0d63776026db5be13eb98b9c78b8895b738ea2c8fe4
2305,4970-29095-0009,4970/29095/4970-29095-0009.flac,music/fma/music-fma-0067.wav,1787405,0.0,False,0.18675525911022006,1.0,89600,16000,a0c46d614678b379f0e03bc4bb83656059ed9df5aa7553310f7ac3c562c8713d,1c4f53f81edbdfc76975877b6ed226b85a796bdc09548ca5240f5014b04e9e00
2306,260-123440-0005,260/123440/260-123440-0005.flac,music/jamendo/music-jamendo-0212.wav,1351865,5.0,False,0.5461210180043078,1.0,49680,16000,08b183498d9b766210af22e61777bfcaf114760b22c1d5fef28fb5cd0f77f5ff,3d7a5f3ee38902a0ccb6f6aebe72725afbb9279dcdf15f12640c3b69a4f9b781
2307,237-134500-0007,237/134500/237-134500-0007.flac,music/rfm/music-rfm-0038.wav,5267961,10.0,False,0.12111085511099066,1.0,38240,16000,bec7e456cae8d7366d5f9740d7decc3cb9997e961f1de8398e1f5703f43db4cb,9aaa7a3cff4b3b6eebe912c3f8bfafe17d8979cad700dd0da7daf6a49ff0eb77
2308,672-122797-0022,672/122797/672-122797-0022.flac,music/rfm/music-rfm-0038.wav,5535164,-5.0,False,0.2840536759358899,1.0,304079,16000,46791c30de8b5bb82788584afc59081b5ee5e7ec33ed7ce34db511531e477b0f,6f39e51e435433f0d7dc92498adc0ecf80e80cd6258c5467c8c7e868f6788a65
2309,6930-76324-0022,6930/76324/6930-76324-0022.flac,music/jamendo/music-jamendo-0133.wav,1430764,0.0,False,0.6887838516203402,1.0,30320,16000,d8d3c46433cd16a47e6f7e70ec2f36ae13d7a72d678ca5f6b07b91381eeda7c3,c9a56d9ea56e4317eb55f993dd0ef8a054f51b2c6203c7b22a98e912229147c1
2310,4077-13751-0015,4077/13751/4077-13751-0015.flac,music/rfm/music-rfm-0050.wav,2773938,5.0,False,0.11180362582877149,0.981497812267987,215600,16000,9d25dfe689a435e0aa7d4f45f50d2a16d9b1dc3acdc32d776b1b148d3b14ccf6,0c986099bbdf4b2b18c32eb9e023259d601546051321b1125e58a1631f4568a1
2311,2830-3980-0043,2830/3980/2830-3980-0043.flac,music/hd-classical/music-hd-0063.wav,3607906,10.0,False,0.17081559810734376,1.0,31600,16000,edb95472cb035f94979c40c28c89c804c0f9553616e401f2e332886e87b239ab,505a1cc1de6fd7cf34eacafa71870be04aa25ef239bce8221eda889832efecdc
2312,61-70970-0040,61/70970/61-70970-0040.flac,music/fma/music-fma-0006.wav,2481763,-5.0,False,0.4567184356879669,1.0,66640,16000,d915cf33237ce79fc0387b8f450b8cbcb0995c4ded6bf88d3a37574f838ce51b,98eac7a873d33cbbaa8106d8f15a5243726d563d3120e2d0a20cc31843c64247
2313,260-123286-0024,260/123286/260-123286-0024.flac,music/jamendo/music-jamendo-0141.wav,2466957,0.0,False,0.6283649040646558,1.0,48640,16000,c6f6598041d5af6bbc8ac07179ec1550da2e666e1ac0d8f09f643f5489aca550,0275f1853606d0ef949aaeba20c1e31ce758bbdbce62553e34ed44147a16e6df
2314,7127-75946-0023,7127/75946/7127-75946-0023.flac,music/fma-western-art/music-fma-wa-0073.wav,19000,5.0,False,0.16723559263972437,1.0,59920,16000,589e8b47f8574fb7e93fbd60cfaace0845d9b8e24815b1994ff7d949db24d3f3,722bef3c624b4ef07d4524e31fef24c5e18a2a9253c7b31426526d1efd153de7
2315,5105-28241-0008,5105/28241/5105-28241-0008.flac,music/jamendo/music-jamendo-0116.wav,3067845,10.0,False,0.054822795444052726,1.0,136640,16000,68b96a33e942cf612f7e034f1caee2f09da67b58fff351392374e875da29a11e,1493a22e89529e00a9195a87b2e0ba24cba22e4001f84ddd9bb58e63319b63cb
2316,121-127105-0005,121/127105/121-127105-0005.flac,music/jamendo/music-jamendo-0117.wav,1997143,-5.0,False,0.25492981770297435,1.0,93120,16000,2aab15cc3522a29f95251af86c54cb6e9598a0607a436e32105bdc77621b8dad,34c5c965cdf7efc42c0d66252dbacbc383e502caf138eed5a236e8282bb86cc9
2317,61-70968-0040,61/70968/61-70968-0040.flac,music/jamendo/music-jamendo-0151.wav,462199,0.0,False,0.2907561645221393,1.0,63200,16000,433d9cadaa4a025491d857fa8a36729a7c5177d1fe44ede3967c7c7ea6b2196d,5f1e73b1ed7e07876181e5df1eab27580591481099f1f08dd14cacc5b7bd23d2
2318,2300-131720-0041,2300/131720/2300-131720-0041.flac,music/hd-classical/music-hd-0037.wav,8039190,5.0,False,0.5483265339169698,1.0,60000,16000,dda49b3e4f87f895ff5bfdd01a7f3376eeff8f442e6d2b491d428eccbc3f3ee9,70c5ee5762bdecd3b2c554d7a09896abc973add0d437c45dabaace3d5c31d23b
2319,3575-170457-0018,3575/170457/3575-170457-0018.flac,music/fma-western-art/music-fma-wa-0066.wav,485376,10.0,False,0.13384917389357015,1.0,46720,16000,d4577834df7d788fc31fde8304c3bdf7dd012d4f720a7ca17f737ba1191ea2be,7b57e7c83b3a2b5650a1b63db93b611f76047355375a9dbba0bdf746621bc6bd
2320,61-70968-0001,61/70968/61-70968-0001.flac,music/rfm/music-rfm-0020.wav,721223,-5.0,False,0.3008280893134133,1.0,57760,16000,df55c8a1e89386975f650a98f1e513d8d6e0c12cc5cb2d92ad00501e21a1d8e4,68208759577e38a7e6ba631f6a56575cf7fc7051e266271f611784799078fb4f
2321,1188-133604-0033,1188/133604/1188-133604-0033.flac,music/jamendo/music-jamendo-0116.wav,2673445,0.0,False,0.1466448960017319,1.0,106000,16000,afd51f7fd81a1391f9eb615f384d892ab228b1b77db5e26ca076fda7783b1862,252477ba142767dd172a19655919549620da65c9d3b13d542cb586a916f9a6e3
2322,4077-13751-0011,4077/13751/4077-13751-0011.flac,music/fma/music-fma-0086.wav,302027,5.0,False,0.19248737364256044,0.9648703312596156,182800,16000,00711e12a54929a574eba128d9ce8590f9dd1510cb2d3e8efa45d6e5e7d7c53c,f9d44a49a8dfa3bbc5d6b722a81393f285306be6e02230584da07126ad52cd85
2323,1221-135767-0012,1221/135767/1221-135767-0012.flac,music/jamendo/music-jamendo-0036.wav,2678042,10.0,False,0.03999501835129676,1.0,222160,16000,6cd629cd56e846999d7b17813b4e79f72dab6def281fdc1cc2f4c69a121595ee,0bf0bfd57d1073a8d27efd337e6ab5a995c33ab15d39650bb340dd211e1460c2
2324,2830-3980-0016,2830/3980/2830-3980-0016.flac,music/fma/music-fma-0019.wav,1808534,-5.0,False,0.40852113457062733,1.0,37920,16000,2aa082b9206768af323debb716de893ab3e93b4bf9acab12e437f0a03453c8fd,a7f1b2abb97d6389db58cacd965a5256e9d570b027120860ae027bc4ded2a27e
2325,61-70968-0039,61/70968/61-70968-0039.flac,music/jamendo/music-jamendo-0076.wav,1265573,0.0,False,0.22818922668095737,1.0,60880,16000,81825272e79ee9e1d42eba1c7a51d8cd6cb8ecdd227d366ba211ca18cf1128da,b004e464e4700a33aa8a611ef730c6c28354682520730a0f64056d6bb9b051da
2326,6829-68771-0010,6829/68771/6829-68771-0010.flac,music/jamendo/music-jamendo-0127.wav,1797500,5.0,False,0.12394633667228012,1.0,157120,16000,dea98924814c5ad891392f08802f022646615590eb3b9f07e0f0d4dfeb939e10,68eb4000c2a417459eba7bee112bad17ea6e37d248c433d35a521f426958737d
2327,3570-5695-0008,3570/5695/3570-5695-0008.flac,music/fma-western-art/music-fma-wa-0001.wav,696874,10.0,False,0.19646977352420175,1.0,109520,16000,7c0e182ad52a1de34812411d9c97a23c90152553bf04413b316d15f52c5de079,bfab3c0f1e9424a0f18a7ec76fb4e382d1a4720ffa2ce2478a48655deda84270
2328,1995-1826-0021,1995/1826/1995-1826-0021.flac,music/rfm/music-rfm-0045.wav,993984,-5.0,False,0.6138280699835617,1.0,182560,16000,11326cafd8430b23ce3edd60a0924e58d7c1e4fadf7092f9387e497c4e48a286,fb807a5435399912d7cbc567d10ab84a4689110755ce256b7f24a69c9c0ce545
2329,6829-68771-0028,6829/68771/6829-68771-0028.flac,music/rfm/music-rfm-0138.wav,1739176,0.0,False,0.4209645554349355,1.0,56880,16000,535e07fc9327b0daed992ca24352381b8e86ccb258b97c39e0d7b9d01cd7746f,ac580674994da9960f61571eea51c364c0022cecafd16a73e67ea90e4863b85a
2330,3575-170457-0040,3575/170457/3575-170457-0040.flac,music/fma/music-fma-0078.wav,2117737,5.0,False,0.1685183170336166,1.0,110480,16000,c4f5a188d74aae92439102584ac91f022b2ad9352a5e6c365cde47423ae4169d,de133e2341804209d0db49ac2bd1ab6e832763006ae3328013f3381f6476beee
2331,260-123440-0003,260/123440/260-123440-0003.flac,music/jamendo/music-jamendo-0186.wav,1862464,10.0,False,0.20356559381079792,1.0,57360,16000,d69067d0eaeafe2325a0fc14ab9fb7e1b2ff5a5b7f6c96d705eab223012845f7,4f03575f0882f319ff62a67877df7ee793b42740c8634d62182c4a78c5bd8124
2332,5683-32866-0007,5683/32866/5683-32866-0007.flac,music/fma/music-fma-0061.wav,1723612,-5.0,False,0.7597189804243476,0.714258295972919,65920,16000,749b527794b6d31da2a8858aa0fdc7f5288902b63cabc4df500644d3862eb2da,b65f45ac578566bd79e92591f15a3d87f4cbfcb956e43e47aec60b93ddfd61ce
2333,6829-68771-0022,6829/68771/6829-68771-0022.flac,music/fma/music-fma-0126.wav,670172,0.0,False,0.44779261920638536,1.0,60800,16000,fa916c64793c9635719ea8ea36058feb340f9623fda9b3506042bb1779549980,5c84382b69f7ae641497c2c879baed1ed80661cb3d64952888c68393bfd1e93a
2334,5142-36377-0012,5142/36377/5142-36377-0012.flac,music/fma-western-art/music-fma-wa-0055.wav,84410,5.0,False,0.08180817245646092,1.0,43440,16000,60f2df778defb0b0a014935a3cf3a7f8ef1010aaa30d8ed8f3c5cd902ead800d,5bce79e1e0711ef46b203b33efb79fadd7fabb3205c28fa5f622123a3d96506e
2335,7176-88083-0014,7176/88083/7176-88083-0014.flac,music/fma/music-fma-0033.wav,1730256,10.0,False,0.1458993937259121,1.0,74720,16000,f9117a20fcaaa9bdaa9d7fcc14807a5bc7192872b0318773f443ccb9251882ee,404acc56f31fe70d8bd982346dcddca719a5862c02af5a704a2f36eb25521c9b
2336,7729-102255-0022,7729/102255/7729-102255-0022.flac,music/fma/music-fma-0044.wav,453860,-5.0,False,0.34238202216853353,1.0,188720,16000,db4e12ece89c56be2b166f1beeba41095cf2626c0ccb050c0ac46532dd4e3402,de6d321a1f6611bef83eacbe18a1e34f247423d2f5ab9baa624f0f3bc7431dc1
2337,1995-1826-0018,1995/1826/1995-1826-0018.flac,music/rfm/music-rfm-0048.wav,703361,0.0,False,0.6219887679885192,1.0,80160,16000,a359a0674f856759317d42a70c5f09400429176894f45fdbc3b38feaa0e1a099,f4d8a0166c9a74de3358130cc37aeea5601ce81083f0088d2f72c2fe345ddaab
2338,7021-79759-0000,7021/79759/7021-79759-0000.flac,music/jamendo/music-jamendo-0029.wav,2056807,5.0,False,0.11616716912466095,1.0,76400,16000,7334746820463c843912b4e8600c469a09d567b34febc6e07718e051cd87c887,92be94bf09f80f27571e85be50512dcfc0469edba736ef84a67ac33096213041
2339,1089-134686-0002,1089/134686/1089-134686-0002.flac,music/jamendo/music-jamendo-0113.wav,2806849,10.0,False,0.04961974453637056,1.0,106000,16000,6bc58a4efdf20daac252b6b1502632601a71efe0308f6757dc1eda34891a7e4f,a80a6642e10b06425f50fb4af7b4deb3eb3587c42c9d8ef2dfc069b2e6ef661b
2340,1995-1826-0013,1995/1826/1995-1826-0013.flac,music/hd-classical/music-hd-0013.wav,2895609,-5.0,False,0.9492936824565527,1.0,140320,16000,0b4b6e98cf782da8b9d27a84de89b9eb02bc504a767ba46984318cdbe544f20c,1b66eb4641bd0b713838236832a8f40fbb3d4f4765bc018f55f5b8430bba3ea2
2341,7176-92135-0013,7176/92135/7176-92135-0013.flac,music/jamendo/music-jamendo-0084.wav,627400,0.0,False,0.39586438724411604,1.0,50400,16000,be2ae5cde106e356631ea9ac36952ee7a2ea611ede1ecc962f27e5f9012c93b2,fbb29752040fdd8da8583e9c4bc664035adbf04c2c3ef14bf349a7ef221ac0dd
2342,8555-284447-0009,8555/284447/8555-284447-0009.flac,music/fma/music-fma-0092.wav,971693,5.0,False,0.10586332278213142,1.0,52400,16000,0f28507d09f2a0a2af4b3bf7b39fbc9be8401790f5a5a5995435c4d12de55b83,5cb15732d4d1b66ea776c4ad70c4228a16e281c3e0ddb801745000a5fade3b0f
2343,5142-33396-0012,5142/33396/5142-33396-0012.flac,music/jamendo/music-jamendo-0191.wav,2192352,10.0,False,0.12312132042166524,1.0,73440,16000,5cda34ea9b3faf133fdb8cf18668f03a92280bce704e7f94b28cd2dec100c1c1,b8fe08f3f064a4ec5b656bdd7374fa7eefcdc42996cd8352621386d01b223511
2344,260-123286-0016,260/123286/260-123286-0016.flac,music/rfm/music-rfm-0031.wav,1072520,-5.0,False,0.6222883207813762,1.0,112000,16000,0b37f6ce43cdff3f0363b853bbb91b1f3d714a773999ae8d3b250d0d4c44afa8,6381747841df9da16c04c264ff4e59f3f1d7a6fcf0a25dcd606b520cd4281f94
2345,8463-294828-0021,8463/294828/8463-294828-0021.flac,music/jamendo/music-jamendo-0050.wav,1763281,0.0,False,0.6636563147403782,1.0,43760,16000,bb4bd5ea945f2cd8f5a17cd6232d3e7bd6a33fcd64c5f5fd291b5c61989e547e,c4d4ef016b0c21e773f744ba3b18e53952a994bf60d246f4e8dc2297dc51649a
2346,1221-135767-0016,1221/135767/1221-135767-0016.flac,music/fma/music-fma-0053.wav,625268,5.0,False,0.07583762945109929,1.0,244080,16000,e7bc52ef269e6407bbab51fbd10f048a1e5a268c3cc7b75f88da5a27819e7fe9,b67c0790aa99cc9522b3fbe0e733ad3c1074c5a201e277b4594b211d58483599
2347,1188-133604-0012,1188/133604/1188-133604-0012.flac,music/hd-classical/music-hd-0058.wav,825769,10.0,False,0.08945680568868013,1.0,234400,16000,2b90462ae239b1f92628a3d54bda07fbb08d0f4cbf9a70a7589a56c724fb2b78,9369a9d29a5a31fb6db03f26fdf771633c879ebd6d3a2e01ac3808d7c4a8f48d
2348,237-126133-0002,237/126133/237-126133-0002.flac,music/fma/music-fma-0104.wav,779601,-5.0,False,0.18012241540649956,1.0,142720,16000,672ba33616fcb95536b2772e352cbcda721060ae7e04d950de53833c2a2ba300,33218880495a65181084f9e37c617e563dd90d72f4559d157df16e84f35ed860
2349,8555-284447-0015,8555/284447/8555-284447-0015.flac,music/fma-western-art/music-fma-wa-0063.wav,322286,0.0,False,0.5604242519718952,1.0,316081,16000,62d406e8291a25b293f07b62d5f4668ad6a1eb208f2c5ef685dd6c87240b610d,ae53960eb4fbe4c812fdd6624bde84ae0bd87b96d8f5512ddd20dcdf13deed0d
2350,2830-3980-0055,2830/3980/2830-3980-0055.flac,music/jamendo/music-jamendo-0084.wav,644781,5.0,False,0.18917149198527944,1.0,117360,16000,a7ea5315cd46f3f482c7bc61654da712cddc3f0fff9cb69c5a480a424d37b944,ce648204c90be82e7b7bded3aca6a11ab2f2a9ddffe69adbc46ca57f1ffe07f7
2351,4507-16021-0014,4507/16021/4507-16021-0014.flac,music/rfm/music-rfm-0047.wav,149674,10.0,False,0.14704160542004463,1.0,97840,16000,72bc674487c4568e57e9f85c2ca7bab5a17fbe81d54ce53a78d5e03b23db1f3e,287c8e4ae5cab7cb7af478f84b90039bff5a5f1bbf01f4ec643ea4af84d1a281
2352,4992-23283-0002,4992/23283/4992-23283-0002.flac,music/fma-western-art/music-fma-wa-0045.wav,3708285,-5.0,False,0.9162253548925743,1.0,49920,16000,f6d0bd18070b5b3ed965965cff61ae9419fa6806cc8b9ab1750aa569a270018a,40576a20591b0432aa8dfad7dd9a8b97b544755905748bbfef019baf8d3c3e71
2353,1089-134686-0004,1089/134686/1089-134686-0004.flac,music/fma-western-art/music-fma-wa-0020.wav,1170422,0.0,False,1.1314856026282765,1.0,83441,16000,62fa78c06e5a74d08d38ab3e899eb3115810a4f33769389a2c6b498f01d5deb1,ec1d08846b2f96be7805859526ed8b76b347e7c824008369cc865f0ca49949e2
2354,4507-16021-0012,4507/16021/4507-16021-0012.flac,music/rfm/music-rfm-0018.wav,1498741,5.0,False,0.21743705477485384,1.0,43760,16000,6d79019b582ec6980dd8a66bd3259d484e211a75944cdc44deecd0803015e8e3,0cc0fdac0594d165cd9a133443ea52a79008b66e09669dd5b7a3475177f25717
2355,121-127105-0031,121/127105/121-127105-0031.flac,music/hd-classical/music-hd-0030.wav,1569741,10.0,False,0.1528506894788715,1.0,172240,16000,6c4c90703d09b0cea47bf2170dc56038f20b0e623c3da0fea0aa236d9e90790d,99bfb24b35fe0710af1b665d6407e97ff8d181bd4317dbb87f59ceb072e336c1
2356,7127-75947-0000,7127/75947/7127-75947-0000.flac,music/hd-classical/music-hd-0053.wav,1183383,-5.0,False,1.2202093555593987,1.0,287520,16000,5b5d5625b3cac60e98bddec49206b053d64d7c0d0d871090801b26f8a2755bce,1d4d2e948446dfb9b78bda336bb554f5386d2c21bcf2c9c9016ef06b48da429a
2357,2830-3980-0019,2830/3980/2830-3980-0019.flac,music/rfm/music-rfm-0080.wav,2750028,0.0,False,0.5170090849078319,1.0,112240,16000,8e9a4b518b8fdd8c3b992d92d29c80cfdeff36e8fcfaf72db7214d9e9fa448a8,3afa473ea9f7cb5be255bb0770e60655a8d5ee59d7cd982bc81e286756b7f2bf
2358,2300-131720-0011,2300/131720/2300-131720-0011.flac,music/jamendo/music-jamendo-0026.wav,1222508,5.0,False,0.331759850064892,1.0,254000,16000,6b82f1daab08389f6563cce0b3e13e8c033da5280579b6f28994e87efae30e81,c347dcbd6b637e2c109b6a0d8cc0cfacabd74965e86b3267fdb9f278b8f92ec2
2359,237-134493-0011,237/134493/237-134493-0011.flac,music/rfm/music-rfm-0003.wav,563820,10.0,False,0.28263489283672666,0.9423992552243349,80560,16000,cb0fb7e31c96f32c0992fbedd9d4ae47417926fce83d4784c57eff687bdc4c68,f701a9b86369d06c50796d8ad47ca740a7654e9dc2a4767fc6fcd684b2ffbdf6
2360,61-70970-0018,61/70970/61-70970-0018.flac,music/hd-classical/music-hd-0071.wav,1535295,-5.0,False,0.7837774259417974,1.0,73600,16000,61fd2cc892539e5e6dbefd33e08a857c4f604d29a2a6d004695b6439c56e1838,90cf38d994dde851d461719044a71c588f403dc1897c04e40af9ce4f78e39afc
2361,5142-33396-0057,5142/33396/5142-33396-0057.flac,music/rfm/music-rfm-0021.wav,2072550,0.0,False,0.2889635611872569,1.0,49200,16000,b485dde6e2efb29c68116210d50e5e309b4cb3e9ced3a671db8e96f0b95837e2,4131062ee7c4faf5bd0b6962db11de14ab6cddb56f60e2827618b83ecbc2af5e
2362,8455-210777-0060,8455/210777/8455-210777-0060.flac,music/jamendo/music-jamendo-0041.wav,159938,5.0,False,0.20218980386778476,1.0,113200,16000,20867a1620daf21a39a94c8ef8ba002f0dd0c6432e349c3c4864fb9bc137e2f2,e8b76828fdfd7ead4a78ce56b90235c01c1edd7f8e610d666f75a67dab4c44d0
2363,237-134493-0005,237/134493/237-134493-0005.flac,music/fma/music-fma-0060.wav,808257,10.0,False,0.18691588452736976,1.0,175120,16000,b92dfc952d9b47d3bdf9b1b6bae72da179378b6d8788db64824376708e3cade4,2e1ed6c92d586f6d26608b5e3c4547c80da1b33f43e3dccb20fe34493b4f3314
2364,8463-287645-0006,8463/287645/8463-287645-0006.flac,music/rfm/music-rfm-0140.wav,705855,-5.0,False,0.6727682122066118,1.0,123360,16000,7d9ada1c660d00144bf3ce8f32a9613bc9a4dfaa765aa655e1bd499e1cbf98ed,12cb80fc7ef22602e648305c5332c1a0c074eebf92ef487037259c19d1bc5979
2365,1089-134691-0009,1089/134691/1089-134691-0009.flac,music/rfm/music-rfm-0144.wav,42304,0.0,False,0.5073057856630266,1.0,320880,16000,18c17f108c9d62353c6b0bf6a880f5e24e041514af5b60fb9f844344f20a8111,a2aeba3aa4cdd35602eda4318ddb1dddc9be728986d96bd3ba180185a12dc6e2
2366,4507-16021-0043,4507/16021/4507-16021-0043.flac,music/fma/music-fma-0057.wav,1113360,5.0,False,0.10659289956598289,1.0,63840,16000,ca7954b774003eec38c6481f2b2d8287153cbb05df1fcc622106833a49dcdb19,a660e938b65242743d912cc650bdc0e2d5fd291ab4314baeb5f396d93083a547
2367,121-127105-0033,121/127105/121-127105-0033.flac,music/hd-classical/music-hd-0051.wav,4968475,10.0,False,0.17199006055592692,1.0,37680,16000,10a8ceaaa21b162ca2a38546f7c8cd31b5b2c33f59e3c20010f031ca2c877a34,b0fe6bab90c9130992bacc982854eae0747f842335e8daec5473f1b4bf6102b3
2368,4970-29095-0020,4970/29095/4970-29095-0020.flac,music/rfm/music-rfm-0093.wav,1202397,-5.0,False,0.5577551157558678,1.0,197840,16000,604a37e9ca1b78ebcf1971f6e4449b102271516a0b5500255689b7c748e8664b,2167eb988d46c1c040e81257cd17a1632ead5418c884b0eaf162d13fc5d28e20
2369,3729-6852-0044,3729/6852/3729-6852-0044.flac,music/hd-classical/music-hd-0044.wav,909827,0.0,False,0.2255185991698804,1.0,111680,16000,000ba1a46c304dade44257210bbd7c64995c6a789a88f98ecf4139ba841390b9,7932a91a020df31fb1f32ebe1c046eb142107a6ef280fb7c19bd7fa448b73ec3
2370,8463-287645-0009,8463/287645/8463-287645-0009.flac,music/jamendo/music-jamendo-0080.wav,1352814,5.0,False,0.147723654274745,1.0,59360,16000,6df05af9dbf3faa8999db5c7cfbe0f09a56210770945c7f9ef8623e7af75a6fb,c64121f1fa98fbd29de1b4beea782410861b31ea48eab7342368b4a7f48508cc
2371,61-70970-0015,61/70970/61-70970-0015.flac,music/fma/music-fma-0018.wav,3189094,10.0,False,0.05752299243382014,1.0,134640,16000,9618487193bceaa802ab11c0e131ab1cc7a3084af99f533b71e540dd8cc5492a,451a6a8d95363d720adad065e8378b7d1a6eef1903091e762921b7d8e60ba1a7
2372,4507-16021-0055,4507/16021/4507-16021-0055.flac,music/fma-western-art/music-fma-wa-0013.wav,4014751,-5.0,False,1.2606878372781054,1.0,115600,16000,994c535ad141817c47433cb991e526717f7eda4b55dc717efdbd03f269783b58,f91b01fbef7da62a8ded85d3adac1d885f9229017bd8d32bee1a31d759ffe9c5
2373,121-127105-0028,121/127105/121-127105-0028.flac,music/fma-western-art/music-fma-wa-0082.wav,2341762,0.0,False,5.298404287537432,1.0,108000,16000,5cb5ae3c996e081c09d604dfbca76091b2d77045cfb6901f8be5990533d84e8e,23f92bece31b83ed85ddd50b62a267eb039b525b2cc98c1a0c050916c7269083
2374,7021-85628-0003,7021/85628/7021-85628-0003.flac,music/fma-western-art/music-fma-wa-0084.wav,1914639,5.0,False,0.883940927593689,1.0,244640,16000,a68841b44618e241eaf6b61042c67eddb11f3fc516f192d6053957c05c4f63ca,443b329a75e9b6d48505a9f056bc309d4901546a0650a8921a051bc73c143ece
2375,8455-210777-0015,8455/210777/8455-210777-0015.flac,music/jamendo/music-jamendo-0028.wav,3878646,10.0,False,0.08199906768306933,1.0,137840,16000,41ea804538d87f6808ab6f64ca7365d2cb270598e73b58f7270e421cd57ecbef,e36c6ea7812701333e30695cb3532debb6cab865c5e0205a59a44f347c754ca6
2376,4507-16021-0005,4507/16021/4507-16021-0005.flac,music/jamendo/music-jamendo-0107.wav,1805558,-5.0,False,0.5486264068604767,1.0,67360,16000,f1bc9568ac1b2cf2fef80c781360bfe3f153685c312d627de096cd23e4534c51,d464c7a7ae8ac5c11ea874726e563e5958efc3aae9862164dc2a546047174fcd
2377,2961-961-0012,2961/961/2961-961-0012.flac,music/hd-classical/music-hd-0055.wav,1060057,0.0,False,0.23393324078462255,1.0,208240,16000,ccec72e73182500e12146547c688745bb2aadc7835c3b3f0a31bd2f3bf95b7c0,229e3039e600e2a9bcb4a147e57f070741ba9901b8fb9f58f97d470842a63eaa
2378,2300-131720-0001,2300/131720/2300-131720-0001.flac,music/jamendo/music-jamendo-0111.wav,431103,5.0,False,0.23703673089044444,1.0,234080,16000,117423bd515e4e5fd45d3062debb6069ba69d96f6b0c389d6593893ee47b822e,6510cdbc0d2965e48ab511cb2979e32cf4299af1db20914f003294b5b96b7f95
2379,672-122797-0017,672/122797/672-122797-0017.flac,music/fma/music-fma-0029.wav,2720021,10.0,False,0.188124928102107,1.0,77120,16000,ac22be2aa1ba6ff649d29436c0ba06e819d2daed2885a31e71be3f9ee28d9108,03690164b3cfa847515d52bf8bd93e4d3809ae0d90188a91f63ed14f19fd5a8a
2380,3575-170457-0005,3575/170457/3575-170457-0005.flac,music/jamendo/music-jamendo-0204.wav,1926046,-5.0,False,0.6625405974488134,1.0,117440,16000,16e7d98d9c4e92ebcc90d704bcca3d5964a910684d4b09d9c801f238210b8dcf,8dd1f3b39a690a6ebb23c3d48a0f42b7bc3e27377c6de24ca0fc9455730ec4bb
2381,8463-287645-0013,8463/287645/8463-287645-0013.flac,music/jamendo/music-jamendo-0148.wav,1014647,0.0,False,0.3280690697671241,1.0,106640,16000,50f690743eee5f1bab98ed9daee486d4afa56d67f645675fcc12954ecaee7332,91f1fc2f6638a4ddc2ac4cfad31a21fd0066360493bfcfd5d163fc5bbac6f1a5
2382,1580-141084-0043,1580/141084/1580-141084-0043.flac,music/fma/music-fma-0069.wav,3139191,5.0,False,0.09223755407327568,1.0,33040,16000,b5e10b8867f99df4568a5f9fd1f4dc1993cf4ee59dca6ba3624bf9af3b7c4138,f4ea5f07c8575027fdf90ebddc5ad399c16acf3db577355377dbea7d0db6c305
2383,8230-279154-0040,8230/279154/8230-279154-0040.flac,music/jamendo/music-jamendo-0022.wav,3309642,10.0,False,0.12094942776316929,1.0,267120,16000,19af5578f4036e9ad7c2dea6d790542024e6e34e55cfb14e59046964d924739a,2ebaa8d6c464a891facf5f6e36e7529350aee630e12177919021c90a23dcf158
2384,4446-2275-0002,4446/2275/4446-2275-0002.flac,music/rfm/music-rfm-0047.wav,3955417,-5.0,False,0.7785679979987716,1.0,122800,16000,37faadbe1ae985ccce543ce39fcf58dbb26851e13d260ab922e6f2f39625f787,16860965b82ec9af47b0109b6d3f33992e3d68b423e167b2582fd0eb41d35797
2385,1089-134691-0018,1089/134691/1089-134691-0018.flac,music/rfm/music-rfm-0090.wav,2872650,0.0,False,0.5150642815561318,1.0,49440,16000,f90670c422324fe38bfe2efa967422f639048b9e8f2463fb7c22ae897a3fc80d,9297e52497dd2c0266d87f2b90fe4c840a912cd089aa5eeb0695617a057e9ff0
2386,2830-3980-0049,2830/3980/2830-3980-0049.flac,music/jamendo/music-jamendo-0074.wav,2569313,5.0,False,0.1459362247298245,1.0,54720,16000,342b50349ab3f02689de184687911411167e3d98786e5683efa7327efa06f99c,a189a4ee583b226d6ca6a4e1b0818511f8906c11410c28f9dbad942b7a8db10c
2387,2830-3980-0033,2830/3980/2830-3980-0033.flac,music/jamendo/music-jamendo-0095.wav,1711654,10.0,False,0.09539588937496768,1.0,43360,16000,04d38b8b46e89a6493997bb5418cda822f8652dc6675ec540f69b7de071281fd,5328dcf59c0b848f663e2e30c1e2781f9061b27544e0cd18a3ddfbfdd3e1314d
2388,3729-6852-0016,3729/6852/3729-6852-0016.flac,music/fma-western-art/music-fma-wa-0044.wav,9352817,-5.0,False,2.2476527110295046,1.0,67120,16000,b4c01f64c0b8bc768dbfbb507a55c3c8883ecc6a251daba57f8f44ff0e04f956,cf17accc0a3683b255b8a591d2debd08607cf0eaf9d5718d73e0a4aa8eb437e4
2389,8455-210777-0008,8455/210777/8455-210777-0008.flac,music/hd-classical/music-hd-0034.wav,1885339,0.0,False,0.9564531903330358,1.0,189360,16000,14056d52deefffdd688f0c712a16e58f0fb963aba7cdf295cc02d2d966d0b32d,5141817fed08d6218de1416a11063fa0f1ee67ed686ae901c64821ae6e640401
2390,8224-274384-0001,8224/274384/8224-274384-0001.flac,music/rfm/music-rfm-0077.wav,2266835,5.0,False,0.3572771768106772,1.0,325280,16000,39802b43211f311d9987ffdb913358174a5af37e26600bd836319528cf4df9af,946cff0565b4a87649cc376ad083d30638fe5728d9afd0cd0ac94cfeb5fb4f87
2391,1320-122617-0003,1320/122617/1320-122617-0003.flac,music/hd-classical/music-hd-0015.wav,5272359,10.0,False,0.1258391371148616,1.0,100560,16000,b3441360742f4a1b3ae938fe7dc666aa0b9ff6214f766edb4c23d916f691e3b9,86e8537e8901b67ab8a71285a1a1f2b03f65da8dc82f37fdf2f5ff8e00f1f1f3
2392,1995-1826-0005,1995/1826/1995-1826-0005.flac,music/fma/music-fma-0006.wav,3597688,-5.0,False,0.3419033651049284,1.0,82000,16000,e6b6a27ec228d9ea4b07ef5ee38a175faab08238db8c25babf4169340b3e6443,fc48a7969293e8b5dda73612c10b82261a5d87c6e23dda2741d3605fa79e3e11
2393,8230-279154-0011,8230/279154/8230-279154-0011.flac,music/jamendo/music-jamendo-0135.wav,2142609,0.0,False,0.47878628737121814,1.0,100000,16000,c720c423fb585a19301a2b8a6f4b2c9d857c91c31c939a479947c3098514acb2,5775191aeb7aeea730a87b4956b3a0a7daeb7e1d3b502d8be302a3241c1fe8bc
2394,2094-142345-0052,2094/142345/2094-142345-0052.flac,music/jamendo/music-jamendo-0067.wav,187878,5.0,False,0.18202793888250843,1.0,104480,16000,e81ecc8056a4fb6978e501a01dac21d751cb5796f3199e9bcddf87b92618ccbd,7bdf4bf5b41a884e39ff35801a39ef8e26df91a35bf613f78ee2b7205a186bdf
2395,7127-75947-0010,7127/75947/7127-75947-0010.flac,music/jamendo/music-jamendo-0037.wav,2412234,10.0,False,0.0573418684305354,1.0,141840,16000,e931b7d34f271c1fcbe599b92b9d263306d4bdc225514c040ce155f30ab15285,11951cdab4d880e4c99150d6b4a2335a65695a2d47fdcea63cca007f14bb3785
2396,8455-210777-0018,8455/210777/8455-210777-0018.flac,music/jamendo/music-jamendo-0162.wav,575178,-5.0,False,0.41363691517232964,1.0,94800,16000,e23c3ad58ac22dcb0d6c1e9506f363817e00cc830669adf3710a51d51ad73109,7f3d7a1b61a3ad1494dd3596dfad3c346b59f4722b7f4d78c6072f1b0307f63b
2397,2961-961-0016,2961/961/2961-961-0016.flac,music/fma-western-art/music-fma-wa-0051.wav,351554,0.0,False,0.46513636768867883,1.0,125040,16000,7bd5bc14c378fe47663a6c33bde69bcee80058b787aed6dee261c3115d8dffd9,bfbc0a7a7253a969fd9b16dce99839029002c2357f37c06d7b82e11adc727f29
2398,260-123288-0006,260/123288/260-123288-0006.flac,music/fma/music-fma-0009.wav,1559525,5.0,False,0.10783093664895886,1.0,78080,16000,d4bf6945aaf28b28d7e99a2966f5de2745ae5ecf2e95952e72fa2cae4d71600b,bf9e4175c50a043b9451a6ffc19976557485819cd0502f3d8b80309e4f718fb2
2399,8230-279154-0018,8230/279154/8230-279154-0018.flac,music/fma-western-art/music-fma-wa-0050.wav,861294,10.0,False,0.17574508945323694,1.0,189520,16000,a383c00e75306189f4589e4981c7ee607565d8854f310edf0cf974803e1d7260,5c8e3582b61128b9003e7540e4402ab900d3919e0b40f825332c581ea9f335f2
2400,8455-210777-0058,8455/210777/8455-210777-0058.flac,music/jamendo/music-jamendo-0189.wav,5183153,-5.0,False,0.7237889466359843,1.0,114560,16000,bc2898e143e233348a7cb646a65ffeaa72f3e5063f441a667eba9143af0311f0,8d5ee97bad95b0ff84ae008ecd58e339dac8ec3b38c9b67662012cafc272502c
2401,5105-28241-0014,5105/28241/5105-28241-0014.flac,music/fma/music-fma-0032.wav,1550310,0.0,False,0.2691301221168816,1.0,47920,16000,314de46b2b5f4ae50fb6ba79bc99c78e9235c35e8427436964c3f892568906ee,82d58ff2288a772814bcd8ebbeb4045e7bc3a5a8731a9c471ca8c697e674f1db
2402,61-70970-0004,61/70970/61-70970-0004.flac,music/jamendo/music-jamendo-0172.wav,2716728,5.0,False,0.1914906805577308,1.0,168240,16000,7617702194a153e2ade2a435715f87ef5d6e78424ca30658e3567e2f1c0b41d4,cd3bc25d7acda14b5e7c4b494408382c0360af4472a46dce666feed700b30823
2403,1188-133604-0013,1188/133604/1188-133604-0013.flac,music/fma/music-fma-0085.wav,925704,10.0,False,0.13771504903832985,1.0,48320,16000,c9c452105230a90f747b69b41fdfc6d380a7e292a9993409c6452879f61e0f06,fc5e532f884ad78b7d740559faafec8c1346819db33755209eb3e8edeeb41064
2404,5683-32866-0027,5683/32866/5683-32866-0027.flac,music/rfm/music-rfm-0095.wav,1031137,-5.0,False,0.4664393817650548,1.0,76080,16000,3f6b5d232a52ce96d9ff0e86c3f76fcac85507d6a5d0fdff8255b542f70992eb,70989452ceb5931e08dd9ae4d9182474a432fedb89a847ff2774c6057d7419cf
2405,1580-141084-0005,1580/141084/1580-141084-0005.flac,music/fma/music-fma-0016.wav,194895,0.0,False,0.3756693448734131,1.0,40240,16000,7582f8e0502f84b55a3f2c09c2bd4c54c58a6666f852a88af77d3c1ce8a7f1f3,63ff8c73725868b869bae910e11028f41783d5abeb44f34cd2962b88d9abe07a
2406,7127-75946-0010,7127/75946/7127-75946-0010.flac,music/rfm/music-rfm-0111.wav,366158,5.0,False,0.23136639450213928,1.0,57600,16000,3f4f16f87867377b2ab8e7dcef683b49cbb6def21a7aa86f9b6e827815eb885f,026855daa3b01c6109d3148e9f6d0a38091611958fdf53ea80274842224cc2e8
2407,8463-294828-0009,8463/294828/8463-294828-0009.flac,music/jamendo/music-jamendo-0209.wav,2780249,10.0,False,0.14112216115286302,1.0,66720,16000,e3d3293730cb753a4ef5199694a9284710c6c3ef914699210cb952d0cb45d393,a61ea5b60d6223a7be86b1c7632095824edfc75ac106f67d6c9ad780ecc61352
2408,7729-102255-0025,7729/102255/7729-102255-0025.flac,music/jamendo/music-jamendo-0078.wav,1138686,-5.0,False,0.4982686459065514,1.0,87760,16000,ecf05070c34435974efbddd9b4c30fd50aa4fadb2306cce79eb2b1c8f64da0de,6f1ea0c0b3b0b9786194706aff66cb7080ccab30795376a4524960779828bed2
2409,237-134493-0007,237/134493/237-134493-0007.flac,music/hd-classical/music-hd-0046.wav,218908,0.0,False,1.1149795827808329,0.7397717382590152,32560,16000,bcc6b320a0201a696373601f06a530f892ff00b83d560ccaec3b1b3a6b26ff43,140f906ad5a2bb30a7c0f9c951c5ea74a18b851a88977cc052f0c7af92452e04
2410,6829-68771-0031,6829/68771/6829-68771-0031.flac,music/fma/music-fma-0092.wav,2713048,5.0,False,0.10000802681859132,1.0,40240,16000,866a5db875f8ea1da6fafdda46b97d4da8589c592b28d9d3bbb14a59a58ab4b5,ebdfe5abad6e9914a9344e956160b4d30938986716776a6c2eb80f24af7dcaa0
2411,6930-76324-0021,6930/76324/6930-76324-0021.flac,music/hd-classical/music-hd-0045.wav,889229,10.0,False,0.08596015321054049,1.0,117680,16000,6762d39fd038825bbd8d3c8c41d8576a1c7eea7c5c32f4c044ac6f54eb114515,c4de53f06f3f60cda4523ffce9f101c70c40622547c07e59a04841315a42faae
2412,4446-2275-0023,4446/2275/4446-2275-0023.flac,music/hd-classical/music-hd-0071.wav,1025153,-5.0,False,0.680269227218061,1.0,60880,16000,4a00f5a641effce74abc5847b45f53b1b38fd5713cf276f357c2cd7ed3c07fca,53a354b756c409b31fdf23f8c4aea3a76f86f47ddfde716ecf2c30787ffb225c
2413,2094-142345-0040,2094/142345/2094-142345-0040.flac,music/jamendo/music-jamendo-0147.wav,170861,0.0,False,0.28268443907952456,1.0,38160,16000,6251f611e773d9e763f44082411201b153f311791864286fb33693cfbb2035d3,e3346197e128ff2fd0723f260e2d891e1d8b968948f3319cad4910a13218d153
2414,908-157963-0015,908/157963/908-157963-0015.flac,music/fma/music-fma-0097.wav,3603025,5.0,False,0.2618702908513436,1.0,231440,16000,15a0b6d6f710974c4d92d75e3c0215dacd43ed3292f9355611ce6d6e9951c271,7476dde0340752a0327842c743798140e5652d126759eee5f2836273ad599832
2415,237-134500-0025,237/134500/237-134500-0025.flac,music/jamendo/music-jamendo-0167.wav,1811139,10.0,False,0.06380384940557692,1.0,26080,16000,85c1c3d5ee156aba5f64b496a7f2fb049769e6a2e59744b647c8b144d0d023ec,f1b128b53775474297310c3876c1721d19da4cb1f8d354ee0d0f62ff933c667a
2416,8224-274381-0013,8224/274381/8224-274381-0013.flac,music/rfm/music-rfm-0103.wav,649847,-5.0,False,0.41894284337494037,1.0,217760,16000,60aee1eb7d7213f997cb530512847391a019af0f094ef9da3286fff28f2c43d9,4c3d09b50a036c8e88e41d12f6ddf4929b5e63414d5091e94156264532a15ca5
2417,260-123286-0014,260/123286/260-123286-0014.flac,music/jamendo/music-jamendo-0074.wav,151214,0.0,False,0.27517853618723176,1.0,47680,16000,519856b6ac74949ca3aef5be57338a0b093102dfc6bcb3c1260b883b3f5b5392,81551ae456bd7a1083da76443813864119e9d1d56d1a0b6a847c05b2a7330ee1
2418,4077-13754-0006,4077/13754/4077-13754-0006.flac,music/hd-classical/music-hd-0042.wav,608531,5.0,False,0.22080172562014833,1.0,203999,16000,dfc7b31e15e2aac5180f84a5fd8bda0dfc109d126575ea42a8c180abb04a89f9,c6a3ee80ba31f372cf0726dae91172c27d005f741eb8e5c17a9bc9642d31102c
2419,5105-28241-0019,5105/28241/5105-28241-0019.flac,music/fma-western-art/music-fma-wa-0032.wav,5179343,10.0,False,0.2681242915520645,1.0,84640,16000,0cb3187c94ef9bd4da416922fe23fed79a3496f6738085dbe049430e394452aa,dec980240015f0bcfdd3382dce89ed4660cf566936e6991b57dccfa40c3c9d60
2420,1188-133604-0021,1188/133604/1188-133604-0021.flac,music/fma/music-fma-0034.wav,2236797,-5.0,False,0.6260047196678841,1.0,224320,16000,0c5850b188ddaa6fee1dc786bb49f339aae3d9cf83e392a9248e7d88c74b0962,279f50eeadac1273e8ae3d8caa9ee9a7bdcf6b5a3166c781db68010e77133ae6
2421,8455-210777-0009,8455/210777/8455-210777-0009.flac,music/fma/music-fma-0093.wav,838619,0.0,False,0.18990672310933895,1.0,73280,16000,dd73a84ef4e5ec7274827e01914669988f11e1378a5c70ecd30cb46973af0952,15b73f5f0bea2213df73d6039d25106956697f6a23331d0d4766bd281edec33a
2422,2830-3980-0002,2830/3980/2830-3980-0002.flac,music/jamendo/music-jamendo-0039.wav,3953770,5.0,False,0.4171367503408034,1.0,32400,16000,4ef9943deb55ae8442178f642b105cbb7b031b11f900d92a5e28b28eb2abb567,b9bc3baf5f42a41eefdf9092f0c5ad3f927059cf143048cfd261a28a7d568abf
2423,121-121726-0007,121/121726/121-121726-0007.flac,music/rfm/music-rfm-0094.wav,1954063,10.0,False,0.07859774412708648,1.0,107680,16000,5bc43886da1af5e75b5b08fc02b6cfe5c2e879a5ad4c139015b1360dd3f03baa,ff913e7187dd91232f7ed4777881e2b00b6f66dc1718d4d77886eaa577567187
2424,5105-28241-0009,5105/28241/5105-28241-0009.flac,music/rfm/music-rfm-0094.wav,1133020,-5.0,False,0.47177982850199685,1.0,112160,16000,75e230a41cf9f73068b9cb509df981b551a9048de6a5f845bec7967e15f0da01,430b49fc9adeb1a20de13b5b9d22cef08d37a8c8c7408f18ca1cbac46ebf8270
2425,1995-1826-0000,1995/1826/1995-1826-0000.flac,music/hd-classical/music-hd-0036.wav,4660190,0.0,False,0.43068847237377395,1.0,151760,16000,03ac3f6a371c4ef5fd518588c0df859e6de2b82ca1cbe464533d53be303f5e5a,289770d2d98ad3c554d0c1e100f7fd7a0d6b79abc7769d8ba88e96aff3bcb73a
2426,5639-40744-0011,5639/40744/5639-40744-0011.flac,music/fma-western-art/music-fma-wa-0090.wav,958206,5.0,False,0.080812076337934,1.0,42640,16000,90d9efe9e9a46498a41ae16318a65c488f18808b88cc97dc06d2be90218db044,3f4ad32fadcb0585df22dcc860f957e1327fe1ad4214955d53f23e66dd13158e
2427,1580-141083-0028,1580/141083/1580-141083-0028.flac,music/jamendo/music-jamendo-0034.wav,656482,10.0,False,0.08759562191817362,1.0,41360,16000,9c9e47f14c358546ec66ea78deb1db2c1e15165bbb4967d98c68a41b7b670b17,b0af022a1012eb2f3140929c83bdb2dbf05fc0767837e8b09e582a079b375cc0
2428,1580-141083-0006,1580/141083/1580-141083-0006.flac,music/jamendo/music-jamendo-0156.wav,1179540,-5.0,False,0.29466554746585377,1.0,173600,16000,96e7a62c3f83e49b1c6859303c20ab3edeb7a85e4a1c6240594e8047b86a5895,2b5662ea36e758a10c8514fcfd4a871e34f23fdbc764985355c99976a3491deb
2429,672-122797-0057,672/122797/672-122797-0057.flac,music/jamendo/music-jamendo-0116.wav,1487084,0.0,False,0.1330936026645763,1.0,104960,16000,1aef449cadac3242db8b3e1e0d3b89795329be3e65bb26a86edc1127a9bdd780,56d376525db2ee95f15f17bd8f9635fe4edd844e27ef656dba2ac9d064b08401
2430,672-122797-0048,672/122797/672-122797-0048.flac,music/fma/music-fma-0053.wav,1231501,5.0,False,0.08451117022553419,1.0,104880,16000,d39d970ebb329ba994b677c4a6ddfef30098f19f1eb69bae8bc82e24113d0e22,c780fc33666b217e9e5b427dda4d150ed32f0f1494774234a74c282140eea3d7
2431,4446-2273-0029,4446/2273/4446-2273-0029.flac,music/fma-western-art/music-fma-wa-0008.wav,1956813,10.0,False,0.046938520574980845,1.0,52800,16000,cc01296e6f8d70f0b2a03b6e5aa515ab98db6bc70783266d34a1f74f5a2a3a37,519102a0dd127e581414f3b168e4c770e7f1ffcc6022a350e1f85b42a7c71b82
2432,1580-141083-0043,1580/141083/1580-141083-0043.flac,music/hd-classical/music-hd-0032.wav,5632857,-5.0,False,1.873733579269176,1.0,43840,16000,491d90996660e4b347f7307074f9362b2b79fa48328c29b2542bde987e517c5b,d73623738cd92a8eacd89c59d20c0c78268e44629e07ffdb36e9e38b9be556d1
2433,6930-81414-0025,6930/81414/6930-81414-0025.flac,music/jamendo/music-jamendo-0076.wav,1474743,0.0,False,0.30764623121324386,1.0,40480,16000,b15931169f71c953eedac751d02853de2e1942a7016114a0c67a724591607c5c,697cd8b0f3377d21089856558240c02f0b4dd1b6db17e801daed6a55426d14f9
2434,7729-102255-0044,7729/102255/7729-102255-0044.flac,music/jamendo/music-jamendo-0114.wav,1950805,5.0,False,0.1332158197687613,1.0,273680,16000,bdb00ec8dcc1443ba6fbe2f742b544aa1b7c698ebee95db32264422b2898357a,f4daa37f6605cb0d6d60bae9d8263aee79780875f05e990947b289632c20b4cf
2435,6930-75918-0008,6930/75918/6930-75918-0008.flac,music/fma-western-art/music-fma-wa-0038.wav,4384014,10.0,False,0.09297221419215598,1.0,76560,16000,01333d888f243ad4dcb166d6a3164c7c1e835bf65f9d92f15a59b63bec6792eb,338b5663eb27312ffc2b0dff7be56a2d727ac5c99d9ea23b8ce79083ae4607f9
2436,7176-92135-0007,7176/92135/7176-92135-0007.flac,music/rfm/music-rfm-0116.wav,1461709,-5.0,False,1.224067590695755,0.845482981400075,52400,16000,00dea8eccab4576465c44667f377bd3ae89f1d4364249021131642a119e28cd7,2fd59ed0686c5e30a6a3903051f9256b33470dfc5acb622135ed42f9660eb411
2437,2300-131720-0009,2300/131720/2300-131720-0009.flac,music/jamendo/music-jamendo-0179.wav,631092,0.0,False,0.6812112445680621,1.0,153680,16000,ec12a9dcba419f5242391c6ca5acddeb44494faa2afdca4e2fb63eb6ce37e784,46d996d440d4bb421ee5c6e623ce49cc474c59d090e5caae5d06de59bfc948bb
2438,260-123440-0007,260/123440/260-123440-0007.flac,music/hd-classical/music-hd-0072.wav,1809067,5.0,False,0.2351474527524181,1.0,54160,16000,eb8c81460fda39080c2c9accaf0ab8231053cdbbec3cf4f862eae67df9f5893e,5ab42bd98999423bbed22236295e4a84fd4cfdedfb03916007ab87f350d16a4c
2439,5105-28240-0010,5105/28240/5105-28240-0010.flac,music/fma/music-fma-0111.wav,1859458,10.0,False,0.0713763729619602,1.0,46960,16000,fb63a0524fb0a337d8532f46094c36b81604075c85440ca0bab90fc562d4a825,e151d196e2249b6b138ed2cc951cb184a903f3d78870b3019740353a87ddce69
2440,3575-170457-0020,3575/170457/3575-170457-0020.flac,music/jamendo/music-jamendo-0214.wav,355360,-5.0,False,0.7235883224959534,1.0,138320,16000,621c656f2bb2034a5ddfd4777d99e2807a6f43ce95218940dcc6cb4053b5cf4a,80f11efbc8a9f8b4330da263b8527679103a10500eb49fd3ca9af2eb5611fb7b
2441,672-122797-0003,672/122797/672-122797-0003.flac,music/jamendo/music-jamendo-0209.wav,2907669,0.0,False,0.3089081780514036,1.0,76160,16000,0c223f6c7eefc8609d48e00a13d8fcd390fa2300c940526675979c264ab7fe0e,a9d3c3eae34dcb8668fd43b655864c4293716787e4f560ac927f7d45feab78f0
2442,2300-131720-0003,2300/131720/2300-131720-0003.flac,music/jamendo/music-jamendo-0190.wav,4256462,5.0,False,0.5426877602491966,1.0,268160,16000,ca58b2eeee864b2d98b9752021dcf77d7a84e5aec70429068630b27fb7677b29,49ae6d968e34115c06734678f2a6717c505dee1791642d648a3bde5bc0859a52
2443,260-123288-0012,260/123288/260-123288-0012.flac,music/jamendo/music-jamendo-0151.wav,301186,10.0,False,0.14556591063170995,1.0,56720,16000,87f4a9caabd008abe026de70f5982737d9de593b2fd01d19a3788d1e1aee0c75,bcf4d7d404899c26f68359e769ba6b8fd861a9be79c05c2a945ee8054177a7d3
2444,4507-16021-0002,4507/16021/4507-16021-0002.flac,music/fma/music-fma-0060.wav,1124868,-5.0,False,0.5970802777441246,1.0,50960,16000,9c22a6f03e3a43c73aefac09e2631209a7863ad12cc56964dbdf96a6c009ba86,cc3d42b9da25671a168a141bb3ee2ef9d7915f5a2f08d89db0a8b7d3d2a99557
2445,4446-2275-0025,4446/2275/4446-2275-0025.flac,music/jamendo/music-jamendo-0175.wav,1788848,0.0,False,0.12472403735684047,1.0,34560,16000,8b3bbf5660501b5e47adad6294466b4931547b13d52d7ba2c9945967c14cfe43,8383f95106fcf4604f53c81420d7bfb528c58303d622abc9843bf1545aa49ad8
2446,8224-274381-0012,8224/274381/8224-274381-0012.flac,music/fma/music-fma-0025.wav,210243,5.0,False,0.21915913677291374,1.0,318160,16000,3e4af20348ed385dbf97d2a12caf39dabeed4adac66996b0aa9c0765ad5c4e72,3e0dda6d5887e815140c5f51c16cb3b7c7acdb5b0319dc979f065f60bed7fe89
2447,237-134500-0012,237/134500/237-134500-0012.flac,music/jamendo/music-jamendo-0165.wav,494977,10.0,False,0.09396153533299512,1.0,174960,16000,5bf29d341eda4802d0b0dd3f0470c460283b0c68f3c426da64d5bc9dff697176,d147a0996bf87c2b78ff19a5a9f65dd745b6d3e20853510cf0da384f928cc940
2448,4446-2275-0000,4446/2275/4446-2275-0000.flac,music/jamendo/music-jamendo-0074.wav,1345451,-5.0,False,0.46096282321766163,1.0,101440,16000,1adb254e3983ce7404806689924336bf5ee3e7fc2738a5c9d792a62f7c9fd300,8de2565519fc72263c469307a1eddd5251387887f2edc266ed168278cac4b825
2449,1221-135766-0003,1221/135766/1221-135766-0003.flac,music/fma-western-art/music-fma-wa-0091.wav,1110685,0.0,False,0.38813347048681185,1.0,219520,16000,4c6b7d55eef72c98e7e5408ed4b3f72598156dc4d928c310898ca0e85e39e41d,924a489904b9de1aa2f89663a007c3944f2d6dd2cc84e6b67cce6a54ca9479ea
2450,6829-68769-0014,6829/68769/6829-68769-0014.flac,music/jamendo/music-jamendo-0040.wav,2924464,5.0,False,0.4468807655589591,1.0,58480,16000,8e989016cdec518433b8820d0f5b1e12aa1144b8f8860a562e65cd30d059cda2,201fd8ceb857973014e9d19b55458e2b460e5a3bb593495aa482a3b2a3b38cf7
2451,908-31957-0018,908/31957/908-31957-0018.flac,music/jamendo/music-jamendo-0037.wav,328118,10.0,False,0.06253759068812836,1.0,62640,16000,66616f2f184d0ee6610e80f4608713e690260e0e1a87cd662656695dd5209573,83592bec454f18411fcdf215bfc4b8337fe547b8dd877b3cac083dc0139df7b2
2452,3570-5694-0018,3570/5694/3570-5694-0018.flac,music/jamendo/music-jamendo-0091.wav,2985959,-5.0,False,0.4963815972760354,1.0,125040,16000,d7d872b9fbdc739eee84f0087247226d354938d1a30a2c154d991d154f5a4e8f,e914d09296f8a39e76a2a4e01f307b93de5be3227388fbca7a770f5d2f3cfd7d
2453,4992-41806-0011,4992/41806/4992-41806-0011.flac,music/rfm/music-rfm-0027.wav,1429290,0.0,False,0.22468411919174391,1.0,125440,16000,3c3c2239190d80a9ba98839a18e4200f799731b54cb628e57ff78fe43ae54699,133383c8a91c09e9d67afbd2203dbb5de274446d8e2c847e8830e47153de8947
2454,7176-92135-0019,7176/92135/7176-92135-0019.flac,music/fma/music-fma-0119.wav,339195,5.0,False,0.6052325928375268,1.0,38480,16000,1a9a33f1717bd701a223e09dca95fe85a4890e66d54fcf6d91eea99463657200,a3bbb74ec3401f3b19d4afaeb415c1144896e0d82ff67fe4460b0a5041c963da
2455,7021-79759-0004,7021/79759/7021-79759-0004.flac,music/jamendo/music-jamendo-0029.wav,1717362,10.0,False,0.07114473384915829,1.0,391520,16000,a741a5dd071680da7ffa40c143ab255cece9f820ee0d160434760c6b5d252088,4ff275c2e532ab419bcd4e31dd5830bd1da54e54f79ef933b4afa56dd79fe574
2456,121-127105-0002,121/127105/121-127105-0002.flac,music/fma/music-fma-0057.wav,1401578,-5.0,False,0.35227363875753903,1.0,119920,16000,003c03eccc75f7cf96e8eb298ed76847efd2e37a6174533e79343f5c81975a38,61191ecac50598061da39678817be3ddbc191b5565833a58fa1e22e0a20040d9
2457,1089-134691-0010,1089/134691/1089-134691-0010.flac,music/jamendo/music-jamendo-0042.wav,3532620,0.0,False,0.1691030715518906,1.0,51120,16000,b18d4010e5c33bb244d794e31ae19b38d644354615a91a0cd5bbea7f897f25f6,af336e9dfc1398f61d7c29724493ad255f2265c31d88b9dcd9f48b432c7e8989
2458,260-123286-0022,260/123286/260-123286-0022.flac,music/jamendo/music-jamendo-0140.wav,1500423,5.0,False,0.12752538101478272,1.0,51760,16000,a0026dca2f13b9fe580d42b554bf2d47f70bfa0c7d9fd9063ae35f0f9fffc826,5873688c11424caaa4a25f315b8c6fa5a2d45be9435ddbf73dbd4c6932a1e81d
2459,5105-28241-0000,5105/28241/5105-28241-0000.flac,music/hd-classical/music-hd-0007.wav,1224715,10.0,False,0.08497527552060354,1.0,103280,16000,ee372990f644966d916a65b3d0fabb093a69c9ec468484af7548e72f3b72fa73,92d306a1d37acb7e23be7b16d7bc88fcf904996aca4935f8a6601612bdd334a8
2460,1320-122617-0031,1320/122617/1320-122617-0031.flac,music/fma/music-fma-0002.wav,3385851,-5.0,False,0.4266699689045409,1.0,100560,16000,80883a3436c01354db07e902e279378961f099bbc79be26acdc4c4cd242b68a9,b4968af2d67945b82e44c36692544bfb59586fdd52f372899562f0cf54a1682e
2461,2830-3980-0013,2830/3980/2830-3980-0013.flac,music/fma-western-art/music-fma-wa-0089.wav,700381,0.0,False,0.5165446132628528,1.0,66320,16000,73f3f4917d739560868facba618ff1afc8c4713873e67aa0542e0dc994c25198,d6b865bc57510623777f42848eac0177997ae805e914425c341ab86e38def171
2462,1089-134691-0025,1089/134691/1089-134691-0025.flac,music/hd-classical/music-hd-0032.wav,1360238,5.0,False,0.16212499640552108,1.0,128080,16000,8a98016ce9a9b8e63fd39c8684c964cb785f2f60a37a1a5d6b40c3f493e4f85b,8b86469b7f8bfe53b7b5b66220cb6296645c3de6d33dd767d52fe7f982ed29b2
2463,237-134493-0015,237/134493/237-134493-0015.flac,music/fma/music-fma-0075.wav,4749831,10.0,False,0.25364355339215305,0.9945054184696798,104800,16000,26534d4ede3171d190c43f91cb14609afe97aea51486ccf9e14878349c4cfef5,499710ef90c5ff371e3dcaf81b7925ff9c3a827c12f096eda31dbe4063bb4021
2464,7127-75947-0013,7127/75947/7127-75947-0013.flac,music/rfm/music-rfm-0070.wav,2654916,-5.0,False,1.054387298838359,1.0,80720,16000,4081afa5139d9bd4b011e905614a8fe3e9feb25c897a5ce43924306fb41744e6,6fd837b6d34501507b58bea62a925a96de218b456ad50477e3597d758d25875d
2465,1089-134686-0036,1089/134686/1089-134686-0036.flac,music/rfm/music-rfm-0109.wav,1551092,0.0,False,0.22009592926251104,1.0,52000,16000,eb560a8121d352338f01105594cf025bfd4c6561ae6eb54bec5b03be63ba47a5,8368b1a0a5cceee75701193351efc85486c47f0abd83d07431f8fa9a5c7c4c73
2466,1320-122617-0015,1320/122617/1320-122617-0015.flac,music/fma-western-art/music-fma-wa-0054.wav,335313,5.0,False,1.6263830379279927,1.0,82000,16000,ea505c9db6e1edb5379ad919dc02477862d418ccb635996b77707b7cc7b99ebf,4a22f65bd18eefc1c0fb3e5f7d4a26826e5ea46d6882841572abf41726bef3e9
2467,6829-68769-0034,6829/68769/6829-68769-0034.flac,music/jamendo/music-jamendo-0103.wav,920407,10.0,False,0.12744616371756642,1.0,96880,16000,c54fe76c8d7e4332218c4a37ba122a92066fb5899eb671634d8a08763e037f58,3a234a86bc564bae64443b21d4cbf8a4e7baaffbc324d27bdf3ad3908f445fe8
2468,61-70968-0033,61/70968/61-70968-0033.flac,music/hd-classical/music-hd-0021.wav,706447,-5.0,False,0.8197328344803748,1.0,90960,16000,6048875e595a68c17f4d79b2c36bfff5e60066aaad246b19a18d6d6101acfad3,529cc90d7701a60027b6ffbf23a9eac4e20c4a65907b2e7803192ff4b525d99e
2469,8463-294825-0008,8463/294825/8463-294825-0008.flac,music/fma/music-fma-0122.wav,6431120,0.0,False,0.6118915003609232,1.0,63680,16000,eaa8c96282fb5be8df3ceb1bf389ba2ae9827730281f497720173486c299b0bb,1f3096f84b01f8947c8f6dd665ef49c735a32479a78457b4cab83d6856b7e2c4
2470,8463-294828-0005,8463/294828/8463-294828-0005.flac,music/rfm/music-rfm-0104.wav,668565,5.0,False,0.1577155343614344,1.0,39040,16000,0de17f4761b8be8766b1b71034fe2d0f94e5c8ec9b5bfe522a47aaf3318365d3,d3812b71a29ba2e748e78c7fb2992c678406c4b80b8c1ef2830665ccbfc929d3
2471,4507-16021-0050,4507/16021/4507-16021-0050.flac,music/rfm/music-rfm-0080.wav,1336113,10.0,False,0.27646897522166514,1.0,62320,16000,d0bfd3f8bc488427fb0e19002ca95a5ba48cd103087630388d2d596154f6d25c,e68ad1ecdb21dcb74798b33bd6ee9737a68b77fea0c19e0843d9b36a62d90a30
2472,1221-135766-0014,1221/135766/1221-135766-0014.flac,music/jamendo/music-jamendo-0171.wav,1668904,-5.0,False,0.2514942268887647,1.0,76000,16000,1c914eb0f4d89f8614873dd1007e30f32100d2f29078c90a9c018501f2166ec2,111b290bab1cd57fb66703291c20d2f229fb3347c7f25e8cdb7cc04904919013
2473,260-123440-0009,260/123440/260-123440-0009.flac,music/rfm/music-rfm-0030.wav,2249808,0.0,False,0.7081158497591412,1.0,49840,16000,a18becf81b74c075d14165e9c288fffb0d1ecdc531db4d657b6846a619b4ad07,38dc0acad4f500c5cc9b91ac8117c2c85608508d6c562c7d43a7c0d4d0e75af4
2474,6829-68769-0053,6829/68769/6829-68769-0053.flac,music/fma-western-art/music-fma-wa-0058.wav,927209,5.0,False,0.22214522583502466,1.0,101760,16000,140fdd089d7e5894a85a9e3bf2f76e09e29f2293b7f49d7de80a312426c40645,f373a3db2cbb62641f98e33384f5d966f5133c033bfb18f212b36fca5b12c1d8
2475,1188-133604-0020,1188/133604/1188-133604-0020.flac,music/hd-classical/music-hd-0069.wav,124090,10.0,False,0.11740829460015194,1.0,164160,16000,6788f014d764d108a00bf34ecf335c2461f18ab29db2c75618e7fb0fe44c37a7,6fc5f679b387231fedaec3885e40417f53fd60e42e3832955db56df109b5450f
2476,8463-294828-0012,8463/294828/8463-294828-0012.flac,music/fma-western-art/music-fma-wa-0011.wav,1114124,-5.0,False,0.7600249906102121,1.0,78480,16000,c67947490500f4f4b8f122bfc7cebcde83e35b6fd041835f96ffa3168d6c19e3,38ef0f0d839f976c9d9f16db50090d3ea2219fae356b466bbcce5546a256cb2b
2477,8224-274381-0005,8224/274381/8224-274381-0005.flac,music/jamendo/music-jamendo-0007.wav,2018390,0.0,False,0.7020173778223504,1.0,418560,16000,c2fec5c0f905511206fe3b1380cbbf7b0693d0a107e862ba434546f92645526e,f0330aadb2a64a372dfffd0a4689cc708037e7af479fe90c19e29710592f382d
2478,8455-210777-0037,8455/210777/8455-210777-0037.flac,music/hd-classical/music-hd-0070.wav,165962,5.0,False,0.28472500547501584,1.0,75760,16000,3d98c3bbd4c4e37ada0b9feeae0e4d20a9e581d884ef5dbe50d56d4354a421d9,750affc53c512eb2de2202dc381ffd40be1a78927522cb9f61a08206f0093492
2479,8463-294828-0008,8463/294828/8463-294828-0008.flac,music/fma/music-fma-0062.wav,468906,10.0,False,0.09464407320963822,1.0,42400,16000,0d9440e8207265c0f68513d2c5201d40362adb538db8eb1bb047179a80051d6f,efe14010bdff914a4d3c4aff6d47f84fd99af28abac2032192d02df3e889427f
2480,4970-29093-0015,4970/29093/4970-29093-0015.flac,music/jamendo/music-jamendo-0111.wav,1357008,-5.0,False,0.5394254418519775,1.0,53200,16000,54344ecd6e1fa93a7b80376f98b13b67c1b674ac5b645730c6cfebf993caf708,2b06008a157b733840e980a3a76d7fd56d30d5a4581adee98947cb77760706f5
2481,8463-294828-0017,8463/294828/8463-294828-0017.flac,music/rfm/music-rfm-0140.wav,482622,0.0,False,0.3713870240500668,1.0,148800,16000,aeb476646c8b6aa7ab80f48b91e9d33dd869860bc9a0824d06918bf6a96cec30,4c2d278a120cbca7980e79b2c084e621f80dd40e03c571f71dceae05e24b1559
2482,8555-284447-0008,8555/284447/8555-284447-0008.flac,music/jamendo/music-jamendo-0013.wav,2414996,5.0,False,0.07875997163144383,1.0,134240,16000,53c6136f8f002622b023a408cb923c46e156700cda692d58cfcc96967e605fab,b8187282ba018779c936dfd70d596ebdd9331562a671c46b219e86c4b9e921d8
2483,2961-961-0010,2961/961/2961-961-0010.flac,music/jamendo/music-jamendo-0090.wav,1607423,10.0,False,0.08426116753230244,1.0,125280,16000,057d02c02f961852afb1439d24a2430b87de9cd1ea4173e755e3d505cac0887e,79f11e2400d85736f0e8fd6d76e51b33e8d7611cbc4090bd3e9c649a0910322b
2484,6930-76324-0025,6930/76324/6930-76324-0025.flac,music/fma/music-fma-0098.wav,2980929,-5.0,False,0.8461744395857332,1.0,65920,16000,d4ce7484b5f08c310d33fabc6a8fe5872d86979a4e9f9d21a82d84b396c41769,27e13626bc8a4e76ad2f9a4854435ab821ca3420915c299ae2e984406b0551b6
2485,1995-1826-0024,1995/1826/1995-1826-0024.flac,music/jamendo/music-jamendo-0031.wav,1308452,0.0,False,0.19168995617884957,1.0,81520,16000,608069c9461894cc0706aa3e8466828e0202b8cd779f53b49aa0ac1bafcb9b02,f9c1443521a8c588843a4804afcedbf979d4b8ad74d86d419854863d9f56565b
2486,4507-16021-0049,4507/16021/4507-16021-0049.flac,music/fma-western-art/music-fma-wa-0026.wav,880483,5.0,False,0.246400351437874,1.0,94560,16000,67db5f4653c2b7286a2ed652400314ec3878bbbce85d1ff21b78a74411cfa6b1,be0d327083834f526d7cd9313cc0b283721fbd0edae9a9438447c91e93c72455
2487,2961-961-0000,2961/961/2961-961-0000.flac,music/fma/music-fma-0075.wav,2605870,10.0,False,0.0611059130098325,1.0,74640,16000,2a35c5720c10b2d432666252a79d622244ae71e3f3e072bcfddeb170f2ff74a9,0cdb1ab92e73849d843f7f8bea022df8db5b56b7789c60a4db43866c1f7605d2
2488,3729-6852-0043,3729/6852/3729-6852-0043.flac,music/fma-western-art/music-fma-wa-0080.wav,1188969,-5.0,False,0.8043128246032542,1.0,67280,16000,caabf79d84198041f42e6f9bde4f26cbb4641be57ddc500fdb4cc0c2be6a8f50,c88766430b1718f6b29294a7047355da92732b21a441345a730791947b3fe594
2489,3570-5694-0021,3570/5694/3570-5694-0021.flac,music/hd-classical/music-hd-0015.wav,2681362,0.0,False,0.6587225622739005,1.0,168880,16000,3a8579237e105b2c9747c49e0265a55cc4d0e71f965fae60d02acde8c22d6842,5f3a3fdcb874e9a9abbba1ae5a2151d016aaee046e5254fb5d417cf4c2b6e81b
2490,8455-210777-0012,8455/210777/8455-210777-0012.flac,music/fma-western-art/music-fma-wa-0025.wav,1393982,5.0,False,0.31160788743094137,1.0,56400,16000,c486c2038de273aac65f252292d114c836c3445ae7bf4c522f6593172d3c38e8,52696963e3af3e337f46b8b911cb13d505ac89344309b6c4f6def3e2aa10a2af
2491,2830-3980-0051,2830/3980/2830-3980-0051.flac,music/fma/music-fma-0104.wav,1576112,10.0,False,0.07784824824737911,1.0,103040,16000,18be8b66382173ef162b13798816c206173520ac1e5b12e2336b672f470d51d2,5a720d083cdf4c0f208aee4813f50011f1841649c486f7fe84f0b3cd3c5154a8
2492,61-70968-0035,61/70968/61-70968-0035.flac,music/rfm/music-rfm-0014.wav,1733432,-5.0,False,0.6850073189432432,1.0,127200,16000,e08be96d41087ff39c63d47d24fe0230a710e36b7acce0cefdb5c71ec0451f39,f0fca5e53a5d5cb4c68c68d858770328d3835b29f232e97ffb12b5307672cc20
2493,8555-284447-0005,8555/284447/8555-284447-0005.flac,music/rfm/music-rfm-0078.wav,1772409,0.0,False,0.45651945931181204,1.0,109280,16000,23df064fdaaf766dfce45ecdd14d13abaf824f3b91105c4c9eb23d505cec0c40,5b30da2dfb27b7cbc42fe69a3b1cd3d7244facfbe79e042671456968bf5920ef
2494,2094-142345-0051,2094/142345/2094-142345-0051.flac,music/rfm/music-rfm-0143.wav,150263,5.0,False,0.27774145184713445,1.0,84960,16000,13a1b014eda02807f89ec3b50dfd8c346d6c10bdd49291f6ceb58cdb452fa699,5c7e6fce9855c3608cabe0308e22f3304a61eff37c1dd201eefb0a932123b42c
2495,3570-5694-0000,3570/5694/3570-5694-0000.flac,music/rfm/music-rfm-0081.wav,1257707,10.0,False,0.09473977929178595,1.0,193360,16000,98d5183084b11bf9387473f5c7187357d5d537ce93ae66d6464dbf4808f4e1a3,7a1f4a38478e9e7bfb0fd53b7575d9811499852aeaca474bec5414c6a4faa7ae
2496,3729-6852-0015,3729/6852/3729-6852-0015.flac,music/fma/music-fma-0097.wav,1148104,-5.0,False,0.1262629862213892,1.0,41760,16000,f9700f2e02aad2881bdf72443777de7dd8b0b4367054ec87ce8fc8da179945c6,a6e97abff318e583ba711664f4115d097849b89bcd0b843b3536d01ba99fab4d
2497,5142-33396-0036,5142/33396/5142-33396-0036.flac,music/rfm/music-rfm-0100.wav,2920744,0.0,False,0.21318720505021416,1.0,68160,16000,76b19a7b94cf08db27aca9b9786e6ea2fc2bbfa4a3345296d0b1747d8c22a464,0fa1014294447a1384a3e24d7f97b60f877c3cb43ab65446ff3aad9fb924c289
2498,4970-29093-0021,4970/29093/4970-29093-0021.flac,music/jamendo/music-jamendo-0087.wav,308813,5.0,False,0.27789817709526793,1.0,38800,16000,f80a6265bd841708e7777765e72ac05d9decd5b2e36dea373f0edd20963ccf74,fce531cc3e5b4edf2b1c43e339f721ef2f1db2f0d114f83bc0b0dacc95b841bf
2499,1580-141083-0031,1580/141083/1580-141083-0031.flac,music/rfm/music-rfm-0103.wav,1082473,10.0,False,0.05049374153695857,1.0,100000,16000,3e9dd454c1c416dd1492af71b3e5802c6a379756ddd0e2c4c4a9f110c1218bad,89c2e36a0a04a27df801c39352d327ec3e1a7d9eb0797b81f95bce312ea8afcd
2500,7176-88083-0010,7176/88083/7176-88083-0010.flac,music/rfm/music-rfm-0084.wav,653068,-5.0,False,0.6018629618315725,1.0,107840,16000,f78ed7b8521b29eddd494dbeb894ea772ccf853194247e09b0297997d9863be2,8cb099242065cd6f5152e30aa4e794b0ad93cc6f2e5ae910f35e02b001e14ddf
2501,6829-68769-0026,6829/68769/6829-68769-0026.flac,music/rfm/music-rfm-0059.wav,4302485,0.0,False,0.38764361807090203,1.0,74240,16000,97590f9678af22691e70fc7cea613a5604bc7e0c3ba23e963324eef406f88d3d,5fb16147d5b0bc9c06077851bafc530cbb6f23638bd4e625f0096010e84dbd8b
2502,1320-122617-0008,1320/122617/1320-122617-0008.flac,music/hd-classical/music-hd-0042.wav,340441,5.0,False,0.4060678480281534,1.0,66960,16000,9d86cbd90b3ecaca8ab108861aa955d98eae5def84f0fe76653256e7ba446e3d,de63c20451be68b57ba6d747592b78f16adbda152ae37d3eafbcc6ade5e73cc0
2503,6829-68771-0030,6829/68771/6829-68771-0030.flac,music/jamendo/music-jamendo-0112.wav,564773,10.0,False,0.07091265449279925,1.0,99600,16000,b7c30cb32d53b33035804d73297929f937f37660cf07278dc884ec3ca318d80f,df929cde98030e8861fa3ee9c8f325aba74741f13f761778a03397e5634248c7
2504,1995-1826-0009,1995/1826/1995-1826-0009.flac,music/fma/music-fma-0074.wav,3272835,-5.0,False,0.424668047199679,1.0,121120,16000,9a5b113085f8816337bcf9a4bbf5f91cef3be5e2d792231e06172cd4e57f7b38,42ca10ecd894ee18a1187936cba13f38382bac7ffef6a13a52beb1d92024a325
2505,3570-5695-0013,3570/5695/3570-5695-0013.flac,music/fma/music-fma-0027.wav,2810853,0.0,False,0.1985723911587482,1.0,74240,16000,274ebfe33cdfc2094a877305ff42dbc30f31cf987cde2383bb5619f3f69634b9,1018342b96bb0af7753ea7a7396ad65dedfbbc0e79db5c82965e7d378d451ac9
2506,7021-79730-0007,7021/79730/7021-79730-0007.flac,music/rfm/music-rfm-0010.wav,366690,5.0,False,0.5361600202631446,1.0,199280,16000,f3b0d84ed3c8148b4ec8180b2f540f623cbd038a4cbb368bfb909eb96b07e843,55cd7748a6a5021570ca65d3d550ecb641c53767e523c9943fe39e6e0f6927d1
2507,672-122797-0023,672/122797/672-122797-0023.flac,music/fma-western-art/music-fma-wa-0034.wav,4693386,10.0,False,0.09944335012872779,1.0,155121,16000,62d5e654ea39fded71c75ccc703d8de1ebf05739d97390ae6ae6a25f1e5a9266,754f9977ececf4406e98dff8876d6c6dfd3691ae76ff2d9a452887f1ce61c75e
2508,1221-135766-0012,1221/135766/1221-135766-0012.flac,music/rfm/music-rfm-0133.wav,1243874,-5.0,False,0.2962727804279098,1.0,259520,16000,4cc7c02b86a870ec15d590effabb45a3fe83ec7c1712e0447768c88dccd143a5,753c0c613e08c6f6768f6a6aa898019b0f571c641c354c90f887c522b0b01b02
2509,1580-141084-0008,1580/141084/1580-141084-0008.flac,music/fma-western-art/music-fma-wa-0078.wav,1929188,0.0,False,1.0081324521193002,1.0,108720,16000,f329f424f17bf9f211c8decbaf166b7af062dd58fdf9ce8a0176412564fe8d4f,75c2ee8a296acc6267d0a326b3ca76b7ce99d3477388671ec0ddb6ef4b1d865b
2510,4992-41806-0010,4992/41806/4992-41806-0010.flac,music/jamendo/music-jamendo-0163.wav,2246960,5.0,False,0.06188391506329157,1.0,34240,16000,91fbb76685bf0d48d4545253562279366a16855caab942d60f10867b38bf8158,18ef71c94b25e2110705cec148e848e1e687d09882866fc230cd8067a04b50b3
2511,1188-133604-0026,1188/133604/1188-133604-0026.flac,music/fma/music-fma-0030.wav,1611981,10.0,False,0.1058665325840523,1.0,322000,16000,30b62ca17ecb4d35c59851ebf3f911463b926bfdd75a650a712deedd39380c8c,268ee2f3d3729f60f208cc049be482616e343a8f2d781eaaf36703f17e8369b3
2512,7729-102255-0013,7729/102255/7729-102255-0013.flac,music/hd-classical/music-hd-0008.wav,732167,-5.0,False,1.0166244886126916,1.0,42800,16000,2e7d7edefcc8e81a8275b5e28a8cbcaac997b8f175f7c740759ef572aeacaf5f,05b0eb9e9389b989b5bb47e729791dd58f0068824ffe8e715f648cbd28cae34f
2513,1580-141084-0048,1580/141084/1580-141084-0048.flac,music/jamendo/music-jamendo-0179.wav,295632,0.0,False,0.31199634969131834,1.0,148240,16000,3986ba1135254b62cd14e2f29269408d942f09e127743209060350f90f16e088,599c085933938cdd73e4377cc031b1bc7f0261741d1db5ba4d3725f6d607639e
2514,4970-29093-0005,4970/29093/4970-29093-0005.flac,music/fma/music-fma-0074.wav,4035706,5.0,False,0.1388635185028855,1.0,354560,16000,f0f27a68a8d9cfe0688ab4d8c811dd65c2c135fa0a4221836eb7714f0cd5e522,ab1652e699aeda5c0d7a90af9420e911e5668c1b3398e2a7ef75d1ca7c3a2112
2515,8463-294825-0012,8463/294825/8463-294825-0012.flac,music/jamendo/music-jamendo-0001.wav,4634169,10.0,False,0.16206764524420966,1.0,95441,16000,79ecf50d7735c2f60b68b9bdc89b078436e9b70b6e0bc7ec3254b153a0f735c8,823d9a970e6ad0093f4181943718c9104ff9daf9719dbb1df6222f04bb083963
2516,8230-279154-0042,8230/279154/8230-279154-0042.flac,music/fma/music-fma-0093.wav,2560003,-5.0,False,0.30476855265464703,1.0,300160,16000,6b721f9aa471e3962f9dd2df2c01090e12822a66c6e1342837a4e69e73a33769,661013b8fa7e7f0b879bbd615a6ee4050d6d10e3b63ba98d397e3dcd4f87ca02
2517,61-70968-0016,61/70968/61-70968-0016.flac,music/jamendo/music-jamendo-0119.wav,1358397,0.0,False,0.2282471083078349,1.0,59520,16000,82acd474f1c191d996bf577c00685b49d4a7342a8000c7841afc245de3a7f44c,bf54589263b0e2ae0fedc51f08fdb43ea70b08d9ef08aa08624157f69a91f7a7
2518,8230-279154-0013,8230/279154/8230-279154-0013.flac,music/jamendo/music-jamendo-0044.wav,925547,5.0,False,0.13025222061526232,1.0,232960,16000,70928c1ba00d16d4f497889b330275708eee0638dd27166b57b1ee6d305201a4,15af2c3bbc1bde3f30bd22530fea3adf1c1bd727042dcd9aa4450ff8df6790ea
2519,6829-68769-0017,6829/68769/6829-68769-0017.flac,music/jamendo/music-jamendo-0027.wav,1685612,10.0,False,0.07967636577146345,1.0,56720,16000,096e022b381403e5479448e0b62febc213ad4c3c39414d45f5febb069a51bf77,a5c522eddd41a7a05cde1f9f13aeaaa4bb8138b0e81b1c93d9c7d03d4ce6532c
2520,3570-5695-0011,3570/5695/3570-5695-0011.flac,music/fma/music-fma-0120.wav,2778754,-5.0,False,0.7425567014930934,1.0,132160,16000,7d707e7f150704720c973e80f983c686b589614e081076288968511a41b0f6ed,a6823ed50ad0966228e599e00c20fbba51d7c5c6344dffb735bc18e1f45c9f3f
2521,61-70970-0027,61/70970/61-70970-0027.flac,music/hd-classical/music-hd-0030.wav,5496512,0.0,False,1.4801174489119648,1.0,81280,16000,c3ee0773d7c5884f116929b77d105607a7fad1b7f54eb2f51bd5aad49940a16e,4aae804a2085706e9f83426d92e30502c115fd95b1653788d39e0d70995a1eb3
2522,7021-85628-0010,7021/85628/7021-85628-0010.flac,music/hd-classical/music-hd-0045.wav,88116,5.0,False,0.2549848095490808,1.0,128240,16000,6df09369a1e15bd031e921f2152ff9089527d42150ee4a66b683d78a43312365,a228e6db0c067d30686f3c7e9bc98592505d09f78fadee3e4a577ac63f9ce83f
2523,4077-13754-0002,4077/13754/4077-13754-0002.flac,music/fma/music-fma-0086.wav,918619,10.0,False,0.1185209063989755,1.0,284480,16000,71b7cd91bedb05148e299258425dcdef73edccbaeb7964827aa3bda2426e1cf5,bcd4f6bb0b302bf44fd5a15870d9d2a75ed9666b0744324e5e33b59b98f3eb30
2524,2300-131720-0040,2300/131720/2300-131720-0040.flac,music/fma-western-art/music-fma-wa-0007.wav,5447527,-5.0,False,2.0579094977321146,1.0,87280,16000,c46d341cf3af77c5f7a3537f0321808848d1cccd8632d65b8755b370f5bde768,a3ca1b4120fc641984e0dbef0efe5ed0cade06b70c2a50277b4e0060d106b4e7
2525,1320-122612-0016,1320/122612/1320-122612-0016.flac,music/hd-classical/music-hd-0012.wav,2402264,0.0,False,0.7423886274583038,1.0,55840,16000,3e0fd55ee79bb71472352c8b34c43ad73a6782e73b6a9d61bc5f71ffdb96016f,27b8a26cc8e903cc15794833d0c4fa187fe5c7024bddd76a916287af4da5f60c
2526,5142-36377-0017,5142/36377/5142-36377-0017.flac,music/jamendo/music-jamendo-0215.wav,1411797,5.0,False,0.1976319882479191,1.0,74960,16000,ff69dd8c710a373ebcbbd6e7f8bf31e2e6914edfc98adb2f15d6db35e3348fee,da06389b6a19fa5232387d1dd2b969f97796e6fe6de3a99cf6dc595c7ef5cbf2
2527,2830-3980-0059,2830/3980/2830-3980-0059.flac,music/fma-western-art/music-fma-wa-0059.wav,709982,10.0,False,0.10927592584596789,1.0,29200,16000,6e1b451f602e126a72a316591fcdc2c22a225a66069261119d8841f512b9090e,961c6afa024b1b0f963600dcfaac5e6f7a72721ceeab711906a4cbb4db3dbb73
2528,2300-131720-0037,2300/131720/2300-131720-0037.flac,music/rfm/music-rfm-0044.wav,770063,-5.0,False,0.7293119293128529,1.0,127440,16000,6274c33dc91db429bcb1bdb0380ec70d96064ec5beb754a726ef0792d873f3c1,e76ad4be214f42b7de4b132466da3f7734f9c4fc7b5b25c150ef8d7e52409f7a
2529,260-123288-0025,260/123288/260-123288-0025.flac,music/fma-western-art/music-fma-wa-0061.wav,1334928,0.0,False,0.32800681154748906,1.0,215120,16000,cb11ca2f88f60bd069473981124bf60eaf9af8ba2bd4e25fef359168987d025a,0f4b4c8511fbed8e6418fd1e157ad384247ed73db47d641be738d17ea10e528d
2530,4446-2273-0015,4446/2273/4446-2273-0015.flac,music/fma-western-art/music-fma-wa-0048.wav,3634273,5.0,False,0.5186955730159634,1.0,72080,16000,361b517d9ded61be91d3b711e4ddeb58e5eec37addc57e977a5ceb9fc89f436f,1e351e001eef8d732ce1128a9b70a8bc13128375baa7d64f99eb5b9483cd81c2
2531,121-127105-0012,121/127105/121-127105-0012.flac,music/fma/music-fma-0052.wav,631593,10.0,False,0.3638373612362056,1.0,77280,16000,f41465b0ff34124426e1f4442f093a429aaa4476c2c1c4654a31e0803d9a5c80,e734c0532f33b7e9292600fc9979665ced86b706734f4adac931406385011d5d
2532,1221-135766-0009,1221/135766/1221-135766-0009.flac,music/rfm/music-rfm-0028.wav,1543475,-5.0,False,0.1287120894469015,1.0,163040,16000,31557bc4aa96b80de956312c70f0f9906d2eba5beae8f212d2aa073539e2c98e,7e748ee58c211405ad64b220d8a0890ceaa9a8060ca557bfa8cd70ec0689c89d
2533,121-127105-0022,121/127105/121-127105-0022.flac,music/jamendo/music-jamendo-0214.wav,2509645,0.0,False,0.2505586987596111,1.0,81200,16000,c89280184466d6b80638d9f924b3ac6805bceab3d16a1814b959ea665b1ad37e,75f127b1c99f82aa91c3f78f0f040da607db9f467d3acfac31d779f1cf4400b3
2534,8224-274381-0006,8224/274381/8224-274381-0006.flac,music/jamendo/music-jamendo-0066.wav,557574,5.0,False,0.17755628704710438,1.0,271680,16000,537cd37156af55b1b8afc545a0d5995ca9374b330a6fd1537b1a81763567f9dd,6e3220b9e1d5b76c37be20abf537d99ce395bae445e6bc0d8cf06823d3736ce2
2535,7021-85628-0008,7021/85628/7021-85628-0008.flac,music/fma-western-art/music-fma-wa-0074.wav,619656,10.0,False,0.5003867151791683,1.0,114000,16000,0c86e0dbc01f216194a7aabe1a5c66c9b254bbe4ca5d1db055040ef364e287f3,be476e1c94b0dfc8abf5bee2fa9e89d60d6d1c031887913bb868657bacc7a03e
2536,4077-13754-0013,4077/13754/4077-13754-0013.flac,music/jamendo/music-jamendo-0098.wav,1659607,-5.0,False,0.332194635345216,1.0,205920,16000,80a228fab246de000ddf6d9ebddbba84d745487c0a49b749a0daf58dfa736e28,bdd7b5565b3fee534f88feac020f37028e8ece3dbec23e2cfaf135804255d77e
2537,6829-68771-0027,6829/68771/6829-68771-0027.flac,music/jamendo/music-jamendo-0125.wav,955704,0.0,False,0.728858577459127,1.0,85120,16000,6a496cea3ace5d7cb4546f64e495a451ee10b33b219492f9d0eebff556fa8dc7,d0f72079dbb06ef7b9ec10e242f94eb97ff3ee7b436ca561aa8f1be9e92492b9
2538,7021-85628-0016,7021/85628/7021-85628-0016.flac,music/fma/music-fma-0079.wav,958710,5.0,False,0.10530532394479684,1.0,68480,16000,730aed36de392bd1efeabd51a91f0535935f29db2749080bcc821c39c5f69784,063ef214831275fece4db73e6e05a39077d4531ca51db24105d105c3e04d18e2
2539,672-122797-0011,672/122797/672-122797-0011.flac,music/fma/music-fma-0024.wav,252734,10.0,False,0.09512600136079914,1.0,40640,16000,84548bc1e7d88b34dc85bc808fadf8107036e7c97de3d49e881d6bd1d9ac30f1,4343071a0def8a6784d6831568bce23876351fcc05a1c77e44c53ce77b1b4505
2540,1995-1826-0019,1995/1826/1995-1826-0019.flac,music/fma-western-art/music-fma-wa-0072.wav,142439,-5.0,False,1.5893165387668378,0.9941111361293151,84000,16000,a510e3e610a323bcd0311797219b5cd15f1732f6a8cbd81a1477b8f54a9df5ab,861e1dd9458246f9b9690d5430f43dd5ae3d23cef1e295196e9c1244e1986c52
2541,3729-6852-0035,3729/6852/3729-6852-0035.flac,music/jamendo/music-jamendo-0134.wav,3009849,0.0,False,0.28874982400576477,1.0,330400,16000,42af332e59748c80128cb84f5e5251841395683c2b872cdddbc7d6a1879c7a75,59e068f90153015e63d06d85c907ac8f16418fef90f58ff41459c2e5f7942bd7
2542,2830-3980-0014,2830/3980/2830-3980-0014.flac,music/jamendo/music-jamendo-0169.wav,646461,5.0,False,0.1321263270364406,1.0,40400,16000,6901d5224b493c4e12188c79c9cf1d78224c0d249274e4f0f2f6ca8dc22127df,7b213755a17608588e86a48a1085f1705193cdc792581eb3f0d598e655f58b41
2543,7176-88083-0025,7176/88083/7176-88083-0025.flac,music/jamendo/music-jamendo-0101.wav,44399,10.0,False,0.5710674444154094,1.0,118080,16000,218b49104dc88fe990f75db6103651f83267cbfedda76d84962c4101d45d0cf9,4745c227b0470289ea33b9542d50cde9a3fdfb11186339d6f1b87bc9bff004f7
2544,6829-68769-0043,6829/68769/6829-68769-0043.flac,music/jamendo/music-jamendo-0200.wav,618356,-5.0,False,1.16034060270697,0.8785446624006368,41440,16000,6a19618d46ac29f550419df52d97f3c886fb1cc4685ac38d1e9ca635520cf121,6c9c072c5ed6e40e747e43fa06e96df3e54bacc6a3869ebe7fc47bb87cad8bf7
2545,7176-92135-0028,7176/92135/7176-92135-0028.flac,music/rfm/music-rfm-0128.wav,229729,0.0,False,0.7345996912375653,1.0,53520,16000,193e44ae87c477f9df6c8ccbba44fa8fe2bb464a6b06c3ebedf7bd50a293f651,34890d15df93e97458ed392024e83cececea20c96bb93960ea3ad9aea66fe3e4
2546,6930-81414-0009,6930/81414/6930-81414-0009.flac,music/hd-classical/music-hd-0040.wav,1144181,5.0,False,0.22508142925829003,1.0,192240,16000,e933b45b94f38918c222a2c1f07e71496581ecaf91b203853b6e98aa275284bc,6ef132cd8994c5b847a50727b0b8990a2897abb435d1e57dc9ce143c31672aab
2547,8224-274381-0016,8224/274381/8224-274381-0016.flac,music/rfm/music-rfm-0132.wav,744216,10.0,False,0.25634188708015765,1.0,440400,16000,f24b3196b18ea7d8b6fe2c4242b8e50840fe1232dab15235a16f9688e359dcfe,eb469e532c2492811d891e6e1bbb5f7325bbe42052a51d15ee1d85fedc9b49ad
2548,7127-75947-0029,7127/75947/7127-75947-0029.flac,music/jamendo/music-jamendo-0076.wav,1985510,-5.0,False,0.46779266385234697,1.0,84560,16000,9ed63e3d691d8d2e1a2a2cf22d90e390fc7f1c56aa105c22cf53c802a13da263,0b6d456e52ae3bc8874390c3fadb1b4619cc8981197cea129d74425bfca8f974
2549,672-122797-0026,672/122797/672-122797-0026.flac,music/jamendo/music-jamendo-0170.wav,2145902,0.0,False,0.12661983881103772,1.0,223360,16000,e2133173a466ceb29be698240e67928b4dccc09971ea9291a394a25312746bbb,32097415f16a416bf1b477b13de8dc816d1ebd0a58ad95f5aa47a39730dd4af9
2550,1580-141084-0003,1580/141084/1580-141084-0003.flac,music/hd-classical/music-hd-0072.wav,507310,5.0,False,0.16799184392086555,1.0,65600,16000,4eaf332aa7436bf182de3ac3e5873dad7c4a8df75c6ba9c5bd87f5e7b95dba15,988e7d57284650274e7326ddcde41d648e508c377703651180b3cd6c94194851
2551,6930-81414-0014,6930/81414/6930-81414-0014.flac,music/jamendo/music-jamendo-0182.wav,568490,10.0,False,0.24759128141037012,1.0,118560,16000,7c852aab78fecb8c63f97b77dee6054dc3340774e83f89d994699ac1ccfa08dc,d4c6279204614def657cd1c22a73d21c68c934bb12e544cc68fb8dddc5b87dd3
2552,2961-961-0013,2961/961/2961-961-0013.flac,music/fma-western-art/music-fma-wa-0075.wav,1961676,-5.0,False,2.91449824708838,1.0,81920,16000,00b0ddb5efa2800743dd7ecf2452c50d4d615dcb72b863f4a2b53d7b5390fadd,d39bfe6b57277758983c0805c3eeec03951a7f01b7c6ee087ced24c7a74cac28
2553,6829-68771-0003,6829/68771/6829-68771-0003.flac,music/rfm/music-rfm-0036.wav,351970,0.0,False,0.6268171936239402,1.0,64240,16000,0f51d90f6fcd19f650b76594a29fcaa27b2d2b4bab3c5961166ccacc1346a76a,9cf2677344ee366bae905449506911ecc042be2c0165de83fe7d3c2b61e32949
2554,260-123440-0016,260/123440/260-123440-0016.flac,music/rfm/music-rfm-0056.wav,571371,5.0,False,0.3801176194582399,1.0,78320,16000,c09f1d4f61b46794fd76cc3c1c6c5e53becde68f473dacd847440c0b3d3997ba,06f2bf9184c18b373a342e983d9dde3c320024e0fb74eee80c4b9f3ae65ec1b1
2555,8224-274384-0013,8224/274384/8224-274384-0013.flac,music/rfm/music-rfm-0126.wav,730383,10.0,False,0.16663298427197282,1.0,87040,16000,f20a807d88f2d4d89706e8e55692f9f49b08c0de719fa1609cf6928a794c04a0,cdb41a1387845b9073074e227d36a92a4230ea2ce3bc62cf522377c85fab7739
2556,4507-16021-0046,4507/16021/4507-16021-0046.flac,music/jamendo/music-jamendo-0084.wav,962312,-5.0,False,0.5380186506511573,1.0,73440,16000,99cdc660bfd85f659a5d0d890f785257da5998258e9033cc966f419965ed3e26,e7795950ffa53c541d522757344c63bd22e3c0c528a1c548240e3401ba7cd029
2557,6829-68769-0028,6829/68769/6829-68769-0028.flac,music/rfm/music-rfm-0087.wav,2078604,0.0,False,0.6354152213482865,1.0,52640,16000,be4ed61c2192fef73142c9934440d20fc01499e110294803623b2227951210ba,daa1afcc601d7ce7a1e50dc44f891a44d81f370d84d1f89362e0042d0311eb75
2558,8455-210777-0026,8455/210777/8455-210777-0026.flac,music/jamendo/music-jamendo-0101.wav,765875,5.0,False,0.8413382721649788,1.0,48000,16000,8b8dea89593ea6919c35184e78ac11a7d8fca23215d98064a00f5e19b68be5df,2ecfd79939e5fb2a9939c60725241385f25d4e05a98ef81d44a3b42bc7bae1e5
2559,3729-6852-0036,3729/6852/3729-6852-0036.flac,music/fma-western-art/music-fma-wa-0057.wav,632283,10.0,False,0.13923524112981694,1.0,83840,16000,cf54cf8820abaffb6d08c72e2edc55aa5b60ad99f7e659fcf943c1bb7d1f47e9,1167fa0fda9354bf86089e2d924fb9b41e7083c9837e6e995164f5b4c3110376
2560,3570-5696-0004,3570/5696/3570-5696-0004.flac,music/jamendo/music-jamendo-0050.wav,1279771,-5.0,False,0.992018665190681,0.9087624396837292,75200,16000,612c8d2e1a666b9ec5c6e1ccd289fe9097bfb09383075dbe1e9dd4b52c21436c,f3aa6e0f470a6deb3568812b91ed81bd51961efb23986514679a203a204ffa7c
2561,5105-28240-0001,5105/28240/5105-28240-0001.flac,music/hd-classical/music-hd-0051.wav,1117746,0.0,False,0.37160803767276007,0.991019478152599,257040,16000,7dea2143f62c9ee72ece3352ae87d055af13208da98d378c3cd1b729158c563f,ac1907fd67fef6f64dd7af72e7cb13f192d8be1e9f3146bae415ba60f07afbc3
2562,1089-134686-0012,1089/134686/1089-134686-0012.flac,music/fma-western-art/music-fma-wa-0028.wav,1309019,5.0,False,0.21363039366010111,1.0,186240,16000,cf0bee8a3f0e173986ebc53c1b4e911e43ebbb89d2fab5aeaa3dd7e331b97d21,e9e90cea09a8c8189a4a31df2436f6f2404b114377597f093a178300891b0582
2563,3570-5696-0009,3570/5696/3570-5696-0009.flac,music/hd-classical/music-hd-0009.wav,2744307,10.0,False,0.1784729569096713,1.0,141760,16000,38386fa2aee715dad3f39f3bc99a53b16b82d47face75b053ee697b8ac115600,a002141eecc0b3dadb4643b9989979c5d59570a50297b938e61b4c35f6c5deb1
2564,2300-131720-0022,2300/131720/2300-131720-0022.flac,music/rfm/music-rfm-0104.wav,791040,-5.0,False,0.6465337412658834,1.0,218640,16000,75091b7282389c8b9557dd9658e46a1bbb00fcde4e7b2499a89ac5ed9bf4e323,a42052df0fe619de8e686509f59b4223fc63b97de44d761a6cf583e5cd006ed2
2565,61-70968-0015,61/70968/61-70968-0015.flac,music/jamendo/music-jamendo-0149.wav,680851,0.0,False,0.4437183231188629,1.0,86000,16000,3753e342574252e6414abdabcd09e8ccf1721696e8859f815ffdcdea5d799ae5,13ffed7f1917bd4aa8d2a9f6865df9cfdf7ddf2e23eea531c3646e67e7ad6d37
2566,672-122797-0068,672/122797/672-122797-0068.flac,music/fma/music-fma-0062.wav,574351,5.0,False,0.04885873546994329,1.0,64320,16000,31ba7a68b10397d2bab0eda0d3d5d314632bb735441f18bffa74767769f7660a,431ddf3e101129cafbfa7041454f09467b2872c6286c36081d87bdf5908e136a
2567,5639-40744-0038,5639/40744/5639-40744-0038.flac,music/jamendo/music-jamendo-0157.wav,1902467,10.0,False,0.04614354663030642,1.0,220800,16000,203b40330a41984c281f85d34be0d45834ed8127453efcc1f08fd69f1a96b67c,16dd124af7d5a21097fb1b09e71e20fa9381134d41d15c7d3309279b8c2448e2
2568,6930-75918-0017,6930/75918/6930-75918-0017.flac,music/fma/music-fma-0034.wav,2345068,-5.0,False,0.4064647277451723,1.0,98560,16000,936666f499ebc4d374b1959e2bdf8b314770be30d9d81475594d48222219d0f4,e7af95cb543496891cfd24b6d2a8aa2b007876e95e496ba15af53845ccf46137
2569,2830-3979-0011,2830/3979/2830-3979-0011.flac,music/hd-classical/music-hd-0024.wav,48168,0.0,False,0.9004945465244468,1.0,151200,16000,344dc157fe0101fe5504ecc2b1e587b4ae6816caab2850f143554093bbad7300,95450dbf2a31bea33b73475827c8423ff58eb093adfcf7a8efc5353695f8d727
2570,61-70970-0005,61/70970/61-70970-0005.flac,music/rfm/music-rfm-0071.wav,1003147,5.0,False,0.14150373018673582,1.0,32320,16000,8b539c76943571caed5d456043daf105e8b6488420cf537a245119b47b64161a,574aab662b4e7f014062abc2f372674788761a5c21334e0ecb81084443b3ec3a
2571,6930-76324-0017,6930/76324/6930-76324-0017.flac,music/fma-western-art/music-fma-wa-0075.wav,1564851,10.0,False,0.10094415861025746,1.0,86560,16000,e98b942f316ecf8808bf3ff89b5ca012f2c604d92a4f401a1a49cd300b4cf8da,0f7eec3c892f013c3b1444a2b4466e312bab7aa5c8dc0651516d368a6a2f2bfb
2572,1284-1180-0009,1284/1180/1284-1180-0009.flac,music/jamendo/music-jamendo-0180.wav,1981883,-5.0,False,0.5736092134777779,1.0,100560,16000,8e77c3802c363ee0d0acbbb5f579396b028d31edee1e06162abb800140425fa0,990918eabce78bef15f15db2e87b1fe88104404c0ef9be20a00fb5f38930f291
2573,7021-79740-0012,7021/79740/7021-79740-0012.flac,music/hd-classical/music-hd-0016.wav,6420888,0.0,False,1.2074835904084118,1.0,52160,16000,b659a84ba11c80bdaaae7955ef2e00576787cb1e37e802609353628e500f66c8,b3f22d2fa613fe2ee8e50422a80df4abbd184b7183f0a425b750a59b305e4b34
2574,3570-5695-0006,3570/5695/3570-5695-0006.flac,music/rfm/music-rfm-0004.wav,3246957,5.0,False,0.34803208237640554,1.0,119520,16000,18ec7dfe35da11eaccf1817a6dc3764528119df76ddf042d1ec724411d7a9a2b,4c345e44bee211d70dae9467a92b5a156658694227c97e29ea09ef4590e7c58e
2575,5639-40744-0018,5639/40744/5639-40744-0018.flac,music/fma-western-art/music-fma-wa-0005.wav,2140790,10.0,False,0.1005287984234755,1.0,246639,16000,99297c951c9abd9b6c4edc39b26f4863258142b99e01c787b708efab53f62349,72d9546a4acce8781b79c4047bdee05c1543d3f213ea1e1b4e5f675f08d248f9
2576,6829-68769-0031,6829/68769/6829-68769-0031.flac,music/fma/music-fma-0008.wav,545336,-5.0,False,0.6079199274884081,1.0,88880,16000,e694ce026bd796c160f59fc45d5686eb5dbe01730a20e3ab3f712858f5efd513,5974356bd1be8e8dfc21b6d00f806eac982fb4c02bcb1c1d2d8c3d94e330b270
2577,8463-287645-0014,8463/287645/8463-287645-0014.flac,music/rfm/music-rfm-0119.wav,671916,0.0,False,0.41368785370205186,1.0,48320,16000,f1e14d7bdf21f6228c8d8de808cfe7c77502cc8ef116cd4a9e1f5516e186867c,2862acd3bdb650e192d0a9d657c12155a8829c28037cc1e2e5953aa4b24325a3
2578,1580-141084-0007,1580/141084/1580-141084-0007.flac,music/fma-western-art/music-fma-wa-0039.wav,2495988,5.0,False,0.8068288582198526,1.0,32320,16000,ffbe0c66ee1aff268272f88c9da819679c1c56995c67208ad6d25c55b21a1cb8,1868ef2ba93713539fb4abacfce57e924261614c8dac24b968f4aaa11452756b
2579,5105-28240-0004,5105/28240/5105-28240-0004.flac,music/fma-western-art/music-fma-wa-0074.wav,348413,10.0,False,0.478327521315245,1.0,96240,16000,380f84db7e276f95e0ae03e703bbcebc5721da9084c654d9c3157a080aa6e8ee,e90a6c70a8b2df3013d949d8f7c6b3eb7791a6eae96dcdd586bade27c45fa49e
2580,2094-142345-0012,2094/142345/2094-142345-0012.flac,music/rfm/music-rfm-0106.wav,2438181,-5.0,False,1.093353015195166,0.6446388100927504,258080,16000,a415bcb7c7ddf843b24e93f93f38b555bcce95b81eb38c0ba12f7781ca3ff384,841c8c4a7cde3ac0c3c1f2ef0678ec8b7970a2977f3c8f6e1c7d16f9c53674d2
2581,8455-210777-0006,8455/210777/8455-210777-0006.flac,music/rfm/music-rfm-0098.wav,3270624,0.0,False,0.3894310733727348,0.9217093425167736,72320,16000,74102aa04fe2535e4c59b44b127c37d707b0af32ca1756eb6b70a0c27fe2a660,d1e1d7d363d29d20f1ce01a84f17917d3385f8353a64a2f3f6f6d6dc92705167
2582,8455-210777-0031,8455/210777/8455-210777-0031.flac,music/rfm/music-rfm-0026.wav,1352263,5.0,False,0.3470830769162698,0.994669497267861,122720,16000,44ede6f6e471088f2dbc2c5acb62cafb3983bd79ff40bdc66d7ac14c6e78b76f,3beb26407bec1469168406d0d575d505c7a9ca8363d726fd9cea0b0cf73fa1da
2583,672-122797-0001,672/122797/672-122797-0001.flac,music/rfm/music-rfm-0058.wav,1555882,10.0,False,0.0902009047585786,1.0,242080,16000,d06b11bedd00009d5b86bb0619701d1780c2f92d29f484a5478ca856553e9d00,b69b2b1da9a01bf350dbb01bd2ce2493b7fd2a41ebdad7b53f607842c3854028
2584,260-123288-0014,260/123288/260-123288-0014.flac,music/jamendo/music-jamendo-0013.wav,2128469,-5.0,False,0.41668825238449614,1.0,28880,16000,016d4995274dfd026d6bf4682cb389140e759dc9c9858ec4ff3a8ae4952be696,325711df81709b52e0c30f98a47750a6faeb8bd844c0c63f78101630c73948d4
2585,4992-23283-0014,4992/23283/4992-23283-0014.flac,music/rfm/music-rfm-0134.wav,10038580,0.0,False,0.3052128619118593,1.0,72560,16000,fdcf0ba5a91ee1099528728bf875017448287667bd92c02ef302af62e2211a08,3cea34537637f093d3408f6a640ad79a95f38ae94b8ba5e39a0df32d0bc826af
2586,1089-134691-0001,1089/134691/1089-134691-0001.flac,music/fma/music-fma-0015.wav,809866,5.0,False,0.09439654023105654,1.0,86640,16000,8dd3a119fa980b10e35a1f2e9f1378ef9deccaac5486c82ffc575c9baa69f2e2,a8853d640ff5debab7c6250b0d446c6b14233f0c5a7cb2cb14d9dc6b63ceec93
2587,237-134500-0018,237/134500/237-134500-0018.flac,music/rfm/music-rfm-0054.wav,1536768,10.0,False,0.1461106396503527,1.0,205520,16000,aa94827272eced9400230e98621fc41921dd3b1955103d61254aca08700e1c66,98b8c118f3bfb02a80330dda6fbbbe1c1d992008295c123fcf6e98465363dfc9
2588,4446-2273-0012,4446/2273/4446-2273-0012.flac,music/jamendo/music-jamendo-0073.wav,2008776,-5.0,False,0.4442408175416161,1.0,47680,16000,78a84c0192f441c3bde5c9787bad856c0de8b9147931df7a04860c4164c875e0,5d092f733e1688512853a22543127e5a36ca2a124acc5fe9e68102655ba32d80
2589,61-70970-0033,61/70970/61-70970-0033.flac,music/fma/music-fma-0094.wav,2589480,0.0,False,0.1592227243572265,1.0,54720,16000,841abb72807f4ef0b03d55a0c4298147fd27fa82f73a4e190c6f3754ce9e09fd,ae8a4098dadce2bd4a3a963dcb4a366d82c9e12ea6f9a1427fdfc6ce31960209
2590,4507-16021-0011,4507/16021/4507-16021-0011.flac,music/fma-western-art/music-fma-wa-0014.wav,1308343,5.0,False,0.3114420359222335,1.0,89840,16000,f961d096567fbbe641e19a76456638af50c758f70fabfeb2e749794152c25257,88794291754a0f53fb77b6c931b3d9480ba9373b29950c56bf3b60fcef922105
2591,1221-135766-0006,1221/135766/1221-135766-0006.flac,music/fma-western-art/music-fma-wa-0090.wav,2134671,10.0,False,0.08317386817036866,1.0,182640,16000,b9d6ab4ef92a971984802ea32a1efa0f81a7d1287e6afb2bcbc2fef9fca70226,a241b60df15187bc3cf252d4441bb510266dc9f73a1bebd18fb4bc7127bc7b05
2592,61-70968-0032,61/70968/61-70968-0032.flac,music/fma-western-art/music-fma-wa-0086.wav,1201793,-5.0,False,0.5393358688837563,1.0,68480,16000,bd3527051e39a0b2ae431630aa1cec818b7903cbe94e0fe0bd644c4f9e80b453,4cf535b319e19e7b5d9c9c4b462934922caae417a500d478b3fc6e85d6a4c2f1
2593,7176-92135-0032,7176/92135/7176-92135-0032.flac,music/rfm/music-rfm-0008.wav,256539,0.0,False,0.3924687694264776,1.0,53040,16000,6a6385c6411a9d6323969895604f70c048a723f80e1d2a5acde036ae611368da,d365bc86bc462c510853a519ce67deccf0a15b7895377f96ae62e9a4367f22b5
2594,7176-92135-0005,7176/92135/7176-92135-0005.flac,music/rfm/music-rfm-0127.wav,2792047,5.0,False,0.1819385736614969,1.0,87520,16000,8b89520152023bf102f2b3b505bac20b2a5a8ca88e0e4a790a5081482031a46a,91bb6c4a2035eb3d9733cd844f3e3483d1503a0c7755e216edacef706554a139
2595,61-70968-0054,61/70968/61-70968-0054.flac,music/jamendo/music-jamendo-0061.wav,1114490,10.0,False,0.07596390067445745,1.0,125760,16000,234f107f134babc6c1b0fdd041187ea14dc8518cd6a1e237e7da31474b41e157,fe21fad282526f940262306f0bff2f7368b22d6a012842aef3a4df1e71c0f6b9
2596,260-123440-0011,260/123440/260-123440-0011.flac,music/jamendo/music-jamendo-0150.wav,2724052,-5.0,False,1.0239268567839541,0.7803274158636996,77920,16000,2d531f3edc0edee7475652e0b609e160bb4881cb65d90ef25d8a7377eea85803,aafe235c902b95c7ab58f6e2e14fed6d9e546d7d383f5ad41eedbc81794eeffe
2597,6829-68769-0029,6829/68769/6829-68769-0029.flac,music/rfm/music-rfm-0022.wav,1102822,0.0,False,0.4545839894947659,1.0,32640,16000,982ec945d89f9d64099e04b582ea3321bc43e44a3f94ec6ab6d51cedabd50741,53c83234d229e6780ddb8f06f3bf9fc79b058eb66d72bd83450d5aa971ba3947
2598,1221-135767-0000,1221/135767/1221-135767-0000.flac,music/rfm/music-rfm-0011.wav,1397974,5.0,False,0.06988631824039516,1.0,397600,16000,dd065f22b8300c04c43323f15b52cc06a331c82f3933bed6179c3b4920f05c07,7e379cba67802ca8df62fb37f6ac8f398de05d3fbed526da02c00280735f57f3
2599,8230-279154-0037,8230/279154/8230-279154-0037.flac,music/rfm/music-rfm-0112.wav,1563161,10.0,False,0.11787965524851039,1.0,328560,16000,7b749734249be159ca1f3a93f91cdbbf4b92b574fa5e3f6fb0631ba9c6cdc917,eb64bd1ec5f273f9845501a352ad575bc701a7b9cf9ec6438c15cf5c88de965c
2600,1284-1180-0023,1284/1180/1284-1180-0023.flac,music/rfm/music-rfm-0136.wav,473336,-5.0,False,0.38057816876459216,1.0,89760,16000,561db20fc70e9d9d7c4e5372951eb70fc592317c3b51744b2e143d32f420d679,31cf3abad3d2bc5e5f3845cee5aa9631f718957be2f8477af0c962e0147f26ee
2601,2961-961-0007,2961/961/2961-961-0007.flac,music/rfm/music-rfm-0142.wav,124435,0.0,False,0.11829975980824155,1.0,136080,16000,1dad1def8f1128d842599c8dc4b255a5164946956de5194dde20bb5fbae67ac9,137a636572e91c561c16b35af3743deb4dd209449e83661b884e4264f1438473
2602,121-123859-0004,121/123859/121-123859-0004.flac,music/jamendo/music-jamendo-0154.wav,231237,5.0,False,0.16365172263568678,1.0,152080,16000,45a1b18940ce1dabec8420c3b6aa225850d78af7d1029054e78cade6dde008fc,252cd9bfbfc26a81de3f40bc77c54efdebf41a4841861fd396f6c98124d51599
2603,260-123286-0007,260/123286/260-123286-0007.flac,music/jamendo/music-jamendo-0037.wav,2517314,10.0,False,0.07940553392713108,1.0,72800,16000,2b115cbc4b758c886d59852a0110afe3415f9a4e13d53433ac424405bc1be2eb,9cd1e5b5cad3cd0e88665fb95c50f62cec47d54a0b83a4110c05d83518996bef
2604,3575-170457-0030,3575/170457/3575-170457-0030.flac,music/jamendo/music-jamendo-0080.wav,1828478,-5.0,False,0.4096914244218812,1.0,143121,16000,dfdf06775891343bd1b26b519c5394c636480cd4565dd17478be2e86c9520b75,c1c930711e8cded615e2ebb7a8606b9ab9d9141dff856d02e8b223aacd86fdef
2605,260-123288-0018,260/123288/260-123288-0018.flac,music/hd-classical/music-hd-0033.wav,647089,0.0,False,0.8025466349332572,1.0,51920,16000,c1a68a9ae9a28289218aca63ae14d10aacdb6dfd091b5463d1faa8135f609062,4f69ef0ed97cb9f80a8b6f786c1f687c18531608bf9cb8ac263ed4d972202732
2606,3729-6852-0034,3729/6852/3729-6852-0034.flac,music/jamendo/music-jamendo-0130.wav,1499110,5.0,False,0.16109473812904104,1.0,302320,16000,77cc26eee3484cac385058bceda6a98bdfc7d2866bc675ea0a72c354a3112590,835b8430c163c1ebdbe59549208f7c415106fd6eea0a1037e85670828912e503
2607,908-157963-0025,908/157963/908-157963-0025.flac,music/hd-classical/music-hd-0057.wav,521589,10.0,False,0.09888218957864461,1.0,148240,16000,133c9384c8d84540ec129369a035b2a72763b9ae340ee3c76e6ff1561e9df951,636f14afc2a99ea3dc13cb2c8ce68f8a9b1ab786dd09dae899513ceaef4ee2c5
2608,7127-75947-0009,7127/75947/7127-75947-0009.flac,music/jamendo/music-jamendo-0044.wav,691718,-5.0,False,0.3186673476362469,1.0,365440,16000,77359b49d49131c20e36b7a538dc1a88745c87a4df08ae5c1ba7f84c144b069c,1bff9ea5c2d95a54be26f2f1b8029e19b246c3b804286401139e9bb1b8c357a4
2609,5683-32879-0008,5683/32879/5683-32879-0008.flac,music/hd-classical/music-hd-0007.wav,850474,0.0,False,0.30403932212090706,1.0,47200,16000,812f00a0b6ee5b0fc80ee12520e54036bad7d60560905fd891a648b5f4e90250,dc9efeb61e19a1e60704d946226285c0c5fbafaee269efa29088e139e6fec909
2610,121-127105-0035,121/127105/121-127105-0035.flac,music/jamendo/music-jamendo-0026.wav,962674,5.0,False,0.07059181455079742,1.0,226400,16000,f8b15e4c6014e19f48a017520d5a546a012b397c041f3ebee85c5a5dbfbe45cc,a8ec9c4474c7fe2b9b186c485da2adf7038883e3daa1206778a9009eddda74c1
2611,5142-36377-0025,5142/36377/5142-36377-0025.flac,music/rfm/music-rfm-0085.wav,2195928,10.0,False,0.04571093914967752,1.0,190160,16000,ddeec5608328299ebcee086b3378e0cd14f4147e17783680d3853d521e5ceddc,cd35563d49aa8b65c34ed9679e12fe70b8659733422e05c3fefeb22e0a8c6c72
2612,7021-85628-0018,7021/85628/7021-85628-0018.flac,music/hd-classical/music-hd-0047.wav,696577,-5.0,False,0.5287875327502387,1.0,131520,16000,14eb09ad82d2bd5287952fe588883debff6b83d5550fca86cac076381e263857,3cd4e69640e6a95679e5c6cb2abb21589f73144cf35ca11130e495baf5837233
2613,1089-134686-0003,1089/134686/1089-134686-0003.flac,music/fma/music-fma-0069.wav,382685,0.0,False,0.6329667396706156,1.0,42880,16000,2db232f2d626af81adb8b224bdcc72d71ed94e9f7180194a6279e532a08c9115,1fdffd063915a6747bec075ea5acd4dd1e6eef293134d8cd010864a1dafd4666
2614,5683-32879-0010,5683/32879/5683-32879-0010.flac,music/jamendo/music-jamendo-0037.wav,2146229,5.0,False,0.13540495012177703,1.0,124000,16000,21952ac4de53cf8f8dc1927f5f1bd3d05165299fd4990db1ec3f75cb02c9bc95,f1920d65575a3d0fd12da34d5a8ca565804834fa8dca69e1f1a812f10d0d45e3
2615,3575-170457-0015,3575/170457/3575-170457-0015.flac,music/fma/music-fma-0047.wav,1723849,10.0,False,0.07527531411360881,1.0,230800,16000,68047381beb0a5aee8b2e1257b834926a089c7758ac40df4a7fbd07c1fb9b11a,6550ff13c11ded4b633f799a45ab114c1e68f63a8728cdaf7f229aa3326a71ae
2616,8555-284449-0017,8555/284449/8555-284449-0017.flac,music/rfm/music-rfm-0033.wav,1985362,-5.0,False,1.249286063962669,0.779912932319134,213360,16000,9ec0b7359052489bd74cb00313620f225caf948d17af6eea8243c7e38a3425c8,8c4e77a26b81be5438b4f6a1db1415d609636bbece64861f07e3b9b14566ea3a
2617,8230-279154-0015,8230/279154/8230-279154-0015.flac,music/rfm/music-rfm-0091.wav,1858435,0.0,False,0.2027840338171573,1.0,128800,16000,e9ef6088a18c556b66d8f2991f11b1270dbd68b9260b1b1beace95286b4b818f,60148962047286833721cc6e37145d577d18fb8483916894f3d017409abd8b66
2618,237-126133-0005,237/126133/237-126133-0005.flac,music/fma/music-fma-0049.wav,2291740,5.0,False,0.17869253548698308,1.0,104160,16000,18204d0dfa8ae75faaee893ae8a48259bee12709979b7f1a832f5ee095445410,99a21aec2100ed573f0687ff1811253d3dba537f116cc94e39cc62c185113e7d
2619,7127-75947-0034,7127/75947/7127-75947-0034.flac,music/fma-western-art/music-fma-wa-0002.wav,722833,10.0,False,0.09756163563815538,1.0,47440,16000,94c7f1c0588f9275ba3c84c14496d322229ad4392a4c0ed28b48e19cc5992747,99b987276bcbb778cda10b0ba3e0bd69d6bc26b942c34629bb64534b9e60382a
