Filename,PESQ,STOI,C_sig,C_bak,C_ovl,SSNR,SISDR
p102_00007.wav,3.080305814743042,0.9553243803604522,4.406010305106653,3.1310864351701557,3.741458545491074,3.093033382762343,7.884714126586914
p102_00010.wav,2.627146005630493,0.8424039128922871,3.90444536176566,2.5591308047108816,3.245209654067462,-1.7606859248346804,5.733482360839844
p102_00013.wav,1.6168482303619385,0.7501980231824749,2.747042303896451,1.540693055933743,2.075553586385241,-6.577526096780988,-5.243892192840576
p102_00019.wav,3.5020976066589355,0.9801937182340472,4.668641023492453,3.332110121583403,4.073383491075955,3.600985180897808,-1.3892627954483032
p102_00024.wav,1.8520113229751587,0.7771678877931966,3.583228380019597,2.734128268559093,2.70411712312709,6.450968764863034,7.383322715759277
p102_00032.wav,2.3745336532592773,0.8642102410841013,3.725925733794669,2.7047357402735783,3.032467330349598,2.306590854435184,9.073217391967772
p102_00036.wav,1.660249948501587,0.7811387140984953,3.3624621029187707,2.5778172256411787,2.4833941880908035,6.043530662736949,6.94953727722168
p102_00037.wav,3.194042682647705,0.922271962843559,4.3390251761078735,2.994656444124208,3.75552439984582,0.5067635417053681,-0.6209163665771484
p102_00040.wav,3.708463668823242,0.9416955119029704,4.9055653279734726,3.4358325626246,4.312951708944597,2.911721234057093,-2.048964738845825
p102_00043.wav,2.6451656818389893,0.9349302427582894,3.5976788598375538,2.305539893952232,3.067615927688157,-4.422223253883425,-3.282400608062744
p102_00061.wav,3.4045655727386475,0.9436856717802152,4.516163655238957,3.67973243580752,3.982418672936999,8.3540246312939,11.995841026306152
p102_00069.wav,3.041878461837769,0.9723313640663196,3.852220661995146,2.6880904681232964,3.397064606631983,-1.4688028094832724,0.5069088339805603
p102_00072.wav,2.9857499599456787,0.9451683891073605,3.8960522935368025,2.6767826567716293,3.41284517666139,-2.205570201474345,-1.114729404449463
p102_00076.wav,3.26530122756958,0.92870706905305,4.295569237881664,2.890682370433475,3.7652512907116873,-1.4801180778034595,3.7141852378845215
p102_00077.wav,2.396427154541016,0.7693530949765669,3.433181293266181,2.085869919011326,2.856658484407554,-5.867408347213074,-4.233021259307861
p102_00084.wav,3.06473159790039,0.9109198118083608,4.394591465789507,3.637862198183438,3.746786177984679,10.42369943587678,6.588903427124023
p102_00085.wav,2.331801414489746,0.963270012690862,4.00483272357942,3.3844579132128274,3.189166061703946,11.679669935262572,11.917804718017578
p102_00086.wav,1.9312117099761963,0.8426322270597402,2.96837085002624,1.9992081690833057,2.3679249997824803,-2.7201692355653884,3.11445951461792
p102_00101.wav,3.7163784503936768,0.9363503948422222,4.6666869219514,3.286995575993872,4.179359278309121,1.314416639317067,6.586722373962402
p102_00102.wav,2.2954206466674805,0.894649761869865,3.644254305349675,2.8235693985802577,2.972414731556466,3.888384692875011,10.450257301330566
p102_00106.wav,3.5230958461761475,0.9495975150024156,4.410472402332049,3.787841170550021,3.964421053866985,10.283750342394203,14.143987655639648
p102_00108.wav,2.3499410152435303,0.9461798715282176,3.845408504542312,3.2423824815020783,3.090386471512895,10.54761010294313,8.385737419128418
p102_00116.wav,2.776184320449829,0.9485822258529204,3.693641264610045,2.53754879455176,3.180295230214328,-1.6794899347734995,1.882424473762512
p102_00117.wav,2.0276057720184326,0.8864140951973419,3.513388558723653,2.441791915329045,2.7423107237685374,1.1712600478292663,1.906574368476868
p102_00119.wav,3.940174102783203,0.9832271873839982,5.0,4.057262467178859,4.556838919363007,10.290800549169598,16.706754684448242
p102_00125.wav,2.889910936355591,0.9107833234162128,4.406595549254972,3.2105813875722955,3.6590728609350536,5.206147533421689,6.75482177734375
p102_00128.wav,3.3305606842041016,0.914484998824422,4.6716466044968845,3.374741641662377,4.009044156680705,4.663396016002944,8.737321853637695
p102_00145.wav,2.182422161102295,0.8826386286896042,3.98361280070942,3.0767696467542702,3.088814067072486,8.561904089373918,9.314657211303713
p102_00158.wav,3.366105079650879,0.9697546043042152,4.490431757385839,3.5428739777772926,3.9262208646684713,7.529715637962917,14.715977668762209
p102_00161.wav,3.384462594985962,0.9678898519982356,4.768152002108598,3.90733904216734,4.105525541942459,11.77233651741638,14.42591667175293
p102_00166.wav,2.1769416332244877,0.9076485740548524,3.372042433424612,2.383743081887216,2.744232560172068,-0.7440723467551256,1.4626150131225586
p102_00181.wav,1.6918790340423584,0.8519454018237618,2.9428249287442467,2.1821972947005457,2.286146526152089,-0.2813809531435321,4.06611967086792
p102_00189.wav,3.6018872261047363,0.9152804410483538,4.754627351739253,3.791102395074847,4.190849360932459,9.05918830845047,13.81191349029541
p102_00193.wav,3.298504114151001,0.9338584045871372,3.9739957358785714,3.401676728741917,3.626920857820125,6.162708328659437,11.567602157592772
p102_00203.wav,2.810701608657837,0.9055798930758372,4.474636303179414,3.482649654843982,3.658969840465552,9.859566240683543,5.656036376953125
p102_00215.wav,2.6333014965057373,0.9228415643169666,3.5977302768648487,2.926005038774081,3.087202714405421,4.390640290206286,4.579769134521484
p102_00222.wav,2.418370723724365,0.8707472840092126,3.0799045042952558,2.4318201078217125,2.6970522429457366,-0.7670260786964329,-0.1395922601222992
p102_00224.wav,3.623072385787964,0.8838528739309279,4.774930309145777,3.940630903754146,4.218964927278403,10.949597633588226,1.792417287826538
p102_00225.wav,1.612365484237671,0.7393695088764468,3.162326497303542,2.126678311162257,2.3457923505543223,-0.144299900598315,3.42440128326416
p102_00227.wav,3.2175562381744385,0.974175773207077,4.4442353902299,3.2527320433134985,3.830928165614047,3.932183602175321,-0.3581308722496032
p102_00232.wav,2.346184730529785,0.8050046704802558,3.640476680232127,2.1499802514172472,2.9571676482360227,-5.470296883138282,0.6345301866531372
p102_00233.wav,3.574324369430542,0.9594005826406354,4.65200615302861,3.230820674492909,4.108949680145835,1.1204406796702662,-0.2640226781368255
p102_00236.wav,2.3370137214660645,0.9188338616933616,3.755140322179841,2.412101362476308,3.021476515299046,-1.7637767381922338,3.2842776775360107
p102_00242.wav,3.3459129333496094,0.8691332687271578,4.525176183064599,3.202069904036309,3.938539466589599,2.043028505799781,1.9852160215377808
p102_00247.wav,1.9886047840118408,0.9068680293167862,3.248413804286621,2.1604722753786056,2.5491306176023314,-1.1634943086260154,7.191342830657959
p102_00252.wav,3.2956721782684326,0.9464374609897014,4.645178969039679,3.801030309776907,3.99409514521641,10.996785609778918,13.500723838806152
p102_00262.wav,3.869837760925293,0.9140221294125666,4.971750407943576,4.124326694780391,4.4331573873148695,12.360894399993628,18.829605102539062
p102_00266.wav,1.835314393043518,0.796874290914048,3.214736217979521,1.7633914897783347,2.456409880000627,-6.3668595621714354,-1.433814287185669
p102_00268.wav,2.6004648208618164,0.872397210292126,3.827115878262114,2.7216543741643933,3.1944352764146493,0.9696976475542524,7.055619239807129
p102_00270.wav,2.72338342666626,0.9699674979351636,3.7793685665132895,2.5145946086474846,3.1974972039399017,-1.6965022589225045,2.1400105953216557
p102_00274.wav,2.3082778453826904,0.942379706499449,3.740172437524354,2.722645945711305,2.999776252542902,3.372166111145606,9.427642822265623
p102_00278.wav,3.508506774902344,0.9583920300650484,4.576176679538764,3.1105561936167865,4.0321750950737485,-0.0332243261993936,2.304795265197754
p102_00286.wav,3.442535400390625,0.9760079474418945,4.804461685315268,3.887095695579872,4.144645785211672,11.374815557099916,11.55606460571289
p102_00289.wav,4.098913192749023,0.9367546683564076,5.0,3.861230839992764,4.636420458651068,6.579848088415669,2.9419240951538086
p102_00290.wav,2.679659843444824,0.949844950348096,4.099098044713922,2.980986998897872,3.388318080570137,3.667396120673093,2.1039726734161377
p102_00313.wav,1.5958552360534668,0.8124306305213582,3.343433258744353,2.238575027751415,2.4416412619258985,1.1370792231880336,3.096135139465332
p102_00316.wav,3.633944988250733,0.9124009641014482,4.554326073564377,3.67094699243205,4.08074154614315,8.08210345334758,16.15250015258789
p102_00317.wav,3.231742143630981,0.9261229038459272,4.394138072617016,3.704875177023656,3.824578154742157,10.498555465127495,15.428049087524414
p102_00319.wav,2.936885118484497,0.9341001553824692,4.334484078318657,3.289129070215575,3.647820476585905,6.056530494847421,7.352066516876221
p102_00321.wav,2.909610748291016,0.964060887558625,3.897871776159964,2.760643516595602,3.3836409389659097,-0.6641224649049299,1.054251790046692
p102_00327.wav,3.324221134185791,0.9513077263001553,4.511052895716094,3.220026265074915,3.9217480256504023,2.440224519024049,4.9737629890441895
p102_00328.wav,2.290940761566162,0.7454168697261413,3.686164307906554,2.3043330432517988,2.9575802825084305,-2.846777447169916,6.038513660430908
p102_00330.wav,3.2003591060638428,0.8625621842075466,4.402327825099016,3.185604716248733,3.798622660420486,3.119175858690502,8.195755004882812
p102_00331.wav,3.5349225997924805,0.9696920084891444,4.905922787984023,3.7493454024256887,4.242502417208116,8.455598485241735,12.346352577209473
p102_00346.wav,2.151885271072388,0.8937054652936688,3.5956292227501634,2.407192373021792,2.8447571821556266,-0.266654268667905,7.054560661315918
p102_00347.wav,2.687262773513794,0.9062029297641128,4.048728468736572,3.046798702989798,3.364948929446354,4.74888930417575,10.112643241882324
p102_00369.wav,2.9909603595733643,0.9148490820246564,4.227838518404667,3.101103751532269,3.595155840034557,3.847217054434061,11.47553539276123
p102_00371.wav,2.9678163528442383,0.964210619872412,4.365266795944747,3.0125606280773938,3.661220733733684,2.2044689739539374,3.699787616729736
p102_00382.wav,2.968754291534424,0.9325072668523028,4.372535967856564,3.158690768222227,3.675523633548354,4.066931827464131,7.733431816101074
p102_00391.wav,3.16366982460022,0.943481672598944,4.424793172094316,3.3740517455117764,3.811938792984279,5.478297046370244,10.210945129394531
p102_00395.wav,3.506838083267212,0.9828998992768144,4.701828830939045,3.199112893224576,4.105775971284779,0.8597947654666583,-6.626460075378418
p102_00401.wav,1.603313446044922,0.783975748693265,3.117560242009644,1.7232040627066718,2.2928893226759115,-5.331894045662308,-7.2212958335876465
p102_00403.wav,1.5424467325210571,0.647634705627808,3.087693491317548,2.033958066348139,2.261197353965818,-0.5500921024986098,1.8663185834884644
p102_00404.wav,3.781851530075073,0.939901780639548,4.880492969650174,4.097921158450864,4.337134025628277,12.881903588835447,21.52096939086914
p102_00408.wav,1.907348394393921,0.7610343167162922,2.981667983794915,1.823223539796121,2.376999470181878,-5.971742501635631,-5.124113082885742
p102_00417.wav,1.555972933769226,0.6721800342678312,3.02907786610776,1.8170287464419173,2.231185691685494,-3.75782165850112,0.5198370814323425
p102_00436.wav,3.3492441177368164,0.9315838416774144,4.7013067845256495,3.5709818222808947,4.038693548392813,7.39613742432185,12.39999771118164
p102_00437.wav,1.5723447799682615,0.811238478518922,2.783531502185653,1.9345635804701136,2.124137217921396,-2.3186939635637485,2.303095579147339
p102_00438.wav,2.476907968521118,0.8922488419387803,3.857442389718361,3.159528092851946,3.168875534089958,7.899579464325082,12.21824550628662
p102_00439.wav,2.6530535221099854,0.8634787627757355,4.008685589054058,2.8073831270729057,3.3177465960904016,1.6489520623583842,5.135056495666504
p102_00440.wav,2.95559024810791,0.9507432394373176,4.224591008729059,2.812226002055398,3.5729529320715114,-0.3496587830333426,-0.7202320098876953
p102_00441.wav,2.274064540863037,0.910869713095828,3.31909748288688,2.045570778927695,2.734381267318972,-5.414614805966374,-6.81636905670166
p102_00442.wav,3.2389516830444336,0.9226525830141256,4.449858579922442,3.644183157347149,3.8616879276935823,9.227399204459829,15.98344612121582
p102_00443.wav,2.358259439468384,0.8918561843905877,3.762992349389695,2.6270495845817234,3.046904519947194,1.0113845752865132,6.272061347961426
p102_00444.wav,1.5262365341186523,0.7456168310110389,2.8196200493694783,1.6366926434987863,2.095046118379769,-5.649918392256296,-3.830511569976807
p102_00445.wav,3.7661077976226807,0.9392378510754053,5.0,4.07923311771394,4.425138787254586,11.588207466862938,16.400197982788086
p102_00446.wav,3.4864251613616943,0.9082308634590548,4.7212895796394,3.8854236610711537,4.12513746502054,11.027921219986972,15.201038360595703
p102_00447.wav,2.3772451877593994,0.893114921528308,3.6839796115168806,2.731957611428679,3.01714234450811,2.534078856523166,8.09484577178955
p102_00448.wav,3.0742461681365967,0.9409425969861138,4.3904179295722825,3.542428954061619,3.7482758802968568,8.891249842098139,7.751379013061523
p102_00455.wav,2.0845787525177,0.7587234225421902,3.422354931194044,2.093212855073865,2.716275000931056,-4.37503479023736,1.5495425462722778
p102_00456.wav,1.4557559490203855,0.8175146091527302,2.553083082266401,1.807529986154808,1.9434603074135528,-3.135954367115981,1.208667278289795
p102_00459.wav,3.837845802307129,0.9722104738149682,5.0,4.298976258610243,4.549228210544017,13.917261050219675,14.682132720947266
p102_00470.wav,1.832711696624756,0.9157527202502818,2.738517535830752,1.548285633322686,2.160732490968752,-7.232024573312532,-8.683165550231934
p102_00486.wav,2.5545949935913086,0.9404611356292212,3.8293613938587616,2.8928380351879985,3.181082586895055,3.651935882019077,10.391240119934082
p102_00500.wav,1.871509552001953,0.8725116022657355,3.2460889717541845,1.987244992865879,2.499403396462442,-3.489896621833692,5.0188069343566895
p102_00506.wav,3.131823778152466,0.9481589410415232,4.436593261065382,3.22271804016214,3.785445427222634,4.0352409562377405,8.029427528381348
p102_00511.wav,3.9986398220062256,0.9862485078738262,5.0,4.301372645170692,4.586171629014061,13.929323089542187,19.0311336517334
p102_00515.wav,3.1242568492889404,0.9504728889923983,4.441031118741388,3.3610170652951274,3.782553844579992,6.344214291764131,12.59760284423828
p102_00526.wav,1.9530725479125977,0.8056181617999734,2.6703375171769714,1.9147907416427292,2.243148160725049,-4.775708902317821,-0.4605612754821777
p102_00532.wav,2.39511775970459,0.907144647979567,3.729082363664333,2.902729640226177,3.0512456572512257,4.992979944830077,9.383054733276367
p102_00537.wav,3.2428574562072754,0.965520048319763,4.574096277822127,3.93818767026845,3.9323178522320967,13.563110969912318,16.786113739013672
p102_00542.wav,2.782227039337158,0.7833201135404986,4.046305791841518,2.905859388668189,3.399885319945177,2.3116514536821477,8.517024993896484
p102_00543.wav,2.7761895656585693,0.8614790873564421,3.824570890064325,2.4853991575729446,3.2648245083345087,-3.361163168631325,0.979123592376709
p102_00552.wav,2.9217491149902344,0.9333582444621148,4.146054805507023,2.9406339875234684,3.5202748174187004,1.791658208431128,7.541230201721191
p102_00576.wav,3.0860188007354736,0.7122588593437235,4.39461932344127,3.133226085260416,3.734397575258145,3.272135256929356,7.999667167663574
p102_00581.wav,3.1435980796813965,0.8809501500679057,4.585732778177646,3.3061892926991905,3.872418749752233,4.970350338907793,9.66549015045166
p102_00583.wav,3.478675365447998,0.9128616949655072,4.587313354892417,3.798243702271652,4.034676438074649,10.57902910712171,16.328838348388672
p102_00591.wav,2.709925889968872,0.9300351294376116,4.0361920853028765,3.028955363857179,3.364397871146851,4.547375821718739,9.09383773803711
p102_00596.wav,3.228330373764038,0.8536804672523561,4.424272434919787,3.476648728277769,3.8295287461947,7.268395505033243,13.049445152282717
p102_00616.wav,1.929490089416504,0.8380855189514226,3.106351034468361,2.2976118800125347,2.466053928603934,0.6925564897159625,3.9723360538482666
p102_00618.wav,3.573078155517578,0.9915545815535372,4.752248026145725,3.8248422014332943,4.173168688379622,9.89920465066542,17.34414291381836
p102_00621.wav,2.9859626293182373,0.8941738391704638,4.037282723024424,2.927173915865078,3.480851279171053,1.87184948521042,10.468778610229492
p102_00622.wav,2.795722007751465,0.9051951637054692,4.433186472854812,3.5167475938791246,3.627153925939069,10.67428374305893,12.431973457336426
p102_00629.wav,1.873154878616333,0.8858420387965339,3.202230477664328,2.0454113274155885,2.4877616227773247,-2.991061271654734,3.3812971115112305
p102_00631.wav,2.512003898620605,0.8835191300752143,3.795860575930716,2.801138488750153,3.139723821516036,2.6597674189241998,5.200299739837647
p102_00664.wav,3.8920416831970215,0.9359704997513826,5.0,3.991566952902396,4.47486670636621,9.890488593437466,17.267375946044922
p102_00672.wav,3.637819528579712,0.9573541559221465,4.761376854933447,3.498856328154267,4.201183890084674,4.639801265539749,1.629409670829773
p102_00679.wav,2.7508676052093506,0.758280793521763,3.917932075932897,2.797676227473412,3.3126291364639453,1.1648528772429183,8.212309837341309
p102_00697.wav,1.8370769023895264,0.8773442509575027,2.928012773806388,1.97807052454384,2.318934294372424,-3.162061627232863,5.926833629608154
p102_00730.wav,2.5001375675201416,0.9099654308397248,3.937737424562622,2.9945746155452664,3.214372319237603,5.377560452807941,10.77893352508545
p102_00734.wav,3.047832727432251,0.935335305670923,4.035606795150792,2.6608886837283654,3.4991646200914293,-2.291432572889508,1.689512848854065
p102_00741.wav,1.9251331090927124,0.8843496985759306,3.745494349343861,2.843370455738696,2.8325083049070265,7.157487404796739,8.759089469909668
p102_00753.wav,2.7755115032196045,0.9095846628128929,4.126382414201485,3.4058015095867007,3.4519959756116227,9.60831605695639,9.967439651489258
p102_00759.wav,3.314032554626465,0.9718807271134646,4.552598388711347,3.56234324720279,3.950691482946727,7.360011442160141,11.605087280273438
p102_00763.wav,3.695222616195679,0.9627162502298824,4.97458442486835,4.216677360874688,4.364758233601623,14.342479046163016,18.136035919189453
p102_00764.wav,2.479200601577759,0.8492449559177279,4.017058689592142,2.95405963690084,3.2464899965280845,4.75135367622462,7.453815460205078
p102_00766.wav,1.9143565893173216,0.7898680256825978,3.1056808354825787,2.003600790477878,2.457917030399831,-3.852346515798615,1.171517848968506
p102_00767.wav,3.47482967376709,0.9579905770991276,4.475351614810644,2.9658436976867213,3.945957689571192,-1.23566521054062,-3.756497383117676
p102_00778.wav,3.876805543899536,0.885774387695543,4.990573185050818,4.336776776839033,4.453653344326817,15.34488173377124,20.209156036376957
p102_00779.wav,3.839820146560669,0.9588453344852956,4.984043869400144,4.18507246153667,4.420341468851023,13.719185877776171,19.770570755004883
p102_00782.wav,1.9520243406295776,0.7621873714232053,3.106746487141044,1.892094711212608,2.467274717306178,-5.458966916445901,-2.399921417236328
p102_00785.wav,3.6006076335906982,0.9661377955618702,4.907583788468313,4.133332617573188,4.287502785616815,13.567379784504377,11.548822402954102
p102_00786.wav,3.1413450241088867,0.9507712276281632,4.543818917723124,3.544834029371608,3.8599782324453735,8.354591210847657,11.674806594848633
p102_00788.wav,1.886680006980896,0.8548386584210285,3.109406546925237,1.7433000739537634,2.4149758653747746,-6.416244716226279,-1.4595950841903689
p102_00793.wav,2.566316604614258,0.939298188375659,3.8656328536138154,2.64539877825137,3.1896141594226317,0.3154469175306832,2.664640426635742
p102_00812.wav,2.309190034866333,0.921374322483726,3.465489062994908,2.2393386792880032,2.833293457784269,-2.9726705156711346,5.422103404998779
p102_00815.wav,2.2352488040924072,0.8341444156709589,3.553332609009197,2.176200454061076,2.8452468581134167,-3.659822419048744,-3.994374036788941
p102_00818.wav,3.2660136222839355,0.9609272496591368,4.548306267215125,3.688570517178319,3.925254509415368,9.686249326054186,12.069540023803713
p102_00819.wav,2.237844467163086,0.9343789209429184,3.085678884065706,1.8785426600088613,2.563555347014003,-6.187562263658021,-8.125865936279297
p102_00824.wav,1.913217544555664,0.8742779320231207,3.3165140690281536,2.203161442278069,2.574667537467678,-1.2233458418222805,-0.3852641880512237
p102_00829.wav,3.15014123916626,0.920508563741804,4.383534261066497,3.448667626606144,3.750677889136531,8.25893462259047,8.620214462280273
p102_00850.wav,2.458470582962036,0.9084717301467274,3.739133759427808,2.654095292655275,3.0855222523867214,0.6853747222831306,-0.7648028135299683
p102_00855.wav,3.117422342300415,0.9021072113923668,4.448975526299256,3.476858899201839,3.791725488427735,7.852839893263031,12.804636001586914
p102_00868.wav,3.2639148235321045,0.8187992236568984,4.520301289316866,3.256250340837477,3.893083323216209,3.596747804299764,7.106285095214844
p102_00870.wav,1.8156561851501465,0.8777938456213031,3.1250523568874224,2.1495148356754976,2.440615175383487,-1.7963206916789518,3.659862279891968
p102_00872.wav,2.618093490600586,0.931821570723598,3.9615905475963062,2.897561559970615,3.282806421409162,3.074798021379315,8.698159217834473
p102_00877.wav,2.104405164718628,0.8929414571158779,3.3255950611686704,2.331024493037463,2.675562803189715,-0.6370479275985543,5.306558132171631
p102_00879.wav,2.68668270111084,0.9543809628124882,4.18534374749593,2.9585730216361203,3.4299372299154225,3.471600497268729,7.868872165679932
p102_00881.wav,2.73386549949646,0.9509047159502269,4.296963326784222,3.1141793366618966,3.5206474294971497,5.083660465662896,-1.9236494302749636
p102_00882.wav,2.1018407344818115,0.825732407912099,3.297110635130826,2.0032784301552997,2.6482484020918826,-5.2979657322752205,-3.5339083671569824
p102_00885.wav,2.2382359504699707,0.902998508063568,4.130978437389356,3.098194764482725,3.1969718514955088,8.185560997680343,5.233279228210449
p103_00004.wav,2.620347261428833,0.5456477990049277,3.6497429162004575,2.994004056160893,3.116805412107348,5.116047029318997,10.057016372680664
p103_00011.wav,3.629073143005371,0.7049834813162936,4.579300928808226,3.863668606707038,4.104010048222909,10.592072887027456,15.977110862731934
p103_00012.wav,2.426532745361328,0.771255009347447,3.3597371610294533,2.3743442249466007,2.8688522506024348,-2.9943983968303742,-3.451105117797852
p103_00015.wav,3.216352224349976,0.8734842036479944,4.332449442350523,3.126687577605028,3.763951570240576,2.4141259615033146,8.265263557434082
p103_00020.wav,2.8117706775665283,0.9136985832642186,3.934020706107405,3.3729321875480656,3.3809669479351165,8.530600943431478,7.974765300750732
p103_00022.wav,3.0668370723724365,0.9310913642821202,4.152331567470617,3.4744717337668725,3.613914876466255,8.404313968745697,11.081157684326172
p103_00030.wav,2.191272497177124,0.7741758867408001,3.391527424675054,2.450763832116802,2.768655541323413,-0.1190407138120715,2.064929962158203
p103_00047.wav,2.602994441986084,0.921667110606242,4.448212948084367,3.357364023616313,3.5476724011360656,9.15010905644736,9.3845853805542
p103_00051.wav,3.597664833068848,0.7648260431666244,4.571718289786484,3.3756310828439875,4.088392507245564,2.9068326086227025,6.2683939933776855
p103_00063.wav,3.70428991317749,0.8598020884863534,4.607500805814307,3.3966802143861505,4.161284894429257,2.377045851703849,4.5194478034973145
p103_00071.wav,3.652728080749512,0.9022546995402192,4.395573525503116,3.0764543429256843,4.010146758771976,-1.4488198281831075,3.957942724227905
p103_00074.wav,1.6127088069915771,0.6977471219016426,2.7612067937150617,1.6391493374436996,2.126933022492245,-7.0286261094674,-5.482341766357422
p103_00081.wav,2.562507152557373,0.930263463700956,3.861345815934329,2.581428077576886,3.1977256350345127,-1.2071781961913204,-1.2486015558242798
p103_00083.wav,2.2394111156463623,0.911382953294464,3.349106727231723,2.0366703177564687,2.754792772751653,-6.305380349165331,-8.061817169189453
p103_00090.wav,3.417187213897705,0.8468294860183799,4.491041525176154,3.749546889740826,3.9581386361178814,10.166252771471644,15.25025463104248
p103_00094.wav,2.53633189201355,0.8384024465333796,3.600819477757288,2.229698726282792,3.0399264335762592,-5.932839059824896,-4.791134834289551
p103_00100.wav,2.0486862659454346,0.7685605083672973,3.4657247739581143,2.3922346624253,2.734732522609187,-0.01732268345307,3.431524991989136
p103_00118.wav,1.4726074934005735,0.8122909571744723,1.8826027900669768,1.3027760337188132,1.5582779818053374,-8.628684022777817,-12.317808151245115
p103_00170.wav,1.2136069536209106,0.8808922280764317,3.592369894052648,2.9498379896248865,2.417704038613413,13.334792554888796,-1.1389997005462646
p103_00182.wav,1.507657766342163,0.3922311237918808,2.871029082037829,1.5853074883079952,2.1357436807186394,-7.404021957996251,0.1654624342918396
p103_00184.wav,3.074580430984497,0.9223476710521628,4.177038340610804,3.0574026444268854,3.624174531087848,1.987298268083354,7.539661407470703
p103_00191.wav,1.2284016609191897,0.8009443289417688,3.404854305638444,2.387232058190226,2.309727692733214,5.267973562306167,1.5404205322265625
p103_00200.wav,2.193384885787964,0.9412798715420672,3.693502209357285,2.585696841352392,2.929937138587211,1.567845099292461,3.668030261993408
p103_00212.wav,1.1571375131607056,0.7248703418659224,3.226456214681142,2.7365613259673403,2.174816778125954,11.801198772321568,9.255531311035156
p103_00217.wav,2.158555507659912,0.7917708403183986,3.232614144338392,2.116860405071248,2.670792781954292,-5.070791324873202,-5.655470371246338
p103_00221.wav,3.8295199871063232,0.8046450621729081,4.835126370055065,3.680018058598912,4.337321477161837,5.944579881949862,13.600655555725098
p103_00234.wav,3.248707771301269,0.8127958574629479,4.396121568589938,3.8549206665881735,3.827252863879597,13.054600855519888,6.015413284301758
p103_00235.wav,1.6139373779296875,0.7434930465991102,2.60045892989696,1.5424349964524398,2.049653822405424,-8.664906359229153,-15.94716453552246
p103_00238.wav,2.90029239654541,0.9379155866587396,4.02802776377593,3.360847374009025,3.4704345571377364,7.755603617459073,13.07571506500244
p103_00245.wav,2.953549385070801,0.6805434599422291,3.84323037023256,2.598102061137321,3.374899178905173,-3.4126836458024177,1.4461718797683716
p103_00250.wav,2.6525309085845947,0.9359356750465664,3.823277874782869,2.887160944803312,3.239208447486965,2.303323079007284,6.9273176193237305
p103_00254.wav,1.86279559135437,0.6389778598157131,3.0627598411074413,2.0105225149602064,2.419330828671548,-3.739276144880945,3.43683123588562
p103_00256.wav,2.8512630462646484,0.940156918996604,3.7353632412594697,2.967875185122073,3.285854940059647,2.5156021350255044,8.533965110778809
p103_00258.wav,1.3538399934768677,0.6241714926686764,3.0648944943392373,2.3128734947062557,2.1739887177312784,4.4544961466872985,6.813871383666992
p103_00259.wav,1.3200100660324097,0.7542938830455557,3.398455799329736,2.8093398035933057,2.3535620825902965,11.239592507107558,12.396317481994627
p103_00281.wav,1.4610611200332642,0.5425570463066274,2.491711252642688,1.5369214427266005,1.91424091030454,-7.411592958629789,-6.445082664489746
p103_00296.wav,3.102534532546997,0.697011168796441,4.200172854090816,3.363656822487167,3.634898759562365,7.292977338757929,11.891422271728516
p103_00299.wav,3.0115950107574463,0.9503820981418052,4.099738186983955,2.7798044014572563,3.5331796916769207,-1.0279150925024525,5.141143321990967
p103_00306.wav,2.3003146648406982,0.7558336022550157,3.420544967882727,2.00469817230702,2.8182636699186525,-7.150332978733333,0.844001829624176
p103_00309.wav,1.5225011110305786,0.5977303767738189,2.7897778195288687,1.66721095260212,2.0979839507432474,-6.00392032622362,-1.62219500541687
p103_00310.wav,1.9734251499176023,0.7327263787835685,3.756469533836109,2.7731933782783904,2.855209476342139,5.99198555625329,5.980038642883301
p103_00332.wav,3.313279151916504,0.692252087942342,4.342122042034243,3.603414852732839,3.829810994261426,8.712612318781066,13.343191146850586
p103_00337.wav,3.188206672668457,0.8089858062671695,4.489439664514628,3.214566816259336,3.840913344952468,3.4471453046224445,-0.2093501985073089
p103_00340.wav,3.317756175994873,0.6150945582427155,4.361470420312276,3.3180565239550077,3.8266599699031314,4.811748763201692,6.81389045715332
p103_00343.wav,2.2333555221557617,0.8106349463853938,4.125937927412012,3.613084484485389,3.1941257915297605,16.301755977863287,16.842517852783203
p103_00349.wav,2.8425076007843018,0.736293938905478,4.380479509128807,3.5507846259286144,3.616040390207622,11.234661313267592,11.567286491394045
p103_00370.wav,3.959870576858521,0.9740510287835228,5.0,4.446635904967321,4.604840577445009,15.982344024081076,20.076805114746094
p103_00373.wav,3.4832324981689453,0.9416514556516564,4.746639038971744,3.4950570166784343,4.126873498235884,5.2640531491936535,9.152103424072266
p103_00380.wav,2.836273670196533,0.913956556440198,3.898846811176319,3.166134004907855,3.370114650253295,5.314371003143404,10.99490737915039
p103_00381.wav,4.013185024261475,0.978242191130954,5.0,3.659915580642188,4.532542659005879,3.8257518730337705,6.314422607421875
p103_00387.wav,2.6624956130981445,0.6910153798207583,4.155771061093715,3.2394265172728938,3.4078527863301806,7.899698890343885,9.248855590820312
p103_00390.wav,1.7951090335845947,0.7895751964506084,2.879927456314669,2.24289122178912,2.301310704817914,0.1484796136981762,6.3938069343566895
p103_00394.wav,2.277682065963745,0.6376503587384426,3.209151041822863,1.998747132172544,2.7006879060021616,-7.0306129137307805,-6.445901393890381
p103_00397.wav,3.0755977630615234,0.9478622414377074,4.112349507825941,3.1402654816430227,3.5938587460871223,3.235041367914953,10.871570587158203
p103_00398.wav,1.9954030513763428,0.6690931311771974,3.3862087275581456,2.0094176144969413,2.6606735761569755,-5.355189711412025,-8.679767608642578
p103_00400.wav,2.8585410118103027,0.7947233089097432,3.4453081247466315,2.953664690252868,3.1353409820713,2.6695152229201864,6.204447269439697
p103_00407.wav,2.8740620613098145,0.9246326446065072,3.992181749854697,2.845962523852549,3.430052563955264,0.1916248985744929,3.221388816833496
p103_00418.wav,2.327735185623169,0.9724350281772478,3.9676857581940914,2.8127717165545856,3.150457549799045,3.436778257887303,5.676506042480469
p103_00422.wav,3.332738876342773,0.7287100272225573,4.47617471142732,3.272165296702763,3.9039306050355873,3.413109071821012,1.1863954067230225
p103_00425.wav,3.505650997161865,0.6464036076965471,4.347350841475084,2.8439393164998625,3.905311162523968,-3.734032186413995,2.422523021697998
p103_00431.wav,2.4929277896881104,0.6660180232171934,3.647246753046365,2.481673469204448,3.042836566456337,-1.680003187961947,5.176495552062988
p103_00452.wav,2.4929895401000977,0.8519222341999128,3.430023720688982,2.6626095186584213,2.931834542923384,1.3214787983504206,10.634478569030762
p103_00464.wav,3.10143518447876,0.9202700654516688,4.34184707670564,3.5397127093206366,3.72797268500692,9.07649863729816,11.80092716217041
p103_00469.wav,3.097541093826294,0.824238191761538,4.306412472215259,3.607436100785141,3.7116184874184848,10.03811775051179,11.256046295166016
p103_00473.wav,2.081905603408813,0.9008701170527424,3.4554590345547127,2.183782177675735,2.747038308259077,-3.60629606526764,2.2925915718078613
p103_00474.wav,3.7725443840026855,0.9706099280411118,5.0,3.905665726573128,4.420479997606107,9.270815199579102,12.966675758361816
p103_00475.wav,2.056357145309448,0.908276711958334,3.104829499599988,2.145257041428561,2.549193989633346,-3.5622079423135338,2.7291150093078613
p103_00476.wav,2.88147521018982,0.9329085997606916,4.210340761824334,3.361698663060765,3.5515012985305257,7.918267545492398,8.923416137695312
p103_00477.wav,1.5944795608520508,0.8804487594432342,2.97165316214501,1.854873546890749,2.2487797226306894,-4.626635079259393,2.471447229385376
p103_00478.wav,3.2278711795806885,0.8913216661770065,4.414436160713158,3.472705548404569,3.8260972877465695,7.134624307176703,10.798986434936523
p103_00479.wav,2.470862627029419,0.8565509245651957,3.414051933781416,2.3942866943120777,2.9107400075648675,-2.6827517625100703,5.500380992889404
p103_00480.wav,2.037849903106689,0.8389212551247756,2.90854890217005,2.1655516911396924,2.4415749697761164,-3.0727708939745257,1.8892221450805664
p103_00481.wav,3.434687614440918,0.9083423639812406,4.486187824082639,3.284227554432737,3.961592992054546,2.7782038488655987,8.492594718933105
p103_00482.wav,2.7753922939300537,0.9295524235273964,3.881818784335322,2.776866940771941,3.317867875784381,0.1715953816510261,1.296272039413452
p103_00483.wav,3.412282705307007,0.9046877176734128,4.596136040188436,3.725463943889464,4.016658050062422,9.437701360321164,13.803080558776855
p103_00484.wav,2.2222323417663574,0.7745066947398697,3.287036385018204,2.32929894657174,2.719973980327405,-1.7389922927465742,4.975235462188721
p103_00494.wav,2.563756465911865,0.5968382994305724,3.5149292057330896,2.381798397225626,3.0028574560745764,-3.366191181863957,-4.720544815063477
p103_00496.wav,2.905428171157837,0.8102021652174821,4.077553646775651,2.744112268836741,3.473717750891464,-1.0174702490855911,-1.602020502090454
p103_00498.wav,3.175483465194702,0.961842760245911,4.427107264710945,3.512900514073084,3.812061954981804,7.900749787516085,12.164231300354004
p103_00501.wav,3.1701645851135254,0.6171841702509877,3.956102555463846,2.4657787101436086,3.527411611815367,-6.582377783759281,-6.187368392944336
p103_00513.wav,2.3516721725463867,0.8348892755141307,3.5143312106263807,2.713034354297848,2.912290978664416,2.7593222054157938,-0.5464972257614136
p103_00516.wav,2.646109342575073,0.926998668803776,3.881181910338676,2.5473454056536307,3.2487530655371093,-2.335846840136511,5.095149993896484
p103_00517.wav,3.669511795043945,0.7586844470442039,4.633488161259316,3.6086564950406737,4.149906482094204,6.302897137632499,8.372020721435547
p103_00522.wav,3.3713223934173584,0.7513491039641822,4.367981117174063,3.2984983158551824,3.868974313076175,3.565034523888613,7.001872539520264
p103_00525.wav,2.222800970077514,0.6997668191284917,3.5051166126246063,2.231026989804952,2.833646433747804,-3.5179686855784147,1.969560503959656
p103_00534.wav,2.99824333190918,0.883339978433571,4.250728559245943,3.360428391291805,3.62718046618471,7.161087920162365,8.350142478942871
p103_00539.wav,3.565556287765503,0.8465700221132634,4.701943219403706,3.560875653423825,4.135164189060795,6.17061779473597,0.6307158470153809
p103_00545.wav,1.1844658851623535,0.8324310966888061,3.519660220975196,3.151370491141826,2.366687343600646,16.760255257557155,9.205500602722168
p103_00551.wav,2.6023378372192383,0.9039092935017574,3.482279500232719,2.729784659083717,3.032532851241706,0.6998075897773436,7.033210754394531
p103_00554.wav,1.8501317501068115,0.6562192828682996,3.0447741905187047,1.9535960566852184,2.400051337383465,-4.373388883488763,5.359568119049072
p103_00578.wav,2.5001254081726074,0.8777103430584752,3.861461993977189,2.949841500259921,3.1655247065178425,5.147365834758315,8.897200584411621
p103_00580.wav,3.0607588291168213,0.7700638567957881,3.941954596708205,2.7451297376557746,3.487826976763293,-2.318327601687714,-3.3037075996398926
p103_00590.wav,2.1326944828033447,0.9197600923510878,3.255201162290244,2.093373749558117,2.6509308247966783,-4.452480142326681,-2.213568925857544
p103_00595.wav,2.361405849456787,0.8213281193507413,3.32131015859668,2.196353979497749,2.817307149737861,-5.34585142286205,-7.221303462982178
p103_00603.wav,2.876690626144409,0.82195556139934,3.9104629615985895,2.852175528677777,3.3858644158461195,0.4841907287805328,2.8580453395843506
p103_00610.wav,2.5940816402435303,0.8887441327118972,4.1224558193519645,3.0471529497116854,3.362593650110692,5.10844334938727,8.180322647094727
p103_00612.wav,1.9063663482666016,0.6986661721610518,3.495895587807902,2.9087009435031,2.6914579143418096,8.662062446290866,9.287150382995604
p103_00623.wav,3.26921820640564,0.8923343326968377,4.345411239749663,3.608971483986687,3.810799601281192,9.06456752520294,10.126188278198242
p103_00626.wav,2.9486026763916016,0.9314441877439984,3.9591863079180944,2.801769982741793,3.4469220557143463,-0.8836013322310284,1.390305519104004
p103_00633.wav,3.2528226375579834,0.8424530944407816,4.3938234586888765,3.4132859583092388,3.823851625338299,6.204329313028167,8.547119140625
p103_00639.wav,2.180401086807251,0.8250393101563105,3.281355453036683,2.4313799525349764,2.7046268836673297,-0.180307896301302,5.300937175750732
p103_00642.wav,3.35195255279541,0.6263065272717763,4.531807014344736,3.933530799713972,3.942111375227898,13.730055117766646,2.9473934173583984
p103_00647.wav,2.896960496902466,0.858713306790405,4.242161718703385,3.129416242916446,3.5705456077708293,4.316794784292121,7.011655807495117
p103_00648.wav,2.409876108169556,0.7375387318057653,3.5846009839720647,2.319191667806355,2.963258906136236,-3.343932574189755,2.3827152252197266
p103_00663.wav,3.204467535018921,0.9800310920079568,4.557032529642575,3.326828066925071,3.9006298328079785,4.318220992179028,-3.744021892547608
p103_00666.wav,2.675018072128296,0.8929904823953703,3.9218188361684105,2.9893847229170825,3.2909771399616465,4.134989857715353,8.775959014892578
p103_00667.wav,2.8872616291046143,0.9060687889379242,4.152393922908742,3.153400308253272,3.5214710649206733,4.749544218141386,5.604935646057129
p103_00673.wav,2.2819674015045166,0.78373948648423,3.5601275317835404,2.673631088669915,2.9052728230501166,2.4251155566501805,3.2243194580078125
p103_00674.wav,2.338383197784424,0.8979471307174969,3.3378913844237816,2.5814438602321554,2.8172216402837877,0.7964207534168177,7.91220235824585
p103_00676.wav,2.433605432510376,0.8257444009822331,3.747981470505172,2.529516398779082,3.08082694377549,-1.2557809533829445,-1.0170044898986816
p103_00693.wav,3.129032611846924,0.8405493914376815,4.232587752862612,3.2489412765093446,3.674762005650648,4.814861271082196,7.964977741241455
p103_00698.wav,3.2389020919799805,0.9257397195438108,4.488007947969505,3.7652469037608594,3.8779458136806375,11.26834083071231,14.891511917114258
p103_00708.wav,2.544897556304932,0.7982258561272826,3.38520357500326,2.107442654170424,2.923989090549976,-7.366576605348469,-9.772089004516602
p103_00714.wav,3.0686938762664795,0.9445031182434874,4.128901083883283,2.99231047716122,3.593971724093274,1.143205600747122,4.018001556396484
p103_00731.wav,3.342427015304565,0.9640104699322454,4.497961485927109,3.2704666629958905,3.9229614662745416,3.1673225884660177,7.985590934753418
p103_00732.wav,1.9306297302246092,0.8807653710803529,3.0682581772894726,2.3693318820174536,2.4734019004237573,0.6888418709146888,6.31612491607666
p103_00736.wav,3.036665678024292,0.6347871826631291,4.040517140806672,3.399585236439826,3.5255459079415825,8.215501034827664,13.852089881896973
p103_00748.wav,2.6417126655578613,0.8896900468306727,4.399162409369826,3.4511500503058263,3.538290917377721,10.54445304115798,8.862399101257324
p103_00752.wav,1.8534843921661377,0.8932831721255886,2.842194076735887,1.7757108743138363,2.284904037859638,-6.515587784937858,-10.468465805053713
p103_00765.wav,3.206836223602295,0.9685248676827266,4.256696212964847,3.3940424101231863,3.738216911323873,5.99148479872562,10.826227188110352
p103_00769.wav,3.09314227104187,0.9439254441658768,4.294513761384614,3.419977005360112,3.6966609662059335,7.396250676845765,12.992959976196287
p103_00787.wav,3.071827173233032,0.6639311249818,4.176471435076859,3.619025413422354,3.623764711774378,10.867208171274056,13.664034843444824
p103_00791.wav,2.6034867763519287,0.7135711481895036,3.430327663598332,2.352914332176798,2.994904559586256,-4.746462452244181,-0.1167446300387382
p103_00792.wav,3.1530723571777344,0.9803995506876724,4.3098143278315,3.158240941671274,3.724594334379363,3.225052711680113,6.919404983520508
p103_00799.wav,2.731050968170166,0.8870778446780387,3.814407204646372,2.475865388156794,3.2425412512739418,-3.41530307364683,-1.9799425601959229
p103_00804.wav,3.5924463272094727,0.7372593307646028,4.622474346540254,3.537640560970087,4.1143039817849845,5.372966875440617,9.643882751464844
p103_00805.wav,2.100877285003662,0.7764825663656211,3.271996709955655,2.752631546700507,2.660384337942062,5.497144748234351,8.921921730041504
p103_00806.wav,1.6549475193023682,0.8529543247757376,3.167141010763215,1.89917712885341,2.383852911790575,-4.702502157354546,0.3920609354972839
p103_00828.wav,1.0690932273864746,0.8092793049190944,3.1945425194547576,2.426290398193958,2.119156537373724,7.338157896303619,7.295777320861816
p103_00833.wav,1.9991979598999023,0.7356508920291531,3.230071037642096,2.415063850407,2.590056180280384,0.8276860380817623,7.024986743927002
p103_00834.wav,2.796522855758667,0.6962729779903777,4.041366733768768,3.039580246677812,3.402899333629076,4.402724471478612,11.75974464416504
p103_00840.wav,2.496270179748535,0.7421798516750975,3.729905476579187,3.091727907764927,3.092515983994952,7.675659449704664,9.878427505493164
p103_00844.wav,3.552760601043701,0.9296770414943972,4.819943711762073,4.182456793733062,4.217930064496684,14.789664452496291,13.710556030273438
p103_00854.wav,3.705502986907959,0.8831062454073016,4.4471788852770056,3.194546008440112,4.062127849741361,0.0404628297835137,4.396944999694824
p103_00858.wav,2.8545193672180176,0.7431021656216972,3.9089564699638,3.028003438539622,3.360480220698686,4.035435609031741,9.056254386901855
p103_00859.wav,3.312593698501587,0.8383675650032247,4.64170202012855,3.932529956171577,3.9916449772841296,13.363896682038131,12.85391330718994
p103_00875.wav,2.1038718223571777,0.9058282745546462,3.224266497177119,2.067846973811322,2.630662868213777,-5.065413510648627,-6.405111312866211
p103_00883.wav,2.64382553100586,0.7482973580356711,3.9271391227438417,2.898543914141552,3.2767447155158327,2.979460150586933,5.27016544342041
p104_00002.wav,1.9399590492248533,0.7630188770505977,2.76822921980469,1.875508924533576,2.311728483771048,-6.467042350347011,-5.90073299407959
p104_00014.wav,3.010270833969116,0.899265938271131,3.927267740764413,3.019933041080836,3.453071774509127,2.5127351862651786,4.057008743286133
p104_00027.wav,2.62720251083374,0.9155113073288474,3.5778454335508174,2.300552922026436,3.060381782806365,-4.88080799675895,-3.95312762260437
p104_00029.wav,2.752838134765625,0.889655640516919,3.873537448920788,3.134505318900162,3.305431355951495,5.8841227292216525,11.075685501098633
p104_00050.wav,1.9817068576812744,0.7018656537391293,2.7680582408826853,1.7872221689280705,2.301654597691582,-6.816257005392821,-1.3181443214416504
p104_00059.wav,3.1011807918548584,0.8294208040494598,3.950372742497848,3.1280851332829847,3.511295724708264,3.503490897682997,11.385435104370115
p104_00070.wav,1.8897528648376465,0.8635932484006047,3.044252781788533,2.100116572225845,2.428158028599082,-2.71656715783286,0.1353120505809784
p104_00088.wav,1.8552764654159544,0.6546902000108291,2.838431553924744,1.999681345859554,2.2873817777706216,-3.1258782245975865,4.309740543365479
p104_00091.wav,3.746844291687012,0.7756259051188213,4.738749701235871,3.6526402868765273,4.24496793417717,6.254099304882314,12.14535903930664
p104_00093.wav,3.561657190322876,0.9654365581626808,4.730830627457145,3.960613665285371,4.165074893678049,11.773946800354304,17.41518783569336
p104_00096.wav,1.607593059539795,0.7376321313425025,2.831629012136748,1.7182677500182773,2.161629479807748,-5.832643390662996,-0.0924344509840011
p104_00107.wav,2.4395785331726074,0.8099681265530493,3.888192170671729,2.8634261281451163,3.1563252500584684,3.879327718281612,8.92058277130127
p104_00112.wav,2.420435905456543,0.8936031875883592,3.640808036514812,2.4342729031086434,3.0080867653684917,-2.1053046041654686,1.5705864429473877
p104_00120.wav,3.2955105304718018,0.5925422279634728,4.272216287157573,2.8218907162725038,3.7639686492421376,-2.584593675861992,-4.382296562194824
p104_00122.wav,2.357698440551758,0.8563372113450853,3.422499067653644,2.4707695233961617,2.862583074633012,-0.8209054932628903,6.177232265472412
p104_00124.wav,2.0353519916534424,0.8818202915095736,3.914492117370469,3.085645422842535,2.975991901943063,10.002137679216998,8.56110954284668
p104_00131.wav,1.7733328342437744,0.8520642949672298,2.8856070146865385,1.739564355428898,2.2658057450253253,-6.471270236946384,-7.36298942565918
p104_00147.wav,1.5737972259521484,0.26374482733087,2.84263311678826,1.5992025383708195,2.146612491702393,-7.31517568997676,-1.7850301265716553
p104_00151.wav,2.3268373012542725,0.9018112933640148,3.873539803667808,3.31160167700531,3.1083893373145264,11.131122595472824,9.24062156677246
p104_00162.wav,3.327748537063598,0.956202379845226,4.408663247307667,3.083026934344554,3.863715858437565,0.6295544481482518,7.223422527313232
p104_00163.wav,1.8301843404769895,0.8379080969900041,3.362938655821353,2.1678257631953786,2.569249277773744,-1.7451125352371246,-7.313606739044189
p104_00176.wav,1.596261501312256,0.843528248578428,2.721201193959182,1.9369791020850189,2.094075376853195,-1.971648299284037,2.798804759979248
p104_00179.wav,3.026418209075928,0.7366418813057583,3.725405973923975,2.4619194713460457,3.339332830593743,-5.521967008605984,-2.919374704360962
p104_00183.wav,3.28164291381836,0.966519369531634,4.616559167826827,3.625130444298101,3.9636784899676103,8.711753739624422,11.536191940307615
p104_00185.wav,3.5564589500427246,0.9536579772317608,4.774324311648205,3.900073871091631,4.18573851319637,10.77985638843479,10.926612854003906
p104_00186.wav,1.3883235454559326,0.7612106938431319,2.966242610830089,2.0257554497907413,2.122725056198355,0.4985642996112972,0.6870180368423462
p104_00188.wav,3.4556884765625,0.8549907917305275,4.326138107969372,3.197669356246996,3.884612503657229,1.5951578841754084,5.697168827056885
p104_00197.wav,3.1692087650299072,0.8591591404448048,4.205434447598045,3.1039368992193395,3.67470472257501,2.509482417628632,9.361260414123535
p104_00201.wav,2.183076858520508,0.7176670749247994,3.2070633375936506,2.440361337737755,2.661615134234747,0.2678727653771843,9.17013454437256
p104_00202.wav,3.055635690689087,0.7870342572702513,3.7247270001086217,2.473394814022193,3.3542208657509125,-5.5822993735922,-3.9869401454925537
p104_00205.wav,2.8318898677825928,0.8472397451808535,3.7401191201188753,2.574334975007443,3.2627568935300526,-2.8931583459173296,-0.1522742807865142
p104_00210.wav,3.147787809371948,0.8939533102692852,4.210173048387243,3.424992084528115,3.6757211933289775,7.350641119847618,13.596908569335938
p104_00213.wav,2.4709737300872803,0.6925647761120555,3.3746675252734164,2.2404287218100336,2.8762094279597603,-4.465331792129564,-4.177420139312744
p104_00219.wav,2.265305280685425,0.8478369416633196,3.3347621279348063,2.0401740776302617,2.757726766112797,-6.313869409517067,-2.8353705406188965
p104_00226.wav,3.161628007888794,0.8894037131355367,4.112580392890759,3.1040779215144303,3.623391719461543,2.6257904686130846,11.942981719970703
p104_00229.wav,1.8298190832138064,0.8325206014446483,2.8996333149006666,1.8708048824317776,2.3044881817253096,-4.956763882892566,4.160599231719971
p104_00230.wav,2.937535762786865,0.8981949700090458,3.991376606616407,3.348609381693611,3.463386058269767,7.614440049753668,12.13869571685791
p104_00241.wav,2.165881872177124,0.9241746935134584,3.1858211645245214,2.240890807583816,2.6529359117209363,-3.2337046812653294,-3.273649215698242
p104_00249.wav,2.941316604614258,0.88138214785719,3.805206006287373,2.5445604713578147,3.341064789663771,-3.78477170701392,0.1537674963474273
p104_00257.wav,2.524570941925049,0.8714498183370294,3.973143095745076,3.141846491774293,3.2430808168836878,7.584737518165739,9.876325607299805
p104_00261.wav,1.6286134719848633,0.8817992548881356,2.9461165134554723,2.0829191417900805,2.2531766591883,-1.2599787919155438,4.69868803024292
p104_00263.wav,2.0735251903533936,0.7800086313409601,3.106268754257397,2.2299598728309937,2.5462006906793824,-1.802583825027036,5.25699520111084
p104_00264.wav,2.292394161224365,0.894460493463491,3.416550515907928,2.784732583771873,2.837786347096792,4.1673234136277975,9.94188404083252
p104_00269.wav,3.455803871154785,0.9521463623249716,4.653117935710692,4.000456477794554,4.074500451989819,13.141428031747727,18.437694549560547
p104_00272.wav,1.6444191932678225,0.8348327475809487,2.598563845005984,1.5037561980954024,2.0394916128402976,-8.425769068037365,-11.94836711883545
p104_00276.wav,2.583268880844116,0.95752012816485,3.75885948690954,2.518796713281225,3.1590005846443177,-2.437505412035269,-4.042891979217529
p104_00282.wav,1.6368597745895386,0.8457639465819174,2.5824326783597917,1.604515412661276,2.049158873859156,-7.716811279357368,-9.682146072387695
p104_00284.wav,2.1730103492736816,0.8814534273421017,3.532503962875545,2.21921872187678,2.825459470720712,-3.474272298360225,2.078998565673828
p104_00285.wav,2.52579665184021,0.8842893972121025,3.829018935856359,2.9142783226363265,3.1626855995745973,4.373092467001852,3.92008638381958
p104_00288.wav,3.028413772583008,0.9011153041624188,4.223045149180215,3.316589674928992,3.624700193704836,6.40995297368928,10.71198558807373
p104_00292.wav,1.9320216178894043,0.8011662323847699,2.6444550865097582,1.7553159618286616,2.2241017218365977,-7.343921096673014,-6.7383904457092285
p104_00297.wav,3.96415901184082,0.9655504740906792,5.0,4.338876191320821,4.614439146350848,14.015711174887448,15.319842338562012
p104_00302.wav,1.698164939880371,0.8660776994915313,2.704896292704566,1.873757902282362,2.139110520035859,-3.822805001653414,1.2478519678115845
p104_00303.wav,1.5649038553237915,0.8042197093884532,2.655849524591135,1.6068744702422155,2.0517649536108395,-7.23965204209135,-9.787421226501465
p104_00308.wav,2.099426031112671,0.8912229222075067,3.868106206656578,2.9400015129678048,2.979104893939958,7.4756681084479295,8.2166748046875
p104_00318.wav,2.722563982009888,0.9222249820741026,3.846959348084325,2.915070409622967,3.273990351151084,2.759783253123608,4.2838640213012695
p104_00344.wav,2.540355920791626,0.9202911384472396,3.571402539875976,2.9387774735249983,3.048239765685257,4.370204754559355,7.669795036315918
p104_00348.wav,3.2345776557922363,0.938599640932325,4.5064131489152,3.9094214513797354,3.88906683929106,13.406930951754472,13.641761779785156
p104_00356.wav,2.141078233718872,0.8968974481465586,3.0573186362925777,1.833213145351292,2.521402667978922,-7.090286723975851,-11.751246452331545
p104_00357.wav,1.578646540641785,0.8553039471811446,2.7776654960345626,1.839171587082843,2.120293588843208,-3.699713229304764,2.405733585357666
p104_00358.wav,3.203503131866455,0.9520547785591692,4.419221928108009,3.246826729827029,3.813356156591804,3.858264981086892,5.602462768554688
p104_00359.wav,3.146306276321411,0.944162601409875,4.442937131907906,3.30093462923581,3.809724989654558,4.55844010436974,5.827299118041992
p104_00360.wav,3.0249361991882324,0.945875843464762,4.025720363284352,3.2335193073021293,3.531141303194489,4.8366576834764805,8.306252479553223
p104_00361.wav,2.300447940826416,0.9203272753377252,3.51619988856686,2.4853733064574155,2.897430852142905,-0.909653783473126,5.883328437805176
p104_00362.wav,3.01565170288086,0.9702618800894452,4.364335309534458,3.6653944077798974,3.708646752381068,11.15825617741446,14.59915256500244
p104_00363.wav,1.9184105396270752,0.8878320058268395,3.006450020510405,2.213628072384405,2.4225840657207582,-1.0777945799493558,3.121774196624756
p104_00364.wav,2.2939412593841557,0.918651161107166,3.226551639580071,2.0297349420727717,2.713949598306218,-6.503200393229829,-6.883383750915527
p104_00365.wav,3.666271448135376,0.984519755999928,4.81984769536313,3.525924896636115,4.25967969658014,4.191149718708454,5.48795223236084
p104_00366.wav,2.8505349159240723,0.9575500020689636,4.177611991084858,3.177476832308159,3.516225264855508,5.377229335847026,7.622676372528076
p104_00367.wav,1.9865257740020752,0.9473435397199702,3.482425307801397,2.7252354896282123,2.731518466921915,4.86479580696125,5.731281757354736
p104_00372.wav,2.24036717414856,0.9232939464152676,3.2179762834078423,2.3175912822268314,2.6883724645238822,-1.7805896711850904,3.55022931098938
p104_00378.wav,3.4416720867156982,0.9544580890952868,4.664468542394392,3.5582935403019142,4.06285747829389,6.67759514900362,11.0820951461792
p104_00386.wav,2.383919715881348,0.8745575673787379,3.404960262369814,2.5271507452336865,2.8463579384886266,0.7888347924923255,8.66091251373291
p104_00406.wav,3.6802008152008057,0.839320829464344,4.662867903065187,4.0811561281921245,4.184965774550281,13.05899995519476,16.84280014038086
p104_00410.wav,2.459862232208252,0.7719635771112612,3.3968178716369244,2.4160014785941546,2.886869349068451,-1.825443689552166,8.13670539855957
p104_00412.wav,3.423613309860229,0.7834737958548241,4.58660783926387,3.3955631038124685,4.00841526905453,4.521585465906427,6.073317050933838
p104_00415.wav,3.167029619216919,0.908154543748161,4.242865895203916,3.5296221234911176,3.7112176221224136,8.446308166690999,12.212413787841797
p104_00423.wav,2.9851152896881104,0.8633532211438928,4.0235484587341785,3.436787467440828,3.501456006734768,8.739615714203309,15.59441089630127
p104_00430.wav,2.2213058471679688,0.9191379576878576,3.3888621412517907,2.4780124729752435,2.775786162862525,0.3811978727130788,2.92505145072937
p104_00433.wav,2.4273018836975098,0.7517231970889603,3.522946040172562,2.772559120963772,2.9493536218481844,3.3688790442732195,11.645956993103027
p104_00434.wav,2.035540819168091,0.9538343458883796,3.0478146462907945,2.079036984777209,2.510587951315866,-4.467469348745268,-2.7233152389526367
p104_00449.wav,1.4945396184921265,0.8053158426208757,2.501276488908182,1.7751583373500075,1.9124182227263,-2.849226953088252,0.4345752596855163
p104_00450.wav,1.6186237335205078,0.8640959754690798,2.695974197294987,1.5443165511704349,2.0876044093970108,-8.144468519645983,-12.315645217895508
p104_00465.wav,1.9061115980148315,0.770627213424381,2.891681731968171,2.1583797368120194,2.3435800410516845,-1.1702296189713013,8.187929153442383
p104_00491.wav,2.82953143119812,0.9213095903180244,4.500324903477525,3.6717178953880927,3.684865259863639,12.558943176800744,10.204635620117188
p104_00492.wav,3.419517040252685,0.967756904185078,4.661493272457939,3.954957035630033,4.064710255720227,12.502169009249576,14.224143028259276
p104_00495.wav,3.4001197814941406,0.9675964748590576,4.859701034004623,3.95799638832194,4.159885540493055,12.417903073860655,14.562024116516112
p104_00497.wav,3.0290026664733887,0.8417238671671582,4.1371712159630745,3.474780900555081,3.5818855612540137,8.933360891728183,11.515074729919434
p104_00499.wav,2.9883978366851807,0.8857115032924802,4.163565106678938,3.4806401172800583,3.573120426658835,9.395860987294649,11.889076232910156
p104_00503.wav,1.6361329555511477,0.7027731292241551,2.4206811256487955,1.7822912791100474,1.944103147414912,-3.822967026345687,4.992886543273926
p104_00504.wav,3.193807363510132,0.9123187231797144,4.199955358458446,2.823524061470976,3.685415655710813,-2.1729043227291918,-0.9609917402267456
p104_00507.wav,2.2690587043762207,0.8225332223369574,3.329255828589757,2.3978753756823674,2.764958361780178,-1.0203714565918849,5.168654918670654
p104_00508.wav,3.413670063018799,0.8252133532712248,4.186813612671744,3.268208094430073,3.7895713300358937,3.231874692906569,9.61020851135254
p104_00509.wav,2.4509592056274414,0.716244021380464,3.4604445001639257,2.552325366726875,2.9083847489189485,0.654806212596353,8.992197036743164
p104_00510.wav,3.2752251625061035,0.9511034960329926,4.551480131011649,3.4886119576287,3.9236566645283215,6.787332913863438,10.672768592834473
p104_00518.wav,2.3468129634857178,0.8453318660116249,3.601553966785138,2.368823432595548,2.936702903466573,-1.9390102893642136,2.7030153274536133
p104_00520.wav,3.0104470252990723,0.8307593197346367,3.714404692597376,2.528360106688391,3.3290666779769795,-4.490365491718846,-0.5683379769325256
p104_00529.wav,2.644739866256714,0.9001468651195492,3.766406098620709,3.0810258164040274,3.193185235873144,6.047288006164597,11.383859634399414
p104_00531.wav,3.367859363555908,0.6981543217942644,4.220130989145795,3.242282251713477,3.778533074200493,3.365458567733541,8.118857383728027
p104_00535.wav,1.555561065673828,0.8034055536912217,3.192903093538514,2.413446155136912,2.341136045866432,4.450229246658268,6.460695266723633
p104_00541.wav,2.8362724781036377,0.8015307427873929,3.8190547833885065,3.096985243542402,3.314657037526345,4.910925206072816,5.9430365562438965
p104_00544.wav,2.654442310333252,0.8483417907894378,3.932491604376044,2.60917672386197,3.2757743293672883,-1.2979231799726825,3.794677734375
p104_00555.wav,2.244412422180176,0.9224076957173636,3.621901581907248,3.009550004688774,2.9199847978553413,7.912613879626544,8.153044700622559
p104_00588.wav,3.65679144859314,0.7608005881843607,4.546776320393722,3.018001995982066,4.090232925678434,-2.530841960194395,3.730846643447876
p104_00594.wav,2.3866355419158936,0.8879097011808292,3.5564734468219688,2.855766668178576,2.953768895662749,4.633896323346468,8.698738098144531
p104_00598.wav,2.11501693725586,0.9173988984445408,3.1971763938237534,2.032055212828021,2.618077683397199,-5.509529251273544,-0.2547589242458343
p104_00624.wav,2.8551807403564453,0.8550691896394548,3.940925019259897,3.184839689171369,3.382429649024266,6.268355039122619,11.083036422729492
p104_00634.wav,2.9666099548339844,0.9000581409677864,3.818819857715775,2.495461098610495,3.3643229380415,-4.919584253550182,-4.167520999908447
p104_00640.wav,1.5863173007965088,0.6674507934578607,2.541527346030644,1.5163268763644533,1.9905149342339787,-8.170581017107047,-13.439451217651367
p104_00641.wav,3.4605963230133057,0.7835298394711874,4.45227924948672,3.7399380852912874,3.9579236795488058,9.809857640178938,16.79096031188965
p104_00652.wav,1.9061970710754397,0.8611222329525369,2.9877100515114634,2.1151749020295187,2.405213901463936,-2.465118319495144,4.33116340637207
p104_00662.wav,2.829700231552124,0.9555701949425184,3.8855382500408777,3.090482627538444,3.3576083770063416,4.276440383695741,7.892958641052246
p104_00669.wav,3.2006490230560303,0.8466180290757331,4.275433194449357,3.300005302704787,3.736175504411445,4.908825788351823,9.43881130218506
p104_00670.wav,2.258881092071533,0.8040604416661402,3.328155496952123,2.3924260469346725,2.753667155958721,-0.7827244659990272,6.690404891967773
p104_00671.wav,1.8678197860717771,0.7290206602700818,2.89224744774981,1.8497983575022865,2.3248276451985244,-5.791127505310695,1.1054028272628784
p104_00677.wav,3.048983097076416,0.7676088327288855,4.216854272906512,2.728637988089968,3.615857752212527,-2.367176271948644,-5.008423328399658
p104_00680.wav,3.3917081356048584,0.8875920654635394,4.371261906293987,3.484908707693906,3.879453802701872,6.433011271435698,12.440961837768556
p104_00690.wav,2.4837028980255127,0.6682569480351606,3.46407544710204,2.3283682020377325,2.936713175404348,-3.58853945924548,3.3766870498657227
p104_00701.wav,1.1725956201553345,0.6997289078325124,2.819345586904449,2.3202081861657,1.948935035933787,6.446310625994075,7.056680202484131
p104_00703.wav,1.4011895656585691,0.7944143634509888,2.3988902942314807,1.4554968204549863,1.80641221529386,-6.865857474006274,-2.656756639480591
p104_00705.wav,1.813297986984253,0.6790627245905491,2.575192805628045,1.763881647059909,2.118157683698332,-5.799169258283841,5.402248382568359
p104_00707.wav,3.514993906021118,0.958296298754158,4.8082815302240265,4.040442829691656,4.183546850636405,13.241006030321875,15.77132797241211
p104_00711.wav,3.5625503063201904,0.9397125482297451,4.725891977837373,3.9016013176710698,4.155832616599569,11.149275590502729,15.951742172241213
p104_00712.wav,3.233222723007202,0.958954713279554,4.320993321795387,3.4598831082345605,3.781776978772632,6.9137641764814095,11.000304222106934
p104_00713.wav,1.6038306951522827,0.7872137927639911,2.691759262092245,1.725751874202293,2.0668224277773257,-4.65819020227351,0.0700367167592048
p104_00718.wav,2.003413438796997,0.8719137959094239,3.1720479651838813,2.318901439620968,2.55258705286446,-0.2580535689901824,4.694238662719727
p104_00749.wav,3.211907863616944,0.8936324944718032,4.384564809486148,3.409222525776539,3.799557640241357,6.407377114498796,5.763766765594482
p104_00750.wav,2.124462842941284,0.8317227760675344,3.146625497537854,2.101249481420933,2.58040215638602,-3.7209738293614993,5.542201519012451
p104_00761.wav,2.6307435035705566,0.8576781886713974,3.6942279647308376,2.94093545491642,3.1439992088472923,4.203197165122108,8.051334381103516
p104_00771.wav,2.223419666290283,0.8304391938885406,3.2916697779001853,2.6436803129533963,2.740330487677753,2.4732818960292664,9.198722839355469
p104_00772.wav,2.165126323699951,0.825067752351166,2.9344557870589103,1.921871847867328,2.484929770962144,-6.416935069677751,-7.525764465332031
p104_00775.wav,2.6494619846343994,0.885007391060465,3.689104864233484,2.498022301131957,3.138960073807114,-2.4430302506376487,1.8672688007354736
p104_00790.wav,2.0607128143310547,0.8744293843194236,3.0347203678156167,1.962477421182736,2.5000127494345765,-5.769700197504684,-7.212102890014648
p104_00794.wav,1.8805863857269287,0.8346935291076267,2.9511258919257712,2.4258558236575443,2.387189686229744,2.082960941549333,6.517678260803223
p104_00797.wav,2.233391523361206,0.7370875758482008,3.086964283313507,1.9371796827139685,2.606119432268128,-7.169256076374531,-9.800240516662598
p104_00809.wav,3.318241834640503,0.9243743878916452,4.408882073095062,3.724007887529546,3.870970592336028,10.349637811414253,14.603355407714844
p104_00814.wav,1.714244365692139,0.8511000229157886,2.573674606674028,1.7359087524174217,2.076893337971565,-5.910621524445391,-2.028513669967652
p104_00823.wav,2.319880962371826,0.910776702888954,4.139138511558057,3.2480384367039035,3.2390424886816453,10.086324537423126,9.210479736328123
p104_00825.wav,2.852288007736206,0.9505600263198194,4.1321766584251565,3.539014683036529,3.5037357385045267,10.695848487836791,6.894559860229492
p104_00827.wav,2.5332696437835693,0.9106199927996572,4.270227833291574,3.2900648408778403,3.408699061377632,9.280792873985376,10.007030487060549
p104_00830.wav,1.9960262775421145,0.8118319112919473,2.911631503550359,1.7724996323256368,2.393800252435668,-7.752379681799275,-11.207935333251951
p104_00832.wav,2.860743522644043,0.7606365368571242,4.06028435776659,2.6510295757600666,3.439568182115444,-2.024081927790107,-0.4360218346118927
p104_00856.wav,3.5586071014404297,0.8835474654309788,4.7050598049060985,3.832876535650697,4.14464481663201,10.036825662938174,16.127426147460938
p104_00860.wav,3.162074565887451,0.7239534859134685,4.126476952616953,3.288922784658237,3.634564837730601,5.378752837659755,12.719927787780762
p104_00862.wav,2.7267231941223145,0.7415475737195554,3.711823174846596,2.820489676938838,3.197188270891181,1.740786757677801,7.695450782775879
p104_00864.wav,1.630342960357666,0.7860870122133764,2.6836636410597685,1.934811542227166,2.1025512147182708,-2.7027405720148403,3.748919725418091
p104_00866.wav,3.103321075439453,0.9241702306915698,4.0214650414243005,2.941338186844899,3.555452449697228,0.1836482722473545,2.906226873397827
p104_00871.wav,2.582336902618408,0.9157342093143008,3.712745431390077,2.4294874030133866,3.123540408712788,-3.3173696362650835,-4.4673171043396
p104_00874.wav,2.2761118412017822,0.8543146337319807,3.4862286926641675,2.410557911863008,2.8549216859398245,-1.2381196630373494,2.314955711364746
p105_00008.wav,1.580007791519165,0.6863747197659344,3.369348985737305,2.169026413237963,2.4501026694130155,-0.003870724658836,0.2344971597194671
p105_00018.wav,3.1597213745117188,0.9368974131297814,4.342703023494925,3.4649694920125538,3.7634947683538,7.198325884261588,11.969663619995115
p105_00021.wav,3.3511056900024414,0.9269692925363052,4.72528146600155,3.764726251245605,4.057130685655923,10.211999839445271,10.760543823242188
p105_00023.wav,2.1953296661376958,0.6657637044439064,3.901440698367818,3.2292651471850995,3.043204528031821,11.379801209612618,11.836807250976562
p105_00025.wav,1.6449629068374634,0.7950065332138652,2.871112253976272,2.3042314571996254,2.209997025881851,2.7507884539811798,3.627479076385498
p105_00034.wav,2.4239304065704346,0.7959214139189715,3.5688216359323817,2.2995861962220725,2.9616045132937985,-3.7221122433111886,-6.2618727684021
p105_00035.wav,1.5767539739608765,0.6834925909244542,3.408054689872536,2.185479512180838,2.473071874619487,0.0461089548174478,2.6532671451568604
p105_00038.wav,2.83774471282959,0.6594935975068766,4.309994544677542,3.3187210073255144,3.569014863975537,8.007978255485053,9.815946578979492
p105_00042.wav,2.1593470573425293,0.6083987551883084,3.8646760866422216,3.0725450073383334,3.001545381657448,9.39413081886849,9.560869216918944
p105_00046.wav,2.9134633541107178,0.8813779080072871,4.130332972863622,2.7348136982278013,3.4962392450243764,-0.8824845066879544,-1.3560950756072998
p105_00048.wav,2.9247844219207764,0.6020148297720176,4.266788417240566,3.219721218884021,3.5872930445566045,5.960135587283732,8.150680541992188
p105_00052.wav,3.123508930206299,0.6889098443498048,4.331513979437815,2.9263905750300365,3.711390792590578,0.1689054981796998,5.306768417358398
p105_00053.wav,2.49013352394104,0.7763358409997111,3.56871354811191,2.667955173545953,3.005101427245311,1.1768141333792823,5.341706275939941
p105_00055.wav,2.072084426879883,0.7925871138354331,3.478997297811067,2.3039920639397686,2.748346965262904,-1.3838315116971085,5.955634593963623
p105_00057.wav,2.863474607467652,0.603514316433266,3.896910576043365,2.4386288952552757,3.3470409457711137,-4.860377045782833,-2.20564341545105
p105_00066.wav,3.1909422874450684,0.9450980422595624,4.572847710805125,3.8362744901286607,3.8997171262200334,12.59329988522566,16.004024505615234
p105_00067.wav,2.676950216293335,0.4668494323498506,3.679348151034935,2.014469909764773,3.111833541953803,-8.734181464789547,-10.287654876708984
p105_00079.wav,3.3244283199310303,0.851431886942639,4.475320395805408,2.996710194611836,3.8871442610343294,-0.3601729010877139,-0.0057611176744103
p105_00080.wav,1.2520108222961426,0.6973015257055654,2.8939537824713173,1.6018565789702923,2.0163887010399058,-5.128138601904477,-13.554588317871094
p105_00082.wav,2.85602068901062,0.6888740003528833,3.942764047615296,2.4237515609465112,3.362720053161426,-4.891391498272987,-7.478616714477539
p105_00087.wav,2.1946535110473637,0.7892000098050311,3.210004012123432,2.0145186263350445,2.6605144230348645,-6.208846820294816,1.4814764261245728
p105_00095.wav,3.5312399864196777,0.8209142432619319,4.4013895716694496,2.846551353580415,3.945192428543734,-3.8898793175280346,1.0479326248168943
p105_00113.wav,2.7544398307800293,0.8949193970909204,4.146415579879155,2.980009016580384,3.4520690564050827,2.976730554801862,1.255711317062378
p105_00114.wav,2.932006359100342,0.7362135163596848,4.29310728421538,3.1044605806131838,3.6063389526245215,3.974312477557206,8.662439346313477
p105_00115.wav,2.801509141921997,0.9180527949361924,4.0411024620192615,2.928067706306539,3.41654004542764,2.0989972527777714,4.004190444946289
p105_00148.wav,2.9825127124786377,0.7776246794668825,4.369765000115084,3.1290028125545186,3.678169293531553,3.620094688358084,-0.1889669746160507
p105_00153.wav,2.1073923110961914,0.719044335333645,3.523390799244737,2.190128481590237,2.782124252694545,-3.1885211176019657,-0.4531875550746918
p105_00154.wav,2.420775413513184,0.5984365016627474,3.8976197481984967,2.893888622719877,3.142420531677175,4.906492192165112,6.259219646453857
p105_00156.wav,3.282130241394043,0.9448507390799074,4.5238786612286965,3.425603217826012,3.920918329219023,5.403984843952471,9.24378490447998
p105_00164.wav,3.0732054710388184,0.8082841390143566,4.266340846778193,3.265599842402805,3.663956764309584,5.4768227387356605,11.69204807281494
p105_00168.wav,2.3456435203552246,0.6172264466912923,3.8199964989129,3.0270865031142686,3.072464527582532,7.2997378609803,6.692253112792969
p105_00172.wav,3.4542102813720703,0.8136623151842644,4.625427404373755,3.417420458763212,4.040283710251683,4.764037179929019,6.536538124084473
p105_00174.wav,3.366761445999145,0.7188796762579989,4.617712105900442,3.264851331548491,3.992230962709464,3.0082395366342265,5.252437591552734
p105_00175.wav,2.1864330768585205,0.8989352460364161,3.4170921886620893,2.4464504210160705,2.7928073742458897,-0.7621224603109507,5.151891708374023
p105_00177.wav,1.6949117183685305,0.5320944197281039,3.0554312300262394,1.9752400294827432,2.333138090112099,-3.123748486093014,1.3727037906646729
p105_00194.wav,1.7741360664367676,0.6330377985262873,3.20994860247814,1.7295387860526317,2.4401706360128825,-7.190609516869416,-2.3345842361450195
p105_00206.wav,2.077141284942627,0.8189085141976834,3.2357088109464835,1.7477466658380734,2.57950614987502,-8.033504609164021,-0.5851924419403076
p105_00209.wav,1.3878748416900637,0.5264929090847049,2.8539551357447484,1.6002457641608987,2.0701054363210645,-6.405385909316227,-3.80510139465332
p105_00218.wav,3.0107734203338623,0.5934135312340051,4.22888420619516,3.01598705027668,3.6062167354213415,2.32222864531301,7.037232398986816
p105_00231.wav,1.5218111276626587,0.6690994719457858,2.5813881848936253,1.5573991396597269,1.9618258743194448,-6.326502026947992,-0.4469718337059021
p105_00243.wav,2.5715012550354004,0.7255592468171803,3.3786224275521017,2.0489959877503594,2.911570211172582,-7.501375446565883,-6.280643463134766
p105_00246.wav,3.3147165775299072,0.896967696235395,4.700099750550754,3.864744405782506,4.023522325275675,12.194796482986892,11.366708755493164
p105_00248.wav,3.405505418777466,0.7833450411024334,4.495616608739704,3.31947343579841,3.943570632528427,3.910573477877128,11.734975814819336
p105_00255.wav,3.269599676132202,0.6621462817081109,4.489760633642959,3.439932103939361,3.878642655696043,6.562392049771616,10.53711986541748
p105_00260.wav,2.600126266479492,0.9071033079624818,3.984101543852,2.9527504395784594,3.293259722193309,3.720329003293448,6.253123760223389
p105_00265.wav,2.3933334350585938,0.6395325328555594,3.6474223419029626,2.1165521942223275,2.9854108389656737,-6.401756930985068,-0.0545001961290836
p105_00267.wav,2.6411523818969727,0.9334577750994624,3.838083295377322,2.8953070865076618,3.24300596874092,2.4230628943681065,7.093479156494141
p105_00271.wav,1.541261911392212,0.5961284311754216,3.0127799440596705,2.085087713081148,2.213123677571434,0.7199089917396589,2.072539567947388
p105_00275.wav,2.323529958724976,0.6146032176303539,3.305267460484568,1.9464504970876864,2.7562705535597343,-7.530350960710116,-2.101534366607666
p105_00294.wav,1.8093245029449463,0.5678720330530121,3.293431517469482,1.965577950851146,2.50333964371848,-3.8810731857831344,-0.7054001092910767
p105_00295.wav,3.520003080368042,0.7526663565247008,4.8267636057932535,3.624509455788776,4.181153997126693,7.222928726309497,4.407715797424316
p105_00298.wav,1.436995506286621,0.6485714211654526,2.36346608057043,1.3283574083190353,1.777687349325703,-7.8699885592629935,-9.780384063720703
p105_00300.wav,1.1681184768676758,0.4274777768619035,2.722098753328119,1.4308437126456115,1.8692419457169056,-6.356914047893132,-6.7875189781188965
p105_00301.wav,2.836493015289306,0.8682155361908623,4.172057187292241,3.1799566687875847,3.5066193701474835,5.512175335731559,6.843061447143555
p105_00304.wav,2.0011727809906006,0.8499783805344936,3.1606262555154454,2.4149119684875635,2.561924512637836,0.5712804055290565,5.479038238525391
p105_00305.wav,2.5338408946990967,0.730343748961737,4.04406736184612,3.39211390770756,3.2841493753306774,11.438536959555682,12.998323440551758
p105_00311.wav,2.8024168014526367,0.6829320175374661,4.161855328654028,3.0872069143034464,3.4730413242446567,4.796133588961523,8.072896003723145
p105_00314.wav,2.963895797729492,0.9148923474524912,3.841418617473477,2.96689901573212,3.3936636095715,1.7264631347316783,7.582826614379883
p105_00315.wav,3.169513463973999,0.7395976447159739,4.49254949293096,3.698716345028888,3.834838215180048,11.193837286228783,13.744235038757324
p105_00320.wav,1.1166043281555176,0.5783696341698734,2.569609816066646,1.60577986253682,1.7784132058006406,-3.676505878603968,-3.5069034099578857
p105_00322.wav,3.382493257522583,0.913672785162666,4.820562971496209,3.984102248274659,4.123159846485197,13.333955785882804,16.941913604736328
p105_00325.wav,2.4734816551208496,0.8864166005480917,4.051449419834352,3.1730431941522514,3.2688846281961177,7.910681457847207,7.74970817565918
p105_00326.wav,2.7246782779693604,0.7752925522680477,3.472296087662853,2.2175284494225105,3.054645859086195,-6.830750918904389,-5.656798362731934
p105_00329.wav,2.743382215499878,0.791669227724431,4.115072471153032,3.1094057521162406,3.423872855007469,5.423710934353825,5.494166374206543
p105_00336.wav,1.5609298944473269,0.5957880529107352,3.030770062816517,1.6671275377030237,2.2424351101281204,-6.523073875177217,-5.766468524932861
p105_00345.wav,2.04195499420166,0.8659310490583939,2.715779814031771,1.775680617836139,2.299614589948541,-7.172351475104509,-9.73528289794922
p105_00353.wav,2.168064832687378,0.8462634071780571,3.467007743443137,2.1940399439452705,2.781572891133377,-3.4486798750606784,1.4636640548706057
p105_00354.wav,2.279592752456665,0.6252966947162137,3.5459893675142307,2.502433203750912,2.871427298200109,0.8541331343747117,0.8654511570930481
p105_00368.wav,2.7281644344329834,0.8709336302654844,4.069213950331599,2.8391538822450597,3.3856354559526327,1.5902623626116452,6.203221321105957
p105_00377.wav,1.904597520828247,0.8369562039129804,3.568843428843214,2.8101013068915925,2.7249064406100527,7.1965435986989705,8.84731674194336
p105_00383.wav,3.480146646499634,0.7499813694620092,4.564189210556988,3.482184235113111,4.016121232145062,5.894368998479788,14.204673767089844
p105_00385.wav,1.952577352523804,0.7133913814887478,3.1229232966983376,2.196853251558634,2.4908521940703263,-1.2975880698432647,3.712703704833984
p105_00389.wav,1.6878554821014404,0.7442933599023774,2.948248688957769,1.8887783593620475,2.265254927841562,-3.9584464974299247,3.0751702785491943
p105_00393.wav,2.465113401412964,0.8764432198392357,4.058539839019852,3.3041548427962297,3.2690290034308074,10.01821047746358,9.476608276367188
p105_00396.wav,1.3811553716659546,0.578798118528507,2.900490922816051,2.1403606133879087,2.0967722874259302,1.9146152174758293,3.21730375289917
p105_00413.wav,2.3149449825286865,0.8541796441186572,3.735653380628431,3.144881618855475,3.021462926390434,9.117502428484524,8.572918891906738
p105_00420.wav,2.5764732360839844,0.7181618906208729,3.878164673450952,2.951037674782916,3.212870395372895,4.565844592265524,8.135563850402832
p105_00427.wav,3.4182891845703125,0.7522753030651284,4.35155195729973,2.667365155348703,3.856425705115598,-5.571660237640356,-2.274353265762329
p105_00451.wav,3.196999311447144,0.683415354345979,4.457582504179555,3.542881478462094,3.828681221106008,8.627945601138405,12.557479858398438
p105_00460.wav,2.285773277282715,0.8605869256326075,3.643182753206093,2.854415472540607,2.9506328993907056,5.172761423966524,6.38040018081665
p105_00467.wav,2.1482980251312256,0.9204493341714516,3.694244253649191,2.656135474307036,2.918132246841372,2.561280566026918,8.071898460388184
p105_00488.wav,3.5938754081726074,0.6934271826432259,4.623726544843022,3.5760466022196584,4.10653784633891,6.373158491622878,10.00644588470459
p105_00490.wav,2.2048957347869877,0.8724531994821136,3.635845368441476,2.91199526380454,2.907932248095893,6.621478934726196,8.826221466064453
p105_00514.wav,1.9317750930786133,0.7245514151234701,3.5244487352383524,2.7441947121737598,2.7168742084925466,5.929507591424926,7.57264232635498
p105_00523.wav,2.172821521759033,0.8428698707653348,3.4381493669760257,2.333884453890004,2.7811028892343868,-1.771127866017962,3.843743562698364
p105_00527.wav,1.972625970840454,0.6189952288025141,3.60660574827266,2.7080776498891703,2.7718845446830738,5.332517380837907,6.450525283813477
p105_00530.wav,1.5699121952056885,0.617312375521265,2.7350298714187944,1.408239950191022,2.0537043560433963,-8.668770785421161,-14.700955390930176
p105_00536.wav,2.062044858932495,0.8604583483608907,3.457262606688353,2.0277524683899792,2.7180755037132056,-5.058522856141186,0.5178298950195312
p105_00547.wav,1.3479652404785156,0.794346484717121,2.5007298938019256,1.499040206344803,1.850776973433107,-6.677106366034495,-10.690250396728516
p105_00549.wav,3.479506492614746,0.9578626907325164,4.837189597163775,4.017617219188127,4.184310509371417,12.95850491708094,15.532424926757812
p105_00553.wav,3.224570274353028,0.9280881699669212,4.46642838849768,3.51336863802358,3.8531213937927538,7.680817789714947,10.878850936889648
p105_00574.wav,2.337937355041504,0.842783691953961,3.647574530585159,2.6571263443796056,2.9811912902123803,1.555869230362453,3.940817356109619
p105_00582.wav,2.3076603412628174,0.8780686261001093,3.9918722719820847,3.04752300068664,3.1521909697432315,7.322527855411405,6.245030879974365
p105_00585.wav,3.4869942665100098,0.9520208586514136,4.6120173413292775,3.7326317666224336,4.067813012950882,8.741139077538982,13.782331466674805
p105_00587.wav,2.78125262260437,0.8325155204144453,3.9748829110165422,3.033608869897913,3.370477178341623,4.055062832191429,6.567654132843018
p105_00593.wav,1.7211462259292605,0.7150045651214653,3.392990796577446,1.9025782279255528,2.5276744305914733,-5.06343035809265,-11.553863525390623
p105_00599.wav,1.09892475605011,0.6895343247124596,2.1564500701895746,1.2317119193278805,1.5245068010920824,-7.7439025460318,-14.972976684570312
p105_00606.wav,1.9663324356079104,0.7914715339118052,3.4553948679489666,2.427440371215917,2.680309843724725,1.5054651067029556,4.873950958251953
p105_00619.wav,2.3677332401275635,0.6855729521959051,3.617140737502309,2.1138564997316247,2.9444841281700542,-5.680525035309585,-2.695455312728882
p105_00620.wav,3.848347425460816,0.7495917749353125,4.930377667159186,3.981406676491012,4.394185536905795,10.587323204075537,16.116954803466797
p105_00632.wav,2.5329301357269287,0.7578994347329115,3.8628659412048183,2.916509945595342,3.183548107697758,4.33592694717272,2.064619779586792
p105_00645.wav,2.3811988830566406,0.6680031479494264,3.6487521817505377,2.535234373627965,2.9931152897476685,-0.2442103351561114,4.78796911239624
p105_00646.wav,2.8311190605163574,0.8604162120760991,4.269602769816091,3.3941916804151955,3.553931814371563,8.887843486165394,7.292309284210205
p105_00653.wav,3.359266519546509,0.7355044449853502,4.407506608035877,2.897510294188769,3.86439112350938,-1.9081770856226252,-0.8547043204307556
p105_00654.wav,3.331770896911621,0.8215268177286988,4.382461684273595,3.443324813316852,3.8621106789994593,5.903859165892913,9.004676818847656
p105_00655.wav,2.3917531967163086,0.7573650234740016,3.558637046557345,2.603554583175287,2.947318957044927,1.0371697428868794,9.19858741760254
p105_00656.wav,2.1559877395629883,0.71928816711352,3.35853652034174,2.02041430539763,2.707449134704548,-5.493839950640391,-10.044851303100586
p105_00657.wav,3.276693820953369,0.765439818940264,4.36349670950405,3.5176970906031126,3.821797031872468,7.63730954664801,7.339824676513672
p105_00658.wav,3.1040244102478027,0.8012010749270726,4.386850118581024,3.197608959638298,3.746488205302621,3.855043289822748,1.375957489013672
p105_00659.wav,3.507246732711792,0.908170473815656,4.718588720127682,3.4024397160524757,4.127802426245848,3.49014902214516,6.1361494064331055
p105_00660.wav,2.211578130722046,0.8003419874141735,3.5549480734814862,2.540380127948118,2.8708531656717446,0.6809961305622233,6.202578544616699
p105_00661.wav,3.5134313106536865,0.8138542858427403,4.754094978564363,3.762913841149881,4.141516303579778,9.476797648149352,10.015146255493164
p105_00675.wav,2.597578287124634,0.7792085067314968,3.879051130671403,2.493260157552132,3.218143607485536,-2.6039436848315347,4.521507740020752
p105_00692.wav,1.82634711265564,0.8108782622658789,3.190266018935469,2.2871496119694434,2.4709964532211983,0.636173094676228,3.441689968109131
p105_00695.wav,3.4109303951263428,0.7972399493191206,4.47207187818116,2.9053549613951386,3.9203501523236426,-2.0762862685614745,1.9882868528366089
p105_00696.wav,3.3966410160064697,0.8781152367973512,4.636573041952993,3.682943796675173,4.027533548664885,8.940771280769422,7.006683826446533
p105_00717.wav,2.9854495525360107,0.8761962613925375,4.169711971190097,3.3303783235642275,3.5764626218116797,6.955028937392123,11.351173400878906
p105_00719.wav,1.3947021961212158,0.7929924756934718,3.103420822820248,2.1201808149543053,2.212777941654942,1.130538415960888,3.207352638244629
p105_00733.wav,1.8619251251220703,0.7601331434827292,3.1859343207184447,2.236087263874163,2.479077536452729,-0.10373806732386,2.4393091201782227
p105_00735.wav,3.3981401920318604,0.8280888273039878,4.5052583393733325,3.1853716308155766,3.947615462803958,1.707151147785294,8.27507495880127
p105_00745.wav,2.382668256759644,0.6545628615905109,3.776043310378528,2.7945957401094383,3.0593384293372776,3.766987935794426,8.383583068847656
p105_00746.wav,3.0495293140411377,0.7211488992409598,4.379550145510628,3.3642660082775886,3.712951704461039,7.018994835642477,9.215350151062012
p105_00757.wav,3.05999493598938,0.7153948389342153,4.273736083867715,3.2711301577396927,3.654300836351561,5.958479383350511,9.630842208862305
p105_00762.wav,2.548657178878784,0.8880124180503846,3.911697976685998,2.74795924075634,3.217871776577897,1.449343833880053,4.868906021118164
p105_00770.wav,3.4147868156433105,0.9440669874322823,4.591528124573054,3.7166846170745567,4.018153114542916,9.168171509072923,11.162796020507812
p105_00773.wav,3.2321250438690186,0.6918427360162671,4.23265264559503,2.755301098616114,3.7131607253017775,-3.1996492880369023,1.7819504737854004
p105_00777.wav,1.085471749305725,0.7778673384490735,2.8143430093489434,1.7987986147512998,1.910659107992769,-1.530621068275393,-0.7252505421638489
p105_00780.wav,3.5732638835906982,0.9568271556599725,4.689418333336136,3.8235719837261137,4.15336385359669,9.37696440752999,14.68515968322754
p105_00784.wav,3.161252975463867,0.9134303953487748,4.30758744044025,3.1927728935740425,3.739086506059059,3.205784140554743,9.986468315124512
p105_00789.wav,2.423752784729004,0.9221702496225976,3.318290953598197,2.181396416847199,2.8275788241602133,-5.187953987677953,-4.1134843826293945
p105_00801.wav,2.8211891651153564,0.7227525896338614,4.222337989365908,3.351385511757785,3.518744091067573,8.576975153153985,7.011286735534668
p105_00802.wav,1.4886319637298584,0.6659097443530627,2.6457002770407456,1.434775722026115,1.981767280033843,-8.228063359636442,-3.882345676422119
p105_00807.wav,3.2800421714782715,0.6578328312343236,4.579222735451396,3.108440688635306,3.926177950128804,1.3205921945307322,1.2807433605194092
p105_00811.wav,2.728459358215332,0.849434909347026,4.168842831567401,3.2998180825222323,3.4541193861237334,8.073491099183451,6.27708911895752
p105_00820.wav,1.605395793914795,0.8037236521864989,2.910107404272141,1.9723870919572712,2.214808778201523,-2.453805939462574,1.6280723810195925
p105_00821.wav,1.4500974416732788,0.725522876996759,3.242649766767125,2.1252650792590666,2.321884325031622,0.2685093735499243,1.2206556797027588
p105_00822.wav,2.889021158218384,0.868838012572189,4.0854874168521205,3.126093608413533,3.471951286915979,5.056939329690987,12.55207633972168
p105_00837.wav,1.2997944355010986,0.6410488889821955,2.659592853630582,1.9560099059419696,1.9279319346353772,-0.0465549728298495,1.08553147315979
p105_00839.wav,1.2667523622512815,0.8982378315276609,3.175626680266822,1.88656362824418,2.197382632854624,-2.1923067398406486,-1.3751380443572998
p105_00847.wav,1.591623067855835,0.7210087115883688,2.873172233202225,1.8511773554631497,2.179930833502404,-3.852712771414518,0.3711462616920471
p105_00849.wav,2.8280680179595947,0.8787926214622873,4.161903584340377,2.9341026099105454,3.4863149811013905,2.158211598440056,3.0390119552612305
p105_00851.wav,3.356438398361206,0.898455694643595,4.607632365264254,3.823919822189091,3.9995021842345135,11.189659889738094,15.017037391662598
p105_00857.wav,2.871287107467652,0.7378223353521838,4.216721293569479,3.335858108004963,3.537523010122324,8.114480116891198,7.375072479248047
p105_00863.wav,1.1478372812271118,0.8615349482068414,3.3980212145733315,2.578608606218732,2.2794638488951176,8.308141380542223,0.3084975779056549
p105_00873.wav,2.1109251976013184,0.6783576190449833,3.39597044773368,2.112167217449405,2.70838177517734,-3.918552283067864,-3.2384111881256104
p105_00876.wav,3.569088935852051,0.94989933430121,4.879377824033875,3.8869480649362496,4.24855148679693,10.292231786478771,12.989450454711914
p105_00884.wav,2.709112405776977,0.8196341509535685,3.9651320956492935,2.4298739110313208,3.3050156932714745,-3.9152681382225714,-1.813462734222412
p106_00000.wav,3.678256511688232,0.97444589286356,4.888511655552038,3.922226427796332,4.299864027596727,10.392163915100692,15.692743301391602
p106_00005.wav,2.2874138355255127,0.7806861479439772,3.5495168106641075,2.5653540290543795,2.896636707242448,0.9341680672217992,5.538382530212402
p106_00009.wav,2.2129054069519043,0.8560831818380101,3.897223474071877,2.8758455757553154,3.0557565933678306,5.38215996268198,6.253607273101807
p106_00028.wav,2.611128330230713,0.9626539030882868,4.008670262585115,3.041690339512582,3.3107824124902336,5.059948659947561,6.398016929626465
p106_00031.wav,2.318622589111328,0.8476280205394965,3.7683062616020577,2.9342379368372398,3.034352010571266,5.975820803797538,5.124307632446289
p106_00033.wav,2.349015235900879,0.9028591301548974,3.483701002307628,2.3579091331124817,2.895948126947902,-2.867979022501032,-0.7069467306137085
p106_00039.wav,3.2916290760040283,0.9604163927133096,4.578113600557368,3.358012119637312,3.942548642963985,4.706326239681495,10.361613273620604
p106_00041.wav,2.1262331008911133,0.8613145592262411,3.2964139208979013,2.0250417776864524,2.6687643088246245,-5.51408523289096,2.626163959503174
p106_00045.wav,2.5356123447418213,0.8860315079182826,3.962267806557323,2.4946036189052974,3.2388059452357547,-2.577147496351222,0.4710777997970581
p106_00049.wav,3.273111581802368,0.8916506478632111,4.518350592846925,3.222806140509985,3.905425071197754,2.6141908170604067,-0.5890079736709595
p106_00056.wav,3.1421492099761963,0.8407943174888152,4.183263955776705,3.332293646910398,3.6567664090015377,6.041785775925599,12.725790977478027
p106_00060.wav,2.934666872024536,0.836682474413079,4.0780686889682425,2.9144548249645057,3.49797525844918,1.057575689808021,2.6196489334106445
p106_00064.wav,2.6850578784942627,0.8753867092584401,4.450402646535592,3.6766933902858776,3.584796125177097,13.834327152750394,14.637945175170898
p106_00099.wav,1.2250598669052124,0.7841097631583787,3.1681230902121684,1.9330555858581315,2.17280860831192,-1.1473810311473864,-1.4233423471450806
p106_00104.wav,3.029757022857666,0.8508657938428813,3.9866625716214417,2.8535116371599347,3.496976522731498,-0.4755074080572113,1.0780020952224731
p106_00105.wav,3.4134037494659424,0.9516899423094572,4.66619220104138,3.702460382560132,4.045628855747619,9.348380037584118,13.94477081298828
p106_00109.wav,2.2711315155029297,0.8664801672631963,3.203612895804842,2.1295350207031847,2.7044231981853133,-5.336635855960789,-5.308129787445068
p106_00123.wav,2.87829065322876,0.9485599889699255,4.175021756693663,3.0601647079069045,3.5183790788794105,3.770379392014112,-3.4471821784973145
p106_00127.wav,2.530378580093384,0.8004981483610858,3.3580387174355524,2.572532214326305,2.896636023132272,0.4125643066739961,6.614059448242188
p106_00129.wav,2.579904556274414,0.881510492458271,3.449672050110481,2.4776432863093185,2.989994675828972,-2.471974303498416,3.4246788024902344
p106_00146.wav,3.1920650005340576,0.8665308354411054,4.414316765970222,3.3984739388190937,3.7988996579057375,6.627075862023139,10.11922836303711
p106_00149.wav,2.1821155548095703,0.8736577735857548,4.0998727724869735,3.4076406559354635,3.1533250686013177,13.51574311712102,10.076719284057615
p106_00152.wav,2.6917436122894287,0.8540902393320216,3.939135216066964,2.9734506396553577,3.3108798732713765,3.630003055097924,4.747556209564209
p106_00155.wav,1.5059666633605957,0.6910014394767864,2.8994484856339886,1.82334088778594,2.159083668719345,-4.055821478991209,-3.526945114135742
p106_00157.wav,3.435144186019897,0.8397218497022348,4.286077234384998,3.18440099066368,3.8385364032730895,2.2351855749846736,8.734432220458984
p106_00165.wav,3.224686861038208,0.9351051320994964,4.452949643162512,3.332233825464121,3.8374139810923538,5.203937788210706,9.827095985412598
p106_00169.wav,1.679476022720337,0.8463114147240353,3.6354388469294943,2.8807997294645924,2.6541447645615563,9.595868304152342,8.499744415283203
p106_00171.wav,1.7904353141784668,0.8761095605012201,3.103201856620084,1.8185901677629672,2.403050423356448,-6.242805186228806,0.179631769657135
p106_00178.wav,2.6047253608703613,0.9312280148487408,4.231238856239638,3.115211997574165,3.419964451380177,6.201884249653575,9.31856918334961
p106_00187.wav,3.129333734512329,0.9579320261327532,4.584585454885787,3.8270907011881183,3.87651125804536,12.824032772182075,14.692286491394045
p106_00195.wav,3.14443588256836,0.9198306054985564,4.414752466657068,3.370986689786005,3.784843685946282,6.121324947635389,-5.494341850280762
p106_00196.wav,1.5815733671188354,0.746370992957116,2.523285827349318,1.6728100388296168,1.9740442587824167,-5.430488854194902,0.1644800454378128
p106_00198.wav,2.341835021972656,0.8920548184883715,3.4412401064511275,2.5099986874769025,2.8638787089853657,-0.0770279070126429,8.158123016357422
p106_00199.wav,2.1058292388916016,0.8967723014411142,3.5165087363212564,2.195357991717032,2.796332616748148,-3.9053088065007455,2.00557017326355
p106_00204.wav,3.408803701400757,0.9078301347841804,4.319160556409514,3.013342521182484,3.852769248228437,-0.7680230004934521,3.064128398895264
p106_00207.wav,3.1568474769592285,0.867851282732007,4.290779262042919,3.510011451747528,3.7312389027078,8.154008758812942,10.832372665405272
p106_00208.wav,3.188213586807251,0.9642261986419236,4.498163800970807,3.4213669432310643,3.854705596408341,6.31336923640959,8.967971801757812
p106_00211.wav,3.0987887382507324,0.919167081662812,4.33051787450218,3.0752700074072674,3.709589664098779,2.2271674133813715,5.505187511444092
p106_00220.wav,2.0193676948547363,0.6901706972217476,3.077098305287483,2.152080654208372,2.480978739448416,-1.5986342411243617,2.831538677215576
p106_00223.wav,3.548736095428467,0.9499802622547202,4.8866127691289885,3.7441418504881865,4.243138377978645,8.124178282600646,10.451286315917969
p106_00228.wav,2.132449150085449,0.8456785849536634,3.1189429031542413,1.8677436721153575,2.572722418628939,-7.578837475060887,-9.86242961883545
p106_00240.wav,1.718520164489746,0.7657249531139649,2.759346205389242,1.614814253595698,2.1693076417303105,-7.771373174112638,-2.612003326416016
p106_00251.wav,1.4957408905029297,0.726715138751769,2.5849132554584267,2.1979667487064845,1.9586827136290597,3.674785300246695,6.637108325958252
p106_00253.wav,2.3572468757629395,0.8289590174037986,3.442218774961798,2.464296438160044,2.874914884982142,-1.041296290943751,4.542015552520752
p106_00277.wav,2.084424495697021,0.8394638309934388,3.3825375109740463,2.397867883180545,2.7117548095749844,-0.2152441593982182,4.962794303894043
p106_00283.wav,3.3577911853790283,0.854955015149681,4.474896246513524,3.393310301772241,3.918154319186133,5.04862645230455,9.523244857788086
p106_00287.wav,3.407255887985229,0.9680632362025894,4.691259239416021,3.8030161603167807,4.059430316265057,10.795822117729,14.007631301879885
p106_00291.wav,3.300459861755371,0.8457555110835354,4.47280563542503,3.6564010864421,3.890767551941342,9.54494088800206,11.999835968017578
p106_00293.wav,3.4665658473968506,0.9428454627439532,4.841506096282528,3.8614396605045234,4.176912046755856,10.710371265462108,11.061691284179688
p106_00335.wav,1.2575926780700684,0.7815640549602743,3.2335636427115197,2.144091381248898,2.227431089267468,1.7073607794946686,-1.3187265396118164
p106_00338.wav,2.0499088764190674,0.8808638728863541,3.2438406428056927,2.0952140986700685,2.6209815846355897,-4.566502517625783,-3.162296295166016
p106_00339.wav,2.156156063079834,0.7939033921297062,3.0023360956702887,1.9130937257885396,2.5313247689059013,-7.243798494446205,-4.580843925476074
p106_00341.wav,2.9556691646575928,0.9304365886373692,4.69304345655378,3.5916153187843958,3.85587213523163,9.827244180064676,9.703157424926758
p106_00342.wav,1.7842986583709717,0.8539809928342619,3.2090614869161955,2.312595923085408,2.471137401607048,0.8294441566575271,5.1189165115356445
p106_00351.wav,3.4376473426818848,0.9542135573451735,4.822101537115748,4.159743334804286,4.155224999286654,15.551491202417992,16.286014556884766
p106_00352.wav,2.6051347255706787,0.8819338301261151,3.7720273610598776,2.8005017010717284,3.181774131911653,1.6398684071832632,4.205628871917725
p106_00374.wav,3.478232383728028,0.9228005813254004,4.743741638246873,3.992622951717011,4.128175794163942,12.967722234181958,17.362531661987305
p106_00388.wav,3.308755874633789,0.880648822945122,4.28257687088513,3.2229458663110613,3.7775651682050326,3.603630706990141,11.048280715942385
p106_00399.wav,3.37467098236084,0.8588573164030785,4.674325558930376,3.4441050870919443,4.03620630508157,5.273093903367597,2.980835437774658
p106_00414.wav,2.522733211517334,0.9031773626158978,3.639661074453445,2.3969277499186123,3.06142452359533,-3.573461634720346,2.161730527877808
p106_00416.wav,2.270643949508667,0.9045348249148588,3.490943922888844,2.577896855858734,2.8643175158188363,1.02728725238187,2.371199131011963
p106_00419.wav,3.331298589706421,0.7905714002800943,4.4017233238727735,3.5510524094846017,3.859359538696341,8.150372552689364,15.44089412689209
p106_00421.wav,1.8135725259780884,0.8607961365187925,3.845277093128232,3.209232054995596,2.8390912979790768,13.22667165030447,10.056404113769531
p106_00424.wav,2.8422787189483643,0.8816767869028478,4.198707324786234,2.798350123271568,3.515162129141835,-0.2523957545800079,5.4998626708984375
p106_00426.wav,3.3545584678649902,0.9659624347449454,4.768124292595244,3.797524830895968,4.092722058854587,10.154331824231038,4.696810722351074
p106_00429.wav,2.577458143234253,0.9126459505741098,3.699608668384984,2.9422252134116067,3.137365683550344,3.852678598447708,1.1438390016555786
p106_00432.wav,1.927961826324463,0.8548646443300376,3.071281650577764,2.125122790335987,2.473865485170914,-3.1807500735984062,-2.716569662094116
p106_00435.wav,2.030768632888794,0.8577017283202255,3.2155031059215693,2.2387095846890133,2.5821978289340533,-1.481864194731523,4.52812385559082
p106_00457.wav,1.4800527095794678,0.7827267638248038,2.6700345194487065,1.7843643460726908,2.0142056090506544,-3.7005537456977056,0.2173397243022918
p106_00458.wav,2.745086193084717,0.8546194639069172,4.2182972831828165,3.310730610446374,3.48352614231781,8.279002178022791,11.86492919921875
p106_00462.wav,3.3571155071258545,0.8556672050739297,4.383443871148852,3.0297173085616684,3.872068903179436,-0.706980365693069,-6.142063617706299
p106_00471.wav,2.620156526565552,0.7616217169927255,3.74835221211426,2.8013771782190298,3.14716086959135,2.8800097452220275,8.713552474975586
p106_00502.wav,3.3652076721191406,0.9314068149310926,4.311990812883127,2.965551219070101,3.821224825062516,-0.9331365172552776,3.857135772705078
p106_00512.wav,3.715891122817993,0.960897518863418,4.927160312303567,4.126479622085627,4.344055491499874,13.08627861109136,1.1568872928619385
p106_00521.wav,2.476922512054444,0.8951021927423857,3.921815208980755,3.1750129748062585,3.200886520229972,8.146422773820273,11.664480209350586
p106_00524.wav,2.2486531734466557,0.9214979410874709,3.206002419397876,2.505625249933402,2.7135981747692943,-0.0483613385259719,3.0074028968811035
p106_00538.wav,3.11773943901062,0.9019937440332516,4.424727711427499,3.681154554598978,3.7795849514241073,11.10360528148507,15.488019943237305
p106_00546.wav,3.016160011291504,0.9068037729980902,4.409071262594527,3.147206719566034,3.719277277718908,3.452859788649845,5.900145530700684
p106_00548.wav,3.108631134033203,0.9271390907046956,3.778355167338761,2.698492041597208,3.4297095473529438,-3.3826604422148328,-1.8519903421401975
p106_00556.wav,1.862356424331665,0.8528762970545425,2.79634809680974,1.768678659784941,2.2817696237766203,-7.364096499534141,-10.42237663269043
p106_00557.wav,3.028269529342652,0.926491585541929,4.166521481840649,2.994627043723374,3.5983679983170367,1.2183526544633965,1.6161384582519531
p106_00558.wav,2.0172197818756104,0.902859523181806,3.2694670394362904,2.284614014685828,2.629074290883336,-1.834171905284156,-4.036182403564453
p106_00559.wav,2.194420576095581,0.896237359021632,3.338676904140266,2.1101395157621994,2.738682233015482,-5.31764085691329,-5.1300578117370605
p106_00560.wav,2.954949855804444,0.9476479028975918,4.34533464461349,3.6529221494877824,3.6692183056472256,11.39097357783913,12.150983810424805
p106_00561.wav,1.5197577476501465,0.8330679871097325,2.812839069058343,1.9921032299359172,2.133376543507337,-1.9409255954127131,1.5652778148651123
p106_00562.wav,3.690802812576294,0.9067106179890818,4.776561613309933,4.088369817740242,4.262514404223358,12.404667334922513,14.288592338562012
p106_00563.wav,3.296527862548828,0.9550106080799003,4.589157094546091,3.955156143148115,3.966269914787228,13.453587295738991,14.449711799621582
p106_00564.wav,3.215014934539795,0.973888295565899,4.761386464917222,3.79485123950952,4.022980069244868,10.991105048880655,9.964396476745604
p106_00565.wav,3.2957375049591064,0.9475669491131148,4.520558974362607,3.700485603227016,3.9228729593961913,9.807798293009624,12.861801147460938
p106_00566.wav,1.7135636806488037,0.7683498043602233,2.9072500595850035,2.324214199431905,2.2938559684400963,1.1712130718938285,6.038365364074707
p106_00567.wav,1.7185664176940918,0.8797651944931284,2.917611995385556,1.8482858981208607,2.283142228996708,-5.610662167345507,-7.111898422241211
p106_00568.wav,3.0889573097229004,0.9622111114499586,4.488571780468751,3.893438504189149,3.806772279180464,14.25298986032497,16.09436798095703
p106_00569.wav,1.9414693117141724,0.9117642320171911,3.3810363262938665,2.840157337259764,2.6583806816785445,7.028063600243461,6.461945056915283
p106_00570.wav,2.4297354221343994,0.9352042241029106,3.799834195209753,3.18508732087246,3.117518789339199,8.613500623510662,11.090517044067385
p106_00571.wav,2.500321626663208,0.907750105389719,3.657226578111577,2.90441629167258,3.0715165810509126,4.093768794477218,8.347122192382812
p106_00572.wav,2.3548824787139893,0.8257478009410228,3.446893534243009,2.4044857884837683,2.8558922569018894,-1.0847340420768004,9.668176651000977
p106_00579.wav,3.20990252494812,0.776219157967169,4.3047305277401895,3.524646576384251,3.7427514619871753,8.962765960631383,16.088571548461914
p106_00586.wav,1.3274312019348145,0.7364333242052574,2.67196141963338,1.5391619188426824,1.946410438853273,-6.801003303338305,-14.510934829711914
p106_00589.wav,1.446014165878296,0.6909320365062749,3.1690822101818417,2.182985437447777,2.270566012868694,1.7730938759115074,3.6400649547576895
p106_00592.wav,2.483473062515259,0.9104839361455046,3.6469346075782663,2.9648991697606677,3.0578907002304594,5.181515892212306,8.412540435791016
p106_00611.wav,2.54117751121521,0.6734329338405987,3.495448898680661,2.198476894112756,2.983414036756182,-6.177484003865606,0.3673140406608581
p106_00614.wav,1.4031386375427246,0.7569514440218587,2.287840848374109,1.351427498608929,1.751186873560572,-8.49047948119785,-10.951539993286133
p106_00615.wav,2.244934558868408,0.9011293090030597,3.634116783136644,2.4844755545946047,2.9324692802632453,-0.696513310542264,1.6649900674819946
p106_00617.wav,3.4418623447418213,0.8225660877555321,4.577282477217835,3.6351186322602262,4.0000235893275535,8.756897707551818,16.436492919921875
p106_00630.wav,2.8985273838043213,0.8511941829793904,4.154243629005967,3.258895470596486,3.5239070918683666,6.522458851154306,11.600838661193848
p106_00635.wav,3.155979871749878,0.9214930231672916,4.095373210120719,2.917278744036152,3.61604138647933,-0.4754586501564809,1.5170555114746094
p106_00636.wav,3.0240817070007324,0.9063258331640336,4.222694666980408,3.3887932329673447,3.6302013298835663,7.2424703093649905,13.115391731262209
p106_00638.wav,2.8687634468078613,0.9328318271573028,4.200945358886493,3.5487543845369904,3.54650507652578,10.7151971231566,13.082883834838867
p106_00643.wav,3.0606942176818848,0.9158876571116116,4.198825666995837,3.252007734824312,3.628441641061403,5.162309933941075,9.056907653808594
p106_00649.wav,1.5827903747558594,0.737575804609202,2.501668196488484,1.8893589379419675,1.926723233634411,-0.3643535100457177,3.3810389041900635
p106_00651.wav,1.3747947216033936,0.7559795552141688,3.1625373274295456,2.479580603240676,2.2366555878064207,6.787387838680373,9.735437393188477
p106_00668.wav,2.0521085262298584,0.8657402788949405,3.8519299461285934,2.92806348540737,2.949842324975046,7.527111858466307,9.174882888793944
p106_00681.wav,1.2488514184951782,0.7831896689081883,3.2489975361208785,1.9916537314716731,2.22077364513329,-0.2087695769914077,1.9777805805206297
p106_00685.wav,3.6752078533172607,0.9643745434607504,4.9145902589564,3.932930748806717,4.3060836797841375,10.815053397039872,16.96824073791504
p106_00687.wav,2.6922919750213623,0.9343293204782428,3.841857947258206,2.872203678840667,3.253670301869787,2.4189885457549303,7.689611434936523
p106_00689.wav,2.247394323348999,0.8792202030472916,3.1804662314140413,2.22658382644861,2.6817605540726053,-3.653126842590375,-0.6971282958984375
p106_00694.wav,2.557084321975708,0.8617111740608109,3.865563682025006,2.612508975977286,3.1924107364899896,-0.4666989480274786,4.004917144775391
p106_00700.wav,3.493471145629883,0.962027422461441,4.928951881767572,4.403331447208151,4.242554492039545,18.731170684868378,20.070030212402344
p106_00702.wav,3.2499887943267822,0.988576703514624,4.67840178024888,3.291354967141056,3.976446739237969,3.7428366459336617,-2.3540546894073486
p106_00704.wav,2.992738723754883,0.961895488334653,4.584940313105991,3.789736606007012,3.819334908718604,12.75540884795562,4.365230083465576
p106_00709.wav,2.0341382026672363,0.8442649296491699,3.136880944468251,2.196777411608597,2.5456351075834998,-2.2107272125751565,3.7691762447357178
p106_00710.wav,2.638050079345703,0.7625825289869017,3.3168945145084647,2.37773503032331,2.93992377556035,-3.910085725564313,-1.7973206043243408
p106_00720.wav,1.7373428344726562,0.7193386415712772,2.9741917518828136,1.828115521208778,2.308430823222221,-5.529368557057769,-7.045191764831543
p106_00724.wav,2.863738775253296,0.9140420316552356,3.9640886224799594,2.522005108892268,3.3994457809920893,-4.369270607457711,-5.6432952880859375
p106_00726.wav,1.706755757331848,0.8705154904871693,3.027922078123708,2.1544679240427613,2.3189032604849693,-0.0811116442412715,2.1690990924835205
p106_00728.wav,1.4383137226104736,0.861698295243202,3.108414795369259,2.3105752537124693,2.2593210946286675,2.850892291996678,3.3326778411865234
p106_00729.wav,1.7656689882278442,0.8125208861122236,2.625515854320189,1.626280114820213,2.1247891084054933,-7.870576606795036,-10.724796295166016
p106_00737.wav,1.7221016883850098,0.8798836404897172,2.8932681211417743,2.1730801691050186,2.284074747428176,-0.978131465362807,3.264554977416992
p106_00742.wav,1.972554445266724,0.8849556716327592,3.511062556449517,2.241760726873308,2.713029127216522,-1.571816833277785,4.415098667144775
p106_00743.wav,2.658390522003174,0.9015083473160496,3.883563406201632,3.0310182576130686,3.263103237580909,4.94150719559685,8.38798999786377
p106_00744.wav,3.1093404293060303,0.9308769060117518,4.529799639529483,3.6662807365469727,3.8310913544128433,10.778489338965636,13.02761173248291
p106_00754.wav,2.669722080230713,0.9280643783600052,4.052318970962164,2.831518395503208,3.354269092323811,1.6238341952964312,-0.450186550617218
p106_00756.wav,1.896862506866455,0.8444277102904301,3.0795248820277945,2.0865815476740166,2.4338666330010854,-2.3054376483147947,5.583756446838379
p106_00758.wav,2.7321159839630127,0.8991862139963952,3.848078716787756,2.9971058430637174,3.267985872209069,4.49106608377185,11.660136222839355
p106_00760.wav,3.218099355697632,0.9097631195290172,4.402160715978635,3.5608856556816937,3.8198122757797415,8.398847326188216,13.42784023284912
p106_00774.wav,2.6835031509399414,0.9095844181334564,4.508562422515372,3.772093730549984,3.620206728332216,15.0406732528073,14.902299880981444
p106_00776.wav,2.433935165405273,0.874930835513568,3.3684298994880644,2.5206725042972287,2.8850068845853976,-1.084392318836336,3.674391746520996
p106_00781.wav,2.8447253704071045,0.925725060910668,4.040507914622937,3.0897875235183734,3.4362035886632123,4.420179702321615,9.482572555541992
p106_00813.wav,3.832321405410767,0.8270364870329829,4.7185442236070125,3.77770229595913,4.274387179711447,7.7532504968831395,9.283157348632812
p106_00817.wav,2.2671942710876465,0.8551874210795419,3.4127275125422063,2.430130814995168,2.805736501376116,-0.5024544105526144,8.297861099243164
p106_00826.wav,1.7888822555541992,0.739079700997986,3.0334783977090423,2.1264908420375805,2.3760941262760755,-1.7191049834418737,5.858917713165283
p106_00831.wav,2.902573347091675,0.9035589764069688,4.350342458986855,3.186826781081163,3.639435638218748,4.646723568043481,-0.4348400235176086
p106_00836.wav,1.7203264236450195,0.6730778812266289,2.612615459454317,2.141339549038749,2.0804295250521867,1.3118366638025485,8.12231159210205
p106_00841.wav,2.5835869312286377,0.944582406391692,3.9894251355625983,3.214802736483393,3.2980880034359874,7.541382910710447,9.53813934326172
p106_00842.wav,2.567734241485596,0.8557383734953272,3.847984930130728,2.6928912204522018,3.173797851893525,1.4000446486246656,8.476822853088379
p106_00843.wav,3.004584312438965,0.9172265393504696,4.08944039470095,3.2426856884655257,3.545456759415125,5.449953335971922,9.355107307434082
p106_00848.wav,1.372406005859375,0.597955818874915,2.248183322262573,1.3376725510221146,1.705556378724807,-8.01833713613648,-14.368268013000488
p106_00852.wav,2.8572661876678467,0.9160796082099284,4.02698599240323,3.0570650712628287,3.4409611615130102,3.578587907344661,6.086530685424805
p106_00867.wav,2.357153415679932,0.8588921133360953,3.4958895569628927,2.4134492195792574,2.892740722786432,-1.4585576256830832,3.987562656402588
p106_00869.wav,3.073152542114258,0.857412938706625,4.251961479534756,3.521216523017355,3.6687211281662457,9.008309164298383,12.296639442443848
p106_00878.wav,1.7711188793182373,0.8845208115181301,2.92831363320252,1.8382738177354685,2.30632093859811,-5.7857387714485045,-6.261563301086426
p107_00001.wav,2.323500394821167,0.8677254008291464,3.07200532464139,2.294225186009794,2.663725881763499,-3.046806699721855,0.9265474081039428
p107_00003.wav,2.2918286323547363,0.8919123350962375,3.373558369399661,2.969209565705968,2.8090011192196496,7.412993792345402,7.804081916809082
p107_00006.wav,3.1410958766937256,0.9197225064901506,3.922806938937774,3.0812485446329334,3.519647032185578,2.372985564325255,6.133023262023926
p107_00016.wav,2.001625299453736,0.894858362702081,2.780468361799362,1.6809734550796511,2.2810981435986664,-7.032960821170137,-8.390170097351074
p107_00017.wav,1.887885332107544,0.804856480342611,3.062440741904891,1.9390789795375505,2.4301105573530006,-4.9874003841858645,2.7988619804382324
p107_00026.wav,2.650931596755981,0.9174525204548976,3.7886037791205673,3.0803304352654584,3.2236749068931423,5.270308713399034,10.497053146362305
p107_00044.wav,3.40537428855896,0.9497521035548636,4.335398016196993,3.2910657592103294,3.876743799613382,2.889672607523892,6.177493095397949
p107_00054.wav,1.906380653381348,0.6976321939623729,3.024216286846423,2.3331064087695013,2.43071476776583,0.6735664972089576,4.056667327880859
p107_00058.wav,3.1332037448883057,0.8875273471032348,4.004047314051492,2.9988044896891672,3.5546715064945835,1.1864890269457586,3.844884634017944
p107_00062.wav,2.955836772918701,0.9271117045011076,3.875547763987114,3.301669128848602,3.4142775642309906,6.762085310680631,12.456586837768556
p107_00065.wav,1.4128141403198242,0.7762573485255967,2.7552604835170915,1.8195129038680715,2.0363720134728656,-3.236689873163633,0.5762038826942444
p107_00068.wav,1.973482370376587,0.8274490194086693,3.0201035206401787,2.271685952747572,2.4557179631203447,-0.5093634469049392,5.932519912719727
p107_00073.wav,2.946049690246582,0.9469100176208276,4.006193988926853,3.238005528585425,3.4779400849195987,5.667242924633684,11.958219528198242
p107_00075.wav,2.84317946434021,0.915558304754585,4.034178710128722,3.211689253886038,3.432412340587597,6.360750223723133,9.5498046875
p107_00078.wav,2.014370441436768,0.8861037901408639,2.87492716506313,1.8550029683570712,2.363786253979748,-5.656120679415369,-8.219100952148438
p107_00089.wav,2.55436110496521,0.9484845776770784,3.7827759830869545,2.599913377181668,3.154694437457007,-0.8597217990248208,1.1407278776168823
p107_00092.wav,2.5235531330108643,0.9024030393483788,3.289443830129375,2.089973527537353,2.8449407746377045,-6.573291195252056,-5.709391117095947
p107_00097.wav,3.578723430633545,0.9813019479018816,4.337927494750302,2.971113544035666,3.928698782909812,-1.88109951651492,-6.959336280822754
p107_00098.wav,2.163951873779297,0.9471138648590272,3.1478770682275616,2.235110849714229,2.618771545995222,-2.6803244196351126,-2.990761995315552
p107_00103.wav,1.7477203607559204,0.835893377816046,2.886739833937611,2.049439957680391,2.2776478126041164,-2.425030732700415,3.1683554649353027
p107_00110.wav,1.9030234813690183,0.8667066412777193,3.159331374384649,2.438078011665596,2.499789171533373,2.2092682747756,6.475498676300049
p107_00111.wav,1.9687621593475344,0.8243893556853343,2.909694922637376,1.9082148127881624,2.3760922525216657,-5.260145977167974,-4.888851165771484
p107_00121.wav,1.6909489631652832,0.8515969157437372,2.265947015453385,1.3891237507012262,1.8211634680829327,-7.235612618510296,-6.686030387878418
p107_00126.wav,2.3774209022521973,0.8888031994696911,3.1707043389088634,2.168322312477119,2.7137667632096214,-4.295763048876205,-0.012728126719594
p107_00130.wav,2.3913865089416504,0.8694235446052138,3.86372535102204,3.2573156859129355,3.123002108746365,10.356813174439946,7.123852729797363
p107_00132.wav,2.7827725410461426,0.8451528421715133,3.9011749857963847,2.938123093576843,3.3264348782670936,2.886300652000742,6.093631267547607
p107_00133.wav,3.1983532905578613,0.8472506043274707,4.082804347843851,2.944946090973384,3.6211923787044182,0.0824532187897613,4.054568767547607
p107_00134.wav,3.422780513763428,0.9342465845289214,4.581220665156535,4.017176551939079,4.017154813349227,13.873099295983527,18.641244888305664
p107_00135.wav,2.090348720550537,0.7774445035342047,3.177324424800241,2.212459478688824,2.600306844934603,-2.6598679786198325,4.369490623474121
p107_00136.wav,2.310753345489502,0.8186131618641795,3.3437480788901106,2.70334246467946,2.8104591778033723,2.752579388104193,8.602975845336914
p107_00137.wav,2.1750290393829346,0.7638349037193676,3.141216212879094,1.9997318039409795,2.6034400133053963,-5.724626721235281,-2.7520740032196045
p107_00138.wav,2.943493127822876,0.8540910162169928,3.893982498305619,2.800179183310236,3.402368177575441,-0.4501905040637202,3.2194063663482666
p107_00139.wav,2.7277989387512207,0.7688437952902836,3.7824702388914857,3.19149403440699,3.246325487002863,7.029335671983848,12.503155708312988
p107_00140.wav,1.3910027742385864,0.6586324879451448,2.3561893022559053,1.375754676143967,1.7706187025226647,-7.640037299751739,-8.878945350646973
p107_00141.wav,1.9893264770507808,0.7404611092660737,3.1893699630142747,2.297180907660394,2.560849117353386,-0.7936303329110209,2.815878391265869
p107_00142.wav,3.619889736175537,0.9432454283109049,4.797124881690761,3.6061025197801726,4.227976779884592,5.682468991785547,9.054439544677734
p107_00143.wav,2.9204354286193848,0.870111471528255,4.1214677446835655,3.514851813803165,3.524054499819506,10.181427714823212,13.587756156921388
p107_00144.wav,2.8984315395355225,0.8686242823779509,3.918512807671034,2.634828377646589,3.387289257877742,-2.533325081672037,0.1334849894046783
p107_00150.wav,1.8722102642059328,0.8331497455570964,3.0442087515293736,2.0144339107647253,2.4112719298142227,-3.5907805495508778,2.7608747482299805
p107_00159.wav,2.187081813812256,0.8987016554123616,3.0254366320315644,2.052577175789279,2.549702292047644,-4.879648546126703,-8.189350128173828
p107_00160.wav,3.344110012054444,0.9574826204588984,4.212963024551046,3.6484370422233168,3.785118926273838,9.016864503365635,13.635029792785645
p107_00167.wav,4.029712677001953,0.9856701926022622,5.0,4.070637284003938,4.618394374498905,9.529316589905877,1.6967167854309082
p107_00173.wav,3.245096445083618,0.9517775370052594,4.503940987176497,3.5427121228298875,3.891535845951637,7.577385742315788,10.613609313964844
p107_00180.wav,2.550729751586914,0.9131469699867828,3.873303646126524,3.1913455942492206,3.2169455760170225,7.716716261577094,11.284966468811035
p107_00190.wav,1.775665044784546,0.8652028977326562,3.1348372772663797,2.349524326878068,2.433097061167431,1.3378743491406386,5.360892295837402
p107_00192.wav,2.5493648052215576,0.9067832546776464,3.4713616600939714,2.687344372412928,2.9862355640689087,1.0499847061791592,5.382938861846924
p107_00214.wav,2.331246852874756,0.9148213540104302,3.4233907657591995,2.3520356870386605,2.841648122447121,-2.1514530420950213,0.6093825697898865
p107_00216.wav,1.955530405044556,0.8266147440967812,2.739343120871541,1.6705904672250416,2.242995067969206,-7.096348588600447,-10.067337989807127
p107_00237.wav,3.394174337387085,0.9423446047528696,4.489578001094007,3.917361945916573,3.956929360339486,12.513787602155295,18.943017959594727
p107_00239.wav,2.668627977371216,0.9062600168752284,3.71303174886816,3.097118466673998,3.1865243370977403,5.776324325128425,7.99977970123291
p107_00244.wav,2.226735830307007,0.8476650277859692,3.3329610932062903,2.0847042330463843,2.734475081474132,-5.18754328514922,-3.225726127624512
p107_00273.wav,2.793823719024658,0.8058878159830835,3.941572804071455,2.85471592045323,3.3463772376918213,1.7313775740248687,9.752967834472656
p107_00279.wav,1.8467708826065063,0.729206376559057,2.840851338468599,1.769285639394745,2.2847817907452668,-6.740052464441894,-1.952699422836304
p107_00280.wav,3.3150312900543213,0.9705972664346874,4.508638861991697,3.5893977524096035,3.9235939526448425,8.034280213113972,13.445127487182615
p107_00307.wav,2.8565056324005127,0.9153420527404504,3.843463279831545,2.963771956152184,3.338892244319924,2.5603809513461857,9.001049041748047
p107_00312.wav,2.6489102840423584,0.8561104820092721,3.5824678284184297,2.7805468144356134,3.100707036841782,1.3810407999418508,-0.6734110116958618
p107_00323.wav,1.9042696952819824,0.842545485961835,2.9391700354856862,2.102961399734605,2.3819430620089213,-2.7260672490598554,3.7423057556152335
p107_00324.wav,1.8057730197906492,0.8498060758295047,2.778648429516175,1.8992434674455676,2.238826576368334,-4.617197787990383,-1.3411117792129517
p107_00333.wav,3.120878219604492,0.8608970109346887,4.1149787349845495,3.678407142876163,3.615577010183861,11.541581434918216,16.480335235595703
p107_00334.wav,2.564159154891968,0.8847557943167573,3.6330877494329674,2.8928958353627965,3.1010504479552927,3.0164074562957595,-2.121868848800659
p107_00350.wav,3.313676118850708,0.9470557357631516,4.440793042386855,3.457483994120484,3.8833479028653786,6.206397105627437,12.328840255737305
p107_00355.wav,2.9846506118774414,0.916630164074446,4.00309461266132,3.360138781171657,3.4952280862023777,7.342154307937564,13.04510498046875
p107_00375.wav,1.851459503173828,0.7852504508892928,2.848273994897394,2.094536397469434,2.301384450562051,-2.077377029649885,3.71835732460022
p107_00376.wav,3.1746826171875,0.9132849289449424,4.087992695558796,3.051226598399486,3.622444107696284,1.4810012603405465,3.6446266174316406
p107_00379.wav,2.300560235977173,0.86165889277936,3.027422120896526,1.869543527298013,2.5791400581157515,-7.374712057336555,-7.049252510070801
p107_00384.wav,2.9791200160980225,0.8407302174950263,3.936171683744541,3.1914457439586226,3.4445766233981825,5.347942317157821,13.786062240600586
p107_00392.wav,3.71589469909668,0.9573135926688588,4.772241378709075,3.888263879471508,4.267734497319258,9.271551772610616,14.888015747070312
p107_00402.wav,3.6495203971862793,0.962176270890241,5.0,3.846619138146448,4.373937148646221,8.607923203488896,8.677766799926758
p107_00405.wav,1.9530785083770752,0.8366306890248923,3.300928168155852,2.2652570888144323,2.599571159226452,-1.0922119933020642,4.291948795318604
p107_00409.wav,1.7173035144805908,0.7558265998876113,2.6034379905886453,1.5615507539018674,2.0635947092673064,-7.394945381007495,-8.28426742553711
p107_00411.wav,3.2924959659576416,0.885464410224737,4.132378784851873,2.754203671734287,3.683784606817522,-3.2359396663519937,-8.458077430725098
p107_00428.wav,3.234640598297119,0.9719542596796854,4.167582124784052,3.3521916153487834,3.7054197543138745,5.226235487558755,10.481531143188477
p107_00453.wav,3.5097522735595703,0.9703926475996224,4.610991753405067,3.9633230798385912,4.0793181336968045,12.207172434809904,15.631450653076172
p107_00454.wav,3.3912031650543213,0.9477756078756095,4.408195593178805,3.9118549121505497,3.917999789576886,12.31390952338839,17.31214714050293
p107_00461.wav,2.8153884410858154,0.9456219132555992,3.516211826668168,2.329639925127076,3.0945291667480688,-4.515781658384547,-6.857200622558594
p107_00463.wav,3.3284289836883545,0.9500142192162122,4.2677784880258205,3.746045912249549,3.8125592981931984,10.329006412373568,12.24346160888672
p107_00466.wav,3.0407721996307373,0.8658347804025208,4.039110539216344,3.5465354185560463,3.55062568557208,9.472420953177071,12.67538070678711
p107_00468.wav,2.278435707092285,0.8526704771982175,3.307815628869891,2.5699810588215843,2.771539244883769,1.088970489434382,5.7027740478515625
p107_00472.wav,1.674520492553711,0.7839294269892749,2.886480517361844,2.0857358398825707,2.2437434138899994,-1.4339766057479575,2.679996490478516
p107_00485.wav,2.6411731243133545,0.9534870020204974,3.903235458329872,2.9537488636357137,3.2788614667585607,3.1995520399845083,0.5406008362770081
p107_00487.wav,1.94940984249115,0.8581072422091452,3.3991561539433466,2.7202984973550413,2.662899073457047,5.440114135624786,8.57054328918457
p107_00489.wav,2.116485595703125,0.8511175715309414,3.2219773429075085,2.2309580169520555,2.63475371485903,-2.521841805919054,3.956717967987061
p107_00493.wav,1.664884090423584,0.8750100463672058,2.785124437372791,2.1277286037357497,2.1777022178280148,-0.2209679052683653,4.250594139099121
p107_00505.wav,3.517292022705078,0.9679135330225124,4.617025297039838,3.798007482465104,4.087301088495639,9.47420422454888,14.754477500915527
p107_00519.wav,2.589132308959961,0.808608143644776,3.7972604139321833,2.818190096266661,3.1836375074695007,2.1570981996497,1.1555122137069702
p107_00528.wav,2.562984704971313,0.8435556878544903,3.8998465015118455,3.3195073621914952,3.2249038333398863,10.161952067913218,13.509683609008787
p107_00533.wav,1.860937476158142,0.8475121024498646,2.6052783639034978,1.5200604909233943,2.1127977404855858,-8.075199082480076,-8.795082092285156
p107_00540.wav,2.1536977291107178,0.8152123884630353,3.133834585161644,2.2155042898534947,2.607241978819851,-2.941739761678583,3.188030481338501
p107_00550.wav,3.1404168605804443,0.9334752784516072,4.220174831536959,2.9960178650532625,3.671379385442426,0.8440212633128671,-1.8606494665145876
p107_00573.wav,3.503084182739258,0.9588934196548924,4.688877292870092,4.022240216521542,4.120836236251598,12.922800271894602,16.2469425201416
p107_00575.wav,3.017565488815308,0.9653826800603048,4.290186977834838,3.5900583222624016,3.667912849851152,10.15968505928121,-1.5365056991577148
p107_00577.wav,3.062291383743286,0.9826975441406616,4.372507694152777,3.432369120330102,3.729247241988901,7.414746607048714,8.218284606933594
p107_00584.wav,3.487801074981689,0.9412218113371944,4.553803962783841,3.6836921817332176,4.031315379144752,8.308018522851823,11.19761562347412
p107_00597.wav,2.537079334259033,0.778897051930543,3.542439834659478,2.825012322634581,3.0223503210820786,3.022101082416484,10.568565368652344
p107_00600.wav,2.090125799179077,0.8804241732127387,3.78936509658566,2.732147674853389,2.934779755355082,4.266773323085702,6.51240348815918
p107_00601.wav,3.140291213989258,0.9048958890682516,4.1080644027607205,3.3926986524906018,3.621667297336735,6.871227923753443,13.856258392333984
p107_00602.wav,3.4260413646698,0.9378197132063604,4.599367030485984,3.915315201673336,4.032405351132214,12.02994870741441,14.679061889648438
p107_00604.wav,2.603309631347656,0.8567854792352229,3.760854882512539,2.885811501932664,3.166378515861548,3.4006226657736245,8.660913467407227
p107_00605.wav,2.4875576496124268,0.8424745425136771,4.024555817326882,3.274219599354496,3.2491259514566657,10.003998510129986,-7.380089282989502
p107_00607.wav,2.3388304710388184,0.8809725316194049,3.2627288331033686,2.207448894340943,2.759375315932868,-4.232544582111024,-0.585864245891571
p107_00608.wav,2.460684061050415,0.8349707342033028,3.4631234423337918,2.618804208978029,2.9387391248075265,0.5739449944310012,6.692338466644287
p107_00609.wav,1.641190528869629,0.7776370493972382,2.6695188750509504,1.814347062783925,2.1018143359035326,-4.733461435076589,-0.8128721714019775
p107_00613.wav,4.02548885345459,0.922401012866726,5.0,3.828322482515373,4.570227595081104,6.478882238713414,2.181990623474121
p107_00625.wav,2.0210697650909424,0.9089669143127268,3.3260739534384687,2.4311943358168118,2.651495910956921,0.8020334196587839,6.146291732788086
p107_00627.wav,2.494626522064209,0.803338954641854,3.71483967296637,3.137068401523771,3.0908222150132065,8.115597996236339,12.898361206054688
p107_00628.wav,2.243924856185913,0.8634254621592444,3.3220307898144887,2.4822960269974628,2.7563261329323576,0.1730888372972878,6.947259426116943
p107_00637.wav,3.4575533866882324,0.9583540086890968,4.712879542427516,3.901286340488829,4.098015020699409,11.867041912559191,13.958070755004885
p107_00644.wav,1.713149905204773,0.6963457780119792,2.620827990247416,1.494836837473135,2.05899092259941,-7.930721567448077,-8.8467435836792
p107_00650.wav,2.1848044395446777,0.8840146148053882,3.316693490901099,2.4711381022266403,2.729361638159544,0.2002388129826006,6.357794761657715
p107_00665.wav,2.631898880004883,0.8922437765331132,4.223176487727987,3.2855211130149966,3.435971461731299,8.421592853636868,9.980768203735352
p107_00678.wav,2.75760555267334,0.8236026028235524,3.852308935991024,2.7311359548265632,3.2855640214946606,-0.0387159416308663,0.9955967664718628
p107_00682.wav,2.186094045639038,0.8729388599231551,3.32188317702084,2.3925111777164343,2.7279932755877763,-0.8548409937905633,0.4430057108402252
p107_00683.wav,2.234365224838257,0.919834490513668,3.362490612503561,2.8120244827541594,2.7940937045395886,4.48969585228248,8.962794303894043
p107_00684.wav,2.07398533821106,0.8767169438893985,3.144687858438171,2.400718779341545,2.5849397077293133,0.0500583056957419,7.479560852050781
p107_00686.wav,3.0216338634490967,0.9581354737138558,4.296278101105278,3.576863247502745,3.663289787057426,10.347106437690687,13.533975601196287
p107_00688.wav,2.094857931137085,0.925661315564997,2.799935220841353,1.866899368869622,2.3561576408810536,-5.5951633283447295,-5.397275924682617
p107_00691.wav,3.131406545639038,0.939807564617141,4.2381062410639,3.580301461079122,3.692783509277608,9.436319021814226,14.805253982543944
p107_00699.wav,3.3072612285614014,0.9363024428867768,4.369840784712432,3.889677621030118,3.855981622162328,12.622847184808077,16.660400390625
p107_00706.wav,2.152673721313477,0.911511119912238,3.799645800292996,3.3532172836971395,2.97998505532838,13.275710388507978,15.294265747070312
p107_00715.wav,3.1044399738311768,0.9243731699086508,4.291676450709647,3.2775718410560395,3.709680653171829,4.665650345195546,8.792702674865723
p107_00716.wav,1.9927898645401,0.8297422252466151,2.876896898158234,1.9006417622702507,2.36875242532964,-5.423711645511512,-1.199108004570007
p107_00721.wav,3.4512298107147217,0.9482439245212556,4.590514831817853,4.007313842891047,4.040629550745551,13.3031192526425,13.003238677978516
p107_00722.wav,3.4456050395965576,0.9798359244287832,4.517341812532994,3.7268570277296247,4.001491025730474,8.889231187645041,14.126495361328123
p107_00723.wav,1.7848811149597168,0.8460149752402354,2.491173073566288,1.4788675616982834,2.0126521189933237,-7.933265680678598,-9.676136016845703
p107_00725.wav,3.8219923973083496,0.9077415651462502,4.754770517912847,3.3806024860000696,4.293960327983959,1.2304412537362892,3.45959997177124
p107_00727.wav,3.7004873752594,0.8985201033906057,4.792165344530132,3.938600856429182,4.255788629899535,10.807771862348158,16.870214462280273
p107_00738.wav,2.130589246749878,0.8706866415860437,3.163013266511046,2.0274471301910366,2.587548879070886,-4.758237747108752,-3.203331232070923
p107_00739.wav,2.6533920764923096,0.8824007910402051,3.662772628292395,2.7406713751059635,3.1426272576172547,0.7273201841126824,7.6876115798950195
p107_00740.wav,3.4904592037200928,0.9747676403052988,4.533377265483137,3.7904494882633553,4.032875051991828,9.52502771417532,14.414077758789062
p107_00747.wav,3.073190689086914,0.8864405067052689,4.145440955623382,3.5632715103121644,3.6105511835577753,9.904126383201245,12.43116569519043
p107_00751.wav,2.5077145099639893,0.8132498250717415,3.3477181399214024,2.1599694872773125,2.8710147367496037,-5.565730614391192,-0.7975042462348938
p107_00755.wav,2.807549238204956,0.9086687221718976,3.913798721394067,3.329891491732913,3.3554778036874717,8.465236766685964,11.647309303283691
p107_00768.wav,1.6757930517196655,0.7928932138308216,2.8740907063672254,2.118113813971052,2.232712232681753,-0.6869753784029964,4.9672369956970215
p107_00783.wav,1.652328372001648,0.8183333559488253,3.04843518001659,2.253852740299709,2.3155129542334185,1.2975377088488476,4.939749240875244
p107_00795.wav,2.0791685581207275,0.8371969475445801,3.067990042119777,1.9803310823530067,2.5123070611083165,-5.02805086376443,-3.7331268787384033
p107_00796.wav,3.461380958557129,0.8548110408209404,4.2090393241179225,2.870056566690657,3.812936710459884,-2.930715738943101,-0.0469673871994018
p107_00798.wav,1.9616467952728271,0.7802767000428508,3.205135560943374,2.190657917089975,2.5405320723643388,-1.649511366674213,-0.4068033695220947
p107_00800.wav,2.085824489593506,0.7143928449172902,3.199052405616959,2.2729746487950067,2.612705636026343,-1.8355872134315816,4.299407958984375
p107_00803.wav,2.914689302444458,0.9179914179672748,4.157970548997428,3.5433763569202,3.543907936573394,10.475462735470828,12.876209259033203
p107_00808.wav,2.0563971996307373,0.7841225534264181,3.267638881103722,2.374050045632855,2.6301781069660164,0.0711166831410467,0.6696505546569824
p107_00810.wav,2.8485655784606934,0.9033935487869136,4.0552637863472505,3.184460488997005,3.444269328193227,5.947342940760382,7.757691860198975
p107_00816.wav,2.1700804233551025,0.9147513137914788,2.923203567137991,1.7684904253501876,2.432991536445405,-6.737254339236056,-12.482006072998049
p107_00835.wav,2.267522096633911,0.811059683545281,3.266152577358422,2.196086027115104,2.7229533586495664,-3.778584119969812,0.5471318960189819
p107_00838.wav,3.187610626220703,0.9116940754341484,4.301407094803805,3.5278874473767745,3.742294909225195,8.634644247848216,9.46343231201172
p107_00845.wav,2.6851248741149902,0.8852327126385363,3.579943749182103,2.4835045190917517,3.0953924706075293,-2.6241534806076734,-0.2408660054206848
p107_00846.wav,1.973265051841736,0.880601307921743,3.4369369155821943,2.7016851443697507,2.693407227489263,4.978492551505933,4.677628517150879
p107_00853.wav,1.6591233015060425,0.8198141374783771,2.6946606552055226,1.904425849137354,2.126836395557337,-3.5920055530893538,-1.1436223983764648
p107_00861.wav,3.9448680877685542,0.9900450555605672,5.0,3.809861896676024,4.516293442027792,6.398536392319505,9.549395561218262
p107_00865.wav,2.82350754737854,0.937760384117494,4.155899527027862,3.391446425490906,3.5018696649066,8.533827067629563,11.15750503540039
p107_00880.wav,3.234149694442749,0.9111200078590652,4.130767144114752,2.782538248185455,3.6536958859640913,-2.3512485578287814,-4.46280574798584
