Filename,PESQ,STOI,C_sig,C_bak,C_ovl,SSNR,SISDR
p102_00007.wav,3.080305814743042,0.9553243803604522,4.406010305106653,3.1310864351701557,3.741458545491074,3.093033382762343,7.884714126586914
p102_00010.wav,2.627146005630493,0.8424039128922871,3.90444536176566,2.5591308047108816,3.245209654067462,-1.7606859248346804,5.733482360839844
p102_00013.wav,1.6168482303619385,0.7501980231824749,2.747042303896451,1.540693055933743,2.075553586385241,-6.577526096780988,-5.243892192840576
p102_00019.wav,3.5020976066589355,0.9801937182340472,4.668641023492453,3.332110121583403,4.073383491075955,3.600985180897808,-1.3892627954483032
p102_00024.wav,1.8520113229751587,0.7771678877931966,3.583228380019597,2.734128268559093,2.70411712312709,6.450968764863034,7.383322715759277
p102_00032.wav,2.3745336532592773,0.8642102410841013,3.725925733794669,2.7047357402735783,3.032467330349598,2.306590854435184,9.073217391967772
p102_00036.wav,1.660249948501587,0.7811387140984953,3.3624621029187707,2.5778172256411787,2.4833941880908035,6.043530662736949,6.94953727722168
p102_00037.wav,3.194042682647705,0.922271962843559,4.3390251761078735,2.994656444124208,3.75552439984582,0.5067635417053681,-0.6209163665771484
p102_00040.wav,3.716489791870117,0.941535189551136,4.902088661811868,3.437941734240089,4.31448121982816,2.9192650394702557,-2.048297643661499
p102_00043.wav,2.631500482559204,0.9347024775684828,3.574497126160239,2.298380489009701,3.0488705744950173,-4.418508443133384,-3.2803006172180176
p102_00061.wav,3.3983302116394043,0.943533483735942,4.502847316567908,3.676500036448141,3.972469033893185,8.357744678644769,11.988037109375
p102_00069.wav,3.040262222290039,0.9722747168223356,3.8357149710884513,2.6871858869151826,3.387927354652126,-1.4661239523552834,0.5148180723190308
p102_00072.wav,2.978651762008667,0.9450565716013934,3.876700852304906,2.6733870834536573,3.399522241334271,-2.200770446107988,-1.1149733066558838
p102_00076.wav,3.26601505279541,0.9283376058325782,4.289981875349048,2.8912631038346546,3.7627891543589382,-1.4744441741301846,3.711714506149292
p102_00077.wav,2.3961832523345947,0.7696927764311976,3.421067452976655,2.085238344178732,2.850255938832833,-5.864484545327217,-4.234041690826416
p102_00084.wav,3.0509555339813232,0.9103584376913844,4.374284987352153,3.6301766478812887,3.729515518098212,10.415496489282734,6.4982123374938965
p102_00085.wav,2.336015462875366,0.9633873335555648,3.9971174104924456,3.385003449446472,3.1873126371999483,11.662632626886277,11.878911018371582
p102_00086.wav,1.9307725429534912,0.8418652233811774,2.950976413918452,1.9955729806367484,2.3578793119919306,-2.723034958229063,3.1382951736450195
p102_00101.wav,3.711583375930786,0.9357156647704874,4.6484680340497615,3.283557488609534,4.167515033767234,1.311986286818538,6.591925144195557
p102_00102.wav,2.306893825531006,0.8948421719308542,3.6306959807781936,2.827682396575125,2.971068675981399,3.883952212942759,10.445538520812988
p102_00106.wav,3.5227272510528564,0.9491277482672188,4.381597441817896,3.7869970378497726,3.948832928504849,10.31873468845992,14.178060531616213
p102_00108.wav,2.37319278717041,0.946038341463254,3.8301150129468207,3.250646838441545,3.0935801890837884,10.54370065568367,8.376654624938965
p102_00116.wav,2.774571180343628,0.9484649052363542,3.6674697415944753,2.5355135516701788,3.16609424321791,-1.6835083103631518,1.8934705257415767
p102_00117.wav,2.0210697650909424,0.8850747684796316,3.484098007241096,2.433766389701256,2.723218549852948,1.1471080178828938,1.9478148221969604
p102_00119.wav,3.949136257171631,0.9832822536584372,5.0,4.061071155621291,4.558168337752072,10.273364865319747,16.738056182861328
p102_00125.wav,2.8611764907836914,0.9069743789971249,4.368144365434485,3.193117838064988,3.624487854570833,5.188510471826122,6.745035648345947
p102_00128.wav,3.3436315059661865,0.913565186452049,4.665562670802746,3.380564894421924,4.012088929154657,4.679934932565764,8.76951789855957
p102_00145.wav,2.1789863109588623,0.8800391205151347,3.94691871844225,3.065478144186012,3.0675378112247254,8.465287293566444,9.183173179626465
p102_00158.wav,3.329720020294189,0.968735678674421,4.441503344577022,3.519561632076576,3.883501133540335,7.435796416270133,14.59294891357422
p102_00161.wav,3.385003089904785,0.967920852695352,4.755392230591675,3.906354595321434,4.099375817107929,11.75585974076412,14.426464080810549
p102_00166.wav,2.165600299835205,0.9072674622323612,3.3285712164616434,2.3750990657012823,2.715949484290983,-0.7544254493909475,1.4465103149414062
p102_00181.wav,1.6862046718597412,0.8494391665584461,2.9094316481751417,2.1762427580527763,2.265757163903823,-0.2928167173229421,3.9958338737487793
p102_00189.wav,3.6001744270324707,0.9141505992086646,4.742443931698254,3.806193393252371,4.183338337179205,9.337454445060413,13.821539878845217
p102_00193.wav,3.289971113204956,0.9341457395035576,3.928828538092073,3.4128222374887205,3.598713710116923,6.46712215451977,11.703582763671877
p102_00203.wav,2.828985929489136,0.9055585700150396,4.479001762798773,3.4989787410548896,3.670086597004492,9.992732083914207,5.636344909667969
p102_00215.wav,2.6342973709106445,0.9225331794978197,3.5695606150906425,2.9408106836543317,3.0727303454875363,4.660340987738445,4.688489437103272
p102_00222.wav,2.4178783893585205,0.8706376717660503,3.049107577597925,2.4432398155810424,2.6803199997282885,-0.530917254365571,-0.1099529415369033
p102_00224.wav,3.624930858612061,0.8850182747303341,4.76363366104993,3.94596247750726,4.213645163504825,11.04820601808073,1.966317892074585
p102_00225.wav,1.6008919477462769,0.7382385329483734,3.1384304439269606,2.134760972569985,2.3278396955317597,0.0828991991288482,3.445774555206299
p102_00227.wav,3.240116834640503,0.9742656941874182,4.455379440881893,3.2847603781940995,3.84839206373937,4.246192726417161,-0.3696029782295227
p102_00232.wav,2.33613657951355,0.8049699592691069,3.620706673963398,2.1534873681116697,2.942628349606527,-5.354764005654479,0.9510339498519896
p102_00233.wav,3.578491449356079,0.959352790962476,4.64038057885247,3.2472146437217058,4.105340724976854,1.3459015745803504,-0.1004823744297027
p102_00236.wav,2.3099868297576904,0.9165547769505504,3.721364646968546,2.412361404456881,2.991030336062696,-1.5549066183044868,3.4637248516082764
p102_00242.wav,3.350515127182007,0.8682480701433447,4.514274238395836,3.217486864602883,3.9350070152971335,2.271853607373656,1.8782308101654053
p102_00247.wav,1.9545440673828125,0.9052820864486724,3.207305096171197,2.155027254802588,2.5107348961625053,-0.9588124575926904,7.350735187530518
p102_00252.wav,3.2987611293792725,0.9460361166601852,4.632309202809508,3.813382726638445,3.989100740988987,11.176054258118274,13.528265953063965
p102_00262.wav,3.880560398101807,0.9137925356064188,4.967309360143284,4.157002201145273,4.437077405119271,12.766686494313925,18.809154510498047
p102_00266.wav,1.8176448345184328,0.7958297857223418,3.184180601527291,1.7640312566561565,2.432733281470436,-6.242444046762709,-1.1786775588989258
p102_00268.wav,2.5927412509918213,0.8726057987085339,3.807806063049788,2.734140414557608,3.180999695659403,1.2232935350414658,7.232620716094971
p102_00270.wav,2.751616239547729,0.9699462769268322,3.782317680517412,2.541309654717802,3.213939039404998,-1.5182930621060349,2.4232163429260254
p102_00274.wav,2.22273063659668,0.9389369717759394,3.669996994652969,2.6845511348141766,2.921390498724933,3.4284628918983238,8.391950607299805
p102_00278.wav,3.509735345840454,0.9582582632438488,4.557432986709228,3.124856378439972,4.023594547010456,0.1789173146467195,2.444540739059448
p102_00286.wav,3.406348943710327,0.9757151899384158,4.776101587466718,3.876946114985609,4.112417570605971,11.481403074119932,11.67563247680664
p102_00289.wav,4.114943981170654,0.9363608259821808,5.0,3.885381495111421,4.639925355624414,6.869269193063455,3.063802719116211
p102_00290.wav,2.66300368309021,0.9496342590071948,4.080547339102647,2.988899523533578,3.370598897734992,3.922809024401,2.266021251678467
p102_00313.wav,1.5786807537078855,0.8107789839876833,3.316233274013584,2.2452368154280893,2.4182074128358053,1.4272091996897454,3.126042127609253
p102_00316.wav,3.667433261871338,0.9120132865413272,4.546476489476543,3.69610449031115,4.093349307965102,8.244831277394427,16.377426147460938
p102_00317.wav,3.2056448459625244,0.9253754234948678,4.3563663280824665,3.707737247803589,3.792655957265641,10.739784589982438,15.338047981262209
p102_00319.wav,2.900023460388184,0.9333290134600734,4.292255184968716,3.2897874352061,3.608196813143942,6.34657163234359,7.389248847961426
p102_00321.wav,2.902330160140991,0.9638290913358448,3.8659491369240353,2.7715345645390785,3.3640469840674028,-0.4345216576348503,1.2236430644989014
p102_00327.wav,3.346405029296875,0.9515835306136168,4.501840056252889,3.2458295459700275,3.928115393608856,2.692529509883453,5.117924690246582
p102_00328.wav,2.291768312454224,0.7436505167034858,3.6703991844056825,2.314390706088169,2.949705881507695,-2.673671286541976,6.106836795806885
p102_00330.wav,3.187761783599853,0.8624749578122677,4.372207409044481,3.196633046886706,3.7772710316926426,3.3899578781599486,8.354372024536133
p102_00331.wav,3.5779004096984863,0.969652248072166,4.923345695205427,3.783253605537188,4.2727036099779445,8.675238131945806,12.450570106506348
p102_00346.wav,2.13806676864624,0.8928080171832797,3.5759771909865115,2.4279545501638515,2.828054652833408,0.1653876162452962,7.34964656829834
p102_00347.wav,2.6772336959838867,0.905113080076741,4.034674662860598,3.074660041105376,3.352811840082239,5.270751017943756,10.126785278320312
p102_00369.wav,2.992040634155273,0.9128255812879812,4.214908682801299,3.1356960802692777,3.589755688305972,4.366610971573473,11.679187774658203
p102_00371.wav,2.952943086624145,0.9630172244274672,4.347132803573896,3.035926383897018,3.645410152792053,2.656354403552574,3.879373550415039
p102_00382.wav,2.981444358825684,0.932740255368824,4.380156260407177,3.1998359547594326,3.686294433386499,4.598583307346369,8.003680229187012
p102_00391.wav,3.1717545986175537,0.9434939472473164,4.4267109602873,3.417220990751308,3.817237338170009,6.090647648353264,10.448091506958008
p102_00395.wav,3.5291452407836914,0.9829428550022314,4.71756727709657,3.2432074048043438,4.126234257122056,1.3304054827007303,-6.364279270172119
p102_00401.wav,1.606669783592224,0.7828930555231353,3.1042058822652887,1.740810443847176,2.287011545223444,-5.037011870262548,-7.05333948135376
p102_00403.wav,1.522977590560913,0.6437582394847972,3.058919893324833,2.0566869365090352,2.2364303526885374,-0.0143311351481256,1.8827462196350095
p102_00404.wav,3.8018834590911865,0.9394455332376358,4.876769168692808,4.083706663845407,4.344145432916136,12.559413490852446,21.363487243652344
p102_00408.wav,1.906095027923584,0.7601278893220877,2.968929176427069,1.8377411561423556,2.3700455340061057,-5.732562173766557,-4.9010772705078125
p102_00417.wav,1.5218632221221924,0.6714029530917697,2.9975684525634616,1.8233082819961817,2.196942857536563,-3.340285943879133,0.6913131475448608
p102_00436.wav,3.3617193698883057,0.9298258524088706,4.699739390862895,3.6108820568709543,4.044314870562423,7.930342591959577,12.602304458618164
p102_00437.wav,1.5788581371307373,0.8113646651375404,2.7821457177031643,1.9630827882939292,2.1274956428557026,-1.9488648197848013,2.457037210464477
p102_00438.wav,2.473254919052124,0.891893215081298,3.84534423111864,3.187579716250767,3.160948019058276,8.375343176548464,12.242344856262209
p102_00439.wav,2.639629602432251,0.8624901699115198,3.992828104995061,2.836913204875268,3.303753955998367,2.1897426759392893,5.358531475067139
p102_00440.wav,2.9887311458587646,0.9507952507674295,4.237181463488038,2.8608052886001785,3.5969391501227976,0.1265229462586715,-0.4290725290775299
p102_00441.wav,2.36672043800354,0.911020566534696,3.364200149086741,2.1092085094909443,2.8046974915930662,-5.155369810679122,-6.562417030334473
p102_00442.wav,3.2249531745910645,0.9220954478060336,4.425243011136256,3.681694419367283,3.8422729546840464,9.93335516383388,16.009675979614258
p102_00443.wav,2.327409029006958,0.890463846374428,3.7366551056309474,2.643267812226592,3.0185129487352134,1.4900474965409427,6.564035415649414
p102_00444.wav,1.538003921508789,0.7481207358185025,2.82007659449533,1.6607106636069782,2.1025041100522377,-5.414742053979216,-3.389049768447876
p102_00445.wav,3.7657196521759033,0.9391882081633932,5.0,4.111172080183659,4.420680142529065,12.110203936770226,16.370708465576172
p102_00446.wav,3.520611524581909,0.9106973753666472,4.736024487105632,3.931589929653855,4.149464172931758,11.513138735294438,15.29506778717041
p102_00447.wav,2.3712174892425537,0.8937294705429516,3.665886895374923,2.758146954691229,3.0052470783173173,2.988867651902712,8.277402877807617
p102_00448.wav,3.080339908599853,0.9411837296848516,4.386192756804596,3.5648257695666423,3.749694783535836,9.180953222324773,7.804462909698486
p102_00455.wav,2.078092336654663,0.7582987072149666,3.4145138922365774,2.112634367949542,2.709407182192185,-4.03115947846967,1.815342903137207
p102_00456.wav,1.4546964168548584,0.8177617206236264,2.5352341987365787,1.8279975490587472,1.934231818540427,-2.811299569009566,1.3847770690917969
p102_00459.wav,3.8619227409362793,0.9719456236785244,5.0,4.3218166363214765,4.5648130223455725,14.10298774585339,14.660849571228027
p102_00470.wav,1.8254212141036987,0.9155664896705414,2.709885528559137,1.557173933360162,2.1432838886000845,-7.056741871564663,-8.374574661254883
p102_00486.wav,2.571287155151367,0.94098383127914,3.822158338063285,2.935649037031865,3.1862430458733813,4.190925204003785,10.595382690429688
p102_00500.wav,1.8716466426849363,0.8707300726768781,3.223559945839678,2.0062186440878333,2.487898833258632,-3.1737296889945354,5.258008003234863
p102_00506.wav,3.159536838531494,0.9488401717086958,4.444906815968252,3.26681639295216,3.803813032403102,4.514509868099585,8.141691207885742
p102_00511.wav,4.025158405303955,0.985725886432448,5.0,4.318023800397046,4.6058418588317735,14.003403902975954,19.06894302368164
p102_00515.wav,3.145498991012573,0.9505206436755964,4.450680715873774,3.417203193200883,3.7984762136717376,7.057506793135935,12.815618515014648
p102_00526.wav,1.9564790725708008,0.8074539425994969,2.6523052185245954,1.9388414243298344,2.2351271820765315,-4.385925061263377,0.0230316929519176
p102_00532.wav,2.3918135166168213,0.9073598364576032,3.710609957942839,2.9425501982377043,3.040356656677118,5.651406908231797,9.67185878753662
p102_00537.wav,3.251426219940185,0.9657370565807988,4.578038687703184,3.963799451530076,3.938818043352741,13.8953087850339,16.630897521972656
p102_00542.wav,2.75629997253418,0.7816635690873107,4.01881140792548,2.9342902021500734,3.3725646577109853,2.9837953889384456,8.718267440795898
p102_00543.wav,2.779653310775757,0.8617860054461233,3.82505570328697,2.520122421107715,3.267557245251713,-2.868991878767235,1.3841917514801023
p102_00552.wav,2.933217763900757,0.934100609321764,4.15241519788063,3.001321224351026,3.5305411659169645,2.610199255919578,8.082993507385254
p102_00576.wav,3.1359097957611084,0.7100382015757075,4.416963707329939,3.19141627432754,3.771408160055825,3.786432906797329,8.206709861755371
p102_00581.wav,3.0978426933288574,0.8773974239092777,4.552298268734837,3.31725883014324,3.832959804433617,5.4807948194963885,9.800470352172852
p102_00583.wav,3.5021259784698486,0.9134714897016126,4.597569601064775,3.8120589954113138,4.051438865479664,10.628434126261642,16.522640228271484
p102_00591.wav,2.712393522262573,0.9295809594239778,4.035799043368924,3.062051879709586,3.365795095445105,5.038718401107888,9.21850299835205
p102_00596.wav,3.2253732681274414,0.8525646059499923,4.421916789662456,3.532520673591219,3.827770232742111,8.13773452921734,13.274023056030272
p102_00616.wav,1.9427095651626587,0.838760181117526,3.1007348388095832,2.341257125799057,2.4685912809726114,1.3442343718701613,4.27878475189209
p102_00618.wav,3.584446430206299,0.9914565235054468,4.756015424721566,3.858837078935815,4.181324993734055,10.32870753740953,17.572580337524414
p102_00621.wav,2.9737563133239746,0.894301595224027,4.027133673279869,2.9786316685975005,3.470969795297264,2.7225590750153352,10.984735488891602
p102_00622.wav,2.8183484077453613,0.9055958850883749,4.443876649097907,3.5694456934807115,3.644036367938042,11.333017480755588,12.329692840576172
p102_00629.wav,1.8652820587158203,0.8860117393838739,3.19496109272688,2.078502209157688,2.4810748591333147,-2.4459829523242718,3.737363338470459
p102_00631.wav,2.5161120891571045,0.8842495746782114,3.800909348106124,2.8507703328387857,3.1442628148086142,3.418502440560452,5.254714488983154
p102_00664.wav,3.9064364433288574,0.9362416292654496,5.0,4.059709491900803,4.48265220018166,10.871089839210295,17.46625518798828
p102_00672.wav,3.6495344638824463,0.9571696615042478,4.770446975113769,3.5390454693680606,4.211938467251935,5.174479619305856,1.918840169906616
p102_00679.wav,2.73506760597229,0.760684124134789,3.8987499789632074,2.832513824149536,3.2948185522561584,1.85038543565813,8.43662166595459
p102_00697.wav,1.8419702053070068,0.8773038761025963,2.9309984684356394,2.015429700548917,2.324333073367615,-2.669729523616491,6.208623886108398
p102_00730.wav,2.4851975440979004,0.9088680484060724,3.923097068792973,3.0307729166830946,3.1999000685233945,6.049781991842191,10.947856903076172
p102_00734.wav,3.0480051040649414,0.9348161785185604,4.034975064682363,2.698745587159689,3.500616700847782,-1.7658285959704054,2.116663932800293
p102_00741.wav,1.8704156875610352,0.8772321278252136,3.692453797641088,2.84810844058554,2.7779633999145004,7.6708988375613405,8.705496788024902
p102_00753.wav,2.7989487648010254,0.9096723973107738,4.141819424641423,3.4337884133520795,3.4720754568929197,9.849900469911276,10.147160530090332
p102_00759.wav,3.330330610275269,0.9722737636349864,4.563963865367386,3.605143357877295,3.965372879441319,7.880634741918721,11.90530014038086
p102_00763.wav,3.708003282546997,0.9624638375554896,4.9840927741203584,4.243671661004604,4.375869267132451,14.67724209182423,18.14689826965332
p102_00764.wav,2.4497945308685303,0.8475404475272698,3.992693624813529,2.992729950039861,3.219338750006548,5.596161886924156,7.662923812866211
p102_00766.wav,1.905763030052185,0.7898750130183017,3.090944233700218,2.029797022838679,2.446518519912437,-3.383378629303335,1.501357078552246
p102_00767.wav,3.4987335205078125,0.958362467430158,4.487204416991575,3.0159007826314395,3.964427772619546,-0.644586047175473,-3.4214375019073486
p102_00778.wav,3.875251293182373,0.8863092569876186,4.996633891030168,4.376991337660916,4.45665223840965,15.961158523629337,19.99598693847656
p102_00779.wav,3.828951835632324,0.9585875075068864,4.978323898195134,4.136740095554027,4.412297526971895,13.02167786895647,20.050153732299805
p102_00782.wav,1.950674295425415,0.7611715807344701,3.1149138611466296,1.9248045610771285,2.471765428745996,-4.978363347704352,-2.0381786823272705
p102_00785.wav,3.618891954421997,0.9662453130388394,4.91979218822919,4.135022330618126,4.302608493101093,13.464361943863446,11.72922134399414
p102_00786.wav,3.1240665912628174,0.9508258023011864,4.533207004247752,3.5633404304074245,3.8459670220010658,8.77970604107775,11.54396629333496
p102_00788.wav,1.8809621334075928,0.8544792293057889,3.11475275811875,1.7725149412314307,2.416703121385548,-5.99524539500594,-0.8650494813919067
p102_00793.wav,2.563547372817993,0.939235983074526,3.8772877196523376,2.700770465485518,3.195849706611004,1.1345341751889717,3.219918966293335
p102_00812.wav,2.3199923038482666,0.9210843741589588,3.4848352028272607,2.290709057292737,2.850362200220357,-2.326813127345313,5.8813982009887695
p102_00815.wav,2.388979911804199,0.8352537139377897,3.654864258609079,2.2910052459831025,2.975144578707654,-3.0810203731382604,-3.50960636138916
p102_00818.wav,3.277349710464477,0.9610020364551792,4.565701466047575,3.723519942856315,3.940332735585209,10.12421382501334,12.216602325439451
p102_00819.wav,2.261220216751098,0.9348686874673277,3.1180393589665423,1.9238107165783052,2.5937156471753147,-5.745722692396709,-7.595932960510254
p102_00824.wav,1.9152878522872925,0.8754232647778699,3.336500223334274,2.2554901166648587,2.5882701439969256,-0.5235511479105329,-0.0425789728760719
p102_00829.wav,3.140306234359741,0.920698970150208,4.379725761316558,3.4485371102315767,3.744064725419898,8.320550088104792,9.024419784545898
p102_00850.wav,2.454141139984131,0.909176113709497,3.746323060816736,2.714070939021354,3.0882640294664885,1.610702426980262,-0.8997449278831482
p102_00855.wav,3.1186256408691406,0.9026243301307558,4.455099105121255,3.5407340360016946,3.795611427314831,8.847405746241966,12.92678928375244
p102_00868.wav,3.2412919998168945,0.8199776298272857,4.4983012499423625,3.305604336426378,3.870828560362116,4.546700101958492,7.641228675842285
p102_00870.wav,1.8243428468704224,0.8800979550855795,3.1450734173311288,2.207022730772987,2.456894181244543,-1.0344682869000943,3.994679927825928
p102_00872.wav,2.621456861495972,0.9318683965276574,3.9664581745056,2.9573719772482288,3.287087532814522,3.991568782282329,9.122580528259276
p102_00877.wav,2.114478588104248,0.8942714015021591,3.3379013354215563,2.385637979384664,2.687583916685928,0.1176642389133538,5.561805248260498
p102_00879.wav,2.604795455932617,0.9524862609251762,4.127370968562032,2.980381170061775,3.3605733813324683,4.402412605666081,8.19550895690918
p102_00881.wav,2.7257723808288574,0.951229340598968,4.300189465492053,3.179645442642612,3.5194287331434744,6.128571498641714,-1.569447040557861
p102_00882.wav,2.117872953414917,0.8264332183593727,3.3108817233435768,2.0489693646212914,2.6650477873769,-4.775933405564882,-3.0112595558166504
p102_00885.wav,2.2567567825317383,0.9031521868564556,4.140064069736155,3.181094219802972,3.2111368938165423,9.348040154412251,5.313779830932617
p103_00004.wav,2.6050374507904053,0.5459748410304966,3.6352801824101952,3.042771839269954,3.101575667477817,6.019631115149953,10.17878532409668
p103_00011.wav,3.630059957504273,0.7032798334736605,4.573932671429174,3.895300655411696,4.10169673497631,11.092873428664005,16.0947265625
p103_00012.wav,2.4171512126922607,0.7726314970474027,3.358780247313403,2.412386257432236,2.862929360611788,-2.2881200384361566,-2.961244344711304
p103_00015.wav,3.2549526691436768,0.8734276703715532,4.354080912061818,3.199413387231318,3.794579560676961,3.259199455813744,8.851479530334473
p103_00020.wav,2.79906964302063,0.91255516853937,3.93472110005717,3.4294626818826925,3.375418381338864,9.50151972590498,8.076903343200684
p103_00022.wav,3.1620771884918213,0.9315311081664416,4.221406119941969,3.575951695366077,3.6967844937930354,9.274549163678314,11.324195861816406
p103_00030.wav,2.185969352722168,0.7752183223973245,3.393091119588869,2.5103876321276903,2.7672147617503726,0.8473789648598796,2.3800783157348637
p103_00047.wav,2.629873514175415,0.921790031379927,4.463860989750777,3.45194461431435,3.569136717451252,10.44280825569957,9.432204246520996
p103_00051.wav,3.57131576538086,0.7671649636633261,4.559160596362417,3.401296267469144,4.068914038025344,3.510820452941823,6.739480018615723
p103_00063.wav,3.690088272094727,0.86161907091705,4.630984598749956,3.439033157722385,4.16619745326945,3.1394851854583297,4.967190742492676
p103_00071.wav,3.640357255935669,0.9028465151343146,4.415179655593047,3.124471228312168,4.014707356498421,-0.639136041724862,4.598453521728516
p103_00074.wav,1.609908103942871,0.6993062407115314,2.7663083857228683,1.6723289034548443,2.129579620958077,-6.547794490045992,-4.771588325500488
p103_00081.wav,2.5261688232421875,0.9304662663373836,3.866582703086867,2.627907675646844,3.183949410330958,-0.2803893565311216,-0.6965253353118896
p103_00083.wav,2.2234740257263184,0.9121168439466696,3.371044261489824,2.064283924553622,2.759624567994944,-5.83268163371073,-7.501243591308594
p103_00090.wav,3.396716594696045,0.8490165658755513,4.502838376310532,3.8134706645219514,3.953698760524668,11.335029533102263,15.477529525756836
p103_00094.wav,2.506614923477173,0.8388480882832432,3.600356641424276,2.25000914534958,3.025462961245251,-5.4190309546548425,-4.2464704513549805
p103_00100.wav,2.025397539138794,0.7680068874325263,3.466416901212365,2.438959996530103,2.723376843202741,0.898407384340012,3.895330190658569
p103_00118.wav,1.5044121742248535,0.8179184072396244,1.92652315812112,1.3393321181498707,1.5982341436206866,-8.379728159570776,-11.520105361938477
p103_00170.wav,1.1982804536819458,0.8809296628601975,3.585646424347173,2.930891278493989,2.406429223617694,13.158712145351911,-0.9708842635154724
p103_00182.wav,1.497303485870361,0.390821656799372,2.8646854022934947,1.6061586583455578,2.1268601340048674,-6.972523430232839,0.6810295581817627
p103_00184.wav,3.0707807540893555,0.9221443195772858,4.193490563771784,3.147194541890768,3.631467915831813,3.3961934233073503,8.222905158996582
p103_00191.wav,1.2170522212982178,0.8022579778711714,3.4056824797758622,2.445316449804329,2.3046338121501195,6.266141319490552,1.5948809385299685
p103_00200.wav,2.162421226501465,0.9417447279362564,3.698750694241064,2.632796618014272,2.9184464504058,2.482831658181187,4.1760735511779785
p103_00212.wav,1.553356647491455,0.727419338546134,3.4733797544129605,2.9761294454903875,2.4981771739781125,12.579051945494085,9.282526969909668
p103_00217.wav,2.194746971130371,0.7916143128233584,3.2729056512993067,2.175910620550517,2.7091320812476165,-4.408787378943199,-5.035650730133057
p103_00221.wav,3.832472324371338,0.8012172822873382,4.837413115619946,3.7469359405695495,4.339844504949833,6.989021568294539,14.21909236907959
p103_00234.wav,3.237963914871216,0.8130074554106437,4.402854602385608,3.862738339484979,3.824285905050958,13.299501697906887,6.394486904144287
p103_00235.wav,1.6523224115371704,0.744922963676227,2.631864150581832,1.575134702587175,2.084173441774332,-8.415522544217565,-15.438129425048828
p103_00238.wav,2.9175024032592773,0.9383069014228334,4.067938237872964,3.448348324671384,3.4995600618936518,8.988517656042948,13.345070838928224
p103_00245.wav,2.961217164993286,0.6812999216361572,3.8677228900649263,2.656107190429508,3.392225450615875,-2.605992464527155,2.0423386096954346
p103_00250.wav,2.6683568954467773,0.9361900115498104,3.862744675871821,2.975555673479534,3.267796625226615,3.544080676630779,7.334977149963379
p103_00254.wav,1.974742412567139,0.6398191837769592,3.131710624518762,2.1148647277492243,2.510651075501133,-2.953711803904921,3.969202041625977
p103_00256.wav,2.835402250289917,0.9411423637690556,3.776132498777203,3.00372015614743,3.2990534880462192,3.1642829387240403,8.809453010559082
p103_00258.wav,1.3666781187057495,0.626259029444744,3.078556973771875,2.3923122848213048,2.187313998082143,5.616065044366409,6.7716264724731445
p103_00259.wav,1.3398548364639282,0.7553566494211105,3.417078420919227,2.901337678697539,2.372987955083916,12.543188553495762,12.289484024047852
p103_00281.wav,1.468739032745361,0.5494052378257689,2.5081853121452675,1.5642228582456963,1.92605373949796,-7.0249812085192245,-5.276424884796143
p103_00296.wav,3.0867202281951904,0.6968058859179767,4.180449760287486,3.413220515372902,3.616266176487637,8.236404245850713,11.94968318939209
p103_00299.wav,3.024352550506592,0.950366249907094,4.129505719539758,2.8594412294418654,3.55567954718544,0.0844554215664507,5.904823303222656
p103_00306.wav,2.364609718322754,0.7553139057040982,3.473608443143973,2.068774948753599,2.877670694742213,-6.644747009166112,1.585416316986084
p103_00309.wav,1.4925264120101929,0.5974540996918781,2.78077467595436,1.684863476745157,2.077548511633399,-5.460185095362853,-1.1181893348693848
p103_00310.wav,1.986587405204773,0.7356462794715504,3.767745208572519,2.834785543277195,2.8669728000930417,6.891520415850545,5.99490213394165
p103_00332.wav,3.289357185363769,0.6922736980109061,4.34681021773129,3.68991070065898,3.81900858088344,10.313563435582983,13.61423110961914
p103_00337.wav,3.1184842586517334,0.8091455983404156,4.469094021657108,3.24317151384505,3.796960101596268,4.369500511063703,0.3814710974693298
p103_00340.wav,3.3167519569396973,0.617125530101444,4.380487587174956,3.368406740626745,3.835132344669129,5.639854445095867,7.257589817047119
p103_00343.wav,2.238116502761841,0.8114937483823826,4.13445894390666,3.601242686755905,3.2008152397447462,16.07566265532533,16.294071197509766
p103_00349.wav,2.8232169151306152,0.7388130627760805,4.376259938189605,3.611721667066024,3.604097068646416,12.352803570537374,11.472920417785645
p103_00370.wav,3.9175949096679688,0.9742168947101008,5.0,4.40141086452695,4.57701951298106,15.570825622235771,20.053184509277344
p103_00373.wav,3.459155559539795,0.9415560705148616,4.7499632647341965,3.5893398438906496,4.116911117987488,6.9194227800064665,10.045221328735352
p103_00380.wav,2.7991433143615723,0.913786672110655,3.9136470322821584,3.2589799055367497,3.3588372913265685,7.065075447896324,11.22653102874756
p103_00381.wav,4.004120349884033,0.978547322450714,5.0,3.7290958789747215,4.538234373342245,4.958932736120639,6.961968421936035
p103_00387.wav,2.655390739440918,0.6912025396934848,4.164354077327697,3.319873303330608,3.4086137254090585,9.22710237125808,9.555257797241213
p103_00390.wav,1.795374631881714,0.7916507680372816,2.9094820305721023,2.3287537176324147,2.316705506223887,1.4848995690458064,6.801560401916504
p103_00394.wav,2.25223159790039,0.639136699847363,3.203467602528712,2.0221692654216006,2.685565317636322,-6.4902699916207744,-5.704890251159668
p103_00397.wav,3.0624499320983887,0.948463552030915,4.13469155516422,3.238813261503879,3.599423182357811,4.851161096661102,11.672687530517578
p103_00398.wav,1.972307562828064,0.6694119541359235,3.401401642454836,2.0489968842191497,2.657465603489547,-4.59114317485547,-8.11304759979248
p103_00400.wav,2.884235143661499,0.7985229726788658,3.516108111964276,3.05575281203668,3.1840852359002123,4.071148564800556,6.856012344360352
p103_00407.wav,2.852756261825561,0.9251110314604516,4.02379406322525,2.9176058102412994,3.436641665883627,1.419166805768631,3.9243478775024414
p103_00418.wav,2.294271469116211,0.9727420268442648,3.976785752151004,2.906250257724734,3.1395943054735604,5.1080724576837575,6.364757537841797
p103_00422.wav,3.282027006149292,0.7333774901192276,4.464022979282553,3.3004935702112013,3.872546272843423,4.235646358537546,1.7332420349121094
p103_00425.wav,3.518328905105591,0.6490930870296405,4.390422948460601,2.9043751407739102,3.932966244823157,-2.863072041355816,3.170130014419556
p103_00431.wav,2.5083582401275635,0.6674237347289081,3.647495913900188,2.56341609684253,3.050731690267668,-0.4986651090247025,5.842750549316406
p103_00452.wav,2.496157169342041,0.8512801023638268,3.4742939942943605,2.7473010989140016,2.956392517977202,2.6007433101019277,11.147451400756836
p103_00464.wav,3.072179079055786,0.9207521021067688,4.348533868442058,3.5563867647714367,3.7165557762447263,9.56185231036208,12.051589965820312
p103_00469.wav,3.0959560871124268,0.823790976414745,4.328609398834175,3.6993252107080696,3.7227789999470327,11.468327405293024,11.435686111450195
p103_00473.wav,2.060136318206787,0.9011038220579076,3.473029632604162,2.2414845231772413,2.746383830387092,-2.5955180883694107,2.9688100814819336
p103_00474.wav,3.7607436180114746,0.97078783430116,5.0,3.947234703410787,4.416818572900614,9.974992724514038,13.525060653686523
p103_00475.wav,2.055673599243164,0.9084328960924616,3.149514727889494,2.208909992412415,2.57281987353076,-2.6231880637925453,3.4024386405944824
p103_00476.wav,2.8499104976654053,0.9324747563477774,4.213233640676213,3.3980247251311413,3.537200960275604,8.725580567602584,9.148350715637209
p103_00477.wav,1.580151915550232,0.8811144620884999,3.000144394403169,1.916192496994152,2.2580716311263096,-3.648169927025145,3.289724826812744
p103_00478.wav,3.2255101203918457,0.8920614119710745,4.430880435335468,3.572249922060222,3.833819505544698,8.700343995728629,11.36732578277588
p103_00479.wav,2.4525723457336426,0.8571023959930968,3.425912297938825,2.453705538899768,2.9080819439291896,-1.630628548647202,6.1708760261535645
p103_00480.wav,2.047803401947021,0.8384434115219799,2.9414577458425906,2.2312770541562115,2.463425277795186,-2.124843453262266,2.5511038303375244
p103_00481.wav,3.4075753688812256,0.908412938571602,4.502575409862282,3.3708047971199333,3.9578373167166263,4.279681749346152,9.272418975830078
p103_00482.wav,2.785824775695801,0.9307471284764852,3.94683244680015,2.871659854192153,3.357270401250607,1.5184180925042838,2.124413013458252
p103_00483.wav,3.3820581436157227,0.9043847519875894,4.597354600417798,3.8084429247800338,4.002357158494024,10.968503977544716,14.232707977294922
p103_00484.wav,2.187690496444702,0.7723109114450694,3.275649839589012,2.3886331340404463,2.694889791809598,-0.4480327431114846,5.45658016204834
p103_00494.wav,2.629382848739624,0.6044255270375196,3.5608470026590022,2.4864604759878044,3.0591519895643677,-2.216393057245673,-5.051999092102051
p103_00496.wav,2.9049172401428223,0.8107043135565551,4.141000707939378,2.809453692347769,3.50617355009284,-0.0268502347829441,-0.8911753296852112
p103_00498.wav,3.148561716079712,0.9605239846615768,4.435167629667053,3.615264593332673,3.8032298475550017,9.69671472830615,12.801952362060549
p103_00501.wav,3.199504137039185,0.6163325184142301,4.010030335635583,2.5269508570386043,3.5704090217196214,-5.893439135936289,-5.373995304107666
p103_00513.wav,2.3231000900268555,0.8362615831154546,3.531975173915471,2.812990946061701,2.9077192361690205,4.515266173036368,-0.2909296751022339
p103_00516.wav,2.632600784301758,0.9278297254609182,3.914565617962328,2.6256873160408034,3.2600534975518185,-1.0564057577567465,6.155403137207031
p103_00517.wav,3.641827583312988,0.7578794479339452,4.642957352562141,3.6621902805075486,4.141403138372819,7.32899955559763,8.792962074279785
p103_00522.wav,3.363105058670044,0.7504748655031029,4.383594353181385,3.385359539016957,3.873359842176076,4.972368544791802,7.65860652923584
p103_00525.wav,2.1685147285461426,0.6977050733461251,3.4849154874842965,2.2772050541622386,2.797495060053239,-2.430936552030708,2.692875862121582
p103_00534.wav,2.9672691822052,0.8831905374458726,4.262029121509409,3.410004905956057,3.6175489093726982,8.165999017709389,8.603236198425293
p103_00539.wav,3.5505826473236084,0.8507071482374781,4.7078069043047,3.682755843154944,4.130954973608031,8.19969632138738,1.0551797151565552
p103_00545.wav,2.4249520301818848,0.8346255182300057,4.277354561420735,3.714840839855839,3.3702944555903285,16.28353250963834,9.459431648254396
p103_00551.wav,2.6110239028930664,0.90629175574183,3.539685690373802,2.8368532734037264,3.0674303824475544,2.247589618213272,7.648888111114502
p103_00554.wav,1.8724281787872317,0.6517945224590086,3.0898495173151623,2.033426448187466,2.4331337135724223,-3.2487673985223657,5.954516410827637
p103_00578.wav,2.44709849357605,0.8792679183753656,3.86214193202495,2.952547125542936,3.139677163085487,5.566609995288967,9.185450553894045
p103_00580.wav,3.02909779548645,0.7700830270104749,3.981583225429232,2.8038301497155595,3.492824221094505,-1.202172723420468,-2.6116514205932617
p103_00590.wav,2.1141607761383057,0.9222732300614804,3.3071721743208817,2.146569413695998,2.670045219943177,-3.5826554067597804,-1.3989033699035645
p103_00595.wav,2.3585081100463867,0.8244561136865732,3.385503359466907,2.24434499169208,2.848683513594492,-4.601711567188234,-6.487517356872559
p103_00603.wav,2.8576626777648926,0.8251717406985224,3.9714496198211577,2.898336894758633,3.407209886180424,1.3344602340820155,3.576138019561768
p103_00610.wav,2.5960500240325928,0.8906651540482223,4.157897846669314,3.158598273992271,3.3822472439486826,6.817333660965848,8.774176597595215
p103_00612.wav,1.8744022846221924,0.6958610193766572,3.5037548331508668,2.9482467904209027,2.67914304596506,9.536025459046291,9.634045600891112
p103_00623.wav,3.255753517150879,0.8929353876337386,4.379264972339276,3.63069130713712,3.821285795856261,9.492067163200238,10.271706581115724
p103_00626.wav,3.0201265811920166,0.9320691866380352,4.058871626800383,2.918367237842947,3.534381418034102,0.3477321776628574,2.1567814350128174
p103_00633.wav,3.2041895389556885,0.8453907159911296,4.391045677366646,3.470375919927726,3.7977772841680606,7.485425274774659,8.920881271362305
p103_00639.wav,2.180251121520996,0.8251162475857177,3.333244936250849,2.523663150110785,2.730695202602101,1.2713069889504447,5.681743621826172
p103_00642.wav,3.327100276947021,0.6235468153410441,4.538369263492712,3.915027560755549,3.933762743680013,13.583687787214169,3.253414392471313
p103_00647.wav,2.78468918800354,0.8573295780198937,4.191975448650178,3.149663122637606,3.489069383506905,5.481724171272228,7.741024017333984
p103_00648.wav,2.3438310623168945,0.7352158064661861,3.569544277969604,2.3491372796315853,2.9222001857256346,-2.357962453358324,2.9636147022247314
p103_00663.wav,3.134346008300781,0.9800656449218452,4.567903357286149,3.395061276265041,3.8723681736331375,5.856735007955469,-3.054921388626098
p103_00666.wav,2.6461899280548096,0.8933405030967235,3.958005595011908,3.0322427012561297,3.295147366755078,5.002193761956551,9.375237464904783
p103_00667.wav,2.8836705684661865,0.9052297857381169,4.186720823285955,3.2672067384642896,3.5376232927792537,6.544226027602623,6.413922786712647
p103_00673.wav,2.242783546447754,0.7864626775048087,3.5869821337750647,2.727527991714128,2.900311078772242,3.513477549655777,3.643032550811768
p103_00674.wav,2.288471221923828,0.9000639727110403,3.3929399609052395,2.653025873035552,2.820086338425611,2.281470339258986,8.462870597839355
p103_00676.wav,2.3844685554504395,0.8282976247318496,3.7726575245113088,2.586667623857985,3.0701677484874303,-0.0584189990390831,-0.3138816654682159
p103_00693.wav,3.01432466506958,0.8435756872911475,4.205623571325884,3.261317244331119,3.604564956372996,5.831268094091486,8.546194076538086
p103_00698.wav,3.194257497787476,0.924793080536262,4.485565702222962,3.7905507982198343,3.854251013287951,12.005886875119208,14.940265655517578
p103_00708.wav,2.502152681350708,0.7991186723076504,3.420527413977622,2.1232112148187934,2.920959397741349,-6.835092069773279,-9.077783584594728
p103_00714.wav,2.99273681640625,0.9456270828674332,4.149932245110218,3.0198900426537145,3.568178368998925,2.0648576436732857,4.871573925018311
p103_00731.wav,3.288440704345703,0.9639267059075852,4.509483004148894,3.3645693639577163,3.9034025276407576,4.983852630373737,9.040801048278809
p103_00732.wav,1.9690747261047363,0.8826987104706713,3.1686755291885453,2.4914742258082687,2.544126789242977,2.2765765309071733,6.825738430023193
p103_00736.wav,3.0327916145324707,0.639821012515065,4.076140989283132,3.4861604465736216,3.541609257627809,9.606140388556648,13.906603813171388
p103_00748.wav,2.7050974369049072,0.8912456621270811,4.448120973619512,3.52188859762869,3.595234091733829,11.16100085315376,8.965438842773438
p103_00752.wav,1.833256721496582,0.8953735812937713,2.911984196688095,1.81940763692318,2.3128114791816303,-5.818148656514351,-9.607887268066406
p103_00765.wav,3.1444616317749023,0.968243364046656,4.284994694094534,3.471609140800221,3.721817688896288,7.651137330005755,11.472033500671388
p103_00769.wav,3.1025757789611816,0.9448040836307536,4.353630299588187,3.530554209926103,3.732323073519015,9.014491442366468,13.496918678283691
p103_00787.wav,3.117387056350708,0.668263771629029,4.249129943767977,3.646389973706337,3.6819487272902296,10.998841090841411,13.33267307281494
p103_00791.wav,2.6244802474975586,0.7160816725143737,3.5525212878852277,2.431516461583596,3.0673669910400414,-3.704863248714352,1.024240255355835
p103_00792.wav,3.045945644378662,0.9802382486701984,4.284189225164617,3.213781579348781,3.6596456854009567,4.835877695341559,7.843353748321533
p103_00799.wav,2.663801431655884,0.8863797843236054,3.792887742534575,2.5167176765913477,3.1988211522126626,-2.29829199327549,-1.3343050479888916
p103_00804.wav,3.5640037059783936,0.7391179785525518,4.63572265264458,3.594931758489328,4.105795291495612,6.530674926754806,10.261731147766112
p103_00805.wav,2.08276104927063,0.7789548841099455,3.357564909725609,2.788779768040179,2.6957285429112154,6.123959440675431,9.167441368103027
p103_00806.wav,1.6248186826705933,0.8548519999533449,3.18330538895074,1.9569773439005556,2.377147868266904,-3.5769755004438,1.3681964874267578
p103_00828.wav,1.058647871017456,0.8085472077368597,3.1972417498793995,2.4773987001180444,2.115297769865853,8.225449109228128,7.249836444854736
p103_00833.wav,1.9357856512069704,0.7342732490645213,3.222275023387549,2.4875321675694755,2.5550237254809804,2.4208790376893514,7.429140090942383
p103_00834.wav,2.760620355606079,0.6956626109538189,4.034701610260912,3.127379304621353,3.381163770438612,6.081526803032063,11.948643684387209
p103_00840.wav,2.4288132190704346,0.7453825959642805,3.717697690919994,3.1024634478602326,3.052666061742653,8.34520463217332,10.25871753692627
p103_00844.wav,3.51667594909668,0.929639940108542,4.82887372332679,4.060553640496649,4.204343949523325,13.120016831487549,13.881192207336426
p103_00854.wav,3.7042410373687744,0.8821341417505941,4.518932111312501,3.2760414548780643,4.100065970451076,1.2170310446459345,5.294451713562012
p103_00858.wav,2.8557651042938232,0.7454810373283641,3.9541015198380935,3.1316338875798384,3.382626741117378,5.7125640066238494,9.64050579071045
p103_00859.wav,3.235548496246338,0.835582694063125,4.60475250906788,3.882215294938106,3.934516490621133,13.142695175662432,13.220520973205566
p103_00875.wav,2.0802371501922607,0.9055132013509376,3.277067296898549,2.12664930660442,2.647741960265819,-4.073514652243647,-5.544748306274414
p103_00883.wav,2.5667645931243896,0.7464081578140106,3.903955749772869,2.9575656037578755,3.2264166277382595,4.49569437356906,5.691099166870117
p104_00002.wav,2.025942802429199,0.7706735197928489,2.9116943757357783,1.970717795569456,2.4273223684815046,-5.643029110937854,-4.776944637298584
p104_00014.wav,2.9388015270233154,0.9004468670057643,3.943998042085946,3.0968853587627225,3.425709520179712,4.258715303674648,4.70889139175415
p104_00027.wav,2.6695425510406494,0.9165077422559236,3.676372345714539,2.395462482496512,3.1340086707016126,-3.837537106492469,-3.073369026184082
p104_00029.wav,2.824777841567993,0.8910298408043021,3.968966599220331,3.2749109198377084,3.3905344822716565,7.509970313347111,11.801414489746094
p104_00050.wav,1.9436731338500977,0.7002970693818991,2.7845990054202208,1.8149569473707376,2.2907091331606857,-6.088772611648007,-0.1365376561880111
p104_00059.wav,3.0463573932647705,0.8298255953540262,3.960193861265925,3.20445270057861,3.4881049887045505,5.1489750145795705,11.55325698852539
p104_00070.wav,1.8665950298309328,0.864726676332506,3.0663998117824462,2.184581440272185,2.430775123611931,-1.345160445342208,0.8281126618385315
p104_00088.wav,1.7919259071350098,0.6581492350340713,2.8308380143177976,2.034847727635848,2.2486839997880743,-1.9579445676925396,5.076611518859863
p104_00091.wav,3.661639213562012,0.7790729159129341,4.70248468027778,3.6622688142840816,4.183192709204881,7.08448185903142,13.1548490524292
p104_00093.wav,3.479005813598633,0.9660930734764274,4.713685589948326,3.942140029627956,4.115835760194045,12.062532170676024,17.649845123291016
p104_00096.wav,1.623182773590088,0.7439006253624281,2.8986829401395533,1.7993238688605808,2.206270568451853,-4.814333467765296,1.068750500679016
p104_00107.wav,2.3817174434661865,0.8125212083412038,3.878198074025218,2.976472626860861,3.1223926153820583,6.101360705493573,9.62664794921875
p104_00112.wav,2.3628172874450684,0.8943351829145496,3.6331201700317233,2.512772103650035,2.9762633174794906,-0.4704570668541745,2.5925092697143555
p104_00120.wav,3.223637104034424,0.5953047168900714,4.247816042890387,2.8257928124508256,3.7146613101201016,-1.938869664188355,-3.5867834091186523
p104_00122.wav,2.30194354057312,0.8583947306562906,3.443978047687992,2.5393266546595266,2.84632818143841,0.6369292712339084,6.977053165435791
p104_00124.wav,2.082268238067627,0.8858318072699829,3.9645631553736025,3.185139009188215,3.026187732179623,11.155339731655465,8.806634902954102
p104_00131.wav,1.765479326248169,0.8536185016873489,2.934952874314882,1.7986977691127095,2.2899365255111914,-5.629180422113263,-6.329019546508789
p104_00147.wav,1.687451720237732,0.2715569279343737,2.7466202389661465,1.6802280649067771,2.1468663570158952,-6.478795526750261,-0.5821293592453003
p104_00151.wav,2.267178535461426,0.9042415427276124,3.883143721476423,3.3305155682527947,3.0828702676643034,11.891574968087912,9.79651927947998
p104_00162.wav,3.259506225585937,0.9565988017883136,4.39829422031522,3.174110833924923,3.8261234784285305,2.503801326351373,8.407022476196289
p104_00163.wav,1.8452900648117063,0.8426290777160804,3.40327975546371,2.3021483984304547,2.598067654473373,0.2231241401437199,-6.9570417404174805
p104_00176.wav,1.578161597251892,0.8470654623181693,2.762652700963793,2.022353852764609,2.107558074340824,-0.5671708257061726,3.3724091053009038
p104_00179.wav,3.0172853469848637,0.7385629751389572,3.773074345504367,2.502890354685997,3.3583936643457317,-4.800325435408596,-1.9142537117004397
p104_00183.wav,3.2096621990203857,0.9666223721373214,4.587256562449358,3.674259915231746,3.913612863442432,9.999737071765942,12.356867790222168
p104_00185.wav,3.494004726409912,0.9543590287921304,4.757450593234973,3.944657833795337,4.146858967840472,11.914980395803262,11.750985145568848
p104_00186.wav,1.4087804555892944,0.7658317555903154,2.97757907922838,2.1460901726456654,2.140696447161817,2.165278590598618,1.1447149515151978
p104_00188.wav,3.445446491241455,0.8608940851101098,4.381253215554038,3.280639976250945,3.907782045639644,2.949426228987872,6.619804382324219
p104_00197.wav,3.073533296585083,0.8592871796582127,4.170966349530142,3.149334371396466,3.610590641836112,3.8965605398916936,10.14808750152588
p104_00201.wav,2.3016977310180664,0.7284455177099707,3.310719728990172,2.622142065171489,2.7742506424030857,2.202170855278547,9.196819305419922
p104_00202.wav,2.995487689971924,0.7880240145960784,3.754419311383515,2.4971937554923422,3.338842432911996,-4.757878585752119,-3.025690078735352
p104_00205.wav,2.820633172988892,0.8470728710226972,3.812050431207689,2.6478585863638697,3.2950432861653014,-1.7367460660496314,0.6959811449050903
p104_00210.wav,3.067882776260376,0.8941618913798156,4.203337849648849,3.4611554888263445,3.633321247942377,8.471434282318937,14.12710666656494
p104_00213.wav,2.470165014266968,0.7028868022367479,3.45658864918399,2.3041904520718512,2.918449066167724,-3.53022146902413,-3.22083592414856
p104_00219.wav,2.1728291511535645,0.8455686305860883,3.3082018429471787,2.05941856838079,2.6985596947345964,-5.339614164434582,-1.764418363571167
p104_00226.wav,3.100104093551636,0.8908909889425276,4.141218627625749,3.214150308347324,3.6077120659774056,4.789622272858394,13.017436981201172
p104_00229.wav,1.8227293491363523,0.8349905230658108,2.891379902592845,1.9378365476257176,2.298233308531799,-3.9020631905529006,4.229626655578613
p104_00230.wav,2.794002056121826,0.898539653229929,3.956083897863096,3.425411267082412,3.3735209258108325,9.914841787482231,12.427522659301758
p104_00241.wav,2.069635391235352,0.9257212386543524,3.218444009944825,2.285606636287255,2.6224379913352758,-1.876114031205806,-2.141088962554932
p104_00249.wav,2.886582374572754,0.8824372845027851,3.857900227776984,2.5960686545765816,3.341236805133462,-2.622029593880539,1.2051583528518677
p104_00257.wav,2.481450319290161,0.8709452743658175,3.9590450565146,3.1833283725253123,3.215540324385909,8.515333485282378,10.529070854187012
p104_00261.wav,1.5835025310516355,0.8815901691397832,2.968977463211508,2.1691867370413096,2.2420932203497665,0.4374721635108985,5.36685037612915
p104_00263.wav,2.0020205974578857,0.7732796715721154,3.0872518312765456,2.290414343556009,2.4988669579723006,-0.2227350421920708,6.050403594970703
p104_00264.wav,2.3008995056152344,0.8949768872702851,3.4834138710995157,2.920502987324879,2.8766678456605894,6.199834581569523,10.359521865844728
p104_00269.wav,3.3452746868133545,0.952969134054215,4.624102057759185,3.9673280089118887,4.004364624920154,13.449131319375208,18.2322998046875
p104_00272.wav,1.670150876045227,0.840704000807771,2.695223099831189,1.5578138958565757,2.103823213585387,-7.905837356400371,-10.885330200195312
p104_00276.wav,2.5225417613983154,0.9575682365052292,3.805661873353471,2.583394962612448,3.153585919757228,-1.0378659173644895,-3.051991701126098
p104_00282.wav,1.6160030364990234,0.8481870934428418,2.6360412077750257,1.6484466594149343,2.0681509459930782,-6.986810827286312,-8.420863151550293
p104_00284.wav,2.127484083175659,0.8816113821610255,3.5571887171604226,2.2912077908025745,2.8159069857472225,-2.0370237739840187,3.240163803100586
p104_00285.wav,2.422549247741699,0.8834879381046097,3.7995544301687016,2.9553254599229675,3.0963316224103963,5.788484583295595,4.431260108947754
p104_00288.wav,3.0055527687072754,0.903254637105444,4.243355921052083,3.4483016228992738,3.625651291833163,8.56881210957792,11.577353477478027
p104_00292.wav,1.9350906610488887,0.8087352309488748,2.7438515010854547,1.8011880534932443,2.2755190614006486,-6.6571805630890974,-5.468419075012207
p104_00297.wav,3.8790395259857178,0.9645182877380388,5.0,4.279800004066152,4.546466083078268,13.726859246969068,15.5228910446167
p104_00302.wav,1.686633586883545,0.8692467088212282,2.768107652339191,1.960138755336231,2.1678430297358933,-2.500918582645965,2.0030922889709477
p104_00303.wav,1.5898494720458984,0.8082780426116544,2.7343372271049025,1.6749073562655443,2.105545864818787,-6.442928563568735,-8.841465950012207
p104_00308.wav,2.0660791397094727,0.890348252696954,3.8419998876505512,3.001265642925972,2.950093592232985,8.665111662405417,8.294183731079102
p104_00318.wav,2.6609866619110107,0.9227507263105904,3.861226818573025,3.017038555724985,3.250663839135924,4.816063859910031,5.147047996520996
p104_00344.wav,2.4945199489593506,0.9208090404688452,3.61376703589095,3.0424863939603943,3.046960610069632,6.329471192169908,8.33165168762207
p104_00348.wav,3.1620514392852783,0.9398192270255528,4.502975252687537,3.85115701340546,3.850211899884588,13.055337914523353,13.71572494506836
p104_00356.wav,2.1561203002929688,0.8980124814983322,3.141552649078174,1.896897044640856,2.5742346358350088,-6.34000762554524,-10.624967575073242
p104_00357.wav,1.5583887100219729,0.8568458552127328,2.8266421895210314,1.9236128993319663,2.137205551387179,-2.3278089784978717,3.039041757583618
p104_00358.wav,3.134641647338867,0.9517654645961776,4.427369060648447,3.350977783042329,3.784489322558584,5.952330221846058,6.721695899963379
p104_00359.wav,3.194042682647705,0.9421990043373666,4.518035154914226,3.4560521860412625,3.873387156245363,6.56192627816933,6.890649795532227
p104_00360.wav,2.9576902389526367,0.9466462396329736,4.067321500155596,3.3241755720809127,3.519994627960685,6.6928665211557865,9.190546035766602
p104_00361.wav,2.3436923027038574,0.9219740234413992,3.6362006889176,2.6358324145238745,2.982756514586045,0.9839382024008136,6.913773536682129
p104_00362.wav,2.9648494720458984,0.9704935860259648,4.393418714213212,3.702960196386848,3.6978483680919054,12.123075129948624,14.391679763793944
p104_00363.wav,1.8963420391082764,0.8894186273552268,3.034866458248697,2.314162821044028,2.426576076538015,0.6415238898495451,4.138494968414307
p104_00364.wav,2.340724468231201,0.920504879728801,3.3394972026424923,2.12500782382344,2.7971821647946387,-5.496145775269289,-5.639097213745117
p104_00365.wav,3.594132661819458,0.983863647560593,4.8326480801916105,3.603924394206456,4.232307003071188,5.858242848766997,6.515915393829346
p104_00366.wav,2.76172137260437,0.9574677872065774,4.155484831326182,3.2542914528465205,3.462951501890195,7.156524724504313,8.663969993591309
p104_00367.wav,1.9795067310333248,0.94740505928365,3.530398295813735,2.8603464944760923,2.7540987928396747,6.963328056611494,6.526181697845459
p104_00372.wav,2.2182955741882324,0.922756180726406,3.297229434894874,2.4128524627424204,2.7184714852976493,-0.1808072376020557,4.632437705993652
p104_00378.wav,3.3443610668182373,0.9533048433140098,4.62858566428502,3.653638493713976,3.9969156425050594,8.88302532408376,12.246393203735352
p104_00386.wav,2.286478281021118,0.8767717337661585,3.3519894605474723,2.5821269092574237,2.770150130857526,2.4292778594899174,9.682015419006348
p104_00406.wav,3.5459837913513184,0.8395405338352128,4.651242762425676,4.001010311229318,4.1117807330510745,12.788702855054607,16.45612144470215
p104_00410.wav,2.3458733558654785,0.7676667730697664,3.2868683213314123,2.4476385281213027,2.7705193437320945,-0.2785527611063635,8.694860458374023
p104_00412.wav,3.359286308288574,0.785397596338469,4.572091587524412,3.449161404823574,3.969463390783056,5.827205904362548,6.718791961669922
p104_00415.wav,3.0652098655700684,0.9079922818689532,4.234866920694048,3.5789148877828487,3.6555850404596857,10.011717240444442,12.209774017333984
p104_00423.wav,2.993914604187012,0.8668818506043419,4.10228662016216,3.495863519149179,3.544811049313831,9.622291289324622,15.687929153442385
p104_00430.wav,2.190360307693481,0.9213780166384204,3.427142977689215,2.592408304486151,2.782215755631256,2.299241942342228,3.4342029094696045
p104_00433.wav,2.295206069946289,0.7438667944441197,3.4602951426162383,2.8418616729331885,2.850813314288122,5.5003950451102845,11.479305267333984
p104_00434.wav,1.981500625610352,0.9537510154885308,3.1275628741599744,2.124460251794761,2.5258155917802574,-3.4613835777006554,-2.3284623622894287
p104_00449.wav,1.4563580751419067,0.8061348411162557,2.477268231391824,1.8455235176557525,1.8818367070045885,-1.4710261458297118,1.323222041130066
p104_00450.wav,1.5963518619537354,0.8669123384706166,2.763054446206405,1.58744283530923,2.1140753269653554,-7.482169849960835,-11.235408782958984
p104_00465.wav,1.8708350658416748,0.7690366489319447,2.878955723110713,2.2503050160602798,2.318396862455849,0.6022746313335009,9.06096649169922
p104_00491.wav,2.6992902755737305,0.92319337447376,4.428382728317208,3.599760727039113,3.583656793320805,12.389301144113109,10.837382316589355
p104_00492.wav,3.345076084136963,0.967829099097762,4.660111254947823,3.8905925629934335,4.026608085012732,12.03758173438654,14.53114414215088
p104_00495.wav,3.2818517684936523,0.9677840962741902,4.796033355709357,3.9194226786361255,4.068814450395098,12.688449512777987,14.925536155700684
p104_00497.wav,2.9415760040283203,0.8470067995418,4.137315934809626,3.4710814473307603,3.5381841405249683,9.521494766877495,11.887510299682615
p104_00499.wav,2.937744140625,0.8859961002365192,4.193072332747643,3.501297399562544,3.562546472375987,10.093871661605498,12.432403564453123
p104_00503.wav,1.6607387065887451,0.716055111243446,2.451161979899365,1.8776198954443144,1.9733496085814477,-2.569425420506407,6.127039909362793
p104_00504.wav,3.0406975746154785,0.9123300770506056,4.1823565745075015,2.8275694328523824,3.6016716951340357,-1.0495609686136402,0.026555823162198
p104_00507.wav,2.336987257003784,0.8203742143832042,3.415654585592537,2.548839672029849,2.8418618086674794,0.8775685461085184,6.237383365631104
p104_00508.wav,3.366006851196289,0.8301787385239228,4.2334379845635866,3.3528330155891664,3.79047942793029,4.858450084462068,10.52934455871582
p104_00509.wav,2.4215786457061768,0.7174234677927037,3.450936651829049,2.65074298234459,2.887650805932728,2.4913251118015145,9.622611045837402
p104_00510.wav,3.135021209716797,0.9517697424084932,4.483155197582125,3.527394293941829,3.819695015378247,8.429997961386071,11.744193077087402
p104_00518.wav,2.3129286766052246,0.8468551837488977,3.585242467396033,2.4689764251648407,2.9131844479203166,-0.1674448090811499,4.026894092559815
p104_00520.wav,2.991555690765381,0.8322559271711651,3.7706370185458247,2.605494177484237,3.349888759970873,-3.2276296966222824,0.688328206539154
p104_00529.wav,2.584465265274048,0.8999004153629148,3.7999398374715785,3.1513380505885715,3.180886017110403,7.556705275695933,11.85303783416748
p104_00531.wav,3.2771244049072266,0.7087105851639401,4.236457413596344,3.3187566928690675,3.740060137630807,5.30207222830796,9.11683464050293
p104_00535.wav,1.615006923675537,0.810303046492901,3.2667223498876363,2.550008026810172,2.4104197640791747,6.055138764656517,6.920241355895996
p104_00541.wav,2.7772908210754395,0.8070434580667817,3.8630654143517846,3.194481617659882,3.3064290095418998,6.92109932716165,7.01719331741333
p104_00544.wav,2.762026309967041,0.844999452843047,4.053623251435315,2.795292102966247,3.392377055774451,0.7516766352977091,5.004584312438965
p104_00555.wav,2.176963329315185,0.9231283359110076,3.637108567038721,3.055166900396174,2.894820044223545,9.08993191431476,8.57750129699707
p104_00588.wav,3.5185344219207764,0.7598940261857406,4.520078077610716,3.0453675900842194,4.007561335239505,-1.0663105882541104,4.9324727058410645
p104_00594.wav,2.337133407592773,0.8872754481336439,3.5972096620081238,2.944473155386125,2.95011695720937,6.370125965525784,9.354297637939451
p104_00598.wav,2.0115010738372803,0.9176874339953284,3.199870072030441,2.0782279872709246,2.57056246567686,-4.141744452489015,1.1451241970062256
p104_00624.wav,2.7011842727661133,0.8550076874151288,3.842489063869063,3.1605447873669017,3.2549967619079068,7.0815945183561615,12.013277053833008
p104_00634.wav,2.9340660572052,0.9005537848010458,3.901048284481506,2.577447394540206,3.390930029247424,-3.4649718863821417,-2.957602500915528
p104_00640.wav,1.5481445789337158,0.6710639263576951,2.590439890292725,1.5379889469104977,1.9964037780969404,-7.57356057827556,-12.181901931762695
p104_00641.wav,3.36611008644104,0.7847285288847567,4.427464663956534,3.7761806131612152,3.898098854010182,11.091702971860991,16.39105987548828
p104_00652.wav,1.8665237426757808,0.865889880177572,3.0272820787460963,2.213559675300332,2.4065484585895773,-0.6763873590034634,5.309638500213623
p104_00662.wav,2.766941547393799,0.9550258525871652,3.931439739224877,3.2238787497692334,3.349969164522185,6.816586461603732,9.005500793457031
p104_00669.wav,3.0888946056365967,0.8468672556710146,4.269138772250389,3.336929853142558,3.676396979425366,6.352296467891954,9.98190975189209
p104_00670.wav,2.234485626220703,0.8084808906418371,3.359658090271329,2.4987890267608424,2.758713356293659,1.01619959786877,7.595563888549805
p104_00671.wav,1.8351755142211916,0.7273060872811383,2.9001454706186034,1.9149342695237743,2.3133368620399897,-4.556403855859378,2.188565254211426
p104_00677.wav,2.946985483169556,0.768031272544575,4.16455016297461,2.795283386462447,3.5398357148258244,-0.6018747018256215,-4.606206893920898
p104_00680.wav,3.32415771484375,0.8914126558427837,4.3695882089400815,3.502073784589081,3.8449616923442926,7.198115626451134,12.924748420715332
p104_00690.wav,2.4127604961395264,0.6709729234944601,3.4705100069,2.392056911300681,2.9037083074886856,-2.0224678461792944,4.439882278442383
p104_00701.wav,1.3361040353775024,0.7063447559457056,2.93760580284625,2.4992002633709425,2.0941500156838195,7.879171076151794,7.311222076416016
p104_00703.wav,1.4030216932296753,0.7970490823555297,2.384176111875022,1.5091212369129967,1.797753890391589,-5.92890921649497,-1.2673813104629517
p104_00705.wav,1.7789545059204102,0.6714858911991025,2.5116240800812584,1.8240502459318368,2.0680391876897044,-4.533031980583784,6.249856948852539
p104_00707.wav,3.4490437507629395,0.9584619842343668,4.794082543598809,3.990221872266897,4.143107326866267,12.94740422987071,15.747879028320312
p104_00711.wav,3.3912627696990967,0.9416909480990284,4.6023704931303815,3.8338050708507008,4.0083540882404405,11.35176837008017,16.581708908081055
p104_00712.wav,3.17134952545166,0.9600707823245308,4.362037214114388,3.531360583891567,3.772214157199528,8.462318502638006,11.741025924682615
p104_00713.wav,1.582249879837036,0.7888238163163569,2.748111050534757,1.817922585913168,2.087690836974642,-3.1956302531122955,1.0701990127563477
p104_00718.wav,1.913273811340332,0.873835396540977,3.193077843672697,2.400694930617035,2.516899428382263,1.7521107659370674,5.196824073791504
p104_00749.wav,3.0789670944213867,0.8949864281041452,4.318870015396676,3.49385420837563,3.700621441145416,8.720537557030951,6.667634010314941
p104_00750.wav,2.026156425476074,0.8280404080921927,3.1316259042538905,2.1494629576828723,2.5235626411443386,-2.221481978518315,6.745779991149902
p104_00761.wav,2.4943833351135254,0.8567487408896943,3.6857712121487936,2.933205582754847,3.0709937760100394,5.112484465893809,8.237788200378418
p104_00771.wav,2.1910316944122314,0.8329200036244065,3.326411856404764,2.7784575619478526,2.7412659089252456,4.858182796390172,9.54462432861328
p104_00772.wav,2.1369760036468506,0.8247077340930496,3.004953461853112,1.9968592410018915,2.5116648646031097,-5.271809259478078,-6.163037300109863
p104_00775.wav,2.577685832977295,0.8829404530093133,3.7158886755437295,2.5868362197198067,3.119282538083493,-0.631453018103467,3.1483683586120605
p104_00790.wav,1.9966344833374023,0.8759929806663219,3.0979313512884894,2.0205251633198453,2.5032796357854474,-4.545952860745211,-5.962086200714111
p104_00794.wav,1.846150517463684,0.8417025847672621,2.99787338058193,2.552078781285444,2.3936640994059126,4.321200915404849,7.369930267333984
p104_00797.wav,2.215773820877075,0.7405948789156369,3.154727761869053,1.9916287067246543,2.633298817140256,-6.275232941746451,-8.74106502532959
p104_00809.wav,3.2148659229278564,0.921934197554186,4.324723773093997,3.6438483095093126,3.7772566846572455,9.845658612880774,14.620195388793944
p104_00814.wav,1.6830642223358154,0.8519746005581451,2.673537030548406,1.796544880642612,2.1117428614685445,-4.751479450142782,-0.5689243078231812
p104_00823.wav,2.420046806335449,0.92396566413357,4.2134290440061015,3.325373088838546,3.32894183935257,10.450140614141224,10.038896560668944
p104_00825.wav,2.746938467025757,0.9496602102755088,4.148708965891456,3.5139300343728825,3.4599124926477955,11.046391986522488,7.450590133666992
p104_00827.wav,2.4179024696350098,0.9087832241564172,4.19746337718327,3.2970728701635106,3.315240504959515,10.22315363934213,10.213031768798828
p104_00830.wav,1.9490046501159668,0.8149335173218518,2.9839093456205896,1.808207002879971,2.4092559911967486,-6.971434656195121,-10.10976791381836
p104_00832.wav,2.8436944484710693,0.7634828970294896,4.098611356523159,2.756444535332856,3.4526925507239383,-0.3388090772580671,0.5145242214202881
p104_00856.wav,3.393667221069336,0.8858524520256772,4.63356758899357,3.824263012149821,4.025659968104078,11.156995840901418,16.534408569335938
p104_00860.wav,3.06718111038208,0.7206818701529635,4.1029168847668025,3.3630250839726585,3.574117724071007,7.310496298696689,13.388530731201172
p104_00862.wav,2.635967969894409,0.735715997758329,3.709814575291793,2.895810410524452,3.149059863065508,3.682252170175959,8.49590015411377
p104_00864.wav,1.6407554149627686,0.7871544788584495,2.7325188411526597,2.057113888405093,2.133292667683864,-0.8921887610775715,4.422176361083984
p104_00866.wav,3.0908374786376958,0.9246651184482524,4.139965326999531,3.0625575821017845,3.6108767764065792,2.08062097592475,3.582284927368164
p104_00871.wav,2.531669855117798,0.9177848513075072,3.770347159380563,2.513239027193919,3.1301035537433624,-1.7572004500512035,-3.361454486846924
p104_00874.wav,2.3032925128936768,0.853410602363979,3.5329161219049627,2.5675340360442878,2.8910527131408545,1.083665664100592,3.118149757385254
p105_00008.wav,1.5087132453918457,0.6876527145047443,3.3357128347088936,2.255477126690246,2.3978583327939065,1.887563021687238,1.0103480815887451
p105_00018.wav,3.0412752628326416,0.9313316490658964,4.299318864699904,3.4751104131738435,3.679773239724631,8.360359819434631,12.034528732299805
p105_00021.wav,3.284344434738159,0.92825332165853,4.708701561792997,3.763597223023617,4.015279706107221,10.695735263525908,11.089648246765137
p105_00023.wav,2.191643238067627,0.6668810144355958,3.933344799532539,3.2514116098849746,3.056853983482064,11.775320770999972,11.468585968017578
p105_00025.wav,1.6777194738388062,0.8032023935467888,3.0001032902921883,2.463530757832902,2.296570399403289,4.773054874212656,5.062378883361816
p105_00034.wav,2.406303882598877,0.8000490999374952,3.656304894845181,2.3886457962220056,2.999722774341457,-2.3284942309172867,-5.413732528686523
p105_00035.wav,2.4383645057678223,0.6844731111304599,3.931354048238625,2.7330109346769462,3.1687050861825603,2.1922184258130537,3.497504711151123
p105_00038.wav,2.743447780609131,0.6598684865714896,4.223672225454373,3.315128999544789,3.4749665819739066,8.819755715726146,9.7984619140625
p105_00042.wav,2.166942834854126,0.6010290968449525,3.838345615536772,3.134833042552879,2.990261865276241,10.414103131616754,8.947016716003418
p105_00046.wav,2.890493154525757,0.8841799114444057,4.208543958705925,2.822627845422196,3.529053916906304,0.4434206948714024,-0.2032259702682495
p105_00048.wav,2.8242647647857666,0.5955515642192,4.126726664290729,3.25331667246034,3.464589056989917,7.355400352480319,8.64724349975586
p105_00052.wav,2.986147165298462,0.6837871042724389,4.172016325439805,2.9836478146451126,3.56111666949104,2.1882436347278755,6.368213176727295
p105_00053.wav,2.448372364044189,0.7773567473219959,3.563890627037904,2.7704559028898523,2.9832605641819523,3.048107639091155,6.2807698249816895
p105_00055.wav,2.0096566677093506,0.7940982679519198,3.461956035427683,2.388168656784744,2.707471918951764,0.4643819071402941,6.683706283569336
p105_00057.wav,2.853180170059204,0.5996879168313943,3.8543202093829896,2.5144844748426314,3.321945673909427,-3.635259481771583,-1.0111780166625977
p105_00066.wav,3.092489957809448,0.946058263192583,4.548866578665159,3.807018488372522,3.8379334398970992,12.881916142332736,15.606271743774414
p105_00067.wav,2.8039298057556152,0.4690645307393767,3.7871252205893375,2.110284693116766,3.2313450347251056,-8.254489091843105,-8.635214805603027
p105_00079.wav,3.2771267890930176,0.8508037365494394,4.488063940001691,3.086215473658196,3.8703314986320185,1.387183572074598,1.1304923295974731
p105_00080.wav,1.232434868812561,0.6987503315775528,2.9426778118012837,1.6949435150786163,2.036073707373242,-3.7367220385152113,-12.7418851852417
p105_00082.wav,2.901458263397217,0.6906363112046873,4.032981662892846,2.5341055966315684,3.43350597606254,-3.61454750902639,-6.397346496582031
p105_00087.wav,2.1710777282714844,0.7903354964043197,3.236247849879006,2.0686330114162588,2.661815485368768,-5.177525866464756,2.4936411380767822
p105_00095.wav,3.4901819229125977,0.821744486561125,4.463194676762441,2.9202007047546314,3.9568062432425433,-2.479565753692072,2.4370381832122803
p105_00113.wav,2.6830997467041016,0.8955241311699089,4.158856387228438,3.0561139560350785,3.4238740262330727,4.6538096704156136,2.018712043762207
p105_00114.wav,2.842947006225586,0.7348937666348574,4.219646952370574,3.207812500187642,3.524909393375617,6.286398235381348,9.490897178649902
p105_00115.wav,2.7750790119171143,0.9237455441923994,4.09771577318659,3.0323906252625314,3.4354772532515443,3.7741737984322974,5.121427059173584
p105_00148.wav,2.917867660522461,0.7802929533245149,4.3536088631173495,3.191472898931008,3.63769340545266,5.093070277941584,0.6916583776473999
p105_00153.wav,2.094434261322021,0.7214235385254341,3.5280643716463547,2.299340415475269,2.778314907102736,-1.3746835928046754,0.5672692656517029
p105_00154.wav,2.426478147506714,0.6017219165767347,3.883000506535467,2.9908372656358466,3.138930055063521,6.362264185775461,6.7990922927856445
p105_00156.wav,3.2127835750579834,0.9439648292959468,4.547801003485846,3.4565132837946098,3.898049398800436,6.409951363178273,9.421306610107422
p105_00164.wav,2.942143440246582,0.8071861398605298,4.203155000187634,3.3210831706208905,3.565321311432095,7.396606865300478,12.096809387207031
p105_00168.wav,2.348042726516724,0.6267527501310208,3.8508101295948447,3.046112782129869,3.0877258632101685,7.640028348606164,7.215707778930664
p105_00172.wav,3.3195576667785645,0.8135567854278878,4.509001076527309,3.4587665415041884,3.914537876820224,6.43407321180768,7.069094181060791
p105_00174.wav,3.211405038833618,0.714016899842383,4.519510611619314,3.2735919752113705,3.864684603861362,4.336054119015265,6.028080940246582
p105_00175.wav,2.153899908065796,0.9073733541618568,3.501810946189971,2.563834559208279,2.820927343672863,1.242455957194494,5.87274980545044
p105_00177.wav,1.640235185623169,0.5310038058263699,3.064882537138472,2.0655460944208928,2.3099791899510547,-1.2643750296632468,1.7676323652267456
p105_00194.wav,1.8752083778381348,0.6505046121952539,3.290108845276025,1.8717455472859448,2.5363378435252395,-5.931265034648635,-1.029853582382202
p105_00206.wav,2.026878595352173,0.8253424565898505,3.244005873687241,1.7876287968463334,2.564143486063754,-7.278598703858297,0.8365368247032166
p105_00209.wav,1.306929111480713,0.5253083577875944,2.7921736235079933,1.6361401933972837,1.9970251689451488,-5.156933429693382,-2.6889963150024414
p105_00218.wav,2.9175596237182617,0.5969420476904791,4.137657055622211,3.0562644406407684,3.5125596993228485,3.7214615003107694,7.538130283355713
p105_00231.wav,1.5289349555969238,0.6800518608738637,2.6485234358005503,1.6451939540198066,2.0047578318539365,-5.248261449833202,0.8188181519508362
p105_00243.wav,2.565281629562378,0.7260177109532953,3.456393826013822,2.1064013993755526,2.951263317681278,-6.725262891296868,-4.911421775817871
p105_00246.wav,3.2088072299957275,0.8963965062012854,4.647230451924667,3.815901519742909,3.943762897839295,12.221876416376826,10.982361793518066
p105_00248.wav,3.288893461227417,0.7836737758062384,4.401492941378881,3.364691329769406,3.835795665814488,5.603710927700289,12.0943603515625
p105_00255.wav,3.1871352195739746,0.6620701078316097,4.379698875768702,3.460891451246662,3.77786249542936,7.713522002654564,10.291730880737305
p105_00260.wav,2.4732980728149414,0.9073733435181628,3.9309014915827913,3.0154538105924305,3.2033719138904613,5.650289594077746,7.102738380432129
p105_00265.wav,2.4209625720977783,0.6486626580583101,3.65586859002264,2.211199777455425,3.005486154421517,-5.193680871883904,1.113657832145691
p105_00267.wav,2.54642105102539,0.9315629514495144,3.871116621487218,2.979541613707082,3.211885530738509,4.466574404281424,7.694077014923096
p105_00271.wav,1.5249791145324707,0.6060139875855051,2.984434481918577,2.157436739081372,2.1948698190875677,1.8124291514762327,2.096231460571289
p105_00275.wav,2.220353126525879,0.6176438712836517,3.175251472132426,1.9370436517640288,2.6360254514340906,-6.744727172869381,-0.6440964937210083
p105_00294.wav,1.8667552471160889,0.579538759712806,3.306635098646187,2.12263760089699,2.5408202101653643,-1.907974992381904,0.8091157078742981
p105_00295.wav,3.4259982109069824,0.7451255325930789,4.746960711576494,3.600942387229016,4.090926696034109,7.696496824924644,5.457447052001953
p105_00298.wav,1.4961073398590088,0.6640705865256206,2.480512840583125,1.4360123767232125,1.8732892305701463,-6.940715195198485,-8.181456565856934
p105_00300.wav,1.138762593269348,0.433487220401085,2.653736263662318,1.5197631267575775,1.8278426264543333,-5.0505417468482525,-4.990185260772705
p105_00301.wav,2.747936487197876,0.873849312177144,4.155230052307302,3.2294105989010173,3.4535132917560247,6.9697439168642425,7.506404399871826
p105_00304.wav,2.035843133926392,0.8478058559682434,3.2559299282669025,2.5773678595332306,2.62914429482852,2.785899781804817,6.1450910568237305
p105_00305.wav,2.5457799434661865,0.727570881154016,4.096634737093286,3.384437790710393,3.31532053862948,11.270767469336148,12.641812324523926
p105_00311.wav,2.660375595092773,0.6801916656111803,4.054046477475518,3.1046042815212456,3.3461833076302594,6.215625575337381,8.178468704223633
p105_00314.wav,2.868812561035156,0.914203031917164,3.90674867625299,3.0497133810958323,3.3795039269344582,3.703022829496867,8.357828140258789
p105_00315.wav,3.039034366607666,0.738852305748,4.393618683321376,3.654223080590419,3.718059967356462,11.550973783491129,13.307403564453123
p105_00320.wav,1.109514832496643,0.590351237670135,2.6036792416164403,1.7174270087993664,1.7971171114334945,-2.0854580484674865,-3.0900230407714844
p105_00322.wav,3.3338568210601807,0.9132777889542868,4.815052832670427,3.9593911128776806,4.096918883593238,13.264013792181927,16.274545669555664
p105_00325.wav,2.422523498535156,0.8877016732598059,4.053775491569176,3.2761860524473008,3.2443193237058927,9.934090554274796,7.545746803283691
p105_00326.wav,2.729336977005005,0.7750217166490274,3.580992070442212,2.296412385993183,3.115383701739037,-5.803489984791921,-4.2026214599609375
p105_00329.wav,2.7728304862976074,0.7936296722609274,4.192288281743776,3.1833881324619298,3.47857501380404,6.3124118460518135,5.38929557800293
p105_00336.wav,1.4918400049209597,0.5920598188967018,3.0314331857602634,1.7059873414954152,2.21001643863617,-5.476303803016361,-4.491203308105469
p105_00345.wav,2.026123046875,0.8672068366567074,2.809645737504398,1.857418245885096,2.3477749482967374,-6.17116663927777,-8.352581977844238
p105_00353.wav,2.147297143936157,0.8496338613159631,3.5072085241297324,2.305415772147453,2.7954072952766205,-1.713514189920088,3.294172763824463
p105_00354.wav,2.1885616779327397,0.6176414177077287,3.4377584869628146,2.5733608510095105,2.7680420440410978,2.8277310203046007,1.1897621154785156
p105_00368.wav,2.5648505687713623,0.8694175592911517,3.988476131316197,2.9046438224277744,3.265126724768907,3.774971132753669,7.167974472045898
p105_00377.wav,1.8958590030670168,0.8408771977271622,3.556332619404809,2.8710692686249275,2.712941176123774,8.289084059621185,8.878183364868164
p105_00383.wav,3.370345115661621,0.7455403299171136,4.502985712258992,3.5365088194680947,3.929223593028992,7.633761141248514,14.265132904052734
p105_00385.wav,1.9951345920562744,0.72789994938825,3.21757379402468,2.365881672525493,2.5606323584942547,1.009859449661138,4.866028308868408
p105_00389.wav,1.814881682395935,0.7578856585622202,3.0525713566130035,2.067384916266173,2.385138591529097,-2.256042266119952,3.604881763458252
p105_00393.wav,2.4313502311706543,0.8750710660261973,4.076665276478967,3.353779831981443,3.2618802212620404,11.023230735382867,9.621129989624023
p105_00396.wav,1.372140407562256,0.5795580892673385,2.907384304327664,2.266347057197616,2.0943223530637733,4.041293716895254,3.6898467540740967
p105_00413.wav,2.511893510818481,0.8739737870798776,3.9237028285489215,3.284295094888652,3.2191488108468627,9.630530760077336,9.802704811096191
p105_00420.wav,2.489930391311645,0.7170825253581192,3.874112925497544,3.0130307392181006,3.1652271638708687,6.291350032717341,8.279048919677734
p105_00427.wav,3.3408350944519043,0.7516563828341356,4.372581447376311,2.7172521038138004,3.83036477187245,-4.30611809255537,-0.8483309745788574
p105_00451.wav,2.9877333641052246,0.6750096024875214,4.219190461702543,3.56011314646961,3.602316573236369,10.5806870952362,13.0352201461792
p105_00460.wav,2.243903636932373,0.8664102146230582,3.699029270589795,2.9198454171749755,2.9571732601516127,6.533614303349477,6.780803203582764
p105_00467.wav,2.084295749664306,0.9241521066309628,3.707662396688832,2.766441451969466,2.895086910149318,4.683347733786851,8.315113067626953
p105_00488.wav,3.4970362186431885,0.6948123933738538,4.574032131327727,3.599659977048648,4.030689432428899,7.580601089384634,9.952685356140137
p105_00490.wav,2.260240077972412,0.8784635052306461,3.722968054731175,3.041861759228963,2.9806758718217523,8.199184513759795,9.670646667480469
p105_00514.wav,1.8682852983474727,0.718600236212567,3.45191576296378,2.786855997862598,2.644776146512894,7.262317936099889,7.62658166885376
p105_00523.wav,2.056434154510498,0.8371108496326009,3.367835345095625,2.397770533024053,2.6862722371517003,0.1732749693084573,4.27000904083252
p105_00527.wav,1.958345890045166,0.6144587574715477,3.615240173352241,2.8324207057100184,2.768596753414518,7.431001739361925,6.288552761077881
p105_00530.wav,1.4993270635604858,0.6180252431774695,2.756566732360461,1.422467208427413,2.0336012938441046,-8.11992522025819,-13.19044589996338
p105_00536.wav,1.997363567352295,0.8715907690789105,3.490073258139544,2.125245331313559,2.714314884965889,-3.574328323573637,2.0854625701904297
p105_00547.wav,1.3863298892974854,0.7945830829826761,2.5929184743354865,1.612962467195996,1.9225925279779283,-5.449476162832545,-9.784623146057127
p105_00549.wav,3.392653226852417,0.9599471046365284,4.822558078006717,3.93142631566237,4.133255629085509,12.245711895023396,14.220670700073242
p105_00553.wav,3.120497226715088,0.932066720584031,4.431657649339053,3.5155648388606178,3.782559261243401,8.536505200366946,11.579233169555664
p105_00574.wav,2.263319969177246,0.8428374332605132,3.6784450588491606,2.727949768606593,2.9605432118552297,3.172580013693474,4.540228843688965
p105_00582.wav,2.4431045055389404,0.8909305250938985,4.107868992524917,3.1884166069839743,3.280806778792203,8.42092363279203,7.5732035636901855
p105_00585.wav,3.3678297996521,0.9508332580066642,4.584515155840148,3.747479375820223,3.993174872243519,9.915317324525391,13.767230987548828
p105_00587.wav,2.7860257625579834,0.8343866428288481,4.026463213797784,3.1443185632336768,3.398033555362996,5.798998915052644,6.840462684631348
p105_00593.wav,2.7801554203033447,0.7119597106743525,4.106869836699811,2.510484851806643,3.420083041875918,-3.55668474686692,-10.607887268066406
p105_00599.wav,1.0881404876708984,0.6896602505504184,2.2502036226627635,1.3036184160328013,1.574626458936609,-6.913551813294644,-13.976115226745604
p105_00606.wav,1.907459020614624,0.7945179612930763,3.3824769065527125,2.5151173559500184,2.6149724517528528,3.314182204707751,5.677313804626465
p105_00619.wav,2.3583526611328125,0.6930563459764343,3.6472017391644167,2.2041382576978927,2.958892697213265,-4.360825979396743,-1.4790654182434082
p105_00620.wav,3.690612554550171,0.7411542141053497,4.802594647212004,3.915884086309786,4.249343744729679,10.815005654984102,15.769977569580078
p105_00632.wav,2.4916319847106934,0.7626175007506769,3.8674428836910937,2.987290883217278,3.1660835518419543,5.723772276538537,2.901160478591919
p105_00645.wav,2.419697523117065,0.6654027211978283,3.6388354365395545,2.685475538775993,3.0072218787238247,1.866075191054036,5.52793550491333
p105_00646.wav,2.855313301086426,0.8685163209686256,4.303280794492675,3.4577573126210024,3.583241233405785,9.698493691410723,8.359521865844727
p105_00653.wav,3.1379237174987797,0.732535894586187,4.3004790936926405,2.8802751769126096,3.7010070040259695,-0.5746118485384731,0.2439115345478058
p105_00654.wav,3.232316017150879,0.823314019412264,4.404771487422995,3.480352373386062,3.8224687967673088,7.269162427146551,9.807835578918455
p105_00655.wav,2.290644645690918,0.7550766754941682,3.472405554974087,2.697707740257362,2.850441932814293,3.427215609333277,9.381522178649902
p105_00656.wav,2.1238503456115723,0.7239188860488738,3.423177422643372,2.104113600665711,2.727907321103056,-4.1207247453516205,-8.754240036010742
p105_00657.wav,3.163616895675659,0.7681432675794845,4.3613475041279255,3.500128777146561,3.763172020924217,8.236475591176982,7.522795677185059
p105_00658.wav,3.045647621154785,0.8119310740173945,4.400295031794049,3.243010358111313,3.7243976159629777,4.987875849008271,2.4646897315979004
p105_00659.wav,3.3308064937591557,0.9073565087476796,4.63081028064622,3.42512574785741,3.995529239019226,5.166968161339973,7.210524559020996
p105_00660.wav,2.1201388835906982,0.7976403564739546,3.408141863704596,2.635235866365126,2.7512577064455224,2.896959945919782,6.7841644287109375
p105_00661.wav,3.3900961875915527,0.8106812557065313,4.690862852987174,3.7370042869198343,4.047435853877064,10.016211589466227,10.314958572387695
p105_00675.wav,2.3742988109588623,0.782028731172159,3.6780863280558727,2.5201385027850263,3.007191179418005,-0.5620822884382128,5.84873628616333
p105_00692.wav,1.8102558851242063,0.8175152789288204,3.264999740559548,2.4087888078199144,2.505197643130036,2.462517368688626,4.316187381744385
p105_00695.wav,3.218780040740967,0.7985567775136959,4.37809363351913,2.92488854312904,3.780215348087951,-0.4693715223719396,3.440049886703491
p105_00696.wav,3.217522144317627,0.8759504673379652,4.536369289571135,3.617576087848612,3.886860413646147,9.278340682454251,6.810848712921143
p105_00717.wav,2.867116689682007,0.882774283876568,4.168285081207133,3.388210939061089,3.5147221563228674,8.827076887363763,11.873198509216309
p105_00719.wav,1.4305915832519531,0.7967419580136345,3.1509854436865643,2.3023427023487453,2.2553461634350653,3.715389519754488,2.8556017875671387
p105_00733.wav,1.8990408182144165,0.7683937204347673,3.261014285477115,2.374372648500432,2.538190823140631,1.6768841495324645,3.3930041790008545
p105_00735.wav,3.228065013885498,0.8232482158252149,4.414078705729708,3.19178915238245,3.817956988952221,3.0292935319533214,9.251097679138184
p105_00745.wav,2.317009210586548,0.6519962483031784,3.723764714834212,2.846056258097672,2.9952623729487704,5.298249581314972,8.455904960632324
p105_00746.wav,2.874675035476685,0.7177695251097316,4.220913115348678,3.371858680039746,3.543604351694581,8.559545020424705,8.833806037902832
p105_00757.wav,2.884566068649292,0.7042374588151381,4.062422946844331,3.2340369629413077,3.458899500412986,6.774428811134362,10.065970420837402
p105_00762.wav,2.467576026916504,0.8890225322005031,3.895364197477332,2.8350434063180208,3.169280177609292,3.425725948418524,6.243453502655029
p105_00770.wav,3.312764883041382,0.9476214605072648,4.591793444030087,3.722377619008185,3.9677602249555366,9.988874652645322,11.550952911376951
p105_00773.wav,3.214266538619995,0.6959822483909291,4.2969699153483925,2.8466594475217377,3.736358600101904,-1.6234220736796448,3.080458879470825
p105_00777.wav,1.0681414604187012,0.788749752770323,2.822270115320253,1.951480781219514,1.909176969050954,0.8779097551906819,0.4046583473682403
p105_00780.wav,3.5009686946868896,0.9566608717301176,4.748803716747415,3.879089377467402,4.147147057981946,10.774055818411744,14.97449779510498
p105_00784.wav,3.0921456813812256,0.9151250045865934,4.354060843481293,3.313142456324053,3.7272730853539606,5.642532074801545,10.75729751586914
p105_00789.wav,2.398003339767456,0.9257767130440264,3.472980755698494,2.283557318094985,2.8994875968511424,-3.72091257489827,-2.6043617725372314
p105_00801.wav,2.688688039779663,0.7238166600870864,4.162828580119034,3.3200255019094507,3.4221799651196814,9.086530960360797,6.737808704376221
p105_00802.wav,1.4567095041275024,0.6674582063082513,2.6266436610807653,1.4846701122537185,1.963177944830776,-7.502843495780652,-2.124541044235229
p105_00807.wav,3.1744463443756104,0.659449051883437,4.515692551978411,3.155452922856268,3.8408320938518936,2.8861982013222565,1.733907699584961
p105_00811.wav,2.5872840881347656,0.8523489278977824,4.082069839324992,3.312929952458302,3.3395660280936093,9.356681401412226,6.552560329437256
p105_00820.wav,1.5890119075775146,0.8055692851098533,2.968501356934276,2.087476803867464,2.2373177185263167,-0.5787711382919508,2.13261079788208
p105_00821.wav,1.4054529666900637,0.729692385778586,3.253781191855446,2.233795582898145,2.306132828136032,2.274708552691378,2.2185795307159424
p105_00822.wav,2.57892107963562,0.8667301654573407,3.7649831257132673,3.049635774714326,3.1551263604170328,6.229708599223271,13.163500785827637
p105_00837.wav,1.3306324481964111,0.6451917115427058,2.7808260166662104,2.1120430272401065,2.0041965006835425,2.179864087550107,1.963747262954712
p105_00839.wav,1.218977928161621,0.8998776446004897,3.193605002646009,1.9899073869796975,2.18521687395036,-0.3222084002866435,-0.2610211968421936
p105_00847.wav,1.5872352123260498,0.7249696420515164,2.901890977089334,1.9697291333354472,2.196075082588511,-2.116983066471267,1.1033974885940552
p105_00849.wav,2.668137311935425,0.8802455462187792,4.073978204416672,2.993626731397206,3.362540865812668,4.28412586280583,3.720432758331299
p105_00851.wav,3.246253490447998,0.897147497117043,4.559251421932029,3.7987846531933394,3.918681639945272,11.675516628779851,14.641681671142578
p105_00857.wav,2.7801735401153564,0.729549125672821,4.161236878094873,3.302963280192734,3.4642712121773718,8.26757459109203,6.626288414001465
p105_00863.wav,1.127172589302063,0.8623425381911936,3.4094637577290987,2.5995772193395865,2.274821153555452,8.79341361601256,1.1960827112197876
p105_00873.wav,2.048445701599121,0.6813579317455623,3.353130438555185,2.187694789072533,2.65567735539904,-2.2527650628456137,-3.710414409637451
p105_00876.wav,3.387930154800415,0.9490742735747442,4.78239325532478,3.874139664135349,4.108869834991274,11.461057524524817,13.696331024169922
p105_00884.wav,2.5857627391815186,0.8188400768820189,3.89061436911188,2.469763563793242,3.207303960192527,-2.41905312188207,-0.7997097969055176
p106_00000.wav,3.468027114868164,0.972020158614456,4.804765511984519,3.826691746523566,4.1542805072934215,10.371920222037264,16.426891326904297
p106_00005.wav,2.30474066734314,0.7858500875492951,3.6359765685400514,2.706710239433069,2.948210355647859,3.055072232854601,6.681975364685059
p106_00009.wav,2.0746898651123047,0.8571513528814863,3.845177625207171,2.909523895387072,2.960449918651125,6.948508918199955,7.101761817932129
p106_00028.wav,2.4489777088165283,0.9630619480285266,3.994606308006098,3.119191627166462,3.2242654313684564,7.416380380792476,6.974526405334473
p106_00031.wav,2.237557172775269,0.8449543260475559,3.7923051157970495,2.935001380522599,3.0047695392415785,6.628930779910136,6.252545356750488
p106_00033.wav,2.385676860809326,0.9053949414989864,3.658215126603871,2.4909630956185675,3.0035183788846,-1.132176623946553,0.2051745057106018
p106_00039.wav,3.1073849201202397,0.9634415307214956,4.516996538166215,3.4617225881058333,3.82144262383225,7.647303161780043,11.598360061645508
p106_00041.wav,2.0089635848999023,0.8655177892838295,3.2863620314549804,2.0604762906796106,2.6051831337643088,-4.089954565238338,4.026162147521973
p106_00045.wav,2.4575915336608887,0.8880549676619152,3.962719247681962,2.595055752045709,3.201639996749821,-0.4791375117502254,1.974592924118042
p106_00049.wav,3.1809632778167725,0.8937161694381153,4.525218957653979,3.299115195967693,3.862221788657549,4.5285286686403685,0.4761067628860473
p106_00056.wav,2.9758241176605225,0.85141393037672,4.135918639809758,3.399851416948451,3.548889152855034,8.390685554831178,13.045758247375488
p106_00060.wav,2.9076759815216064,0.8358446061209712,4.160249459660328,3.028816131168863,3.5255926869076952,3.061930448345074,3.5349669456481934
p106_00064.wav,2.539925575256348,0.8707340808574048,4.333138095289865,3.462799128063879,3.4515110791277483,11.613081339067014,13.167986869812012
p106_00099.wav,1.1791739463806152,0.7903733385194442,3.2061308201622696,2.04116884725622,2.171006015148982,0.8086142574399261,-0.9423643350601196
p106_00104.wav,3.013016700744629,0.8466272609026342,4.12197219524406,2.9864823309338693,3.558154370888879,1.6605938235641025,2.5606725215911865
p106_00105.wav,3.234547615051269,0.952294511264568,4.57822705606905,3.701164934292765,3.914082533666599,10.57300326157853,15.038844108581545
p106_00109.wav,2.365507841110229,0.8702306579500013,3.434042768271525,2.279944830928592,2.8699717210284508,-3.807845510808399,-3.78819727897644
p106_00123.wav,2.688565492630005,0.9483248966303284,4.104395720753293,3.130112910670249,3.389712468505152,6.219742621238622,-3.1143429279327397
p106_00127.wav,2.422825336456299,0.8097913218640365,3.453919212584524,2.6335592115913835,2.8907997885508854,2.1634884620108084,8.188408851623535
p106_00129.wav,2.434022665023804,0.8852824649035073,3.456588751920384,2.5177383966637943,2.92153016720177,-0.8062026571174661,4.923927307128906
p106_00146.wav,3.1825852394104004,0.8779251251293326,4.423765990183189,3.502784293725027,3.800323072409788,8.288249315238884,11.505905151367188
p106_00149.wav,2.281413316726685,0.8828097380351488,4.176406843578033,3.3448510908992124,3.2432509175429005,11.690654810177822,10.710859298706056
p106_00152.wav,2.5903804302215576,0.848072657803091,3.9113104543430577,3.089736264956141,3.2456004812348924,6.2558835055791375,5.470215797424316
p106_00155.wav,1.4598149061203003,0.6966560766522911,2.9466012567486493,1.922949010455611,2.1612824284168086,-2.2145396115095783,-2.346986770629883
p106_00157.wav,3.191333055496216,0.8526039362929663,4.272333929203055,3.119206453616769,3.708862017303635,3.037885107664048,10.031967163085938
p106_00165.wav,3.037161350250244,0.9410299309124848,4.380991291364187,3.331698450167413,3.709998271376129,6.4824418848382335,11.000127792358398
p106_00169.wav,1.7015199661254885,0.8588379628944753,3.6861654485616016,2.8945629728947004,2.6926367556347057,9.553650590803562,8.887478828430176
p106_00171.wav,1.7637579441070557,0.886964196322855,3.1290951495814494,1.9056087428924269,2.405125149701451,-4.776439610893733,1.809256076812744
p106_00178.wav,2.452430009841919,0.9307044712415916,4.163759359215729,3.2096517640953257,3.310183934783413,8.825636696891177,10.140690803527832
p106_00187.wav,2.904502391815185,0.9577318411654802,4.473857475002666,3.669598729173823,3.706547205612391,12.088935632742963,13.983105659484863
p106_00195.wav,2.988621950149536,0.9204055140329986,4.3746062683261,3.4295126775605587,3.687709966016525,8.16543943367974,-4.717340469360352
p106_00196.wav,1.5809898376464844,0.7576337105220748,2.620957190902384,1.77746182406554,2.026986824339927,-3.9693051640443024,1.867325782775879
p106_00198.wav,2.303297758102417,0.8938070675520747,3.5356446246802653,2.6347780746361606,2.8917848861044426,2.178664986547154,9.14185905456543
p106_00199.wav,1.93475604057312,0.9004473317283909,3.499766267714,2.247424762536032,2.7051477698186828,-1.9364712580370544,3.2271182537078857
p106_00204.wav,3.3651719093322754,0.9097489151650674,4.429789296311976,3.126597736366384,3.889174149352249,1.2112851482853533,4.658793926239014
p106_00207.wav,3.050861597061157,0.8627529820885379,4.295603093710167,3.5285615833319617,3.681125391870532,9.20830272172409,11.274613380432127
p106_00208.wav,3.056729316711426,0.9631866625840126,4.458346519901769,3.506799457005489,3.771381331773559,8.540047211915281,10.424495697021484
p106_00211.wav,2.9656858444213867,0.923560782506678,4.291449059524117,3.182216553108212,3.6247467672020113,4.85492512311892,6.878373622894287
p106_00220.wav,1.8521902561187744,0.6961238781586935,2.9191683342984387,2.1868667473180348,2.313661995783774,0.4121413936106359,4.417076587677002
p106_00223.wav,3.2710635662078857,0.9459665867339274,4.734907294480592,3.7025477562775455,4.028276713921615,9.533844220799184,10.237632751464844
p106_00228.wav,2.029857397079468,0.84864174881152,3.1116907374743947,1.876829403816232,2.518134306322592,-6.69259999797022,-8.427654266357422
p106_00240.wav,1.7744956016540527,0.7914869605809951,2.904890915074679,1.7025999014371982,2.271176698537664,-6.854848269861395,-0.4398734867572784
p106_00251.wav,1.46725594997406,0.7433104148526992,2.5855440233334037,2.283065451020492,1.947550795557329,5.1122309085777005,7.51811933517456
p106_00253.wav,2.2770776748657227,0.8316473294863439,3.5615694231328097,2.57551045345172,2.896429631202745,1.2171897231963713,5.9772796630859375
p106_00277.wav,2.0401456356048584,0.8403396587312215,3.428123143220641,2.5245114622272955,2.7120929749736624,2.1302509599274013,5.899763584136963
p106_00283.wav,3.2467310428619385,0.8601874744450243,4.498291292749721,3.4726941032384224,3.8755554062699336,7.070181607078015,10.625024795532228
p106_00287.wav,3.139948606491089,0.9662392019407468,4.550163572921871,3.668300649183332,3.8556887326409615,10.62198810951384,15.030098915100098
p106_00291.wav,3.1646807193756104,0.8482255824313306,4.426802997568587,3.572137036276358,3.799204828844766,9.242435982088338,11.936474800109863
p106_00293.wav,3.405844449996948,0.9445271286787508,4.830201003269271,3.851354572308413,4.140761325942742,11.00498619200765,12.18665599822998
p106_00335.wav,1.20298433303833,0.7849603895491946,3.256707952385028,2.2412053642206087,2.2128983453120696,3.5959204074594293,-1.1170077323913574
p106_00338.wav,2.010788679122925,0.8872532792028339,3.3732346120512817,2.185326789664348,2.6677119462279504,-2.93194116883708,-2.0548107624053955
p106_00339.wav,2.2754364013671875,0.7999013954784033,3.2540706648117355,2.042334407549065,2.7174620557252984,-6.125978360021333,-2.69144868850708
p106_00341.wav,2.940671682357788,0.9319511701190047,4.683011593442288,3.787256041238134,3.843349135975987,13.044602840318063,9.52297306060791
p106_00342.wav,1.7578485012054443,0.8612959503574457,3.305881307212664,2.362126058774637,2.506013119129912,1.813791382312691,5.753960609436035
p106_00351.wav,3.363307237625122,0.9524783101390892,4.812509066243715,4.022908064014655,4.113889238184153,13.90052775067154,15.667898178100586
p106_00352.wav,2.451594352722168,0.8801444312810289,3.741881678656081,2.884370085208856,3.0907361305572545,4.0702403163694365,5.462498188018799
p106_00374.wav,3.32215428352356,0.9225889262956722,4.683240376659378,3.8663541465303326,4.0189457094015415,12.161433992723587,15.956544876098633
p106_00388.wav,2.999314069747925,0.8833405489983958,4.025699189408774,3.111422291280732,3.4911532279140647,4.2843378051017735,10.901716232299805
p106_00399.wav,3.2650067806243896,0.8604422235333565,4.65179140660903,3.512830110361701,3.970075561380008,7.1758361086037805,4.173318862915039
p106_00414.wav,2.429070949554444,0.9035389852052754,3.680614630804709,2.494410883404606,3.040128727569061,-1.5632146850689452,3.631980180740357
p106_00416.wav,2.297417640686035,0.9102725754918546,3.650460810725555,2.7584646681173592,2.959439033311304,3.592013743125419,3.0482256412506104
p106_00419.wav,3.200983047485352,0.7957723251708024,4.341007767874272,3.547750025693968,3.764564267657047,9.032954443024972,15.837613105773926
p106_00421.wav,1.8238072395324707,0.8665205183059563,3.867116123737123,3.124938483463239,2.8556119143062664,11.789612421983918,11.204208374023438
p106_00424.wav,2.66458511352539,0.882281779406683,4.123341059754039,2.8827616327937986,3.390938794311104,2.3032540168466324,6.929841041564941
p106_00426.wav,3.253625631332397,0.9655560340078334,4.752051990255479,3.750895883870086,4.033112370674249,10.20841729264366,5.507139205932617
p106_00429.wav,2.509283781051636,0.9139267677990868,3.823106757694365,3.0951687932957537,3.1670898639816696,6.67861703755133,2.032304048538208
p106_00432.wav,2.027707576751709,0.86476161622435,3.2965410760336398,2.317374763160668,2.640717188690364,-1.0798433787205597,-1.8056156635284424
p106_00435.wav,1.996060132980347,0.8555358852120784,3.318904652926027,2.3531351568735936,2.6173592346515493,0.5431945370712358,5.506184577941895
p106_00457.wav,1.5754767656326294,0.7980301657957215,2.8583920914871284,1.9743332520381771,2.1625452250829067,-1.692601762891833,1.6199371814727783
p106_00458.wav,2.5405948162078857,0.8561603452383829,4.107690446286214,3.3395140912834087,3.3264372083961917,10.234252202372051,12.67569065093994
p106_00462.wav,3.127920866012573,0.862765073019999,4.3614601542583005,3.0711199989490265,3.7454792509685313,1.6854699628282666,-4.846357345581055
p106_00471.wav,2.38102126121521,0.7680403999331793,3.5991141818951684,2.807804142318861,2.9486478721611395,4.950694602321307,9.540779113769531
p106_00502.wav,3.224174737930298,0.9362308810189436,4.34079662093892,3.007434707072155,3.766150525626928,0.7220161564609279,5.447333335876465
p106_00512.wav,3.523800134658813,0.9654478790802676,4.852398347777899,3.960778541281628,4.2108238980849055,11.870950725226328,0.2000850737094879
p106_00521.wav,2.2890641689300537,0.8903570038857503,3.848993541954905,3.195849170780141,3.0689254203220617,9.94061822462943,10.7576322555542
p106_00524.wav,2.2291126251220703,0.9228506011393692,3.3801808765436783,2.618590337820452,2.7925783014576435,1.7968863543378215,3.8017866611480713
p106_00538.wav,2.979134321212769,0.9030759422126012,4.392711527745996,3.668012353070792,3.694108558582188,11.927046881332544,15.156660079956056
p106_00546.wav,2.8388495445251465,0.9097523778952896,4.330575730541813,3.143114566836463,3.5920090233621407,4.674861738194403,7.130050182342529
p106_00548.wav,3.0820798873901367,0.9304153702833649,4.035926082116097,2.805050227393803,3.546618266471973,-1.5848214250597856,-0.1829901933670044
p106_00556.wav,1.8178839683532717,0.8564359772120511,3.0291044724300096,1.8140417057827372,2.3756180666382214,-6.328333700953042,-8.733621597290039
p106_00557.wav,3.093812227249145,0.9274270169154608,4.328564861323879,3.143499529549513,3.7142689738636014,2.9882340382606776,2.811967134475708
p106_00558.wav,1.9020814895629885,0.9060123087148324,3.3637217419467897,2.3751454927218587,2.6212701786937247,0.324934422871437,-3.0618975162506104
p106_00559.wav,2.1728994846343994,0.8991466462969716,3.498604918291771,2.21655023825484,2.81041939035913,-3.5987541663356115,-3.826678991317749
p106_00560.wav,2.8557517528533936,0.949762667662008,4.345009815777424,3.634418422020761,3.6177496926149177,11.903459675608318,11.800500869750977
p106_00561.wav,1.5111970901489258,0.8291561366657729,2.895501627274524,2.140743319783023,2.172374745599927,0.386877900402407,2.380913734436035
p106_00562.wav,3.5535504817962646,0.9036442931537476,4.786029626680325,4.034583798057395,4.197961961405575,12.590349346555929,14.112549781799316
p106_00563.wav,2.9144747257232666,0.9515409479705385,4.410531036934357,3.770316040184995,3.68449240847225,13.417267836200084,13.435274124145508
p106_00564.wav,3.103907823562622,0.9709798140141302,4.702947800695423,3.760853037105646,3.9378770879013554,11.290948181531212,10.294361114501951
p106_00565.wav,3.044638633728028,0.9478422304134256,4.42571824442704,3.674387568286528,3.749940467837704,11.252286026620148,12.318367004394531
p106_00566.wav,1.7179383039474487,0.7679790526274057,3.053635820017518,2.506584415094429,2.3705037345397404,3.962225977028104,6.423139572143555
p106_00567.wav,1.725738763809204,0.8796802026662026,3.059839631983384,1.9755594107232344,2.362486024425383,-3.863123765656865,-6.140459060668945
p106_00568.wav,2.961459159851074,0.9597138146558432,4.457463745439053,3.6915593750281848,3.726963889295943,12.013628277331629,13.77956771850586
p106_00569.wav,1.881599187850952,0.9124652438457632,3.448761221891867,2.849070697969996,2.660252865533979,7.694002191329229,6.408271789550781
p106_00570.wav,2.370650053024292,0.9348963883278316,3.8520296912191463,3.2698825260416657,3.1145631574827712,10.367684109249048,10.69282341003418
p106_00571.wav,2.4372661113739014,0.9107539002153988,3.770331964397037,3.0474100480248536,3.097585273044501,6.770044371831133,9.000326156616211
p106_00572.wav,2.29750657081604,0.830618335802001,3.4586270354232265,2.529467893553804,2.832315222849532,1.3539312189126158,11.194544792175291
p106_00579.wav,3.040768384933472,0.7737483376814669,4.232034692422988,3.4794835272958595,3.6202116310603984,9.57153584843648,15.781842231750488
p106_00586.wav,1.3141460418701172,0.7457494567348754,2.8164337182592742,1.6194092436738248,2.0157831937107704,-5.611316193102422,-12.978930473327637
p106_00589.wav,1.5535037517547607,0.716978335614093,3.2983279995228965,2.451783725890587,2.394920626806765,4.970077817485751,4.021862983703613
p106_00592.wav,2.4904932975769043,0.9102922169411146,3.807243556095395,3.1347421939212445,3.1434601158587814,7.724623149021776,8.967296600341797
p106_00611.wav,2.4211013317108154,0.6767289380014255,3.460218350027195,2.238366904894381,2.904701281307237,-4.609075171071203,1.9725090265274048
p106_00614.wav,1.454806208610535,0.7768560098744003,2.4365513160663506,1.4426366080846529,1.856461984117225,-7.66343781575133,-9.149852752685549
p106_00615.wav,2.111441373825073,0.8986297809456788,3.603467548564037,2.5621032602685507,2.851629876671208,1.4683319201421394,2.5266547203063965
p106_00617.wav,3.286457300186157,0.8294735670732358,4.495656925447845,3.5441723558818303,3.8823001684786695,8.432263572129926,16.94917869567871
p106_00630.wav,2.763105154037476,0.849151307370708,4.132345800253364,3.3358577923624764,3.444634565013298,8.771278253467175,12.063694953918455
p106_00635.wav,3.0328714847564697,0.921547049430352,4.202175413369782,3.006583100090227,3.610488828772712,1.7231911762827965,3.011737108230591
p106_00636.wav,2.834946393966675,0.9077131130281914,4.167919870315957,3.464916620533387,3.5057950154633315,9.95829414522654,12.986117362976074
p106_00638.wav,2.814289331436157,0.9358636987502637,4.241845191506624,3.540567859643191,3.5389090623908306,11.017907530681214,12.57295036315918
p106_00643.wav,2.9488658905029297,0.9194173427486808,4.185874353992656,3.320844580294372,3.567235568618269,7.028202135154916,10.014763832092283
p106_00649.wav,1.5098973512649536,0.7458689370597207,2.5424411465155505,1.963613436804683,1.9061080251990576,1.5477372736491497,4.191368579864502
p106_00651.wav,1.4268158674240112,0.752881425702178,3.2595489046913406,2.6349194973969734,2.313557204109487,8.754287679243488,9.100046157836914
p106_00668.wav,2.0582504272460938,0.8639734251348102,3.877949885024043,2.9684371996028798,2.966398806443361,8.098969504114732,8.996935844421387
p106_00681.wav,1.2274807691574097,0.7967369330996068,3.279957672836947,2.182859257607119,2.228898249097773,2.8336847336702284,2.358773231506348
p106_00685.wav,3.5033538341522217,0.963968519315156,4.821444049508676,3.7928040617535226,4.174310986711618,9.83505596143348,17.38957405090332
p106_00687.wav,2.6189382076263428,0.9350834026000496,3.957734492588566,2.994873096218305,3.2772490966366323,4.792126267327794,8.688913345336914
p106_00689.wav,2.300947666168213,0.8803059617985864,3.449539879335632,2.3855601058134392,2.8464553738667133,-1.702084835543788,0.9143617153167723
p106_00694.wav,2.4637959003448486,0.8578299582999487,3.831999458759759,2.731909301401759,3.1301310495144685,2.069017602893702,5.340677261352539
p106_00700.wav,3.48132061958313,0.9620139554772276,4.924778540065583,4.056825957503083,4.233369610638247,13.36613213993908,16.001907348632812
p106_00702.wav,2.985480070114136,0.9877384898486828,4.556033391348412,3.2911433066450866,3.783311320792727,5.688264820380935,-1.0455061197280884
p106_00704.wav,2.877455949783325,0.961366706186156,4.55787533329948,3.741525673359464,3.748362913077549,12.83362497857035,5.983165740966797
p106_00709.wav,1.889695405960083,0.845474255339521,3.136880476911158,2.262745715958601,2.472997081718434,-0.0809316732059488,5.154200553894043
p106_00710.wav,2.598242282867432,0.7724932590697677,3.498917994472856,2.465220495639454,3.0134960792359404,-2.3561682719743504,-0.1040475219488143
p106_00720.wav,1.6635740995407104,0.7298670328880528,3.090139452864085,1.8799052639863991,2.3324274308813995,-4.304237418250485,-5.552158832550049
p106_00724.wav,2.7879230976104736,0.9181359747766712,4.038994088198592,2.593300922071262,3.399523944901321,-2.7104531300643844,-4.216529369354248
p106_00726.wav,1.6059799194335938,0.8672219704235676,3.074038316919323,2.2563491908527924,2.291967750013903,2.2563144177500853,3.283289909362793
p106_00728.wav,1.3906903266906738,0.865749262901971,3.143556119527167,2.478269904176325,2.253520065153636,5.840479469191766,4.05235767364502
p106_00729.wav,1.972522497177124,0.8324474114347034,2.923206293057123,1.809242717093944,2.3840459357816486,-6.830230328979545,-8.797782897949219
p106_00737.wav,1.6239619255065918,0.8914368167755002,2.9966292804377166,2.2807538903850557,2.2857436758788148,1.4845521137666673,4.490113258361816
p106_00742.wav,1.8654576539993288,0.8940465628127522,3.5100144915101925,2.344706347967811,2.661159345003991,0.7544540651833911,5.847451686859131
p106_00743.wav,2.5555403232574463,0.9029749598891752,3.906872015030906,3.0591987405629952,3.224054793432844,6.112351879105407,8.943475723266602
p106_00744.wav,2.9022133350372314,0.9273362806253582,4.39288231850185,3.5564108217076047,3.656285428850917,10.698052460792768,12.19009780883789
p106_00754.wav,2.542879343032837,0.929451861256292,4.036961132197338,2.931592363377989,3.285471195476904,4.0471593218172375,0.6623151302337646
p106_00756.wav,1.8279582262039185,0.8515467639732239,3.139842707842302,2.195817223515467,2.431599476935216,-0.1595370467221301,6.575296401977539
p106_00758.wav,2.651710271835327,0.9006525347190029,3.8973502246900606,3.1020017036981287,3.254338336618307,6.658704516643573,12.335199356079102
p106_00760.wav,3.17703628540039,0.9155379252274016,4.441698569416186,3.609118124451411,3.817764727231405,9.519398276673666,12.202655792236328
p106_00774.wav,2.5339443683624268,0.906030585323454,4.401171060579225,3.5571581383484947,3.489815784511086,12.826935287271164,12.992427825927734
p106_00776.wav,2.2881829738616943,0.8727207622081503,3.4786895236505475,2.6156879546463943,2.8683680232847664,1.4371767978720456,4.93937873840332
p106_00781.wav,2.83627724647522,0.92440823978652,4.150514953716757,3.21262151952574,3.489361679030849,6.3156001484957205,10.529675483703612
p106_00813.wav,3.6928889751434326,0.8279631418393438,4.664214056833106,3.720710110659782,4.175665776353244,7.962916160620415,10.23489475250244
p106_00817.wav,2.2427711486816406,0.8627096102642473,3.518136432920003,2.580519206361319,2.849097535146659,1.926975113695857,9.57939624786377
p106_00826.wav,1.7077572345733645,0.7504275662241234,3.0449995786559647,2.242556963227509,2.341250822500327,0.7215780405993362,5.66047477722168
p106_00831.wav,2.7999701499938965,0.9020836446602668,4.374678075592746,3.235032007453261,3.6009012817320363,6.138906957048537,0.2388188242912292
p106_00836.wav,1.7033321857452393,0.6913324870611859,2.6948009173802263,2.2866682120506288,2.116025343974651,3.6028798049529698,9.304697036743164
p106_00841.wav,2.497248888015747,0.9447978416376523,4.068492736196634,3.239946468648531,3.2937740741527346,8.598115334964913,8.879861831665039
p106_00842.wav,2.4904158115386963,0.8646238739680463,3.8111779320626793,2.824581818910085,3.116675263155083,4.066674112072754,10.33285903930664
p106_00843.wav,2.916116237640381,0.9160709078492776,4.14353186337742,3.286833794078833,3.528742497530092,6.775922175166253,9.57966423034668
p106_00848.wav,1.6113321781158447,0.6593224839172817,2.665489274831738,1.56789304952166,2.0532693518780296,-7.0326742634388015,-11.770440101623535
p106_00852.wav,2.730990171432495,0.920176357408613,4.096931284339508,3.087987202281578,3.4146505531597127,4.910680270071117,7.353925704956055
p106_00867.wav,2.166365623474121,0.8663258167498324,3.462847679900685,2.474737107214477,2.7814727774378736,0.8951304757099302,4.642548561096191
p106_00869.wav,2.95702862739563,0.8522709051794786,4.252902600743981,3.564668789798408,3.6110335827944,10.55782775413239,12.17470359802246
p106_00878.wav,1.790194749832153,0.8948729661951937,3.139422271324237,1.95842065506847,2.4260435560959808,-4.245814952510369,-4.9050798416137695
p107_00001.wav,2.35614013671875,0.8745402365097944,3.3078274318393133,2.4433044832552597,2.7995593793388025,-1.016827259400881,2.4604434967041016
p107_00003.wav,2.1371583938598637,0.8923429337106238,3.4336165489525063,2.9802462249396755,2.7626105260267604,8.681111747204215,7.971806526184082
p107_00006.wav,3.0333971977233887,0.921116779543876,4.096603585512547,3.100507819905678,3.554719481985805,3.3645153252185303,7.4013214111328125
p107_00016.wav,1.953229904174805,0.8944678790744051,2.9516929330804844,1.7849516714245293,2.3569893532733768,-5.682064388842586,-6.760007858276367
p107_00017.wav,1.862514615058899,0.7982836656589184,3.049418628284662,2.032841942165497,2.4096410882211705,-3.254670533184271,4.194886207580566
p107_00026.wav,2.629424810409546,0.9156588314410726,3.873737414491319,3.221294310951732,3.2557376664778515,7.646205853266167,10.684711456298828
p107_00044.wav,3.23079252243042,0.9508413989537008,4.3941798096068085,3.3532927412458062,3.820326848148394,5.092183158795675,7.55804443359375
p107_00054.wav,2.117002010345459,0.7129810928775717,3.24271701354642,2.559659122870278,2.6477381859291653,2.585788706324794,5.670245170593262
p107_00058.wav,3.008175134658813,0.885847859041933,4.0990129595853375,3.0985136953627963,3.5438989127016907,3.492645896947168,5.338142395019531
p107_00062.wav,2.8210628032684326,0.9277220595263485,3.952394236263412,3.339513213188682,3.385588678957761,8.335537325517958,12.77401065826416
p107_00065.wav,1.4669175148010254,0.7819480271769241,2.894892389612301,2.000329631473887,2.139907661486547,-1.073979395901674,1.5074182748794556
p107_00068.wav,1.857012152671814,0.8244374766481476,2.9124787256514124,2.359578394292483,2.3420923066724244,1.825023397437572,5.828060626983643
p107_00073.wav,2.856987476348877,0.9443286878470376,4.079390930384479,3.2960546530329684,3.470354615534829,7.221785650490224,12.512048721313477
p107_00075.wav,2.7097389698028564,0.9178615534009392,4.05063302029843,3.2321409444578166,3.374179861575114,7.655399160051055,10.096195220947266
p107_00078.wav,2.0662667751312256,0.8922547724350894,3.0806703478234523,1.993622411225993,2.5016162869835363,-4.257220617415056,-6.821986198425293
p107_00089.wav,2.4099559783935547,0.9483228444695356,3.788384726423292,2.700381145857609,3.09070733709834,1.560052607656737,2.482102155685425
p107_00092.wav,2.4790172576904297,0.9034829580447772,3.41243886294578,2.1728060939141027,2.891190897413018,-5.25280841920737,-4.453313827514648
p107_00097.wav,3.42812728881836,0.9804741408728476,4.424113345045359,3.0827771221690488,3.904627044549331,0.6334369230728849,-5.597223281860352
p107_00098.wav,2.0150458812713623,0.9449915320026084,3.221971010186739,2.314552694731363,2.585343511407561,-0.5053197765458367,-2.979174852371216
p107_00103.wav,1.568806767463684,0.8302649709149801,2.7870968012690853,2.1031830285301485,2.137823865056197,-0.2189264960089051,4.63477897644043
p107_00110.wav,1.9350905418396,0.8682141194563079,3.296251043094553,2.6097052779043675,2.585888746720972,4.611798406345689,6.861486911773682
p107_00111.wav,2.040837287902832,0.8311678889094601,3.075803178523333,2.073190666887513,2.503580443111386,-3.5602935028218234,-3.369335889816284
p107_00121.wav,1.7096951007843018,0.8611776466930471,2.455674533560918,1.532052194139359,1.9432853281857887,-5.913346273041055,-4.9222331047058105
p107_00126.wav,2.278316736221313,0.8849830268024881,3.2453879521519617,2.2670779956993323,2.70864995932752,-2.318485081331396,1.5364773273468018
p107_00130.wav,2.342426061630249,0.8719994476634697,3.874860636037028,3.2138184452603533,3.104462176666789,10.009537630810756,6.614933013916016
p107_00132.wav,2.6294870376586914,0.8406008395441487,3.9029619452084634,3.043108716363351,3.2532991470565653,5.566889127534228,7.241687774658203
p107_00133.wav,3.1491122245788574,0.8536114692055717,4.205291770172294,3.0698444270106284,3.6597259714803463,2.3305190239817493,5.443101406097412
p107_00134.wav,3.291818857192993,0.9335478105752788,4.57987097686762,3.9068412809744255,3.950501148149055,13.108828567906183,17.79474639892578
p107_00135.wav,2.068693161010742,0.7777972244809583,3.2332672788230035,2.3411884109849423,2.618111058616305,-0.4920738438241441,5.168878555297852
p107_00136.wav,2.329782009124756,0.8238645006935611,3.472842942595925,2.859562200670669,2.884138621227223,5.095070044476189,9.052377700805664
p107_00137.wav,2.2868220806121826,0.7644050130563894,3.348680309493845,2.181111040850845,2.76997450749537,-3.99582000106257,-1.541374683380127
p107_00138.wav,2.9491851329803467,0.8631251817543033,4.012566892712507,2.9563849415806533,3.4676257918427185,1.8371919245170016,4.6265950202941895
p107_00139.wav,2.7917048931121826,0.77906284715372,3.945637699296061,3.3510306252812163,3.3614117105397434,9.005032168300986,12.379755973815918
p107_00140.wav,1.51494562625885,0.6670754545973657,2.586656172133822,1.546473548350482,1.958991499937178,-6.360211799339222,-7.336557388305664
p107_00141.wav,1.8461716175079343,0.7418987104862969,3.149846868015646,2.400928476493798,2.4718972748265875,1.8070555759385625,4.041800022125244
p107_00142.wav,3.5328328609466557,0.9409983315746364,4.814994391494966,3.665449688577529,4.193541180428071,7.25709245259089,10.02119255065918
p107_00143.wav,2.7682435512542725,0.8759157705092689,4.1228810628357095,3.485559099211099,3.4472900593112725,10.898334128460403,12.865926742553713
p107_00144.wav,2.9593541622161865,0.8723662957079925,4.086140642677296,2.810283046834311,3.5058297704051613,-0.40310954868986,1.403595805168152
p107_00150.wav,1.8973596096038816,0.8402707407053108,3.127499877345207,2.1701724473751582,2.471446174451546,-1.5752984119205713,4.076640129089356
p107_00159.wav,2.086529493331909,0.9003595560433031,3.1504894587796395,2.126963886488056,2.5716436736636568,-3.398350919139499,-6.735862731933594
p107_00160.wav,3.19083833694458,0.9546962796695456,4.332756624054137,3.696505876481607,3.768551976068266,10.88884635826353,14.50837516784668
p107_00167.wav,3.883353710174561,0.9837659954293272,5.0,4.037563077275349,4.523763429914678,10.01704243304913,2.942235946655273
p107_00173.wav,2.958826065063477,0.950695049807856,4.414675087097688,3.521842363486332,3.703139735627042,9.392739763337028,11.26039981842041
p107_00180.wav,2.426792860031128,0.9108309642897248,3.89237883943834,3.235780182867871,3.162205699848547,9.434953824658203,11.351021766662598
p107_00190.wav,1.776033639907837,0.8659967271308934,3.233844413670747,2.512145322134756,2.484435490754083,3.8331235743218497,5.996606826782227
p107_00192.wav,2.38044810295105,0.9028270030896272,3.533100964808397,2.788764362731992,2.9347035486702486,3.80727219618648,6.191616535186768
p107_00214.wav,2.214298963546753,0.9136091869538786,3.4835119967411137,2.4618888176168614,2.8198688781166545,0.1552562169958796,2.1218154430389404
p107_00216.wav,1.9270786046981807,0.82712677612955,2.8876123292951568,1.7662488992325365,2.312871218457179,-5.823340183736345,-8.474210739135742
p107_00237.wav,3.356522560119629,0.9425654810378056,4.545798034451623,3.869896390718112,3.9656497564380304,12.056624531641438,18.08526039123535
p107_00239.wav,2.6037609577178955,0.907283071127661,3.8137335298636503,3.177896646253304,3.2063731069564465,7.440618658839493,8.6344575881958
p107_00244.wav,2.1797566413879395,0.8475316970273342,3.405070296842108,2.2038455294348003,2.7520110972313785,-3.176980123017947,-2.2197072505950928
p107_00273.wav,2.500981569290161,0.8208264351269207,3.856372699606467,2.897552976092081,3.1591614966031885,4.498728602707226,10.484142303466797
p107_00279.wav,1.7264329195022583,0.7265162537505728,2.810432389022906,1.8246573235406016,2.213468115091122,-5.150255214531319,-0.471518874168396
p107_00280.wav,3.0772101879119877,0.9706303718988948,4.394709680045358,3.6003587413299005,3.748301841293667,9.94716784244905,14.528311729431152
p107_00307.wav,2.7807796001434326,0.9156033606904564,3.930128611138581,3.086014202177377,3.34526789118582,5.009530560614722,9.99782371520996
p107_00312.wav,2.4985196590423584,0.8502127837562267,3.522007459011377,2.874565745040636,2.996701092735128,3.9254929249824406,-0.4308604896068573
p107_00323.wav,1.9153592586517332,0.8461779940301065,3.09439582189038,2.26812595105276,2.4725406397593206,-0.5305329196694801,5.075087070465088
p107_00324.wav,1.824018478393555,0.8454454636963301,2.845352300433445,2.0486099831379945,2.286774653521088,-2.629037014544499,0.0146154481917619
p107_00333.wav,2.948331356048584,0.8680793703889961,4.113820045509296,3.553548717925901,3.5275872939001376,10.881338005929958,15.426206588745115
p107_00334.wav,2.498281717300415,0.8817941145005066,3.8181804946513225,3.059001944539748,3.162630094355232,6.0317362340698,-0.7792870998382568
p107_00350.wav,3.145130157470703,0.9450223412966596,4.388074096340949,3.5116204160874624,3.772636239717912,8.316777439330414,13.1048002243042
p107_00355.wav,2.7740478515625,0.9172627948653442,3.971038923527383,3.377438435502353,3.373180699199448,9.203661381033491,12.693599700927734
p107_00375.wav,1.828900694847107,0.7917685614519088,2.8722048154094844,2.2248623055789976,2.3034633949046026,0.0935806040530493,4.28318452835083
p107_00376.wav,3.0804877281188965,0.9149267652858968,4.190908521917573,3.1298888057681125,3.630888233095521,3.232748589404266,5.028931617736816
p107_00379.wav,2.408557415008545,0.865272886782093,3.2534872925782747,2.019761167484632,2.753736378188882,-6.143599596512703,-5.237329483032227
p107_00384.wav,2.9527692794799805,0.841214834776963,4.074953260085007,3.323352473678218,3.501761675640373,7.578289809655107,14.255958557128906
p107_00392.wav,3.5608720779418945,0.9583212184477772,4.789989928761531,3.88975753699886,4.198615523954027,10.45688605550222,15.554705619812012
p107_00402.wav,3.5271763801574707,0.9643337486807912,4.976567086731522,3.801373567603136,4.286257768155802,8.788753898273502,9.49054718017578
p107_00405.wav,1.890411615371704,0.8280599987252394,3.356446549965725,2.399207070004813,2.5969497137603885,1.4478193416037473,4.772369384765625
p107_00409.wav,1.8336557149887085,0.755672973200864,2.801354765972519,1.7231387593930072,2.231898032212804,-6.200677509989509,-6.516712188720703
p107_00411.wav,3.1056222915649414,0.8855538025150499,4.17051410702762,2.8219625321817405,3.612773453771833,-0.9354482094112464,-7.069951057434082
p107_00428.wav,3.0570759773254395,0.9726127146215836,4.215171511794634,3.3757478829507823,3.640841315311728,6.885415712874454,11.400113105773926
p107_00453.wav,3.364643812179565,0.96876538980178,4.608538499877494,3.905670538860795,4.005263022937704,12.373637292953164,13.708563804626465
p107_00454.wav,3.30774998664856,0.9492633450744712,4.473725654762075,3.8704079151397055,3.908356510437012,12.293970826226126,17.061382293701172
p107_00461.wav,2.806901454925537,0.9479260865883936,3.711260367626864,2.4797444565748936,3.200769134593812,-2.662482069609163,-5.264481544494629
p107_00463.wav,3.21587347984314,0.951888624346498,4.359666252100393,3.7062400216532567,3.802737153455925,10.494155336314964,12.690974235534668
p107_00466.wav,2.9794275760650635,0.8616321465412253,4.164814368886125,3.599197580250514,3.581906991270262,10.78647144809943,13.029544830322266
p107_00468.wav,2.144392251968384,0.8528633503252944,3.2957356599221743,2.6823011177604426,2.698178469388939,3.874003688705849,6.323179244995117
p107_00472.wav,1.757951259613037,0.7933445008081882,3.051855362224784,2.301630813944508,2.3736647658946546,1.1173197670594512,3.5675125122070312
p107_00485.wav,2.580208539962769,0.9530732082298952,3.9688968075553657,3.1215369348897384,3.282663202531587,6.241013157890094,0.0122810425236821
p107_00487.wav,1.912477970123291,0.8619044327903855,3.4421243371159225,2.809088393172101,2.6634979633336697,7.223602989488744,8.235618591308594
p107_00489.wav,2.197578430175781,0.8639708711279047,3.377031209962898,2.4371819161885697,2.755346768213485,0.026403710901586,5.487239837646484
p107_00493.wav,1.684473991394043,0.8821377035293912,2.9107506309139124,2.304023462572774,2.2549720552282952,2.2141723855839315,5.375607013702393
p107_00505.wav,3.336830139160156,0.9668151793932293,4.602925182667773,3.823623225515388,3.989713602020117,11.22555818013438,14.566164016723633
p107_00519.wav,2.452021360397339,0.814050426300292,3.811553661194604,2.8793768263348403,3.122700768763608,4.116293864198852,1.923175930976868
p107_00528.wav,2.606855869293213,0.8475330362540229,3.990926557481265,3.326206313783211,3.2938529654917392,9.8703463114435,12.985427856445312
p107_00533.wav,1.857967495918274,0.8476762221146893,2.7461198617571387,1.614240079530712,2.1929184331578875,-7.066274683440551,-6.935635566711426
p107_00540.wav,2.125379800796509,0.8118331290049714,3.261297446085198,2.33916785422688,2.660770208052596,-0.958095412033073,4.644704341888428
p107_00550.wav,2.89619255065918,0.9349769973135468,4.194810550172025,3.036468547415947,3.540090206174378,3.1339568823560917,-0.6006115078926086
p107_00573.wav,3.3730685710906982,0.9597435305538254,4.6824328296320985,3.9337582164810105,4.05216374755295,12.496534136894615,16.149866104125977
p107_00575.wav,2.847316026687622,0.9645954307433332,4.248413272502465,3.580691480618935,3.563190750134112,11.213154406540507,-2.293520450592041
p107_00577.wav,2.8488450050354004,0.9818479196168473,4.246976762513503,3.383677025538868,3.559345551098032,8.246281251593421,8.832691192626953
p107_00584.wav,3.3038992881774902,0.9395543949211844,4.510491199547606,3.6999813406180473,3.9181791422844494,9.905548501536238,12.411373138427734
p107_00597.wav,2.514778614044189,0.7900414127967045,3.6199279366364063,2.9781646806248263,3.048856614829992,5.657029941055984,10.955347061157228
p107_00600.wav,2.167274236679077,0.8910299809396565,3.863619128311813,2.898166273801454,3.0129972190221714,6.214706081748001,7.25406551361084
p107_00601.wav,3.016485452651977,0.904841350995504,4.136321146564893,3.427956629446077,3.5741418626408525,8.329148317853882,13.959672927856444
p107_00602.wav,3.293482780456543,0.9397074163851684,4.595614510212783,3.814129189571158,3.963777700449485,11.421787674635208,14.520112991333008
p107_00604.wav,2.5404231548309326,0.8575606249967018,3.791132490117799,2.988986750025714,3.149948978931089,5.503977891453496,8.582648277282715
p107_00605.wav,2.298543691635132,0.8387479755775756,3.8906204685194448,3.1598009724380747,3.088455589774844,9.559488714126893,-6.8819756507873535
p107_00607.wav,2.222489356994629,0.8799422892660835,3.299181219685138,2.2799053648865897,2.722187236967176,-2.350518224067561,1.1511772871017456
p107_00608.wav,2.3604507446289062,0.8373744881789714,3.529297570173027,2.74365980156373,2.92361185088289,3.203455749852174,7.711150169372559
p107_00609.wav,1.585897445678711,0.7768833534557996,2.748623373727892,1.917255578301098,2.11642276504618,-2.820110280014474,0.1592284142971038
p107_00613.wav,3.872112512588501,0.9241516865310736,5.0,3.827189268059621,4.464981210463493,7.542273453211266,3.4973814487457275
p107_00625.wav,1.8313713073730469,0.9040611733320864,3.186360761391474,2.526021335380409,2.485569022245351,3.7737803412970767,7.392598152160644
p107_00627.wav,2.5155298709869385,0.8116658272944818,3.8599392239809855,3.188146266206177,3.174529552502509,8.72569771380843,12.260279655456545
p107_00628.wav,2.2200160026550293,0.8614752867966072,3.402093082572832,2.6314610751572807,2.7854522059162288,2.66215784182828,7.929842472076416
p107_00637.wav,3.2496142387390137,0.9560521033339456,4.621212646550724,3.728531581172536,3.949872223246784,10.5937767458682,15.077399253845217
p107_00644.wav,1.719385027885437,0.7037152852791297,2.719278732881057,1.5942675365806565,2.121882151436793,-6.873687117988897,-7.802132606506348
p107_00650.wav,2.135729551315308,0.886641833718501,3.381147576704749,2.604981394536041,2.738037317795817,2.636000953643013,6.891458511352539
p107_00665.wav,2.6968894004821777,0.9000158663776001,4.300217942512812,3.3542460018475206,3.5085360311928637,8.957102476018912,10.860954284667969
p107_00678.wav,2.7460920810699463,0.8262011743430709,3.9643372753384782,2.839275530746729,3.3363200983183443,1.7286611719887592,2.240323781967163
p107_00682.wav,2.2125699520111084,0.8759290968790944,3.473934797631325,2.584766164673652,2.820830257585887,1.828027610088616,1.7226076126098633
p107_00683.wav,2.021068334579468,0.9182483256854376,3.3490827946896315,2.826801532320598,2.679646968210346,6.345593182630047,9.31185531616211
p107_00684.wav,2.070596694946289,0.876577066231391,3.2009058419501284,2.552828451664074,2.6107644754954564,2.5094397204383254,8.247283935546875
p107_00686.wav,2.7593791484832764,0.9542560285178204,4.156357299458363,3.4334783234476927,3.4609347947547877,10.074402386557733,14.22900390625
p107_00688.wav,1.9508033990859983,0.9231877553445672,2.865007030212701,1.949718396537648,2.3301959677270534,-3.822174148888114,-3.5983726978302
p107_00691.wav,2.958951950073242,0.9375168378368656,4.20389164290983,3.5319578540433128,3.5865571147140733,10.070772490042868,14.288389205932615
p107_00699.wav,3.2513201236724854,0.9322298170792908,4.4247273653878985,3.791994321727164,3.8543964280121057,11.525259588621536,15.348852157592772
p107_00706.wav,2.2608683109283447,0.9146517629220468,3.891497164210201,3.2942661711096086,3.081133222505678,11.48333451083547,13.353458404541016
p107_00715.wav,2.899988889694214,0.926472580289616,4.279140276605668,3.390172934430033,3.603000058805992,7.880938085153616,10.204418182373049
p107_00716.wav,1.893698573112488,0.8324379208343928,2.8810286094915583,1.9852574899941795,2.32726250037086,-3.6147962269215617,0.3929657936096191
p107_00721.wav,3.349677324295044,0.9510617458426748,4.5978450289983455,3.8295067359511146,3.992872769943483,11.256740040914163,12.886829376220703
p107_00722.wav,3.2884323596954346,0.979920218250658,4.527320790726244,3.701510881201352,3.927162688439853,9.676206211464004,14.480972290039062
p107_00723.wav,1.869186282157898,0.8533663089016598,2.7213522823486,1.6388751220985731,2.1874408699560366,-6.81239451057372,-7.773044109344482
p107_00725.wav,3.698366403579712,0.9071823630716576,4.810741986497646,3.47965416674926,4.265746741083935,3.4603093605747763,5.017879486083984
p107_00727.wav,3.49721622467041,0.9014425459449606,4.708121077238709,3.905376995483236,4.111201869084984,11.828151700971596,16.654315948486328
p107_00738.wav,2.156487464904785,0.8696778256799306,3.3324507687649487,2.1834706319223827,2.6950675736782173,-2.9246624362639277,-1.53735089302063
p107_00739.wav,2.68992018699646,0.8868946884756896,3.80337480034572,2.935471256587786,3.23448500790909,3.390102781773331,8.934846878051758
p107_00740.wav,3.305779457092285,0.9740868482706236,4.545161635480915,3.7815133065715063,3.946056112865429,10.759100591595509,14.84457778930664
p107_00747.wav,2.985600233078003,0.8916336017114812,4.191293052124096,3.5215487950894,3.5887976263199404,9.92133220259312,13.198471069335938
p107_00751.wav,2.462214946746826,0.8115665180016252,3.45560995904888,2.2520513863535374,2.9069740338109797,-3.990257472960213,0.7833876609802246
p107_00755.wav,2.7308192253112797,0.9129439103762508,3.9670479764673674,3.318744294130828,3.3441311544344696,8.83063851840886,11.950599670410156
p107_00768.wav,1.6610424518585205,0.7990926712340448,2.8999808477254456,2.287238524412978,2.243307665912711,1.8820368559492824,5.714716911315918
p107_00783.wav,1.6531261205673218,0.8296408908817654,3.0643761507726817,2.4182460788271114,2.322370740369303,3.965969706735837,4.601808071136475
p107_00795.wav,2.163090229034424,0.8358924005221235,3.268218424547057,2.157300049048826,2.6613785285109888,-3.167090407526368,-2.003793716430664
p107_00796.wav,3.346447229385376,0.8503385900394527,4.293407789329406,2.934546544604489,3.8005775338051793,-1.1980065125206325,1.5346291065216064
p107_00798.wav,1.9512547254562376,0.7812004061535718,3.255628303855836,2.266440795058532,2.5623832279031737,-0.454781441211091,0.8266688585281372
p107_00800.wav,2.0616559982299805,0.7068913769034026,3.259346985223788,2.43977932571801,2.633765607202032,0.8516967362729582,5.62885332107544
p107_00803.wav,2.879575490951538,0.923739905885114,4.2202593195294655,3.5285601500719785,3.557479100569957,10.49307388102064,13.31456184387207
p107_00808.wav,2.134598016738892,0.7981074472047771,3.481314735768037,2.599943751990274,2.782887354853376,2.759311818290395,1.9381699562072756
p107_00810.wav,2.760553359985352,0.9050105351048634,4.030211047002392,3.241472270292168,3.3881952285999337,7.483300026304555,8.637527465820312
p107_00816.wav,2.243220567703247,0.9138952270875748,3.1221834568326816,1.9182426959031729,2.580763678334533,-5.436495840752025,-11.62930393218994
p107_00835.wav,2.301927089691162,0.8117404472080284,3.372212662490424,2.367185994385413,2.797375541543959,-1.512171374974945,2.008748769760132
p107_00838.wav,2.969932556152344,0.9093453397704844,4.21098965728696,3.4552883842798927,3.5879873805535487,9.107373421457568,10.297913551330566
p107_00845.wav,2.5866916179656982,0.8871717540831692,3.686272934483448,2.5817376285024958,3.1034559448505155,-0.5322950913518972,1.247995376586914
p107_00846.wav,1.9277675151824951,0.8760923298616503,3.4815726157490063,2.784649477181509,2.6939221838717216,6.584185153195414,5.6322174072265625
p107_00853.wav,1.6046345233917236,0.8240449776216175,2.7344275858393434,2.0315116137088403,2.124289605639751,-1.389631176593905,-0.119249440729618
p107_00861.wav,3.7261061668396,0.9897400275714056,4.986380915174872,3.788340381792072,4.379096302276505,7.623149339373647,10.931597709655762
p107_00865.wav,2.8059325218200684,0.946246666043378,4.241368995362616,3.4654738492013357,3.537113293387425,9.772100489399367,11.425982475280762
p107_00880.wav,3.026686429977417,0.9085942268545684,4.151015478115411,2.854622893116419,3.564676672738587,0.1173334386479522,-3.03928279876709
