Filename,PESQ,STOI,C_sig,C_bak,C_ovl,SSNR,SISDR
p102_00007.wav,3.057076930999756,0.9550820364654498,4.441212008486979,3.1428820963794317,3.7500655910377225,3.332198303054116,7.922034740447998
p102_00010.wav,2.616135358810425,0.8465490147545481,3.9657806625663112,2.5880851406031744,3.2742590704804786,-1.3977879744144646,5.762956142425537
p102_00013.wav,1.6380549669265747,0.7568722752106466,2.8679903502612207,1.5819576350316846,2.153897945397392,-6.4119182849259335,-5.359611988067627
p102_00019.wav,3.5028693675994877,0.980375135745718,4.708018819056285,3.354529880523186,4.0960678583865935,3.831976363799092,-0.7179439663887024
p102_00024.wav,1.8689079284667969,0.7808784251831903,3.6552154348817054,2.764995795047613,2.751574552155833,6.675855782827458,7.793094635009766
p102_00032.wav,2.4000794887542725,0.8668970709700624,3.810750325911071,2.746933336799383,3.091254877746082,2.62036281930324,9.145668983459473
p102_00036.wav,1.6995713710784912,0.7890297421065438,3.4768708186064057,2.6295028275938948,2.56725642677675,6.253659656250913,7.338308334350586
p102_00037.wav,3.2148571014404297,0.9234501489341334,4.439734022921218,3.017264638965425,3.818766102719581,0.5922018933515651,-0.6022675037384033
p102_00040.wav,3.6432366371154794,0.9412590751890212,4.897422887043841,3.41506193511796,4.277052865757798,3.0289030805453336,-2.2035815715789795
p102_00043.wav,2.643912076950073,0.9353252700922112,3.697205451799265,2.3229718034866425,3.119706974846223,-4.277117638602465,-3.3832783699035645
p102_00061.wav,3.383091926574707,0.9449562903456,4.605850242036722,3.686037432525,4.018142500038935,8.53147390016153,12.124588012695312
p102_00069.wav,3.0427486896514893,0.9726856324498694,3.966736992434928,2.7034802754912115,3.457052854384834,-1.3443049167216576,0.4761165678501129
p102_00072.wav,3.021594285964966,0.9454650402039034,4.054962964286341,2.706148814853944,3.512277498390717,-2.111105320134021,-1.0469770431518557
p102_00076.wav,3.248037338256836,0.9305239863179268,4.407110377169063,2.9003143245875207,3.8160520796126063,-1.373311478472946,3.656139612197876
p102_00077.wav,2.434823751449585,0.7740753601950108,3.5911093506504685,2.1279466965012457,2.961138705055252,-5.777715932518445,-4.342800140380859
p102_00084.wav,3.077412366867065,0.9129711398346274,4.468698367784859,3.663107316482888,3.791263574048127,10.675303399747994,7.248981475830078
p102_00085.wav,2.3013181686401367,0.9647871816266758,4.034925385000582,3.381451109729671,3.1896967132093126,11.821354502269465,12.441364288330078
p102_00086.wav,1.918806552886963,0.8446524007909364,3.012189864661222,2.027993316731206,2.3899878723379366,-2.45658176517772,3.125457763671875
p102_00101.wav,3.64775276184082,0.937797052824028,4.69929131815452,3.270696914903872,4.164882050271764,1.4022101159757454,6.564340114593506
p102_00102.wav,2.315599203109741,0.8959479908177592,3.7316625167612183,2.857637057480029,3.028256862631881,4.180832122008981,10.469406127929688
p102_00106.wav,3.5623202323913574,0.9493752279542418,4.541858378256009,3.838799906343848,4.054218760242719,10.591591831491808,14.735974311828612
p102_00108.wav,2.3067030906677246,0.9468287039350786,3.902613618624724,3.2417727438802046,3.1009128400278487,10.6943176179818,9.082216262817385
p102_00116.wav,2.802793502807617,0.9500210056262832,3.792567462602516,2.5667073261757403,3.246364307648825,-1.5687726397900572,1.851723074913025
p102_00117.wav,2.069718360900879,0.8866416188448579,3.599977789522386,2.482868578448055,2.8089090277422804,1.4046750122252487,2.272562026977539
p102_00119.wav,3.883809089660645,0.9850387337342952,5.0,4.048054436715992,4.522164629711355,10.476882418276922,16.8673152923584
p102_00125.wav,2.8616485595703125,0.9093103130265904,4.400822053550277,3.2048868876402232,3.6421370526085832,5.321010847250399,6.842593669891357
p102_00128.wav,3.3329763412475586,0.9171409329499636,4.704191773497068,3.390877296218285,4.028510716824447,4.810726054755382,8.771717071533203
p102_00145.wav,2.2103662490844727,0.8839522752216329,4.029215223282328,3.0985700149996247,3.127870166032826,8.59657288711698,9.32983112335205
p102_00158.wav,3.323384523391724,0.9694631305791984,4.502466188338262,3.539077901145814,3.914355889729474,7.629719324716913,14.745445251464844
p102_00161.wav,3.383038282394409,0.9683742309890386,4.811199796030182,3.9197727037832,4.127420828836701,11.9278432972487,14.542312622070312
p102_00166.wav,2.206429243087769,0.9087700133135812,3.494494780468853,2.416621207281102,2.8219443904036323,-0.5293303202121439,1.6443147659301758
p102_00181.wav,1.698699951171875,0.8520111226647901,3.057965263140986,2.214514385920372,2.34969753128299,0.0557549059268253,4.182725429534912
p102_00189.wav,3.499840259552002,0.9171236177441388,4.70802369634437,3.751727451300155,4.11591182529965,9.218089805283316,14.030962944030762
p102_00193.wav,3.288623332977295,0.933261379534438,4.108298107723206,3.4145935501181786,3.6922460398688415,6.288951016778354,11.623388290405272
p102_00203.wav,2.830472946166992,0.905722421941614,4.493756060466256,3.516650008419558,3.6789700875609386,10.227082143912709,6.450159549713135
p102_00215.wav,2.649896144866944,0.9217504676346124,3.748849629318493,2.958288579337341,3.175026275915444,4.589859583152583,5.068070411682129
p102_00222.wav,2.408559560775757,0.871609842431168,3.1988233870001905,2.4588792219671816,2.7550801954861117,-0.4310171523313289,0.3544569015502929
p102_00224.wav,3.559378147125244,0.8849741841302678,4.7780968967571305,3.940056762485814,4.190795545361638,11.317200070097837,2.668456792831421
p102_00225.wav,1.6403415203094482,0.7408882839838792,3.267903634912938,2.17198712920559,2.4171903363989755,0.1538289672625581,3.586089849472046
p102_00227.wav,3.2338929176330566,0.9747413656240296,4.485900255742296,3.2979130517644304,3.862687850752393,4.402949740019812,0.3304744958877563
p102_00232.wav,2.3627140522003174,0.8051054587459855,3.695910656679185,2.189025657351713,2.998001257044491,-5.192032394207913,0.7185145616531372
p102_00233.wav,3.440269708633423,0.9609883681351216,4.627073025269884,3.1765632207529064,4.030165991155197,1.2183773317266011,-0.2898093461990356
p102_00236.wav,2.321368932723999,0.916815639046714,3.78784770173662,2.436497225831684,3.033215714232543,-1.4060998565826974,3.334047555923462
p102_00242.wav,3.248105049133301,0.8707213836332988,4.50664627370819,3.166106876354475,3.8810688647635967,2.164106110946736,2.152431011199951
p102_00247.wav,1.973442554473877,0.9050962376321434,3.273444733612768,2.183175614296226,2.558043994075942,-0.8693919194040172,7.234491348266602
p102_00252.wav,3.271716594696045,0.947399131382836,4.652793614504839,3.8069142603393327,3.986954840160773,11.22049632342338,13.807836532592772
p102_00262.wav,3.795942783355713,0.9155173478718348,4.96359475196345,4.104821979229054,4.394421021847308,12.495818300668176,19.025861740112305
p102_00266.wav,1.822751760482788,0.7959996299306469,3.227104151849711,1.7891855256112716,2.4612550183183783,-6.083947471561385,-1.4085431098937988
p102_00268.wav,2.6099469661712646,0.8743484307323164,3.881708587517759,2.760217695576529,3.2305218630326493,1.3276981617216657,7.1106061935424805
p102_00270.wav,2.743260145187378,0.9700264673775526,3.822835711187392,2.555193382448204,3.233115030812643,-1.37704524465217,2.202853202819824
p102_00274.wav,2.2127370834350586,0.9381745938210004,3.716164607677249,2.6872012121547706,2.9427639842986166,3.3944254041442514,8.323607444763184
p102_00278.wav,3.494166612625122,0.958569411218372,4.63193944961346,3.1136780755738225,4.054597247868707,0.0406480417211434,2.304877281188965
p102_00286.wav,3.4476723670959477,0.975922839481604,4.829738002706399,3.8995121708921223,4.1602703931374165,11.512929623433376,11.669358253479004
p102_00289.wav,4.076437473297119,0.937207443945477,5.0,3.864516066811513,4.627879796773457,6.72243144903421,2.8494462966918945
p102_00290.wav,2.684941291809082,0.9505655857056052,4.150156554633906,3.002103492317716,3.417660809586138,3.906526182952061,1.9668784141540527
p102_00313.wav,1.5884952545166016,0.8277561851670556,3.3944017680979583,2.2656536288411098,2.467933076746998,1.41795741609944,3.271796941757202
p102_00316.wav,3.66980242729187,0.9176118326676908,4.621618134288401,3.710814968114725,4.137257613411387,8.225798106290613,16.482303619384766
p102_00317.wav,3.2145092487335205,0.930071020501076,4.452561155226912,3.711867906368977,3.8471538665045366,10.643014547409592,15.533150672912598
p102_00319.wav,2.8909659385681152,0.9338505120506982,4.325231003325385,3.292312861268438,3.621958145259079,6.370466118380476,7.431013584136963
p102_00321.wav,2.901974439620972,0.9639303069592368,4.037337065447,2.7698069969675285,3.4507806108198165,-0.5313111203688774,1.0347886085510254
p102_00327.wav,3.315486192703247,0.9526234303538224,4.554692977949527,3.228358903895925,3.940687089000608,2.566687549004553,4.998619079589844
p102_00328.wav,2.276927947998047,0.7461875078941103,3.7254802459727214,2.333153126674676,2.9747063270865355,-2.487411846801426,6.089226722717285
p102_00330.wav,3.2428090572357178,0.8657596933673891,4.486689671247385,3.230569695913463,3.8655074741604505,3.35780300046452,8.26193618774414
p102_00331.wav,3.576822280883789,0.9699973465599262,4.949974334315177,3.7858753280546074,4.286460088826033,8.678714775524002,12.625110626220703
p102_00346.wav,2.161289930343628,0.8933698767499652,3.618566362086773,2.440370637940548,2.8646459964632585,0.0244229627414207,7.177034378051758
p102_00347.wav,2.6439850330352783,0.9092370914469824,4.040445697164706,3.0422854994087176,3.3393912267829604,4.987226360045103,10.117243766784668
p102_00369.wav,3.0169055461883545,0.9182334510264838,4.278544641992873,3.124287325559101,3.635206350197124,3.942608651292997,11.602684020996094
p102_00371.wav,2.956038475036621,0.9621653587658552,4.373186029692394,3.023211719407731,3.6607639666110288,2.394592640231905,3.732757091522217
p102_00382.wav,2.960461139678955,0.9350604267128966,4.395512945255308,3.175781792162152,3.6849797721965047,4.30371600665081,7.872345447540283
p102_00391.wav,3.1780927181243896,0.9429133991792852,4.494251336122518,3.398148513084844,3.854697692352795,5.711017939356477,10.244158744812012
p102_00395.wav,3.456894636154175,0.9831730577164104,4.69091320401326,3.1951891068920206,4.076804090466402,1.1024685523985176,-6.790972232818604
p102_00401.wav,1.6609054803848269,0.7831711611428319,3.1932913978205666,1.773965153510446,2.36617075446456,-5.2503025836186,-7.252558708190918
p102_00403.wav,1.5441465377807615,0.651966475422424,3.1269568643013166,2.0723946394727446,2.287616083893808,-0.2183007595802173,1.5314249992370603
p102_00404.wav,3.792863368988037,0.9384588026537212,4.878458522472875,4.12200770122567,4.343003653872023,13.12246355893386,21.992847442626957
p102_00408.wav,1.9520989656448364,0.7631035145890921,3.1428417367332484,1.863619366370046,2.4846985957053094,-5.886244503045458,-5.123251914978027
p102_00417.wav,1.4323145151138306,0.6850607561234441,3.003190961289973,1.7917238429267517,2.161057505989318,-3.45016420765661,0.6193827390670776
p102_00436.wav,3.379662036895752,0.9299459164322806,4.737474402455988,3.606729713649099,4.073726883995426,7.658869082926931,12.62173843383789
p102_00437.wav,1.5892423391342163,0.8120751882761404,2.882513576785959,1.9749185311505808,2.1853584471818315,-1.957821079813033,2.4013352394104004
p102_00438.wav,2.568489789962769,0.8910617180531848,4.016162524350484,3.222927272183364,3.2969653719590664,8.084617199794708,12.372139930725098
p102_00439.wav,2.6704421043396,0.8637589289886919,4.064921516507948,2.8448062462552284,3.3582439184060178,1.9464608314581788,5.232123374938965
p102_00440.wav,2.994662046432495,0.9507864609663732,4.282049188643398,2.8521939608472286,3.6229227092701897,-0.0844110737915749,-0.2773776650428772
p102_00441.wav,2.2799575328826904,0.9114764369826102,3.411164151795835,2.067098168459151,2.7853357746154246,-5.213190597330956,-7.061767578125
p102_00442.wav,3.294743061065674,0.9233601574132648,4.56397089422187,3.689399136457341,3.948360077549841,9.446001746649053,16.02876853942871
p102_00443.wav,2.356083393096924,0.8906505855265384,3.807706884629803,2.653147992360904,3.070936548608602,1.3151671655291908,6.324870586395264
p102_00444.wav,1.5508654117584229,0.7507504117781464,2.887638686919128,1.679397252725456,2.146665011029101,-5.394126280285597,-3.617445230484009
p102_00445.wav,3.751699686050415,0.940240704500301,5.0,4.090323592262247,4.42831396939052,11.847943329854475,16.675762176513672
p102_00446.wav,3.6072092056274414,0.9125704602347428,4.863333076994624,3.955916947088952,4.258366978915106,11.161654479951128,15.328948974609377
p102_00447.wav,2.413698196411133,0.8969219431687172,3.778530795447239,2.7774243990406915,3.086075831668183,2.825863131481123,8.14015007019043
p102_00448.wav,3.083504676818848,0.9409174409904212,4.445245794910081,3.566828395294568,3.781610595784235,9.147548267183996,8.180891990661621
p102_00455.wav,2.121724843978882,0.7594317825764794,3.488611401902279,2.1477477344406752,2.772694570148397,-3.9980903203490703,1.540423035621643
p102_00456.wav,1.4519550800323486,0.8177439263405972,2.6128231323247717,1.831310363044108,1.973223919397415,-2.8159189138292025,1.2818998098373413
p102_00459.wav,3.859458923339844,0.9722954810378552,5.0,4.338016841229702,4.569977885666955,14.35537414115688,15.297445297241213
p102_00470.wav,1.8385242223739624,0.9176741634851758,2.7799669905969155,1.5708265623304425,2.189488112829483,-7.147285409635286,-8.755695343017578
p102_00486.wav,2.562580347061157,0.942283518393936,3.839387487050756,2.9197299445086333,3.192535293727945,3.9110660394653736,10.426645278930664
p102_00500.wav,1.8778210878372192,0.8722047755967506,3.2902870801521766,2.017853729413744,2.529153900435235,-3.253357273725561,5.012214660644531
p102_00506.wav,3.163132429122925,0.9490256117376502,4.47420676279562,3.2636377598125748,3.821770424964497,4.367912075691556,8.081425666809082
p102_00511.wav,3.945809125900269,0.985984837576202,5.0,4.280019257444201,4.540870081903148,13.980173755807938,19.22438621520996
p102_00515.wav,3.1764495372772217,0.9508108014179808,4.491637572868841,3.401714850150604,3.835188521068921,6.545791863564432,12.855398178100586
p102_00526.wav,1.973184823989868,0.8073005524935781,2.7395079799512065,1.9460574767040884,2.2909773181986037,-4.57546506320283,-0.5255045294761658
p102_00532.wav,2.370649099349976,0.9070261874171284,3.741471849513095,2.911235623276593,3.0479247503210503,5.187185247695244,9.663742065429688
p102_00537.wav,3.2462735176086426,0.9666134892843332,4.613831857532316,3.954809103981613,3.956494256615785,13.682939054503144,16.928543090820312
p102_00542.wav,2.7914958000183105,0.7824455233895241,4.098470382701012,2.925987126489102,3.433085985105629,2.4478158661962324,8.547646522521973
p102_00543.wav,2.740605592727661,0.8651059514473922,3.859448239872517,2.487283787045896,3.268095178699631,-3.232448948467212,0.966052770614624
p102_00552.wav,2.9410622119903564,0.935310779301316,4.1979327469929295,2.984831612208665,3.5595210214064763,2.184499297850076,7.894619941711426
p102_00576.wav,3.0926315784454346,0.7101294421265338,4.43091032046803,3.163028113100129,3.760101351570736,3.505237687738441,8.24943733215332
p102_00581.wav,3.0574405193328857,0.8750325271099889,4.538029749290216,3.278714086095049,3.806753238794148,5.118473113271134,9.609076499938965
p102_00583.wav,3.4968416690826416,0.92079235995987,4.60660206791069,3.818521240172039,4.054362312821549,10.722746034501425,16.482532501220703
p102_00591.wav,2.752067804336548,0.9290593684832378,4.093893380804814,3.06603923247534,3.416572914308118,4.720022976689355,9.30364227294922
p102_00596.wav,3.252539157867432,0.858477509131296,4.506547544315658,3.498331949046058,3.883621194468933,7.387910701251731,13.133049964904783
p102_00616.wav,1.927030324935913,0.8364416458749929,3.136695786613048,2.317766542506462,2.482819054634033,0.9029858513632106,4.138656139373779
p102_00618.wav,3.571622848510742,0.99153882019262,4.778392118541505,3.83992978778972,4.188906096211126,9.997121940727608,17.484689712524414
p102_00621.wav,3.038301944732666,0.8984340975880095,4.107598186259557,2.9894555345775866,3.548069280607859,2.2077200642444845,10.632631301879885
p102_00622.wav,2.8192529678344727,0.9069784140890732,4.451801445479549,3.538450113486685,3.64853193100702,10.829946843845317,12.473348617553713
p102_00629.wav,1.8903896808624268,0.8862280991929403,3.265554211599227,2.079048922668954,2.531115699838872,-2.726378319097654,3.3903160095214844
p102_00631.wav,2.543402671813965,0.884263128381399,3.867729373688195,2.837166670040633,3.193716790973404,2.8886433790122705,5.508094787597656
p102_00664.wav,3.940159320831299,0.9364164081932052,5.0,4.030233394591086,4.522323584845187,10.034070588251373,17.486980438232422
p102_00672.wav,3.6152613162994394,0.9610872657185684,4.765414877780876,3.501794146281612,4.193778511811986,4.7705052007338375,1.5592186450958252
p102_00679.wav,2.6713192462921143,0.7554840937594244,3.908380997423389,2.783945089099122,3.2711407245232125,1.3991981629503834,8.273458480834961
p102_00697.wav,1.8421008586883545,0.8757619861176579,2.974284569366908,2.008427564113696,2.347842541889605,-2.8658252090101786,6.034648895263672
p102_00730.wav,2.4642751216888428,0.9126208903208332,3.956304749268746,2.996508796328419,3.2088010915336227,5.53498794250247,10.805780410766602
p102_00734.wav,3.0020668506622314,0.9349853557970328,4.066725537581204,2.6545383669546294,3.4950617611449664,-2.200235736480859,1.6384552717208862
p102_00741.wav,1.8453691005706787,0.8750456456445812,3.696064814665775,2.810562628931586,2.7677443388425687,7.237130684568708,8.896448135375977
p102_00753.wav,2.840618371963501,0.9180331528673948,4.23751917142569,3.4543769112638807,3.5439248211372725,9.71998027441971,10.503878593444824
p102_00759.wav,3.346149206161499,0.9721999331564034,4.615392337538687,3.5959582851641927,3.9999566409979552,7.570468029894289,11.880187034606934
p102_00763.wav,3.727799415588379,0.9603934676005716,5.0,4.245153081656121,4.406137927300978,14.465012375370373,18.28451919555664
p102_00764.wav,2.52630877494812,0.848180836588766,4.088243259981305,2.996287516224999,3.308403667393732,4.944974146255308,7.614681243896484
p102_00766.wav,1.921674728393555,0.7944165146051717,3.1595579455246856,2.031405840515026,2.493044879711323,-3.6702853343696056,1.125455617904663
p102_00767.wav,3.412414073944092,0.9584838418732382,4.4462011189154005,2.9543684593816355,3.903148995930577,-1.085826497994839,-3.8721444606781006
p102_00778.wav,3.8248000144958496,0.8852070580221573,4.985134102280854,4.314120530301276,4.422214796746211,15.48872133154638,20.408449172973636
p102_00779.wav,3.8741672039031982,0.9573206668287446,5.0,4.233429490161179,4.4635098732728,14.073215623729206,20.13104248046875
p102_00782.wav,1.959756851196289,0.7670216342953066,3.1613571323632312,1.9212227694514827,2.5024585344732277,-5.236215473186269,-2.59830904006958
p102_00785.wav,3.680237054824829,0.9665266055341052,4.975904869435199,4.181010767998443,4.36175095267783,13.718084891221665,12.344026565551758
p102_00786.wav,3.133727788925171,0.9511280331540428,4.569429508108527,3.5681653677156677,3.869630621968757,8.74942635905941,12.243112564086914
p102_00788.wav,1.8449923992156985,0.8536874986708592,3.095469853723153,1.7489123577733632,2.390605416404576,-6.170130123003057,-1.363322615623474
p102_00793.wav,2.5843846797943115,0.939178269364542,3.891476016170897,2.6741554730061634,3.2134937739908778,0.551231080956851,2.709688663482666
p102_00812.wav,2.2972075939178467,0.9205964215526165,3.469172784401661,2.263156242053572,2.8332666116012843,-2.688349284856128,5.416358947753906
p102_00815.wav,2.250359535217285,0.8379705160739401,3.617962499510874,2.204178693922352,2.889683270265831,-3.5351639825375067,-4.078454494476318
p102_00818.wav,3.28283429145813,0.962718559407274,4.598964594579384,3.711536139185109,3.9602749229287206,9.864980507609804,12.384753227233888
p102_00819.wav,2.253086566925049,0.9347315264520228,3.1582321081262568,1.8960580975817705,2.6094833076463777,-6.119071040362456,-8.003436088562012
p102_00824.wav,1.907273292541504,0.8725308056617468,3.356393292883453,2.2247300967777464,2.59388208082601,-0.9404578542937764,-0.3512962460517883
p102_00829.wav,3.0802927017211914,0.9188191953824364,4.344532402150977,3.428463439017895,3.698408601021544,8.36210296602686,8.639469146728516
p102_00850.wav,2.4497230052948,0.909851411146402,3.8036326961961273,2.677110869041338,3.117174388621496,0.941866847101677,-0.2148914486169815
p102_00855.wav,3.161161184310913,0.9018699511225744,4.484455601634073,3.509885156683916,3.8331707527637424,7.970092631086716,12.841185569763184
p102_00868.wav,3.2775490283966064,0.8221923454268291,4.55720148777043,3.2790385295663658,3.920440432292701,3.761971458844004,7.161401748657227
p102_00870.wav,1.826475739479065,0.8780991415154338,3.172587835321439,2.1836700677178364,2.4711443143532468,-1.398538172731417,3.6579842567443848
p102_00872.wav,2.649653196334839,0.9324721758665098,4.019884339011824,2.934877137887588,3.3307058633394746,3.297345461645927,8.834697723388672
p102_00877.wav,2.101034879684448,0.8924676907536245,3.3815584877227045,2.349922615687674,2.7043343135373306,-0.4272777210471589,5.452702522277832
p102_00879.wav,2.5832338333129883,0.9467434700003844,4.107980046256,2.919239303218944,3.340886862581075,3.558064467938441,7.85138988494873
p102_00881.wav,2.7475063800811768,0.950634536197832,4.324208464267056,3.136723832439156,3.542380797862896,5.28122765833569,-1.1610660552978516
p102_00882.wav,2.113727331161499,0.8282372653083194,3.323344921790896,2.0421767779083413,2.672104256155526,-4.982208299483764,-3.1544013023376465
p102_00885.wav,2.3123939037323,0.9037309339236844,4.179812131325012,3.156021498428061,3.2595847466550363,8.502564775214314,5.849637508392334
p103_00004.wav,2.5705461502075195,0.5521286582177662,3.721071468206947,2.9841178263200323,3.1296248743110566,5.227875239043243,10.200254440307615
p103_00011.wav,3.6384544372558594,0.7008017326405304,4.608504636880746,3.8731868085671017,4.121365458535186,10.756249333475852,16.23872947692871
p103_00012.wav,2.4655487537384038,0.7698824996866588,3.5129717030858822,2.412458786897969,2.968808262944977,-2.862078203434478,-3.538319826126098
p103_00015.wav,3.1821346282958984,0.8775831446143537,4.349718450124297,3.136473831594213,3.7588228506596826,2.6723458125557773,8.547918319702148
p103_00020.wav,2.827479839324951,0.9120423964004448,4.058478645335324,3.3976686990905853,3.4521450027572538,8.745945007107094,8.61203384399414
p103_00022.wav,3.139704465866089,0.9283535593948852,4.303496789666889,3.52445081119635,3.728175186374116,8.545655869911233,11.431585311889648
p103_00030.wav,2.270721673965454,0.7754717911564402,3.514429427906052,2.515300912953757,2.8717408756118297,0.2226349090583703,2.2414703369140625
p103_00047.wav,2.6242713928222656,0.9226384737011778,4.4641179657725605,3.4128692150144966,3.5668948957684354,9.84483731701172,10.218782424926758
p103_00051.wav,3.566580295562744,0.768242771441867,4.5772293720795645,3.3746432630119982,4.078496511764062,2.99224787578808,6.328311920166016
p103_00063.wav,3.706139087677002,0.8587725848587903,4.656527597002708,3.4087528199383965,4.188164007619682,2.486305894908761,4.598308563232422
p103_00071.wav,3.6416983604431152,0.9017991739660204,4.477988444544726,3.0867839241053194,4.048749573235427,-1.3406286043980566,3.928454160690308
p103_00074.wav,1.6246821880340576,0.7024198861283529,2.8596213348282085,1.6705453258433922,2.187668554859396,-6.873194725071573,-5.409435272216797
p103_00081.wav,2.509491205215454,0.9313127148696976,3.9327854615590687,2.571413647213085,3.2093434856836214,-1.0891402571440103,-0.9524124264717102
p103_00083.wav,2.252352476119995,0.9156971160255032,3.4585276464484243,2.062238850581334,2.818802994599904,-6.1312492187525125,-8.245841026306152
p103_00090.wav,3.4063503742218018,0.8503792156229361,4.569412271939725,3.75382229270984,3.992593758313327,10.275258920315366,15.320266723632812
p103_00094.wav,2.5101423263549805,0.8393818270376608,3.642740171450824,2.236916591972231,3.050860496447197,-5.764973299755634,-4.9485392570495605
p103_00100.wav,2.107455015182495,0.7648996798157828,3.5437331829854104,2.447146617646513,2.807827244189684,0.2055566946162181,3.663751602172852
p103_00118.wav,1.4157066345214844,0.8026064951854025,1.888621538743826,1.279502414273331,1.5331211028538636,-8.591994677716556,-12.452973365783691
p103_00170.wav,1.210726261138916,0.8803246548146443,3.601897618746244,2.955033191813614,2.42176285781798,13.40506593674987,-0.283114492893219
p103_00182.wav,1.4862719774246216,0.3887178775049779,2.902883822784819,1.6051846744416585,2.147946872664789,-7.241373978416626,0.1356472671031952
p103_00184.wav,3.0752198696136475,0.9226317234200576,4.235729166340858,3.0878673149918163,3.6562687607187048,2.352846446191657,7.658598899841309
p103_00191.wav,1.2264134883880615,0.8008383769797284,3.428648427868253,2.4053554350245525,2.322503533256988,5.485232395643909,1.640805959701538
p103_00200.wav,2.224950075149536,0.941894482837962,3.755635042566908,2.630443838835784,2.979916134638155,1.9009701135420076,4.108170032501221
p103_00212.wav,1.782325029373169,0.7228362533212778,3.64318954910014,3.063871428752728,2.700366187653348,12.14307823683725,9.763500213623049
p103_00217.wav,2.2137417793273926,0.7913704913070178,3.441100986472418,2.1624669446508067,2.806875739328733,-4.962930351363591,-5.646787166595459
p103_00221.wav,3.900325536727905,0.8020137284177683,4.921554242807997,3.740880332665813,4.418595565907167,6.262580493288168,13.932047843933104
p103_00234.wav,3.2557740211486816,0.8114461423288252,4.463087514048038,3.869183252582217,3.8652642578040455,13.1779029987385,6.964133262634277
p103_00235.wav,1.598679780960083,0.743132773433112,2.640671095924806,1.5525686165668682,2.0665756461011924,-8.591755708767417,-16.127267837524414
p103_00238.wav,2.995692253112793,0.9402335623697834,4.216036943955061,3.4261109122740807,3.614357427033121,7.970710716682041,13.1325101852417
p103_00245.wav,3.0046474933624268,0.6795328496210873,3.990244795745309,2.645688350829132,3.479164049318296,-3.279087809148792,1.45367431640625
p103_00250.wav,2.694061756134033,0.9357760019472532,3.958767969818769,2.930738280650901,3.3295658286909657,2.5931283018849447,7.062685966491699
p103_00254.wav,1.7881759405136108,0.6430596753819832,3.1113083938839683,2.0059063334614757,2.410780486168529,-3.4655213341369016,3.4628140926361084
p103_00256.wav,2.905487537384033,0.9392298025973872,3.795283869881764,3.020713442759659,3.345325290352497,2.842690324189083,8.987106323242188
p103_00258.wav,1.3919042348861694,0.6165479565919797,3.1290313287284386,2.3684460612208973,2.229678710725708,4.847049568910294,7.126764297485352
p103_00259.wav,1.3682777881622314,0.7548685031911274,3.460624680438366,2.8621833966692445,2.409871496048299,11.667988527399492,12.535676956176758
p103_00281.wav,1.453439712524414,0.5427354274835657,2.546897158554747,1.5613935044138598,1.9435762111268808,-7.217558511480955,-6.6488189697265625
p103_00296.wav,3.102959632873535,0.6923190201389338,4.2436845853630105,3.385265675086415,3.6584992708984574,7.5562763399731665,12.152791976928713
p103_00299.wav,3.0251622200012207,0.949697641900867,4.150107440223311,2.8149133113885827,3.569207701007942,-0.7548632538147285,5.378925800323486
p103_00306.wav,2.3335037231445312,0.7600985362434697,3.512261003816814,2.0557997224102755,2.8872826818092125,-6.882882468773814,0.8746986389160156
p103_00309.wav,1.501887321472168,0.5951117272747639,2.8021261355673204,1.6769610587022643,2.096838943057479,-5.830221472947608,-1.7399038076400757
p103_00310.wav,1.9954073429107664,0.7301043534163849,3.792863208882801,2.7936249658175547,2.885552275314848,6.099541633283561,5.986860275268555
p103_00332.wav,3.275439977645874,0.690162078917142,4.362480065891675,3.5908393363743056,3.820007750699076,8.836461709038085,13.45002555847168
p103_00337.wav,2.946368932723999,0.8140598218214468,4.392469887353842,3.1130829685342603,3.672823957011431,3.5707534805979457,-0.3332866430282593
p103_00340.wav,3.415351152420044,0.6096307726615441,4.502868458071439,3.3741753186474024,3.946246838759836,4.964273063353771,7.054720878601074
p103_00343.wav,2.3364288806915283,0.8099801671089257,4.196193530602065,3.68435923508536,3.2810771909825074,16.653438505364022,17.306882858276367
p103_00349.wav,2.852553367614746,0.7416464674876385,4.4019554681849975,3.596758955452966,3.630998381553654,11.923464794152473,12.345232009887695
p103_00370.wav,3.9045698642730713,0.973826158564826,5.0,4.421859528145877,4.570987213192135,16.003242938069405,20.218307495117188
p103_00373.wav,3.5439653396606445,0.9417328319372223,4.813676788667092,3.543622756184563,4.192387905963325,5.508471923966116,9.323588371276855
p103_00380.wav,2.8734583854675293,0.9157610344763488,4.035933418171668,3.208091632705007,3.458476440347149,5.637671403243372,11.113327980041504
p103_00381.wav,3.995205879211426,0.9782777226865182,5.0,3.66314925882578,4.53616920045024,3.9495037261869257,6.335165977478027
p103_00387.wav,2.653747320175171,0.6896009336861171,4.191085181213504,3.252530117286745,3.4228529510824783,8.092714088662772,9.375134468078612
p103_00390.wav,1.8168485164642332,0.7900146677898138,3.012874496125198,2.288686645072055,2.383846502577562,0.4721931506949358,6.402358055114746
p103_00394.wav,2.1792306900024414,0.6399925042548736,3.259158214988082,1.9699879423896287,2.6807132778624707,-6.954157081081338,-6.593756198883057
p103_00397.wav,3.142414093017578,0.9487842533065453,4.236693421781878,3.207143304011832,3.692591476225157,3.6520435539566938,11.074528694152832
p103_00398.wav,1.9642667770385744,0.670874750210646,3.429381057748399,2.0154885670778957,2.66955617500065,-5.160227963709448,-8.838196754455566
p103_00400.wav,2.9188411235809326,0.7940374977949501,3.657393073907041,3.007704132246547,3.2754721434885905,2.886725106845496,6.323733806610107
p103_00407.wav,2.882871150970459,0.926498795804811,4.073570834472536,2.8808792654035926,3.478062647878028,0.5439806625895781,3.329354286193848
p103_00418.wav,2.3369083404541016,0.9726796670234172,4.007159928156766,2.845590147348457,3.17727156950077,3.776164579695287,5.655028343200684
p103_00422.wav,3.1231720447540283,0.7281372345933504,4.408812880542523,3.18892440199594,3.766507930497918,3.597344396441207,1.107174277305603
p103_00425.wav,3.449873924255371,0.6505207404778381,4.396221712258435,2.838272492383866,3.906854535944082,-3.638357176264461,2.40718412399292
p103_00431.wav,2.4759345054626465,0.6800539581860131,3.712022349363149,2.505992026465822,3.071093553102925,-1.3680668378283685,5.258131980895996
p103_00452.wav,2.529801607131958,0.855938666680187,3.514643591953761,2.7095168045331857,2.9962684639016905,1.6219198538157795,10.726259231567385
p103_00464.wav,3.1320176124572754,0.9214549601853672,4.382857897347028,3.5708083875086043,3.764053149487708,9.327837076109017,12.233046531677246
p103_00469.wav,3.120450019836426,0.8290461795685592,4.369182313994379,3.621671697905348,3.7524893001327664,10.17528844823019,11.342011451721191
p103_00473.wav,2.0875041484832764,0.9015068975743822,3.4932238385300707,2.228052158275056,2.772757936497901,-3.1268021394883383,2.26155948638916
p103_00474.wav,3.793245792388916,0.9699798253469064,5.0,3.931196349545828,4.4474253651670965,9.474517595457394,13.252326011657717
p103_00475.wav,2.0732316970825195,0.9082055692029763,3.215073901270057,2.1793099635996653,2.6156712014780013,-3.286379996364794,2.784111499786377
p103_00476.wav,2.919929265975952,0.9328500634492688,4.289994225403998,3.3921416332119403,3.610807536251632,8.0984884200671,9.387269973754885
p103_00477.wav,1.6237397193908691,0.8809964387622323,3.040736215141399,1.906431469627606,2.302292703034755,-4.222532119569168,2.591778039932251
p103_00478.wav,3.3367156982421875,0.8950855698045529,4.539587473421898,3.539714210189413,3.9449784834478536,7.299855616047975,10.87548828125
p103_00479.wav,2.485544919967652,0.8574252881162167,3.490061380446075,2.425759356401031,2.9597781578454816,-2.4621876962557265,5.549234390258789
p103_00480.wav,2.0383729934692383,0.8402658861207563,3.0223348026594925,2.1930117370979216,2.501831396081454,-2.7895998468254555,1.8690894842147827
p103_00481.wav,3.5021324157714844,0.909360456846806,4.583627851082011,3.338613198440449,4.047248065413997,2.992520660568337,8.54702091217041
p103_00482.wav,2.702303886413574,0.9318859543148024,3.963632036798944,2.760981224086877,3.3255510137447324,0.3029312869779695,1.2670742273330688
p103_00483.wav,3.465477466583252,0.9058472298943944,4.680102822658475,3.762876841400793,4.086678861069258,9.567153841475626,13.894740104675291
p103_00484.wav,2.328398466110229,0.7770864270206002,3.4654659637313165,2.407591380070511,2.86662392672794,-1.489394441285916,5.05806827545166
p103_00494.wav,2.5647246837615967,0.5908869912043516,3.5601266068944617,2.4118671958118063,3.0295805132157203,-3.061267100978115,-4.237143516540527
p103_00496.wav,2.8770434856414795,0.8081148404054802,4.119382713099009,2.7502489851664227,3.4842952564172704,-0.8852473439742967,-1.6521499156951904
p103_00498.wav,3.203621625900269,0.9613587834837556,4.488815607038815,3.5496603798439974,3.8588278943410654,8.18910972436324,12.29243278503418
p103_00501.wav,3.1626675128936768,0.611961346643702,4.074330535283165,2.482556953204787,3.58794848302243,-6.501317398584156,-6.293566703796387
p103_00513.wav,2.4053165912628174,0.8352268953261669,3.606384178818478,2.762954548103894,2.9875544307066053,3.0401790534508324,0.0731218010187149
p103_00516.wav,2.6095917224884038,0.9267334821557492,3.896706432203865,2.559144774944732,3.2410438334646723,-2.003941888395269,5.343536853790283
p103_00517.wav,3.705152750015259,0.753660639400813,4.7220080508362905,3.6470597531194815,4.213314449435562,6.581884690279239,9.134788513183594
p103_00522.wav,3.458597421646118,0.7481756514928424,4.549322935465794,3.3539182580690503,4.0062367256325535,3.652064418950202,7.007363319396973
p103_00525.wav,2.3066980838775635,0.6941134767152212,3.607895892595394,2.3044585390418213,2.9317730043133188,-3.192561640255853,2.230438470840454
p103_00534.wav,3.019017219543457,0.8827636243179081,4.294686441549001,3.3983627478031204,3.6609612943212775,7.543100674550893,8.989821434020996
p103_00539.wav,3.569487810134888,0.8454901969242087,4.722669765582111,3.5899661402284484,4.150012742360322,6.490175592274225,1.4123178720474243
p103_00545.wav,2.455152034759521,0.8298155025011249,4.28987921943045,3.7877498719973937,3.3914513352890947,17.225999890840658,10.140754699707031
p103_00551.wav,2.687680959701538,0.9066061874991012,3.699228852161568,2.7946325989651344,3.1858874749713664,0.9797626054154628,7.049517154693604
p103_00554.wav,1.851904392242432,0.6618164824113179,3.118158043012935,1.9930422382936333,2.443273343196972,-4.016834928329836,5.46429443359375
p103_00578.wav,2.3821568489074707,0.8777249336252445,3.828159088221952,2.9091305522847968,3.091340332634028,5.310036573251582,9.45914077758789
p103_00580.wav,3.0199098587036133,0.7710200326208058,4.041693088181013,2.739573407920441,3.519615659786852,-2.2194731705481376,-2.8948159217834477
p103_00590.wav,2.137744903564453,0.9220397263499244,3.366017772375259,2.113716438495182,2.712603823430981,-4.343414996741326,-2.2201850414276123
p103_00595.wav,2.3930742740631104,0.8217917459309244,3.446801310416646,2.229885844907754,2.898461486889516,-5.173815169497603,-7.425339221954346
p103_00603.wav,2.8292126655578613,0.8234752107481502,3.973489130823301,2.844329257210674,3.3961575018148635,0.5917597751494366,3.0350468158721924
p103_00610.wav,2.5371999740600586,0.8879388175797692,4.117614349211816,3.039098450897953,3.333977713377005,5.301307200211263,8.314079284667969
p103_00612.wav,1.906538128852844,0.7047009637504501,3.574633725087176,2.9234679112418016,2.733709277936686,8.76355754449826,9.976319313049316
p103_00623.wav,3.322638511657715,0.8927911193850196,4.447146142399156,3.6665647472366287,3.890229656865291,9.49260886086957,10.804117202758787
p103_00626.wav,2.871480226516724,0.931819052733858,4.044563053184082,2.779510574061612,3.453152429709246,-0.7704500934445196,1.3606534004211426
p103_00633.wav,3.137058019638061,0.8486531124321712,4.359215650672385,3.375900457335148,3.747248491344756,6.530058544709331,9.056074142456056
p103_00639.wav,2.212279319763184,0.8285883669230246,3.373561888073082,2.464092429639996,2.766914826414933,0.0833501025494935,5.304305076599121
p103_00642.wav,3.191976547241211,0.6268667805878706,4.468435736844104,3.859982339659636,3.8280928513225994,13.851506911178962,3.8582918643951416
p103_00647.wav,2.9732866287231445,0.8587990281337847,4.322240616726433,3.18368784257827,3.650719173965343,4.520421370038459,7.429116249084473
p103_00648.wav,2.358139038085937,0.7339158883636638,3.58767167555744,2.316837681423217,2.9418276051359213,-3.128253622347838,2.310680866241455
p103_00663.wav,3.119075059890747,0.9797057348743116,4.568760672741133,3.297656289124737,3.864146680373667,4.467762774417901,-3.837667465209961
p103_00666.wav,2.769148111343384,0.8956472025804245,4.022334685445092,3.055526094419601,3.3910028897336004,4.361408514669085,9.073760986328123
p103_00667.wav,2.9188320636749268,0.90862300395161,4.237521933283908,3.184149248121974,3.5811913516058897,4.9354741441983325,5.710540294647217
p103_00673.wav,2.242350578308105,0.7788528936598287,3.611084282530653,2.676311032447171,2.912393452852474,2.6902031841662524,3.563784122467041
p103_00674.wav,2.3825275897979736,0.8993279729843712,3.41561578120122,2.624527597457332,2.8804361186669807,1.046231236252442,8.138895988464355
p103_00676.wav,2.3587934970855717,0.825988219678463,3.7690997548236576,2.514191840998357,3.0556652917396163,-1.024280379555822,-1.2206244468688965
p103_00693.wav,3.0014302730560303,0.8419647778937854,4.244800706499719,3.2047913386601983,3.619174696666552,4.96015579468578,8.24536418914795
p103_00698.wav,3.304833173751831,0.9277259882163196,4.606932885636208,3.8132796386536754,3.9709310007427314,11.507670019164824,15.30580997467041
p103_00708.wav,2.5296778678894043,0.8003716643668762,3.418266745840894,2.118611153167379,2.9364562618335577,-7.236899457073618,-9.669461250305176
p103_00714.wav,3.0516085624694824,0.9461782252630252,4.228255367193346,2.99770244321318,3.6374620105372553,1.2402566109427355,4.226518154144287
p103_00731.wav,3.352280139923096,0.9643697837241616,4.549815866071725,3.297388164071981,3.956591922467876,3.3941550750639853,8.088345527648926
p103_00732.wav,1.968459963798523,0.8798898092471963,3.18606822295024,2.418095547026184,2.555623509236936,0.9775789103791944,6.436890602111816
p103_00736.wav,3.031933546066284,0.6332676685982475,4.1437105690440905,3.410001847872444,3.576322577452877,8.336550539679791,14.082801818847656
p103_00748.wav,2.5849769115448,0.8866378113934236,4.366245298609014,3.4330731319453145,3.493578279403834,10.674087814991386,8.857415199279785
p103_00752.wav,1.8709841966629028,0.8933276601399639,2.9548470491627983,1.7996670316506491,2.3533805284466114,-6.426143623842981,-10.50447940826416
p103_00765.wav,3.1764235496521,0.9681087020188864,4.38941091176656,3.392479292589355,3.790275928097893,6.136558560148573,10.8733549118042
p103_00769.wav,3.112269878387451,0.945355375759112,4.341294106694363,3.442553136619183,3.730551167272008,7.567402543852345,13.358972549438477
p103_00787.wav,2.9447014331817627,0.6617016296357374,4.157455851475172,3.563767845419532,3.5507265034443347,10.92744160300438,13.859399795532228
p103_00791.wav,2.5612616539001465,0.71198567721933,3.446949514720226,2.3491110008800726,2.9821307404358257,-4.498699797428782,-0.0050947573035955
p103_00792.wav,3.181652784347534,0.9802140694470596,4.385890903202335,3.192921119817603,3.779428370158018,3.446400427423827,7.010638236999512
p103_00799.wav,2.7226672172546387,0.8869998769263127,3.8509316748379647,2.500370155910772,3.2604377126726893,-3.1370466984446943,-1.554243803024292
p103_00804.wav,3.575021505355835,0.7404878669753364,4.676450448545029,3.542704989747515,4.1342287205307215,5.503314690485697,9.840325355529783
p103_00805.wav,2.176036834716797,0.7759501227891126,3.409130377774913,2.8184218898651627,2.77013778995537,5.814025705711926,9.325798988342283
p103_00806.wav,1.6834503412246704,0.8526642452483526,3.206110462971155,1.9423105952804496,2.421158576928701,-4.389309935839176,0.5560939311981201
p103_00828.wav,1.0696827173233032,0.811004706627561,3.231070130146397,2.4374071979078376,2.139402652850793,7.4320087261570364,7.333550930023193
p103_00833.wav,1.9142968654632568,0.741337038560528,3.279565085047968,2.398515067409808,2.5750616902498744,1.065949137515538,7.155368328094482
p103_00834.wav,2.7213804721832275,0.6908546067649713,3.9883162749313175,3.0182495340106765,3.339450567553169,4.594975569133919,12.019535064697266
p103_00840.wav,2.5401763916015625,0.7359281165847101,3.787340651669404,3.13239218934069,3.145724902980021,7.879619264743124,10.35654640197754
p103_00844.wav,3.554407119750977,0.9318316353006242,4.865407921862428,4.210212620278033,4.242022706308586,15.189562077451653,14.390908241271973
p103_00854.wav,3.6850428581237793,0.8816054324704797,4.5313608816388005,3.198342980390958,4.096394148967165,0.1365043185617297,4.482367992401123
p103_00858.wav,2.8513004779815674,0.7420774846909155,3.991454125794664,3.0453329919672383,3.4034959254683086,4.176637944804648,9.240141868591309
p103_00859.wav,3.164771795272827,0.8346259976314585,4.57363434390759,3.87950070679244,3.883849302733152,13.612111612192876,13.369513511657717
p103_00875.wav,2.10856556892395,0.9068295433577466,3.3746008963567595,2.090673209905925,2.7119731788166783,-4.921029484025778,-6.394601821899414
p103_00883.wav,2.6261098384857178,0.7519446118778648,3.999107375133143,2.908029561067435,3.3046145525616413,3.220100719024288,5.252198696136475
p104_00002.wav,1.961424231529236,0.7678739255487851,2.903723036930289,1.9034678519460184,2.3947906752591708,-6.3978300157212455,-6.012184143066406
p104_00014.wav,3.0207269191741943,0.9020642641811408,3.996509959207684,3.0439100032060047,3.496041828726076,2.671359685655706,4.667836666107178
p104_00027.wav,2.501199960708618,0.915485315824031,3.621461233780356,2.256716728643382,3.022168692923308,-4.784142233256151,-4.024832725524902
p104_00029.wav,2.664492130279541,0.890511612755437,3.900904212203196,3.1132349679896847,3.2780677444682924,6.056821304714714,11.314338684082031
p104_00050.wav,1.9834614992141724,0.7069007901038771,2.8229116080645773,1.815002300288695,2.335962611047289,-6.6586345539042,-1.382636547088623
p104_00059.wav,3.120493173599243,0.8311458549981442,4.030903836082417,3.1591494114279013,3.5649570791994467,3.680886040444341,11.533777236938477
p104_00070.wav,1.978660225868225,0.8641540512952482,3.1664764637241216,2.177060168303437,2.5385454453683085,-2.375889909779613,0.4854724407196045
p104_00088.wav,1.8648135662078855,0.6567593684469399,2.888859945081323,2.037520084054,2.322930016303785,-2.846146469330512,4.400870800018311
p104_00091.wav,3.6754136085510254,0.7792401530823876,4.724114103401178,3.631888285055852,4.203754086381249,6.372453105801588,12.242318153381348
p104_00093.wav,3.508368015289306,0.9652655012781798,4.736649904481216,3.9432470426387054,4.141782170324302,11.870842970378886,17.505542755126953
p104_00096.wav,1.6082229614257812,0.7432929358957229,2.853132188521069,1.7554101017166237,2.179551648251965,-5.552078263953792,-0.0538077130913734
p104_00107.wav,2.364131212234497,0.8118870931739702,3.872750916758597,2.8547256258025118,3.1125956704509505,4.223266102700724,9.133231163024902
p104_00112.wav,2.415633201599121,0.8944070589875095,3.678322799583873,2.461007689329933,3.027518192117541,-1.785068869623582,1.6389987468719482
p104_00120.wav,3.246412992477417,0.5884287948521756,4.286458143330246,2.811797167144662,3.7500247615683726,-2.538055496727605,-3.711347818374634
p104_00122.wav,2.32813572883606,0.8594397044312374,3.5018576662760483,2.485564066985112,2.89207995908296,-0.5793571853499532,6.18369197845459
p104_00124.wav,2.0212831497192383,0.8796330547951522,3.912559150506424,3.104619815189313,2.9674327933283724,10.431786321320178,9.206669807434082
p104_00131.wav,1.7879035472869873,0.8545582199166181,2.978986358953011,1.7643874745933028,2.32357411674379,-6.361744348550931,-7.376121520996094
p104_00147.wav,1.531545639038086,0.2657760969769001,2.920384989228988,1.6261650357747313,2.176120781670328,-7.102242784193635,-2.172839403152466
p104_00151.wav,2.235252618789673,0.9020969897628592,3.8605284124501096,3.2791015275214708,3.0559730580015243,11.296695736356943,9.639725685119627
p104_00162.wav,3.365595817565918,0.955794398931696,4.442516595140316,3.1248011378046883,3.901806006665473,0.9114487304338266,7.314656257629394
p104_00163.wav,1.832170009613037,0.8349625621276173,3.3907987741144487,2.2088835890371654,2.587582680280317,-1.2612786618372045,-6.82185173034668
p104_00176.wav,1.5823938846588137,0.8431585178919622,2.7749680791209994,1.9644399876695668,2.118362718166002,-1.6304478438473988,2.901851892471313
p104_00179.wav,2.9856767654418945,0.7440944432705245,3.739497490625809,2.4562169913414253,3.329876067581335,-5.4842150874683,-2.936324119567871
p104_00183.wav,3.304832696914673,0.9673172007327516,4.655203477856308,3.651343027710423,3.9955462995408255,8.910925100474156,11.725608825683594
p104_00185.wav,3.528769493103028,0.9544424293115472,4.783418434525166,3.902376347131833,4.177396013466762,10.977377441335278,11.205976486206056
p104_00186.wav,1.3926780223846436,0.7579933148773718,3.0093429690701394,2.0619667006129694,2.149832271540188,0.8877354700477681,0.6219586730003357
p104_00188.wav,3.383268117904663,0.8568552237381403,4.41443056635429,3.183129360171089,3.897141645200693,1.6861785930287596,5.703952789306641
p104_00197.wav,3.197715997695923,0.8637912269311927,4.266394267420661,3.141914159888182,3.722632344503733,2.754984886139771,9.582995414733888
p104_00201.wav,2.1117196083068848,0.7130074701835941,3.21630071625596,2.4282116579788178,2.633237057417059,0.4816709378260942,9.18491554260254
p104_00202.wav,3.042983055114746,0.7911235722068609,3.792973847323552,2.485103414393062,3.3862217431372725,-5.495736746852736,-3.709122657775879
p104_00205.wav,2.8268001079559326,0.8515726235705698,3.838757813013645,2.587816257568349,3.312435087004834,-2.780159784142567,-0.1923501193523407
p104_00210.wav,3.2148845195770264,0.9001603120145245,4.314594767865668,3.4761220337227283,3.764563487579137,7.520806984801442,13.81181526184082
p104_00213.wav,2.361600875854492,0.7021370980737217,3.394378323168768,2.202332047927836,2.8339532968077714,-4.379679347966537,-4.224769115447998
p104_00219.wav,2.243050575256348,0.8508292186463531,3.3379464999504647,2.0593200640316525,2.752671181902031,-6.04368719332551,-2.4604742527008057
p104_00226.wav,3.16455602645874,0.889205241349362,4.176539526394318,3.1389534827414933,3.660548537997832,2.987347076482528,12.167940139770508
p104_00229.wav,1.8370156288146973,0.8314568811310946,2.945716871437353,1.897423581850875,2.3344391525122354,-4.738081979629603,4.552024364471436
p104_00230.wav,2.877524137496948,0.8986734110332193,4.031382868734344,3.339534940045099,3.455647985844577,7.808540786337667,12.15339469909668
p104_00241.wav,2.141829013824463,0.9250069841731192,3.319254875723461,2.249955558249465,2.711380388211505,-3.09226834734084,-3.303760290145874
p104_00249.wav,2.909424304962158,0.8869305044739796,3.868916820893305,2.5483890884711986,3.361193130025586,-3.681708849670996,0.2586700916290283
p104_00257.wav,2.5117945671081543,0.8725152087306036,3.9990945840948906,3.168009362019119,3.2528904176306126,7.949426242158477,10.354819297790527
p104_00261.wav,1.6398942470550537,0.8846945639802649,3.018386804621024,2.116489117798692,2.298273424448302,-0.9643114788213752,4.982243537902832
p104_00263.wav,2.10188889503479,0.7843877497860295,3.220211857299725,2.2716665758620214,2.6218027333176144,-1.557771804335525,5.343174457550049
p104_00264.wav,2.299982070922852,0.8971207387940692,3.522695759494836,2.8155028529925143,2.8980514800788346,4.438729064898129,10.0087308883667
p104_00269.wav,3.460058212280273,0.9524575790016966,4.685850383797973,4.007839459538309,4.093619748971861,13.196189420852976,18.511377334594727
p104_00272.wav,1.6060439348220823,0.8330075941341581,2.6390596294716224,1.5050518344618484,2.0460218736492903,-8.367771417138767,-12.106976509094238
p104_00276.wav,2.5396876335144043,0.9580479447529834,3.828268061351877,2.5126996437516205,3.174210303198423,-2.321745622324716,-4.095760822296143
p104_00282.wav,1.632300615310669,0.8459131812997469,2.6735176662928444,1.6161414239010796,2.095588403276068,-7.647945261470085,-9.696767807006836
p104_00284.wav,2.1754252910614014,0.8832215589362901,3.571944182843246,2.249879131526282,2.8499020721460724,-3.1644841599588296,2.1754722595214844
p104_00285.wav,2.452345609664917,0.8893484480287551,3.843600878172893,2.899509096422349,3.1368758351359403,4.518622159009396,4.511881351470947
p104_00288.wav,3.035841941833496,0.9016405970568502,4.270467492055042,3.3490836529363324,3.655498437575072,6.71730856562527,10.975854873657228
p104_00292.wav,1.8810274600982664,0.7954094173170252,2.6778425494383145,1.7458822873175288,2.2185269876607205,-7.2637327493369455,-6.808518409729004
p104_00297.wav,3.8953542709350586,0.964658441990948,5.0,4.311556000131532,4.559802306259761,14.118508966093188,15.472185134887695
p104_00302.wav,1.7025651931762695,0.8657950315376063,2.7622396527137933,1.900829195596727,2.1729412661210947,-3.5620318133796944,1.2987452745437622
p104_00303.wav,1.5635201930999756,0.8070503314049613,2.7455106333203414,1.6223035790213265,2.0999289926448244,-7.171499350080869,-9.842233657836914
p104_00308.wav,2.154090881347656,0.8898381101036372,3.914469473890827,2.9903213636818533,3.0306820151389844,7.819794900839878,8.403657913208008
p104_00318.wav,2.67529821395874,0.9282487948058996,3.883257568172605,2.916021897673868,3.2716217124249245,2.982030793156677,4.246129035949707
p104_00344.wav,2.564250946044922,0.9224276911801428,3.690416182200711,2.971306462258416,3.121489550801664,4.61862069868283,7.745718479156494
p104_00348.wav,3.157397985458374,0.9376310693743748,4.489047236812015,3.8885488769217833,3.841868668106199,13.642893535291922,14.18051815032959
p104_00356.wav,2.131882667541504,0.8997959355480512,3.1356997169457923,1.8503484743182967,2.5618131944014824,-7.01525519490667,-11.813664436340332
p104_00357.wav,1.6092228889465332,0.8570883836677017,2.873923998420833,1.8869936088835848,2.18838893833269,-3.382345709863477,2.491816520690918
p104_00358.wav,3.028846979141236,0.9518307663726128,4.3686998469854,3.184527610343971,3.7025791200905616,4.081921686525136,5.703854560852051
p104_00359.wav,3.1608147621154785,0.9441720726793482,4.495546848780789,3.3259584866558503,3.844758000151392,4.778167102991564,5.899270057678223
p104_00360.wav,2.9417972564697266,0.9472475304005143,4.118029100363184,3.207928642173993,3.536869037640395,4.982836490079424,8.349969863891602
p104_00361.wav,2.34917426109314,0.92015505336757,3.701072073098609,2.540717400127329,3.017371599259689,-0.5484190655278701,6.044443130493164
p104_00362.wav,3.031713485717773,0.9710523575926052,4.420935086606347,3.682256141340629,3.7457201971426257,11.268770960888473,14.723210334777832
p104_00363.wav,1.8879265785217283,0.8855750960911815,3.068473819688351,2.232826811754465,2.441908248112501,-0.7116670115234779,3.286092758178711
p104_00364.wav,2.2375407218933105,0.9186858346337587,3.3626460146731074,2.0198983877776406,2.7575846256570946,-6.42521475269602,-6.955668926239014
p104_00365.wav,3.665900707244873,0.9847694584951712,4.875180224749946,3.533304042820735,4.28715750407188,4.305223859411344,5.520498752593994
p104_00366.wav,2.889402389526367,0.956432527496526,4.253882439011124,3.2191257045691706,3.576055349638811,5.64413840332722,7.772767543792725
p104_00367.wav,1.9883064031600952,0.9480037501195686,3.53018200700317,2.7508609817693945,2.7583260409109,5.163484450825552,6.048104286193848
p104_00372.wav,2.2749125957489014,0.9260131800225534,3.358253294756575,2.3604643365370594,2.780227700034767,-1.565429744445341,3.5691919326782227
p104_00378.wav,3.465278625488281,0.956547592671456,4.699488897940876,3.5913622832787544,4.094090348509658,6.940233197852244,11.33024787902832
p104_00386.wav,2.396660566329956,0.8737514914093906,3.434340386514127,2.555512075037529,2.871837945335705,0.9472681171091782,8.726845741271973
p104_00406.wav,3.6310231685638423,0.8416737894829242,4.682157693355302,4.071931046595472,4.172045662544551,13.18370557686642,16.97018814086914
p104_00410.wav,2.482804775238037,0.7714902712391773,3.4559645969672097,2.4593715343478064,2.9331646272398437,-1.5437531816493115,8.243921279907227
p104_00412.wav,3.3405773639678955,0.7861502858869361,4.570472273353156,3.3684464186324554,3.959587887171653,4.671330148393211,6.052051067352295
p104_00415.wav,3.1770968437194824,0.9125093184690152,4.344858597929526,3.549165845234027,3.769115029042436,8.58914964876672,12.474609375
p104_00423.wav,3.04910659790039,0.8626669081035787,4.1765048007918,3.480041129785317,3.613016894807648,8.802272630691274,15.693056106567385
p104_00430.wav,2.2396106719970703,0.919641480694234,3.451215389112564,2.513408882880563,2.818690668810796,0.6880183271769483,3.348335266113281
p104_00433.wav,2.461193799972534,0.7573966742857828,3.6023536154942937,2.813189263865665,3.0091902886667503,3.61515485483021,11.832786560058594
p104_00434.wav,2.0351438522338867,0.9537352374494928,3.206650791674868,2.095207526867684,2.592387892204486,-4.338559319241493,-2.527137279510498
p104_00449.wav,1.490718126296997,0.8072827696404442,2.6005923179058192,1.8150560153741775,1.9672075139890035,-2.5086722501942385,0.5592343211174011
p104_00450.wav,1.6139826774597168,0.8663221495131256,2.7488027297159303,1.5593149858452675,2.1155511632991324,-8.047615593209972,-12.505120277404783
p104_00465.wav,1.9232499599456787,0.7742670938330232,2.95126411010827,2.2051714830662563,2.3876206725071683,-0.8104333647642054,8.235222816467285
p104_00491.wav,2.7218456268310547,0.9203568981289564,4.438341287456187,3.649179045259816,3.600534033881928,12.979123508869735,10.861413955688477
p104_00492.wav,3.430314779281616,0.9738599437622176,4.699794810469926,3.976237897330603,4.089269213680153,12.755886275954792,14.750710487365724
p104_00495.wav,3.7580835819244394,0.9672683429884004,5.0,4.147122343351181,4.453593115963301,12.686442068606665,14.943866729736328
p104_00497.wav,3.04814887046814,0.8482105772476374,4.214109295953424,3.5002217577324566,3.63162791554134,9.112958785189472,12.120925903320312
p104_00499.wav,3.032114028930664,0.8891149304517972,4.239803575064922,3.51912136856778,3.635834900505862,9.555792780419631,12.346959114074709
p104_00503.wav,1.6325081586837769,0.6996900942204339,2.4233620530184243,1.804387529871464,1.9480334441978917,-3.63976868126887,4.8175201416015625
p104_00504.wav,3.09465765953064,0.912061602193429,4.179614374531129,2.7953690407903857,3.627723113697124,-1.9774873142537372,-1.1218751668930054
p104_00507.wav,2.243603467941284,0.8258751858556381,3.376984842462916,2.4268070952374505,2.782641153110773,-0.6670852701052433,5.298817157745361
p104_00508.wav,3.394590139389038,0.8235438096074711,4.252043514796284,3.278241085806787,3.816424427337404,3.358277419654434,9.93175220489502
p104_00509.wav,2.4610421657562256,0.7227089256985968,3.5070256587745843,2.5803943148169286,2.9398009529329867,0.8851774911523579,9.225217819213867
p104_00510.wav,3.3351433277130127,0.9514706215111328,4.611935982572916,3.53900844299736,3.985964969838055,7.045833463833919,10.98427391052246
p104_00518.wav,2.441871166229248,0.851127889096767,3.7149584309457824,2.447203347650848,3.0468045060661675,-1.6661034537780106,2.8082821369171143
p104_00520.wav,2.994882822036743,0.8354232407031758,3.8011866522078175,2.541213972953244,3.3691690700367567,-4.378919861155647,-0.6199843883514404
p104_00529.wav,2.6697146892547607,0.9026795654495076,3.892322186674914,3.118882012497604,3.272390278948854,6.285029343914862,11.690306663513184
p104_00531.wav,3.189391851425171,0.7038431275713789,4.20360574761039,3.170381448511328,3.683155613574898,3.447633734021567,8.110674858093262
p104_00535.wav,1.5952157974243164,0.8034393775332664,3.255240065513256,2.456825562039636,2.3954100678438666,4.695487532904316,6.575022220611572
p104_00541.wav,2.8529224395751958,0.8123639128606039,3.8844565614032,3.123776916545741,3.3591107995492906,5.055473183563351,5.864284038543701
p104_00544.wav,2.592266321182251,0.8511414154121517,3.934015602721323,2.6134687635186977,3.249970287754685,-0.97104512639147,3.9761691093444815
p104_00555.wav,2.225826501846313,0.9270436474434456,3.673546486652079,3.0184042415009524,2.939107250695526,8.07033682922586,8.914515495300293
p104_00588.wav,3.539282321929932,0.7573181895098096,4.520822934666885,2.977648836457912,4.021514991208836,-2.435482778592063,3.76814341545105
p104_00594.wav,2.404445171356201,0.8905514769894137,3.636850021275259,2.8828346951611348,3.004830949877756,4.836962415663972,8.960153579711914
p104_00598.wav,2.097078561782837,0.9181607416348176,3.23068067973058,2.057218949497395,2.628986146271665,-5.119218518211343,-0.1603356599807739
p104_00624.wav,2.8428704738616943,0.8571706783438863,3.9626536268727737,3.199705729172267,3.390169652310841,6.459171081174981,11.369833946228027
p104_00634.wav,2.9311752319335938,0.9028517895567684,3.8851180364576368,2.498492871630442,3.383710695632945,-4.791754276619879,-4.197388172149658
p104_00640.wav,1.578571319580078,0.6721610693116452,2.611570059725804,1.5314182681123376,2.027037210134055,-8.11822565823976,-13.261917114257812
p104_00641.wav,3.495532751083374,0.7890696596309119,4.505503727376439,3.7713140210791023,4.00258186367536,10.019305995022506,17.23859405517578
p104_00652.wav,1.9157583713531492,0.8644147702875381,3.0691479542366107,2.155061665178422,2.455472037607638,-2.1208220822270225,4.369580268859863
p104_00662.wav,2.892974376678467,0.9552654899268872,4.026317820747066,3.153667333534256,3.4621257032291144,4.688336381836125,8.016654968261719
p104_00669.wav,3.234128475189209,0.8480462917563365,4.349866927915146,3.340476294289353,3.792659104631264,5.1852222577756,9.89330768585205
p104_00670.wav,2.218627452850342,0.8088660165762592,3.352991895777658,2.416414846479251,2.7511661833332424,-0.3374417911236831,6.787725448608398
p104_00671.wav,1.8375071287155151,0.7301240141552587,2.920431017563975,1.865561236032693,2.3284392099147326,-5.526604768501853,1.044338583946228
p104_00677.wav,3.094172239303589,0.7632121563523366,4.270470103475157,2.7892659294882374,3.669182103857109,-1.9163393700601596,-4.339346885681152
p104_00680.wav,3.374100685119629,0.8898599111870844,4.4342055439314425,3.493366005910924,3.903387056786171,6.634515913933324,12.921567916870115
p104_00690.wav,2.4717373847961426,0.6684775282265426,3.5324211342208955,2.351154975021484,2.969162426471722,-3.333647042154218,3.3497822284698486
p104_00701.wav,1.190005898475647,0.7081051524557969,2.8814385384803622,2.36550210233869,1.994316642754672,6.782274260633508,7.273854255676269
p104_00703.wav,1.3977420330047607,0.7948714591159993,2.4442722010966045,1.48238488555776,1.8314100069370616,-6.59610207775317,-2.597834825515747
p104_00705.wav,1.8064067363739011,0.6861738267244258,2.646707252296137,1.795631681797356,2.1561604957695817,-5.502826799014026,5.459464073181152
p104_00707.wav,3.507376909255981,0.9591834751361912,4.830582169431823,4.058996373819334,4.191563349707281,13.559520105478809,16.469295501708984
p104_00711.wav,3.5234081745147705,0.9399447983662624,4.7156905894194185,3.896590783577042,4.1322749736731605,11.310168968431952,16.167728424072266
p104_00712.wav,3.228727102279663,0.9601957344758504,4.3916911090812505,3.4741198152752584,3.816857369353557,7.07809563821239,11.181550979614258
p104_00713.wav,1.5834895372390747,0.7893905955275289,2.724053126528614,1.7497769366958555,2.0775057155279137,-4.337795301973735,0.3311758935451507
p104_00718.wav,2.0107107162475586,0.8729363996098704,3.2594439782179263,2.3527399405134988,2.603119893961791,0.0755591016234132,4.788882255554199
p104_00749.wav,3.2328357696533203,0.8939218102828893,4.4186975209414685,3.4405161071114136,3.829125849477658,6.656450635970564,6.47272539138794
p104_00750.wav,2.113842487335205,0.8312981821152251,3.199241117635627,2.123545822226112,2.6060965715198883,-3.501375190861893,5.540187358856201
p104_00761.wav,2.6621615886688232,0.8713120327831569,3.785464065739664,2.976559584741824,3.2066835727133625,4.467587546547244,8.457326889038086
p104_00771.wav,2.2101733684539795,0.8343007701141999,3.356018777741653,2.6675178617074025,2.768428546333136,2.8301679054240134,9.25270652770996
p104_00772.wav,2.0456032752990723,0.8268746700937539,2.994603474355227,1.8876019796606889,2.460260525175675,-6.307736038910943,-7.576654434204102
p104_00775.wav,2.652393102645874,0.8870286746640539,3.761100338052585,2.5353253131563056,3.180884393593188,-2.076772319017548,1.856355905532837
p104_00790.wav,2.056851625442505,0.8778617596243233,3.161835123432115,1.976615001713374,2.564709802319596,-5.665722881514503,-7.202176570892334
p104_00794.wav,1.8820513486862185,0.8365143207145682,3.0794262004283084,2.451285561003946,2.454792926866864,2.342211836993519,6.523959159851074
p104_00797.wav,2.2092292308807373,0.7404411618946123,3.1259631456331007,1.9473348902603216,2.619501215211684,-7.096942161488835,-9.489605903625488
p104_00809.wav,3.391505241394043,0.9220746389147232,4.521386533793386,3.777196519312293,3.964813257220177,10.599773222772727,15.25620460510254
p104_00814.wav,1.7224314212799072,0.8536227691096969,2.6608957380102014,1.7626221877094757,2.1287456831060965,-5.73903008771171,-2.050065040588379
p104_00823.wav,2.2951467037200928,0.9092955124279072,4.143426646260727,3.243727781696764,3.2297885903491834,10.1569975206777,9.269250869750977
p104_00825.wav,2.793093204498291,0.9508825005869064,4.174510003440041,3.5257312510736933,3.496383346865102,10.86913801191148,7.375639915466309
p104_00827.wav,2.5465383529663086,0.909329195026155,4.280380405393996,3.3102305495159325,3.420082769438242,9.516429957394422,10.16948699951172
p104_00830.wav,1.9821696281433103,0.811363204048194,2.96376156481968,1.7815837899138676,2.4157149113700185,-7.634057581636513,-11.403483390808104
p104_00832.wav,2.849494218826294,0.7590519013956878,4.084223001337775,2.6594677202865635,3.44768152899703,-1.887740866446012,-0.4792024195194244
p104_00856.wav,3.572017192840576,0.8869676402180354,4.726858054702026,3.843098273502151,4.161832148610977,10.116294742984287,16.184581756591797
p104_00860.wav,3.2405152320861816,0.7327246356896968,4.25447496690995,3.344829298874357,3.741318119268584,5.518760464042998,12.8126802444458
p104_00862.wav,2.738248586654663,0.752604789192527,3.7914171378348,2.842988248009347,3.245545676431209,1.881196182641653,7.94138240814209
p104_00864.wav,1.6127619743347168,0.7861716459398426,2.750178045392608,1.9594411299505912,2.131002912633175,-2.364943305610764,3.84504771232605
p104_00866.wav,3.101224899291992,0.9253246554995146,4.182702721485962,2.9579358793348427,3.638026697738031,0.3129587449324583,2.9243974685668945
p104_00871.wav,2.476602554321289,0.9157533548527848,3.741571618562357,2.393779168415449,3.086924162987662,-3.1891174169000154,-4.539936065673828
p104_00874.wav,2.271262884140014,0.8584856468870448,3.554319051889767,2.443803965813271,2.890716680880539,-0.8658789582194808,2.2550597190856934
p105_00008.wav,1.561451435089111,0.688083552518446,3.388168604708639,2.180140307205312,2.452610097722649,0.2025837179248801,0.4192336201667785
p105_00018.wav,3.2108097076416016,0.9417013107989434,4.436689619238494,3.5121173997926407,3.837158433739711,7.510578522649958,12.368623733520508
p105_00021.wav,3.2896623611450195,0.9263292534410212,4.703861624740848,3.7576194893476575,4.015711965643648,10.553668218458562,11.281166076660156
p105_00023.wav,2.0910587310791016,0.6511944380089018,3.865481226294119,3.189777481086795,2.972509405122636,11.550738147983925,11.958337783813477
p105_00025.wav,1.604262351989746,0.8015858799437146,2.9385899039483587,2.302423297155508,2.225797452787177,2.9085032302480767,3.589400291442871
p105_00034.wav,2.398243188858032,0.7955186289616163,3.6448992672086247,2.306378438050982,2.990743057957065,-3.606904878752112,-6.377966403961182
p105_00035.wav,1.5488429069519043,0.683027849565333,3.43778138655928,2.198611825383737,2.4758592963185246,0.3742265833154098,2.7358555793762207
p105_00038.wav,2.8439764976501465,0.6533095417002142,4.343683291464274,3.33845696871391,3.5904153084233315,8.20826916334554,10.046260833740234
p105_00042.wav,2.116427183151245,0.5992792333002414,3.835037819733508,3.0550748083490555,2.9618360569103173,9.587389661946288,9.878250122070312
p105_00046.wav,2.879213571548462,0.8823626830313277,4.180738788575527,2.730231530811801,3.50627500870561,-0.7944983355570626,-1.17925763130188
p105_00048.wav,2.836497068405152,0.6025426063707484,4.239769528347948,3.196373813923561,3.53066945520469,6.197623383120139,8.282020568847656
p105_00052.wav,3.115362405776977,0.6934143222445225,4.362167623304934,2.9491144189365373,3.72647907195329,0.4173939637239954,5.466954708099365
p105_00053.wav,2.4124128818511963,0.7777559402425881,3.562210096333772,2.6529093015710314,2.9658795143025256,1.3840385015118102,5.513070106506348
p105_00055.wav,2.060847282409668,0.7985565030946575,3.507207641112561,2.324118110699168,2.7607916084528417,-1.158976550072454,6.067791938781738
p105_00057.wav,2.898796319961548,0.6042063383145219,4.006848018761258,2.481902562370552,3.42614364224007,-4.730730957424174,-2.317408323287964
p105_00066.wav,3.212633848190308,0.9446612500527924,4.623331743736914,3.860293323074552,3.936190001881255,12.79234569726505,16.27091407775879
p105_00067.wav,2.636866331100464,0.4648173167314429,3.728956045929277,2.0177532590727107,3.123301280021593,-8.687463484687804,-10.466322898864746
p105_00079.wav,3.3467564582824707,0.8556238615782087,4.519143645559022,3.0281633295466253,3.9230368213655034,-0.1542422921673225,-0.1587361991405487
p105_00080.wav,1.2379335165023804,0.6960486066869315,2.956349268096935,1.6139092197329394,2.043450877408578,-4.967683916434591,-13.75365161895752
p105_00082.wav,2.8410139083862305,0.6944627948878106,4.0077144273074135,2.4415208297611795,3.394421714491893,-4.802225521777619,-7.601875305175781
p105_00087.wav,2.184783935546875,0.7897746208219911,3.2857041293872733,2.0373214735433858,2.698226158029656,-5.993603464851199,1.4678187370300293
p105_00095.wav,3.496990919113159,0.8218217713778637,4.421751268092425,2.851016662929913,3.942843357623088,-3.771249621455161,1.0049054622650146
p105_00113.wav,2.7284750938415527,0.898393262927231,4.166790205854305,2.9879427258929687,3.4504657255723736,3.239297576387345,1.205302596092224
p105_00114.wav,2.9384360313415527,0.7359441056830193,4.34550602492656,3.13476539546028,3.638660459865074,4.274261976188535,8.822813987731934
p105_00115.wav,2.787351131439209,0.9190557461792718,4.095122788562295,2.9380524731810387,3.438331773040147,2.2740520680634373,4.183760166168213
p105_00148.wav,2.8674349784851074,0.77791346582818,4.3263192919808855,3.089275930115022,3.5991111645509672,3.833145507748878,-0.2719567716121673
p105_00153.wav,2.095201015472412,0.7192694261420856,3.5670049073404235,2.205673512711248,2.800614957157745,-2.979064400253064,-0.4431130290031433
p105_00154.wav,2.385467767715454,0.5992678370887586,3.917463538015311,2.8928934412585647,3.1363486084810144,5.075599283580708,6.459923267364502
p105_00156.wav,3.291693687438965,0.9450146551618284,4.582086651270494,3.4632949238416137,3.956801300171701,5.8375692583711976,9.761512756347656
p105_00164.wav,3.093785285949707,0.8118058250963506,4.33750220276272,3.2959225019091627,3.7130132594620022,5.658505815429415,11.818084716796877
p105_00168.wav,2.3054416179656982,0.6109268289546984,3.8452651597839065,3.021189308725523,3.065571906223475,7.474366496170938,7.053384780883789
p105_00172.wav,3.4120142459869385,0.8162906777637744,4.622045428113968,3.4186591883211723,4.020367871919627,4.968395927169866,7.1539506912231445
p105_00174.wav,3.264923334121704,0.7123442921919821,4.593082550522839,3.2333768210261185,3.93177722039577,3.139191248649765,5.388797760009766
p105_00175.wav,2.1798465251922607,0.8967453561398941,3.4773536449681366,2.468194741760505,2.8218919031556,-0.4738959326471733,5.201513767242432
p105_00177.wav,1.7000269889831543,0.5292334676948058,3.118320979310054,2.0047636610863875,2.371354930888076,-2.8852230369462792,1.4746874570846558
p105_00194.wav,1.75384259223938,0.6293872608024763,3.2563224310034915,1.7500229190738297,2.4602907019568425,-7.032828575987414,-2.190196990966797
p105_00206.wav,2.0919039249420166,0.8196680570830693,3.287854988438034,1.7822099522097583,2.619182522752971,-7.874963505118917,-0.5057573914527893
p105_00209.wav,1.388826847076416,0.5362211154206088,2.9260259686865933,1.6302555096063545,2.1125260695171777,-6.204124932778771,-3.675747871398926
p105_00218.wav,2.952293872833252,0.5994670568177273,4.235234921027611,3.006507616934287,3.5829773945192733,2.477520727694316,7.281599521636963
p105_00231.wav,1.5110881328582764,0.67033584525222,2.633057265296465,1.580560013783611,1.9885152187720827,-6.159271625644847,-0.4624336659908294
p105_00243.wav,2.5492866039276123,0.7263744160031694,3.4400065755479217,2.0587209876272308,2.936526782329753,-7.426569036798992,-6.377419948577881
p105_00246.wav,3.2885284423828125,0.8959522457637773,4.712728975391666,3.876380622781958,4.017656823825344,12.53084701727706,11.693676948547363
p105_00248.wav,3.3856263160705566,0.7871665807551538,4.533312123445725,3.3259375823305763,3.9528881457784495,4.137590329925208,11.991515159606934
p105_00255.wav,3.158900737762451,0.6612539343633461,4.491433608927625,3.412232362243121,3.825701633709287,6.86896581837883,10.988221168518066
p105_00260.wav,2.581898927688598,0.9075666907150398,4.015198188898593,2.960757219024394,3.300804752609815,3.929478850411737,6.332406520843506
p105_00265.wav,2.4267404079437256,0.6373120189475515,3.7112294207136696,2.1619686852982256,3.0395811099198946,-6.178962752333051,0.0281604491174221
p105_00267.wav,2.651313066482544,0.9340945136080934,3.890034431668909,2.9233134765602773,3.2761390830177923,2.695658544429257,7.208765029907227
p105_00271.wav,1.5327472686767578,0.5878865192174166,3.0371222109752294,2.103168042801737,2.223374204062962,0.9640797168542248,2.5623703002929688
p105_00275.wav,2.350278377532959,0.612503919560308,3.411208828430262,1.983749496799988,2.828940071494203,-7.425397863153876,-2.2163002490997314
p105_00294.wav,1.7881343364715576,0.5704542950026436,3.3159757660888878,1.9848219554170676,2.5079412648471147,-3.594798678466176,-0.6641766428947449
p105_00295.wav,3.537940740585327,0.7476069237697034,4.858394920836728,3.655506441610556,4.2077230522296,7.500757530920786,5.000168800354004
p105_00298.wav,1.4078965187072754,0.6503960036108946,2.4031356299765347,1.3309326477658605,1.7870860626827512,-7.8001749161235505,-9.896200180053713
p105_00300.wav,1.1745744943618774,0.4258790993074876,2.7933925762952594,1.4631095341691132,1.9140979072320408,-6.163480384418045,-6.891863822937012
p105_00301.wav,2.8122525215148926,0.8680768971633722,4.198150663889655,3.180417720114229,3.508927306699454,5.634452493325469,6.9434003829956055
p105_00304.wav,2.0445199012756348,0.8504959775470264,3.320521585700209,2.460862068007866,2.6664567364459195,0.8358700550033068,5.622877597808838
p105_00305.wav,2.4586637020111084,0.7268694228609472,4.005203945540627,3.36088212966405,3.2264870286236333,11.529189040439286,13.05601692199707
p105_00311.wav,2.842291116714477,0.6882683944238939,4.229636172047148,3.129053693588781,3.5300195594415813,5.020481871686129,8.334056854248047
p105_00314.wav,2.968050003051758,0.9157597248969176,3.945967327416996,2.987684097253338,3.450108165666772,1.9223633391551675,7.857375144958496
p105_00315.wav,3.07240629196167,0.7336260603601482,4.47376392402583,3.671875114546944,3.777916029108007,11.440211067682853,14.029464721679688
p105_00320.wav,1.1114213466644287,0.5842087240372539,2.632490691201851,1.6258162610599554,1.8114993481487331,-3.513694718051392,-3.654320001602173
p105_00322.wav,3.4608678817749023,0.916413325808213,4.889327180269054,4.031397675359141,4.198373261262578,13.427375880372711,17.04529571533203
p105_00325.wav,2.461885690689087,0.88535407986291,4.071048037501688,3.195491871637296,3.2732690762484027,8.333477202635125,8.277887344360352
p105_00326.wav,2.7201545238494877,0.7762408354229543,3.577209626200526,2.235162159561593,3.1097520695263707,-6.745135770750916,-5.810054779052734
p105_00329.wav,2.776871919631958,0.7955984133904599,4.137011708496439,3.1521385472676364,3.453399335917018,5.773054824516612,6.1831254959106445
p105_00336.wav,1.55312180519104,0.5990750868724516,3.1050809939795343,1.6845859378563235,2.281205474412936,-6.439536244297694,-5.7455010414123535
p105_00345.wav,2.0453667640686035,0.8669303184482392,2.81210387428188,1.7923697597467847,2.352799396379408,-7.08903431870562,-9.529489517211914
p105_00353.wav,2.180107593536377,0.8448465762060267,3.512911688436012,2.2329480000424766,2.8148757312195247,-3.115496312315462,1.4711792469024658
p105_00354.wav,2.24713134765625,0.6255906400855287,3.578751036043112,2.513531479206488,2.8774467803180896,1.0073845007926043,1.390904664993286
p105_00368.wav,2.7599544525146484,0.8686463623865567,4.139395394231991,2.8735747220446606,3.4381333148232542,1.8282431986698875,6.394970893859863
p105_00377.wav,1.9647928476333616,0.8389832228071541,3.65267612184474,2.8562427255098592,2.798160625115344,7.421780236183008,8.989706993103027
p105_00383.wav,3.4252796173095703,0.7398034584201008,4.532187619985003,3.469199221442393,3.974488434373885,6.0166005655654295,14.314852714538574
p105_00385.wav,1.9409788846969604,0.7145299803546842,3.187817086307036,2.21620451129081,2.5198627712549198,-1.016015747637702,3.846714735031128
p105_00389.wav,1.6822450160980225,0.7445200547295083,2.9751256933635,1.9148623880977904,2.27981824949734,-3.6791048440603062,3.0342421531677246
p105_00393.wav,2.53723406791687,0.882534494813568,4.133439940776875,3.3560232243249386,3.3436503783869376,10.253126750069894,9.77186107635498
p105_00396.wav,1.3744263648986816,0.5820946510173766,2.9701010544632065,2.1527196236728168,2.1294744546407003,2.097336525287513,3.316183567047119
p105_00413.wav,2.206397294998169,0.8588118866293669,3.744440439496484,3.104005181550816,2.9718472354943835,9.255909225445574,8.799488067626953
p105_00420.wav,2.458611488342285,0.7129609137681481,3.847611066044745,2.904368764627467,3.139356866592441,4.666225136954233,8.29896068572998
p105_00427.wav,3.405910015106201,0.7543967423319284,4.375366039435574,2.678499457784243,3.866443899256801,-5.495744506359544,-2.397649049758911
p105_00451.wav,3.206982374191284,0.6811827640702479,4.523978628722063,3.567073523385722,3.867776853166932,8.891359144214585,12.767475128173828
p105_00460.wav,2.2432656288146973,0.8612691704585013,3.684385043541994,2.845654864174653,2.9506247628684834,5.314115385921891,6.658892154693604
p105_00467.wav,2.1511125564575195,0.9192071378120452,3.729760408553337,2.6841191777610245,2.939163342312244,2.898722207864961,8.10432243347168
p105_00488.wav,3.58541202545166,0.6997129679955563,4.674329866130721,3.572767692210812,4.125679159429993,6.463033217513623,10.447367668151855
p105_00490.wav,2.229130506515503,0.8711425112235845,3.709645064198734,2.934242146468366,2.9573196706230083,6.771819032995993,9.002044677734375
p105_00514.wav,1.9677166938781736,0.7253536348837705,3.5909865603999616,2.7816061010024327,2.7686711485748647,6.226828407878442,7.733646392822266
p105_00523.wav,2.170480728149414,0.8461238868277096,3.475762921686494,2.362199606724274,2.803383340576526,-1.5130725552296909,4.034551620483398
p105_00527.wav,2.0057947635650635,0.6211477380712883,3.662831800880073,2.736691098531132,2.818281148990905,5.461410253516793,6.600311279296875
p105_00530.wav,1.5407150983810425,0.6191596203956471,2.825565339614502,1.4158546416716256,2.0909018318158346,-8.630084206828235,-14.833067893981934
p105_00536.wav,2.0125882625579834,0.8528204524470799,3.443431213278726,2.030687022401076,2.687752046008763,-4.704220454491135,0.6695924997329712
p105_00547.wav,1.3630789518356323,0.7980829697803412,2.6708823939763424,1.5244640059489991,1.9487217511596795,-6.637161227086386,-10.768239974975586
p105_00549.wav,3.350093126296997,0.9588100295908992,4.7665126879089375,3.966309451618056,4.083946867482045,13.119282955535086,15.733234405517578
p105_00553.wav,3.208970785140991,0.9283045719280424,4.469894186055204,3.517895487590712,3.845752373034329,7.924619772034232,11.266658782958984
p105_00574.wav,2.3203723430633545,0.8430393821287961,3.70463583130076,2.669837032575674,3.002589909760405,1.808228342049928,4.134279251098633
p105_00582.wav,2.3069376945495605,0.8788632984327263,4.026731813055486,3.06262446051831,3.170327356699482,7.516774485265997,6.332342147827148
p105_00585.wav,3.4960315227508545,0.9525874289234428,4.671271053426801,3.757780394800367,4.103315798225676,9.007588028069945,14.022835731506348
p105_00587.wav,2.784235715866089,0.8291903529293558,4.053479757977222,3.056465411705686,3.4145826379657045,4.241393295901359,7.083761692047119
p105_00593.wav,1.7228100299835205,0.7174193502939092,3.41451591260952,1.9262594943958355,2.5425837689611828,-4.848151697596675,-11.714325904846191
p105_00599.wav,1.101309895515442,0.691501553191779,2.27451644318257,1.25303285592719,1.5895816490561785,-7.64933478703482,-15.1267728805542
p105_00606.wav,1.988591194152832,0.7941557981710888,3.5094278061685085,2.452919250455504,2.718969787581976,1.717442589630811,4.90958309173584
p105_00619.wav,2.322340965270996,0.683361359544314,3.654699836554896,2.1136848164866784,2.9464126554298864,-5.610325928575171,-2.8383243083953857
p105_00620.wav,3.8629753589630127,0.7539112008729639,4.980326023604324,4.00785290047773,4.430092998551341,10.73450747670348,16.314136505126953
p105_00632.wav,2.584061622619629,0.7572553775988284,3.923561995609419,2.962771887144544,3.2433819307734764,4.514267635585064,2.7527480125427246
p105_00645.wav,2.3757219314575195,0.6698541448441218,3.7073660715623262,2.555906619822425,3.0225836374606456,-0.0097625050047784,4.822350025177002
p105_00646.wav,2.733341693878174,0.8613167849845256,4.230593413263436,3.3570990647558103,3.487101711163571,8.954848944326764,7.116497039794922
p105_00653.wav,3.3549728393554688,0.7388272075384085,4.459623314402108,2.912222042785708,3.892232474998972,-1.8217429283655893,-0.8536680936813354
p105_00654.wav,3.2489283084869385,0.8188633960961765,4.390793148553755,3.416136062831006,3.826478340926743,6.010311653972087,9.389659881591797
p105_00655.wav,2.4117226600646973,0.7567282533213812,3.612622465756269,2.631491451081628,2.983829597585276,1.3482541784543165,9.28905963897705
p105_00656.wav,2.1183040142059326,0.7200681005764713,3.3789170855562123,2.024418784322576,2.702618200148468,-5.323118233216098,-10.238486289978027
p105_00657.wav,3.226159811019897,0.7632313072129046,4.382531843924051,3.5057120756474105,3.80654342503592,7.7955500254921155,7.836709499359131
p105_00658.wav,3.068977117538452,0.7984593110546743,4.3930011868575285,3.193042443892654,3.733187131265981,3.989610668828032,1.281943917274475
p105_00659.wav,3.476498603820801,0.9096401481319452,4.729958701008191,3.39654505462355,4.119430379388169,3.5639079211682185,6.201006889343262
p105_00660.wav,2.2294721603393555,0.8039237550793963,3.603566085763957,2.5706601375429114,2.9050675325651487,0.9823501064989192,6.377196788787842
p105_00661.wav,3.4380033016204834,0.8134001601814281,4.738212202708249,3.7434592306543815,4.096660923752909,9.690241500818097,10.403895378112791
p105_00675.wav,2.68093204498291,0.7799949333551102,3.963768891102986,2.56501217904654,3.3075525156637986,-2.3250233671226392,4.574264049530029
p105_00692.wav,1.8233439922332764,0.8159000442817494,3.2455197998181315,2.3104109315162544,2.5007500428568123,0.8617566685111729,3.63016939163208
p105_00695.wav,3.400562047958374,0.8004875266346873,4.508938992163466,2.920180709006924,3.938286733183624,-1.9750173104544275,1.9227919578552248
p105_00696.wav,3.375178337097168,0.8791865519643737,4.646616547511692,3.693832674545808,4.0235197748641385,9.195968322404164,7.7390289306640625
p105_00717.wav,2.89666485786438,0.8860723400214984,4.183994592335665,3.296056852913708,3.538998025265192,7.072338323538752,11.484134674072266
p105_00719.wav,1.393348217010498,0.7901356101601725,3.117791921974135,2.140529548611392,2.219400216013673,1.456962565627651,3.447713613510132
p105_00733.wav,1.8417930603027344,0.761787030289039,3.207810466276474,2.245702138426137,2.482521609610749,0.0815599491713243,2.690899610519409
p105_00735.wav,3.484018087387085,0.832251256852095,4.611095993999499,3.258631920385917,4.04719546742635,2.061890258015457,8.773504257202148
p105_00745.wav,2.3761332035064697,0.6608922391631259,3.82649893109249,2.815769800827537,3.0831628454580366,4.063705071246906,8.647690773010254
p105_00746.wav,3.0784056186676025,0.7214809122442026,4.434140372252227,3.397359073018223,3.756252438363652,7.256600406283031,9.529623031616213
p105_00757.wav,3.039801597595215,0.7139318869480986,4.285235228494904,3.2791581114255184,3.6509361132216993,6.190189394378334,9.813952445983888
p105_00762.wav,2.5659451484680176,0.8885849104044506,3.9653373157357215,2.7792046711618443,3.2564168232428514,1.6764107433989042,5.089496612548828
p105_00770.wav,3.3528144359588623,0.9448635041890444,4.598540914987506,3.702363638709931,3.992809198030542,9.302645304613913,11.534323692321776
p105_00773.wav,3.1605031490325928,0.6935411484140328,4.237619157131503,2.7402751797274068,3.684243053992089,-3.1052397044674964,1.7957720756530762
p105_00777.wav,1.0897797346115112,0.7814610727069996,2.875823324680797,1.826791790326579,1.9470886756786416,-1.2803768732116227,-0.8256322145462036
p105_00780.wav,3.542136907577514,0.956403212323889,4.745245803826503,3.8246489321255592,4.168218771460572,9.507089961081428,14.74626350402832
p105_00784.wav,3.129978895187378,0.9141864779067012,4.3163199370923016,3.1992345930283577,3.7293577037911754,3.469921937218234,10.013803482055664
p105_00789.wav,2.41785740852356,0.9217083858567278,3.436171575947359,2.1919297344856568,2.885742322771589,-5.085583255627267,-4.115512371063232
p105_00801.wav,2.718721628189087,0.7100841693742137,4.18046421241018,3.3107440390388114,3.4470016185576178,8.672526230560464,7.361780166625977
p105_00802.wav,1.487931251525879,0.6670601709855554,2.681175151028694,1.4595394315543508,2.0039192531090886,-8.043559531215859,-3.8664803504943848
p105_00807.wav,3.1492607593536377,0.6585931183654278,4.51975766176885,3.063570334064465,3.834051332144485,1.446370187351556,1.5372817516326904
p105_00811.wav,2.6756622791290283,0.8468886681120653,4.155119262017356,3.2906204182111374,3.4215640845502486,8.286940575770956,6.861889839172363
p105_00820.wav,1.6069544553756714,0.8063933683332659,2.9761952578292505,1.9985454933667968,2.250868408674114,-2.1556851154676777,1.877214193344116
p105_00821.wav,1.471753478050232,0.7248395780661057,3.3069405568067496,2.1606059563140474,2.368753344872427,0.4913833577354829,1.5812246799468994
p105_00822.wav,2.9119207859039307,0.8620259733440091,4.115635396158934,3.1630136488004883,3.50047429504054,5.382924444139039,12.844745635986328
p105_00837.wav,1.315720558166504,0.6537669680665112,2.788193326131586,1.9839125532508677,2.0027930342152533,0.1507691720475639,1.2641453742980957
p105_00839.wav,1.2641655206680298,0.8988210700657119,3.194940264430284,1.8996448372610528,2.208638594205449,-2.095119509077586,-1.4080737829208374
p105_00847.wav,1.5734106302261353,0.7270075908886496,2.906777222735496,1.8688004064289288,2.191910804928812,-3.631115500784407,0.3687244057655334
p105_00849.wav,2.8229823112487797,0.8802422899468364,4.203410591728148,2.9584291819798785,3.507347546164631,2.45304789204639,3.4637932777404785
p105_00851.wav,3.2671802043914795,0.8972369085812507,4.564188647596576,3.793848974835949,3.933076493116074,11.377991235934015,15.210604667663574
p105_00857.wav,2.9466183185577397,0.7386676374946821,4.304335435918637,3.3835418557970947,3.620145392331175,8.256249893595626,7.733915328979492
p105_00863.wav,1.1466681957244873,0.8623325957330066,3.399935236342688,2.589649088789089,2.280315012681626,8.470705820356356,0.5423129200935364
p105_00873.wav,2.1268794536590576,0.6771112043233511,3.397155568110452,2.1509265137177915,2.723107620087227,-3.6922465617132594,-2.792780876159668
p105_00876.wav,3.541696548461914,0.95145450109465,4.8889011668644295,3.883515925252702,4.240744133279368,10.388914049192142,13.353986740112305
p105_00884.wav,2.654658555984497,0.8180478854177743,3.972912040245408,2.4270001387455054,3.287735653045821,-3.827332615945268,-1.852150082588196
p106_00000.wav,3.658392906188965,0.9743687553147108,4.922402781135974,3.92207128180276,4.308320686045681,10.468866591186924,15.786630630493164
p106_00005.wav,2.3637855052948,0.7886546890978166,3.68838430887558,2.62693882699085,3.009034796074455,1.1235548377489888,5.669570446014404
p106_00009.wav,2.251648426055908,0.8606429341519267,3.971488337497105,2.9193818522617883,3.114879984409208,5.664372055214993,6.61170768737793
p106_00028.wav,2.682197332382202,0.9631764298291408,4.117836629865641,3.0933923258813847,3.4023488289473462,5.281424442029507,6.656207084655762
p106_00031.wav,2.3262619972229004,0.845451606230691,3.835406618311645,2.952325669955957,3.071374519987084,6.214758619612687,5.369366645812988
p106_00033.wav,2.3926634788513184,0.9052171348932352,3.657579894595446,2.3986157488797697,3.0090579595600797,-2.753571488900804,-0.7186171412467957
p106_00039.wav,3.310202121734619,0.9606873556405338,4.621521075759598,3.4043830735722715,3.976196073350324,5.183797786867577,10.796984672546388
p106_00041.wav,2.117790699005127,0.8597188832486697,3.32341401082271,2.060340968242807,2.681120530672877,-5.030049024531438,2.759117126464844
p106_00045.wav,2.4958767890930176,0.8867982148916073,3.984841639750826,2.498221058896366,3.2325281317961827,-2.330821048150618,0.481503963470459
p106_00049.wav,3.2919275760650635,0.8962284008899352,4.584597186913002,3.250785243582871,3.949604569582452,2.839947376001644,-0.7443508505821228
p106_00056.wav,3.139185905456543,0.8379490271097552,4.254166635217404,3.34100472084613,3.69181179840739,6.146907926339933,12.705760955810549
p106_00060.wav,2.960662841796875,0.838854123504708,4.1998919201421225,2.9391587987133136,3.573969795250289,1.153248944012926,2.6249141693115234
p106_00064.wav,2.7357606887817383,0.8776474197034124,4.490339726241317,3.715584680166572,3.630778201406854,14.044595243209756,14.922056198120115
p106_00099.wav,1.2228695154190063,0.7820074522223889,3.220402845515641,1.9495905274847656,2.200538982403112,-0.9927064040003228,-1.36353862285614
p106_00104.wav,3.10200572013855,0.8612526164467391,4.160323443980275,2.904320316699215,3.62307343709716,-0.3584170169729901,1.0426297187805176
p106_00105.wav,3.422110080718994,0.9521796435439,4.711335116877772,3.723456240722004,4.075362391908904,9.488904229411068,14.10460090637207
p106_00109.wav,2.2865710258483887,0.8674694033991803,3.3942058896098404,2.154357246243107,2.8113088523659644,-5.247283103720344,-5.34238338470459
p106_00123.wav,2.9272024631500244,0.948227229479784,4.259436605885377,3.1087756429776414,3.588708467268977,4.011013271494385,-2.7727694511413574
p106_00127.wav,2.586738109588623,0.7964088822863594,3.4186712536717314,2.62276619402519,2.959670785876061,0.5881785740062089,6.800042152404785
p106_00129.wav,2.644806146621704,0.8819609821274255,3.590962100050377,2.529570286780564,3.09676236453961,-2.3028700128697963,3.5481858253479004
p106_00146.wav,3.1649951934814453,0.8652654394059696,4.43500111879496,3.403927357157957,3.798464495562641,6.789393305379181,10.348955154418944
p106_00149.wav,2.167521476745605,0.8714054660182377,4.096341983609287,3.411967675717778,3.1443296799453653,13.689387143768473,10.618324279785156
p106_00152.wav,2.7438175678253174,0.856983643403061,4.0418040263161625,3.0159823731272697,3.389418088802873,3.859000910359445,5.310757160186768
p106_00155.wav,1.4926408529281616,0.6951382611012005,2.97372961737982,1.8396566721906515,2.191694285060868,-3.800576297556328,-3.482935667037964
p106_00157.wav,3.480593681335449,0.8360814907073435,4.346202329304983,3.228172118584807,3.894561220012453,2.4459903666810487,9.02840805053711
p106_00165.wav,3.2347092628479004,0.9348133677130696,4.498017134755429,3.35705975428103,3.867123687103978,5.423948104704137,10.10129451751709
p106_00169.wav,1.7247395515441897,0.8460194323536424,3.690524411850119,2.909750636319363,2.705409425894084,9.66795404435778,8.52180290222168
p106_00171.wav,1.7833551168441772,0.8756907493311523,3.1390641011581986,1.8449428824311584,2.4201228243656456,-5.894315218965575,0.4332916140556335
p106_00178.wav,2.55790114402771,0.930060128529406,4.2195744741775165,3.1152688043909023,3.392145013604952,6.486282904342256,9.486488342285156
p106_00187.wav,3.1832945346832275,0.9573160066024314,4.639591553488671,3.86079929404996,3.931947528690072,12.913608599856556,14.905275344848633
p106_00195.wav,3.174330949783325,0.9214491230617105,4.484182245463248,3.4049865532256005,3.8365037511589968,6.345275797433858,-4.6570963859558105
p106_00196.wav,1.566814661026001,0.7484502360522949,2.5657390432162166,1.6947439895489345,1.9928469783548663,-5.1964582720099335,0.215473935008049
p106_00198.wav,2.4083263874053955,0.8934498866741544,3.5853804795627138,2.5742781234163665,2.973085953622007,0.2664560767697826,8.410085678100586
p106_00199.wav,2.139204263687134,0.8957929882620228,3.578006506793445,2.2445810155397905,2.8462140493914942,-3.484225372738597,2.2582921981811523
p106_00204.wav,3.421644926071167,0.9089434710493712,4.467342789697017,3.037173034088964,3.937689914469775,-0.6944977594419502,3.0506250858306885
p106_00207.wav,3.2268097400665283,0.8664322088987867,4.410225301465352,3.568519437589867,3.827233054453279,8.497564520770958,11.302740097045898
p106_00208.wav,3.204658031463623,0.964812403280521,4.554676327945026,3.448942191495668,3.892903029317469,6.548115379393788,9.10547161102295
p106_00211.wav,3.1460423469543457,0.9186130960078398,4.408783357694287,3.117367320956126,3.7749828432750334,2.4227749895829818,5.548504829406738
p106_00220.wav,2.091161727905273,0.6853357347593408,3.1776567975084262,2.215080014238546,2.5733202377951563,-1.4100609389506529,2.7429888248443604
p106_00223.wav,3.570809125900269,0.9493378137318342,4.901459721781417,3.788324362204464,4.262535948471401,8.619943675487807,11.238479614257812
p106_00228.wav,2.0893585681915283,0.8469405682850313,3.135111603270137,1.862246789084768,2.563052176887882,-7.517320084917274,-10.00014305114746
p106_00240.wav,1.6779252290725708,0.7569057282089776,2.7343796502282034,1.619391805022344,2.1403394798773974,-7.564894357450242,-2.5246920585632324
p106_00251.wav,1.5157601833343506,0.7265594505957497,2.6599005031178407,2.2354385717145444,2.011329815671794,3.887403597853885,6.781523704528809
p106_00253.wav,2.383195638656616,0.8288144227345715,3.5500055387469005,2.501031986467437,2.9460813645882693,-0.8503324297420669,4.672769069671631
p106_00277.wav,2.1386849880218506,0.8391105736022155,3.517049847165047,2.4500884183944027,2.8099986584803407,0.0294784875324685,5.026884078979492
p106_00283.wav,3.3167078495025635,0.8515468044369597,4.507237180788633,3.3866904308920893,3.9153198394351785,5.175105238178476,9.56692600250244
p106_00287.wav,3.42624568939209,0.96828229032616,4.7352537122020415,3.827065706293384,4.0929021550742055,10.94570051515704,14.163216590881348
p106_00291.wav,3.2838079929351807,0.8462097279596971,4.532230384086496,3.6689613039132487,3.915475670941546,9.714298325348452,12.401714324951172
p106_00293.wav,3.461618185043335,0.943317072990428,4.86087133301031,3.876838728330005,4.18484703791188,10.957189192413423,11.586374282836914
p106_00335.wav,1.2535550594329834,0.7813838581386925,3.269867409920044,2.16410259556348,2.2450265281119117,1.9864339573520131,-0.9764922857284546
p106_00338.wav,2.0559873580932617,0.8812644399870108,3.348221623512832,2.1183872924642104,2.680425309595216,-4.44030164964256,-3.183802366256714
p106_00339.wav,2.1367058753967285,0.795698267588109,3.0520981221352788,1.91626442791748,2.549735582842924,-7.19888464064962,-4.844669818878174
p106_00341.wav,2.870377779006958,0.9283519003911932,4.633095410661985,3.589203419174916,3.782395755488917,10.46159457155676,10.481271743774414
p106_00342.wav,1.8131276369094849,0.8510015971450876,3.246236379400047,2.352526742181289,2.504494112077382,1.2312285918967685,5.589565753936768
p106_00351.wav,3.4393227100372314,0.9562358427398344,4.860751280870563,4.175425534284174,4.176119673707326,15.751676287821676,16.673084259033203
p106_00352.wav,2.656545639038086,0.8813452234697167,3.894680191849004,2.8584386034065483,3.2713845418590832,2.0539408079102155,4.455819129943848
p106_00374.wav,3.4392342567443848,0.9207498283303917,4.7634134887998725,3.981040646627607,4.118850527918818,13.054243601790263,17.490705490112305
p106_00388.wav,3.3477230072021484,0.8887232652829721,4.380733618005723,3.2655319528026783,3.8495704675798494,3.8302508453943593,11.65154266357422
p106_00399.wav,3.285468578338623,0.8590555688400325,4.654630078975688,3.422123442832604,3.982854008449788,5.535262150853728,2.8933775424957275
p106_00414.wav,2.5187699794769287,0.900949623398214,3.683536997317151,2.4236646339896706,3.084679046897929,-3.2698747261137195,2.389179229736328
p106_00416.wav,2.293376445770264,0.9045304549949684,3.630670969437571,2.620723586904282,2.94866306573457,1.3873359278744404,2.7339842319488525
p106_00419.wav,3.3588101863861084,0.791650815595752,4.473515181359144,3.5708827437856367,3.912017333816088,8.122289789936193,15.49687385559082
p106_00421.wav,1.815559148788452,0.8607676999714121,3.8631505065559626,3.2199725439144653,2.8500603708605783,13.334824039495446,9.960113525390623
p106_00424.wav,2.8489155769348145,0.8809337247655733,4.214392144033627,2.836703746383197,3.527617864491825,0.2487569836329682,5.620550632476807
p106_00426.wav,3.316502571105957,0.9654500405131432,4.769195721021353,3.7946486867453335,4.0738958727415335,10.403694356977256,4.741827964782715
p106_00429.wav,2.613611936569214,0.9132337774261212,3.837062570171024,2.98091074375231,3.2256557960399794,4.120136670984848,1.7975307703018188
p106_00432.wav,1.8213860988616943,0.8544608308069924,3.1739803219148373,2.0921506178838305,2.4740059651029624,-3.021401989603767,-2.759403705596924
p106_00435.wav,2.003143072128296,0.8580402827580045,3.270367722527299,2.2472903932191275,2.5978126916877566,-1.235886157295857,4.517189025878906
p106_00457.wav,1.488488793373108,0.7859929110701648,2.7569642957887424,1.819980926980933,2.0670240821085546,-3.432945480887115,0.1755272150039672
p106_00458.wav,3.1886744499206543,0.8544474704612405,4.52360225715824,3.5477453116254445,3.862253024563077,8.551273564614403,12.14700698852539
p106_00462.wav,3.3035037517547607,0.8535579005381987,4.389981134700179,3.019566512027658,3.8493698013791446,-0.5106909866477704,-6.300280570983887
p106_00471.wav,2.6744754314422607,0.761876127958636,3.816710171817254,2.8666493044106085,3.2137170932906787,3.2786154022967717,9.059244155883787
p106_00502.wav,3.3698861598968506,0.9308491042698892,4.4005279570937486,2.9822203143579267,3.871700619938845,-0.8829183070583743,3.785341024398804
p106_00512.wav,3.660846471786499,0.9594318757228292,4.922667288420596,4.119465978350257,4.315139022888896,13.343476417350224,2.062124729156494
p106_00521.wav,2.5105738639831543,0.8953735652498515,4.006594013080853,3.212178302060732,3.2618046979144717,8.404274980952737,12.489835739135742
p106_00524.wav,2.267629384994507,0.9224491537312044,3.4198263206758583,2.5390932622180538,2.833234612995805,0.1775693529166812,3.142949104309082
p106_00538.wav,3.070462942123413,0.9009496263481438,4.44547815962307,3.673473894124043,3.767125597805089,11.292418953226564,15.567981719970703
p106_00546.wav,3.080103635787964,0.9059008037427956,4.464826514660135,3.205786970099941,3.780781215442736,3.8326694245131487,6.320108413696289
p106_00548.wav,3.109790563583374,0.927926997263256,3.9184436550456816,2.7116307349409725,3.502813067271369,-3.3068958314440224,-1.902474284172058
p106_00556.wav,1.870606541633606,0.8546331273851243,2.8434935735072013,1.7850274174149223,2.31240230771675,-7.299738848873498,-10.477731704711914
p106_00557.wav,3.029878854751587,0.9247031750449212,4.286101475657803,3.00593216889149,3.660031484636475,1.3260489087216825,1.6458046436309814
p106_00558.wav,2.017617702484131,0.9035340741454464,3.4288203657537157,2.302274096177594,2.711160995868977,-1.671261215095411,-4.05043363571167
p106_00559.wav,2.201435804367065,0.8957609158501648,3.498177906927024,2.1318362364729206,2.8244615917124363,-5.153097721664885,-5.213174819946289
p106_00560.wav,2.896286725997925,0.9461862149207656,4.361370959126185,3.642353276817695,3.6477764907435417,11.659416680996635,12.405806541442873
p106_00561.wav,1.5336647033691406,0.8340428352216551,2.952668182687328,2.030559138412476,2.213974319353003,-1.6122852011101116,1.6171811819076538
p106_00562.wav,3.6460752487182617,0.909070957384512,4.838220841656419,4.077056270928143,4.271476158598279,12.526214315000482,14.34367561340332
p106_00563.wav,3.328378915786743,0.956102156229462,4.667752637943975,3.98504002116923,4.021573583806009,13.681284366216383,14.74534034729004
p106_00564.wav,3.2655158042907715,0.973577912968832,4.806080729382855,3.8382350089679154,4.070930992673375,11.287265462980251,10.309700965881348
p106_00565.wav,3.2496554851531982,0.9474574569929922,4.551333012757215,3.693758032042142,3.916465037527358,9.98237418795333,13.10646152496338
p106_00566.wav,1.75390625,0.773935026006895,3.13769359114006,2.373384096885804,2.4309396975351687,1.5552642612476202,6.083140850067139
p106_00567.wav,1.7295894622802734,0.8798018069514404,3.0809112721659724,1.872297231760936,2.373383151582006,-5.463925335950415,-7.205498218536377
p106_00568.wav,3.122083902359009,0.9611940445482704,4.56554942267026,3.922103075031537,3.8632041029916775,14.394859616043592,16.318172454833984
p106_00569.wav,1.9445140361785889,0.9129779437047382,3.4891831422297512,2.864985891389224,2.7148440447823714,7.349930675571493,6.969823360443115
p106_00570.wav,2.434705972671509,0.9348204152388008,3.906434781624415,3.2078332495454096,3.175043479281764,8.849886370990129,11.219470977783203
p106_00571.wav,2.5040605068206787,0.9102130077937371,3.762160729654047,2.925308754992469,3.1273776759869687,4.31944100135237,8.475273132324219
p106_00572.wav,2.343053340911865,0.8260268789970828,3.4817245761066165,2.443836712024916,2.873839051809453,-0.6606790371476897,9.860342025756836
p106_00579.wav,3.2354085445404053,0.7727479531590098,4.338912524865602,3.557376266946935,3.7733446716789496,9.257674453004546,16.650951385498047
p106_00586.wav,1.3361196517944336,0.7379490638661573,2.691708699351547,1.5589178286752732,1.9629278828041072,-6.654869866882357,-14.67415714263916
p106_00589.wav,1.4537291526794434,0.6915132964624722,3.206911221603837,2.2338235022579984,2.298020280396482,2.312853213927771,3.523737907409668
p106_00592.wav,2.55137038230896,0.9111016706822368,3.8362135342320207,3.0200868839399813,3.1889239757154044,5.429214474613176,8.62618350982666
p106_00611.wav,2.4429962635040283,0.6730035475131609,3.458284240764917,2.175948666699339,2.9167640659940357,-5.852715143287553,0.4613467454910278
p106_00614.wav,1.361796736717224,0.7436477323717158,2.3127233888080463,1.3431894539335685,1.7461549930158553,-8.460167981506991,-11.159782409667969
p106_00615.wav,2.291900396347046,0.9043461531316588,3.7426773039614583,2.536107764180037,3.0130544833275006,-0.3589809296101592,1.8137286901474
p106_00617.wav,3.4368937015533447,0.8208288422500196,4.5864725196531735,3.64222772330628,4.004350918533593,8.807705694519655,16.515865325927734
p106_00630.wav,2.9283318519592285,0.854350423877506,4.235849121596216,3.2906978550344124,3.581742435172337,6.705045780547597,11.680231094360352
p106_00635.wav,3.127761125564575,0.9221754756730274,4.231752620237484,2.917678842495499,3.672392940286093,-0.3758431940602523,1.5107803344726562
p106_00636.wav,3.0566723346710205,0.9025663131716604,4.328316540004698,3.4239455063688933,3.7004065977535503,7.500569472175019,13.204509735107422
p106_00638.wav,2.924792528152466,0.9343423492960368,4.3220063763581456,3.5926528981156,3.6364789677443583,10.923233717434517,13.3115873336792
p106_00643.wav,3.092382431030273,0.916617722767405,4.283401676069531,3.3008687277554127,3.688966818752201,5.589895507530323,9.453164100646973
p106_00649.wav,1.620727777481079,0.7334491006746284,2.5373289307136915,1.9398090846917293,1.968386415864939,-0.061226750976452,3.654550552368164
p106_00651.wav,1.4245121479034424,0.7541111601744394,3.23619761653236,2.528054328476869,2.30039263586625,7.0923405764667615,9.713579177856444
p106_00668.wav,2.0547549724578857,0.8625832232770658,3.8742543027237,2.9407834384661267,2.9637282723625598,7.645418955588755,9.194985389709473
p106_00681.wav,1.2432453632354736,0.7792829870336572,3.2499393535399315,2.022209674077247,2.2202063625520703,0.23969597493377,1.84030556678772
p106_00685.wav,3.680555105209351,0.9637182116657907,4.939826573835402,3.945848320900917,4.323102785246421,10.90188712616044,17.072416305541992
p106_00687.wav,2.722372055053711,0.9337410097217403,3.975136473346754,2.907204935193928,3.338538509052078,2.598150740878638,7.710886001586914
p106_00689.wav,2.2814583778381348,0.8824287123884951,3.3431268605643485,2.264533866602826,2.7836442631459497,-3.474307845042968,-0.7088626027107239
p106_00694.wav,2.602369546890259,0.8673482312388509,3.957370957587118,2.659599166655397,3.2646912716937404,-0.2272784963419742,4.082836151123047
p106_00700.wav,3.549462080001831,0.9613860212904932,4.980515010118959,4.441722716511307,4.296447175078337,18.917369045249128,20.2957763671875
p106_00702.wav,3.1047637462615967,0.9883753261166074,4.604394038493286,3.2342729143982845,3.8675243055746495,3.8842167372396954,-2.459846973419189
p106_00704.wav,2.974687099456787,0.9628697256734176,4.596676467729925,3.806951869975882,3.816925908157285,13.127436430674642,4.925575733184815
p106_00709.wav,2.040404319763184,0.8450113843783773,3.232773365546105,2.2302082696616896,2.6015501662735505,-1.9495759901013008,3.7432165145874015
p106_00710.wav,2.622299909591675,0.7603696212274925,3.371899437091226,2.380515048194689,2.9611043150795147,-3.824221449754026,-1.8068135976791384
p106_00720.wav,1.7772669792175293,0.7200684818116588,2.994711533116892,1.8529830089559285,2.338082484813917,-5.4058990381050025,-7.165959358215332
p106_00724.wav,2.858333110809326,0.9148857435468696,4.016728768727556,2.5333903367295143,3.425684963289555,-4.2698759396846855,-5.725532531738281
p106_00726.wav,1.725013256072998,0.8708321982654772,3.128909247939891,2.195434555763492,2.381925910355654,0.2739962833862049,2.214570999145508
p106_00728.wav,1.4381682872772217,0.861371028186966,3.166292069084857,2.3357711483547816,2.2899151076296773,3.16956515392539,3.4338507652282715
p106_00729.wav,1.6306394338607788,0.7987425158454123,2.650730951334011,1.5753006048006886,2.072894221837212,-7.820223640621744,-11.114230155944824
p106_00737.wav,1.7183223962783811,0.8749916144617137,3.00479569318148,2.196047210868679,2.3405969670849727,-0.7143376264451412,3.332078456878662
p106_00742.wav,2.000580310821533,0.8835554929551291,3.5519717654486973,2.281813838511248,2.7514227054196483,-1.3199199259833123,4.540562152862549
p106_00743.wav,2.665483236312866,0.9000376405797565,3.9840852627864174,3.0661586037189084,3.319786953207618,5.309534366631971,9.067927360534668
p106_00744.wav,3.1871728897094727,0.9331697229265846,4.611953464977835,3.74729008883256,3.9130404218649546,11.395869605936973,13.774971961975098
p106_00754.wav,2.682315826416016,0.9283867268838762,4.113951634931891,2.857457072023734,3.393450549728513,1.8450389166940324,0.000871751923114
p106_00756.wav,1.917109727859497,0.8435404402281194,3.133268619234081,2.12900718678872,2.4756464648169736,-1.997754549198808,5.672128200531006
p106_00758.wav,2.7529094219207764,0.9000829603126018,3.9476970504280047,3.0329218927380213,3.332745174696613,4.695074494348171,11.807615280151367
p106_00760.wav,3.200387716293335,0.9071647277566364,4.456094815228641,3.571324009680251,3.839864301131218,8.603761573308681,13.660374641418455
p106_00774.wav,2.693532705307007,0.9111955324369748,4.5190175278070175,3.809337451959954,3.6314473837629353,15.51283571927226,15.503894805908203
p106_00776.wav,2.47916316986084,0.8757621904021091,3.5413129622263897,2.564859307199728,2.997381661104147,-0.8810280145580899,3.648221969604492
p106_00781.wav,2.8842873573303223,0.9277369333635312,4.147506794032946,3.130742397264748,3.512374914992762,4.63991903417742,9.617484092712402
p106_00813.wav,3.8172390460968018,0.8249388056112186,4.737470118319951,3.78235034343562,4.278412621581171,7.843452251761465,9.297054290771484
p106_00817.wav,2.281785249710083,0.8530590817633579,3.4990097790762604,2.464385903768165,2.8604436303797502,-0.2636277335185071,8.336753845214844
p106_00826.wav,1.8190722465515137,0.7407102693803548,3.1271667323263546,2.171756977616344,2.440502240726405,-1.341859760935222,6.043086528778076
p106_00831.wav,2.9630250930786133,0.903154848553376,4.451912582897539,3.226983740794888,3.721421798306269,4.784854113149301,-0.1717832088470459
p106_00836.wav,1.7508068084716797,0.6717950578407506,2.710483508211254,2.199177688661815,2.1502612898751834,1.7455636654210895,8.209362983703613
p106_00841.wav,2.5644731521606445,0.9451753298311664,4.060458545929533,3.2279324128300697,3.3245987547304687,7.858753878078166,10.08131217956543
p106_00842.wav,2.5708553791046143,0.8536263722833486,3.878819425229207,2.730782588058685,3.1960962966349613,1.7407740119593538,8.546600341796875
p106_00843.wav,2.990040063858032,0.91938509223315,4.203194837897966,3.2503005207012303,3.597571917106165,5.555226036080466,9.395312309265137
p106_00848.wav,1.344509482383728,0.5889434867093668,2.2278627838756204,1.3309618536931542,1.683531539693837,-8.008929665051014,-14.769330978393556
p106_00852.wav,2.909882068634033,0.9137599572456754,4.139040605885112,3.0982010335125607,3.525142029125092,3.750526002513901,6.302712440490723
p106_00867.wav,2.402451992034912,0.8588038424775658,3.5879246018122863,2.4609441360401,2.9658817167445224,-1.2454349654503207,3.9570353031158447
p106_00869.wav,3.090231418609619,0.8585761669160081,4.3374346056482365,3.545274847432613,3.720703281660139,9.224079055091623,12.481938362121582
p106_00878.wav,1.7850818634033203,0.8825739542937839,3.094005071873942,1.8622837372782772,2.399470344602301,-5.67162490010212,-6.3048095703125
p107_00001.wav,2.3660106658935547,0.8679358855395339,3.257624380002015,2.336844777580593,2.7818778037164718,-2.883494399130925,0.8897955417633057
p107_00003.wav,2.294562101364136,0.8916450580068396,3.5272395848016416,2.99973473530894,2.8918478959348084,7.65651877529003,8.257129669189453
p107_00006.wav,3.164583921432495,0.9205006140914374,4.057565593018144,3.107146576159863,3.6017668596215704,2.4645455331984167,6.2869744300842285
p107_00016.wav,1.9825918674468996,0.8980490607839166,2.8273905814099987,1.687080563612107,2.2980015870459884,-6.931169586688082,-8.488576889038086
p107_00017.wav,1.901134133338928,0.803451961412294,3.1486822310541345,1.98070444861659,2.485067823935125,-4.663175977311831,3.0388340950012207
p107_00026.wav,2.658031702041626,0.9169814493417,3.866231943542736,3.1069351455188468,3.268380834733453,5.5288013874489055,10.601201057434082
p107_00044.wav,3.3748021125793457,0.9508572865124364,4.432602817616499,3.2939766536114385,3.9119973925903935,3.06538987413379,6.207492828369141
p107_00054.wav,1.9217500686645508,0.6966284105731153,3.1482820547628414,2.367747881093913,2.506169299714257,0.8441360809601581,3.8694348335266113
p107_00058.wav,3.148699760437012,0.8928528455893019,4.1583834156047,3.0292927098311018,3.644382060599812,1.328484129683083,3.798318862915039
p107_00062.wav,2.98086166381836,0.927961082811226,4.027347008894686,3.337117752806269,3.506909072475327,6.938210972744123,12.622381210327148
p107_00065.wav,1.403877019882202,0.7765589308778962,2.816665416840004,1.8392380731132048,2.06406406370138,-2.928555833391317,0.6175054311752319
p107_00068.wav,1.9952000379562376,0.8300108098078633,3.094923275089597,2.3148376648249336,2.5094462405983284,-0.2329957874570679,6.014218807220459
p107_00073.wav,2.9953606128692627,0.948184708991814,4.151348109757938,3.282711991280014,3.578166684548089,5.866065296398665,12.227011680603027
p107_00075.wav,2.7737371921539307,0.9140752268876696,4.0726821112767615,3.19552392015399,3.4190899914424597,6.517126106255679,9.755914688110352
p107_00078.wav,2.0059072971343994,0.887319321725897,2.9148400280755413,1.872837090538343,2.382747896851696,-5.457560434257254,-8.390603065490723
p107_00089.wav,2.566279888153076,0.9478907709112188,3.841522091506084,2.632890059766494,3.192705575331952,-0.5484156302096462,1.3301790952682495
p107_00092.wav,2.494834899902344,0.9006044414243123,3.306898855605324,2.096904721596381,2.8422295795386856,-6.3821995660117095,-5.986242771148682
p107_00097.wav,3.536637306213379,0.9811198000868466,4.359583123119781,2.974458839985733,3.920207259363983,-1.5961497927335055,-7.141261100769043
p107_00098.wav,2.156663656234741,0.9481130248507528,3.239913424579693,2.2622797288036693,2.6650448498112063,-2.377017394952252,-2.634485244750977
p107_00103.wav,1.8310444355010984,0.8406251346135659,3.0350855818561864,2.1336445541530504,2.398110967340404,-1.9222228705329272,3.2573633193969727
p107_00110.wav,1.9243627786636357,0.863408787543078,3.272706681625133,2.472260291914283,2.570560165016279,2.432064317693103,6.621901512145996
p107_00111.wav,1.991748571395874,0.8285284737570459,3.0339860705295925,1.9390605250890525,2.454454049010919,-5.1613043217761945,-4.952210903167725
p107_00121.wav,1.6875288486480713,0.8529215617293926,2.3236013972890417,1.403231597496189,1.8516132880332128,-7.139483908909191,-6.834500312805176
p107_00126.wav,2.339319944381714,0.8895719822985827,3.222247449658445,2.1801252283852444,2.7247032646488982,-4.018911590539136,-0.011612944304943
p107_00130.wav,2.4016048908233643,0.869702150277931,3.9090773967002894,3.2798770367905856,3.152287118393919,10.568700944053996,7.80457067489624
p107_00132.wav,2.8993232250213623,0.8458677265246909,4.070727473379026,3.017872332774097,3.473529502599062,3.097070255866269,6.150906562805176
p107_00133.wav,3.104264497756958,0.8472051690019105,4.1373562064999385,2.919115985531296,3.605095975271513,0.1981220962843202,4.023576259613037
p107_00134.wav,3.415445566177368,0.9333178582615947,4.637495492888853,4.031498768246885,4.043919121836645,14.047372340911329,18.839805603027344
p107_00135.wav,2.1027169227600098,0.7765584456651299,3.296911265712744,2.249213560401777,2.6718093099235327,-2.4238305003763205,4.416422367095947
p107_00136.wav,2.4177162647247314,0.8199977543328795,3.560354237714232,2.780901813704165,2.9761141421773063,3.001805123902796,8.773269653320312
p107_00137.wav,2.1698012351989746,0.7730730223580208,3.241770748283925,2.0249241332221697,2.6583130463995204,-5.614642234237151,-2.860915422439575
p107_00138.wav,2.9720163345336914,0.8549875155634701,4.032084181686476,2.835065862332613,3.490621567614062,-0.339084711934095,3.1712090969085693
p107_00139.wav,2.8264822959899902,0.7752539230584079,3.938098822776377,3.2622092381137766,3.377064539422044,7.250119869525016,12.65227222442627
p107_00140.wav,1.3842315673828125,0.6615939604581313,2.386384781490983,1.3947885055399936,1.7882651783328298,-7.552712883843832,-9.04671859741211
p107_00141.wav,2.008157730102539,0.7384999741433089,3.269734285622498,2.3406104669640024,2.615673790998485,-0.4819255298651637,2.8326663970947266
p107_00142.wav,3.582859754562378,0.9426982245744844,4.810091751435493,3.604222087154783,4.217013080793856,5.877041218799462,9.189716339111328
p107_00143.wav,2.817091703414917,0.8734357751659224,4.152187369900242,3.483239960376906,3.4892802077451748,10.370104872723491,13.76420783996582
p107_00144.wav,2.8661413192749023,0.8665506366508445,3.989556753738582,2.637917340969344,3.410324065467989,-2.415132390270618,0.093947947025299
p107_00150.wav,1.8673365116119385,0.8359982310399745,3.11128441594786,2.038984385748293,2.4464460226846176,-3.351816703408496,2.7652831077575684
p107_00159.wav,2.192086696624756,0.8976596459613408,3.1055012634799994,2.071518730289998,2.59423792801977,-4.712594960066079,-8.163753509521484
p107_00160.wav,3.3255934715271,0.9576166078666046,4.298219054943253,3.6548093208482766,3.820044969207223,9.176756621882223,13.668160438537598
p107_00167.wav,4.004994869232178,0.9862462601497236,5.0,4.06910529582616,4.608696816951535,9.63180064266279,1.586918830871582
p107_00173.wav,3.264122247695923,0.9522747359865404,4.573754374716699,3.567337903126183,3.937077426092016,7.771171906982464,10.67155647277832
p107_00180.wav,2.634248733520508,0.915375588493162,4.007212475232291,3.2560851882689006,3.3289583054781544,7.969238034780022,11.423294067382812
p107_00190.wav,1.8100817203521729,0.860399893775641,3.2612912510657805,2.3899453959786454,2.517552160608102,1.5352340287821669,5.323695182800293
p107_00192.wav,2.5435726642608643,0.907891434631296,3.5561225805767376,2.709734910572988,3.0301707899920007,1.242896855755552,5.7992119789123535
p107_00214.wav,2.356733560562134,0.9158707776521572,3.480487630953585,2.387643183427067,2.886216352778911,-1.9245236804695944,0.796082079410553
p107_00216.wav,1.968135118484497,0.8274309969044508,2.7796297921393367,1.6933360751817728,2.2732170333761585,-6.998877194479404,-9.955957412719728
p107_00237.wav,3.410926342010498,0.9425700758752492,4.556192366643586,3.942700430271916,4.000862799534373,12.686273047600928,19.06888198852539
p107_00239.wav,2.675755023956299,0.9081507750656882,3.8351359480295377,3.119470977290428,3.2544922742850795,5.917839731876463,8.464849472045898
p107_00244.wav,2.2480955123901367,0.8471688204855777,3.40920504216013,2.124623451694636,2.7878073758495825,-4.919064910152109,-2.9840149879455566
p107_00273.wav,2.751410007476806,0.8014682909424676,3.952249689106683,2.8593967891059893,3.335544329699984,1.895201867512137,9.759255409240724
p107_00279.wav,1.8603637218475344,0.7339885791981079,2.896430193294989,1.8055440458291048,2.3258660834912805,-6.556946630519623,-1.8541598320007324
p107_00280.wav,3.3806447982788086,0.9706875597682392,4.5906911233313465,3.642789870000529,3.999746854783909,8.287296879538712,13.622339248657228
p107_00307.wav,2.8592653274536133,0.915363508572797,3.942252532253416,2.985664656176134,3.3937284663532887,2.698017513128128,9.04408836364746
p107_00312.wav,2.637579679489136,0.8595761345550248,3.64933957432782,2.8030041561401373,3.132084277128617,1.654931883290292,-0.1338648051023483
p107_00323.wav,1.8700954914093015,0.8438014323260382,3.008932126272919,2.1090283989561827,2.403012880083435,-2.5297510506571705,3.72966742515564
p107_00324.wav,1.841387391090393,0.8523678375543313,2.8803078714407726,1.9466598681986411,2.3126870778808004,-4.368011501110298,-1.2809855937957764
p107_00333.wav,3.168158531188965,0.8606034367202036,4.262039608095736,3.716279947809696,3.716080393994076,11.631768186670438,16.726919174194336
p107_00334.wav,2.6143922805786133,0.8831407835091206,3.8344991563731785,2.9411188585720134,3.2303772597720304,3.235740240264247,-1.404435157775879
p107_00350.wav,3.3225529193878174,0.9482249892457878,4.490917168261437,3.4901923052465915,3.91589615867038,6.52051909811057,12.594512939453123
p107_00355.wav,2.951417922973633,0.9183948744867568,4.086367599865125,3.362478347203994,3.5226232599352016,7.510611680159265,13.183448791503906
p107_00375.wav,1.8337091207504272,0.7847827573898617,2.9217393847427777,2.117338921053238,2.33463223389738,-1.8299924672816088,3.743800640106201
p107_00376.wav,3.140568971633911,0.9158437246746404,4.205476581672268,3.0527003119774903,3.667038178740491,1.6150199602097537,3.751389980316162
p107_00379.wav,2.2711987495422363,0.8640523875909233,3.1205130776641665,1.8762720876648429,2.616193287563878,-7.29012310638538,-7.148725509643555
p107_00384.wav,3.084147453308105,0.8526695194990835,4.131672962621142,3.269711282604109,3.6014537754617444,5.504071979966267,13.922454833984377
p107_00392.wav,3.646763801574707,0.9594428455366568,4.79166599417483,3.867921301671704,4.243996982139513,9.406815284004608,14.962409973144531
p107_00402.wav,3.649608850479126,0.9610829206793567,5.0,3.88121240816075,4.377329016194766,9.136403614000978,9.367720603942873
p107_00405.wav,1.9961692094802856,0.8365718279900247,3.40293913550672,2.314867356410386,2.6764264621296547,-0.8228338803462913,4.377746105194092
p107_00409.wav,1.681365728378296,0.7563014868497296,2.5997070917218688,1.5600474203735968,2.048214144816962,-7.349828561367801,-8.430851936340332
p107_00411.wav,3.194149971008301,0.8867008339955794,4.141950386616811,2.736980584944565,3.643444160815779,-2.963975571637139,-8.665815353393555
p107_00428.wav,3.2864816188812256,0.9711986229157108,4.28734908198363,3.396781976586449,3.7943651084060295,5.400800017633779,10.734038352966309
p107_00453.wav,3.5094032287597656,0.970286865140532,4.659269285297994,3.983563805234472,4.105885877355493,12.411150108954224,16.01460838317871
p107_00454.wav,3.426801919937134,0.94827413689535,4.522940839601708,3.9477367879241,3.9953765356583055,12.51173018720895,17.605453491210938
p107_00461.wav,2.757465124130249,0.9456030791893204,3.5778613329789963,2.316316220369484,3.098749276892793,-4.410905447204874,-6.936471462249756
p107_00463.wav,3.355240821838379,0.9512744765965646,4.405967306297623,3.7744569782890687,3.897573994021177,10.456838456384732,12.681648254394531
p107_00466.wav,3.0125763416290283,0.8667903530943167,4.149860179017367,3.549216633489942,3.5946880644415087,9.588161357280605,12.809282302856444
p107_00468.wav,2.2769434452056885,0.8542006786960403,3.3772990794226723,2.5923344706335243,2.807551087750781,1.3585105321440067,5.825652599334717
p107_00472.wav,1.6900396347045898,0.7841082265197855,3.000027855612598,2.126141438312791,2.3136564237644164,-1.1561536830733574,2.834901809692383
p107_00485.wav,2.665682792663574,0.9529458029452824,3.987161871757491,2.9986102585640246,3.3354495666505195,3.6176306047213584,1.200299620628357
p107_00487.wav,1.979755997657776,0.8570374352378655,3.46733978667682,2.759654045893237,2.715416603128274,5.690591518877898,8.681012153625488
p107_00489.wav,2.1072068214416504,0.8501694866983744,3.268331228084828,2.27096873276879,2.6576808378274084,-2.016742210520252,3.948014736175537
p107_00493.wav,1.669491171836853,0.875280925973517,2.868327018142361,2.158664511246223,2.2252465448650307,0.0668715829221668,4.337190628051758
p107_00505.wav,3.4694766998291016,0.9681522902672852,4.639349638487517,3.789466681190017,4.074974952441589,9.670099373068302,14.862137794494627
p107_00519.wav,2.6718087196350098,0.8079804471672414,3.921493685524082,2.879058792301287,3.289664263945227,2.387448309178284,1.820893406867981
p107_00528.wav,2.568700075149536,0.8433701153477831,3.9676856933608846,3.33147727710786,3.2636854809441807,10.214264434546116,13.708576202392578
p107_00533.wav,1.8414092063903809,0.8494332583169656,2.6322483461165413,1.5330390436258954,2.1230377640553386,-8.0154108525878,-8.963814735412598
p107_00540.wav,2.1629772186279297,0.8167228171746083,3.2163444787048414,2.24137022858751,2.65643242934258,-2.7535859454497573,3.164924144744873
p107_00550.wav,3.1193015575408936,0.9345104654446512,4.251693825505259,3.00427415642289,3.678288815798772,1.0520540870799326,-1.9918774366378784
p107_00573.wav,3.41965651512146,0.9599088782865964,4.6810907568488735,3.9990040660715054,4.076219041630242,13.1259323141432,16.71337127685547
p107_00575.wav,2.9846622943878174,0.9644821816780172,4.327732220203186,3.587944020279052,3.671017761665169,10.330017107676326,-0.7306770086288452
p107_00577.wav,3.12017035484314,0.9828276906881832,4.441390076736991,3.498136192842745,3.795058802818693,7.917708500878345,8.864792823791504
p107_00584.wav,3.4918363094329834,0.9418862788591224,4.588646848833695,3.707024612534773,4.052926554327168,8.54920964432503,11.402700424194336
p107_00597.wav,2.579878330230713,0.7794927798356313,3.6926698572468935,2.8713324974935213,3.123882552354324,3.2048181191475336,10.705437660217283
p107_00600.wav,2.133070707321167,0.879749415252315,3.842307010170116,2.778729256953808,2.985571031573822,4.558580480615661,6.725497245788574
p107_00601.wav,3.147723913192749,0.909516099114872,4.210894192285692,3.409400920655836,3.679741550895873,6.940901536279336,13.98409938812256
p107_00602.wav,3.443469524383545,0.943090142929038,4.644710670209088,3.944367044324952,4.0652891028337885,12.291821110610266,15.12806510925293
p107_00604.wav,2.608750820159912,0.849435905796677,3.832987814031032,2.902101939696577,3.2065588848649225,3.549998109126502,8.836165428161621
p107_00605.wav,2.493882179260254,0.8417426916753563,4.046451427020201,3.291891826245999,3.264708844631248,10.1706724083333,-6.703307151794434
p107_00607.wav,2.317786931991577,0.8847429049548151,3.3506305231607265,2.219136406420327,2.7970446151307358,-4.088197888571338,-0.6742826104164124
p107_00608.wav,2.4518747329711914,0.840451346685748,3.5924248440143454,2.6370268825666017,3.0025020936153064,0.7593120484625161,6.759751319885254
p107_00609.wav,1.634807825088501,0.7812176964397153,2.759122284408085,1.8406967416391675,2.148975100516989,-4.522318849832161,-0.9243109822273254
p107_00613.wav,3.950782775878906,0.9228891715625972,5.0,3.807179261117152,4.51447122136442,6.645381712175667,2.0257010459899902
p107_00625.wav,2.0929670333862305,0.9110798357072438,3.427369672029459,2.500032114485476,2.7416075317249,1.1992017830493436,6.328808784484863
p107_00627.wav,2.592836618423462,0.8048080018830525,3.8875972665389855,3.1984395634538627,3.2306846616441263,8.154667889983706,13.06179428100586
p107_00628.wav,2.278207540512085,0.8629779653920157,3.4410666643739543,2.5229159604522517,2.837476744075069,0.3546101050012982,6.978428840637207
p107_00637.wav,3.530192375183105,0.9598885881902756,4.790333865441708,3.94740227180621,4.174502378430156,11.99202998613048,14.131064414978027
p107_00644.wav,1.695073485374451,0.7049099099654517,2.650913800639937,1.508410620650852,2.071984348333588,-7.893205311338209,-9.01633358001709
p107_00650.wav,2.24270248413086,0.8859881673014018,3.4363414864565454,2.5241016681910806,2.8222350233019315,0.4208399594384989,6.387048721313477
p107_00665.wav,2.684556722640991,0.8902021392375997,4.281926929168199,3.3305082566315214,3.4935450486465216,8.659007792941011,10.497526168823242
p107_00678.wav,2.801940679550171,0.8272373511063491,3.950301130318224,2.771167904782888,3.361177576914395,0.0634786130812374,1.2182425260543823
p107_00682.wav,2.24113392829895,0.8761817503783935,3.465736683642733,2.4428974287600598,2.832374375878027,-0.69342721470711,0.4537056088447571
p107_00683.wav,2.303745746612549,0.9221827026129068,3.546455703702411,2.8676924875673,2.9234048931121945,4.726144332660347,9.224940299987791
p107_00684.wav,2.1051876544952397,0.8790645502405782,3.2540743640200533,2.4413691221131706,2.6594653093098586,0.2672545787840865,7.564713478088379
p107_00686.wav,3.054527282714844,0.9576946017745984,4.366928222951048,3.6149705006271886,3.718246814057136,10.561704619307497,13.836971282958984
p107_00688.wav,2.0894079208374023,0.9256175660465016,2.911833808497722,1.877768886282716,2.411702828193845,-5.49670733484961,-5.482949256896973
p107_00691.wav,3.224252223968506,0.9399047364809048,4.370515636693313,3.645039523793804,3.808486862795844,9.630078289817911,15.075925827026367
p107_00699.wav,3.336899518966675,0.935501837874238,4.461250597829559,3.91254210266762,3.9182507173976497,12.68071446531593,16.750261306762695
p107_00706.wav,2.198171615600586,0.9113239228128602,3.874615716330816,3.3921896519976795,3.0430381769693677,13.426828864546502,15.552043914794922
p107_00715.wav,3.1765263080596924,0.9242242780459422,4.40158397601128,3.334465650850293,3.8023234395813255,4.9532752835333245,8.975320816040039
p107_00716.wav,1.9311292171478271,0.8316588141614412,2.857718978361711,1.9060449571054332,2.335811340451554,-5.211026978787984,-1.1236586570739746
p107_00721.wav,3.439749956130981,0.951739130559909,4.627347516013561,4.021314915755969,4.055246183631748,13.520521422040389,13.578596115112305
p107_00722.wav,3.484924554824829,0.979358353463025,4.61813242282682,3.7672481639045934,4.072717082656068,9.178250704209288,14.570260047912598
p107_00723.wav,1.757590889930725,0.8466439806022694,2.5100894516682883,1.485065778921577,2.0131890184189443,-7.84394416177561,-9.783555030822754
p107_00725.wav,3.759019374847412,0.9082830454207586,4.7745078355520025,3.360064433419785,4.273204494573413,1.328367609209242,3.509056568145752
p107_00727.wav,3.613369941711426,0.9003004266979197,4.777423272813386,3.914353441246281,4.207898841338481,10.932461207676909,17.09918212890625
p107_00738.wav,2.151320219039917,0.8726878972995255,3.2526146934507283,2.0577828959901696,2.647662363443936,-4.657038911816264,-3.2898709774017334
p107_00739.wav,2.624166965484619,0.8828374328033352,3.7591222965274538,2.748526187688684,3.1807809969915986,0.8547371942303476,7.721658229827881
p107_00740.wav,3.490149736404419,0.9748805482991793,4.635573330262597,3.800156629527407,4.084594306823535,9.636262307765143,14.54800510406494
p107_00747.wav,3.110574722290039,0.8856714795264089,4.260046143262865,3.602955519492372,3.690342064717842,10.07903730139916,12.993179321289062
p107_00751.wav,2.49088978767395,0.811996150304815,3.4412737614161952,2.178430810305356,2.9162494364252187,-5.461387385124839,-0.9355905652046204
p107_00755.wav,2.869670867919922,0.9119118338758432,4.049776082768382,3.3764966344116254,3.458299039167175,8.566519843443485,12.053319931030272
p107_00768.wav,1.7075259685516355,0.7996595886658978,3.011809481403703,2.1675263109723373,2.324190856373721,-0.4487386600295213,5.080609321594238
p107_00783.wav,1.6556196212768557,0.8150619497899877,3.1163425192629832,2.288949252142966,2.356305829634824,1.594279986580969,5.052964687347412
p107_00795.wav,2.040327310562134,0.8434069375987809,3.1045721417776644,1.9819823905991008,2.5158753923473696,-4.926537333941975,-3.762349605560303
p107_00796.wav,3.4159748554229736,0.8595346999393568,4.269043952668067,2.862036198444152,3.823628508589417,-2.879341260051494,-0.0876688957214355
p107_00798.wav,1.97163987159729,0.7827509541454979,3.2649776957168664,2.2186903766558466,2.5812335529969426,-1.5394241196943208,0.0966414213180542
p107_00800.wav,2.052604913711548,0.7279652721456832,3.273748724267913,2.2861791966049325,2.6388532809365657,-1.627534601803332,4.354209899902344
p107_00803.wav,2.8948445320129395,0.9173721465736496,4.177736318196825,3.546993103611052,3.545145189796781,10.620730142035676,13.09552764892578
p107_00808.wav,2.024036169052124,0.7800672956037142,3.324994082920417,2.37866446339689,2.646064984422524,0.227324566824847,0.5300774574279785
p107_00810.wav,2.925518751144409,0.9051026598479,4.139576235505798,3.245198296624892,3.5291269020978286,6.149237711230059,8.080378532409668
p107_00816.wav,2.137540578842163,0.9156190268381592,2.936427091989599,1.7679921933409617,2.426665667169732,-6.653624566128264,-12.417028427124023
p107_00835.wav,2.276638984680176,0.816169968925473,3.341675475266513,2.228201777825934,2.7707892392811555,-3.5871021401415994,0.5838807821273804
p107_00838.wav,3.171931505203247,0.914037174237607,4.327711099328304,3.5348356764104523,3.748668850579708,8.81088157074379,9.971837043762209
p107_00845.wav,2.662832021713257,0.885959063444446,3.642915414811105,2.493241428472531,3.1207129309967865,-2.531534811518804,0.0016594910994172
p107_00846.wav,1.977705836296081,0.8830118881935878,3.5183883381870795,2.722555765873448,2.7388581116793365,5.157972932817112,5.103194236755371
p107_00853.wav,1.6556077003479004,0.8221245080896231,2.748149536989619,1.9307045633389812,2.156449595132921,-3.358545847661954,-1.2147417068481443
p107_00861.wav,3.9000957012176514,0.990195130982585,5.0,3.7969181113199,4.494330394225861,6.484586645843543,9.60104751586914
p107_00865.wav,2.793027400970459,0.9379954858039236,4.197695626744216,3.392559478940853,3.508757251834774,8.71743948518306,11.382501602172852
p107_00880.wav,3.167287349700928,0.909964325912787,4.144051203818826,2.768807023242672,3.6294954669769006,-2.192004910789908,-4.642082691192627
