Filename,PESQ,STOI,C_sig,C_bak,C_ovl,SSNR,SISDR
p102_00007.wav,3.057076930999756,0.9550820364654498,4.441212008486979,3.1428820963794317,3.7500655910377225,3.332198303054116,7.922034740447998
p102_00010.wav,2.633779525756836,0.8466864407158978,3.988053943139992,2.596350947790688,3.294336681806303,-1.4042188559891151,5.7606401443481445
p102_00013.wav,1.6747441291809082,0.760058128802612,2.910874885680652,1.6016237917665603,2.194594258758561,-6.4147635909385,-5.356423377990723
p102_00019.wav,3.507759094238281,0.9804431857752678,4.710785922230274,3.356354994389928,4.09986160761738,3.8261473795729537,-0.718258261680603
p102_00024.wav,1.8634724617004397,0.7811221961776467,3.6527466518701215,2.7648034349495108,2.7481427152947675,6.69019479446047,7.796859264373779
p102_00032.wav,2.42647647857666,0.8682066768203894,3.834800270400342,2.760964896199851,3.117261120410729,2.6115157448137047,9.150372505187988
p102_00036.wav,1.6988612413406372,0.7885821014081815,3.474195364245934,2.6301882985450367,2.565796819669917,6.259785246294267,7.340388774871826
p102_00037.wav,3.211266040802002,0.9239877741962798,4.432995936930415,3.015866023171249,3.8136758741618886,0.593908249651751,-0.6027165651321411
p102_00040.wav,3.65972113609314,0.9422689041079388,4.901569839440824,3.4203829734476736,4.2864461484033,3.0320952864905863,-2.2037196159362797
p102_00043.wav,2.6736245155334477,0.935717611914514,3.728390954005918,2.3383335793093174,3.1506602106481614,-4.277773122328833,-3.3819820880889893
p102_00061.wav,3.40462589263916,0.9451530655046668,4.620351258596014,3.697117097805189,4.03653330519152,8.530667443300091,12.126134872436523
p102_00069.wav,3.0567169189453125,0.973123626648796,3.98603077327571,2.710007114125608,3.4737065183203075,-1.346693467659074,0.4751801490783691
p102_00072.wav,3.032910108566284,0.9455809300593808,4.062045223507672,2.7120140500763434,3.5217220612891458,-2.1129631098796957,-1.0467487573623655
p102_00076.wav,3.294940948486328,0.9312997475853032,4.433463202250842,2.9215907765238684,3.852469053174015,-1.3747151779286544,3.656257152557373
p102_00077.wav,2.479083776473999,0.7767260637759064,3.648963464734424,2.150980699196045,3.0130057515504896,-5.78010869194869,-4.343207836151123
p102_00084.wav,3.0949466228485107,0.9126143511778348,4.487980801899862,3.675124874299268,3.810980841792565,10.67712228766054,7.249301910400391
p102_00085.wav,2.291217088699341,0.9645821822103048,4.026874407313236,3.377650636241777,3.180974077373558,11.820751446533889,12.441502571105955
p102_00086.wav,1.9257252216339111,0.8458359623745973,3.0668204554214533,2.037734210896633,2.423345578899744,-2.4726007930923046,3.124019861221313
p102_00101.wav,3.636669635772705,0.9374549849807848,4.677935884003503,3.265293739929311,4.148665017801979,1.4002989061270532,6.563357830047607
p102_00102.wav,2.388880014419556,0.8976999017898203,3.803344329846861,2.893831588344393,3.101664832534543,4.1668745779741085,10.474194526672363
p102_00106.wav,3.567468643188477,0.9489656317463618,4.54332968971478,3.843132180642816,4.058291900414237,10.588634907510537,14.734076499938965
p102_00108.wav,2.3026912212371826,0.9469230744176588,3.899688240300341,3.2410640695206423,3.097985802647431,10.689081804869218,9.081579208374023
p102_00116.wav,2.8371734619140625,0.9510065266837352,3.837781699532083,2.5861233355937343,3.2874603551604378,-1.57598279672632,1.8505432605743408
p102_00117.wav,2.098028898239136,0.8895096429638852,3.640611291060837,2.504123070075649,2.846334395065846,1.398968989082982,2.2611889839172363
p102_00119.wav,3.925922393798828,0.9848839196078883,5.0,4.068948516504832,4.556787145289311,10.47836299121446,16.86958122253418
p102_00125.wav,2.863243341445923,0.9096375645479357,4.402592115940958,3.206683652825512,3.6441031777384505,5.325090534539715,6.84322452545166
p102_00128.wav,3.3533551692962646,0.9172299492361534,4.722571502302606,3.402282163326844,4.04840169131765,4.817081035678655,8.77130126953125
p102_00145.wav,2.204019069671631,0.8825357566323935,4.012033984860286,3.0937444524387514,3.115163974900647,8.610088165936501,9.33137321472168
p102_00158.wav,3.3263907432556152,0.9697291983746792,4.524226996646101,3.5444689809428205,3.928338774787795,7.620344367215407,14.740920066833496
p102_00161.wav,3.409368991851806,0.968200892587868,4.818754609926881,3.932874742889844,4.144712555990221,11.92560929263543,14.54359531402588
p102_00166.wav,2.2378854751586914,0.9103601729885472,3.521278482722039,2.434717024832412,2.852383389300858,-0.5348642189047463,1.648673415184021
p102_00181.wav,1.7371537685394287,0.8544398240794484,3.105302302175182,2.236496884843292,2.3942954945826926,0.0412554134635981,4.187817573547363
p102_00189.wav,3.5778744220733643,0.9177686640076604,4.766412565152381,3.7941784484001584,4.186247340672819,9.217085080637638,14.033180236816406
p102_00193.wav,3.290743350982666,0.933486299776038,4.1333869701581945,3.418536803879032,3.707108449208051,6.277810322049844,11.618109703063965
p102_00203.wav,2.8346469402313232,0.9053846073463028,4.499915467474246,3.520564859776892,3.6845112454995927,10.241308791934651,6.45315408706665
p102_00215.wav,2.636547565460205,0.921820983601982,3.757644571653977,2.955225742760158,3.1741417854526937,4.577316625810926,5.066915035247803
p102_00222.wav,2.4024500846862797,0.8728276690792948,3.23929348014845,2.4633464241212666,2.775004191396982,-0.4403076389587328,0.3538585305213928
p102_00224.wav,3.589829921722412,0.8865411199011494,4.802120171827658,3.9557240235117503,4.218339187494427,11.325442619757723,2.6683096885681152
p102_00225.wav,1.6758551597595217,0.7441460282143162,3.305810899875227,2.1934842205447,2.456024964189157,0.1357217337792339,3.588353395462036
p102_00227.wav,3.2671735286712646,0.975134611182222,4.524826776855004,3.3135538956632584,3.899411402465329,4.3745045065482095,0.3293487727642059
p102_00232.wav,2.435102701187134,0.8063442646272528,3.7546376294350834,2.225460656158005,3.0646949630405294,-5.203431125222995,0.710668683052063
p102_00233.wav,3.478402853012085,0.9608388824242028,4.645304993673282,3.196234739844315,4.05896308010774,1.220610420867727,-0.2897944152355194
p102_00236.wav,2.3442394733428955,0.9179676259911674,3.803801656504231,2.449117820547703,3.0536139280968557,-1.4194441597018437,3.330517053604126
p102_00242.wav,3.284277439117432,0.8709382420703221,4.5348355886346345,3.184577858862589,3.913751840352052,2.1656177639542387,2.1532533168792725
p102_00247.wav,2.021559476852417,0.9059572900343756,3.320443111000194,2.209897243834115,2.607497934445732,-0.8883705995426401,7.229855537414551
p102_00252.wav,3.2996222972869877,0.9484288306975848,4.670652110384716,3.8216857147909256,4.010399184678807,11.222655707734862,13.810483932495115
p102_00262.wav,3.846445798873901,0.9155701638874734,5.0,4.134353291540417,4.442724981806655,12.51709997444518,19.033531188964844
p102_00266.wav,1.8906502723693848,0.7973947152240886,3.306568898441606,1.827755720572752,2.53748224986285,-6.092698667044212,-1.407883644104004
p102_00268.wav,2.672419786453247,0.87331393632087,3.942831324651212,2.79333272108332,3.2942387332650456,1.3019033273564056,7.106063365936279
p102_00270.wav,2.746568441390991,0.9700789840617446,3.8523571012428928,2.558638631509879,3.250496036613936,-1.3924644074636503,2.197403907775879
p102_00274.wav,2.2383108139038086,0.9388029749019198,3.7325797952099737,2.7029372394086937,2.9652197337308666,3.38962210277676,8.388541221618652
p102_00278.wav,3.524202346801758,0.9585715978497024,4.63477068195329,3.12845464276485,4.071319733491198,0.0408407456165019,2.303633451461792
p102_00286.wav,3.4583818912506104,0.9759527997451766,4.834968109260154,3.906947999695261,4.169109904402726,11.513167156463645,11.676218032836914
p102_00289.wav,4.095631122589111,0.936742033804266,5.0,3.873699726675773,4.642176412514058,6.723469665880341,2.8494606018066406
p102_00290.wav,2.7367517948150635,0.9510037490206824,4.182418750367544,3.028025800685412,3.4605664346239853,3.894470288755681,1.9679296016693115
p102_00313.wav,1.5934921503067017,0.8224709455713111,3.391385189247952,2.266985590518668,2.4685929274404583,1.417155765030761,3.270312786102295
p102_00316.wav,3.666558742523194,0.9175972868233008,4.631932216433695,3.712995773551785,4.142283957634116,8.217512743796997,16.478675842285156
p102_00317.wav,3.2555370330810547,0.929658406694946,4.4797214481405465,3.7338994923973634,3.882187443574974,10.646104542849583,15.538824081420898
p102_00319.wav,2.914705514907837,0.9340472278080798,4.342604165143829,3.304883194680117,3.6431494359240806,6.365235273160413,7.432188034057617
p102_00321.wav,2.9188480377197266,0.9638868977587972,4.030747542890455,2.778759960148664,3.4563836608742298,-0.5331409194682245,1.0352932214736938
p102_00327.wav,3.3432302474975586,0.9528400340785772,4.567625788703684,3.2419293914816776,3.961238862352989,2.56687476212281,4.998655319213867
p102_00328.wav,2.29267692565918,0.748305751983185,3.733241284695066,2.3442163089045827,2.987932268766162,-2.4934916271900907,6.092566967010498
p102_00330.wav,3.262699842453003,0.865956117635971,4.49414534950931,3.241342129193407,3.880063026451029,3.342555487381144,8.255584716796875
p102_00331.wav,3.5870494842529297,0.9700946562857168,4.9530976749275135,3.791962763349399,4.293629178156994,8.677889623189662,12.624249458312988
p102_00346.wav,2.2222161293029785,0.8942812594412505,3.699769982577655,2.472488149738524,2.937237722305632,0.0093246997005874,7.176851272583008
p102_00347.wav,2.6383771896362305,0.9104236502942132,4.037539487890544,3.0419483735319304,3.336218988889633,4.975713117742968,10.123090744018556
p102_00369.wav,3.095468521118164,0.921541957907996,4.339719871432594,3.168315403553055,3.7076282194644254,3.943551016178685,11.599321365356444
p102_00371.wav,2.9778873920440674,0.9627630382400394,4.38691433273117,3.0345776901322337,3.6791281507517377,2.3871812938183385,3.738948822021485
p102_00382.wav,2.9670722484588623,0.9354803391145612,4.40386432961143,3.18019759570658,3.693168461973548,4.293030593178825,7.868888854980469
p102_00391.wav,3.231602430343628,0.942413818213746,4.521492305296512,3.4241295522568107,3.895484852635916,5.708066163434182,10.246341705322266
p102_00395.wav,3.47635269165039,0.9831164552935427,4.698862366881384,3.2044456623936086,4.090699897002648,1.0967014511700306,-6.791938781738281
p102_00401.wav,1.6778498888015747,0.7852872388631541,3.2142411482119737,1.7843654949707255,2.386012869983726,-5.251750486762129,-7.251859664916992
p102_00403.wav,1.566735029220581,0.6491863801736737,3.159312397919317,2.0873667508778917,2.316862240622917,-0.2287231950544377,1.5395082235336304
p102_00404.wav,3.8143603801727295,0.938435002940621,4.911959462367107,4.134859598689536,4.371426181533075,13.123783261084904,21.99620819091797
p102_00408.wav,1.9499590396881104,0.7666758993167561,3.131188063571584,1.866243125386079,2.4791882973092645,-5.888669915574116,-5.119351387023926
p102_00417.wav,1.5529067516326904,0.6855117224980235,3.0886313166093284,1.8505484563315029,2.2651303893301438,-3.460727926512345,0.6176800727844238
p102_00436.wav,3.378085136413574,0.9303860778612284,4.733742260346526,3.6073036601172994,4.071571226824761,7.658018813566202,12.619166374206545
p102_00437.wav,1.607810139656067,0.8138688836214336,2.9057881798673613,1.988049853200744,2.208279651653077,-1.976814805587633,2.4038338661193848
p102_00438.wav,2.619215250015259,0.8912944196169589,4.048471100789298,3.2505672107405075,3.3398580287192696,8.08550561752082,12.377391815185549
p102_00439.wav,2.703926086425781,0.8645856877038529,4.075157681018477,2.862268505253217,3.381259333907558,1.9249121925196504,5.2292962074279785
p102_00440.wav,3.012868642807007,0.9505625054671836,4.292313158159755,2.8606045933651583,3.637513659703117,-0.101834217796723,-0.2788279354572296
p102_00441.wav,2.293894052505493,0.9124827794430695,3.4198654227333023,2.0762708729516155,2.7976989689670786,-5.217226299992764,-7.064474105834961
p102_00442.wav,3.3093831539154053,0.9237894659386302,4.551698505026561,3.698712227503045,3.950476211959903,9.446190526653938,16.032649993896484
p102_00443.wav,2.403726100921631,0.891928500729871,3.844771822645298,2.679629916783707,3.1151121083842326,1.3002259895106951,6.321994781494141
p102_00444.wav,1.5733706951141355,0.7540566304679305,2.929559526194418,1.6967455423312616,2.1814718370109185,-5.403354112382318,-3.617991209030152
p102_00445.wav,3.759162187576294,0.9419306436329776,5.0,4.094624657259265,4.430243059958607,11.84621469534816,16.676137924194336
p102_00446.wav,3.606067180633545,0.9137921882458302,4.849349340957233,3.957341844198611,4.251523570079726,11.162484561304725,15.329511642456056
p102_00447.wav,2.4857568740844727,0.8986131604395913,3.827430169204508,2.8114421365924893,3.147119916354289,2.8047290840536703,8.136327743530273
p102_00448.wav,3.1061935424804688,0.9411438938946356,4.452273619264598,3.579050735819893,3.797072569112166,9.147022090448385,8.1837739944458
p102_00455.wav,2.173576593399048,0.7631219889729645,3.5345643316235558,2.17441579608603,2.822912132930934,-4.019726332698155,1.5368486642837524
p102_00456.wav,1.488858342170715,0.8191843343522915,2.665038035482015,1.8525290791132356,2.0199244645531045,-2.850977488471192,1.2857365608215332
p102_00459.wav,3.875057697296143,0.9722889607074052,5.0,4.345598044044289,4.581925551141199,14.35024805496036,15.288704872131348
p102_00470.wav,1.8316543102264404,0.9198907630817428,2.830114452504108,1.573412780998322,2.213119796320644,-7.148786738863227,-8.754302978515625
p102_00486.wav,2.607553720474243,0.9431352700478,3.903040459785779,2.943930272551384,3.2480845709802875,3.9025345319259706,10.42738437652588
p102_00500.wav,1.912607789039612,0.8753666441363508,3.3186408464546457,2.036653710626957,2.5620165812798885,-3.2712514616366675,5.009999752044678
p102_00506.wav,3.163926362991333,0.9491564768719828,4.479472832792925,3.265614402506797,3.825594761667989,4.357875853168936,8.081640243530273
p102_00511.wav,3.963766574859619,0.9860550221552752,5.0,4.291368501058231,4.558695279807081,13.98218820486873,19.235374450683597
p102_00515.wav,3.1833200454711914,0.9517086940355012,4.499582139105242,3.4075973786784446,3.843582129574485,6.544243850178923,12.858713150024414
p102_00526.wav,2.010539293289185,0.8106419023294511,2.835705086210424,1.970714593659729,2.36019840524961,-4.577365365322329,-0.5247119665145874
p102_00532.wav,2.401956796646118,0.9069517449164866,3.7728176074830015,2.9296377032818564,3.0806608806008997,5.183137145174536,9.660894393920898
p102_00537.wav,3.2692229747772217,0.966474086377278,4.625437945590981,3.9653314383967535,3.973768880902525,13.67975242536302,16.931140899658203
p102_00542.wav,2.805887460708618,0.7827975650676164,4.119049637554397,2.9383904024212826,3.452755244015851,2.440228464347509,8.549768447875977
p102_00543.wav,2.780555725097656,0.8636296594433966,3.907049812898845,2.509316543286066,3.3130603737583626,-3.234593886639042,0.9651412963867188
p102_00552.wav,2.971235513687134,0.9360350366378508,4.238642858474049,3.001567980995746,3.5961495609745757,2.171174006438734,7.884669780731201
p102_00576.wav,3.1317360401153564,0.7148300215923471,4.449331891446356,3.1851492056321686,3.79035232400848,3.500693156465379,8.252151489257812
p102_00581.wav,3.0781795978546143,0.8760105520599877,4.557378736492845,3.2921631455171703,3.828065664138735,5.121177961725775,9.621566772460938
p102_00583.wav,3.5333070755004883,0.9175345884168312,4.651125704853756,3.839239861414832,4.096163606273005,10.720574819815056,16.495155334472656
p102_00591.wav,2.7869269847869877,0.9297232817586936,4.116673861284271,3.0844762478979417,3.446279110910617,4.714321500544135,9.304224967956545
p102_00596.wav,3.282544612884521,0.8582531618828644,4.53197885035469,3.51987032940132,3.914060312595833,7.386097659515851,13.135661125183104
p102_00616.wav,1.926541328430176,0.838437546485392,3.1721924317113537,2.320148730611405,2.501303123272404,0.8974131995645814,4.1400980949401855
p102_00618.wav,3.603997230529785,0.9915466091939736,4.81203475316023,3.85834041686406,4.223142965120841,9.993080302841785,17.484827041625977
p102_00621.wav,3.0869743824005127,0.9016651730450592,4.168895565342648,3.0141204122903256,3.6044958906024296,2.17049934521189,10.62058925628662
p102_00622.wav,2.8299782276153564,0.9068033157289194,4.460344703644788,3.5449039611796893,3.658623083952963,10.832314452124484,12.447895050048828
p102_00629.wav,1.9212429523468015,0.8879904841078925,3.297096284762997,2.0973410778441064,2.5640363822386685,-2.74266107354071,3.38645601272583
p102_00631.wav,2.555853366851806,0.8828957391950794,3.8669693563101,2.849967004712463,3.202236174062292,2.882345159325998,5.513957977294922
p102_00664.wav,3.9555492401123047,0.9366382066352456,5.0,4.038462579275379,4.541353636959684,10.031305332327294,17.479511260986328
p102_00672.wav,3.6365890502929688,0.960024767759915,4.778652173077606,3.511494060554683,4.210882324036668,4.773774171179476,1.55914568901062
p102_00679.wav,2.7293660640716557,0.7612716673559188,3.996742630532158,2.8155145273401256,3.346301790354311,1.3769044812742266,8.272796630859375
p102_00697.wav,1.8539646863937376,0.8762798831590777,3.0133759207013084,2.0193958627551845,2.3756732463435144,-2.887004980837708,6.0274176597595215
p102_00730.wav,2.5168168544769287,0.9085113046317784,4.002012186460592,3.0252273422809344,3.2595237633040344,5.5283786923473945,10.809131622314451
p102_00734.wav,2.998957395553589,0.9355421030036388,4.065251420610576,2.6556686920786894,3.4937629472974683,-2.202973554554565,1.638148069381714
p102_00741.wav,1.849205732345581,0.875260166240857,3.695799216772621,2.813806115156695,2.7698790356041982,7.244988075220111,8.892916679382324
p102_00753.wav,2.855384111404419,0.9188684647975268,4.2426963270521565,3.463102988860032,3.5546232875009824,9.717101421837814,10.504840850830078
p102_00759.wav,3.351895332336426,0.9720711785418524,4.617420162342111,3.600008358664717,4.004361472430514,7.569380980815586,11.880388259887695
p102_00763.wav,3.780540943145752,0.9612705738130412,5.0,4.271863286596413,4.448869816071444,14.474733707037776,18.290504455566406
p102_00764.wav,2.5160131454467773,0.8472902581579219,4.074489695848318,2.9938094178792607,3.2972161198070284,4.946095691045502,7.613363265991211
p102_00766.wav,2.0261483192443848,0.8009240163723101,3.261912131913517,2.0865339801757057,2.598719168570516,-3.675601642068456,1.1272526979446411
p102_00767.wav,3.436708927154541,0.958329252093537,4.475344658725276,2.966707070264212,3.930200480604843,-1.0867532520568757,-3.872353792190552
p102_00778.wav,3.869205713272095,0.8848666916934611,5.0,4.342206957285536,4.463747391989538,15.492048666504523,20.40925025939941
p102_00779.wav,3.883076906204224,0.9574791702989592,5.0,4.235735828617289,4.47036158456216,14.052895666014914,20.11264038085937
p102_00782.wav,1.9726513624191284,0.7669353410484032,3.187867480342456,1.9307978229813985,2.5237010240563973,-5.249935713525771,-2.599862098693848
p102_00785.wav,3.695946455001831,0.9664811775508826,4.9785462545695545,4.18913837671077,4.371269388240078,13.71594219016399,12.343301773071287
p102_00786.wav,3.163393020629883,0.9510557274117816,4.585129186484418,3.585831097830809,3.8935866720437655,8.753451118914013,12.246448516845703
p102_00788.wav,1.8711261749267576,0.8578873686379906,3.1471818105580263,1.7677841463204815,2.4321573835092507,-6.184517105078689,-1.3661422729492188
p102_00793.wav,2.625896453857422,0.9393092074493108,3.932030725461403,2.6964035932102446,3.255842156693448,0.5362093335099599,2.7073428630828857
p102_00812.wav,2.3096203804016118,0.9217112781880786,3.5305481528935254,2.275164387036192,2.87266219603314,-2.7059919629975244,5.410671710968018
p102_00815.wav,2.283530235290528,0.8405509027225078,3.649250364713353,2.2216452827184545,2.922662427829137,-3.538724389512304,-4.076058387756348
p102_00818.wav,3.3080320358276367,0.9624674973631742,4.612038589456353,3.725210277050763,3.980007044766016,9.868689722471604,12.385872840881348
p102_00819.wav,2.2697319984436035,0.9350415235633556,3.182518268534616,1.9074998106652692,2.6312750108562954,-6.121127139663645,-8.002756118774414
p102_00824.wav,1.91597843170166,0.8726348503457543,3.369263351712473,2.230251665208049,2.60540908989432,-0.9509135321098086,-0.3523528277873993
p102_00829.wav,3.083319187164306,0.91742919958892,4.368738974626996,3.433252766230475,3.7132355082173394,8.359903914451325,8.646798133850098
p102_00850.wav,2.4672083854675293,0.910811959599887,3.8008946037435862,2.687019471725076,3.1254813734229456,0.929475343371694,-0.2142637372016906
p102_00855.wav,3.179936647415161,0.9015953746159588,4.513877742611476,3.520578581560715,3.8579305053521153,7.969211314709442,12.844587326049805
p102_00868.wav,3.327143907546997,0.8228532477882103,4.597566745575471,3.307739489768843,3.967404092490808,3.76038395031404,7.161080360412598
p102_00870.wav,1.8634958267211916,0.8799677093676773,3.22124753456645,2.206074723164144,2.515912140716382,-1.4058446727150498,3.6702301502227774
p102_00872.wav,2.7101168632507324,0.9335166230143328,4.080824947052478,2.9652342092567614,3.392357811526132,3.285303244137097,8.833321571350098
p102_00877.wav,2.1683735847473145,0.8952818783636364,3.472197126214502,2.3889032327175794,2.7862858215312407,-0.4449683549700359,5.4504008293151855
p102_00879.wav,2.6083321571350098,0.947359189933103,4.12735337984127,2.932159205821916,3.363696480355669,3.550849682127537,7.846401214599609
p102_00881.wav,2.7691376209259038,0.9515551351447996,4.340194308563796,3.147958621946166,3.5616683018670887,5.277353039259996,-1.1611928939819336
p102_00882.wav,2.147916078567505,0.8313212330582234,3.3829077025325898,2.060714434572025,2.720245294073669,-5.002003810494365,-3.1558096408843994
p102_00885.wav,2.317067623138428,0.904058815654136,4.182786434929666,3.159140234032388,3.263590482401517,8.509305007101904,5.8431243896484375
p103_00004.wav,2.6908836364746094,0.5573087174584942,3.853306400840781,3.046791992823872,3.25813587950711,5.223813430202596,10.204715728759766
p103_00011.wav,3.667449712753296,0.7030359129337835,4.638957822290903,3.8935736453332623,4.153373178560093,10.762328567904918,16.241657257080078
p103_00012.wav,2.4711008071899414,0.7729484017515447,3.517791437779912,2.417019392867497,2.9747838937104545,-2.865909201984327,-3.538067579269409
p103_00015.wav,3.19930362701416,0.8756571004014516,4.369568924560906,3.1464824574354013,3.778413915464531,2.6549351065841704,8.540681838989258
p103_00020.wav,2.837388515472412,0.9125142257217196,4.077207141966622,3.404516626561016,3.4673556258585934,8.740322629907114,8.613380432128906
p103_00022.wav,3.1622493267059326,0.929566147681743,4.31904751985178,3.5373408155261457,3.748133914543538,8.542336767563517,11.432499885559082
p103_00030.wav,2.337669134140014,0.7773859112413215,3.588597569093441,2.5487523379722896,2.9431011743275954,0.217007818198699,2.2453296184539795
p103_00047.wav,2.617799997329712,0.922474931965104,4.459646049743824,3.40962382760457,3.561530608818773,9.836756134164103,10.187560081481934
p103_00051.wav,3.5869929790496826,0.7665861709212245,4.588393932265169,3.383623037067669,4.094069835439719,2.992662889995046,6.328068256378174
p103_00063.wav,3.721035480499268,0.8592517083471977,4.649268356211015,3.415498207687834,4.1919540265226045,2.4856460171208137,4.597618103027344
p103_00071.wav,3.657337427139282,0.9029788694650596,4.5007833444395615,3.0941723777268293,4.068122681740224,-1.3479075490182664,3.926760673522949
p103_00074.wav,1.6360599994659424,0.7073465490730236,2.8953695503131907,1.6793098602398455,2.212660963040642,-6.884717516817625,-5.411138534545898
p103_00081.wav,2.501199960708618,0.9314507822997916,3.913768123802591,2.5681644785826934,3.1959722490706324,-1.0900553751160844,-0.9522921442985536
p103_00083.wav,2.2530438899993896,0.917552762955968,3.4607912757224115,2.063513976069029,2.8206720663304288,-6.133597497098293,-8.245952606201172
p103_00090.wav,3.4370362758636475,0.8531164533117983,4.599505168381762,3.7748849647181695,4.025210724234898,10.282110708459648,15.32361125946045
p103_00094.wav,2.4740450382232666,0.8410542441367128,3.662875632605172,2.22075397357152,3.0431056944399395,-5.767655848397716,-4.950373649597168
p103_00100.wav,2.1124234199523926,0.7687240899123915,3.592692039463406,2.4511812311600183,2.8355630809219856,0.1937248297959117,3.6615524291992183
p103_00118.wav,1.447434902191162,0.8058866564947756,2.0079843441019167,1.304253693022454,1.6120523483356617,-8.594856743955946,-12.446195602416992
p103_00170.wav,1.2163081169128418,0.880036471424984,3.5973309253120207,2.9569022482352025,2.421722961410122,13.418213526613563,-0.2829244136810303
p103_00182.wav,1.473179817199707,0.3979935992326742,2.93942843543308,1.6002359896427203,2.1600873997991497,-7.245619907903992,0.1402814239263534
p103_00184.wav,3.1056060791015625,0.9231286052060872,4.27320855262905,3.1017919109603365,3.69036922716967,2.3385703017051918,7.64946174621582
p103_00191.wav,1.229214429855347,0.7997692355135075,3.419055353559397,2.40385957677884,2.318065864850385,5.487768652920627,1.6406514644622805
p103_00200.wav,2.2052273750305176,0.9422382252486584,3.7539553909388186,2.6208096334655004,2.969499176522145,1.8810312934074425,4.104272842407227
p103_00212.wav,1.7858740091323853,0.7229602987383726,3.638920943636552,3.066982982948457,2.7002021423109883,12.158148748139498,9.764532089233398
p103_00217.wav,2.287811517715454,0.7926167488314921,3.522685664437052,2.201285769889738,2.8861630007011643,-4.9656066316382494,-5.6471099853515625
p103_00221.wav,3.907229661941528,0.8029702936419915,4.935438827288515,3.7464006337524376,4.430008805166321,6.252953573050388,13.924317359924316
p103_00234.wav,3.289145231246948,0.8117395274634094,4.49939483519108,3.890719025539725,3.901851590734705,13.192938602858227,6.964529037475586
p103_00235.wav,1.6309161186218262,0.7458135561943012,2.7118584795942784,1.574093085904759,2.120513390831408,-8.593323018642714,-16.12555503845215
p103_00238.wav,3.0412371158599854,0.9408397676648178,4.25267324481901,3.4505084544446403,3.656596271531084,7.9678607195591695,13.137460708618164
p103_00245.wav,3.0267937183380127,0.6836707548005246,4.018837774683204,2.658118018581755,3.505539893910354,-3.2923718321093824,1.4485145807266235
p103_00250.wav,2.749307632446289,0.9367433641044656,3.984196611341765,2.9556125045656856,3.3698023717644845,2.582590863559619,7.059011936187744
p103_00254.wav,1.879233837127685,0.6436129673061549,3.208718101462664,2.050567570318549,2.506017957632865,-3.4822250848071703,3.46352481842041
p103_00256.wav,2.9045286178588867,0.9401961357656788,3.826041753339352,3.023464437974739,3.361289567182584,2.84321643818981,8.992424964904785
p103_00258.wav,1.3818334341049194,0.6163237084116205,3.130371879158186,2.367612533670749,2.226707051233583,4.846487823211399,7.142862319946289
p103_00259.wav,1.354411482810974,0.7547475579857373,3.4459263208627453,2.8567853282056257,2.395883096297732,11.673102387638298,12.539932250976562
p103_00281.wav,1.46140456199646,0.5463057068543353,2.5824331353981185,1.5666347102769511,1.9659010633110057,-7.222167293383029,-6.638584613800049
p103_00296.wav,3.130943775177002,0.6927055180587066,4.267088028501408,3.4022619182265985,3.6854235391685695,7.56313667724979,12.155627250671388
p103_00299.wav,3.018340349197388,0.9501850057885723,4.153339091823531,2.8104148724632387,3.5675185070563304,-0.7810122408434952,5.369658470153809
p103_00306.wav,2.352243185043335,0.7600592459495077,3.517498979728848,2.063566169709198,2.899287886358233,-6.898975177503259,0.8660891056060791
p103_00309.wav,1.497347354888916,0.6063724241895162,2.84273525666328,1.6818051147875814,2.1176914520474712,-5.8483811770829215,-1.737684726715088
p103_00310.wav,2.012736320495605,0.7293893064280796,3.801272754109263,2.801394905532786,2.8982036939496183,6.103882380982541,5.988064289093018
p103_00332.wav,3.318516492843628,0.6887108373431892,4.397326102916352,3.613192890350665,3.8599224725621553,8.8281306839692,13.444701194763184
p103_00337.wav,2.970087766647339,0.8142546932273913,4.402139787025269,3.124873811016322,3.68973537281991,3.57253827333449,-0.3336908221244812
p103_00340.wav,3.43189001083374,0.606906507702173,4.539395468021215,3.3911375722124046,3.976135417712004,4.959891192687659,7.054919242858887
p103_00343.wav,2.332838535308838,0.8086507100855277,4.188458028339199,3.6818944649960335,3.2752307139866845,16.649686021695597,17.305858612060547
p103_00349.wav,2.866523504257202,0.7406230382451141,4.408739945979035,3.606062714822304,3.6419993789165375,11.939998444911213,12.36293601989746
p103_00370.wav,3.92940354347229,0.9742159154448669,5.0,4.437860446327074,4.591417623941093,16.02298451625415,20.224721908569336
p103_00373.wav,3.5447916984558105,0.9419963516875184,4.811350118949006,3.545042092053502,4.192114527006011,5.504154717476774,9.317625045776367
p103_00380.wav,2.886954069137573,0.9158568265305056,4.047720189529579,3.21329486825251,3.4710512512661102,5.622483414344341,11.115838050842283
p103_00381.wav,4.003436088562012,0.9784536805554648,5.0,3.667154659402137,4.539673563370213,3.9476328351157353,6.334114074707031
p103_00387.wav,2.675208806991577,0.6876177570528973,4.201225963007564,3.2647965207470757,3.4389850517105955,8.113611340187367,9.379953384399414
p103_00390.wav,1.8495951890945437,0.7928231660572859,3.071500743209344,2.3084814047054616,2.431219729614796,0.4645072895030777,6.406330108642578
p103_00394.wav,2.138674259185791,0.6449116569362244,3.274761236245889,1.9525653633443236,2.6688813293897446,-6.961941541170775,-6.593980312347412
p103_00397.wav,3.1355130672454834,0.9498625224298772,4.248157534881996,3.2038716560768554,3.695315714671734,3.63023128435365,11.057100296020508
p103_00398.wav,1.9826716184616089,0.6750047442945,3.457604693126721,2.0253972226758044,2.6933987455959256,-5.164863655950141,-8.83791732788086
p103_00400.wav,2.9395880699157715,0.7936212446385018,3.687550805061934,3.0199133051508955,3.3018995152366157,2.881459388329422,6.322118759155273
p103_00407.wav,2.894641637802124,0.9268940022506812,4.090045251467911,2.88570268591281,3.4923304040945347,0.5256460470546912,3.320216178894043
p103_00418.wav,2.329243421554565,0.972534327152498,3.996582541693776,2.8407873363349414,3.168056518488575,3.761678118663976,5.652150630950928
p103_00422.wav,3.155914545059204,0.7301714433592201,4.435168710920607,3.2064210657557326,3.796854224671357,3.595862558256598,1.106622576713562
p103_00425.wav,3.4643146991729736,0.6531589291632771,4.428468164765135,2.845289652370096,3.930334133726511,-3.642824327348508,2.4058218002319336
p103_00431.wav,2.5167934894561768,0.6863149253500073,3.736995573529467,2.5293190736629656,3.106096718211638,-1.393494840565899,5.2529802322387695
p103_00452.wav,2.552087545394897,0.8559064466765657,3.5583641637604524,2.722798031430828,3.030733399250493,1.599437680041316,10.719385147094728
p103_00464.wav,3.1461021900177,0.9223209149829048,4.398986629275574,3.580697596266352,3.7802242752493553,9.332399666417295,12.233595848083496
p103_00469.wav,3.1406521797180176,0.8266896637619539,4.3892788257578825,3.639421849757592,3.775550817346336,10.177717057865976,11.342132568359377
p103_00473.wav,2.0856237411499023,0.9032238387333572,3.507155710387016,2.2273863191994465,2.779442690308875,-3.1540423469971435,2.2574706077575684
p103_00474.wav,3.8128509521484375,0.9704351044246314,5.0,3.941919849149659,4.460698392105575,9.485641724095844,13.254207611083984
p103_00475.wav,2.1336920261383057,0.9099497269871698,3.2691648109678475,2.207645268455055,2.6732162413520766,-3.2997785630712086,2.785038709640503
p103_00476.wav,2.922739028930664,0.9331639129713184,4.289385236037636,3.396392630161282,3.6129401552159743,8.09984667043641,9.38879680633545
p103_00477.wav,1.625664472579956,0.882101312838013,3.0803014441409324,1.9106068652076584,2.324510899901268,-4.239581936429468,2.5779459476470947
p103_00478.wav,3.361546039581299,0.896203149655005,4.566197030005921,3.5542972508617288,3.971738222149064,7.299708334075078,10.87314796447754
p103_00479.wav,2.5191609859466557,0.860596470384688,3.5344028806452417,2.4411586325701453,2.99869019938594,-2.467262218403236,5.550034046173096
p103_00480.wav,2.0736546516418457,0.8427274467299251,3.117205823998133,2.2140354130650213,2.5687042770793824,-2.805174572211738,1.8667426109313965
p103_00481.wav,3.5083141326904297,0.9103361532453756,4.601600831665755,3.3424271196584585,4.059808475935337,2.9843016663485824,8.538966178894043
p103_00482.wav,2.7014684677124023,0.9325420478001148,3.987616401859724,2.762445916513373,3.337855417710069,0.2976087414362176,1.2673193216323853
p103_00483.wav,3.491576671600342,0.9055044153060642,4.704447660773911,3.778512818147465,4.1129154635173295,9.575723250734589,13.896580696105955
p103_00484.wav,2.330107927322388,0.7770409350750765,3.451134229324967,2.405873435569112,2.859732996152944,-1.5021803355701118,5.055038928985596
p103_00494.wav,2.6065690517425537,0.5945406012867586,3.6118761026199615,2.4336264738858024,3.0772115618422924,-3.0665038202289843,-4.234586715698242
p103_00496.wav,2.8699910640716557,0.8083552913524484,4.125124098932577,2.7486497059601387,3.484233309824236,-0.8854334111980754,-1.6521673202514648
p103_00498.wav,3.2143197059631348,0.9613872093781908,4.494479628156998,3.556187632611537,3.8678036984531463,8.178265187512409,12.28357219696045
p103_00501.wav,3.2122905254364014,0.6122556778868236,4.154188130837892,2.5069253951413564,3.653021964078983,-6.503393969980562,-6.293150901794434
p103_00513.wav,2.460514783859253,0.8385317590568054,3.665506021444673,2.79507768042014,3.047110803293779,3.031429713186433,0.0747988820075988
p103_00516.wav,2.6398510932922363,0.9264293333340452,3.933700114086314,2.572847963185457,3.2748045340422105,-2.019270103334582,5.33425235748291
p103_00517.wav,3.698318719863892,0.7556576751117454,4.727060902516657,3.6466650235837936,4.213437229954787,6.5807869964660535,9.1353759765625
p103_00522.wav,3.482927083969116,0.7485535962598044,4.563124409709225,3.365667209219,4.025403875588034,3.6533284793906993,7.007307052612305
p103_00525.wav,2.353280544281006,0.6939976466946098,3.665455345615873,2.3286674470444395,2.985041625874246,-3.210467718769444,2.2227213382720947
p103_00534.wav,3.0335135459899902,0.8840633757950734,4.312246846576238,3.407221343193772,3.677864193600048,7.536485551963015,8.988981246948242
p103_00539.wav,3.586859703063965,0.8452290712491877,4.733188732689372,3.5975473319751474,4.163877479347605,6.484935624438844,1.4128997325897217
p103_00545.wav,2.4635918140411377,0.8296059226272599,4.292360731435517,3.7915356922006898,3.396959106535024,17.221561419175167,10.141310691833496
p103_00551.wav,2.718089818954468,0.9067915567916396,3.710112345558465,2.808066332708809,3.206385308339837,0.9742981968958982,7.046947002410889
p103_00554.wav,1.931312084197998,0.6652111625711099,3.187711603056793,2.030080231516746,2.51846120713078,-4.052655141910722,5.462572574615479
p103_00578.wav,2.377347469329834,0.8777674614945076,3.8414648454191633,2.9122617718449737,3.0976478302527624,5.303021050952441,9.459156036376951
p103_00580.wav,3.017503023147583,0.7723001909630135,4.047561831160845,2.740097622209454,3.522033506133848,-2.224309500123858,-2.8950304985046387
p103_00590.wav,2.13103985786438,0.9234800062192328,3.3687824901431696,2.1125628064720767,2.7114943994366687,-4.350539531041705,-2.21877121925354
p103_00595.wav,2.3949663639068604,0.8224018969044101,3.442497499156311,2.2324928489994447,2.897950829890025,-5.176545452725463,-7.426882743835449
p103_00603.wav,2.833085775375366,0.8235811836347058,3.9638330255424976,2.847137916649785,3.393682299984257,0.5904944822440799,3.0348386764526367
p103_00610.wav,2.5251827239990234,0.8881962464217578,4.110427586119696,3.035881878888621,3.325188300967995,5.303767318480176,8.315059661865234
p103_00612.wav,1.8959720134735107,0.6972893134137131,3.578988654617272,2.920576136898253,2.731837789950707,8.740673583474647,9.97552490234375
p103_00623.wav,3.329168796539306,0.8932441123208192,4.469094729416621,3.6732177185276496,3.9056093389043016,9.497505209483236,10.80742359161377
p103_00626.wav,2.948960781097412,0.930971448701105,4.083036765012403,2.8179047540781097,3.512008622005216,-0.7747867181132625,1.3600958585739136
p103_00633.wav,3.161855936050415,0.851881548685424,4.397194869188858,3.394371982067848,3.781045998090844,6.530331628472536,9.052736282348633
p103_00639.wav,2.235456943511963,0.829176221299048,3.4089522290255525,2.475641906263602,2.796526835430315,0.0776488448759796,5.307103157043457
p103_00642.wav,3.2781078815460205,0.629869353023377,4.5380182265195685,3.906382409901755,3.908018199136405,13.854771381893698,3.858506917953491
p103_00647.wav,2.9932236671447754,0.8593070329274629,4.341533672080931,3.195701336549928,3.671384019531304,4.515886366749852,7.426352977752685
p103_00648.wav,2.327958583831787,0.7388790678653343,3.604633815759155,2.3078650637978684,2.937290131490073,-3.1413821778985462,2.299086809158325
p103_00663.wav,3.136715173721313,0.9799803894667676,4.560747849739987,3.3067860703073,3.869404265251677,4.463996070509115,-3.83778715133667
p103_00666.wav,2.78689956665039,0.8966633760841602,4.0415087201984745,3.068176098086337,3.4112050927918696,4.352708391413473,9.074714660644531
p103_00667.wav,2.962506055831909,0.9094059993427256,4.264661852819747,3.2060512402470605,3.617215736260925,4.931202422843269,5.707743644714356
p103_00673.wav,2.2408552169799805,0.7804320620399021,3.635241053666242,2.6793820406007183,2.925126595242784,2.6855920454415814,3.554281234741211
p103_00674.wav,2.383071184158325,0.9001673451714053,3.449503742879162,2.624657633529926,2.897836196002753,1.0325422555261043,8.140811920166016
p103_00676.wav,2.3505334854125977,0.8279093932350304,3.7752770145854457,2.5113431560323445,3.054941946036488,-1.023306670404078,-1.2207125425338743
p103_00693.wav,2.9616594314575195,0.8420616824152264,4.231097998687433,3.1883140787586868,3.593335417000826,4.953589297396434,8.240107536315918
p103_00698.wav,3.315357446670532,0.92902284422936,4.604316519574131,3.822222762595361,3.9763239983516496,11.508952852471603,15.310126304626465
p103_00708.wav,2.511107921600342,0.8026209630072528,3.467424966864817,2.11317775847318,2.9528640888268485,-7.24064049990418,-9.67031478881836
p103_00714.wav,3.0510594844818115,0.9467490280043864,4.222510711952907,2.998202807904839,3.634682317020789,1.2366824308665954,4.225813388824463
p103_00731.wav,3.3696706295013428,0.9647371845447754,4.565524727047533,3.3069105859779,3.973810639927517,3.386003060129598,8.08027458190918
p103_00732.wav,1.9872716665267944,0.8801732641466024,3.240098045964054,2.4256102441723653,2.591931824645345,0.9574156844467898,6.43706750869751
p103_00736.wav,3.0679447650909424,0.6341377380135855,4.207617454022348,3.4357222717579563,3.6293290031587135,8.338355535482146,14.08739185333252
p103_00748.wav,2.569643974304199,0.885973214068838,4.350570869902704,3.424746438745532,3.477711423286036,10.672578481754115,8.854887008666992
p103_00752.wav,1.860135793685913,0.8944166782939326,2.988633901121399,1.7958663503268175,2.365265971554501,-6.428489799592742,-10.504021644592283
p103_00765.wav,3.2061150074005127,0.9682801681629616,4.401829248677608,3.4081091696794497,3.812119125802399,6.129807831036393,10.872486114501951
p103_00769.wav,3.118579149246216,0.9442541839725974,4.346446249026044,3.4487116374382336,3.7374537456702672,7.566483256609833,13.36213207244873
p103_00787.wav,3.00817608833313,0.6628842688846269,4.234310157775885,3.600529562775968,3.623293431362444,10.929168526887782,13.864026069641112
p103_00791.wav,2.5947108268737797,0.7141476234569734,3.465822666721054,2.3682127922984155,3.00986840255617,-4.513447964917568,-0.0118613429367542
p103_00792.wav,3.176576614379883,0.9802696610184252,4.384483375784015,3.1898635264839927,3.776427045512756,3.42482459622443,7.004851818084717
p103_00799.wav,2.720590829849243,0.8869821261363522,3.882505575576746,2.4993907985388857,3.2755045475539726,-3.1546861097907763,-1.5572118759155271
p103_00804.wav,3.605947256088257,0.7421798576328734,4.700931157921412,3.556820823136083,4.161755874239686,5.504634935785637,9.840553283691406
p103_00805.wav,2.1870062351226807,0.7763750602784476,3.40163820090855,2.826696421934766,2.7730416549922947,5.8140009281583405,9.326664924621582
p103_00806.wav,1.694589614868164,0.8533344511103992,3.225617001845274,1.9495163320135849,2.437467514431108,-4.40254511479921,0.552514910697937
p103_00828.wav,1.0727180242538452,0.811537570824517,3.223101576907206,2.439267598470049,2.137024379144515,7.436133475695999,7.333688259124756
p103_00833.wav,1.883100271224976,0.7400767301413016,3.298444912367429,2.387266688686371,2.5706066828663467,1.040206873817794,7.154942035675049
p103_00834.wav,2.765021800994873,0.6943960914635466,4.05839661645041,3.045060202008895,3.3986705841490163,4.587523495892296,12.024888038635254
p103_00840.wav,2.554076194763184,0.7357798658599595,3.815458570637405,3.142429657851568,3.1680307632070366,7.876368361352521,10.355993270874023
p103_00844.wav,3.5709853172302246,0.931254725348585,4.863459573588049,4.219351300862229,4.249873519334306,15.189061065365376,14.390889167785645
p103_00854.wav,3.691292524337769,0.882711534888209,4.544884508405133,3.2016945258730503,4.106512703691468,0.131987209294264,4.481215000152588
p103_00858.wav,2.8794195652008057,0.7427272723853647,4.071238506404208,3.065093681215989,3.459964654764928,4.163665929881304,9.238553047180176
p103_00859.wav,3.2127652168273926,0.835980960807472,4.603820286869331,3.903598363806767,3.923524491383675,13.61194420913246,13.369484901428224
p103_00875.wav,2.1113924980163574,0.9068728206632344,3.367902617957735,2.0930431625599173,2.710477099778685,-4.922892724435613,-6.393592357635498
p103_00883.wav,2.6439805030822754,0.75325430567741,4.032424079554205,2.9206620599519,3.3319267639872505,3.209652668144182,5.245587348937988
p104_00002.wav,2.034279584884644,0.7710235644262982,3.0115676638865323,1.943329780183617,2.4871174225807504,-6.4005773131101416,-6.012217998504639
p104_00014.wav,3.0589640140533447,0.9013624810229788,4.030513811355653,3.0617119223511846,3.5322794008244043,2.6633788313154407,4.668460845947266
p104_00027.wav,2.5219955444335938,0.9160517359645926,3.6380905573167968,2.2669791442861693,3.0411147697173626,-4.786553278685256,-4.02464771270752
p104_00029.wav,2.7002851963043213,0.8911808642597373,3.9192619980275896,3.1323369651166515,3.306306631785628,6.043058569742274,11.311250686645508
p104_00050.wav,2.020317792892456,0.7104513217962387,2.9299266414697227,1.842303640023581,2.41147398801005,-6.665855239930571,-1.3832643032073977
p104_00059.wav,3.138791799545288,0.8294522743391995,4.070617516609053,3.166908988984489,3.594013411209669,3.662757721588384,11.53022575378418
p104_00070.wav,1.9807254076004028,0.866471774977891,3.200373329930738,2.18124008033634,2.5580325028026625,-2.3947423883521903,0.4846089780330658
p104_00088.wav,1.8948447704315183,0.6627663275576601,2.99497009818925,2.054782891018869,2.3923065824202445,-2.8623146253521283,4.4007978439331055
p104_00091.wav,3.704534530639648,0.7745252091002248,4.755305195087727,3.649300287964659,4.235200815054267,6.374048377490623,12.240371704101562
p104_00093.wav,3.5786149501800537,0.9651580560275436,4.776035317715969,3.9788907427603033,4.1974479278677945,11.877350282345263,17.512739181518555
p104_00096.wav,1.631117820739746,0.7473960441482645,2.921459531564325,1.770983356720107,2.227004366818215,-5.562039577838087,-0.0592213422060012
p104_00107.wav,2.3678231239318848,0.8139647167915905,3.877289572325288,2.855331679252528,3.1165742932012983,4.2112172921717645,9.126214027404783
p104_00112.wav,2.437711715698242,0.8954017438847379,3.703812106605312,2.471726946193825,3.051666539534992,-1.7963937359246842,1.6327617168426514
p104_00120.wav,3.2437403202056885,0.5885927265164566,4.289418492329044,2.813575241053025,3.751326580389752,-2.5414748374561675,-3.712174892425537
p104_00122.wav,2.429518938064575,0.8621988192730617,3.5858217930896954,2.536392970536762,2.9863012085472085,-0.5967690303837433,6.180239200592041
p104_00124.wav,2.014803171157837,0.8793795954536621,3.905620813623389,3.101580606524545,2.960457233524592,10.443773080582051,9.221271514892578
p104_00131.wav,1.7952938079833984,0.8554665064454275,3.0222409942470274,1.769129374562519,2.349415727416245,-6.368435542476031,-7.374654769897461
p104_00147.wav,1.5333369970321655,0.2673668538272478,2.8905579779637973,1.632653715090791,2.164709667298249,-7.124104159518613,-2.1643259525299072
p104_00151.wav,2.2449190616607666,0.9030158094613884,3.8660757461118247,3.28529477807175,3.0638891506789787,11.309556586347885,9.642112731933594
p104_00162.wav,3.3747684955596924,0.9563712169667518,4.464272620312891,3.130554619808664,3.918095801991585,0.8964873887343147,7.304512023925781
p104_00163.wav,1.8641512393951416,0.8361163979430957,3.4153115344108222,2.2237651840415125,2.6160874101449543,-1.274697573233223,-6.818928718566895
p104_00176.wav,1.5863518714904783,0.8454540156209102,2.8117054256063048,1.970695325343719,2.1406798695953557,-1.651027579397678,2.9026265144348145
p104_00179.wav,3.0012924671173096,0.7433493971844624,3.82958763454456,2.465137170871446,3.383185427955052,-5.487443760917548,-2.93799901008606
p104_00183.wav,3.3290281295776367,0.96738801436443,4.6693961562541535,3.663944654850754,4.015185523932816,8.911532764027656,11.725515365600586
p104_00185.wav,3.555584192276001,0.9547541755233114,4.798457134927936,3.9179034649462303,4.199320670116215,10.980675378654968,11.20322608947754
p104_00186.wav,1.4038000106811523,0.7599983454328414,3.019448756380667,2.068834508331456,2.161217954461822,0.8797090436497881,0.625112771987915
p104_00188.wav,3.4286794662475586,0.8565632644179609,4.433105125967607,3.2058238751122765,3.929759312449103,1.6844729762805917,5.702881336212158
p104_00197.wav,3.2382798194885254,0.8633548602935626,4.312389122968212,3.164878212576182,3.7676115909239583,2.7407773747348334,9.57542610168457
p104_00201.wav,2.2112245559692383,0.7183977458143622,3.3026245663200258,2.475952156939803,2.7266735758667457,0.4740051786410449,9.200342178344728
p104_00202.wav,3.031351089477539,0.7945136350590265,3.821503251919472,2.481751666136892,3.39544671420592,-5.500483231202304,-3.710833549499512
p104_00205.wav,2.8694870471954346,0.8518518397629838,3.889062854839443,2.6096481329967256,3.3595910590247176,-2.7826258296017987,-0.1927746683359146
p104_00210.wav,3.2680211067199707,0.9008975799723286,4.369101654846136,3.5034593636624582,3.819440850715696,7.510848858748828,13.808160781860352
p104_00213.wav,2.385910987854004,0.7072986266570004,3.467828270912497,2.21658008480576,2.883775902828124,-4.3820416312126405,-4.2244954109191895
p104_00219.wav,2.266385555267334,0.8519888178533971,3.403724823841774,2.073253366740025,2.798512021230409,-6.058089832609579,-2.464656114578247
p104_00226.wav,3.1920087337493896,0.8855380092796143,4.211015185593757,3.153476132916324,3.692947604159304,2.9486687270382195,12.140289306640623
p104_00229.wav,1.8517329692840576,0.8323232793900127,2.981364898960241,1.9087713395385149,2.361409420984526,-4.748979495049633,4.545103073120117
p104_00230.wav,2.8769311904907227,0.8998216685097287,4.024677137062733,3.341113597616322,3.4527613610229,7.805081299938856,12.15522575378418
p104_00241.wav,2.143101692199707,0.926365697999204,3.324093676274747,2.2519225065553097,2.7150909614594383,-3.0997940781029683,-3.30338716506958
p104_00249.wav,2.9066200256347656,0.8893279225343532,3.867746815751951,2.5481813601021357,3.3597378327548006,-3.687650022387543,0.2576519548892975
p104_00257.wav,2.517796516418457,0.8717723758161393,4.003150586042734,3.1708549097540355,3.258188125782315,7.938093739156467,10.355169296264648
p104_00261.wav,1.6527613401412964,0.8864321367369261,3.038264056154444,2.1200835767922115,2.313895768713485,-0.9711593516728,4.988656520843506
p104_00263.wav,2.127363443374634,0.7863602206434649,3.2638881412335,2.285307921904507,2.657121807241299,-1.5663930678239495,5.348306655883789
p104_00264.wav,2.356610059738159,0.8977761310607926,3.5733277361294724,2.84181241769495,2.95213796545317,4.413542261129948,10.005764961242676
p104_00269.wav,3.4911417961120605,0.9519763532631992,4.70007480999477,4.024328209195989,4.116826233782684,13.203010351926874,18.52250289916992
p104_00272.wav,1.6386078596115112,0.8371509569795695,2.7349556011436627,1.5247406505195318,2.1116773995825167,-8.368274046318405,-12.102691650390623
p104_00276.wav,2.5384113788604736,0.9583180868543546,3.821363928136587,2.5123919149971043,3.170283472497481,-2.3236846553780763,-4.095957279205322
p104_00282.wav,1.6328998804092407,0.8461700071707573,2.725365334432612,1.6178835842060717,2.1222927370152957,-7.651444157209567,-9.693931579589844
p104_00284.wav,2.1925594806671143,0.8835752830809187,3.600030959040757,2.2591608694116183,2.8731707199985195,-3.17541373158819,2.168790340423584
p104_00285.wav,2.448816299438477,0.8896409359327557,3.842058998900557,2.90113547083977,3.135702933878352,4.510569531890004,4.510466575622559
p104_00288.wav,3.061030387878418,0.902546395982022,4.290841208607281,3.3629036457986534,3.6792415889791754,6.706502464180527,10.971227645874023
p104_00292.wav,1.8897027969360352,0.8002594836994055,2.7320530939726138,1.7546706139184516,2.251642229914493,-7.267643100060155,-6.808719635009766
p104_00297.wav,3.923077583312988,0.9641505693266352,5.0,4.326122143208819,4.582932648022715,14.134798719593586,15.476699829101562
p104_00302.wav,1.7525125741958618,0.8673385475993488,2.820403487623037,1.9277337838922903,2.228290819856468,-3.566250638196814,1.3047707080841064
p104_00303.wav,1.5943269729614258,0.8109557259102153,2.8121379452084425,1.6382901560047705,2.1491534344607266,-7.174232803239839,-9.838109970092772
p104_00308.wav,2.1554434299468994,0.8903268721643923,3.9141540273572337,2.9910008953446514,3.030969607445174,7.830824396358245,8.409784317016602
p104_00318.wav,2.6719207763671875,0.9304742222034872,3.9054207222014954,2.9157936253680035,3.281745450421464,2.968719915664117,4.244064331054688
p104_00344.wav,2.6369452476501465,0.9233407925944912,3.7350997965946,3.007652493050505,3.1811783258551194,4.611056286464683,7.747916221618652
p104_00348.wav,3.184648036956787,0.9373528527050248,4.503453025771375,3.903269502049039,3.863363458009173,13.644837235622656,14.181719779968262
p104_00356.wav,2.1436305046081543,0.9000223535233538,3.1832835200941365,1.860306599735116,2.593067239931923,-7.018823506976539,-11.811922073364258
p104_00357.wav,1.6319397687911987,0.8592313418161431,2.9290241392461773,1.903464269299276,2.229621624195976,-3.3965962293005525,2.492339372634888
p104_00358.wav,3.222065687179565,0.952283921647775,4.479948140827159,3.277463411145944,3.855767899006678,4.079354806964349,5.700309753417969
p104_00359.wav,3.189378499984741,0.9444145993481996,4.505787985813754,3.340885885116354,3.8647523085901057,4.777463131680789,5.897206783294678
p104_00360.wav,3.0318965911865234,0.9471329134995894,4.16900008497912,3.253430064216673,3.608662810670784,4.980270582750533,8.35011100769043
p104_00361.wav,2.36531662940979,0.9208144813142533,3.707347503425378,2.5508755837088075,3.029932269395323,-0.5663533981885464,6.039973258972168
p104_00362.wav,3.073066711425781,0.9716680353964224,4.4365207398811926,3.7035716758781305,3.774779393104046,11.274747093559162,14.727269172668455
p104_00363.wav,1.9266880750656128,0.8864021569741363,3.11078773672346,2.2531275271389664,2.483623449781171,-0.7314581438421822,3.279736995697021
p104_00364.wav,2.26094651222229,0.9201229724759222,3.375362770696672,2.032901989535421,2.7764680645866724,-6.428860173942393,-6.956057548522949
p104_00365.wav,3.6970303058624263,0.984768141661336,4.878390348709655,3.5484006809175432,4.304592392811644,4.303452616640228,5.519562244415283
p104_00366.wav,2.9320027828216557,0.9570339603360368,4.285627825908585,3.240691064886072,3.614021152805137,5.634209522554116,7.768153190612793
p104_00367.wav,2.010973691940308,0.9486737921101412,3.558293050655663,2.762733129377673,2.7843823381175805,5.1525039561564006,6.04542350769043
p104_00372.wav,2.314026117324829,0.9280968079982624,3.4082945788452284,2.3790476844935062,2.8250189018678507,-1.5734421930073796,3.5689499378204346
p104_00378.wav,3.481865882873535,0.9561932491372026,4.706411539494159,3.599031807940577,4.106146269900581,6.925746117515727,11.31985092163086
p104_00386.wav,2.398123025894165,0.8760647282386715,3.4755969707632595,2.563936154004299,2.8963667511884457,0.9261554456360834,8.718955993652344
p104_00406.wav,3.6519851684570312,0.8432606198899871,4.699155972374762,4.085720405486159,4.192441727655456,13.18392084837886,16.97087287902832
p104_00410.wav,2.504422664642334,0.7736350540074419,3.503188822020988,2.4765135671896856,2.970346013387851,-1.5576224879117944,8.24191665649414
p104_00412.wav,3.3697221279144287,0.784738692213322,4.580510548942477,3.382257740726169,3.979246233674145,4.671784046838919,6.051459312438965
p104_00415.wav,3.210946083068848,0.9141977130790204,4.380987595213925,3.567316807848176,3.8050458126147273,8.582484150782422,12.475394248962402
p104_00423.wav,3.084127902984619,0.8644348032677662,4.219744679602869,3.501925181061477,3.6540871713074408,8.801493092798204,15.697102546691896
p104_00430.wav,2.25138258934021,0.9197274743993656,3.478616897981364,2.5198812910732675,2.839037967131357,0.6675691889838434,3.3488712310791016
p104_00433.wav,2.4976115226745605,0.7600290539818498,3.645806614766912,2.8352194374143567,3.0512285324310406,3.5991919703408164,11.821613311767578
p104_00434.wav,2.0226848125457764,0.953707243710423,3.201923865924788,2.0898001891418194,2.584055398693799,-4.343555980604905,-2.526869773864746
p104_00449.wav,1.501756191253662,0.8086664110274923,2.63031595608239,1.8238287432745293,1.989200057311576,-2.5249484976828365,0.5543882250785828
p104_00450.wav,1.627514123916626,0.8687103916280193,2.805857401548625,1.5683761438123764,2.1517631575281637,-8.050089567116428,-12.5040922164917
p104_00465.wav,1.982834815979004,0.7729598188316351,3.050970974654768,2.242638525584772,2.4710224751325707,-0.8309286120500754,8.232745170593262
p104_00491.wav,2.7527174949646,0.9204500084116845,4.451383247167741,3.661996009780391,3.621744087243077,12.986596499836734,10.861169815063477
p104_00492.wav,3.4503605365753174,0.973584023498736,4.70541577187818,3.987326907748475,4.102695697690449,12.75745997936533,14.753206253051758
p104_00495.wav,3.78762149810791,0.9675585620865844,5.0,4.1625850354704514,4.477776559969071,12.696795668412191,14.947097778320312
p104_00497.wav,3.085554361343384,0.8505148038259498,4.246021029995349,3.522540572552787,3.667991288610589,9.113075407925631,12.12221622467041
p104_00499.wav,3.069070816040039,0.8894917926848431,4.275251943070505,3.539045447763216,3.6730182315262025,9.55272454271044,12.347407341003418
p104_00503.wav,1.669912338256836,0.709314573010788,2.503585874756952,1.8235819062965564,2.007244456589453,-3.6367899266442487,4.834265232086182
p104_00504.wav,3.0568923950195312,0.9111347494110495,4.1764243593430095,2.778664274930057,3.607557414238684,-1.9777695186264417,-1.1232593059539795
p104_00507.wav,2.284497737884521,0.8278339890883745,3.409296144883977,2.44766828372054,2.8205170987383656,-0.6968396253585694,5.294316291809082
p104_00508.wav,3.376979351043701,0.8260381556953503,4.252228095846538,3.272566802894206,3.808716154250554,3.353683692356285,9.930586814880373
p104_00509.wav,2.4899518489837646,0.7175322616341813,3.5675079480619805,2.6039292105000795,2.9885241589571496,0.8618150241660176,9.220755577087402
p104_00510.wav,3.353336811065674,0.9519274791998418,4.6281847268228935,3.5483467539251747,4.003819789067109,7.030341268812957,10.9766845703125
p104_00518.wav,2.475529193878174,0.8538862977203904,3.751682516355025,2.465957879753453,3.0833653947261865,-1.6807078735150862,2.800943374633789
p104_00520.wav,3.056133508682251,0.8399320027227677,3.8893296715567214,2.572165413006755,3.4446459300617414,-4.382757292334592,-0.6217765212059021
p104_00529.wav,2.690175294876098,0.9043884978345492,3.918924062928261,3.13084077205088,3.296863814609849,6.279721775219998,11.691941261291504
p104_00531.wav,3.2540106773376465,0.7053342235148027,4.258737938721429,3.2019067940874657,3.743434090898945,3.448233173063272,8.11067008972168
p104_00535.wav,1.6224780082702637,0.8050227786192184,3.279077197668606,2.473706968778567,2.422377046431102,4.6975666057316925,6.5810065269470215
p104_00541.wav,2.8412795066833496,0.8160472334987497,3.903467079561148,3.1178258538739305,3.362796639655952,5.044678214763992,5.865692138671875
p104_00544.wav,2.631563901901245,0.8541321146585967,3.9792524882827034,2.6338562611829315,3.2932175146787097,-0.9850200904800356,3.9661383628845215
p104_00555.wav,2.227999687194824,0.9263707893601328,3.690324048412676,3.022994942016503,2.950043219778788,8.06104343657965,8.913777351379395
p104_00588.wav,3.555734634399414,0.7554672132749457,4.536373252821544,2.98556254233887,4.037656719109655,-2.438949057105708,3.765838146209717
p104_00594.wav,2.451145887374878,0.8907726255011923,3.697188949723367,2.9085648749769883,3.059919224278555,4.825698060907982,8.961292266845703
p104_00598.wav,2.0970277786254883,0.91903335002627,3.2536888214527018,2.0572326710942934,2.6408039058255564,-5.136028955582874,-0.1658994108438491
p104_00624.wav,2.869609832763672,0.8582815405417403,4.0193207848654025,3.2161196798597165,3.433311541628657,6.453229130082026,11.362525939941406
p104_00634.wav,2.9295711517333984,0.903406944899236,3.901085022166768,2.500469987068604,3.391844084828461,-4.792202363428012,-4.1962504386901855
p104_00640.wav,1.5853219032287598,0.6784104409603618,2.6614396612758364,1.5407875004255187,2.0575699265636422,-8.122514675361849,-13.25765609741211
p104_00641.wav,3.516021013259888,0.7891335755197867,4.529137098133359,3.787685973542369,4.027126887080984,10.01622783193002,17.249656677246094
p104_00652.wav,1.9529364109039309,0.8663850733805744,3.1252119323275043,2.172485134134745,2.502446543028806,-2.139783256021836,4.370254039764404
p104_00662.wav,2.9272289276123047,0.9545227210716108,4.03375592919986,3.1708709584826686,3.4840534947177386,4.660559084303081,8.00749683380127
p104_00669.wav,3.210487127304077,0.8484864374916452,4.330877658395567,3.330160202704843,3.7718369541405816,5.175981744957207,9.892273902893066
p104_00670.wav,2.2585537433624268,0.8107141242799892,3.374639978318707,2.4346083729774337,2.782861352038956,-0.3851765796644669,6.780860900878906
p104_00671.wav,1.9218065738677976,0.734021511535745,3.0224438794235207,1.9113894608042443,2.423883043097762,-5.532049991115466,1.0494145154953003
p104_00677.wav,3.116333246231079,0.7690528389352151,4.300560952170042,2.8018400633305904,3.696509788217175,-1.936213703882876,-4.340911388397217
p104_00680.wav,3.3973116874694824,0.8957705899229719,4.470845366322656,3.509301047539775,3.935102563997419,6.633629708162857,12.920730590820312
p104_00690.wav,2.473869562149048,0.6724784569692926,3.5687808549599094,2.354300077241813,2.989430373283376,-3.348356194731644,3.3468942642211914
p104_00701.wav,1.1895053386688232,0.7062022892013847,2.9027147853164843,2.369607606321618,2.0062598962218807,6.780321962241521,7.281915664672852
p104_00703.wav,1.412810206413269,0.7963491068640444,2.493211012321945,1.4915529843329545,1.864267640962598,-6.604478537330417,-2.5995874404907227
p104_00705.wav,1.8423373699188232,0.6878856592732137,2.7095773798911296,1.818227508207365,2.2082252016344865,-5.533037048923395,5.451883316040039
p104_00707.wav,3.5490036010742188,0.9588864492203716,4.855331447059649,4.080317904025589,4.225361076731288,13.561714895912582,16.468957901000977
p104_00711.wav,3.532578706741333,0.9397933433372592,4.725645154345107,3.900790639969902,4.1420183815732905,11.300225784698515,16.159530639648438
p104_00712.wav,3.2480382919311523,0.960169348645866,4.403697472538224,3.4833656628585303,3.832738741013474,7.071467163989892,11.18172550201416
p104_00713.wav,1.5768579244613647,0.7902491462021283,2.780761578876154,1.7488966463473523,2.1040101148998334,-4.37356280295431,0.3316085934638977
p104_00718.wav,2.024137258529663,0.8743518039900028,3.2620256181403597,2.359416400536513,2.611408519793432,0.0697878536490095,4.790727615356445
p104_00749.wav,3.257214307785034,0.8957889700695101,4.461316951384903,3.4550158678421194,3.863793209705291,6.650931440585128,6.470911026000977
p104_00750.wav,2.152143955230713,0.8358026619488707,3.263147214696127,2.148532443973193,2.6599612679936686,-3.515472417961497,5.534247398376465
p104_00761.wav,2.6675853729248047,0.8725264260728959,3.808322460079285,2.9864307089160955,3.223570940675499,4.460861270004881,8.45771598815918
p104_00771.wav,2.2862370014190674,0.837368548028927,3.437022556783716,2.705160038696181,2.848319052822074,2.798733963448197,9.253793716430664
p104_00772.wav,2.0912070274353027,0.82899541451082,3.0683283048380923,1.9128219974336909,2.5212795608579865,-6.3110322760531,-7.575181007385254
p104_00775.wav,2.650329113006592,0.8885653903180208,3.7840299134847073,2.5359503574212194,3.19233324576612,-2.098863481780663,1.8519046306610107
p104_00790.wav,2.048337936401367,0.88026893398278,3.183310973904982,1.9735950058702405,2.5715771189924084,-5.670241854091557,-7.2010416984558105
p104_00794.wav,1.9299707412719729,0.8401127548092343,3.137935096294119,2.4754290576680757,2.5089584306406225,2.324166590160107,6.523995399475098
p104_00797.wav,2.226742744445801,0.7446483091557327,3.207385000963523,1.9587245106925264,2.6700503958085933,-7.101569104540314,-9.489109992980955
p104_00809.wav,3.43147087097168,0.9246955651368882,4.55637146279431,3.7996236535190446,4.00366024179922,10.597089845294873,15.257575988769531
p104_00814.wav,1.721695899963379,0.854950383185617,2.7335959482967147,1.7693710748267382,2.167211671740705,-5.743694349711364,-2.0491387844085693
p104_00823.wav,2.299276828765869,0.907976299779442,4.134056688446696,3.2436397618042045,3.226392832865428,10.160353200618712,9.266403198242188
p104_00825.wav,2.804962158203125,0.950843235173242,4.167424930629413,3.5307454692446383,3.4985340658958832,10.872658232824069,7.376927852630615
p104_00827.wav,2.559833526611328,0.9090349548081016,4.283671518212776,3.316500138433341,3.4280936400828805,9.530065502957836,10.174549102783203
p104_00830.wav,1.977076292037964,0.8116683573772574,2.9938384200636188,1.780960141895565,2.428806251037444,-7.636062750072702,-11.402935028076172
p104_00832.wav,2.873474359512329,0.7588846502729982,4.101566734346482,2.672208839758388,3.4688800085018574,-1.8876957956256528,-0.4779102206230163
p104_00856.wav,3.617723226547241,0.8855327753503753,4.759431861562099,3.867542096342782,4.202037625700378,10.117070573127132,16.189624786376953
p104_00860.wav,3.229128360748291,0.733271185073411,4.242855833859255,3.3395477408491008,3.7300862934879193,5.508126879567753,12.809847831726074
p104_00862.wav,2.746284484863281,0.7562167865095931,3.815612333329408,2.850734167218441,3.2634862001939524,1.8619376272160943,7.939390182495117
p104_00864.wav,1.6437742710113523,0.7903039638968231,2.832177461951433,1.9807685547187648,2.190417857921456,-2.391877632093105,3.847410202026367
p104_00866.wav,3.1277379989624023,0.9265677099286485,4.175884627715921,2.9713868924815765,3.648373814902991,0.3098211395806822,2.923758029937744
p104_00871.wav,2.5101466178894043,0.9157414661940346,3.7555241280410936,2.410590896724236,3.111117130540287,-3.190521380279184,-4.539927959442139
p104_00874.wav,2.2865707874298096,0.8579606688882181,3.5693771847349938,2.4525631729553394,2.906880018065104,-0.8844447787265782,2.2475602626800537
p105_00008.wav,1.5590577125549316,0.6901594624139374,3.3958731846124173,2.180860345918548,2.4560069445773105,0.198160228948206,0.418648362159729
p105_00018.wav,3.227547168731689,0.942438309309752,4.4478408219888745,3.522874331533825,3.852199123214309,7.508494515348778,12.370498657226562
p105_00021.wav,3.3123481273651123,0.9278645022051044,4.718765585547367,3.769911899035918,4.03517954561611,10.55039003973812,11.275945663452148
p105_00023.wav,2.1175222396850586,0.6548657437086073,3.886610943996591,3.204845910621777,2.997273022474853,11.550054825927647,11.95677661895752
p105_00025.wav,1.6230731010437012,0.8051858400841202,2.975385947096312,2.3155079404658783,2.2553282217456183,2.897542833436408,3.6208531856536874
p105_00034.wav,2.4159975051879883,0.7953885409260598,3.659097720086572,2.3146010901808243,3.0066877488455117,-3.607333570800743,-6.377121925354004
p105_00035.wav,1.5379559993743896,0.6823992433358815,3.4453741278484604,2.1955932478366464,2.475384944638503,0.3540511183432563,2.7358241081237797
p105_00038.wav,2.862454652786255,0.6557192229037616,4.357632488109799,3.34958485028802,3.6073411125995225,8.215876145966092,10.052091598510742
p105_00042.wav,2.1541597843170166,0.6014859856107723,3.873870402305882,3.0833638526613525,3.0040129024566,9.582653605194352,9.879232406616213
p105_00046.wav,2.906179428100586,0.8828585649000136,4.18512493324091,2.7432041756439767,3.5221093843653937,-0.7947299034848004,-1.179721474647522
p105_00048.wav,2.8807077407836914,0.6019277053258354,4.277597098132948,3.2225976299587047,3.5736886160964616,6.195936864722289,8.284961700439453
p105_00052.wav,3.132700204849243,0.6876620381247683,4.373176591651622,2.962653938844977,3.74299891284942,0.3999913791557851,5.459332466125488
p105_00053.wav,2.443363666534424,0.7786959320830746,3.616817391205599,2.672950264501132,3.0109583602667125,1.3669139779442363,5.511507034301758
p105_00055.wav,2.1022422313690186,0.8079039978803029,3.5608712795502058,2.3457317743744333,2.809456036612876,-1.1766805048134252,6.065509796142578
p105_00057.wav,2.939548254013061,0.6062149770815978,4.05991912227211,2.503328073098968,3.4739093148509506,-4.734240203568268,-2.3164703845977783
p105_00066.wav,3.2395694255828857,0.9452910260833842,4.628036795564667,3.874520857882459,3.952440934355589,12.800227224283924,16.276277542114258
p105_00067.wav,2.742216110229492,0.4690880095075054,3.833062935635018,2.072239242903501,3.229829868078334,-8.68934295296729,-10.467056274414062
p105_00079.wav,3.344857931137085,0.8552168313878938,4.5244461743403335,3.02777711238162,3.9250034511678336,-0.1586102485006937,-0.1598978638648986
p105_00080.wav,1.2426888942718506,0.6981557964956236,2.9576317593768158,1.6185246421467805,2.047329314290645,-4.967469642817019,-13.741426467895508
p105_00082.wav,2.882547616958618,0.6939766861973261,4.032003031713368,2.4599182915521425,3.42705201555492,-4.806471128565028,-7.601310729980469
p105_00087.wav,2.245267152786255,0.7913808510740339,3.333717034038342,2.065884187320975,2.7530150102099515,-6.014866755321506,1.4661239385604858
p105_00095.wav,3.4957706928253174,0.8216982761851447,4.439665381777846,2.850594118055255,3.951247107382386,-3.7733857994292497,1.0039730072021484
p105_00113.wav,2.74558162689209,0.897471784007069,4.1793035916210215,2.997618501379392,3.4658516632100342,3.2401144600946505,1.2040001153945925
p105_00114.wav,2.9594080448150635,0.7367402929934151,4.372222253222503,3.146478873277601,3.6633130754120304,4.26717558155848,8.823640823364258
p105_00115.wav,2.79248046875,0.9193564221425392,4.098489691985622,2.940914412403305,3.4426997665375727,2.2760420029835,4.185404300689697
p105_00148.wav,2.9048879146575928,0.776316415341517,4.353898528921644,3.107790154717911,3.631886982288629,3.836652650909618,-0.2736847996711731
p105_00153.wav,2.151573896408081,0.7216233505428125,3.618521794909554,2.2352469438628684,2.8557900065763406,-2.9847456143499462,-0.4430106878280639
p105_00154.wav,2.408842802047729,0.6010390286883942,3.948128232989534,2.907223210711085,3.164328239179842,5.085247017364657,6.462170600891113
p105_00156.wav,3.2543258666992188,0.9457346980270172,4.559685162788246,3.4460626828898886,3.927235325231663,5.8277453862084165,9.759552001953123
p105_00164.wav,3.0880367755889893,0.812377295863934,4.35466895338131,3.296465595028065,3.720023059324287,5.650340161998985,11.821157455444336
p105_00168.wav,2.326089143753052,0.6124749735639163,3.875594047599488,3.0350516124952005,3.0924943143224577,7.475824677670028,7.052618980407715
p105_00172.wav,3.432614803314209,0.8143867993974166,4.659247653427363,3.4313690622539137,4.050280112373855,4.9698244253097705,7.154928207397461
p105_00174.wav,3.290090084075928,0.7108252167910672,4.609989405003224,3.2445006720025797,3.9525304074402263,3.141003975128811,5.388762474060059
p105_00175.wav,2.2339284420013428,0.9000554843182694,3.5255710878297206,2.4945823574473045,2.87355404856996,-0.4812901947927776,5.2064313888549805
p105_00177.wav,1.7429760694503784,0.5352733999962419,3.1648797440970133,2.02797464555825,2.4174553640983407,-2.897576894165493,1.4750689268112185
p105_00194.wav,1.796583890914917,0.6356742379617872,3.268602115247144,1.7720615289876915,2.488790248725188,-7.042841998395036,-2.1864166259765625
p105_00206.wav,2.086761951446533,0.823572620170589,3.2998649766416985,1.782965393474234,2.623875161795922,-7.88182325262906,-0.509728729724884
p105_00209.wav,1.3791135549545288,0.5415075146310061,2.9194816277501348,1.6260532329630497,2.104986745945856,-6.224526874752888,-3.677047252655029
p105_00218.wav,3.0381362438201904,0.6021740998579691,4.318152287633831,3.053693745013513,3.6697245366671303,2.480797626605069,7.282354831695557
p105_00231.wav,1.5671896934509275,0.6814881873250811,2.734517828494464,1.617102074867291,2.0710442449388964,-6.168618505509108,-0.4579201638698578
p105_00243.wav,2.563223361968994,0.7291317026017649,3.461658289979575,2.06710618730932,2.955008321780839,-7.428763921016797,-6.3772172927856445
p105_00246.wav,3.305120944976806,0.8956474439847463,4.717821122385972,3.884339770852154,4.028590719009053,12.530340467326983,11.687945365905762
p105_00248.wav,3.4214491844177246,0.7864684512486528,4.593676029108754,3.350498908122325,4.004098026452236,4.11971870438836,11.99166202545166
p105_00255.wav,3.2159264087677,0.6641023279079112,4.540963452591357,3.441910818932125,3.880210605516468,6.860308030187843,10.98440933227539
p105_00260.wav,2.6013989448547363,0.9084190288891916,4.039035025868203,2.9730004343680414,3.323663312292848,3.92514106262494,6.334278583526611
p105_00265.wav,2.399569034576416,0.6345623671736886,3.684036833421391,2.150357846558881,3.0131087135702965,-6.191401057055351,0.0253469459712505
p105_00267.wav,2.660282850265503,0.9342347800975492,3.915051135128241,2.928822943791397,3.2937351806120576,2.6877770559810785,7.210188865661621
p105_00271.wav,1.5719189643859863,0.5941816327355869,3.0903122802285865,2.1303132570361045,2.27267739252905,0.963058026770922,2.571450710296631
p105_00275.wav,2.3930623531341557,0.6165345540889324,3.441186003589226,2.011704897429024,2.868343384919961,-7.433305046883343,-2.21721625328064
p105_00294.wav,1.8106244802474976,0.5714370760770521,3.341009773124474,1.9949578906765053,2.5320537860072605,-3.6177505585955463,-0.6604223251342773
p105_00295.wav,3.5557987689971924,0.7481608745037761,4.870071823327769,3.664697731847933,4.222733966794379,7.503087212890665,5.000216960906982
p105_00298.wav,1.43707537651062,0.6580831119272719,2.512439199802244,1.3512636870869503,1.858475480713785,-7.79881395898038,-9.87704372406006
p105_00300.wav,1.1694791316986084,0.4265716586999291,2.7736645280737857,1.4644359046809723,1.9033890370778976,-6.177795073305328,-6.882977485656738
p105_00301.wav,2.822354793548584,0.8664003221966625,4.201500065766554,3.186110760219828,3.515914551731811,5.638503204176868,6.94469165802002
p105_00304.wav,2.0751774311065674,0.8515663382998649,3.355186196601166,2.477607346360704,2.700391405761543,0.8159424289952372,5.621273040771484
p105_00305.wav,2.4783504009246826,0.7287251524456617,4.023744025989275,3.37493568620728,3.2472748574755235,11.531440131906823,13.05101203918457
p105_00311.wav,2.873687028884888,0.6837233900466526,4.245668716440561,3.1435835075952263,3.5537771701631637,5.016143997866171,8.332655906677246
p105_00314.wav,2.969449996948242,0.9164256455550002,3.9822062297454712,2.990583120171864,3.469831244203866,1.9143713844615269,7.858165740966797
p105_00315.wav,3.123891115188598,0.7337733912032255,4.522222136200965,3.701248148726758,3.82960503306216,11.44622332358689,14.03037929534912
p105_00320.wav,1.1128240823745728,0.5918265925636921,2.6903449941921544,1.6344187135283597,1.8439296414924715,-3.517120509941291,-3.644025087356568
p105_00322.wav,3.450282573699951,0.915487852364368,4.878348685526882,4.028340864418702,4.188251932563286,13.428924362858847,17.044288635253906
p105_00325.wav,2.488128185272217,0.8856317897878747,4.088260563924382,3.208673426092134,3.2951126288168715,8.342383959998884,8.287120819091797
p105_00326.wav,2.710033655166626,0.7761794307215436,3.591974831833661,2.231513690869449,3.1124996178115336,-6.748794235014355,-5.809568405151367
p105_00329.wav,2.8014609813690186,0.7948596528726284,4.184595161159547,3.1699057989455213,3.4912903960528787,5.78927755248392,6.183695316314697
p105_00336.wav,1.529941201210022,0.5987242759245699,3.085367389518232,1.674681847979485,2.2602546180876577,-6.445690654197301,-5.744647979736328
p105_00345.wav,2.0478289127349854,0.8681199159769522,2.86168460787426,1.801137733130389,2.38149544727489,-7.091150757872226,-9.52564811706543
p105_00353.wav,2.198885917663574,0.8463743099723839,3.534755552583764,2.243020584746952,2.836232323358901,-3.142384921343987,1.471215009689331
p105_00354.wav,2.3196029663085938,0.6269754084303543,3.6298668602355,2.54618575877189,2.9392173812393207,0.9872428824412828,1.3935489654541016
p105_00368.wav,2.80224871635437,0.8709582242986692,4.18314468153329,2.896457520220881,3.482398801260701,1.820335080574933,6.390115737915039
p105_00377.wav,1.974615812301636,0.8387680562572712,3.6667650566504526,2.864483436715818,2.8113004523776484,7.426535501111341,8.99305248260498
p105_00383.wav,3.466679811477661,0.7385575856896957,4.5894829666128745,3.492433870411648,4.025180622712044,6.01497829674645,14.31875228881836
p105_00385.wav,1.9552714824676516,0.7118122220987001,3.2132640408804694,2.2226950592242547,2.540120635394552,-1.038129595848999,3.8564512729644775
p105_00389.wav,1.7243072986602783,0.7503311017347769,3.043985205969175,1.9392932147263733,2.337022535104388,-3.685434922058052,3.040626049041748
p105_00393.wav,2.542912244796753,0.8828371201314176,4.132683215112316,3.360387414612248,3.3466945568531647,10.25493429700472,9.771724700927734
p105_00396.wav,1.3880995512008667,0.5820412373030739,3.0232433407380963,2.1657648084908887,2.165292616321479,2.091761748600965,3.3209550380706787
p105_00413.wav,2.2731800079345703,0.8629924886485255,3.8228079085918223,3.1434479001187965,3.0472563533438457,9.25663916337064,8.816795349121094
p105_00420.wav,2.473825454711914,0.707395670380336,3.8567785928065272,2.915740806241744,3.153154682615466,4.662841560628396,8.305744171142578
p105_00427.wav,3.429426431655884,0.7561628041283289,4.411025749105328,2.6901332087358045,3.896238954846524,-5.497300665522279,-2.397679328918457
p105_00451.wav,3.2452733516693115,0.6790045575425585,4.561921215990008,3.588730638990783,3.906770491416038,8.910279018798025,12.768597602844238
p105_00460.wav,2.25410532951355,0.8641957376243772,3.6851487610989553,2.8501474142648666,2.956435717664888,5.305063747844382,6.658380508422852
p105_00467.wav,2.192024946212769,0.9210578189736924,3.76357533243951,2.705625454784886,2.9773669841763764,2.897998152811948,8.115213394165039
p105_00488.wav,3.619295835494995,0.69798644997599,4.721479205983812,3.595356498592964,4.168594243832698,6.461188065947874,10.449570655822754
p105_00490.wav,2.248466968536377,0.8707813091611424,3.7328063684556954,2.9482793650845904,2.9803682186635205,6.770379526217722,9.007083892822266
p105_00514.wav,1.9827615022659304,0.7243048599275109,3.60519504593936,2.791796127034872,2.784569179377658,6.220179528614174,7.733558654785156
p105_00523.wav,2.172168731689453,0.8488153361354438,3.4923932445236514,2.362265125367514,2.812557822373544,-1.52692580236173,4.034287452697754
p105_00527.wav,2.066803216934204,0.6171291450923917,3.706322565287982,2.7663207841446944,2.8711438791587067,5.450510066280349,6.595892429351807
p105_00530.wav,1.516551852226257,0.6181166922564496,2.8096219008491845,1.408167311658648,2.07218000835583,-8.631016161270537,-14.825915336608888
p105_00536.wav,2.058489799499512,0.8543853417936991,3.496917985021509,2.05560646545713,2.7388654427154204,-4.715157331259904,0.6698271632194519
p105_00547.wav,1.3770761489868164,0.7964915428598097,2.650790541492555,1.5338276901723795,1.9468733500583943,-6.642343241499055,-10.754661560058594
p105_00549.wav,3.417590856552124,0.9589812938202448,4.8039081381496445,3.998755931407718,4.13667032038495,13.12074495334793,15.734678268432615
p105_00553.wav,3.2096736431121826,0.926680152114058,4.492101825820543,3.525429731797026,3.8597969346156953,7.922571968263901,11.267167091369627
p105_00574.wav,2.363710403442383,0.8455569883931877,3.748609928072481,2.6932636960012,3.047433568359293,1.8037107506192336,4.132155895233154
p105_00582.wav,2.305798053741455,0.8779602889814266,4.0206556975533,3.0615754893128124,3.166400074231244,7.523244717340986,6.333456039428711
p105_00585.wav,3.525193929672241,0.9523483438401208,4.691104443913942,3.774140122620021,4.128794520808218,9.007044424391424,14.025583267211914
p105_00587.wav,2.8095645904541016,0.8312397853808897,4.104510728715525,3.071076776914527,3.453814527249832,4.234871488838633,7.085340023040772
p105_00593.wav,1.7199101448059082,0.7144586491670797,3.431029734423964,1.9260258437077635,2.549797312176006,-4.850173512543399,-11.714035034179688
p105_00599.wav,1.1007914543151855,0.6929153452166509,2.290050459889719,1.2560021938655876,1.5982345399396458,-7.65049729461175,-15.12344455718994
p105_00606.wav,2.016043901443481,0.7946839384152085,3.544176240848385,2.471588341393756,2.752145855822896,1.7163266778701547,4.909964084625244
p105_00619.wav,2.3368022441864014,0.6825887221236709,3.6368801411456624,2.1206477064909866,2.945008301966489,-5.616564855916748,-2.83633804321289
p105_00620.wav,3.892236232757568,0.7515363099560826,5.0,4.02353183268529,4.4617552171740815,10.74687510207373,16.316131591796875
p105_00632.wav,2.5929551124572754,0.7652465680428527,3.93882755107288,2.970051125757356,3.256817528604385,4.502897489107334,2.7535133361816406
p105_00645.wav,2.4535396099090576,0.6715048851326395,3.751956329704469,2.5937469547784966,3.084529042480147,-0.0199656546113204,4.823188304901123
p105_00646.wav,2.7650396823883057,0.8629279258355849,4.258394916322965,3.377001276609728,3.518473668185921,8.962739815958797,7.139430046081543
p105_00653.wav,3.365133285522461,0.7372225130059046,4.460960649598905,2.917617232889521,3.898217846531932,-1.821535004767128,-0.8538489937782288
p105_00654.wav,3.298382520675659,0.8193049527569843,4.4265969197131,3.4400728846616,3.869355623591552,6.011083457489487,9.389912605285645
p105_00655.wav,2.473407506942749,0.7562414120554927,3.6912007025207862,2.6670337532079817,3.056533139951516,1.3361586908688772,9.294578552246094
p105_00656.wav,2.1424989700317383,0.720340298003961,3.4060472390999568,2.036525818990078,2.7286462418823536,-5.328231894348794,-10.236462593078612
p105_00657.wav,3.261362075805664,0.7685717667759668,4.42043120325499,3.5257565774886523,3.844331271268796,7.795767682544765,7.838083267211914
p105_00658.wav,3.081626415252685,0.7985876620600671,4.398980490523814,3.1990871932800804,3.7424689533862647,3.993143050650151,1.2819173336029053
p105_00659.wav,3.5100886821746826,0.9097907046877968,4.748219413254059,3.4132514415088773,4.145644381713272,3.56690812290924,6.2023234367370605
p105_00660.wav,2.2759041786193848,0.8099886404051713,3.6303002092811743,2.591995941526309,2.941654447597707,0.9758460440690238,6.382572650909424
p105_00661.wav,3.4681942462921143,0.8131783638913191,4.766343508286532,3.760127159056236,4.126361439069057,9.705572068651254,10.405773162841797
p105_00675.wav,2.748010873794556,0.7791368693191242,4.050424129950497,2.598394711798962,3.385426236506349,-2.343045024358466,4.569299697875977
p105_00692.wav,1.8406846523284912,0.8157243733661472,3.287381910199048,2.323328226588924,2.532286697202827,0.8492703623401707,3.633590936660767
p105_00695.wav,3.391969680786133,0.8042160456870175,4.487546650446141,2.9172764308639367,3.923788129794841,-1.9772680081969096,1.9236431121826167
p105_00696.wav,3.3947231769561768,0.8791375366423024,4.670652444790815,3.7049026948294768,4.045756305309574,9.205435476801275,7.732054710388184
p105_00717.wav,2.932722568511963,0.8869002235638822,4.217980374572616,3.316785961164312,3.5754265901391804,7.070057738769515,11.484619140625
p105_00719.wav,1.407080888748169,0.79205114556904,3.137974000507578,2.1495903911810137,2.237447146720632,1.4494304342532751,3.4450526237487797
p105_00733.wav,1.904371738433838,0.7658863354316539,3.298765922110027,2.281490882201913,2.5616991624201364,0.0725812865059265,2.693869113922119
p105_00735.wav,3.51579213142395,0.8329761376652378,4.651496768712912,3.275512317973215,4.084134974410981,2.0538372395336486,8.773737907409668
p105_00745.wav,2.432858943939209,0.6576764586697731,3.874886742668302,2.848561305109193,3.138102216574973,4.056064255739352,8.648972511291504
p105_00746.wav,3.1071808338165283,0.7241591549489562,4.465741457262044,3.414592310941448,3.787631233322687,7.262270906643157,9.532245635986328
p105_00757.wav,3.090502977371216,0.7130739378483899,4.332031394357602,3.311339343656563,3.702568856062718,6.195332763053496,9.813117027282717
p105_00762.wav,2.5925607681274414,0.889491583711735,3.9983911002885777,2.7937132710842336,3.2871163773023837,1.6689447408468483,5.089628219604492
p105_00770.wav,3.3833744525909424,0.9442492536107476,4.612610243208711,3.717380696157415,4.0153476091253655,9.304464608217677,11.53390407562256
p105_00773.wav,3.16122841835022,0.6951226585515953,4.245048660434573,2.740425621430787,3.688233431583048,-3.105157677305643,1.7954661846160889
p105_00777.wav,1.0891132354736328,0.782736787726321,2.8956238581012017,1.8284062696916004,1.95732924478872,-1.281634689078844,-0.8209942579269409
p105_00780.wav,3.58375096321106,0.956603201153625,4.758968284168678,3.844210105943353,4.195900720126763,9.508877974956684,14.748419761657717
p105_00784.wav,3.116905689239502,0.9144750264822964,4.333009120019774,3.192436244062684,3.7309253764920656,3.4671438027461687,10.018502235412598
p105_00789.wav,2.408660650253296,0.92211909399214,3.408840135520157,2.1881864640169435,2.8677678860615434,-5.087070116105608,-4.114528656005859
p105_00801.wav,2.7963545322418213,0.7118350864939308,4.242718403149787,3.3463545038113733,3.5167093139220205,8.669457477850873,7.361071109771728
p105_00802.wav,1.4903603792190552,0.6736661667180921,2.697530714326825,1.467773515273025,2.0159916131154154,-8.050588683837448,-3.8641467094421382
p105_00807.wav,3.166290283203125,0.6566979211444899,4.528707148663729,3.070872532893602,3.846823913887957,1.445394721846102,1.538241982460022
p105_00811.wav,2.7087161540985107,0.8482020905799168,4.186786155495444,3.3078907053407782,3.454550338938833,8.286548064825835,6.862663269042969
p105_00820.wav,1.6335400342941284,0.808434232628759,3.014851653417831,2.011994031232588,2.284453202380784,-2.184715711121682,1.8770605325698853
p105_00821.wav,1.4711079597473145,0.7266789507544376,3.3288595762332958,2.162111701267166,2.38010990573756,0.4859801304401807,1.581722378730774
p105_00822.wav,2.954258680343628,0.8632062277872979,4.173877105855869,3.190576318506932,3.553611712514352,5.376760616752117,12.843164443969728
p105_00837.wav,1.329929232597351,0.6522738294259792,2.8438397453305444,1.9939240012841335,2.0391439175629573,0.1363162573304903,1.265498161315918
p105_00839.wav,1.264035701751709,0.8986754980359654,3.207172171390482,1.9009351516172237,2.2151591005441658,-2.095675179121954,-1.4067858457565308
p105_00847.wav,1.6181085109710691,0.7313282555721031,2.9772345772705364,1.892223740841319,2.250395811696698,-3.636195738960445,0.3748958110809326
p105_00849.wav,2.8472049236297607,0.8798735478860114,4.239643687330722,2.970653598082869,3.538114807637614,2.44095645362805,3.4638512134552
p105_00851.wav,3.314087152481079,0.8980027266684171,4.604872478028008,3.819295374683304,3.978036665056479,11.38059206556854,15.213327407836914
p105_00857.wav,2.973404884338379,0.7392742074947027,4.3317690951936925,3.403310493496182,3.649898221148549,8.25328744597295,7.734412670135498
p105_00863.wav,1.1491113901138306,0.8618263002485419,3.3993748181228485,2.5916452495643085,2.2814594626814784,8.475501384258408,0.5414578914642334
p105_00873.wav,2.224337577819824,0.6790000734172201,3.549167408676122,2.2035649500592966,2.850242588771308,-3.696853732210612,-2.7918384075164795
p105_00876.wav,3.5771501064300537,0.9508119300938436,4.916975747528038,3.903900404789787,4.273555041359272,10.40210802646324,13.359804153442385
p105_00884.wav,2.7111337184906006,0.817687396437021,4.018022312101173,2.454375672557959,3.3388955237089992,-3.829945461981606,-1.8504284620285036
p106_00000.wav,3.667374610900879,0.9745606826473244,4.918637765062657,3.92738052879804,4.311267722412322,10.472438792189708,15.78970432281494
p106_00005.wav,2.4006617069244385,0.7907425094167804,3.708885412536784,2.6468853969925186,3.038945494819322,1.1124062682864322,5.667754173278809
p106_00009.wav,2.250440835952759,0.8602774674048745,3.9650358386792335,2.9188039662502363,3.111015159807824,5.66632052558865,6.611628532409668
p106_00028.wav,2.68953537940979,0.963604031966918,4.118463428786599,3.097784472954191,3.406751430129095,5.2784905502763,6.657731533050537
p106_00031.wav,2.3396687507629395,0.8462450071151171,3.837089522409745,2.963501211823825,3.080783478481332,6.21104787454949,5.369648456573486
p106_00033.wav,2.417792320251465,0.90687807211155,3.661476021866528,2.41161749748475,3.0241153326446435,-2.7567819465095886,-0.7191171646118164
p106_00039.wav,3.3210701942443848,0.9607719605369583,4.626244489316249,3.408806880531893,3.98425798794329,5.161702148939778,10.772649765014648
p106_00041.wav,2.1290907859802246,0.8605542774101691,3.35215331793553,2.0657236134583234,2.7014984179811634,-5.046733331277928,2.750516891479492
p106_00045.wav,2.5123720169067383,0.8880121445304092,3.996344729010106,2.507311457096356,3.2472114466898168,-2.339449519714456,0.4778797030448913
p106_00049.wav,3.314056396484375,0.8986406355405081,4.591488350213177,3.262275944134859,3.9645133699571584,2.84097338884508,-0.7442801594734192
p106_00056.wav,3.1545281410217285,0.8388651181610536,4.263722300780318,3.3517962921554463,3.7055160536233664,6.14882226677244,12.713885307312012
p106_00060.wav,2.988659381866455,0.8386449952893813,4.2172439755228455,2.9547144971943657,3.5975632877723105,1.151514647056745,2.6249728202819824
p106_00064.wav,2.736872434616089,0.8781583208158095,4.489139157665179,3.7169901225507065,3.630685370468547,14.060973735407032,14.92954158782959
p106_00099.wav,1.2224041223526,0.7817141359561782,3.206702499914054,1.949856666833283,2.193651880499045,-0.9922115009761414,-1.362641453742981
p106_00104.wav,3.1356146335601807,0.8594773245726045,4.1674956217549415,2.920500783682565,3.6437812311243154,-0.3639784963137443,1.0411972999572754
p106_00105.wav,3.4500739574432373,0.95212573903314,4.720882032427405,3.7367680950787134,4.094302988959352,9.484968630728025,14.099637985229492
p106_00109.wav,2.319799900054932,0.8689996904503883,3.413859186369053,2.172051304802252,2.8386054532534213,-5.251070557112254,-5.342134952545166
p106_00123.wav,2.925351619720459,0.9480440861877778,4.259827237004457,3.109021946294995,3.588667583525288,3.998152550440013,-2.772944927215576
p106_00127.wav,2.587997436523437,0.7950158105126112,3.45652827925754,2.628624977214951,2.9813190634192974,0.5757554188221157,6.796762943267822
p106_00129.wav,2.671850204467773,0.883545092314562,3.640966929083077,2.544408906424788,3.136184875198709,-2.311532507086472,3.545587539672852
p106_00146.wav,3.1998777389526367,0.8651995582437437,4.4573407502581714,3.423363760746144,3.828255033293644,6.786517181938769,10.341825485229492
p106_00149.wav,2.1664206981658936,0.8714095537117377,4.092333898426565,3.412692291600889,3.142156444984682,13.692633973156372,10.614428520202637
p106_00152.wav,2.778801679611206,0.8590380432649563,4.050631768537834,3.033436523679614,3.4118821410163265,3.852733387336788,5.312789916992188
p106_00155.wav,1.4747653007507324,0.6955063222595236,2.9765761278071694,1.8342043144282376,2.1854696579390382,-3.81254104494249,-3.481499671936035
p106_00157.wav,3.4847543239593506,0.83685619606623,4.357427487401837,3.2325495318006405,3.9032572176994336,2.4394180898967046,9.025901794433594
p106_00165.wav,3.2446014881134038,0.936099936141814,4.504097532570571,3.3634651598755183,3.875889247425493,5.417746019470633,10.09727954864502
p106_00169.wav,1.7110915184020996,0.8442827773238697,3.665102760212277,2.901781519397838,2.685076577587492,9.679906940894394,8.524252891540527
p106_00171.wav,1.8196290731430051,0.876520645459441,3.180899667198016,1.8628607563802209,2.4597557436803146,-5.907142238339374,0.4266667366027832
p106_00178.wav,2.559300184249878,0.9301708393790012,4.219142745068499,3.1165239338693937,3.3927836186287967,6.48911598160828,9.486140251159668
p106_00187.wav,3.2086989879608154,0.9569072137539,4.650983912350704,3.874141570763898,3.950781801082521,12.91777349720578,14.908294677734377
p106_00195.wav,3.1735095977783203,0.9218157041328214,4.480744343861923,3.405826050922104,3.834908385233673,6.341482286874114,-4.656494140625
p106_00196.wav,1.6149009466171265,0.7539030280919276,2.64438200318183,1.723203218695887,2.058510672333547,-5.208763753842436,0.2202525585889816
p106_00198.wav,2.4441282749176025,0.8943537086552232,3.6160278983382463,2.594801660537981,3.0081997970853074,0.2419019876805178,8.402923583984375
p106_00199.wav,2.165506601333618,0.8958716912298466,3.595217908265896,2.257394562734041,2.8684331266138603,-3.4968525770164978,2.2502424716949463
p106_00204.wav,3.422515630722046,0.911444878242246,4.444797598797826,3.038813627189524,3.927431421305125,-0.6979583079154982,3.0493175983428955
p106_00207.wav,3.2265307903289795,0.8659694444963381,4.402187444295205,3.571014571082275,3.824022776107785,8.49831214117831,11.304946899414062
p106_00208.wav,3.217869520187378,0.9651151643331436,4.55485870079244,3.4555138978391646,3.8999134388458288,6.541247585992072,9.099042892456056
p106_00211.wav,3.178986072540283,0.9194027770275838,4.428552185604136,3.1339631229045644,3.801822834482493,2.4200248664499626,5.545249938964844
p106_00220.wav,2.1141469478607178,0.6867787840456335,3.213936306227162,2.2300951200672308,2.6047253822071434,-1.4230841699521808,2.741041660308838
p106_00223.wav,3.5760412216186523,0.9496309593775016,4.905658976330173,3.792328223933494,4.267669309992219,8.626091706034991,11.23906707763672
p106_00228.wav,2.1252384185791016,0.8490306275209585,3.20922662949591,1.884494836622854,2.6199088815413205,-7.518409966088067,-9.999786376953123
p106_00240.wav,1.716135025024414,0.7595516581972614,2.79071056830625,1.644038399120674,2.1901551399810124,-7.573402866444275,-2.5295848846435547
p106_00251.wav,1.5237442255020142,0.7256731602243918,2.6915392497411457,2.246517869546333,2.034107675979865,3.870348170102508,6.779765129089356
p106_00253.wav,2.4006214141845703,0.8321771394387156,3.571588079000324,2.5112734175113123,2.9664499517390484,-0.8565689228052615,4.670819282531738
p106_00277.wav,2.183660984039306,0.8406252928651899,3.5579084917479324,2.4736260702595096,2.854001555845909,0.0194810567789,5.025182723999023
p106_00283.wav,3.334294319152832,0.8528897786345861,4.505117795462131,3.3956829845912586,3.923402595723065,5.173098257955068,9.566463470458984
p106_00287.wav,3.453171491622925,0.9683641552367234,4.745365970858321,3.841243839903799,4.1119677337100615,10.947183334274696,14.159427642822266
p106_00291.wav,3.301265001296997,0.8482154713935814,4.536882516761662,3.678281529204396,3.9268535222246816,9.718864176704525,12.40343952178955
p106_00293.wav,3.4683241844177246,0.9429259264475284,4.859135101835196,3.880192023148224,4.1871760738390575,10.968054999409272,11.588859558105469
p106_00335.wav,1.2526772022247314,0.7821252259677003,3.2590592545626147,2.1644815213764623,2.2394708676542017,1.9874139327465656,-0.9754153490066528
p106_00338.wav,2.061943531036377,0.8812624467931262,3.3569191654775965,2.1221640378068574,2.6881292362440274,-4.441785994373168,-3.183237075805664
p106_00339.wav,2.203587293624878,0.8021561212170419,3.1385156839390547,1.9543348513837504,2.6288217681480663,-7.204020123592041,-4.845004081726074
p106_00341.wav,2.8733084201812744,0.9288617064895478,4.634017669628512,3.5926477902180256,3.784377947176236,10.492117912289707,10.49543285369873
p106_00342.wav,1.8347235918045044,0.8552467037823802,3.2718918138363424,2.366025153528193,2.529350921952545,1.2293702086328018,5.592004776000977
p106_00351.wav,3.460750102996826,0.9560210554011722,4.865830013554034,4.186919894219429,4.189683844012183,15.761986924033213,16.674673080444336
p106_00352.wav,2.692049026489258,0.8810721053468717,3.9135155495897394,2.8748193087563068,3.2989979958531794,2.0307615812438344,4.452958583831787
p106_00374.wav,3.473185539245605,0.920827496200346,4.778881926892281,4.001248743053175,4.145085569741231,13.055981494671045,17.491939544677734
p106_00388.wav,3.3337531089782715,0.8919570033611122,4.371781526431375,3.2612041622677297,3.8392217887473543,3.816444248594751,11.64667510986328
p106_00399.wav,3.3100032806396484,0.8610736285419615,4.668813674559497,3.434603989281733,4.002591425374309,5.534396538197202,2.891450881958008
p106_00414.wav,2.532945394515991,0.9019787581370772,3.70558970250749,2.431002941393742,3.1034038489294478,-3.287115206002786,2.3810276985168457
p106_00416.wav,2.348751306533813,0.9054168571268204,3.662765476927225,2.648316426882492,2.9932208211895133,1.3775859397416768,2.734935760498047
p106_00419.wav,3.395977020263672,0.7911431050490731,4.511145034757814,3.5943161837533943,3.951482014392851,8.125314620242905,15.499641418457031
p106_00421.wav,1.8157881498336792,0.8598617305431958,3.855029738839704,3.21888938202161,2.8457089661585,13.334679765123411,9.948664665222168
p106_00424.wav,2.8482069969177246,0.882211322095979,4.215482916068417,2.835360940275117,3.527921174801065,0.2276029867835714,5.613211631774902
p106_00426.wav,3.3278496265411377,0.9656145098445912,4.764979024792889,3.800756794731067,4.077746910669496,10.404893846875629,4.741087436676025
p106_00429.wav,2.6240222454071045,0.914281349610603,3.849287658833549,2.9872048544738328,3.237744359717704,4.10806211299613,1.8002984523773191
p106_00432.wav,1.960517644882202,0.8544719979467282,3.2672444519777475,2.159711871479222,2.59109147374667,-3.0232918269663465,-2.7589330673217773
p106_00435.wav,2.021265745162964,0.8579160326084212,3.301230006785033,2.263499328861946,2.6254133862224,-1.2523880059611032,4.512433052062988
p106_00457.wav,1.498917818069458,0.7888554704154022,2.7787759479352285,1.8280880447350545,2.0845303744828048,-3.4445064985722422,0.1847784370183944
p106_00458.wav,3.188948154449463,0.8543967951639988,4.519906685533573,3.54957058212665,3.861059878870307,8.555811633512665,12.144383430480955
p106_00462.wav,3.295367956161499,0.8534782906560995,4.37529648341943,3.015939101203537,3.8381741717609175,-0.5162028514292539,-6.300594329833984
p106_00471.wav,2.685396671295166,0.7608513162160282,3.830721243554679,2.873600094614252,3.227267180823042,3.259214892738831,9.050004005432127
p106_00502.wav,3.3702986240386963,0.9308500496675436,4.398902504471884,2.9835700683803825,3.871583070277099,-0.8859013598103682,3.784742593765259
p106_00512.wav,3.68414044380188,0.9595557355556138,4.933986330412363,4.130646560012914,4.332486867675972,13.346270292132376,2.0476388931274414
p106_00521.wav,2.53277850151062,0.8963616683013381,4.014860824064984,3.224522031884489,3.277826973756121,8.401051618833803,12.494794845581056
p106_00524.wav,2.321654796600342,0.924066494936447,3.4667990272876854,2.5666801936636854,2.884649150032993,0.1720050944404864,3.142807006835937
p106_00538.wav,3.082279920578003,0.9015830677985798,4.44165250922857,3.681009652473672,3.771692540208508,11.300199703946165,15.574148178100586
p106_00546.wav,3.090590238571167,0.9067103101015732,4.472046991223867,3.2112248825500243,3.789865518552365,3.8307743323301406,6.316886425018311
p106_00548.wav,3.1194305419921875,0.9289313081481028,3.960251177386298,2.718061165481551,3.529244730924866,-3.3115233801822006,-1.903963327407837
p106_00556.wav,1.8827695846557615,0.8555647665959965,2.8836849932221424,1.796515198326661,2.3406219048073265,-7.301304080927365,-10.47499179840088
p106_00557.wav,3.0419793128967285,0.9249629331849796,4.260425706964413,3.011159536427736,3.653164673830496,1.3260961387517962,1.6455097198486328
p106_00558.wav,2.0067286491394043,0.9041043600557628,3.420805447473373,2.2970269908140524,2.701780333870966,-1.6765966118592273,-4.050008773803711
p106_00559.wav,2.219733238220215,0.8967082917424072,3.4994513025750966,2.142111435543657,2.834932861789037,-5.155179304362218,-5.212348937988281
p106_00560.wav,2.9231925010681152,0.946950976575276,4.370566301461685,3.658160048944524,3.6669005787119886,11.663778320640358,12.407718658447266
p106_00561.wav,1.5660619735717771,0.8369109309386374,2.9699429113419806,2.047973686962489,2.240031170453159,-1.6302233802205166,1.6211442947387695
p106_00562.wav,3.6530725955963135,0.9086655205991032,4.824083898818091,4.081281796230118,4.268094443898896,12.534952351287645,14.350873947143556
p106_00563.wav,3.355008602142334,0.9559499799957526,4.673781979803184,3.999977016107031,4.038737125987161,13.684765495290067,14.749436378479004
p106_00564.wav,3.275545120239258,0.9737016665430804,4.806446537778651,3.843765156126104,4.076290167777769,11.293984409110838,10.31230926513672
p106_00565.wav,3.272041320800781,0.9476077718564888,4.554723598606593,3.706572979585897,3.9298051557302527,10.000561388456068,13.12287425994873
p106_00566.wav,1.795183181762695,0.7761645553380402,3.177748004577804,2.396249872652934,2.473376642067984,1.5317338586597316,6.082167148590088
p106_00567.wav,1.7503817081451416,0.8807079722634389,3.110721207648864,1.8836559310374208,2.3992600737987826,-5.4653987460879545,-7.204351425170898
p106_00568.wav,3.120449542999268,0.961239606948357,4.549592983607657,3.922906887529523,3.854858981803393,14.40153059268767,16.32083511352539
p106_00569.wav,1.9398634433746336,0.914062859807154,3.4795050355935264,2.864538477753986,2.708267451661875,7.35223694443605,6.973140716552734
p106_00570.wav,2.457545757293701,0.9348865230049326,3.9214906662776032,3.2202812774997938,3.194668199705529,8.847743472359229,11.22491455078125
p106_00571.wav,2.5475165843963623,0.9129124452368268,3.792128595894824,2.9464338825811147,3.164450942959758,4.315426116806331,8.48717975616455
p106_00572.wav,2.3803837299346924,0.8288745953429825,3.536121943267308,2.462140093084772,2.920486466232232,-0.68556470502244,9.84239387512207
p106_00579.wav,3.2291512489318848,0.775024992749258,4.331303078748793,3.5598344247098628,3.768334991203984,9.25885850794636,16.65378761291504
p106_00586.wav,1.334098219871521,0.739547463725199,2.7188225874606973,1.5608268031216508,1.9765306270120304,-6.659125168756238,-14.673794746398926
p106_00589.wav,1.454110026359558,0.6920072567002872,3.2118677896899954,2.2331021126503616,2.300743661229388,2.295657263671516,3.531166076660156
p106_00592.wav,2.5968799591064453,0.9121774754631548,3.859884229615191,3.04357172858949,3.224496823963452,5.420819110291387,8.628327369689941
p106_00611.wav,2.491209030151367,0.6782404975441445,3.511669516435287,2.2039818448052992,2.969847081477293,-5.86934737842451,0.4540427327156067
p106_00614.wav,1.4139719009399414,0.7513455191470552,2.407430528505456,1.3750759549443765,1.822218684820928,-8.464172718214686,-11.15003776550293
p106_00615.wav,2.316786527633667,0.9051958697366526,3.7559059806220514,2.5475146934965296,3.032286032780076,-0.3703819361018949,1.8115777969360352
p106_00617.wav,3.4702720642089844,0.8232393270498314,4.620012397310425,3.6630020612990775,4.039546204795268,8.81142291835246,16.51962661743164
p106_00630.wav,2.96704363822937,0.8541324430203658,4.260408531951566,3.310578168463424,3.6140368981872006,6.703698770257687,11.688718795776367
p106_00635.wav,3.1367928981781006,0.9219331527262972,4.212407302359388,2.9216769162236456,3.6672529577048247,-0.3776017170662,1.510166049003601
p106_00636.wav,3.064784288406372,0.9060065645446076,4.32392969098457,3.430336803610804,3.703428362317108,7.491641068650287,13.20598030090332
p106_00638.wav,2.962094783782959,0.9354255949958524,4.340068853551033,3.613001478388448,3.6649736733808376,10.933639214467938,13.31757354736328
p106_00643.wav,3.123197555541992,0.917179786650742,4.304881312499656,3.316054540060636,3.715624579979455,5.579091271111102,9.44472599029541
p106_00649.wav,1.623051404953003,0.733788203094139,2.5629731851462845,1.94664049173399,1.984861169480845,-0.0824014621568597,3.650022029876709
p106_00651.wav,1.4174792766571045,0.7538457808819558,3.227067189803199,2.5286649140603368,2.2937573862612184,7.091104772273261,9.723373413085938
p106_00668.wav,2.075045585632324,0.8636469605183438,3.8804722592630414,2.949721779811954,2.9767589513187254,7.646971321659943,9.19526195526123
p106_00681.wav,1.2430025339126587,0.7787079619851178,3.2445441276228446,2.0219945632451486,2.217498279604346,0.2337602192708113,1.8443517684936523
p106_00685.wav,3.7107722759246826,0.9635840111705906,4.958648308314362,3.961820789885613,4.348251947907391,10.903002525258035,17.075897216796875
p106_00687.wav,2.7292325496673584,0.934976434652288,3.983476845140248,2.911720662926637,3.346827210073293,2.5880598433324207,7.70695161819458
p106_00689.wav,2.338356733322144,0.8828154907628355,3.3991938702488373,2.2931342513146413,2.840926578515417,-3.480824421689092,-0.7105796337127686
p106_00694.wav,2.623215675354004,0.8681497684323317,3.969403134962101,2.6701822434070195,3.281736611472196,-0.2408948464358648,4.07744026184082
p106_00700.wav,3.5481951236724854,0.9617802109030316,4.973835522437984,4.442645622193274,4.292889298240584,18.923769235967367,20.30063819885254
p106_00702.wav,3.134453773498535,0.9884109693017552,4.618880990846807,3.2493552561960484,3.890016407924698,3.885513075287548,-2.46018648147583
p106_00704.wav,2.997933864593506,0.9628556108923784,4.602753118106173,3.8181188772244217,3.831713696135447,13.127190173892515,4.923755645751953
p106_00709.wav,2.070342540740967,0.848013353558186,3.2866039812009693,2.247143217066699,2.6446054900909104,-1.9587197504961416,3.741894006729126
p106_00710.wav,2.608249425888061,0.7606343293648441,3.38595148543875,2.378848266752047,2.9629362691830994,-3.829330578975095,-1.8084871768951416
p106_00720.wav,1.7747318744659424,0.7203740403692,3.021367079017729,1.856794590557083,2.351912415477257,-5.40754281725049,-7.166657447814941
p106_00724.wav,2.861656904220581,0.9151722617919704,4.033268539968041,2.536223910817207,3.436079148232328,-4.271533615007697,-5.7257914543151855
p106_00726.wav,1.7301232814788818,0.8713207179664993,3.1248246370868005,2.1980333370617875,2.3829504162905226,0.2554811636315212,2.213140726089477
p106_00728.wav,1.4309295415878296,0.8618450681255102,3.1732326476627413,2.334349134014557,2.290644494172573,3.1608850047980668,3.435216426849365
p106_00729.wav,1.6554532051086426,0.801843932509461,2.712049111129397,1.5926940099948144,2.118044287546456,-7.825366559308489,-11.10772705078125
p106_00737.wav,1.7120661735534668,0.8788898213231071,3.023248273383696,2.192248270213546,2.3463533174531075,-0.7154535787580943,3.342589855194092
p106_00742.wav,1.9982151985168457,0.8850366078026306,3.563924815128044,2.283350692792696,2.7574584960054107,-1.3340910071279746,4.53403377532959
p106_00743.wav,2.665210485458374,0.9006548790051364,3.9851018277301407,3.068865716104269,3.32129759266577,5.304233853908454,9.06808853149414
p106_00744.wav,3.2157769203186035,0.9334774875629184,4.627983578563463,3.762286501189216,3.93598573519468,11.393742082433253,13.773929595947266
p106_00754.wav,2.691239595413208,0.9289786369054732,4.117513377261061,2.861618442512416,3.3998348134763736,1.8387212217511075,0.0012268216814845
p106_00756.wav,1.954084396362305,0.8457692680696408,3.189434750800383,2.151815265288206,2.524238207946538,-2.003241911326858,5.671772003173828
p106_00758.wav,2.783399105072021,0.9011807625977796,3.988503987521659,3.051061097716772,3.369983257232256,4.683921663748376,11.807844161987305
p106_00760.wav,3.223510980606079,0.9074558560795792,4.463947243432767,3.584467984498529,3.856224008258392,8.602757275286116,13.661150932312012
p106_00774.wav,2.693397283554077,0.9114263291536988,4.516629189282913,3.8084981892990655,3.629828611495682,15.51649194908449,15.510129928588867
p106_00776.wav,2.492072343826294,0.8769703316197524,3.568023234065303,2.5738375156280773,3.018348680008285,-0.8874871984443893,3.646690845489502
p106_00781.wav,2.90293550491333,0.9286149101647722,4.160886085698755,3.1408262070867674,3.529111570913804,4.629285665353992,9.616133689880373
p106_00813.wav,3.8231167793273926,0.823779709111487,4.760699245010191,3.788822985289929,4.29420616967755,7.845757241567706,9.297396659851074
p106_00817.wav,2.292921781539917,0.8570929258224204,3.523199609940624,2.4751475647934145,2.8803822627429425,-0.2777114415512654,8.332676887512207
p106_00826.wav,1.8176883459091189,0.7440315808811075,3.1337223817776785,2.173830022266377,2.444170352593361,-1.3471410875628993,6.057863235473633
p106_00831.wav,2.969613790512085,0.9034741568398542,4.441843312218628,3.2302075949079123,3.719742423256883,4.785871411374311,-0.1723008453845977
p106_00836.wav,1.7369511127471924,0.6716065893377543,2.7254383805936406,2.200194064558328,2.15393132955705,1.7247079072605187,8.21342658996582
p106_00841.wav,2.5787155628204346,0.945286340103118,4.051574143868033,3.2359087450846915,3.327730119633372,7.861436867550362,10.08354949951172
p106_00842.wav,2.5710010528564453,0.8553726743700001,3.89122048536624,2.731831040363851,3.203184911160557,1.719096190778607,8.536208152770996
p106_00843.wav,2.992004156112671,0.9198248552664434,4.191214175043071,3.252172661725405,3.592991690706733,5.552892619887565,9.395875930786133
p106_00848.wav,1.3493629693984983,0.5940996389880578,2.295459041646336,1.3386548685721933,1.7215702815014842,-8.009734637172714,-14.760440826416016
p106_00852.wav,2.9000651836395264,0.913973039456243,4.112917707759606,3.09401009361239,3.50739215744538,3.749441741183944,6.302234649658203
p106_00867.wav,2.3936238288879395,0.8599002137858897,3.603961167664192,2.4574452031386014,2.9697660801564663,-1.249983137121749,3.957523822784424
p106_00869.wav,3.114518642425537,0.855468595394432,4.347716840929919,3.5611507428729725,3.7395906816732665,9.225402986263152,12.483844757080078
p106_00878.wav,1.792865514755249,0.88337742669527,3.1043860038220528,1.866711824605328,2.4088981502801405,-5.675026248775871,-6.304224014282227
p107_00001.wav,2.439369201660156,0.8693534506226258,3.34305718426586,2.374347931680287,2.8624373527231954,-2.889176569344223,0.8876354098320007
p107_00003.wav,2.308168649673462,0.8937774579371052,3.5630940963608646,3.010343871174878,2.91842135982527,7.639621278469074,8.257890701293945
p107_00006.wav,3.179802417755127,0.9203837731542928,4.0694259899316,3.11627140618788,3.6161066667123,2.460713160518328,6.285819053649902
p107_00016.wav,2.0143611431121826,0.8982979476180493,2.896123123933649,1.706638735814527,2.349834690686369,-6.931883245833915,-8.48617935180664
p107_00017.wav,1.921481966972351,0.808450338951326,3.1834102866727942,1.9961467409862652,2.5152201427069167,-4.686898557296928,3.0266201496124268
p107_00026.wav,2.7374305725097656,0.9179629592090608,3.9437435289471385,3.146398655847665,3.34793670986541,5.513361339097987,10.604421615600586
p107_00044.wav,3.397808790206909,0.9518252702018052,4.429334194140214,3.304727048452031,3.921908676480949,3.0649933515189733,6.207578659057617
p107_00054.wav,1.9950356483459477,0.7030213575275066,3.244175346716479,2.4039929002428315,2.591594558620012,0.8323552122029102,3.875797033309937
p107_00058.wav,3.1996591091156006,0.8935491478313768,4.195107738778484,3.054393177906076,3.688689191374029,1.3269763075650465,3.798175811767578
p107_00062.wav,3.0088741779327397,0.9275193226392936,4.073332840419641,3.353687428152302,3.5454504649163363,6.921938877129214,12.624143600463867
p107_00065.wav,1.424347758293152,0.7806508609677655,2.856346937771574,1.8526789177745024,2.0957754885325754,-2.942345963200089,0.6179509162902832
p107_00068.wav,2.062913656234741,0.833638634726195,3.179094258960921,2.344939738699805,2.585070212478932,-0.2491207680007122,6.0207295417785645
p107_00073.wav,3.0168263912200928,0.9477059749646398,4.172335893096812,3.295866786641405,3.6005570675790053,5.863186106963349,12.228793144226074
p107_00075.wav,2.812708854675293,0.9146133821000828,4.093491510017454,3.216934547471123,3.450112867835083,6.5176951526382,9.758011817932127
p107_00078.wav,2.077787399291992,0.8896394505007358,3.005060631100414,1.9122190897277136,2.465835234440839,-5.461506515061648,-8.389192581176758
p107_00089.wav,2.571564197540283,0.9481296917804882,3.856100710463073,2.6358278940405127,3.2031013977413463,-0.5627407715026381,1.3286199569702148
p107_00092.wav,2.530324459075928,0.9012592556244936,3.3773530863825254,2.1177828098682903,2.896665789764903,-6.384365903684712,-5.988255023956299
p107_00097.wav,3.538047313690185,0.9812611622132674,4.359219318811467,2.975847238793805,3.921099825444939,-1.6007407494840649,-7.141468524932861
p107_00098.wav,2.1587026119232178,0.9472606667558332,3.2704708105769296,2.2651209512602226,2.6823162370645006,-2.393092763566105,-2.634873628616333
p107_00103.wav,1.8442459106445312,0.8417746148906562,3.061911829265746,2.1414006394118053,2.419006785829,-1.9381159084817483,3.2470548152923584
p107_00110.wav,2.001504421234131,0.8636628762651474,3.361868938980672,2.5167622618482994,2.6567565139883347,2.426345249370763,6.624138355255127
p107_00111.wav,2.059985399246216,0.831522583435896,3.118827138216634,1.9757302862627948,2.532664765919264,-5.164789237890923,-4.951084136962891
p107_00121.wav,1.713317632675171,0.8539786000360702,2.39464805886608,1.423669978264399,1.902923181705812,-7.140122539831999,-6.831876754760742
p107_00126.wav,2.3704700469970703,0.8902463696053076,3.296328564243644,2.1983361911661445,2.7787512370360554,-4.030418243204363,-0.0179129652678966
p107_00130.wav,2.44425368309021,0.8717452281531451,3.944656702639217,3.303943979818048,3.192789031702661,10.571499694824244,7.807025909423828
p107_00132.wav,2.932462692260742,0.8447634239715077,4.096151655436564,3.0360596181708,3.503948574660442,3.0887400085142063,6.148143768310547
p107_00133.wav,3.1422181129455566,0.8465322470433118,4.154821618231102,2.937829615465632,3.633178117156046,0.1972135955376898,4.022869110107422
p107_00134.wav,3.447720766067505,0.9336842470567605,4.652428917146221,4.048520501949215,4.068194026063689,14.04859304024662,18.84286880493164
p107_00135.wav,2.16249942779541,0.7753743681598452,3.364491598667708,2.2820223231732326,2.737352733877733,-2.432838993497838,4.417494773864746
p107_00136.wav,2.478518009185791,0.820119290927842,3.633686518707531,2.8130772510352475,3.0447842534746763,2.986025002765743,8.774454116821289
p107_00137.wav,2.299553632736206,0.7724278699531674,3.403899058004453,2.09140053650873,2.80619094263118,-5.618269078873308,-2.8605806827545166
p107_00138.wav,3.026914119720459,0.8582331095258917,4.068377645780108,2.8615138358000016,3.5365476699426197,-0.3422380745966401,3.1712217330932617
p107_00139.wav,2.894539833068848,0.7791003518756836,3.998476884584637,3.297556832875001,3.4426277260553944,7.243967993366521,12.65283489227295
p107_00140.wav,1.4491924047470093,0.6658067711285416,2.5506354326976117,1.4348872300155204,1.9061274849697003,-7.555955339408223,-9.040973663330078
p107_00141.wav,2.045701503753662,0.7382486188195521,3.330316275922538,2.36104001002958,2.6659966820469543,-0.496289907175559,2.8308920860290527
p107_00142.wav,3.5988242626190186,0.9427844831676444,4.811197717897531,3.6129619203993215,4.225948017602971,5.8804047094104615,9.190655708312988
p107_00143.wav,2.8611786365509038,0.8698298034565384,4.180313956012805,3.505984144539457,3.526178370554612,10.368387735130812,13.766474723815918
p107_00144.wav,2.9176831245422363,0.8671863733541806,4.022033089185099,2.662835964835665,3.45264235938389,-2.4164874095225044,0.0936181098222732
p107_00150.wav,1.9802470207214355,0.8415630930176954,3.20148720747371,2.097125944374877,2.550272436090802,-3.3705805888382727,2.763399839401245
p107_00159.wav,2.192413568496704,0.897921242526247,3.136872627106068,2.076417320090541,2.6117568275728846,-4.714175300072506,-8.164517402648926
p107_00160.wav,3.361800193786621,0.9578108592030854,4.311495535366452,3.672734060082552,3.845203333049603,9.174702000730004,13.669031143188477
p107_00167.wav,4.021180629730225,0.986016432896478,5.0,4.077019514117395,4.618389007316413,9.637520833146908,1.5844191312789917
p107_00173.wav,3.2720484733581543,0.952021878656781,4.5646003661848855,3.571812398996812,3.9367140662423417,7.773732563682809,10.67384910583496
p107_00180.wav,2.661699056625366,0.9152142881810036,4.020278917217525,3.2702393416739275,3.3498724384707037,7.961347680928885,11.424779891967772
p107_00190.wav,1.8633872270584104,0.8621595637376337,3.3080758412129407,2.4187125205032305,2.569157229111908,1.5253298446745969,5.32747745513916
p107_00192.wav,2.582716703414917,0.907696255324429,3.632512997237488,2.7311074147247987,3.0891064732147,1.234050068658803,5.7992844581604
p107_00214.wav,2.3786051273345947,0.9167293913429254,3.5182405533571584,2.399813733786659,2.916902381899161,-1.9350413747066668,0.7925916910171509
p107_00216.wav,2.003645181655884,0.8278701328929223,2.862712762534806,1.71539659635233,2.334410424858582,-7.002835839434064,-9.955207824707031
p107_00237.wav,3.447751522064209,0.9429572392343368,4.586148186794312,3.962045143495245,4.035006930562403,12.685573030639784,19.074338912963867
p107_00239.wav,2.719573736190796,0.9084535334679136,3.884151106164932,3.143797227904024,3.3024042879904294,5.909971880118126,8.466135025024414
p107_00244.wav,2.2737810611724854,0.8482220617283991,3.455500654703738,2.137893182256536,2.824498956392736,-4.933540512392652,-2.9863109588623047
p107_00273.wav,2.775087118148804,0.8068818549425374,4.003008450025083,2.873366991211524,3.3739083634155937,1.886555768404466,9.77160358428955
p107_00279.wav,1.898216962814331,0.7385517005012129,3.008304315151148,1.827240449585517,2.402230231601985,-6.569567263544338,-1.858476638793945
p107_00280.wav,3.3902924060821533,0.9706805819925076,4.597001979159196,3.647215431680195,4.00781023551876,8.282071972781955,13.620800018310549
p107_00307.wav,2.9062888622283936,0.9167099888989878,3.983057292796401,3.009308937838176,3.438354095957619,2.691113289833051,9.044075965881348
p107_00312.wav,2.694161891937256,0.8589424180862425,3.7222625229125823,2.830583505827374,3.1973259747685185,1.6464146353401516,-0.1302703022956848
p107_00323.wav,1.9269320964813232,0.8474427563225256,3.0960012270308708,2.1389480008374258,2.4763819482910963,-2.5453572954182726,3.731393575668335
p107_00324.wav,1.8984029293060305,0.8551474791352746,2.956861124180567,1.9775036359504763,2.3811726091451435,-4.3816946080795285,-1.2828001976013184
p107_00333.wav,3.193549394607544,0.8612271953566221,4.291542320119906,3.732880751482015,3.7451797819798256,11.63220908901834,16.729053497314453
p107_00334.wav,2.644263744354248,0.8834457432959179,3.8610252476477407,2.958205976624304,3.2598294124845992,3.2287930221715806,-1.4026901721954346
p107_00350.wav,3.3494961261749268,0.948808097384322,4.51092899787136,3.503693318271785,3.9398121169360616,6.514829186203858,12.589449882507324
p107_00355.wav,3.0032849311828613,0.9193205258448838,4.133953515486413,3.3892518960492404,3.5734812677297514,7.498455487990477,13.189278602600098
p107_00375.wav,1.9089157581329343,0.790964279132029,3.021139831490856,2.157945269615575,2.4240684213455985,-1.8442135156650252,3.743134021759033
p107_00376.wav,3.1697440147399902,0.917218660175254,4.2240032189155405,3.068320002544433,3.691602743569727,1.6145446507322128,3.751539945602417
p107_00379.wav,2.3263328075408936,0.8675080138794893,3.1674852908809497,1.9071060412646448,2.6691479924152754,-7.295762675568601,-7.149596214294434
p107_00384.wav,3.166330337524414,0.8530692296010041,4.21932828963436,3.312697837817686,3.6883975091064634,5.482243567171297,13.9198637008667
p107_00392.wav,3.6916167736053462,0.9598309219665494,4.811728784474923,3.890090037692147,4.276853134866283,9.40850365228439,14.965996742248535
p107_00402.wav,3.6614036560058594,0.960944007164092,5.0,3.887169596024392,4.3867748295107,9.13357648941117,9.36312770843506
p107_00405.wav,2.0485646724700928,0.8376525726435263,3.448207187896397,2.341579334756973,2.7261967504402,-0.8311091378521845,4.377645492553711
p107_00409.wav,1.7783467769622805,0.7627742476160974,2.7692692406781765,1.615283782797331,2.1848313296759185,-7.3532243649485105,-8.428669929504395
p107_00411.wav,3.236443281173706,0.8860582995398737,4.180471903605964,2.758313949752045,3.6844242852828586,-2.966347597339553,-8.665684700012207
p107_00428.wav,3.283947706222534,0.9714169221419354,4.286383129262885,3.3957061140550264,3.7927974919235656,5.39446480367087,10.734949111938477
p107_00453.wav,3.5477547645568848,0.9702719057539396,4.67824822718871,4.003434263093679,4.135245725747312,12.41132365114233,16.016448974609375
p107_00454.wav,3.43011212348938,0.9478217781885896,4.52318710312846,3.95186356407644,3.998161255742962,12.508471938074443,17.60582733154297
p107_00461.wav,2.793989658355713,0.9471358247000948,3.619301643462759,2.336666743446942,3.1389275206765705,-4.414136755171002,-6.936069488525391
p107_00463.wav,3.372382402420044,0.951837615812127,4.414497049669011,3.784854978601161,3.911272553467039,10.456645999622982,12.683996200561523
p107_00466.wav,3.094138860702514,0.869607898265507,4.189771680724949,3.5897222773301154,3.65637668282234,9.583911537523068,12.809258460998535
p107_00468.wav,2.3323974609375,0.8552169179568538,3.419414515536121,2.618832916292432,2.8566829113308496,1.3507042394387565,5.8310651779174805
p107_00472.wav,1.7641810178756714,0.7848351795452398,3.094083612112637,2.16516348165399,2.399472369957807,-1.1688045683942068,2.8333890438079834
p107_00485.wav,2.682200193405152,0.9524153290618264,4.002418233184762,3.0071249866118013,3.352133333825857,3.594332596922506,1.1859320402145386
p107_00487.wav,2.0196046829223637,0.858565101365212,3.5140807557614684,2.7803515794213403,2.75958446679964,5.682028357134857,8.685961723327637
p107_00489.wav,2.1592798233032227,0.8514968501705028,3.348666684417885,2.296593734414694,2.724851187477165,-2.0448643197503737,3.947888851165772
p107_00493.wav,1.6987515687942505,0.8742202197350151,2.9291181466256253,2.173035570645001,2.270824901966484,0.0485229127115065,4.34108829498291
p107_00505.wav,3.475736379623413,0.968286262184252,4.644834762699721,3.794640695907406,4.081861567081232,9.660829411988406,14.866861343383787
p107_00519.wav,2.7114686965942383,0.8114356025360716,3.954120847477302,2.902322860582989,3.3275868222069334,2.382609658702389,1.8234939575195312
p107_00528.wav,2.6573400497436523,0.8475007989603925,4.053124537842873,3.381358691359156,3.3535245566628045,10.220388636950858,13.710453033447266
p107_00533.wav,1.922645568847656,0.8501997509218919,2.758981126946593,1.5809356131839385,2.2304581917906967,-8.01868844634227,-8.961402893066406
p107_00540.wav,2.2219104766845703,0.8198403658086353,3.300952060680379,2.27506844708323,2.7305290802071074,-2.764494401929802,3.165076971054077
p107_00550.wav,3.134632110595703,0.93399852811557,4.257044247663868,3.012991722667476,3.689253462140243,1.0493916526340534,-1.9928655624389648
p107_00573.wav,3.452866554260254,0.9601376273598264,4.694081456519564,4.0161975373693,4.09990341776725,13.127013430224816,16.714927673339844
p107_00575.wav,3.0046226978302,0.9645072895801824,4.339500108538363,3.5992131968080203,3.687671817619364,10.325751350695407,-0.7514487504959106
p107_00577.wav,3.1252520084381104,0.982866335707418,4.44461678412873,3.500446634636892,3.79941476484541,7.907702065629992,8.861933708190918
p107_00584.wav,3.5221009254455566,0.9404737838987688,4.621988125463747,3.7244242012988593,4.085797862114821,8.551747332639199,11.40395164489746
p107_00597.wav,2.663027286529541,0.7846695303224406,3.7808634335797744,2.911149535268484,3.2102993075577784,3.181861445595278,10.703876495361328
p107_00600.wav,2.141087293624878,0.8807722346213959,3.8495143313296354,2.783137733979774,2.993300664431516,4.5635293773091545,6.7269487380981445
p107_00601.wav,3.2128562927246094,0.9082625663971368,4.26650889888458,3.4431975857075647,3.7413955420909697,6.935056932550831,13.984468460083008
p107_00602.wav,3.4602792263031006,0.9425092222858557,4.647625399893978,3.953465988766494,4.075593233268161,12.29260335346224,15.129072189331056
p107_00604.wav,2.6773972511291504,0.852156127460904,3.8997692357718874,2.942012704475601,3.277240156971548,3.5397907576549645,8.835853576660156
p107_00605.wav,2.532362222671509,0.8431461374256035,4.077674321489169,3.315378833637346,3.301136442880508,10.187154992413184,-6.702280044555664
p107_00607.wav,2.385118007659912,0.8870692519398303,3.4294552678712558,2.254470292287896,2.8715529685170957,-4.094936487612185,-0.6769990921020508
p107_00608.wav,2.529611349105835,0.8365491730869112,3.6651136464802354,2.6757532373560555,3.0790131316662217,0.7362260970162647,6.758791923522949
p107_00609.wav,1.6708707809448242,0.7859981961637824,2.8653944031298533,1.8626418883551112,2.2220815568867343,-4.536517535164045,-0.927377462387085
p107_00613.wav,3.97933840751648,0.9231101092354352,5.0,3.820498034460494,4.536513305385868,6.6467522487204285,2.024588108062744
p107_00625.wav,2.109818458557129,0.9114702497620614,3.454960941879879,2.5083955699331155,2.7642622044462444,1.185739137508968,6.323009014129639
p107_00627.wav,2.618849754333496,0.8078830105288488,3.94047405104231,3.21809662620783,3.2728823957600635,8.148060907781904,13.066350936889648
p107_00628.wav,2.34452223777771,0.8619590828652719,3.526577418605521,2.555549027917577,2.9142886953188656,0.3351798790759522,6.974698066711426
p107_00637.wav,3.5301709175109863,0.9598802849046444,4.7814617437664895,3.948589140591518,4.170473547515243,11.993562105947042,14.132457733154297
p107_00644.wav,1.7767287492752075,0.708827215899955,2.766680284205534,1.5575902044469565,2.1745513687923763,-7.896548046563726,-9.012697219848633
p107_00650.wav,2.289425849914551,0.8840496617895248,3.5110570485487367,2.547331783776323,2.8836899771645923,0.404885781734812,6.384971618652344
p107_00665.wav,2.688261747360229,0.8901828450550752,4.280486359163915,3.333942033618888,3.495119896145555,8.666864302496654,10.499749183654783
p107_00678.wav,2.834928274154663,0.8281103706955394,3.976159227161824,2.787817007392745,3.3910057756951533,0.0640519967727394,1.2188129425048828
p107_00682.wav,2.2940447330474854,0.8789166340544204,3.501842713650108,2.469903094560599,2.877792201921684,-0.6985742655050242,0.4532821178436279
p107_00683.wav,2.306417465209961,0.9241778594106754,3.5600454119805574,2.8694805493958366,2.932319429271061,4.69885037723306,9.224387168884276
p107_00684.wav,2.177570104598999,0.8791306330898417,3.32889729430173,2.475350026295089,2.733867049003993,0.2300657855816874,7.55790901184082
p107_00686.wav,3.070192337036133,0.957684081226264,4.371698786765955,3.6238306518892136,3.7291160804756847,10.55769996854395,13.83419132232666
p107_00688.wav,2.109426498413086,0.9261912454086014,2.951115090546349,1.8922607824528035,2.443250968256096,-5.502023294887105,-5.482131004333496
p107_00691.wav,3.253101110458374,0.9394771826410704,4.383193199303512,3.6600486967699033,3.829918206200389,9.624950980614567,15.077380180358888
p107_00699.wav,3.3847522735595703,0.93521496405209,4.49431889371141,3.9383242078035865,3.959972340899652,12.678246346453086,16.75370979309082
p107_00706.wav,2.2282986640930176,0.9116427894194928,3.893997214333456,3.408420367799935,3.0684126870059787,13.433064954186731,15.553600311279297
p107_00715.wav,3.1761834621429443,0.924625083340626,4.3933541348236425,3.335049396539425,3.798532681099948,4.94411328900221,8.96938705444336
p107_00716.wav,2.0237879753112797,0.8407807581845698,3.0462935905715747,1.954763783207716,2.4783126746987603,-5.223694344030697,-1.1252927780151367
p107_00721.wav,3.463217496871948,0.9522410680361868,4.635640352653152,4.032590590143471,4.071328839018918,13.51677049825958,13.578971862792969
p107_00722.wav,3.486771821975708,0.9793407271481498,4.605180322056536,3.76863582819453,4.0673942786548505,9.1779353523717,14.571557998657228
p107_00723.wav,1.814600706100464,0.8501811381958629,2.619090263812344,1.5213028145092715,2.099468418838987,-7.844753742075466,-9.779800415039062
p107_00725.wav,3.7923693656921382,0.9092208176398708,4.78013667754095,3.376798974675304,4.293106775296024,1.3294612985853278,3.509169578552246
p107_00727.wav,3.676450490951538,0.9016663798057308,4.825856884488627,3.946911500218048,4.264445992186342,10.944449484316705,17.101089477539062
p107_00738.wav,2.240050792694092,0.8739101970008011,3.361115002970427,2.1040202848001712,2.7479240933580424,-4.661075769240681,-3.289015054702759
p107_00739.wav,2.6943273544311523,0.8854011986788801,3.81300398388226,2.783501057178295,3.243735606195081,0.8460137177043703,7.722603797912598
p107_00740.wav,3.5172815322875977,0.975217966506041,4.642184505073075,3.815490211413765,4.102416391749835,9.637140334187734,14.551234245300291
p107_00747.wav,3.118249893188477,0.8861216461345828,4.267244168847235,3.6085219714236,3.698491845938649,10.078646126159132,12.994504928588867
p107_00751.wav,2.530025720596313,0.8127159781606228,3.512800949834802,2.200427964302401,2.9729380502239846,-5.468048235020096,-0.9368021488189696
p107_00755.wav,2.8972396850585938,0.9126840936508256,4.070097774238367,3.3948957018730286,3.484369230596835,8.559628296746263,12.053093910217283
p107_00768.wav,1.7753682136535645,0.8009861995996692,3.0820703395315165,2.2013371113644453,2.3944034283658566,-0.4706325635219372,5.088830947875977
p107_00783.wav,1.685091495513916,0.8165818927915875,3.1482868944117595,2.304804448733296,2.3881272279508696,1.5763156093926418,5.070605278015137
p107_00795.wav,2.132063865661621,0.8482609525651943,3.2194844492126213,2.031624270297186,2.6215419360379992,-4.930028108265712,-3.761905431747437
p107_00796.wav,3.454200267791748,0.8580521105972169,4.3059721529390815,2.8829010839030933,3.8622782981438832,-2.8810459565754885,-0.0879597291350364
p107_00798.wav,1.984715700149536,0.7839815688267474,3.3057633882299773,2.227819073348882,2.609498839718639,-1.5540378853488286,0.0992881953716278
p107_00800.wav,2.159551858901977,0.7276172272547259,3.372638691762493,2.3405902433402868,2.7436007569983394,-1.6430813117377037,4.34746789932251
p107_00803.wav,2.9278323650360107,0.9169646973487136,4.204434875730132,3.565822354480804,3.5761839683257706,10.62100050938991,13.097033500671388
p107_00808.wav,2.073058605194092,0.7835869851807161,3.365748553305297,2.4070900795867147,2.6931483767996576,0.2162311558923265,0.5358496308326721
p107_00810.wav,2.9602208137512207,0.905381150053174,4.181620062811708,3.2642023849158948,3.5685963067638213,6.142376575564477,8.081183433532715
p107_00816.wav,2.158039331436157,0.9151196111988829,2.990274615115317,1.783837501294123,2.466047064199193,-6.6562156853808565,-12.415789604187012
p107_00835.wav,2.355712413787842,0.8186298623158601,3.440236877780151,2.2673716568321645,2.860510103655671,-3.598369826367165,0.5825155377388
p107_00838.wav,3.214304685592652,0.9143186839315788,4.36325561362968,3.559301730716634,3.789281404540224,8.810337230522741,9.97253131866455
p107_00845.wav,2.7103705406188965,0.8870738645183341,3.7171187153433447,2.518286168913212,3.1825475381373094,-2.534691694581676,0.0014359160559251
p107_00846.wav,2.006156206130981,0.8850465703007229,3.534315774079097,2.736644228465441,2.7616198105089778,5.145019623848057,5.104822158813477
p107_00853.wav,1.685197353363037,0.8248385836662644,2.835980409412361,1.9480161865029169,2.2165498898846594,-3.372436208398167,-1.2128353118896484
p107_00861.wav,3.9311678409576416,0.9902441901367542,5.0,3.811802517477421,4.51296391453531,6.485572930785368,9.601557731628418
p107_00865.wav,2.822129011154175,0.9379670156419226,4.203740222997421,3.408885220552295,3.52729440949777,8.719019247731847,11.384410858154297
p107_00880.wav,3.182337045669556,0.9099274516150097,4.164956819204101,2.7780435189449744,3.6482354550696794,-2.1921137489859994,-4.641941070556641
