Filename,PESQ,STOI,C_sig,C_bak,C_ovl,SSNR,SISDR
5639-40744-0023.wav,1.67496919631958,0.8478635184272958,2.442931740348145,2.004073657834488,1.9963225126228512,-1.5461823153682417,3.833198308944702
4992-41806-0002.wav,1.831239461898804,0.9054578299508242,3.02578251894047,2.442848076385103,2.3780851496019983,3.6670016912213774,10.601082801818848
237-134500-0034.wav,1.659630537033081,0.8086299881850965,2.5613178061566995,1.9491040630072116,1.97795810982298,0.7608418343808475,9.783222198486328
7127-75947-0006.wav,1.8345109224319456,0.9830444815567788,3.3747622721546664,2.346872360148576,2.557510724087141,1.9367221479156007,14.17791748046875
6930-81414-0004.wav,1.4747272729873655,0.8071525773196193,2.83762899022307,2.0595358470388088,2.106302233598233,0.2055682408704413,8.132285118103027
61-70968-0005.wav,1.6342263221740725,0.8709042482594692,3.4322963185726554,2.3792725362057823,2.4927705386964645,3.628322537050232,7.893470764160156
4970-29093-0001.wav,2.8852689266204834,0.924709841479217,3.856487387165009,3.0998442155438752,3.355670423674066,4.688246357699719,14.739880561828612
4446-2271-0006.wav,3.658938407897949,0.9859066221409728,4.685356166628785,4.156002254227964,4.204312428356647,13.575908672059397,18.156818389892575
6829-68769-0000.wav,2.5482382774353027,0.927929139258287,4.12004541109614,2.648842763268301,3.3266961443411005,-0.3572807514665144,8.729155540466309
6829-68771-0016.wav,2.0736160278320312,0.931775225964213,3.5824987647604365,2.7227780302398505,2.8197020096627705,4.411192359728224,12.03431510925293
2830-3980-0010.wav,2.944665670394897,0.9591579370679122,4.44945715664876,3.445961013157788,3.7060959207760953,8.612931506293695,14.404755592346191
1320-122617-0004.wav,2.000192880630493,0.93199031627719,3.5340300792301638,2.690720127307647,2.7428761850730767,5.148201240240507,4.97371244430542
1188-133604-0014.wav,2.085153579711914,0.8562895954233122,3.16854322781938,2.1792816506233232,2.5753159244111474,-2.3540947406066124,9.46506404876709
1284-1181-0005.wav,3.20965313911438,0.9741809146782134,4.669062477898201,3.482486490076642,3.9622704534557793,6.605162808452043,16.71198272705078
260-123288-0021.wav,2.2845849990844727,0.9557792772299302,3.5506501068495413,2.8574473890662864,2.896762118201793,5.548416239892761,13.191441535949709
61-70970-0037.wav,2.900153875350952,0.9781464636334236,4.507458756526416,3.5187727465621848,3.719421952600206,9.800493334170213,12.13233757019043
5683-32866-0005.wav,1.36950421333313,0.7996003061654963,2.3652283269950884,1.7852787427540988,1.775742703815206,-1.4824464136984676,8.258706092834473
3575-170457-0042.wav,2.0423972606658936,0.8807567189333787,3.444549138398317,2.593372139922362,2.6976683943972493,4.251921409875792,11.308502197265623
7021-79730-0006.wav,2.357553243637085,0.960236634306036,3.674783023695664,2.656735997590364,2.977543923031183,2.5944395984336213,5.953311443328857
8455-210777-0000.wav,2.583554267883301,0.9588237409336816,3.855632614980135,3.3370691527899243,3.2325806799521826,9.4347671255588,14.041378021240234
5683-32879-0013.wav,2.1792261600494385,0.859076020661288,3.6520011880768513,2.342656806494956,2.86980264209612,-0.7578493482797962,9.191006660461426
5639-40744-0017.wav,1.394784450531006,0.9726300280691704,2.846539557735636,2.3049548480562283,2.092531394365856,3.731139044082104,12.377886772155762
6930-76324-0019.wav,1.5385472774505615,0.8654371821284529,3.373936652191375,2.601531804166671,2.439734338948741,6.810834066843037,8.683131217956543
237-126133-0008.wav,3.2021572589874268,0.960178860377957,4.185165465100416,3.513766886820891,3.701307062996389,7.881356431066503,13.007587432861328
2094-142345-0008.wav,1.2715561389923096,0.7190887845652334,2.490794194639641,1.614619505872203,1.759812211845846,-2.1727388089834148,-0.7895849943161011
1284-1180-0006.wav,2.064953327178955,0.9116241358576674,3.649838758281776,2.478814962413697,2.807778760694353,2.4133474078531285,6.210043430328369
1320-122612-0003.wav,2.5456929206848145,0.9457605051878538,3.994620339711032,2.9702072761068083,3.255273526552468,5.103610002668408,5.130887985229492
6829-68771-0002.wav,2.6783158779144287,0.9746293783025224,4.238703485493444,3.5067315569393425,3.4717253381034405,11.37849661335199,14.09034824371338
121-123852-0001.wav,3.0495238304138184,0.8904710612186103,2.703385254992319,2.5831177364734645,2.8703705485458557,-5.00263289987358,15.326440811157228
2830-3980-0000.wav,2.6322062015533447,0.95367837043949,3.792614309157981,2.9414578610926734,3.190504901480098,4.340810221171896,10.505264282226562
5105-28240-0009.wav,1.4688923358917236,0.863352765328346,2.97506675582904,2.3871595953256244,2.206179475666451,3.9328784995254167,7.634384632110596
1320-122617-0023.wav,3.1535120010375977,0.9307152981227508,4.228017407351283,3.0663814750687965,3.644656130509575,3.502222882301297,2.3874549865722656
672-122797-0021.wav,1.7842800617218018,0.8947959329531755,3.2171662780412134,2.247585522167841,2.463030643492373,0.3321140424367836,5.253904342651367
6829-68769-0046.wav,2.4849767684936523,0.962770286382202,4.0007350932191725,2.784154172312539,3.218467298046621,3.015926390268599,11.275073051452637
237-126133-0020.wav,2.917076349258423,0.9609533502169704,4.090203680782956,3.210600476139699,3.501273838272036,5.621102666203388,12.323461532592772
8455-210777-0057.wav,1.9705398082733157,0.9343248040197736,3.324497575059137,2.870305675352788,2.644972695457056,7.2840839358630785,11.750268936157228
1089-134686-0022.wav,2.462528944015503,0.9653780983312822,4.014293734113765,2.6598573520911,3.252811806222448,-0.5020948798345954,12.523910522460938
8224-274381-0011.wav,2.16715145111084,0.8760858576300304,3.580986768812456,2.6341711006899264,2.8369760442366903,3.58183072530626,10.30296230316162
1221-135767-0013.wav,2.11002779006958,0.8784968774009176,3.7568255627719114,2.800719497741661,2.931078886561452,5.096706929832393,6.285843372344971
7176-88083-0026.wav,2.4882333278656006,0.9812374078238812,4.018746063823744,2.9636469399222367,3.250207858379357,4.909147717103357,6.296718120574951
4992-41797-0010.wav,1.4267913103103638,0.8082321770969038,2.541833528069362,1.903265815388158,1.9292760834591205,-1.6626628811930864,7.577540874481201
672-122797-0027.wav,1.6052076816558838,0.785387355714128,3.111092267389548,2.3127853829624625,2.292928019397392,3.910811871378209,6.4132184982299805
61-70970-0013.wav,2.5241448879241943,0.9865338614832578,4.266037548402768,3.351946033706408,3.4201150388986763,9.53441693618529,14.654354095458984
1284-1181-0011.wav,3.4756791591644287,0.9808850122787888,4.832140769154872,3.920476147086953,4.17213206907918,11.786358653363372,14.57907772064209
8224-274381-0009.wav,1.342185378074646,0.782763177083565,2.71697547950576,1.923221821496535,1.9994888626029577,-1.8402696394323697,6.35458517074585
2830-3979-0008.wav,3.2379419803619385,0.9462324609001564,4.517992929812429,3.387292847844859,3.869605423817465,6.279809660240447,10.85923671722412
8455-210777-0039.wav,3.041635036468506,0.966052247011979,4.293363278293874,3.329154242361531,3.651779076583327,7.151705794221852,12.69483470916748
7021-85628-0001.wav,2.8725099563598637,0.9840542975683606,4.322993985444356,3.2982452131045257,3.591042003187312,7.507143342273687,13.7647066116333
5639-40744-0032.wav,1.3562209606170654,0.8085986652596582,2.372210556007056,1.7665957785457105,1.7783348597155395,-1.9348872273158464,2.3576550483703613
4992-41797-0016.wav,2.715679168701172,0.9781591501849092,3.8589739021894953,2.897064313465993,3.216636176424592,5.163395679383337,13.757519721984863
7729-102255-0011.wav,2.154942989349365,0.9109491458655372,3.4415859721933173,2.789327658644841,2.786850214265975,5.018129333072701,6.960580825805664
3575-170457-0035.wav,2.744086503982544,0.9561639524702042,4.094537045255289,3.536445035218402,3.3950769376358108,13.030971796348542,13.148401260375977
1995-1837-0003.wav,1.1419498920440674,0.6791125231707609,1.85864336556832,1.3093068930935798,1.2454817732052343,-0.1165243173814344,-5.61051607131958
237-134500-0019.wav,2.0188465118408203,0.8903999356807829,3.248578755199969,2.4746088635706096,2.5996643824660035,2.04331914943268,8.71534538269043
672-122797-0018.wav,2.359234571456909,0.9270954926271432,3.867961005466994,3.020903822519342,3.1121831355307186,6.70239470351314,9.722578048706056
121-123852-0004.wav,3.389189958572388,0.9895564588346276,4.646405090906728,3.635441841951111,4.021360982790262,8.56503279449914,14.704370498657228
1188-133604-0031.wav,2.5291972160339355,0.9363171788218452,4.10677344374826,2.721306858292519,3.312707429274885,0.83915736268431,11.554722785949709
7729-102255-0043.wav,1.8037848472595213,0.8711120010158105,3.2661089631860087,2.459646842186089,2.5101197357378533,2.9823699147954046,5.035287857055664
3729-6852-0029.wav,2.389037847518921,0.9248126446557172,3.69451394089813,2.891774627120641,2.991431806750048,6.607470712760401,13.892951965332031
2094-142345-0037.wav,2.7051618099212646,0.8922272432234807,4.133330861744681,3.24257886556845,3.4025375610912114,8.317503818076794,12.693540573120115
8555-284449-0001.wav,1.9784531593322756,0.8588604877520446,2.8943460195161936,2.223157835207007,2.387140093690221,-0.9422148101501562,6.610736846923828
2300-131720-0034.wav,2.686681270599365,0.9491502701280652,3.999245203603439,2.8709626186852697,3.342418645428624,1.857181794418599,6.025598049163818
1221-135766-0002.wav,2.030695676803589,0.9523214316048344,3.831741596448347,2.7909105180692486,2.929604006676434,5.485249662072568,8.345918655395508
4446-2273-0003.wav,3.1760504245758057,0.984368834201042,4.633908884552437,3.820134926464179,3.922054255049065,12.4732468763976,17.540164947509766
8555-284449-0006.wav,1.8666564226150515,0.8702750287875047,3.279151365125301,2.039083360626971,2.4811897593538434,-1.2109305237514576,5.53966236114502
5142-33396-0004.wav,2.4134163856506348,0.9689804163619822,3.618048577955176,2.7544029679401976,2.998092697565656,2.814597111824479,14.685379028320312
2830-3979-0002.wav,2.706636667251587,0.8479590640549731,3.800449474263599,3.139188241856245,3.204170960346216,8.140264806042564,9.891374588012695
672-122797-0008.wav,2.238323926925659,0.8354213348207827,3.546398629884874,2.7522699198801863,2.871154324373286,4.23575222411378,6.856814384460449
5683-32866-0002.wav,1.928502082824707,0.8738015192932634,3.097693810537317,2.1224663297775006,2.416793701818365,-0.1214441002824397,9.440890312194824
6829-68769-0025.wav,2.2049288749694824,0.9514183697247554,3.5707959530746662,2.8068415079718503,2.8889377533013367,4.3636918416628685,11.849664688110352
2830-3980-0038.wav,1.98601508140564,0.8510634179759037,3.302498274695242,2.597925927524769,2.587840375635992,5.2223970311700265,9.702896118164062
7127-75947-0018.wav,1.9046342372894287,0.9424436374338128,3.6869287762193785,2.8138189838965437,2.802991792837997,6.404449331251004,14.324213027954102
672-122797-0047.wav,2.1989221572875977,0.79607474503364,3.6341056123891433,2.3882988734916197,2.8646992475796096,0.0879259911231376,7.505892753601074
4970-29095-0002.wav,1.9186251163482664,0.8752368606008921,3.161515600375398,2.230512761034202,2.486214184083221,-0.2106974666028798,9.53847312927246
4446-2273-0010.wav,2.6941394805908203,0.9524088116426666,4.246484699110073,3.401684988818006,3.479806659001514,9.757608583526736,15.4176664352417
8230-279154-0029.wav,2.763589382171631,0.9824378833481244,4.348573904664099,3.312396601266606,3.573720923096397,7.458811187361841,10.303715705871582
3729-6852-0003.wav,2.077155590057373,0.9066622025479262,3.42966805763551,2.236420668722221,2.6754158314777725,-0.2501860888691918,7.55819845199585
4992-41797-0017.wav,2.043383836746216,0.918110405005172,3.1064449597234454,2.530382697562332,2.539593396221231,2.819104395499482,9.580968856811523
1284-1181-0015.wav,2.4271819591522217,0.9588881024406424,3.889994103609824,3.0539888926116774,3.141593890076153,7.410940537579974,11.522479057312012
6930-76324-0016.wav,1.921327352523804,0.9005157974487761,3.3785137844955178,2.742147064710476,2.63304761246218,6.2378952984633305,7.248355865478516
5639-40744-0026.wav,1.2460453510284424,0.774869139736878,2.2832735291427317,1.8031394488061785,1.688619868274345,-0.9670745042783726,0.5843011736869812
7729-102255-0020.wav,1.410696029663086,0.8677773575690374,2.7555192237972754,2.1405185503070285,2.060798673409535,0.7570401098165241,6.175673484802246
1221-135766-0004.wav,2.619777202606201,0.9285459437829447,4.14358421084374,3.1059229706644365,3.3762895017143606,6.277783815566663,11.350058555603027
4446-2273-0005.wav,2.745838165283203,0.9775408587262564,4.454030695595644,3.6510593583606665,3.625190482342731,12.618334695045805,14.827932357788086
3729-6852-0041.wav,2.054102659225464,0.9124571244358208,3.46656169980734,2.2492756673271432,2.702165338708679,-0.7538754309119479,10.31891632080078
237-134500-0035.wav,1.362080454826355,0.7659023927471706,1.30787558429221,1.3270711818284204,1.0499287665749852,-0.0655379410935111,4.189544677734375
3575-170457-0016.wav,3.5493032932281494,0.9830385977940138,4.772573593669002,3.7172112888249904,4.154920693603407,9.091791567844108,19.96895217895508
1089-134691-0007.wav,3.35539174079895,0.9622877948557488,4.700601182991631,3.702136303078415,4.047162039234296,9.179502326421686,15.242992401123049
4446-2273-0032.wav,2.5301215648651123,0.948650928311995,3.9794681122639135,2.568095115005238,3.237828633375519,-1.070982936047725,9.819684982299805
4446-2275-0004.wav,1.846127152442932,0.9489657440729156,3.480617668710931,2.458193380635591,2.636089042259083,2.732553932969127,10.64704704284668
1995-1837-0007.wav,1.2878317832946775,0.7840371218326956,2.636985910542114,2.07408128297142,1.8604422410190984,4.130143095197752,4.736085414886475
7127-75947-0004.wav,2.685107707977295,0.9958977384129752,4.027280289377683,3.003997616225182,3.338921753478222,4.714447479088834,17.452350616455078
8224-274381-0001.wav,1.403754711151123,0.689152457032768,2.415584393329917,1.921986416565806,1.832090361595072,-0.18903243233266,3.862568855285645
6930-81414-0003.wav,1.5442352294921875,0.8442799667265646,2.8640245502163646,2.3166666238461278,2.148809470057716,4.011891650882124,6.940091133117676
672-122797-0046.wav,2.3369009494781494,0.8923313333812332,3.6610543116582153,2.8900090719688984,2.982904324989317,5.45726148150497,8.64533519744873
1580-141083-0038.wav,3.093031167984009,0.9585772359859736,4.556170608882397,3.685963856606521,3.837986971822864,11.126112769760654,18.073820114135746
121-121726-0005.wav,2.6330416202545166,0.9668992162513438,1.6006668863611682,2.17945240155625,2.058703288603509,-5.929088163576373,11.365182876586914
1089-134691-0020.wav,3.330156087875366,0.9721076386327407,4.478491827591732,3.25903145899619,3.8897457223457614,3.8425391798617534,12.619333267211914
7127-75946-0018.wav,2.3924949169158936,0.9327372484453332,4.101047416599936,3.214051883018659,3.244881874617484,9.51911829068395,9.131699562072754
7127-75947-0040.wav,3.211174249649048,0.9847516112784452,4.660373230530224,3.681348214860841,3.9537682571764408,9.968108102494854,14.16430377960205
8224-274384-0012.wav,1.2052459716796875,0.7260838350960579,1.9740725884623096,1.5127150018338569,1.4339865162890988,-1.7346904429411278,-1.57426118850708
237-134493-0000.wav,2.478276014328003,0.9284934928899756,3.544880160877023,2.830415682588151,2.980446785357846,4.145483057999532,5.1653265953063965
5105-28240-0005.wav,3.219255924224853,0.9481327691764796,4.460780586857302,3.342311191571916,3.843795636200983,5.1747769986000325,8.994522094726562
260-123286-0028.wav,2.496194839477539,0.955462120757348,4.1021556283815785,3.328083500174327,3.312471087980948,9.895863828066478,16.308616638183594
1995-1837-0017.wav,1.4737215042114258,0.8646353219377937,2.7603419304469314,1.939149571016467,2.048405566588244,-0.8635218649534456,4.120345592498779
7176-88083-0008.wav,1.129631757736206,0.6788087046051251,1.4086116383890122,1.408679253187086,1.083710998927525,-1.4581293931734194,-5.835292339324951
8463-294828-0010.wav,2.679164409637451,0.961724396580985,4.096692464958729,3.115134939673355,3.381848893815648,6.021755105624883,14.005451202392578
672-122797-0051.wav,2.405784368515014,0.8695110780389922,3.846352196083329,3.0672703629371623,3.110755233493127,7.71003086987744,12.733549118041992
1320-122612-0011.wav,1.311509609222412,0.8006731222936041,2.5922433356765366,1.8220974005653696,1.907165772799725,-2.561925868128643,0.9189029932022096
8555-284447-0002.wav,2.3471791744232178,0.8720508391814359,3.666704711213191,2.503700058720093,2.9314551666815003,1.8667352816079967,10.085769653320312
3570-5695-0012.wav,2.403337955474853,0.9468371140319096,3.90347269728358,3.304494176685311,3.1587615641586044,10.576730449411713,11.50880241394043
4507-16021-0051.wav,2.739546298980713,0.9755469768400976,3.923601675623317,3.304905501865925,3.2937461223323057,10.006389754211488,18.62794303894043
5142-33396-0002.wav,2.2250218391418457,0.9219685117278774,3.500389377497573,2.416805032095542,2.8495613871808514,-1.3413818662983583,12.762188911437988
5142-36600-0001.wav,1.5073509216308594,0.9155727423925928,2.537459220849908,2.202435068333964,1.9646432070392352,2.6130006307171123,9.258010864257812
61-70968-0030.wav,2.535094976425171,0.9703866914130032,4.215479247554709,3.20974794853843,3.386614861294801,7.805466576850822,12.631817817687988
7176-88083-0005.wav,3.168423891067505,0.9855119798909696,4.637182161640362,3.545776853513993,3.9208726748305462,8.130362014620706,10.161251068115234
2961-961-0001.wav,1.7331907749176023,0.8866758450985044,3.1728983860266915,2.078827653290874,2.3921860269571025,-0.9447158328222598,8.384490013122559
4446-2273-0014.wav,2.406452417373657,0.9633519203270486,3.997177826358847,2.9502396017778936,3.209521677500262,4.817109515788342,13.91460418701172
6930-76324-0020.wav,2.41755747795105,0.9451100887114028,3.9672006607090826,3.089160851544141,3.193700485170488,7.22491284677359,8.311197280883789
672-122797-0043.wav,2.9690072536468506,0.9020325396918664,4.390806793130961,3.617145658572251,3.670906190905412,11.951684744226638,18.583518981933597
2830-3980-0076.wav,1.2487678527832031,0.7323270630083734,2.623023872375724,1.8204393688331453,1.862844342585328,-0.8805523728692668,3.478757858276367
5683-32865-0011.wav,2.526529312133789,0.8956651854334409,3.9832926249859297,2.8861996042320435,3.224771068624316,4.5847759427873305,11.069979667663574
672-122797-0066.wav,2.3299217224121094,0.9333167297540996,3.748323820058678,2.84678002544515,3.0130026687984084,5.255823983204356,7.241062641143799
7176-88083-0004.wav,2.184593915939331,0.9582437313620809,3.633691971898418,2.837447260240718,2.908373114106233,5.073900406167736,6.889894485473633
6930-81414-0005.wav,2.0481324195861816,0.8142983611375629,3.372026070065987,2.253720551691857,2.6581452216612,-0.9038225561143632,8.13671875
1188-133604-0008.wav,1.818274974822998,0.8070060724641109,3.261591852332743,2.3369385969035847,2.507900415308018,1.245814567031433,6.574202537536621
5105-28240-0022.wav,2.699794054031372,0.9395145000350408,4.136325343815071,3.0759828271335365,3.4157841930974087,5.076437615385902,6.993442058563232
2300-131720-0027.wav,2.7181236743927,0.9803389456941196,4.301832306593704,3.267435582048007,3.5138254710998105,7.692817917568278,7.940896987915039
8455-210777-0043.wav,1.4143273830413818,0.7897705746444516,2.686864314736374,1.7383370766019202,1.9775019769267403,-3.4086643482966537,4.671777248382568
121-121726-0004.wav,2.988466262817383,0.9622140247430552,3.1494801372490846,2.76404453946906,3.0436776227149145,-0.8821799991434427,12.38710594177246
5142-36377-0014.wav,2.758126974105835,0.9729311990618668,4.155922171364943,3.3464097680215112,3.4563274464512497,8.867460168614373,10.497364044189451
672-122797-0054.wav,2.737962245941162,0.855009728444353,3.939990925704032,3.145790731476793,3.3150785082333027,6.876942558472451,12.5642671585083
121-127105-0018.wav,2.058600425720215,0.8551870990977077,3.666451985517452,2.308023057907794,2.832911131540349,-1.133880924433992,5.603005409240723
2094-142345-0014.wav,2.061410665512085,0.8664266854005434,3.692658258341204,2.630629300316193,2.8649303886214628,3.191821762483647,2.528465986251831
7176-92135-0021.wav,2.862828016281128,0.9493055866280132,4.281837316803658,3.360151465200655,3.571491952300086,8.306935697525565,9.372797966003418
4507-16021-0007.wav,3.347648859024048,0.9753875420248742,4.347931593337654,3.552499504328145,3.7985680568186986,9.91222155969641,16.7862606048584
237-126133-0014.wav,1.1886975765228271,0.6562944124340283,2.2027386822360997,1.575534250200168,1.5836819171088787,-2.562685751904888,1.7479596138000488
1580-141083-0018.wav,2.455627918243408,0.9336937059944348,3.771311311709545,2.5404634476386336,3.0457582007463597,1.2973986025550324,15.617359161376951
6930-81414-0011.wav,1.8461573123931885,0.7915364931268603,3.271686156671251,2.59234869489268,2.5446138401890206,4.312458332913147,8.008841514587402
1320-122612-0007.wav,2.499106884002685,0.9484102271143868,3.8811273084640714,3.135713481223697,3.191333052858544,7.376802824804232,7.394370079040527
908-157963-0026.wav,1.7047560214996338,0.78400561953547,3.0749462504057035,2.14401596030271,2.354477681748371,-0.8128230650792412,5.183531761169434
3729-6852-0021.wav,2.1965343952178955,0.9052765006234468,3.7191004701030543,2.5638367896680547,2.9032108299920445,3.0057497653390457,7.895480155944824
6829-68769-0013.wav,2.294018268585205,0.978260117331148,3.6704295760536834,2.837480451793253,2.957796777097324,5.306515929052384,11.392861366271973
4507-16021-0042.wav,3.491568326950073,0.9889205068654048,4.809130612898131,4.032930119988063,4.1749091780036345,13.177496332941915,20.943288803100582
4992-41797-0019.wav,2.1224522590637207,0.93843088358523,3.259913662165127,2.299948953453148,2.631970318824031,-0.3849774755182648,10.895681381225586
908-157963-0000.wav,1.3441381454467771,0.8255151970858648,2.814788182172473,2.152553231868516,2.043219090904288,2.046126043061467,1.0890713930130005
2094-142345-0044.wav,2.4413232803344727,0.9332903661882423,3.881870016326438,2.9351521708010573,3.144401522004909,5.430167215223819,8.346983909606934
61-70968-0008.wav,2.4270198345184326,0.981323090415522,4.117531035490246,3.21163955531798,3.281295837019376,8.743993238655815,9.058135986328123
237-134500-0024.wav,2.157002687454224,0.8510862215901309,3.26514448483584,2.323526032415019,2.666235459977976,-0.8992125761997269,7.660063743591309
1995-1837-0021.wav,1.6129748821258545,0.8068137103176763,3.0083313458391374,2.432274335945935,2.281338064191301,4.1792033155655375,7.707242012023926
4077-13754-0000.wav,3.334146022796631,0.9803270892992596,4.591319550631294,3.499292350641224,3.965284172603665,6.860011140413521,13.702448844909668
908-31957-0000.wav,2.62491512298584,0.9734035428293476,3.93717128393474,3.2280059086869226,3.2784027249791485,8.078649869491677,13.767585754394531
7729-102255-0010.wav,1.5384975671768188,0.8610428652489435,2.982254524781095,2.030497374733316,2.226899749363233,-1.4632870357189236,4.869326591491699
4446-2275-0035.wav,1.8855113983154297,0.9288818698559924,3.542442374248857,2.5834073002736595,2.703703313858278,3.673817753209208,11.79026985168457
2094-142345-0011.wav,1.5937819480895996,0.91782312476545,3.3752935426810518,2.39372723383333,2.4526563181302743,3.782559946774404,5.2077250480651855
8463-294828-0003.wav,3.4505858421325684,0.9859131821364996,4.951740394400901,4.008687856623451,4.230456981255175,12.870831898722384,18.540132522583008
4446-2273-0011.wav,2.244514226913452,0.956053184984256,3.678573866764647,2.418143682374505,2.9364659103922905,-0.9570400953551964,11.495052337646484
5639-40744-0035.wav,2.08206844329834,0.927957188869235,3.329564679516864,2.442783738382311,2.6695283465762145,1.162326370168642,6.703460216522217
61-70968-0027.wav,2.5790956020355225,0.9584118998592734,4.1160952741893535,3.2179560149334367,3.3555560641580726,7.7705234262590865,13.130626678466797
1089-134686-0032.wav,3.7074787616729736,0.989166458914356,4.988226378371911,3.937308339151784,4.379316980846676,9.745358042006,15.9843168258667
1580-141084-0012.wav,3.064050436019897,0.8886851090225467,4.446421187983877,2.804831797789904,3.7313418924383073,-0.992293595794762,12.008159637451172
2830-3980-0061.wav,1.8569018840789795,0.8428420730668108,3.2072062209127643,2.3668699215121336,2.4645006643401914,3.0071083487371566,7.889780044555664
8230-279154-0038.wav,2.1777055263519287,0.9134509658386426,3.629907584920884,2.603106661083254,2.863171017449968,3.16181762931507,4.60782527923584
1284-1180-0017.wav,2.13773775100708,0.90833161821217,3.569516550357536,3.172655084727589,2.8557500193266634,10.619341308707964,14.653487205505373
4507-16021-0032.wav,1.7640455961227417,0.8062140275227371,2.916978741450636,2.059084464817333,2.263870351015276,-0.7626642419756242,7.75146484375
4446-2275-0026.wav,2.181536912918091,0.9386371698983192,3.7637024958774377,2.7766718131277885,2.971463339350718,4.134850055274736,11.053475379943848
8455-210777-0023.wav,3.080106735229492,0.9916506479873816,4.320985141460513,3.5311922404101974,3.715385672107383,8.725783303205029,16.198589324951172
1580-141083-0009.wav,3.2462289333343506,0.9507642334873856,4.702767691601467,3.8489834816803383,3.991973039142114,12.389046690942472,18.73343276977539
3729-6852-0020.wav,1.143285036087036,0.7531334774472124,2.101200106594638,1.5930327713838133,1.509252695017702,-1.8974203739548456,4.612195491790772
5105-28233-0006.wav,1.861972451210022,0.8793903341651571,3.2366155305944533,2.449349765447318,2.514356662655662,2.8387675779286954,10.92050552368164
5142-33396-0060.wav,3.722472667694092,0.9928229594228274,4.776896631499056,4.077932120831562,4.28302824245455,11.806824671566147,20.69756317138672
672-122797-0032.wav,1.440021276473999,0.8592494319807809,3.2007471220203536,2.454056753130358,2.2687301707679066,6.763011017729661,2.6822009086608887
7729-102255-0037.wav,2.263138771057129,0.9024132963966728,3.735635281521127,2.4117929737193218,2.975553637275265,-1.256031322113852,6.877801418304443
2961-961-0003.wav,1.6355457305908203,0.9013825712281016,2.9204558155373976,1.886103830002054,2.171574207873116,-1.2496146225334968,7.155353546142578
1284-1181-0001.wav,2.7961502075195312,0.9674956652248304,4.247143098926212,3.3844309126804584,3.52905436956736,8.82393781880569,14.463483810424805
908-157963-0023.wav,2.1425607204437256,0.8814723585733917,3.819365309366522,2.846550742075849,2.9687492761623338,6.012456792591753,10.869552612304688
5683-32879-0020.wav,1.820155143737793,0.81169190229339,2.988059124673663,2.0059871255826067,2.315015960699266,-1.478026451761213,10.07192611694336
4446-2273-0018.wav,1.3676693439483645,0.9012392150664874,2.7575061980934223,2.062315278226828,1.9984244879281556,1.6766134169471745,5.819491863250732
7021-79740-0002.wav,2.1910696029663086,0.9459199611086272,3.245331627509811,2.655673945852264,2.676570839940827,3.9827166618749126,11.58705234527588
6930-76324-0015.wav,2.487888097763061,0.9467231273231116,3.980418344653748,3.129743965138987,3.237505807179317,7.259948364986253,6.452508449554443
7176-88083-0007.wav,1.08624267578125,0.6505511173098123,1.6390066700658024,1.3699337337548925,1.2073909623887964,-3.107656000871033,-1.6989507675170898
1320-122612-0000.wav,1.8499934673309328,0.8801549574391524,3.5431404980340018,2.4276094679302607,2.6650698192413844,2.39756918610116,2.7180421352386475
6829-68769-0037.wav,1.978136420249939,0.9722172630906916,3.780421042596782,2.9207403287873364,2.867121567814404,8.403313638487823,12.496624946594238
237-134500-0021.wav,3.1859376430511475,0.9303276317422032,4.404005440243912,3.612538417747337,3.794265658028764,9.913211332338784,17.08036231994629
4446-2273-0034.wav,2.5664024353027344,0.9559199110493914,4.020566817597226,2.668568517472327,3.2829629252556303,-0.0318426598433592,10.885459899902344
121-127105-0014.wav,2.516592025756836,0.9219634920664652,3.273631768660619,2.538852003354293,2.854382849805408,-0.3129419387280148,11.467266082763672
1580-141083-0005.wav,3.295511245727539,0.9464569009384772,4.51287936464725,3.384194786401639,3.88253511695359,6.392884252665854,20.30862045288086
5105-28240-0019.wav,2.905385255813598,0.9485076318107216,4.275468539393572,3.4270586573025428,3.605362428094309,8.360964356827498,12.227002143859863
4446-2273-0035.wav,1.984549641609192,0.9016736659062758,3.065873246140513,2.074289062110273,2.460491019780701,-2.687299892936433,9.686104774475098
2830-3980-0003.wav,1.1314139366149902,0.7177699253758952,1.8375058501087096,1.593369005154769,1.308874940635335,0.981498155716876,2.2834367752075195
5683-32866-0003.wav,3.51484489440918,0.9750057710379276,4.604142510318292,3.8428320717743913,4.067621884935434,10.73445316539557,15.99173069000244
3729-6852-0011.wav,2.8988442420959477,0.9248808353552516,4.329904067072951,3.4003865893765672,3.5927186037031467,9.592138676626506,14.502793312072754
61-70970-0016.wav,1.3295743465423584,0.9358786315924726,3.173575102287635,2.088655889821233,2.2529846701833094,-0.5582109515386746,9.758296012878418
908-31957-0013.wav,2.252213954925537,0.8838121217431394,3.636952360299511,2.532238980733586,2.899711243483478,1.6738116769780171,7.25160026550293
8555-284447-0010.wav,1.709406852722168,0.8474830717711709,3.1565272370173405,2.5331653104177727,2.3925305278019664,5.544222096304788,6.320984363555908
6829-68771-0024.wav,2.866224765777588,0.9816000032302312,4.224070022910811,3.491188674708639,3.550190172460252,10.108824597231427,17.19046401977539
2830-3980-0022.wav,1.4712235927581787,0.826522685074597,2.716560888201622,1.9740799580818729,2.024247392332696,-0.2410959443503552,6.57362174987793
5105-28240-0020.wav,1.6972157955169678,0.958622670260282,3.112092981552402,2.1658756836524504,2.365512852550468,-0.2482408834258242,7.356880187988281
5105-28233-0004.wav,2.811356782913208,0.9773521774710476,4.287372816265215,3.317272379828032,3.5441414321975717,8.198086688228539,15.435405731201172
7176-88083-0019.wav,2.4807918071746826,0.9585209158741168,4.041649021529257,3.0288934948013115,3.2675607670695923,5.573243981833489,6.675493717193604
672-122797-0035.wav,1.6992805004119873,0.815055874262378,2.0572167309690474,1.838867277365507,1.761268025948929,-1.911629061379346,4.187231540679932
4077-13751-0004.wav,2.376321315765381,0.9030590164262164,3.799033710286228,2.6472447097649154,3.0467295312715947,2.3945738166357917,4.324902534484863
4446-2271-0007.wav,1.1899601221084597,0.8709958127554263,2.433120784565868,2.382673637801082,1.792571974781935,6.114607065967066,13.217517852783203
2830-3980-0006.wav,3.086433887481689,0.9774612286069372,4.474583433875944,3.554812257662963,3.778264196340522,9.790354784341943,15.051959991455078
4446-2275-0009.wav,1.7690824270248413,0.9352065090416756,3.3420700661839344,2.249665431869785,2.533213409511144,-0.2116692867338384,7.343771934509277
5639-40744-0006.wav,2.1922800540924072,0.9407807055387336,3.3380763333431367,2.535665230855144,2.720957637864075,2.173116871440921,8.109140396118164
2830-3979-0000.wav,2.5131118297576904,0.8392480977556832,3.652773383068471,3.152142913200481,3.0658608791907342,8.365014407144358,13.153732299804688
4992-41797-0013.wav,2.8147642612457275,0.959306633500534,4.05827008898227,3.387458695745587,3.41854756575421,9.873158773614009,17.298282623291016
1320-122617-0041.wav,1.2706202268600464,0.8604674091081927,2.820776345854106,1.889683106734814,1.967176237188576,0.2773927373081788,1.407685160636902
5683-32866-0029.wav,2.1298954486846924,0.813322624453801,3.0058174635884054,2.361861437362125,2.4774712324361885,1.9435497329048208,6.965236663818359
7021-79730-0008.wav,3.299038887023926,0.98289150058742,4.561256200421695,3.41025962470898,3.928074598341335,5.912443771957567,10.324921607971191
1221-135766-0011.wav,1.4929426908493042,0.925252882469073,3.369282713913809,2.660638748173972,2.4263374475315485,7.568659699660733,4.888748645782471
6930-81414-0019.wav,2.007984161376953,0.889988590751068,3.2034143844016554,2.368949934345669,2.590601856680013,-0.3838889145472331,9.135437965393066
2094-142345-0055.wav,2.009413957595825,0.8804023004270053,3.6448647493950177,2.4698453766965827,2.802782687825413,1.567790234323329,4.233473777770996
7127-75946-0019.wav,3.067723274230957,0.8895826440364673,4.270469838405603,3.506254280144947,3.6487888286720103,9.975163213185413,15.267179489135742
6930-81414-0007.wav,2.3743855953216557,0.9282794778413884,3.762126533935743,3.117248949945364,3.037066178352201,9.443239914160442,13.33996868133545
908-157963-0004.wav,1.6809630393981934,0.860456748748311,3.177942363336934,2.071357290292652,2.374182157633648,-0.9251930088722836,6.733483791351318
1580-141083-0002.wav,2.096087694168091,0.8954126449607099,3.5793208292598218,2.5578213373188725,2.8082335585752785,2.557910377232264,10.931214332580566
7176-92135-0008.wav,3.037615776062012,0.9869451001367184,4.5750900866797135,3.568748043858275,3.8213617144808074,9.60035538898758,13.221440315246582
5639-40744-0030.wav,3.208059549331665,0.988539128399214,4.363688423883284,3.6188410761799017,3.7833445185733696,9.934908349969758,15.337665557861328
1580-141084-0015.wav,1.384049654006958,0.8507710945261899,1.971566867264492,1.3728330127147352,1.442798775593623,-1.776791112179393,0.7076377272605896
5683-32866-0010.wav,2.2184863090515137,0.8840066072974677,3.705754285457093,2.673463803614195,2.913599692971712,4.317392459802836,9.475250244140623
6930-81414-0012.wav,3.4984147548675537,0.9042639223486488,4.597973055714365,3.742398302413233,4.06009993189208,9.095544652246629,14.701748847961426
4446-2271-0000.wav,2.904829502105713,0.977091316306995,4.16801747202732,3.536415975452969,3.540783062779731,10.578358757406209,16.2722110748291
7021-79740-0005.wav,1.6820194721221924,0.8624817454307373,2.537719557363685,2.089157441704976,2.0801614327574613,-1.708162385060643,6.016719341278076
121-123852-0003.wav,2.4909048080444336,0.9530524178969968,3.872458158938208,2.768551638688494,3.1531276699799893,2.921831354809575,8.778268814086914
1221-135767-0009.wav,1.8848905563354488,0.8712138860349244,3.51186089432953,2.68516130394452,2.6840990003991223,5.473184168348649,6.689797401428223
5142-36377-0000.wav,3.1134610176086426,0.9877569417162728,4.3965260882887005,3.886996871898704,3.781419289468412,13.609148370805878,15.209187507629396
908-157963-0024.wav,1.581776738166809,0.859625079271624,3.1850735850433454,2.023727034400814,2.321748460801092,-0.6688837500655912,2.5089704990386963
1580-141083-0039.wav,2.3759336471557617,0.8565987782204273,3.458242519087981,2.5906811629262525,2.859764238881407,2.257581328736016,13.272738456726074
8555-292519-0009.wav,2.020340204238892,0.8886443503141052,3.166936770357705,2.5945746296850003,2.494612765032123,6.808118677669564,11.528396606445312
5142-33396-0051.wav,3.80260968208313,0.9864627464996326,4.837901778294536,4.28163126561431,4.343260351584458,14.898646478538666,19.70140647888184
260-123288-0026.wav,1.4748172760009766,0.8633813817089295,2.8716307002302366,1.925293824810972,2.124400665343174,-1.975935865813224,4.911179542541504
8230-279154-0002.wav,1.078679442405701,0.5543919526304403,1.0,1.0,1.0,-3.206438524230105,-3.0048742294311523
8230-279154-0021.wav,2.453773260116577,0.9159553107937952,3.865597133182392,2.712743736642645,3.1259647456103905,2.537968982548344,2.804931163787842
2830-3980-0053.wav,2.583136320114136,0.945443584939042,4.041836060167321,3.009824781849638,3.270825566522934,6.631294804718012,11.57050895690918
8224-274381-0004.wav,1.4000129699707031,0.7425000118771952,2.577894707887308,1.9833506419389075,1.939320279777469,-0.4360592055805746,4.639842987060547
4446-2275-0027.wav,2.5222606658935547,0.9455477288409532,4.000136467898305,2.973275990046442,3.2585919877696194,4.783498492476022,10.49224090576172
1320-122617-0007.wav,2.010487794876098,0.9005197905460998,3.4359138293494667,2.514404149809056,2.6859679288924005,2.856840957538542,2.356733798980713
5105-28241-0016.wav,2.9636874198913574,0.9599153456641556,4.526814283860103,3.746262268028202,3.76583417371298,12.722344613035238,15.815717697143556
672-122797-0062.wav,1.7692821025848389,0.7129083837417993,3.1368215234287504,2.2322636169699432,2.372033333937087,2.116924715316925,5.759178161621094
4970-29093-0000.wav,1.2640976905822754,0.9076404388045182,2.717432572234232,2.031113577490544,1.9360717134187675,1.5315769806726331,7.824215412139893
237-126133-0010.wav,2.44182562828064,0.9047074950905026,3.6602203990870015,2.979362116000358,3.018011787709954,6.848779870295619,13.842610359191896
2300-131720-0017.wav,1.6959888935089111,0.899554046956433,3.26616822148502,2.5792562545168205,2.456749665125207,5.653271650304964,3.814754009246826
1580-141084-0013.wav,2.0771725177764893,0.9218721647849936,3.5171538367472657,2.2450328580496204,2.752824216186585,-1.605872287371176,9.497936248779297
4992-23283-0018.wav,1.7919387817382812,0.8971385314122924,2.972109342946605,2.035018018260049,2.3102229150414604,-1.5693804918642915,6.392238616943359
2094-142345-0022.wav,2.9024157524108887,0.8315738503865535,4.203033905575781,3.1168375860386246,3.5105623326716286,5.982141936773315,9.300046920776367
1221-135767-0001.wav,1.801862955093384,0.9437208267260024,3.591631593357071,2.768153460985864,2.6952646146603434,6.830079040621773,6.316748142242432
6829-68769-0039.wav,1.8272141218185425,0.9342162499173038,3.452934225122274,2.193394910049857,2.6129768819773918,-1.3364698715013688,9.98378562927246
8230-279154-0010.wav,2.01375150680542,0.9064613883775364,3.5227718144326765,2.2524371673991648,2.7143160409940865,-0.5983635844986688,1.365382432937622
4970-29095-0004.wav,3.7383975982666016,0.9769190111314362,5.0,4.043756191773662,4.41677349364362,11.608590350554866,18.28753471374512
7127-75947-0003.wav,3.003997802734375,0.9805662887028972,4.303802147885876,3.518617718779033,3.662520819776132,9.362837929378182,14.906335830688477
1995-1826-0017.wav,1.4311902523040771,0.7972527633700967,2.6709409936610458,1.749468270141501,1.9484475502384115,-2.053719743481723,5.635680198669434
7176-92135-0003.wav,1.4395654201507568,0.8881715019776921,3.05895735219562,2.113192246914848,2.1883941750208638,1.7769243925892837,1.6655980348587036
8555-284449-0003.wav,1.994274377822876,0.8924384862253552,3.448797521656226,2.8461830328329465,2.6954516398674744,7.750066679878196,11.740025520324709
260-123288-0009.wav,1.9954206943511963,0.9638662738816164,3.457596085622312,2.8646705828956054,2.71409674285176,7.431726288289368,17.01840591430664
6930-81414-0002.wav,2.386906147003174,0.8564170115616034,3.5549536666716457,2.487131115902325,2.917552695908004,0.348841041412781,7.272574424743652
1320-122617-0006.wav,1.4188482761383057,0.7726547839440092,2.6099995197939903,1.813698058635953,1.921238312377178,-1.3523202479978544,-2.283494472503662
3570-5694-0012.wav,2.31766128540039,0.9638437089302684,3.659989093760136,3.0512446057384204,2.9879288774282986,7.489753584165368,13.476383209228516
1188-133604-0022.wav,3.1983883380889893,0.914006393613026,4.481947067534998,3.604522355172036,3.8606705093421194,8.75145001828421,17.41968536376953
5683-32865-0000.wav,2.542936086654663,0.934933816647402,3.733257251101431,2.265260609611997,3.068338605497462,-3.6199878729000736,10.995894432067873
4446-2275-0001.wav,2.585858106613159,0.9437905793367908,4.235242928229637,3.0738578106876577,3.416603737948624,5.504705076769294,11.794374465942385
4507-16021-0006.wav,1.9152064323425293,0.8259403684878825,3.1322359338034245,2.6329749908830737,2.4440400572097847,7.343740642814071,13.180397987365724
4446-2273-0000.wav,3.316697597503662,0.9690183188736372,4.777386395660419,3.926934430746476,4.06877503496233,12.911506864053766,14.082274436950684
8455-210777-0055.wav,2.513516902923584,0.9584575485766628,3.949633081189472,2.714144802955342,3.235879577281496,0.4356403389709527,7.732593536376953
1580-141083-0049.wav,2.5235066413879395,0.8947323341137263,3.9288381885795567,2.7691588869195347,3.188254790795389,3.0977679007660988,12.742427825927734
121-127105-0024.wav,2.5332162380218506,0.9252927529144984,4.045331047909451,2.976124163111696,3.2864755760417763,4.7515799278514255,7.1471476554870605
5639-40744-0009.wav,3.130891799926758,0.9897034500591246,3.922044487126745,3.15204533494028,3.466845238042409,5.656826251598987,18.05997467041016
260-123440-0012.wav,1.943216323852539,0.921824485644548,3.534464048857984,2.273351599758939,2.705446058916174,-0.6533781962676155,6.251221179962158
8230-279154-0032.wav,2.509585380554199,0.9038637415840598,3.727463777983992,2.5684156212303613,3.078371921879026,0.1339756689008731,5.054549694061279
2300-131720-0007.wav,1.269782781600952,0.9573414297822668,3.215866743521894,2.3871397790511404,2.227919002011998,5.33453364746823,5.256196975708008
121-127105-0023.wav,3.555602550506592,0.9667476438327064,4.935508858396127,3.834258529444175,4.268550254240932,9.607571282327394,12.3433837890625
1188-133604-0044.wav,2.534080982208252,0.8864423143498212,3.698064040793336,2.500973841353086,3.070709456670515,-0.884313370855757,9.56699562072754
3575-170457-0055.wav,2.806403636932373,0.940751866181889,4.1678094576044575,3.108765989539733,3.472024160709632,5.37213680588911,12.812227249145508
1188-133604-0017.wav,3.380340814590454,0.982575540948236,4.535312245424175,3.6401050755999353,3.971719690320432,8.261032216274106,15.965481758117676
2094-142345-0015.wav,2.4218499660491943,0.964031434826892,3.868442078339593,3.0887779199134853,3.1273742305450205,8.039005933288816,10.275534629821776
8230-279154-0005.wav,1.7656623125076294,0.8055340548940094,3.019454489838241,1.9705045211265089,2.317264125220911,-2.250948768032688,1.9396077394485476
4077-13754-0012.wav,1.8508450984954836,0.9021555760643568,3.4088771361477948,2.4615093423054013,2.59468128993776,3.10601397485228,7.393064498901367
1580-141084-0020.wav,2.852330684661865,0.9432835561881436,4.223353936410781,3.075723656445718,3.528653692255208,4.243619963803795,18.08294677734375
121-127105-0030.wav,2.3927161693573,0.9595656156801898,4.059799546392841,2.9545610307774948,3.219864569832846,5.6014428314897495,11.282955169677734
260-123286-0005.wav,2.203330516815185,0.9539395511268888,3.455400422137646,1.8840657066707187,2.710391529204624,-4.97015141382412,5.125560283660889
5142-33396-0001.wav,1.8464956283569336,0.912762825460556,3.185036222452824,2.455199581084213,2.497435738994949,2.3194892040128554,11.796961784362791
6930-75918-0007.wav,1.9813079833984373,0.8871047144099546,3.4901842098017672,2.6350732278782987,2.7100165820975457,4.474598754366415,10.928019523620604
7127-75947-0017.wav,3.5059351921081543,0.9719826164677808,4.774086498499607,4.018085883804713,4.157481761002432,13.15208757748612,19.91046524047852
8455-210777-0035.wav,1.4073693752288818,0.7798292059449222,2.7141843500844245,1.814472392628788,2.005980365930077,-2.957986953510067,6.255997657775879
4077-13754-0016.wav,2.925246238708496,0.959227531483028,4.466426452762159,3.162141661713284,3.70108088340485,4.416121593220153,9.732244491577148
8455-210777-0067.wav,2.638897657394409,0.9894869849554406,3.8395832492968864,3.0227256900998003,3.2069143489356597,6.035570497135708,16.093036651611328
5105-28241-0010.wav,2.7251718044281006,0.9107501313465736,4.1882807059976646,3.571644580100676,3.464694058688119,12.300214979265832,15.62145709991455
8463-294828-0022.wav,1.2962870597839355,0.6953168744703344,2.4879927789232927,1.7913600317842713,1.824372326205618,-1.910627491289693,3.232141494750977
1284-1181-0009.wav,2.796653985977173,0.9575604876492972,4.214048897985313,2.969495944056474,3.501630243412293,2.727828719200581,8.387601852416992
8463-294828-0019.wav,3.18692398071289,0.9607929759804136,4.683286380330028,3.633894428647285,3.942716276578952,9.84859401894954,14.481489181518556
8463-294828-0018.wav,2.031113862991333,0.9768423543868108,3.752330301144845,2.866981264759696,2.884461659257704,6.94688935115553,17.739051818847656
4992-41806-0014.wav,2.5148792266845703,0.9540181121972976,3.85296590489854,2.5276101031564364,3.1428904556758503,-0.5274252210859445,10.677539825439451
4970-29095-0019.wav,2.1113240718841557,0.8533850630283941,2.492443183664084,1.8788320469931568,2.1255618175964024,-1.7454983899428669,9.564343452453612
1284-1180-0000.wav,2.7097856998443604,0.937677059962076,4.131361011882693,3.262665050871938,3.40866356434243,8.391032838919683,12.96787166595459
4077-13754-0015.wav,2.8579795360565186,0.9707125639036664,4.407954174541518,3.335016785614641,3.637829902031076,7.6788962952725885,11.686336517333984
8463-294825-0016.wav,1.883822679519653,0.9330703611125144,3.481074389451646,2.2686773170265697,2.660830638607915,-0.8030632751594361,10.84638786315918
1284-134647-0007.wav,1.823184967041016,0.8322002823983695,3.2003053837506026,2.449604486439133,2.4683598096312047,3.504717782703624,3.9717516899108887
4077-13751-0009.wav,2.540067195892334,0.9338965473461144,4.058663426289459,3.128490041328821,3.286248010349611,7.572833209148203,7.973911285400391
3575-170457-0044.wav,2.9358937740325928,0.9588578722824715,4.332013979692311,3.595348942445151,3.643771878365969,11.026856096667458,14.55409812927246
1995-1836-0009.wav,1.3093631267547607,0.7914032523420044,2.4206469444221157,1.8909569867953184,1.7961961232897237,-0.3729865618352588,3.3714799880981445
2961-960-0013.wav,1.5698505640029907,0.8309868088948967,2.6447761535040275,2.1185603937756,2.0327237325770624,1.5510532717729295,9.89594268798828
2961-960-0019.wav,1.6349401473999023,0.8902396041825932,3.050769718081001,2.5239392431518564,2.325562351887821,4.938107973510135,10.982104301452637
5142-33396-0055.wav,2.221841335296631,0.971378972239212,3.805206151497401,3.410969985748362,3.0288252524908503,13.176528344018257,17.694490432739258
6930-76324-0000.wav,1.1409512758255005,0.7110414875791626,2.3131014073020246,1.6811489236192088,1.666212886295787,-2.8030830419308934,3.460041284561157
7176-92135-0015.wav,1.5419061183929443,0.833739760903537,3.213096857024017,2.2688629809234064,2.356620381813181,1.7155351650515764,6.879691123962402
2300-131720-0000.wav,2.743373394012451,0.976024931266374,4.2150241147563055,3.2312140865990258,3.4779086666153365,7.167468611430569,9.202383041381836
5105-28233-0007.wav,3.0550684928894043,0.9607548511675418,4.507412683310048,3.592881183624086,3.786312104774474,10.299891244974337,13.77333641052246
1995-1826-0014.wav,2.292052984237671,0.92610688651905,3.392151972393412,2.158909368620051,2.751285783883236,-2.4951215662287742,8.564504623413086
2300-131720-0023.wav,1.841737985610962,0.9004774989922741,3.179946651226166,2.2931513284034644,2.4663364151103453,0.9361746532546942,2.4025745391845703
61-70968-0026.wav,2.2647955417633057,0.9749123939885656,3.977680080670984,3.059678027194585,3.130961257126397,7.511257566598304,12.831060409545898
1320-122617-0027.wav,2.190213203430176,0.9648615082253944,3.73755499610632,2.771600167226409,2.924205266823908,5.690479801487631,4.787886142730713
1089-134686-0037.wav,1.9205342531204224,0.8735522727270354,3.2161142592845446,2.1670908708387,2.5389055301842296,-2.313997813991044,6.6785569190979
5639-40744-0029.wav,1.926624774932861,0.93370292505617,2.997967918541524,2.207539790720942,2.3910039026233734,0.1514392026771094,5.340980529785156
1580-141084-0038.wav,2.4835197925567627,0.9388046829427676,4.033014092784548,3.168483789720119,3.2507998329264507,8.378130174898994,18.292829513549805
121-127105-0019.wav,3.397269487380981,0.983242934735472,4.596449996941058,3.693704066272991,4.013983479152861,8.838189456614806,13.250670433044434
672-122797-0072.wav,1.7064954042434692,0.7695104944975455,2.8715091422293364,1.9294942023073192,2.187011100083968,-1.2738545066532627,2.455618381500244
2830-3980-0021.wav,2.521562337875366,0.906498663340523,3.810775876364217,2.776276027884247,3.128957182704474,3.20661039515697,8.849217414855957
1580-141084-0037.wav,3.0344021320343018,0.9779576761491234,4.426835989641218,3.488192459722808,3.741934608560152,8.523965426607035,14.77741813659668
260-123440-0002.wav,2.065673828125,0.9462537030252572,3.4833991558994253,2.883580006661007,2.7677217722803533,6.964854746651745,13.485057830810549
237-126133-0015.wav,1.459439754486084,0.8114097299994057,1.936865380275774,1.4237867515322151,1.503065284338727,-3.278738392501722,4.530648708343506
61-70968-0022.wav,1.9141883850097656,0.9047129104891114,3.448373714511431,2.589537129032992,2.6721962163648763,3.5175035590371806,9.729612350463867
260-123440-0013.wav,2.8810176849365234,0.9695406350371584,4.178233237688207,3.5446647257742656,3.526563642697864,11.210636144595524,16.292253494262695
6930-76324-0009.wav,2.257093667984009,0.9516977998807468,3.68562513551054,2.9421794757635635,2.9649919966009617,6.44316361224562,11.08667278289795
7127-75947-0038.wav,1.6118154525756836,0.8621005279182331,3.081829909047579,2.0422822498046185,2.314048346741449,-1.8580585763633917,5.073312759399414
1188-133604-0029.wav,2.5387866497039795,0.909340172039278,3.7904103242271576,2.849057531952225,3.1481560294636486,3.322050432286938,10.835275650024414
7176-88083-0013.wav,2.109546422958374,0.9489809112633024,3.798367735818401,2.634428424576659,2.9348380140324783,3.1951933472837637,4.895942211151123
2830-3980-0047.wav,2.1878890991210938,0.9270629693037896,3.755024927342936,2.919963319656312,2.9515560050953304,7.189312782819466,10.31634521484375
4507-16021-0031.wav,1.9721763134002688,0.9261930855908204,2.887843543004353,1.513184345054133,2.2146105050115668,-4.844714320903211,3.114868402481079
6930-81414-0015.wav,2.7631402015686035,0.8844292103069529,4.078209510559124,3.032862671568612,3.408679312322842,4.359698525573193,9.248887062072754
3575-170457-0027.wav,1.58997905254364,0.9064746255824496,2.878354071519958,2.3960090030884893,2.1432010257969423,6.503186399689061,8.821621894836426
6829-68769-0048.wav,2.839218616485596,0.9714849320495392,4.329955631531702,3.4919981172766823,3.589342009022919,10.322018933418189,15.537328720092772
8455-210777-0024.wav,1.0898256301879885,0.4763178359540141,1.0,1.077811852236893,1.0,-5.0092452073663765,-3.182541847229004
2961-960-0000.wav,1.3156689405441284,0.7578914280812108,2.228346770716299,1.9049815476439371,1.665884120780195,1.4678023522249957,4.082196235656738
908-157963-0011.wav,1.8108115196228027,0.8523595420974369,3.3981969306022632,2.5773470884145704,2.5728890515894043,5.083785536032773,10.084049224853516
7021-85628-0019.wav,1.5314407348632812,0.9526265411157164,2.7036600511774784,2.3390568909577367,2.084776609066636,3.4853513168039503,10.748820304870604
672-122797-0041.wav,1.965015292167664,0.7911796767896533,3.199236560717424,2.231035778851721,2.525116257694973,-0.4093215057496734,5.6271257400512695
5142-33396-0043.wav,1.936009407043457,0.9193226964628424,3.409613873640148,2.5103522269085667,2.6525333691465054,2.5971327601436047,13.231046676635742
3570-5694-0003.wav,1.9504352807998655,0.9739261608866692,3.5853404025334425,2.882840738414553,2.7649623050049663,7.619995045452806,7.450349807739258
237-134500-0009.wav,3.742926836013794,0.946113245144284,4.69364142363517,4.016869821491055,4.233202683444894,11.507566663023164,18.39055824279785
4507-16021-0008.wav,2.262058973312378,0.9408278633799094,3.3128199362145536,2.2146240856359305,2.7195431293084624,-2.391107260176532,12.241244316101074
908-31957-0002.wav,2.076580047607422,0.8880268887939836,3.332920971744544,2.2925693804815337,2.6409348664466004,0.0308871083900883,6.70046329498291
237-134500-0032.wav,2.662641286849976,0.9628373346625704,3.641254356534799,3.1572195761307755,3.1485216854538702,6.7433615919875125,14.1349515914917
1580-141084-0047.wav,3.293586015701294,0.965721535678406,4.567605758422414,3.823553220298413,3.9519691101595633,11.479142838013749,17.804819107055664
121-127105-0009.wav,2.2113425731658936,0.9118134822795876,3.732559811446863,2.369745612850961,2.945509931647593,-1.4265573450984608,3.91571569442749
7176-88083-0000.wav,1.820284605026245,0.9042270596436878,3.277306035831928,2.4232924100318383,2.535053556494116,1.7941247541860514,3.8200533390045166
1320-122617-0017.wav,1.9508984088897705,0.936915869564672,3.679215604880604,2.6273021895980984,2.800971430481709,4.042067469077104,6.180917739868164
1320-122617-0036.wav,2.3394253253936768,0.9118559169233236,3.480767475739088,2.370507238979004,2.8130712767942336,0.7785614637205523,1.4304344654083252
121-127105-0008.wav,3.387889862060547,0.9670511179800232,4.496118722892764,2.921161990626276,3.9292289888203498,-2.0272046878962766,12.146124839782717
7021-85628-0025.wav,2.727377653121948,0.985879559430306,4.007975959312164,2.7083565835718586,3.3312236746776955,0.5574233346094744,11.556175231933594
5142-33396-0018.wav,3.3774542808532715,0.9810853264169704,4.445453851299189,3.713978453992268,3.925958576884006,9.437578293401495,16.493026733398438
6829-68769-0006.wav,3.0544774532318115,0.9774054983003924,4.44235760604069,3.633364864132068,3.7616242781786338,10.595377275975627,16.819305419921875
1995-1837-0000.wav,1.7782189846038818,0.7545284105778738,3.184653644785136,2.3267569011050715,2.4486396127138934,1.4212386384327642,7.743030071258545
61-70968-0048.wav,1.7704360485076904,0.905201850749386,3.4067723219780963,2.51554145512308,2.5788187519244645,3.437535933423695,8.054648399353027
1284-1180-0028.wav,2.3547329902648926,0.9430622975434528,3.7684587323406458,2.5780870596214456,2.994770396685693,2.599319087468919,8.29189395904541
61-70968-0021.wav,2.445807218551636,0.9360908248572474,3.9112761796793354,3.1759935105368933,3.158432506504692,9.345248877070206,14.604292869567873
7729-102255-0000.wav,1.4504400491714478,0.8336250677134557,2.7624117931085816,1.921848188615376,2.056091025073993,-1.7727140378210704,5.092467308044434
5142-33396-0027.wav,1.8091678619384768,0.9235630005432208,2.894009375504452,2.412913018410708,2.322911598992025,2.4103499063217746,12.40972137451172
8555-284449-0007.wav,2.073831796646118,0.9273996163665544,3.284708981157141,2.6689689141710304,2.591388542733253,7.091229230327173,9.837493896484377
5683-32879-0001.wav,4.044097900390625,0.992733506362042,5.0,4.2563526955342175,4.608216301518182,13.38798066169856,23.21339607238769
4992-41806-0000.wav,1.2253901958465576,0.745566454015932,1.7946597991342346,1.553610131352016,1.381300358693868,-2.402099921282956,4.667848587036133
1580-141083-0045.wav,2.7207725048065186,0.9354193167334244,3.966695625693693,3.065226404794865,3.340063244633888,4.830754089329304,14.374837875366213
6829-68769-0041.wav,2.769613027572632,0.9788233572546295,3.9105962488930497,3.164297915676401,3.320325336396304,6.759164101458349,15.962983131408691
3570-5694-0001.wav,3.098396062850952,0.9894308080719404,4.466409257981005,3.5222125900543544,3.7811533006640174,9.141787476187677,15.42685890197754
908-31957-0024.wav,2.148512363433838,0.9254397296221356,3.6850993060000974,2.327178198566821,2.877245321786293,-1.05616057135472,5.194987773895264
8455-210777-0041.wav,2.1773531436920166,0.971308669998181,3.32543207967004,2.6115784304101206,2.7072993476209035,3.4838230666786494,9.10698413848877
7127-75947-0028.wav,2.5146305561065674,0.9588048744485258,3.884429250490891,3.0848443682737483,3.198356726658756,6.559879252545552,13.587024688720703
4992-41797-0008.wav,2.682929515838623,0.9686995571451796,3.7938502719161136,3.284260373190108,3.2281220593125552,8.895491993600038,15.712170600891112
8455-210777-0025.wav,1.8247394561767576,0.914300487629104,3.1769726629978865,2.1939368437495945,2.4839372844261893,-1.728549324106694,8.512803077697754
7021-85628-0015.wav,1.5594589710235596,0.9189929707518526,2.8878436106484404,2.122476060170632,2.17793673815884,0.3915494682900987,8.988581657409668
7127-75947-0022.wav,2.46501088142395,0.94102968557735,3.8621919641469034,2.960391554070442,3.162724503882542,4.939390201076447,13.737010955810549
2830-3980-0008.wav,3.494351625442505,0.9944185978877068,4.761824852793591,3.762670380543054,4.12243963581924,10.20316475280433,12.198573112487791
4446-2273-0013.wav,2.3081891536712646,0.9422362519027264,3.5604998895780846,2.505509246739672,2.9115955304536487,-0.1294578020973925,11.47895622253418
7021-79740-0001.wav,2.480078935623169,0.9669241914557232,3.750492753190408,2.6344081550565472,3.0732427286567225,1.4797226190598032,11.811162948608398
5683-32866-0001.wav,2.1860711574554443,0.9180236359189552,3.5296895414021083,2.7457765443131144,2.822204305629355,5.156993286173059,9.05854034423828
4507-16021-0021.wav,2.702609062194824,0.9673149198929156,4.086186677091837,3.188951177849776,3.3858060813513817,7.13250017917342,7.371581077575684
2094-142345-0042.wav,1.9736607074737549,0.8240196484025,3.286757900034801,2.0659437652228982,2.530785413344267,-1.234170475273023,3.1509547233581543
8224-274384-0005.wav,2.459850311279297,0.9663109489860608,3.9070351840044175,2.832512499885563,3.169645000717222,3.5120695761044924,13.220032691955566
237-134500-0017.wav,3.422844409942627,0.9740954398619824,4.614155924473145,3.727683818388359,4.031741584307115,9.358256737741154,14.84160327911377
2830-3979-0001.wav,3.67878794670105,0.9608118024787766,4.928480387452148,3.960594256868944,4.305236627438241,11.648471139125986,13.977293968200684
260-123286-0001.wav,1.435633420944214,0.854215697201057,2.6674652914096315,1.86136072612862,2.017661860785056,-3.338223216982981,9.369924545288086
1320-122617-0035.wav,1.5451946258544922,0.7783255899677504,2.5204453883432683,1.865837132716488,1.9262288414026587,-0.855481168538849,-1.3177533149719238
8224-274384-0002.wav,2.055475950241089,0.8833079209001453,3.3232098728011903,2.790834951848414,2.65800055450414,6.665667112187584,12.38937282562256
1580-141083-0013.wav,3.23846435546875,0.9440432939146932,4.528840134900885,3.582107871814343,3.876932199437088,9.294756975233142,18.194610595703125
7176-92135-0033.wav,2.557291984558105,0.9472711077182028,4.201304323165028,2.6962309049809696,3.383210141140739,-0.180908272462991,10.96207046508789
1320-122612-0015.wav,2.4107425212860107,0.9138468677145076,3.9851803460040056,2.8617862082109617,3.184208921952378,4.328226748232348,6.2871809005737305
908-31957-0001.wav,2.867887496948242,0.9679682300793776,4.257676580051928,3.4283432735741584,3.576149049729653,8.728671152406946,12.36685848236084
2830-3980-0025.wav,2.865341186523437,0.9628966471156658,4.256166115823313,3.3205702768550704,3.546417332977419,8.25749638838779,13.05915355682373
7729-102255-0009.wav,1.3740966320037842,0.8093394531946251,2.084223892340738,1.5930338913817874,1.5774220734925355,-1.88911632488378,-0.4594959020614624
4507-16021-0010.wav,2.3963518142700195,0.904915120195079,3.5836746016994967,2.562325379139532,2.903994290024953,2.907889380658081,6.90416145324707
2094-142345-0045.wav,1.9660499095916748,0.932895545654083,3.669207526838662,2.681421191802284,2.8052397040047645,4.715777012722331,7.542335510253906
6930-76324-0012.wav,2.2751636505126958,0.9544733273721367,3.826547694222779,3.0894751005714958,3.0641362774592515,7.767281626820735,5.863628387451172
237-134500-0003.wav,2.216017484664917,0.8783082165175665,3.235671527597069,2.3746763483733484,2.685257922473482,-0.7063203380627766,8.923391342163086
4970-29093-0009.wav,2.47454047203064,0.9153405406897834,3.5480365440667843,2.524881165883846,2.9534919617880355,0.4977628079198273,12.247329711914062
6930-75918-0006.wav,1.2944388389587402,0.7684897870493358,2.69896575509002,2.2428571269724147,1.9619850159265704,3.790861886361073,6.363005638122559
61-70968-0059.wav,3.1201562881469727,0.9917915860185048,4.658162436817582,3.589717435797179,3.9154098697783417,8.82080672323725,14.6946382522583
1221-135767-0015.wav,1.51816987991333,0.7200058833580195,2.9275261732952327,1.726607760112623,2.1376418303264018,-3.852115668586078,1.5525941848754885
4970-29095-0010.wav,2.993082284927368,0.9655299900389884,4.058254279687202,2.9659206306436645,3.47870345027626,3.1456382937539504,14.248085021972656
5142-36600-0000.wav,1.4403839111328125,0.97035161511216,3.1821442982424117,2.801761141555562,2.31089415464627,10.021917789832822,15.789283752441406
260-123288-0005.wav,2.6655099391937256,0.9559170307631032,4.040241556983788,3.188295874310806,3.3510206646038383,7.103570243210653,1.5292892456054688
2961-961-0018.wav,1.885642886161804,0.8851390525534611,3.26060648637671,2.1420150655664023,2.533108248754908,-1.992764870398391,8.510650634765625
7127-75947-0030.wav,2.8374216556549072,0.955570347561174,4.050107968938307,2.968743948743666,3.428059270429454,2.961061812293396,10.85293197631836
1580-141083-0040.wav,3.248798370361328,0.9374372598050542,4.4879611992719415,3.521021880019723,3.866406751423112,8.044218165194419,17.61475372314453
1995-1837-0020.wav,3.895176410675049,0.9915819669863668,5.0,4.313133296645364,4.550899312435007,14.454479895367127,19.60745048522949
672-122797-0064.wav,1.7601773738861084,0.7338888449033324,2.9400107208723445,2.059239152874614,2.285378554283339,-1.259634107445612,4.722605705261231
3575-170457-0021.wav,1.5526114702224731,0.8574680243136076,3.139694270387087,2.3650025789657723,2.317525497521801,3.5118283577766367,12.009519577026367
4992-23283-0006.wav,2.0325489044189453,0.9248572355082562,2.696593417804704,2.3019106951335893,2.247725061178585,2.9081957783138472,9.371746063232422
4077-13754-0001.wav,2.663729667663574,0.9809291011275802,4.3196939332906,3.3397077378238884,3.5115507534664485,8.534318160541412,13.955162048339844
237-126133-0004.wav,2.1466550827026367,0.9389921131180612,3.274029097704863,2.3723481013229466,2.673082465999391,-0.3828652080941657,11.24443531036377
1580-141083-0003.wav,1.5349348783493042,0.8421085897381214,3.056994835271589,2.2132440528680184,2.232654684511176,2.770158621574151,8.188652038574219
7127-75947-0015.wav,2.934194803237915,0.9810254270858044,4.317972579440739,2.9259946928847023,3.5949618084344337,2.219981425350288,12.307989120483398
1580-141084-0019.wav,3.396632432937622,0.9753913054161965,4.837156985730651,4.020506890273844,4.1325008041673374,14.07132985586317,21.466272354125977
2830-3980-0042.wav,1.5337202548980713,0.7810969858803214,2.7314964323576314,1.8053553107965916,2.0416512847810537,-2.442376762870089,4.864731788635254
61-70968-0057.wav,2.369936943054199,0.975347791831884,4.151896066081964,2.953984667007626,3.280725230631865,4.595848837823144,10.344100952148438
4507-16021-0024.wav,2.9754064083099365,0.97171144851711,4.066822636427769,3.127833314136762,3.462380969900636,6.363528329355254,15.374613761901855
8463-294825-0007.wav,3.137342929840088,0.9654577107702268,4.669114483485052,3.711771506445587,3.9195121139222384,11.069501329607332,16.66385269165039
2094-142345-0007.wav,1.7138136625289917,0.7888193772977994,3.049893235106536,1.9278454972061771,2.27182684925741,-1.0190106545289588,1.6390520334243774
3575-170457-0039.wav,2.1688828468322754,0.8905858109723856,3.432386980868728,2.626162475620804,2.7598001094908304,3.6227160478669975,3.588047981262207
2961-960-0020.wav,1.7271966934204102,0.9345971387627976,2.8835400566208413,2.593923022133982,2.2833708733446145,5.594360221918297,11.290630340576172
4077-13751-0018.wav,2.979334115982056,0.951393280688684,4.550085922366513,3.4067485870056715,3.77544888302225,7.649191904614983,7.032322406768799
6829-68769-0023.wav,2.2569291591644287,0.9690732667362126,3.752842928743522,2.263665307006589,2.9671872949260605,-2.952455155658264,9.904376029968262
1284-1180-0015.wav,2.5266904830932617,0.9202425779295872,3.894105146087857,2.906208043634535,3.189344432481845,4.510385870980858,11.487188339233398
3729-6852-0032.wav,2.109377384185791,0.9234413181520628,2.843946766661682,2.294319205425733,2.3041493639440493,4.65842855750759,6.906716346740723
7021-85628-0024.wav,2.986710548400879,0.9940042570752629,4.52383356996072,3.324454785723904,3.7757377617595966,5.862841996542043,9.95131778717041
1284-1181-0012.wav,1.566999435424805,0.8143936066857503,2.803179813796188,1.9616459445230576,2.131162259735595,-1.8459600599221244,3.0255560874938965
121-127105-0000.wav,3.245407819747925,0.9660970463892988,4.378342788797135,3.247409308330756,3.820956747193637,3.250828694484189,10.079219818115234
2830-3980-0070.wav,2.495036125183105,0.7714856773400882,3.787302388083616,2.6932719924996915,3.047744660579176,4.563737413402292,10.414587020874023
1995-1837-0014.wav,2.502401351928711,0.9600452633701476,4.092280350874825,3.593717056866492,3.316094507904256,13.827127793032728,17.831890106201172
1221-135767-0018.wav,1.6048848628997805,0.815926345331347,3.228307878139997,2.117758234867813,2.365003556331264,0.2044868751112373,4.203681945800781
1089-134686-0016.wav,3.1605663299560547,0.9773704472080672,4.298084212931539,3.1199984005179267,3.718932999631999,2.7201771526165945,9.589279174804688
1580-141084-0028.wav,2.39536452293396,0.9268702594441196,3.991322927115633,3.010289163445274,3.161896530767238,7.577684079238637,17.048593521118164
1580-141083-0030.wav,3.267664194107056,0.9719301531147696,4.638541815663367,3.744083184518759,3.9681071720733776,10.681741428003964,16.48417854309082
1320-122617-0005.wav,1.235021471977234,0.7014728154058163,2.476868793663441,1.7690611252178474,1.797594996471105,-2.2268737986863623,-0.8274862170219421
2094-142345-0010.wav,2.1373777389526367,0.9104778035970972,3.811261218680417,2.752943692327048,2.9500579004821046,5.096505966348894,7.350115776062012
3575-170457-0004.wav,2.653843402862549,0.9417782458279924,4.096152526136607,3.152185015847174,3.3483909712452897,7.700909108471759,13.763398170471191
61-70968-0055.wav,2.960103750228882,0.9673297607627264,4.569992622829214,3.51663377021183,3.784766666713655,9.13733643837964,14.766162872314451
7176-92135-0037.wav,1.2855021953582764,0.7679708079476086,2.74816085436428,1.8739542259707689,1.980630492715505,-1.938782928971972,4.39817476272583
260-123288-0019.wav,2.5794432163238525,0.9845935932807264,3.3566418831057647,3.087822457285498,3.003598882172268,4.567802849163892,15.744481086730955
4446-2275-0013.wav,2.138711452484131,0.92827745488071,3.6743514809107247,2.8877694604296376,2.896058810475953,6.633897951259152,12.576769828796388
7729-102255-0032.wav,2.3205394744873047,0.9398036492330496,3.747796995100422,3.027512091373337,3.0337462153442987,7.061542768278811,9.724069595336914
8463-294825-0001.wav,1.30972158908844,0.7745631830669101,2.921052997008684,1.928266734925861,2.0780551684935213,-1.2238134402281728,5.511652946472168
8555-292519-0015.wav,2.787625789642334,0.9347058681324972,3.918368113755918,2.8954070590381096,3.299976873199436,3.8220537482409127,13.613216400146484
1284-1181-0014.wav,3.7492737770080566,0.9955074690732776,5.0,4.237543329878079,4.452016588874399,14.08704897199214,20.06046485900879
61-70970-0036.wav,2.572423458099365,0.978225561757482,4.26519124147015,3.309601425732792,3.447899090248621,8.32739911894446,11.295894622802734
4077-13751-0016.wav,1.4184930324554443,0.7805859365867673,2.5098851862060605,1.5893249624788917,1.8187931498545291,-2.6001222930972294,-1.271687626838684
3570-5694-0004.wav,2.2118308544158936,0.9520675321031116,3.611822433881915,2.611841954299139,2.8940373337407004,2.044370911117731,5.420502662658691
2300-131720-0035.wav,2.385129690170288,0.9555019484491908,4.000762368686153,2.948581490168771,3.1823861490928937,5.752326621505005,5.031981945037842
3729-6852-0031.wav,1.9669302701950075,0.8104892579834376,3.282750226109006,2.543453017902856,2.52562785441993,6.386045663844073,12.354470252990724
121-121726-0000.wav,2.097769260406494,0.8985485897347497,3.6143141332532367,2.260115415227195,2.834446749005363,-2.53071555114151,6.084711074829102
237-126133-0009.wav,2.870676755905152,0.9586599382382224,3.9683688441775096,2.957437600650235,3.394485092845509,2.956470513349114,15.486793518066406
1580-141083-0041.wav,3.261896848678589,0.9560504881718274,4.560191300957071,3.572461746277595,3.913024199123563,8.582302935310894,17.662412643432617
1188-133604-0010.wav,2.177250623703003,0.9115629993290972,3.68487966110908,3.071069723690837,2.936039347909332,8.5777466102466,16.64878273010254
1089-134686-0029.wav,2.537099599838257,0.9445659225475512,3.7659457058254615,2.5534075527713203,3.150954389077057,-2.055158994592076,11.588483810424805
5683-32865-0013.wav,2.756277322769165,0.8914566911664488,4.105957169764885,2.9149854536213544,3.3972713533482377,3.4989372745429144,13.154443740844728
1995-1826-0008.wav,2.5516517162323,0.9738434363487948,4.025019086720915,3.0770738700895226,3.2900991384947424,6.019298872183858,13.611637115478516
2094-142345-0030.wav,2.3944203853607178,0.9399917287177936,3.88923329198565,3.0764448175170176,3.1300427383836844,7.779320789482489,8.156540870666504
1221-135767-0005.wav,1.0753179788589478,0.5567558337107811,2.037175197098282,1.454995513151644,1.4084765452618744,-2.0484336110989734,-2.875627040863037
4446-2271-0016.wav,2.317596197128296,0.9435452609141192,3.703861617596783,2.7016697336924134,2.994970528362499,2.5915385416347143,13.26364040374756
4446-2275-0018.wav,2.615374803543091,0.960300386839654,4.135332488827509,3.235135366465244,3.3897314407403765,7.49109271357519,10.870174407958984
7127-75947-0002.wav,2.5691652297973637,0.9898568236214214,4.1057672238554295,3.2278328421982074,3.344259388826968,8.053013833789418,15.516387939453123
8230-279154-0003.wav,1.772614359855652,0.8374923510520835,2.9602521686284504,2.0805548358891324,2.316562339668849,-1.6691373207019258,4.935022830963135
2961-961-0008.wav,1.7785699367523191,0.940182111189237,3.1265837216176373,2.44405623945009,2.4203091580234823,3.2634542803441398,7.440354347229004
7729-102255-0004.wav,2.703439474105835,0.9645552844928932,4.18450391204566,3.113444110770804,3.440123658607892,5.708326691122918,9.275371551513672
5683-32866-0017.wav,1.8777706623077397,0.9456929882055968,2.615455194387833,2.5016536918722885,2.1007752250821365,8.5052392946891,15.032648086547852
8455-210777-0017.wav,2.263720750808716,0.9307114968692278,3.518668212983624,2.268615108785496,2.8343935107288627,-2.0572376818069054,6.979279041290283
5142-33396-0049.wav,1.8564484119415283,0.972788125567952,3.3382318271618057,2.6045447125168777,2.587987293241285,4.204776400400765,15.86635684967041
2961-961-0020.wav,1.6518158912658691,0.9375759571063944,3.02000969970638,2.50677991092844,2.3171874098622505,4.607808629522272,10.082550048828123
237-134493-0004.wav,3.03094744682312,0.943528818824525,4.3095926519349845,3.642846286840454,3.689221964173115,10.680342855352809,14.439603805541992
2830-3980-0012.wav,1.97034764289856,0.8445712394442731,3.4580766154821254,2.229385396295446,2.668496354756216,-1.000115552558682,7.554451942443848
8230-279154-0008.wav,2.1723244190216064,0.809171183642609,3.181642152931803,2.401087433979146,2.645968737674431,-0.3810939809784819,5.480228424072266
237-126133-0007.wav,3.4119019508361816,0.9689809796933248,4.456264786225988,3.743491441017357,3.944869899920561,9.814862652315114,18.441789627075195
4446-2275-0016.wav,3.165919542312622,0.9432378759597536,4.468044113354525,3.803704807619462,3.829082007147562,12.524024426105544,16.04863739013672
2094-142345-0050.wav,1.4077045917510986,0.665244840993202,2.7217499949363493,1.9409569866530243,2.0000178945782867,-0.5168214733983632,2.1657485961914062
4507-16021-0057.wav,2.1813552379608154,0.7947989239849549,3.3977655068597894,2.601947914831908,2.7236786401924005,4.2537053334588455,12.367027282714844
3575-170457-0041.wav,2.63684344291687,0.93807457223944,4.16233337934993,3.232410361529678,3.38624413750731,8.508164748938109,10.87721347808838
3729-6852-0001.wav,2.7010321617126465,0.9551576281666296,4.104240491593702,3.3518169970370164,3.3814453582400543,10.282467221318273,14.31129264831543
3575-170457-0046.wav,1.3812808990478516,0.7839096727451198,2.770845965067575,1.9080324562947648,2.0209352587563725,-1.272124287913282,4.371232509613037
908-157963-0017.wav,1.6766445636749268,0.8488780285369005,3.0019373519324377,2.2640042869978583,2.3075825236349443,1.145231848308628,10.10593318939209
8463-294828-0029.wav,2.307004928588867,0.9503938527582824,4.056378205347697,3.025802631189535,3.1845161726284013,6.958063483277508,14.773178100585938
8455-210777-0038.wav,2.515875816345215,0.9515552260854412,3.8887200878534807,3.248027031498424,3.207714684493907,8.850099808729572,14.50407600402832
7176-88083-0011.wav,1.5251092910766602,0.8829939671243244,3.011019641417391,1.9958903568485664,2.2372445990196583,-2.034071604316446,3.650040626525879
260-123440-0014.wav,2.137798547744751,0.9724835423952156,3.631446257176949,2.5785559794992103,2.8522504523904493,2.701929880489831,14.92683219909668
6829-68771-0012.wav,3.1714327335357666,0.9709262902762188,4.680300130342633,3.65183604346712,3.940703055639377,9.92949904791349,13.989093780517578
7176-92135-0038.wav,3.2978551387786865,0.9926370493107396,4.645009831815663,3.9256522612681968,4.0109786826978775,12.259335025798094,14.717641830444336
2300-131720-0025.wav,1.3231098651885986,0.7492635757510329,2.139558037716995,1.5013297161953134,1.599874928504544,-3.868444442039279,-0.8525440096855164
8463-294825-0010.wav,2.718019962310791,0.9644930975951584,4.256929487243548,3.101439195018336,3.49760162517639,4.78685988275637,13.820356369018556
8224-274384-0003.wav,3.3822567462921143,0.969980970356895,4.682473140280209,3.5192100962883086,4.027075104142028,7.157379506486177,12.557727813720703
5683-32879-0015.wav,2.9330294132232666,0.9760201356798924,4.1817031488872605,3.3094592535553007,3.493922421691596,9.753971271467156,14.679737091064451
1320-122617-0000.wav,1.2254692316055298,0.8290904559308179,2.412795292885488,1.771789213262246,1.7693117046770237,-2.4821314890667403,1.3579251766204834
1188-133604-0041.wav,2.79337477684021,0.918551339825978,4.196883872067854,3.1397977681602285,3.4933138715041294,5.373067274774617,12.454269409179688
2961-961-0019.wav,2.076666593551636,0.9557844662148792,3.5537869196149634,2.783165578144906,2.793531996693544,5.938040662791605,11.148709297180176
6829-68769-0018.wav,3.045897483825684,0.9859676915910468,4.5701482611057775,3.625526451284169,3.8175184468666856,10.684011731381094,14.249666213989258
3575-170457-0008.wav,1.3880945444107056,0.8344143159505726,3.035687254847685,1.972927530451003,2.162335814200818,-0.5661451126378535,3.425058126449585
1320-122617-0013.wav,1.7002644538879397,0.8050414515003271,2.9675953638893544,2.117125751290096,2.2684879668166458,0.12972591302942,-0.0494605600833892
5142-33396-0017.wav,2.919616222381592,0.9746626534596322,4.128951050797099,3.3548356686623038,3.516714134406681,8.116941111222097,15.8656587600708
260-123288-0001.wav,2.570333480834961,0.9716020489611328,3.3717622256366866,2.8787067063627285,2.9511137781176764,3.7588689509818463,15.37583351135254
4077-13751-0007.wav,1.945960998535156,0.8924855279691417,3.578675693749039,2.275187126571957,2.71908037050609,-0.2154887095611037,5.2466721534729
908-157963-0010.wav,2.254504680633545,0.8557109588063843,3.698925496734135,2.567390697076711,2.9179117970042454,2.822066077488337,8.269180297851562
4446-2273-0027.wav,3.065587282180786,0.958362952608733,4.525959388353849,3.5147397208735143,3.806966379280025,8.710348152000565,15.504339218139648
6930-76324-0010.wav,2.973824977874756,0.9570943585468852,4.243251042467546,3.303680006916118,3.606305097822925,6.658146338970065,12.523233413696287
7127-75947-0032.wav,2.1217427253723145,0.8866034557210497,3.269881147180264,2.225178197649997,2.654411281720126,-2.3524335033639097,7.091523170471191
7021-79730-0004.wav,1.4557065963745115,0.8760934856008968,2.822142554856244,2.0610645454099314,2.1074883065246115,-0.4407874564222346,3.3992233276367188
5639-40744-0015.wav,2.0845673084259038,0.9505629746058714,3.2113194630499784,2.4531315121398443,2.595474430976995,2.0337297620532686,8.032478332519531
8555-284447-0020.wav,3.733114242553711,0.9823894823407155,4.825880683901596,3.977536532155266,4.286485129456766,11.290805616275108,17.194799423217773
1580-141084-0001.wav,1.7895079851150513,0.8939720057604714,3.3082604849033057,2.0300284551862333,2.4764610042183453,-1.6392428151576717,7.773089408874512
2961-960-0002.wav,1.3675847053527832,0.7497254191919963,2.623320257895433,2.091859441221998,1.9298011213934012,2.226119097474267,4.640580654144287
1284-1180-0014.wav,2.59017014503479,0.933094580107108,4.154999612725827,3.193249861889444,3.364294777942857,8.008586724942024,10.40750503540039
61-70970-0011.wav,2.599297046661377,0.9567073026898149,4.273677754484524,3.3207069027229394,3.446544138810639,9.143413627959676,14.460993766784668
2830-3980-0075.wav,1.804500222206116,0.8584326380601408,3.3351365502411814,2.13968498649169,2.5158095882295446,-0.8233339872874126,5.656808853149414
260-123288-0000.wav,2.2711544036865234,0.9531686367167506,3.3602500711293897,2.4626491727324,2.777651280065148,0.1587419873279322,11.748254776000977
2830-3980-0039.wav,2.818153619766236,0.9353308879254516,4.034284388518759,3.094702383074392,3.3823831710049364,6.343468267903994,11.931535720825195
1995-1837-0026.wav,3.1262381076812744,0.9679774545030436,4.3591040264779775,3.651329665645063,3.7491054584491783,10.659056691113935,16.080554962158203
6829-68769-0049.wav,2.0800251960754395,0.9282296490459216,3.850668902201395,2.3501194999879864,2.949774630266491,-1.2619786681463554,6.04930591583252
7127-75947-0035.wav,1.8497636318206787,0.9067820105063438,3.2665324882005864,2.2797062598759323,2.5220342454513647,0.284607287048099,5.940224647521973
61-70968-0031.wav,3.0198934078216557,0.988319631620181,4.60211390322861,3.645973337757936,3.845610550491739,10.09037416080219,14.136085510253906
7021-85628-0006.wav,2.961988925933838,0.9828329262595812,4.329403963446719,3.259253354843153,3.636703383569399,6.328799780114038,13.839641571044922
1284-1180-0024.wav,1.0582691431045532,0.466371757882742,1.0,1.0,1.0,-2.372686919609093,-3.738248586654663
8230-279154-0006.wav,2.500261068344116,0.9700457806504624,4.062486576927809,2.61779514958271,3.248585665874216,0.626149163704464,4.59637451171875
908-31957-0015.wav,2.335174798965454,0.9286125156369828,3.685866209285243,2.7319010273314968,2.972693485785884,3.916121994755275,8.528372764587402
4446-2273-0025.wav,3.215477705001831,0.9656248092882532,4.610850398895661,3.768844406135036,3.93534788954281,11.145949774305636,14.930377006530762
2094-142345-0036.wav,1.5017722845077517,0.7687447577365897,3.053034920750661,1.92238246511523,2.195319980295679,-0.7747668574249957,1.913332462310791
8224-274384-0010.wav,1.652203917503357,0.8448955454876679,2.871481867077582,2.2799540514527,2.21970252587588,2.05208060385676,6.313889026641846
4446-2275-0021.wav,2.1643996238708496,0.9668217295622874,3.714461538278368,2.8424298506413126,2.918053172328396,6.201097024168328,12.922096252441406
7127-75947-0023.wav,3.1316442489624023,0.9847487448531326,4.678128380697487,3.650194550607947,3.927132302132235,9.87040961584983,15.779276847839355
8463-287645-0001.wav,1.5539898872375488,0.763592700545958,2.4921968480638244,1.6392142772014615,1.8704594198386288,-2.485850843221832,6.070966720581055
260-123288-0013.wav,1.639606237411499,0.8873177125456913,3.1459265929818314,2.2955094847484103,2.3402247828953766,2.8207116245042494,5.152078628540039
7021-85628-0021.wav,2.3126354217529297,0.9580421063868678,3.768346696314127,2.88904165167455,3.038978594925553,4.9676849556308005,9.272440910339355
8555-292519-0011.wav,2.4187145233154297,0.9257742751303653,3.773445591082373,2.996788226350135,3.0462900095651118,8.022819636495637,15.266441345214844
4992-41797-0007.wav,1.9182841777801516,0.9255587480273464,3.0162176976523747,2.0405837776602715,2.367839558125801,-1.2002570229730147,12.49757194519043
5142-36377-0016.wav,1.5560691356658936,0.9171973059051988,3.0039103860363645,2.278073008550753,2.2631143480013747,1.603270074427853,10.50088882446289
237-134500-0010.wav,2.207727193832397,0.9093624191765424,3.5671095210837813,2.871773117007409,2.8655067118306614,6.386912955934863,13.248645782470703
4970-29095-0018.wav,3.4460620880126958,0.9695123289109756,4.757044655289947,3.651279393077129,4.1079217744551295,8.261930954115156,15.05948257446289
7127-75946-0008.wav,1.854808568954468,0.8917023539921679,3.220944640112277,2.183824445735318,2.5134048900321115,-1.782560559877195,6.213746070861816
2830-3980-0073.wav,2.64613676071167,0.9311294696187112,4.161360396638485,2.9673634725535174,3.388418957691232,4.320169764203562,10.013998985290527
4970-29093-0003.wav,2.8199462890625,0.9349263485719432,3.965173580794077,2.964636808587616,3.368098454010124,3.4195075413293585,11.261548042297363
1320-122612-0013.wav,2.849400281906128,0.9806069250346108,4.428431697512935,3.477749240603888,3.643897690207758,10.000287699633104,9.455659866333008
3729-6852-0028.wav,1.8966989517211916,0.852847567822289,3.136534653174211,1.9249702376763047,2.3981359533852094,-2.0490365229683807,6.86013650894165
5142-36377-0005.wav,2.193061828613281,0.9458301169819968,3.693082249452643,2.8223624246653083,2.9414175818284414,4.8046808895722055,10.631729125976562
1284-1181-0020.wav,2.9355885982513428,0.9762960549166472,4.389804841054873,3.429885174168981,3.66648778830648,8.662050809689712,13.916452407836914
5683-32866-0026.wav,3.147268056869507,0.9804688667076068,4.221075764941685,3.622127037413079,3.6769322867209073,10.657802405719764,19.302061080932617
2830-3979-0003.wav,1.4422013759613037,0.7614007736968675,2.734264584551044,1.9855442502624536,2.039146732736827,-0.7529597263625238,5.157134532928467
4507-16021-0016.wav,2.3980066776275635,0.926669685382326,3.6882004081034743,2.6829061965291023,2.9996944581430003,2.921137473918132,11.54639720916748
1221-135767-0003.wav,1.5688486099243164,0.8389250371842699,3.317889316545197,2.43015654243408,2.4246912531138936,3.968926440823168,4.965695381164551
7127-75947-0007.wav,3.2164173126220703,0.9771737673518656,4.475111531458655,3.632117455032064,3.861034799917238,9.287887853700973,16.15566062927246
121-123859-0001.wav,1.2756282091140747,0.90475935049767,2.6808249152000854,1.851975729719016,1.9407887247715263,-2.15319062869166,5.653387069702148
61-70970-0038.wav,2.883874654769897,0.9864589350314028,4.579565345996365,3.1673987197635145,3.760129855203096,3.771661918332492,11.862354278564451
4446-2271-0018.wav,1.9597554206848145,0.9154242068354064,3.415368152101663,2.669869290213807,2.672040387504678,4.7439765934223646,13.219965934753418
1580-141084-0035.wav,3.614859580993652,0.9727636707538214,4.979918281171496,4.032471696937187,4.318273084968572,12.405402168549996,17.94344139099121
5105-28233-0003.wav,2.5002634525299072,0.9539109853638976,4.036953568702808,2.7026273606723703,3.2712742525252088,0.4133413293161569,12.270034790039062
2094-142345-0047.wav,2.1505610942840576,0.8152643531864948,3.611047812793285,2.550809478013183,2.8433146428520595,2.39513958191875,5.995551109313965
2830-3980-0074.wav,2.4738636016845703,0.9030412874016313,3.7744189020629375,2.9314667121564653,3.092415733427069,5.783590729748248,9.695186614990234
237-134493-0006.wav,3.3021111488342285,0.96883704834865,4.5237844027727725,3.611060066918633,3.920124770657413,8.673581451282342,15.17724609375
2094-142345-0041.wav,1.3092836141586304,0.7082197880525423,1.563883391057556,1.5527766201034812,1.330053567938722,-3.986678219389201,2.037785530090332
61-70968-0017.wav,1.490403652191162,0.9269884521245304,3.2255815567399764,2.389885752314943,2.342514166208184,3.776656894400991,9.13483428955078
6930-76324-0026.wav,1.1528490781784058,0.7548309988040538,2.4253284399928616,1.9638289139740088,1.7199892097088862,1.9492959888858736,3.083357334136963
4077-13751-0020.wav,2.3689818382263184,0.9511750741226452,4.0643266292371445,3.0841900267660205,3.221804218318758,7.324862831403527,7.893215179443359
4446-2275-0020.wav,1.320937991142273,0.8032332592550311,1.8975399121056875,1.35280051122416,1.4006192379659417,-2.7845111941270795,0.9990705251693726
4970-29093-0016.wav,3.098865509033203,0.9726173505143502,4.154179340561742,2.8632037274269164,3.605475511555782,-0.4164454755323087,17.474475860595703
1284-1180-0008.wav,2.0305354595184326,0.9242867075520116,3.5239232044842344,2.6594524528818173,2.722562554918806,5.770173439598675,8.389689445495605
8555-284449-0019.wav,3.735455274581909,0.9797638593280452,4.949732499926026,4.091062492108273,4.3701116142225125,12.157761695314958,15.900520324707031
7021-79759-0002.wav,1.953802704811096,0.9588057798356412,3.3798230159720557,1.897851250672716,2.559467741284514,-3.4169408893673525,5.740228176116943
7176-88083-0023.wav,1.2921737432479858,0.8069007391659061,2.4051721316082606,1.671410902067148,1.7114869309462626,-0.7168953728629972,-0.7064133882522583
1089-134691-0022.wav,3.399049997329712,0.9822613325260348,4.643479023601101,3.699622925481442,4.043089648834638,8.70684622384016,14.979400634765623
672-122797-0071.wav,2.3187530040740967,0.9313573722902828,3.615018250539879,2.8513921502169546,2.955075368416783,4.795120378724928,8.410840034484863
2830-3980-0020.wav,1.1582272052764893,0.7301102392083855,2.62419929923096,1.754475888695041,1.801343045476624,-0.5195484925966248,-2.0744075775146484
2830-3980-0062.wav,2.16298246383667,0.904255176232016,3.546271825752165,2.519298176305611,2.7822693000063308,3.3466203655230187,9.693914413452148
5142-33396-0003.wav,2.750358819961548,0.9772135464085192,3.8835848323174846,3.205461354844391,3.3037937690898307,7.266474140100365,17.665836334228516
4507-16021-0052.wav,3.1881089210510254,0.93894246561213,4.395052494761897,3.583328226788476,3.775440170622844,10.114553460527304,17.61716651916504
1188-133604-0024.wav,1.598860502243042,0.8169036162693687,2.894567529290272,1.971371567160216,2.206332973479918,-2.5329759600942947,5.9140825271606445
237-134500-0031.wav,2.1122162342071533,0.8893246109045163,3.168348461640023,2.463896639549896,2.60802942887331,1.114772043817423,11.171443939208984
908-157963-0002.wav,3.0153584480285645,0.9554774948588562,4.394916984387091,3.28038544526423,3.694804458717203,6.323009013650237,12.215898513793944
2300-131720-0002.wav,1.3745057582855225,0.9707578889696094,3.041946207680568,2.4759375258558305,2.2024328416847823,5.589488818738598,4.564929962158203
4446-2275-0033.wav,2.9442250728607178,0.9434613160650946,4.318840861441091,2.542379912352631,3.5846329134596937,-3.2479717229641407,7.102019309997559
8455-210777-0040.wav,2.534384727478028,0.9595959170105024,3.7736603978686634,2.853789994412508,3.1161455763688126,4.375783417971556,12.280688285827637
3729-6852-0005.wav,2.338738203048706,0.9349935667744048,3.707755014663803,2.9070388535862635,2.9878259641959453,6.561464695231571,12.342413902282717
3575-170457-0047.wav,3.5460915565490723,0.9892329043279916,4.850440604388663,3.950680966892581,4.20130580060034,12.413926287306367,16.452350616455078
908-31957-0021.wav,1.3978619575500488,0.7807800525790439,2.522166655604111,1.6123664011076513,1.8713141558059068,-4.581644390437964,0.9752020239830016
2094-142345-0056.wav,2.5274980068206787,0.8909869624442155,4.028034036093067,2.8339486471471327,3.250021942031343,3.637910856621484,6.427245616912842
61-70968-0047.wav,2.6681883335113525,0.9624632700378316,4.266055891527132,3.2921022810722875,3.4810971696221222,8.009921604852831,11.876983642578123
5105-28241-0011.wav,2.112253904342652,0.933657597482104,3.8600849218035327,3.145507784884362,3.001838976342813,9.748252269669354,10.67741870880127
7127-75946-0029.wav,1.3486855030059814,0.7678057696327889,2.6340649339939364,1.867741796879447,1.945122040845022,-2.04786053725948,2.973418712615967
237-134493-0013.wav,2.719438076019287,0.9287404478297844,3.957062753246584,2.9024504560225277,3.3201069052217487,2.8955262777809296,10.520059585571287
5142-36377-0006.wav,2.2216906547546387,0.979246098440591,3.776869744120495,3.115836940909328,3.0011695755336247,9.08694671033725,14.227102279663086
5142-33396-0000.wav,3.719979047775269,0.9723100417738244,4.7831575844013,4.077731420995097,4.269973804956809,12.479502360888969,20.16495513916016
8455-210777-0065.wav,1.9701292514801023,0.9005963246274327,3.132694961410704,2.063410897510664,2.4932782749444167,-3.05106393180206,7.595241546630859
4970-29095-0001.wav,1.8400468826293943,0.8751327384615044,2.8148586178709296,2.136050906683477,2.252049645058836,-0.1446390390240426,6.927933692932129
1188-133604-0036.wav,3.1702682971954346,0.974504392968716,4.47584301193624,3.4005676125098434,3.8239579579938,6.585510699764234,14.167481422424316
121-121726-0010.wav,2.882392168045044,0.9410710591016136,3.747411206659934,3.1604194445481,3.3173264793612307,4.905758372865075,10.578351974487305
5683-32865-0016.wav,1.93274450302124,0.8563856670026115,3.30690526290555,2.178473531977557,2.5678124043676123,-1.2375509106321276,4.76472282409668
1580-141084-0039.wav,2.001298189163208,0.9529854316564011,3.75667089121722,2.769659353788624,2.877013836749592,5.388270481616568,14.958691596984863
5639-40744-0037.wav,2.172020673751831,0.9580275695226272,3.4048439560790795,2.6944250144079818,2.738546537967875,5.084853080940953,12.52064323425293
2961-960-0004.wav,1.569962978363037,0.9109012442805152,2.87827497361283,2.6192000587764914,2.216006019053228,6.542990349520494,13.1443452835083
7021-79740-0011.wav,1.079642653465271,0.6779177169028042,1.397301044504584,1.0199384817079586,1.025018916328262,-6.023544777133624,-3.6628246307373047
1188-133604-0043.wav,2.766722679138184,0.9270427197484576,4.036298226429275,3.0925318489543825,3.396710587644485,4.967881961135962,10.822304725646973
1580-141084-0036.wav,2.8813023567199707,0.912716023217864,4.393320526078386,3.454178896046232,3.6275564598958185,10.044126480635308,14.553411483764648
4992-41806-0009.wav,2.7892301082611084,0.9750658256088818,4.104659479592853,3.3965009177703287,3.44249796400134,9.604068718531368,15.568351745605469
6829-68771-0035.wav,2.0473108291625977,0.9278051022990758,3.552309626485021,2.3520731309469785,2.7631154057576017,-0.0273400540197421,10.565947532653809
3729-6852-0039.wav,1.973648190498352,0.9146480807833592,3.395538541537176,2.5052557702161438,2.625655927293309,3.9436877917054978,10.040655136108398
7021-85628-0027.wav,2.6883318424224854,0.9710775900009812,3.885139466362824,2.942667252750016,3.259901271320813,4.1537067774578205,10.343673706054688
4446-2275-0042.wav,2.659487247467041,0.908696135282022,4.014189542007046,3.3491658327006784,3.33428540053591,9.734978144199644,12.947358131408691
5142-36377-0007.wav,1.3827388286590576,0.8509778640371306,2.2572557979212755,1.8054095202284437,1.7106304303237954,-0.4671180548165721,2.758951425552368
8455-210777-0052.wav,1.2382919788360596,0.8328057858525051,1.4982688678966076,1.6335053361913914,1.2056861171315472,0.29500390010529,8.922761917114258
5142-33396-0020.wav,2.8333544731140137,0.9805813344544028,4.052394630580612,3.318307206789192,3.434716068185577,8.20689291020521,17.920188903808594
3729-6852-0000.wav,2.551194429397583,0.975552730656864,4.05644399794545,3.377903903125837,3.2861051214090584,11.652559864351351,17.4558048248291
672-122797-0063.wav,1.6047031879425049,0.7259284617055397,2.6414493882576022,1.7362657041097282,1.971715718372194,-1.3911157575640918,5.834899425506592
1995-1837-0015.wav,1.5056155920028689,0.8878422919603423,3.258682040340648,2.407042394379656,2.3635793824005,4.069537897080107,8.185595512390137
672-122797-0000.wav,1.870162010192871,0.9287427742032084,3.461379047758185,2.423708739690129,2.6444844252613207,1.7459020467978312,-0.1282829940319061
2094-142345-0034.wav,3.37943172454834,0.9822288132592476,4.878669091488146,3.980136369175385,4.157553089863109,12.984616710392547,16.46536636352539
3570-5695-0007.wav,1.5316283702850342,0.8649220460527536,2.7322613836818417,1.9426525740180287,2.0852823849622726,-2.1993010734192766,2.7711281776428223
2961-960-0015.wav,1.7604708671569824,0.9590997271149464,3.0848933386676247,2.5808011250149865,2.415432727682769,4.469551255818519,14.183770179748535
2830-3980-0026.wav,2.278850555419922,0.9831252151974742,3.5692153307131607,2.5149719023146573,2.8176812205626347,3.9194531019956007,9.408440589904783
61-70970-0000.wav,2.471492052078247,0.9847037933851488,4.189568664040946,3.269539595640653,3.346367003882429,9.027317204300182,13.527859687805176
237-134493-0014.wav,1.6115310192108154,0.844042513662565,2.8186824107937043,1.7433835095129064,2.131982332569854,-4.353841734969744,6.1353535652160645
5683-32879-0004.wav,1.4394497871398926,0.7948874556272432,2.6638925446520108,1.976406836986161,1.959188945822904,1.0417970205531455,8.38757610321045
3570-5694-0017.wav,3.358102321624756,0.9864116021208268,4.582453182475889,3.750051813834912,3.9909258092073183,9.867423207438788,15.204061508178713
7127-75947-0019.wav,3.103289127349853,0.98602519687748,4.496632435789066,3.647729445742629,3.788330228440596,11.55221445923728,15.800026893615724
1284-134647-0002.wav,1.4908545017242432,0.7666045893731375,2.789538683763598,1.9533477197109872,2.062486043495197,-0.3672747408991896,1.6802129745483398
8230-279154-0041.wav,1.9262115955352783,0.8934461495886298,3.4383547096351634,2.312560290597888,2.624757057063315,1.1678025066544555,3.2559635639190674
5105-28241-0013.wav,2.4127182960510254,0.9593748084703247,4.122791463520277,3.2406335240953927,3.276075899108577,9.339847601002704,13.849851608276367
8224-274381-0002.wav,1.952524185180664,0.8455808904164088,3.3289470374326995,2.8572555702776885,2.62125239413911,7.955450609341652,10.72287654876709
5142-36377-0011.wav,2.336662769317627,0.9334945853859152,3.8033745531375054,2.4775086475428973,3.061440471415958,-1.4340716772990818,10.655366897583008
61-70968-0019.wav,2.1640985012054443,0.936498443465646,3.80447965482285,2.770303407418774,2.979420286588292,4.321461208986265,9.093110084533691
5639-40744-0020.wav,1.9030616283416748,0.9088022312361876,2.789605581649353,2.5650875233293964,2.3248343921902004,3.8288856702491354,7.897398948669434
8463-287645-0008.wav,2.6936850547790527,0.9538313690897302,4.206265017004995,3.2701909525361748,3.44891845397122,8.142929464017634,14.46987247467041
2961-960-0022.wav,1.421056628227234,0.7505659909471945,2.6417543475408167,1.9630624395153264,1.961080871806085,-0.0083620207012443,4.876278400421143
5683-32879-0017.wav,1.9762952327728271,0.8734422163705334,3.388432925046966,2.296558380772446,2.6020922836918965,1.5522588592063238,7.579607009887695
672-122797-0074.wav,2.045016288757324,0.6991142321648394,3.392557923142837,2.545065372412731,2.671903333932488,3.5189525057107063,7.66964054107666
260-123440-0019.wav,3.005656480789185,0.9854497934693272,4.475449695974427,3.632200234839984,3.756886835946072,10.795315737905907,10.087532043457031
7729-102255-0027.wav,1.8538743257522583,0.9034493012353166,3.13228862180698,1.8190957263623564,2.400842465808224,-4.569766103604748,4.949150562286377
121-121726-0013.wav,1.969449520111084,0.9169060533656674,2.9118704911069506,2.187744275719567,2.413775634275223,-2.425694512879019,10.322498321533203
5683-32865-0005.wav,3.0942583084106445,0.962101554536946,4.463498074188433,3.453772263822012,3.7794896064607686,8.004249909542361,12.365129470825195
7021-85628-0026.wav,2.83240270614624,0.9444990617942394,3.9971408081232194,3.3435148678323303,3.413770374522838,8.304606869653194,15.283287048339844
1580-141084-0034.wav,1.9900004863739011,0.8905338462101561,3.6827159257754505,2.401048111421989,2.8283540976108417,-0.1057112408164054,9.69081211090088
4992-41806-0003.wav,1.8768880367279053,0.9706497793645976,3.455610079874803,2.5744229429464287,2.643474231316485,4.154839260727435,14.79041862487793
8555-284447-0023.wav,2.1257762908935547,0.9339575924485316,3.638727186522996,2.9986595865259305,2.8668730147456256,8.709342254503813,12.77743434906006
2961-961-0011.wav,2.083396673202514,0.9621174967050388,3.519214672765711,2.973214119992422,2.801133199411028,7.960541698446215,13.658390998840332
6829-68771-0034.wav,1.167255997657776,0.7173794967932499,2.092329703492396,1.5669980638797143,1.5296027547154492,-3.0502980051793047,1.0872621536254885
121-123852-0000.wav,3.0510475635528564,0.9789026453533436,3.724763261389497,3.1119870072728264,3.3887924195560566,2.964421937639684,13.103574752807615
2830-3980-0036.wav,2.2077879905700684,0.8632794784811877,3.5974652995744,2.8013990214015267,2.872043205011219,5.648237802108098,10.152862548828123
2094-142345-0054.wav,2.585632801055908,0.8387924086669547,4.021048405779381,3.2012250952927315,3.293280945441869,8.26091503617712,14.598299026489258
1188-133604-0023.wav,1.398090958595276,0.8246584061681554,2.664512852970081,1.9884088455158004,2.0143194308715944,-1.7894567270872697,10.776016235351562
7127-75947-0008.wav,2.304107427597046,0.9392965082002108,3.5904664322283693,2.544789546917692,2.911347454516647,1.102068401582652,10.12704849243164
4507-16021-0015.wav,3.1308608055114746,0.9715432639421788,4.439116732868773,3.597053288685633,3.7896120269575695,9.834696387057624,17.145700454711914
260-123286-0023.wav,2.828821182250977,0.9832845947855596,4.317075003074642,3.5096920742248146,3.5822036234782817,10.482573819375784,16.864450454711914
260-123286-0002.wav,2.086604118347168,0.9568254652721716,3.295086460390338,1.9334407702308645,2.600056003870641,-4.550945849584995,3.399906635284424
1995-1837-0009.wav,1.996312141418457,0.9101095844858292,3.5552479429297006,2.562140423515738,2.741787553997278,3.5634707779689103,5.625974655151367
3570-5696-0001.wav,2.253209352493286,0.9655532539303554,3.7854913992776575,3.103775650984983,3.014391775009125,8.964043368370318,14.255163192749023
4077-13754-0004.wav,3.8672494888305664,0.9879919631465738,5.0,4.119778359420285,4.544443692633371,11.557995863212216,16.105770111083984
61-70968-0049.wav,2.781036615371704,0.9576626337283668,4.3790416611741145,2.7527220236868217,3.5866620097974864,-1.071361512019145,10.294054985046388
4446-2273-0006.wav,2.9039337635040283,0.9670806362604778,4.202817085643456,3.1601389264125914,3.5463414473786905,5.1105719569014525,14.292800903320312
7729-102255-0019.wav,3.1086854934692383,0.97413805964309,4.533289263786902,3.47220762099814,3.8396394428896152,7.3882419906826975,11.67202854156494
260-123286-0012.wav,2.0124399662017822,0.9505583762984324,3.4978239841204264,2.6917507374047585,2.7060947477956674,6.1709430503802,11.789941787719728
5142-36377-0023.wav,1.521056890487671,0.828141637196332,2.7075637549266007,2.010014446517286,2.074973504177644,-1.372287323523401,9.22838020324707
4077-13751-0013.wav,2.3515777587890625,0.9282220023819048,3.7358024566999295,2.662473196430546,3.0092067679778656,2.540562165899551,3.327964305877685
8230-279154-0022.wav,2.0000433921813965,0.9084490902160036,3.2830052106745558,2.4694360518840104,2.6068017067401748,2.1257885477401235,4.207381248474121
3570-5694-0013.wav,3.0131032466888428,0.9850058604195282,4.33623724963693,3.5629797903477507,3.670257505304225,10.570679903848925,16.398040771484375
672-122797-0065.wav,1.119490623474121,0.6103214771555716,2.4474325740582032,1.7019418006323843,1.7187102608991969,-2.155783294158229,0.6031287908554077
61-70968-0053.wav,1.663231372833252,0.8825938558608755,3.1459500996848995,2.35942106770926,2.3590902122938395,3.3508709330714663,8.91270923614502
8230-279154-0009.wav,2.317656278610229,0.9345397457469896,3.6474599542279194,2.638252989377359,2.9531333004708693,2.192649016430864,4.747537612915039
121-121726-0012.wav,4.04710865020752,0.993814331337818,5.0,3.966289117246432,4.5965475066257415,9.122639554104484,18.546541213989254
8230-279154-0024.wav,1.780923843383789,0.8726255108141219,2.5440731044310336,1.768359185235625,2.0634253167262235,-4.473497921067689,2.4976553916931152
2094-142345-0023.wav,2.0551586151123047,0.8671993304950454,3.580401156933835,2.4849184606393004,2.78194385859602,1.982644465550322,5.394750595092773
260-123286-0029.wav,2.028650283813477,0.9557591952909928,3.475046848098155,2.671076049717674,2.732574902305629,4.414409578878159,11.10639190673828
5683-32865-0014.wav,3.474731206893921,0.9526564004364592,4.469821248215401,3.733598191360472,3.955387340863041,10.412769131022738,19.646947860717773
8555-284449-0015.wav,1.126787781715393,0.5541473076823493,1.6470419824952454,1.5283236059586165,1.2300983885559775,-0.8234137387237451,-0.8216493725776672
121-127105-0007.wav,1.7148646116256714,0.8750763305447674,3.01753713369582,2.218407331782532,2.316191894281156,0.9444798458766832,5.504164695739746
237-134500-0029.wav,2.521167993545532,0.928050964700104,3.674498271316745,2.8834396788449435,3.068509694109539,4.577554596228539,12.801647186279297
5142-36377-0019.wav,3.601052045822144,0.9927173502053837,4.792258387398739,4.050098791223528,4.212185629762415,13.042907494072326,18.759769439697266
8224-274384-0008.wav,1.9609442949295044,0.9187341346856456,3.5497756573604407,2.271789599441969,2.734872094241399,-1.37907766556197,6.654994010925293
1580-141083-0037.wav,2.3190135955810547,0.8666015704157901,3.90039401091788,2.7279394217306336,3.0844563216998813,3.3951172457758845,13.642558097839355
672-122797-0015.wav,2.6873128414154053,0.9240742112581783,4.071003743023859,3.308565746060281,3.3712559304263925,9.115104780546687,13.86391258239746
8230-279154-0039.wav,2.813854932785034,0.9251229506081188,3.980694452504101,2.898323510864352,3.354364857988606,3.222956195286252,6.202769756317139
1320-122612-0009.wav,1.3401213884353638,0.7789060584476223,2.149076622922045,1.4594311526793216,1.593757474942389,-3.805894510316597,-2.0104029178619385
1580-141083-0042.wav,3.0365822315216064,0.9310070495112078,4.381915170199959,3.129735038004303,3.6924551317944654,4.061371444912666,12.550020217895508
8455-210777-0061.wav,2.1212713718414307,0.949601237802286,3.5095230748275186,2.817507753932452,2.8149358720736912,5.223695669339664,8.317185401916504
2300-131720-0016.wav,2.637534141540528,0.9653703728917252,4.02603832773657,3.298724854039377,3.342123511858877,8.526888256870047,8.096822738647461
260-123286-0003.wav,1.1467162370681765,0.5977304400558017,1.623008114395485,1.2287580361242212,1.1827758228078695,-3.7281451691821488,-2.406189203262329
61-70970-0008.wav,3.088230848312378,0.9782241175177676,4.522297948973322,3.214440340220467,3.800405287675616,4.484476363795507,11.437128067016602
1188-133604-0035.wav,3.7317068576812735,0.9918714963580187,4.911183988532174,3.870445158525307,4.330421546001069,9.504572177146075,22.85955810546875
2300-131720-0004.wav,2.0879971981048584,0.9639135357391472,3.519285773425482,2.823042001748664,2.796830940843261,5.83541785405344,5.883356094360352
6930-75918-0002.wav,1.8873826265335083,0.9121608496171072,3.5626943072514186,2.3091565065927755,2.708866798953558,-0.4354608099239906,10.108707427978516
5105-28240-0024.wav,2.242819309234619,0.8949592737653791,3.5055381200311597,2.638091897023012,2.844520142423849,2.76702265580532,7.205587387084961
6930-76324-0027.wav,1.418632984161377,0.8216502894970047,2.8947498099982245,2.3250262241632718,2.118456222552584,4.31404057667194,5.790792465209961
2300-131720-0031.wav,2.3590362071990967,0.959554097108156,3.88356311357755,3.030071379777371,3.1214623764189544,6.778205600344148,6.371030807495117
8463-294825-0013.wav,2.7111599445343018,0.9587233607645322,4.3095164524320495,2.8686966882489173,3.5169986053593387,1.2901841982809752,11.980012893676758
5142-33396-0013.wav,2.902108907699585,0.9777305155905488,3.9870733013921087,3.171823915353956,3.4392323131016678,5.258781313319252,12.369735717773438
7176-92135-0011.wav,2.458648681640625,0.9784839915611871,4.150140784081784,3.015328294409121,3.314496144897861,5.343763837525579,8.22513484954834
5639-40744-0012.wav,3.4328255653381348,0.9792235504690582,4.449802268384596,3.829120633200482,3.923869752639439,12.264390002392728,17.213855743408203
1995-1826-0020.wav,1.225417137145996,0.7289018559972814,2.4828850186186626,1.7043124333643915,1.746554870716474,-1.0147678443960366,1.1586720943450928
1320-122612-0010.wav,1.9330520629882808,0.8800453297653185,3.107838299632732,2.376524019952187,2.490473932680596,0.954033684380546,4.321072101593018
908-157963-0016.wav,1.7939705848693848,0.9231161886077752,3.271566158291936,2.480872829057797,2.495513326704268,3.938583899002239,8.959518432617188
2961-960-0011.wav,1.543670892715454,0.922035659668731,2.727395024839864,2.5351397063432817,2.1220938765968014,5.653248457521136,9.206781387329102
6829-68771-0017.wav,2.861821174621582,0.9733099482100944,3.9688493302636663,2.599540070444433,3.3486773795154496,-0.8254947813330208,9.857975006103516
8455-210777-0068.wav,1.825226068496704,0.8078776484001899,3.103792676392082,2.246085984733509,2.397753572207584,1.299236504364177,8.793554306030273
61-70970-0025.wav,2.247525453567505,0.9742970240659152,3.983326383709177,3.1108148244446703,3.1350123955783338,8.015047675667523,15.209299087524414
4992-23283-0007.wav,3.3581175804138184,0.986766066082042,4.592455135482946,3.6346751320946846,3.9683858644539,9.248628245176906,14.683883666992188
6930-75918-0005.wav,1.2474502325057983,0.7136245424343374,2.459748512430914,1.781878944135915,1.7907781381481755,-1.916173155726754,2.578693628311157
2094-142345-0020.wav,1.707760453224182,0.8703627250061212,3.330051356572912,2.343728425423169,2.4754025155655794,2.665967959771928,6.808263778686523
61-70970-0028.wav,2.294735908508301,0.970990420833708,4.102233221944155,3.22998842085502,3.216081866072705,9.633732665142247,12.96527862548828
672-122797-0039.wav,3.123266696929932,0.9291212050720034,4.46415494785914,3.7099132222487134,3.803846947403883,11.436509374248413,14.539716720581056
121-127105-0020.wav,1.2146917581558228,0.7643881081215301,2.1301421709123063,1.2470324697652175,1.4894677424648093,-4.83640557098519,-0.4680905342102051
5105-28241-0012.wav,2.097324848175049,0.8264673258018203,3.527511042276507,2.778508877138088,2.791743200260677,5.669775175322488,10.24306869506836
1089-134686-0026.wav,3.8197989463806152,0.995571855230992,4.916168306039391,3.822023140320898,4.384387459316521,7.759066290792581,14.186163902282717
1089-134686-0017.wav,3.787168979644776,0.9863417781439674,5.0,3.98141131206103,4.464600486865041,9.812455055813633,15.679259300231934
4446-2275-0012.wav,1.1071035861968994,0.6339035221361411,1.9081185392039692,1.5130382388145964,1.3994163917545432,-3.0911743810763865,-1.8359553813934328
672-122797-0013.wav,2.2559053897857666,0.7986480392182396,3.629071567704957,2.630537745312796,2.8998111622692684,3.1110606302713726,7.211494445800781
4446-2273-0024.wav,2.5862834453582764,0.9302990050027804,4.230138941928764,3.138717480469402,3.4090633005914883,6.760792185140051,12.375778198242188
6930-81414-0006.wav,1.9334256649017332,0.912079706741742,3.6016599109594463,2.92610052410036,2.777322632252561,7.870460078910062,2.500920534133911
3729-6852-0024.wav,1.5134732723236084,0.8809945910713256,2.29973009364386,1.516470058983157,1.7214192346866644,-2.680963608762264,10.631512641906738
61-70970-0034.wav,2.063122510910034,0.9238704432792773,3.7354221876573774,2.660798714477785,2.8996620936414867,3.1030437274154736,6.3557233810424805
7176-88083-0018.wav,2.188485860824585,0.9270590535253546,3.7549378044023554,2.741783149862401,2.9638354493399257,3.8268741734745024,5.356332778930664
1188-133604-0002.wav,2.725705146789551,0.923213750795539,3.909557514733062,3.304279307768149,3.316232700822072,8.494903817709483,13.624958992004396
6930-81414-0010.wav,2.004570960998535,0.9026855068826338,3.506711408032788,2.3907526155029557,2.736707074917319,0.1239109678102288,8.097770690917969
8463-294828-0037.wav,1.5814340114593506,0.9348108627246124,2.989982393571316,2.293446072418925,2.262501345257267,1.9408332340397707,11.866449356079102
1580-141084-0014.wav,2.5386221408843994,0.977761889967128,4.0442700998625245,2.979941962444073,3.2575171134748757,6.144060655933759,18.35072898864746
4446-2273-0009.wav,3.157156467437744,0.976034259169312,4.611884686223093,3.70891706540366,3.8956098295420745,11.11317153501586,17.0073184967041
1580-141084-0016.wav,2.572756052017212,0.9147490320863134,4.176784639724762,2.657330387244913,3.361165282520393,-0.137914577940974,12.479763984680176
260-123286-0000.wav,2.166682481765747,0.9627374826504624,3.1128110817567416,2.2263124605897398,2.5645732570554345,-1.1607548818306364,10.20566463470459
3570-5695-0002.wav,3.0398755073547363,0.9808671603746268,4.448212694160423,3.6683876916347034,3.755727816533299,11.32536699148778,13.933453559875488
5105-28241-0015.wav,3.393245220184326,0.9514333062543068,4.837012106122763,3.847882736435961,4.131353884711862,11.32896010979739,15.062651634216309
2830-3980-0050.wav,1.0844186544418335,0.6078291149299685,1.7928709100659137,1.4583378365452977,1.2851327689084482,-1.7833024545456564,-0.5995534062385559
2094-142345-0029.wav,1.8226436376571653,0.8156449080964314,3.0252949709804997,2.3434057271038364,2.368431029125164,2.3771918273205506,3.602407932281494
7176-92135-0026.wav,2.6817519664764404,0.97232938163743,4.050391010485147,3.005350413046181,3.3532641633948588,4.561453225711249,9.926926612854004
8555-284447-0019.wav,2.952472686767578,0.9727465203801464,4.369737976263448,3.59019438881424,3.6727269159983,10.739372949581458,15.664608001708984
1284-134647-0005.wav,1.0715068578720093,0.4604668481240163,1.0,1.356121114198336,1.0,-3.1112824075553163,-4.075798511505127
8224-274384-0004.wav,1.838115692138672,0.932221729661886,3.306697831826939,2.5201780219026446,2.5559685781119748,3.316257999291755,9.77882957458496
4446-2275-0034.wav,2.646010160446167,0.9590929043126596,4.191023013190332,3.263300991873292,3.422508471132508,8.16406047474554,14.027790069580078
8455-210777-0004.wav,2.553534746170044,0.9843429007657384,3.991540108603072,3.235735827489755,3.282292504790697,8.17535998118383,13.307591438293455
6829-68769-0038.wav,1.919623613357544,0.9566093452539812,3.1610758139744446,2.032802569534588,2.476575763820035,-2.9192967246057764,10.789777755737305
3570-5696-0007.wav,2.254723072052002,0.9668325492596496,3.8300221750341903,2.917155169109502,3.0342644784269743,6.124658901240228,10.726850509643556
260-123288-0022.wav,2.8952581882476807,0.9627538701549604,3.990760353981088,3.254465736253136,3.439909033648636,6.52113159708843,13.573055267333984
5142-33396-0063.wav,2.341536521911621,0.9852902501409834,3.716264313752852,3.256192337635316,3.033621278793378,10.313454950965545,16.32208251953125
6930-76324-0003.wav,1.0579100847244265,0.4123314939225512,1.0116294759428586,1.3916949397334664,1.0,-3.688575065324845,-7.485892295837402
1580-141083-0035.wav,3.032578706741333,0.9665221501520675,4.48580230497276,3.272766750189376,3.770559714405615,5.109269510286815,20.97564697265625
4992-41797-0022.wav,2.169915199279785,0.9416370649914966,3.1933264005151902,2.713967847243853,2.5947279731226995,7.063709501059987,14.380745887756348
7127-75946-0001.wav,2.519845724105835,0.8483128437892778,3.897338667953564,3.364687330123688,3.203279223673355,11.144416569456592,16.7716007232666
5105-28240-0015.wav,1.2805176973342896,0.7078949603988361,2.296121135808417,1.6029843398735948,1.660851681722423,-2.1336481409822694,2.183688163757324
8463-294828-0000.wav,1.9602965116500852,0.938742552093884,3.1683555404002397,2.0532687323121896,2.472700049475376,-1.6677815358503807,9.83269500732422
5142-33396-0054.wav,3.559819459915161,0.9890718137380644,4.601688016292852,3.984346783434321,4.105359398897693,11.92360127902618,20.46208953857422
1221-135766-0015.wav,2.0211308002471924,0.9828481831786114,3.8585170680600074,3.108153339992253,2.952066163914301,9.977942517644632,12.144614219665527
7127-75947-0005.wav,1.4893648624420166,0.8109795488897293,2.205499218112547,1.743566986704702,1.8054582982658935,-5.198164697412151,4.922866821289063
908-157963-0018.wav,1.96213173866272,0.8628372435201724,3.514954551395267,2.4988416098365693,2.7057816027735515,2.7606664168431427,5.704538345336914
5105-28240-0017.wav,2.756836414337158,0.9269734083294914,4.172766105063131,3.1719591238852467,3.4677505672027045,5.945450296239151,8.28021240234375
4077-13751-0021.wav,2.343827486038208,0.932917230701218,3.932559884488207,3.0372778149853024,3.126608772041114,7.517004693235356,6.787257671356201
5142-33396-0028.wav,1.9185810089111328,0.9107185905732424,3.2440073766952646,2.1858179503336554,2.550365105202573,-1.93879063296812,10.155574798583984
1580-141083-0046.wav,2.3385019302368164,0.935638750657836,3.883269968268258,2.670823203668938,3.066013924285826,3.211382390784671,12.770886421203612
908-31957-0008.wav,2.170146942138672,0.9302562568034874,3.5571794728440023,2.3180595497974634,2.7756101261012684,0.7899148716749926,9.040726661682127
3575-170457-0011.wav,2.8894546031951904,0.9665826084647844,4.261833171363578,3.5974125530975805,3.574619496878142,11.887019356358266,17.451200485229492
3575-170457-0029.wav,1.3393006324768066,0.7479968150164393,2.4418813593794746,1.5581808532269243,1.7277674281156763,-1.7358163728989124,2.3913064002990723
2830-3980-0037.wav,1.5256239175796509,0.7003536560940292,2.84744795488,1.9673854932837047,2.115040352491759,-0.6806775539925011,4.082135677337647
1284-1180-0005.wav,2.698209047317505,0.895584418701493,4.028618350971206,2.9118720801207583,3.3287927190632622,3.9198257459192,6.019606113433838
5639-40744-0022.wav,1.9560308456420896,0.9633788553423308,3.1783101797169104,2.8214493241049405,2.5556196912662066,7.027889068948364,11.147577285766602
6829-68769-0008.wav,2.079155683517456,0.9472160797491564,3.6639070421929736,2.3526706710697005,2.8507825295050515,-0.9670171078296222,8.64642333984375
61-70970-0022.wav,2.2025153636932373,0.9510468812614904,3.245927112383542,2.8209149109006755,2.731720523662962,4.356605129765932,12.353297233581545
6829-68771-0019.wav,2.2412445545196533,0.9698384383788824,3.877300693883255,3.0932074158252765,3.0668205144638145,8.32360460895751,15.877119064331056
1320-122612-0005.wav,2.8670079708099365,0.9600661307367794,4.150902460761225,3.169085592263692,3.5052570217580805,5.383257543069826,4.756166458129883
1580-141083-0029.wav,2.1765360832214355,0.8975038448038467,3.7042485974517274,2.4044810469394755,2.912848886328788,-0.5671358074060676,12.572837829589844
1320-122612-0006.wav,2.7473623752593994,0.9538647938559184,4.228140032029589,3.041291209132728,3.484019726959535,4.229588160574777,7.71394681930542
6930-81414-0001.wav,2.8026509284973145,0.9026111348691372,4.112633993388939,3.2898007077489355,3.4526847881727973,7.833176289123568,12.092914581298828
3575-170457-0033.wav,3.364435911178589,0.9916433180497418,4.633613146213931,4.037689143462843,4.006359600152319,14.967507419248149,20.0387020111084
8455-210777-0021.wav,1.767905831336975,0.7453713839892798,3.097036500025341,2.1783703386393083,2.402488198292112,-0.9727024001023442,4.969381809234619
61-70970-0002.wav,1.8185060024261477,0.8533181172283641,3.1374148519206897,2.4583699604323623,2.4536709470890004,2.8437141765714298,10.75226593017578
8455-210777-0034.wav,2.8677992820739746,0.979804020480736,4.222527755327016,3.281051244952929,3.5264412330372057,7.808940066762932,15.47096347808838
7176-92135-0025.wav,2.5645339488983154,0.977358303827074,4.186843471169251,3.2384703926331406,3.3839737687481604,8.181579363729847,10.594392776489258
8230-279154-0004.wav,1.4557090997695925,0.7302614074961771,2.36013699993196,1.5050172218559656,1.767570974609599,-4.418768136101271,-1.1990489959716797
1580-141083-0033.wav,1.675950527191162,0.8301584305183908,3.2015587021270178,2.3486538452620245,2.374671335217159,3.8990276677292064,7.901267051696777
8463-294828-0015.wav,2.534430503845215,0.9612022563715356,3.8047969736602982,2.841447994056279,3.133622955417457,4.093103995690897,17.399351119995117
6829-68769-0007.wav,3.2335119247436523,0.985226313499476,4.561691212240976,3.71832656186902,3.908362724343328,10.719728333696468,18.02977180480957
908-31957-0020.wav,2.742263078689575,0.9614293560708916,4.172248870449864,2.763568227708689,3.4335265207683,0.7459366941838467,8.439934730529785
237-134500-0042.wav,1.534369707107544,0.905941933668536,2.958693757381206,2.2325763299623027,2.2186956196756342,1.5287524223791904,15.217528343200684
4446-2273-0031.wav,2.7045605182647705,0.9753866497077912,4.074312601184353,3.172696070068677,3.379193237222153,6.934139331719981,16.90803337097168
1284-1181-0003.wav,3.76501727104187,0.975825385997742,5.0,4.1509469421424185,4.460593169141965,12.526973608086331,14.917396545410156
7127-75946-0017.wav,1.912170171737671,0.90757622503042,3.5579703880386773,2.320461086882728,2.717503646616977,-0.3767046686291412,8.419534683227539
2961-961-0014.wav,2.28091812133789,0.9448804511248902,3.1239376636412404,2.255260857538924,2.610319341030805,-0.7980564562992976,9.99985122680664
121-123852-0002.wav,3.413534164428711,0.9838064918710716,4.693013105817322,3.673431356185652,4.065211763321478,8.61469010588064,15.52186107635498
2830-3980-0056.wav,2.805445671081543,0.9616193276777248,4.145191195269076,3.2025103924454816,3.4480652442182107,7.405857608988196,12.294955253601074
1188-133604-0025.wav,2.289438486099243,0.8985963221974848,3.322422755508531,2.2208288035706816,2.7643398198211333,-3.654392252749151,8.853784561157227
4446-2271-0010.wav,1.2681851387023926,0.7870134968824875,1.772396172447957,1.5403330807552835,1.3324673232814297,-0.3219656159797596,5.13255500793457
1320-122612-0002.wav,1.7962327003479004,0.9102488361961496,3.3336016693378907,2.245939759994563,2.50616481315821,1.1333311768129768,1.7345036268234253
237-134500-0030.wav,3.384820938110352,0.9832516649041512,4.399593771190122,3.7309313487580127,3.899880056972133,9.958302569500448,17.66122055053711
7127-75946-0013.wav,1.9070467948913572,0.8534611273077022,3.331630357735764,2.235831671991846,2.5772117637808867,-0.5759495494643078,6.500563144683838
8455-210777-0033.wav,2.258892297744751,0.957085523111471,3.258629284080824,2.658631489935896,2.7393033318138635,2.5515915955620456,11.405527114868164
8463-287645-0010.wav,1.727743148803711,0.6876691029705342,2.876079706656437,2.3272161234457696,2.23283816441553,3.4318045089946865,9.149847030639648
7021-79730-0001.wav,2.2728829383850098,0.9756773956187624,3.882154034062295,2.811873130143149,3.068877840138484,4.337584719088405,6.012735366821289
1580-141084-0002.wav,2.199370861053467,0.905102963289938,3.9599453126259214,2.5171409476419058,3.0625612880430486,0.5652166757595549,9.559289932250977
8455-210777-0046.wav,1.944952130317688,0.9456876689091228,3.400831304078612,2.5719996822220352,2.671253422555045,2.6894486645764384,11.050909042358398
61-70970-0031.wav,2.131483316421509,0.9519940834026672,3.8225482298531386,2.949328312641053,2.976798205072499,7.196590129827309,10.671257019042969
5105-28240-0003.wav,3.154694080352783,0.9458935255249726,4.55085447218208,3.451792161691269,3.848838338434583,7.718497150936974,11.520670890808104
8230-279154-0001.wav,1.665635585784912,0.8479614906238144,2.966432252859554,2.0298122048759915,2.2605479999362297,-1.4395677092302053,2.7788259983062744
4446-2273-0022.wav,2.343982696533203,0.9410995098468043,3.8609979037315503,2.712641346027847,3.081613211375417,2.779966214103488,11.736191749572754
2300-131720-0029.wav,2.427079439163208,0.9621350983429958,3.9806788745737545,2.848469994259458,3.1869758951221647,4.1357799431588935,4.672522068023682
4992-41797-0000.wav,3.1106319427490234,0.9585624712658526,4.281638457605861,3.522626822796292,3.677556384192456,9.841500478645456,17.268600463867188
61-70968-0013.wav,2.2614665031433105,0.944327667394472,3.837151416086412,2.5661576592370547,3.039677677219268,0.5699254636329161,13.278117179870604
1580-141084-0041.wav,2.864880323410034,0.922283114793013,4.400437416482369,3.1247285930641864,3.624941482661276,4.845226766195767,13.251614570617676
2830-3980-0018.wav,2.0835702419281006,0.9644143304242752,3.681389471944102,2.558092554714344,2.823844177745706,3.928507323027553,6.908827781677246
7176-88083-0016.wav,2.8025689125061035,0.9713548909651184,4.138318742897477,3.075776231080738,3.466153884390294,4.404397777060749,6.81403923034668
5105-28233-0005.wav,2.0846059322357178,0.8515950596895298,3.362580580080324,2.305637122767925,2.6766126385459152,-0.5657382656427369,7.56064510345459
2830-3980-0071.wav,1.3932596445083618,0.7519266832691124,2.902664182226048,2.040740493329144,2.0930824688785448,0.7210174919651596,5.811232566833496
4970-29093-0013.wav,2.741795778274536,0.8853644194860509,4.095976550321488,2.98540665709361,3.395166158710714,4.278373103719094,12.908787727355955
4992-41797-0020.wav,3.053954601287842,0.9864985618171462,4.257338343040856,3.4516694450576946,3.639850081149869,9.01283264410316,15.947582244873049
1995-1837-0006.wav,1.429329514503479,0.6879505010613568,2.757989086624746,1.8056103402855883,2.007420998068683,-1.8798605056018949,-2.660123348236084
908-157963-0006.wav,1.7856721878051758,0.8157154589622755,3.166374771257562,2.377197148985088,2.441268687549456,2.2551865048296347,7.582822322845459
4077-13751-0014.wav,1.3802986145019531,0.9055079602242558,3.0649849363532806,2.3287219955716103,2.184716005217444,4.623317612515455,0.6239653825759888
7729-102255-0046.wav,2.4478118419647217,0.9473775221841416,3.83454251925516,3.1762402995588648,3.149736705331394,8.079491297136641,10.023775100708008
1284-1180-0003.wav,1.8003497123718262,0.8142005525934922,3.1184857457289903,2.026578531730306,2.3591214061508703,-0.5255141256036946,1.80277156829834
4446-2275-0022.wav,2.5780720710754395,0.9266709329572538,4.091839941144923,3.0643547607029,3.338429823408471,5.540231292470817,11.208086013793944
6829-68771-0013.wav,2.8502655029296875,0.9783858528340518,4.318645511710755,3.2762589244568416,3.587606465003857,6.8880660428026985,11.029531478881836
121-127105-0015.wav,3.484903573989868,0.966593686426405,4.842003433637228,3.6293740615430288,4.179741194338643,7.181892889666207,10.37685489654541
4446-2273-0017.wav,2.6994760036468506,0.9569568072972978,4.245513112311202,2.806380840010029,3.491361962016784,-0.1438405987616852,10.553568840026855
3575-170457-0013.wav,1.6721065044403076,0.8555695342302672,2.69066839285359,2.0372042900914016,2.0425544778339835,2.331799494898848,6.282999515533447
4507-16021-0037.wav,2.9451091289520264,0.9283897124850256,4.15501533637595,3.5122241205739018,3.559025150837696,9.696131437335612,13.177034378051758
7127-75946-0026.wav,2.250002384185791,0.935481094709254,3.9742987285368367,3.223667895660352,3.1186937642702985,10.363755774649327,8.621369361877441
1089-134686-0019.wav,1.6018013954162598,0.8655617454997012,3.1365042128053373,2.1021267348550663,2.344077870302566,-1.1794381389026942,3.006676435470581
908-157963-0019.wav,2.0485682487487797,0.8912455394628651,3.3117318832221674,2.3548456567758227,2.6058593955468687,1.6895940018697313,6.457090854644775
5142-36377-0004.wav,2.3604331016540527,0.9608278250948508,3.800590481486635,3.119700495878024,3.0747565491831383,8.46021842789401,13.351736068725586
7127-75946-0003.wav,2.03144645690918,0.8617458314688011,3.351052534358764,2.7667945708654886,2.6635192197559765,6.29901085247938,10.72161865234375
237-134493-0009.wav,1.1244336366653442,0.7246923156056678,1.82320796530685,1.4155840628957952,1.3304557930727072,-3.207101270979784,0.0931149572134018
6930-76324-0014.wav,2.0415587425231934,0.8647427703535683,3.21319338281334,2.503837593511822,2.5990731146953454,2.0905660501486927,4.600711822509766
4446-2271-0022.wav,2.0374538898468018,0.8751430086614124,3.28949001499228,2.551472614463493,2.6247040077881825,3.329835449171462,13.622669219970703
1188-133604-0015.wav,2.952554941177368,0.9291696982738188,4.289386167186975,3.407063899820262,3.616535829923752,8.547961150666522,13.936983108520508
4446-2271-0021.wav,1.2233797311782837,0.7178775838069118,1.6817840859908726,1.6546775129156812,1.3544208782628089,-2.117563673154517,1.881109595298767
8555-284447-0000.wav,2.4195785522460938,0.8773667662763417,3.3104597058485603,2.8389546443195344,2.849523971017762,4.049716097600412,11.07392692565918
7176-92135-0045.wav,2.3547139167785645,0.9836813790633372,3.9401937094172874,2.9596731284646536,3.141552829898436,5.9537211654362885,7.585629940032959
7729-102255-0018.wav,2.812099933624268,0.9699008842777002,4.215602940933459,3.455290996794844,3.5224023671918854,9.784181963556977,13.600730895996094
7127-75946-0022.wav,1.638096809387207,0.8369081126332378,3.039395728438881,2.120456213807488,2.274247670089584,0.5914270408310589,1.3633955717086792
4446-2275-0005.wav,1.362520456314087,0.8490104535039527,2.765125466450224,2.0181391006282072,1.9932330522962187,1.2956797594637168,7.059913158416748
5683-32865-0004.wav,3.0697853565216064,0.970710836185084,4.226025486794838,3.401794209229437,3.63061692481569,8.173605219503687,12.670848846435549
2094-142345-0027.wav,3.077266931533813,0.9690294383931938,4.595777618485402,3.6647702298265417,3.8399902886482575,11.338606958227182,14.529261589050291
7127-75946-0014.wav,1.33242928981781,0.7430756550476151,2.1146975165269724,1.3796866873841482,1.51102414715682,-2.2929745137985305,-0.7570198774337769
237-134500-0041.wav,1.534821629524231,0.8140839511358092,2.770986418645194,1.90878983386869,2.071370013793719,-1.2280725378627322,7.716631889343262
1580-141084-0040.wav,3.514472961425781,0.9748171957711996,4.912028993780867,3.951242025968588,4.235149296608748,11.8183298078635,19.39801597595215
5105-28240-0013.wav,3.5327556133270264,0.8779922904857007,4.688559556665484,3.6612734333196633,4.09929423836342,8.570336738487503,12.399214744567873
1995-1837-0013.wav,1.4233388900756836,0.8448753867863933,2.6781306485762197,1.7557400483257992,1.9557987357521165,-2.23554781799738,4.540887355804443
1995-1836-0011.wav,3.389597177505493,0.976190839766769,4.696101912658828,3.5234695785526773,4.054526888454053,6.421884561118588,15.265898704528809
1580-141083-0012.wav,3.198070526123047,0.9625671088724802,4.57438431438397,3.6865572467526775,3.901113954936185,10.29348597987344,18.324848175048828
1188-133604-0034.wav,2.5149736404418945,0.948917729294608,4.027018552155939,3.241153863343512,3.270569422632044,8.990300823309562,14.608434677124023
3570-5695-0000.wav,1.548884034156799,0.8030223276413148,2.8762692132628818,1.8796533805811788,2.160544709423861,-3.1052806992501663,5.658819198608398
4446-2273-0007.wav,3.443371295928955,0.9502663791957896,4.805460600070632,3.561883639991754,4.144962031841975,6.232939669298167,12.816652297973633
1089-134686-0020.wav,1.9544100761413572,0.9468579909510504,3.628361095419544,2.843811156303628,2.8008470812425945,6.420822978443257,11.421756744384766
8555-284447-0006.wav,3.02273941040039,0.9721188083220316,4.402684549844376,3.580960370051761,3.725675515984634,10.012385658168364,7.378859043121338
5142-36377-0018.wav,1.1551644802093506,0.8687785029028259,1.6810501749010067,1.8385918954445253,1.388225686937418,-1.7038895164892525,8.136651039123535
1995-1826-0004.wav,1.6084833145141602,0.8540572217486294,2.3046415504256315,1.5654117604710027,1.7533680030004055,-1.811131495984346,2.741384744644165
3729-6852-0030.wav,2.0952179431915283,0.8022791473674924,3.234239780351356,2.3581209310609985,2.496241066368951,5.556376429760781,12.10235595703125
61-70970-0029.wav,3.1059396266937256,0.961498233933147,4.61011153805316,3.565359383345089,3.8640442219374944,9.435468291323351,15.010290145874023
5142-33396-0053.wav,1.8008246421813965,0.9307252565432568,3.219952321207072,2.1932768690172924,2.4724307971496398,-0.6404532004552604,8.808685302734375
6829-68769-0022.wav,2.1592838764190674,0.9513072242927524,3.8506673572425454,2.654365709439551,2.9943296570452462,2.7662497580982044,9.808504104614258
1580-141084-0030.wav,2.3619210720062256,0.9416836950061108,3.8013674221470986,2.8781800377938045,3.0372779735480595,6.316679834754199,14.044486045837402
1580-141083-0034.wav,3.687331199645996,0.9744771677137024,4.962859612218727,4.072870904034669,4.348243302704496,12.414736426256244,17.170238494873047
7176-88083-0020.wav,1.4650588035583496,0.8525873062900007,2.665991512376748,1.889174581572984,2.023627181643052,-2.76046353701871,3.047836780548096
2830-3980-0030.wav,2.44410252571106,0.8827516048946124,3.882282076938639,2.761096223454257,3.1170349159504904,3.922902009839588,9.60739517211914
7729-102255-0005.wav,3.08289647102356,0.9332480448051956,4.375929186997404,3.360151984649494,3.734446510700254,6.416466618053255,10.476375579833984
6829-68769-0003.wav,2.535468816757202,0.962891602356684,3.963953025051083,3.318521649136588,3.249531559058251,10.063195652487366,15.379037857055664
6829-68771-0011.wav,2.341033458709717,0.9789158147438553,3.8126408782006327,2.287061437000677,3.027961820677083,-2.7147847768323947,7.214179515838623
1089-134691-0023.wav,2.2258005142211914,0.9345679788374918,3.495470615364832,2.714504215359233,2.8619297265441657,2.7426488297993505,9.163926124572754
1580-141084-0023.wav,3.4625532627105717,0.9715536847813232,4.851946509307987,3.8149289226203855,4.178910415411318,10.05411075474586,17.9747314453125
4446-2275-0044.wav,3.281262159347534,0.964495435076438,4.7789309893244765,3.806745149575644,4.047543126024165,11.453541563778147,14.230265617370604
1995-1826-0016.wav,1.3277994394302368,0.7665991027507242,2.6446357279042743,1.8418958074384104,1.917484877401592,-1.3149183901605013,4.0156450271606445
7127-75947-0026.wav,2.4909985065460205,0.9137158091536904,3.9592119816338736,2.8216276163118086,3.2135800172850595,3.004066338875188,10.410832405090332
1320-122617-0020.wav,1.7317724227905271,0.8770804325722887,3.037481294166218,2.219949416706693,2.320728779609316,1.4541775820560652,2.237910509109497
7127-75947-0021.wav,3.120772123336792,0.9751550695970244,4.49274826514432,3.513622455553808,3.806550095695353,8.791948749315889,16.041133880615234
6930-76324-0018.wav,1.2979998588562012,0.8407779690876329,2.675229361074296,1.8970926927021377,1.941279475822147,-1.2533482643394884,5.999024391174316
5683-32879-0016.wav,1.1325926780700684,0.6450037307506767,1.6787052466967585,1.57180138476048,1.248169130439928,-0.1502271812942737,3.9151902198791504
7729-102255-0039.wav,2.329944133758545,0.934500685571395,3.645115341882082,2.8628928179965825,2.9874847862666303,4.373617881515408,8.351734161376953
1995-1837-0012.wav,2.9275002479553223,0.971061156934392,4.384305721286633,3.760459491428807,3.680450795535326,13.054927099859658,17.89126968383789
8224-274384-0000.wav,1.082063913345337,0.4908599353338121,1.0,1.1493457875029551,1.0,-2.4689750686112872,-5.950258255004883
1284-1180-0019.wav,1.5084397792816162,0.8806563987367703,3.1405092437730686,2.160808606985364,2.2346826959956534,3.290897732779677,4.051812171936035
5142-33396-0061.wav,2.231113910675049,0.982071636656606,3.393682222846875,2.9304807171831286,2.784846275177012,7.413517434728738,14.984966278076172
8463-294828-0034.wav,2.3901472091674805,0.9800497914675192,4.123589972209683,3.3455664818272526,3.281411309098297,10.456967489622269,15.961699485778809
3570-5695-0014.wav,1.6249260902404783,0.8984850599655975,3.1000821156603666,1.958499292875719,2.327737204283785,-3.198716339393182,-0.0627567023038864
4507-16021-0020.wav,2.8735177516937256,0.951247028542158,3.6926077010426006,2.585813522876714,3.1647001551669964,1.1780684370690522,11.74913501739502
1089-134686-0011.wav,3.4535858631134038,0.9821832074058002,4.752247566313449,3.7145871956587646,4.124355876693223,8.547887007013209,13.827970504760742
1580-141083-0017.wav,2.8607468605041504,0.9366106511689553,4.379106574546604,3.4549486962276523,3.610790510142597,10.182068570013245,20.24056625366211
8463-294828-0016.wav,1.4966583251953125,0.8932499268489015,3.041439024213001,2.00214997064033,2.2333067852541744,-1.511466745422534,7.498786926269531
8463-294828-0007.wav,2.1033811569213867,0.9382065810127204,3.721480691248545,2.7605414247501243,2.916644661162591,4.222624316712319,7.721146583557129
4077-13751-0002.wav,1.9597563743591309,0.892269454341289,3.42427496510302,2.587270980116961,2.647834265465529,4.694665561588772,6.05157470703125
8455-210777-0005.wav,2.8240506649017334,0.9764502941348074,4.085399679268841,3.340471892119265,3.450420172766807,8.45395488534988,14.957992553710938
2094-142345-0035.wav,1.2441896200180054,0.6997082436273577,2.476926725383485,1.6088767044768582,1.73028691092943,-1.6682665946344042,0.1439125537872314
4446-2275-0043.wav,3.186549663543701,0.9738238086707344,4.620044750089812,3.54608423221994,3.9202047803822326,8.054714833490054,11.006694793701172
4992-41797-0002.wav,2.976262092590332,0.977954224987537,4.402247617168163,3.513141984924339,3.687500775249276,9.926865168671371,16.18790054321289
672-122797-0034.wav,2.2420525550842285,0.9365741637445056,3.7220236549383023,2.7825528620820825,2.939886753034325,5.592950834063908,10.799092292785645
1995-1836-0008.wav,1.3401957750320437,0.7692826406535016,2.7336666104765905,2.0536035782421638,1.994102956943168,0.8033219108649543,7.788716316223144
6829-68771-0015.wav,2.6143929958343506,0.9722237736033802,4.178709026862905,3.0384088076014573,3.395823518042159,5.036565451199315,13.050576210021973
6829-68771-0007.wav,2.6694414615631104,0.9688194581372692,4.254491312506381,3.321335944052972,3.4684733471047413,8.794989724542383,12.777314186096191
237-134500-0020.wav,3.0556023120880127,0.9935648649370044,3.9420826939284,3.1877124389311717,3.475538392251374,5.17542700072924,16.90691375732422
8463-294828-0011.wav,2.350088596343994,0.9454739835364152,4.139230311917962,2.608133955260817,3.248297148158389,-0.0337548029249585,10.648699760437012
4970-29095-0033.wav,1.7688887119293213,0.8928036686315132,3.083065439388147,2.2232033998201928,2.3728720513929797,0.7519233383541034,12.304672241210938
237-134500-0040.wav,3.0884149074554443,0.9701542344302742,4.412078606433475,3.616838098496725,3.7738844726920737,9.626640183716392,18.808128356933597
1320-122612-0004.wav,2.51490330696106,0.9696782211140073,3.918928978243429,3.238516706554953,3.216425006945573,8.963369865768245,8.539950370788574
8455-210777-0002.wav,1.2956392765045166,0.7510237346692986,2.162868243247801,1.668526447734506,1.6427828857860296,-2.996741742899541,0.9570021629333496
4970-29095-0015.wav,2.739266395568848,0.9356301841171072,3.7370209306399897,2.4259682921734846,3.174105301458835,-2.768149217271879,9.16327667236328
1320-122617-0029.wav,2.1354362964630127,0.877707380951827,3.3021373248354084,2.441785084089942,2.671417056730246,1.2444095744674042,-0.0381054170429706
1320-122617-0039.wav,2.7934346199035645,0.9685985717608708,4.274163087880086,3.025861949450264,3.5282794856022046,3.7190401566669866,2.199447631835937
237-134500-0022.wav,1.708197832107544,0.8766241565151291,3.088683459103732,2.1448418700063527,2.347032038393724,-0.1200507934995113,7.470879077911377
5683-32879-0006.wav,1.936349868774414,0.8512958665361005,3.398784716519065,2.42579663404776,2.603910085478131,3.164867331442317,8.721832275390625
1089-134691-0006.wav,3.3356544971466064,0.977641561675852,4.725605280486203,3.652324446245889,4.049063274888798,8.563855905410064,13.784804344177246
5639-40744-0033.wav,3.2783427238464355,0.9725871480889534,4.387246109653991,3.5983178859821754,3.836285197164497,8.823490158896995,13.819984436035156
7176-92135-0017.wav,1.7239526510238647,0.9180313166753302,3.3948925171487296,2.1935053654005445,2.554445530313244,-1.5422140667726905,5.898270130157471
5105-28241-0003.wav,1.4660916328430176,0.9013110391661028,3.129093993508284,2.355031652205717,2.287929861979816,3.1566647877272924,11.096744537353516
61-70970-0012.wav,2.9700052738189697,0.985439285550001,4.428436579299132,3.4214096949889945,3.706429852364628,8.119195538984803,12.63944149017334
8463-287645-0002.wav,1.753243923187256,0.8635141340374709,3.3990057314489817,2.733996927542272,2.555925981389243,7.49140093318517,6.132824420928955
5683-32866-0006.wav,1.079768419265747,0.5524897275544176,1.0,1.0294304051000729,1.0,-4.063984981283603,2.6504828929901123
2094-142345-0016.wav,2.48041033744812,0.8223108619171078,4.090925089763201,2.815051667543373,3.248727226030788,4.083379811176215,13.00877571105957
3575-170457-0009.wav,2.713101387023926,0.9599729528422176,4.149044781709363,3.3592830612877917,3.420208204867832,9.85228945051622,9.999065399169922
3570-5694-0019.wav,2.998944044113159,0.9882113130353892,4.2171080056280354,3.4126099681754383,3.5900760201973987,8.897381503312495,16.62545394897461
1188-133604-0016.wav,1.9822434186935425,0.8536964885284148,3.6290832819890895,2.312921052458261,2.772433042789619,-0.3302107753596237,3.998844385147095
908-31957-0025.wav,1.6315356492996216,0.8462533398443315,3.018741540627008,1.994884020578845,2.262992643560492,-1.4548807592511797,2.52540922164917
7176-92135-0029.wav,2.377536535263061,0.8995148213556454,3.828319366812836,3.144390659131806,3.1014997273283065,8.532485624450727,12.550407409667969
237-126133-0023.wav,2.3150265216827397,0.9634585550384122,3.817955290127205,3.224786074666361,3.0813766260442725,9.551543259339107,16.37535858154297
1320-122617-0032.wav,1.1154046058654783,0.5840796912422522,1.2696634227257262,1.1451283273759387,1.0,-3.5990176987038485,-7.66108512878418
7127-75947-0025.wav,1.9847702980041504,0.9472808523383874,3.5243082305804614,2.5331357389664784,2.7428749753684207,2.207677380321089,9.531301498413086
2094-142345-0046.wav,1.4151787757873535,0.7462631285604012,1.7519657479094075,1.6215087912062205,1.2855128994304668,4.742494010900387,6.632819652557373
1284-1180-0004.wav,2.5238842964172363,0.9435669673505328,3.929986590133769,3.1269105453801203,3.1982750544597187,8.365594608361793,10.51030158996582
1580-141083-0001.wav,2.5729315280914307,0.9292410188717448,3.7393607004429272,2.6509417112505456,3.140445301107818,-0.1014549401869568,12.848745346069336
4507-16021-0047.wav,1.3422057628631592,0.7525382334831479,2.378375238373528,1.8596369684922984,1.746618865363776,0.8690033317357189,4.155248641967773
2300-131720-0033.wav,1.7900017499923706,0.8748269325519786,3.1569731114420763,2.4066664519497443,2.4427245442236454,2.516177304642844,3.2682127952575684
1995-1837-0016.wav,2.435706853866577,0.9613546158308748,3.669143404950855,3.237970924214901,3.030786362733389,10.49675273403428,17.126728057861328
4992-41797-0009.wav,1.9220163822174072,0.9083886174554052,3.187863907729588,2.1129509288942767,2.4578363580070457,-0.1991170393266677,2.260066032409668
6829-68769-0030.wav,2.143827438354492,0.9647103884778724,3.795775289335672,2.630458727217998,2.9554999535846647,2.6675969999797657,9.145785331726074
4507-16021-0036.wav,2.279611587524414,0.9266866028827796,3.175013909622671,2.451171593594484,2.617433022957816,3.098779371152359,14.225160598754885
237-126133-0021.wav,3.2393240928649902,0.9830132322221194,4.376477348065055,3.640751895475845,3.819275265444208,9.438357752613856,15.856419563293455
1995-1826-0015.wav,1.551321268081665,0.8549807410294795,2.9659767697597528,1.84631142083966,2.1710534276285034,-2.095176462335349,3.5229406356811523
4992-41797-0021.wav,1.8534481525421145,0.9106110693791354,3.0854974937206743,2.4503986070132853,2.3910655442176223,4.849650135852631,9.62703800201416
3570-5694-0011.wav,2.457171440124512,0.9601723480773358,3.8177261444630153,3.179061065392744,3.1315517842621423,8.694040445216158,13.837060928344728
5683-32866-0011.wav,3.0088441371917725,0.9294514322502032,4.269154408555145,3.407749900206752,3.6174170647631216,8.901748604275047,15.303021430969238
4507-16021-0053.wav,1.3580081462860107,0.7081250345886823,1.5658829619061658,1.4123788036523073,1.2221037537790669,-0.7008588437539864,1.8214737176895144
2830-3980-0069.wav,1.1901674270629885,0.7605726371800263,2.4516734986866147,1.981507879271536,1.7447622768936752,2.263109481576452,5.603283882141113
2094-142345-0009.wav,2.27099609375,0.9123218039987604,3.7594863095190174,2.872510931015173,3.0025162255766045,5.507075430560748,7.648950576782227
7729-102255-0024.wav,2.804851055145264,0.9767793254879216,4.284692320283407,3.460116579083874,3.552482485908059,9.943812084905208,14.844293594360352
5105-28240-0002.wav,1.481487512588501,0.7991951114630478,2.5993732543829995,1.8966179302619484,2.007063808380084,-3.132125577349772,2.130819797515869
4507-16021-0000.wav,2.761608362197876,0.9767239785220784,3.739008170594785,2.7491531505915088,3.172405641323328,2.807775407553056,13.176273345947266
2830-3980-0004.wav,2.475464344024658,0.9786850470691716,4.1199962906967285,3.189624847450348,3.2944489291026438,8.579329528904351,13.430124282836914
61-70970-0030.wav,2.74454116821289,0.9652276030550202,4.457696414237882,3.4111496513202577,3.614476152577383,9.343654154474834,13.55039119720459
1580-141084-0032.wav,1.895293474197388,0.8434121510167675,3.472132656328903,2.195051718396729,2.6458638092790365,-1.340150589987866,8.908051490783691
7127-75947-0039.wav,2.376342296600342,0.9479561238597908,3.8761828224095223,2.838136110547005,3.12957919046634,3.465924678652966,12.658967971801758
260-123286-0030.wav,1.8481857776641848,0.903231357486576,3.1126783698779805,2.608885524865684,2.450006513914662,5.2871512413588935,11.651835441589355
260-123288-0004.wav,3.0623080730438232,0.959475276490953,3.477197139838313,3.065360551726468,3.252557714548022,2.9645181809989043,15.275552749633787
5105-28241-0007.wav,1.1781803369522097,0.6521214084898367,2.002205775436032,1.4120765439873404,1.4476780743657336,-3.715423211191096,4.61854362487793
6829-68769-0045.wav,2.592871904373169,0.963650876402713,4.020146690154405,2.790522376007978,3.2890612910273105,2.0141029855761743,9.613871574401855
3570-5695-0005.wav,2.494046926498413,0.9409199114303276,3.954227504146968,3.143881479708668,3.2151173988721915,7.9868920607323854,8.407622337341309
1284-1180-0007.wav,3.0870676040649414,0.9200469526353238,4.459801009476148,3.343039402897066,3.771013907831721,6.433545208272199,7.352152824401855
8555-292519-0001.wav,1.119537591934204,0.6719060467117746,1.5251464859329742,1.2311786440479506,1.1269049230735204,-3.771939555127901,2.6599583625793457
1284-1180-0012.wav,2.549294948577881,0.9358964646178748,3.872002119456877,2.836337973179588,3.168490648688836,4.166986203092252,9.706961631774902
5142-33396-0044.wav,2.442378520965576,0.9680964925189138,3.704849321498548,3.078902308879061,3.048697638026165,8.06327588586963,14.544939041137695
4446-2275-0039.wav,3.3883252143859863,0.986968448838913,4.716742577114638,3.8606459594167015,4.065122182706634,11.740918335663904,17.58431053161621
6829-68769-0020.wav,1.819200038909912,0.9358362479198964,3.3475012460630023,2.1404397111715223,2.550563330925012,-1.8559934269909704,6.956075668334961
1089-134686-0023.wav,2.2665302753448486,0.9200650377321556,3.6310513874879664,2.713069310341337,2.937372633387433,2.965335320390793,5.616014003753662
7127-75946-0024.wav,2.432040214538574,0.9173689031775304,3.71662529077155,3.011869265017564,3.0624308772428224,6.500774140766363,8.354559898376465
6829-68771-0008.wav,2.4985010623931885,0.9664672769389896,4.195285629875385,3.4226580268081386,3.3610997092945585,11.329968118739329,10.30112075805664
237-134500-0014.wav,2.2107675075531006,0.8721561523930963,3.3368297922832024,2.304166876994592,2.735979172624155,-1.9195781037199289,6.619095325469971
260-123288-0028.wav,1.9218512773513796,0.9344933412574938,2.796418313271713,2.406147990198949,2.3301236649368007,1.4978224942092777,11.31786823272705
1580-141083-0014.wav,3.317776679992676,0.9494394814456322,4.562753564706465,3.515581906569584,3.930578568122928,7.781444083781891,15.64704132080078
6930-75918-0011.wav,2.3077638149261475,0.9221155571596884,3.865709944833098,3.0796191608173697,3.082333634841532,8.145564522350849,9.083120346069336
2830-3980-0044.wav,1.2005257606506348,0.8342910039529325,2.6742813525451288,1.859950422992184,1.8701968013499857,-0.1609204143788679,3.7081716060638423
908-31957-0011.wav,2.6855571269989014,0.8606339425351177,4.05186640180213,2.828241941473002,3.3508474367255885,1.9448181298930205,9.519723892211914
5142-33396-0034.wav,3.2581825256347656,0.98673167914187,4.375839119133495,3.713413323083505,3.827528272847647,10.49058560828096,16.523120880126953
4970-29095-0028.wav,3.205396890640259,0.977412405705822,4.622669399200946,3.5044835404935064,3.918407794801354,7.807417939777198,12.999202728271484
8455-210777-0050.wav,1.9416899681091309,0.9117657415972128,3.2251744405289435,2.322691048233544,2.5469716349007965,0.3092467441271312,4.649064064025879
237-134500-0028.wav,2.497896671295166,0.9161884511101088,3.6922012734611314,2.7899576075880805,3.0630923493512543,3.37930876644654,11.905834197998049
5683-32879-0012.wav,3.065046548843384,0.949548715939512,4.436136064927101,3.369275813543676,3.7256122507114537,8.008706405510488,15.449335098266602
908-31957-0023.wav,3.002449989318848,0.9741303477502352,4.433646223925439,3.330090974029137,3.707429407836096,7.215532824172463,12.147564888000488
7127-75947-0012.wav,1.340585708618164,0.8565537165448716,2.5581810617443006,1.5545623789533958,1.883411194092226,-6.082354068642945,6.632875919342041
8230-279154-0027.wav,1.9668409824371336,0.8494607908850214,3.271679540965476,2.3805179578421662,2.5827311372813875,1.0398501566519591,3.743094921112061
5639-40744-0002.wav,2.842282056808472,0.972252235632206,3.844497473294952,2.964645182986642,3.28714431108338,4.668348754402071,13.23327922821045
8455-210777-0049.wav,1.4464784860610962,0.8822413078306993,2.797013552935724,2.227022937502446,2.064829685562312,3.386788819684664,9.02283763885498
1221-135767-0020.wav,1.535634994506836,0.8637962607618348,3.1351369362419863,2.172553620392772,2.266015338249119,2.3777734134068247,0.0486596636474132
4507-16021-0029.wav,1.5907366275787354,0.8647950066700866,3.100983470630622,2.295788499237542,2.2995829727579187,2.9140387161406816,9.791387557983398
2961-960-0010.wav,1.7439196109771729,0.8760080595088203,2.9605386335431447,2.548485345998861,2.332755970216482,4.63044091718398,8.156620025634766
7127-75946-0012.wav,2.2333128452301025,0.8919710970289667,3.714485464382757,3.0754416242176874,2.969171902451085,8.65831298813861,10.528416633605955
7176-88083-0006.wav,2.0071606636047363,0.9449995340566942,3.606923219241549,2.385061493615399,2.7952062274804086,-0.3089825048457599,5.039374828338623
3729-6852-0014.wav,1.403685450553894,0.6641972974377789,2.5216991843558807,1.7640994060013515,1.810630334952988,0.5756198786131255,5.3670573234558105
8455-210777-0028.wav,2.431748151779175,0.9786807906216836,3.879872886679486,3.0893463477663463,3.1447595654621248,7.677755764294185,13.93923282623291
121-127105-0032.wav,2.919344425201416,0.9874597048203316,4.087339168888835,3.436440421501823,3.50960965057585,8.809050405690174,15.88389015197754
3729-6852-0018.wav,1.2947860956192017,0.7223387125585528,2.4878698792538234,1.752913257887857,1.79012645601912,-1.036751834100131,6.460693359375
7176-92135-0002.wav,2.013811588287353,0.9407657073053451,3.721729092602519,2.5922836967163367,2.845112591311224,3.3957709421224505,9.842527389526367
2300-131720-0019.wav,1.920072078704834,0.922683050743168,3.249555495069128,2.6148331638366518,2.56470809881525,4.382524640043624,5.252074718475342
8463-294825-0019.wav,2.6733789443969727,0.9721263466440104,4.516636687300287,3.803979247233905,3.634306683487567,14.95413851857962,15.386394500732422
1995-1836-0004.wav,1.1927989721298218,0.7871430561476271,1.9807018445662976,1.3007047801743752,1.3604764494153407,-1.8983010974358696,-2.4352707862854004
1188-133604-0028.wav,2.0865163803100586,0.8912828275105805,3.5434298769076853,2.6720942661750477,2.799423383770891,3.8327902373610527,5.7257914543151855
7729-102255-0006.wav,2.3186912536621094,0.94754957609314,3.979329473299479,3.0634407838861604,3.1560603600080728,7.291463931036851,10.283842086791992
4970-29095-0006.wav,4.128504753112793,0.9618234698230524,5.0,4.5282236232289055,4.723227374037843,16.509868181130926,24.156761169433597
1995-1837-0022.wav,1.027799129486084,0.2858620655710979,1.0,1.0,1.0,-3.454106169592825,-8.846014022827148
4446-2273-0023.wav,2.1706960201263428,0.9381312139930444,3.769523724731392,2.6279766426276185,2.946312714625104,2.851400443705817,12.408693313598633
5639-40744-0019.wav,1.6225650310516355,0.8754931948484502,2.8557863380193167,2.356032404819009,2.179947262778681,4.2326332968953,8.308003425598145
61-70968-0002.wav,2.581939697265625,0.9615732568844426,4.244115907777718,3.2032403253490616,3.4066540129660074,8.13384170763196,12.228264808654783
5142-36586-0001.wav,1.1201330423355105,0.8116802835745976,1.7653567429063206,1.521537026306487,1.3337259314092211,-3.0006819657952515,1.740721583366394
8555-292519-0006.wav,2.319475650787353,0.9312961031398616,3.716085079371774,2.702791092655306,2.9619055892359603,4.361672463277716,9.827105522155762
2300-131720-0026.wav,1.783087968826294,0.9044191645309944,3.2826222624455466,2.412773268483186,2.514786490971593,2.09130790712012,3.146766185760498
672-122797-0040.wav,2.249175310134888,0.9266900617685953,3.788099725745121,2.8514965022845686,2.9914366070604435,5.96903415888513,8.455146789550781
2830-3980-0009.wav,1.509657382965088,0.7931131762911491,2.881367704616129,1.974937228069074,2.139692612684213,-1.1374444239465902,6.77668571472168
61-70970-0024.wav,2.894613265991211,0.9787278433613512,4.12626420916618,3.2021624339075414,3.5333741619996104,4.534060269684078,11.452641487121582
2961-960-0021.wav,1.6507906913757324,0.8944608652935948,2.775076473063937,2.474615993049305,2.1928843319810523,4.189371252167346,9.342676162719728
908-157963-0012.wav,2.443369150161743,0.8837628922335241,3.987419254377454,2.9608363029407827,3.19762921356387,5.836586024358144,10.813257217407228
5142-36377-0022.wav,1.5402908325195312,0.8996503205549302,3.023076442886772,2.136867249616066,2.2561709894887203,-0.1433308892585249,9.47803020477295
6829-68769-0024.wav,2.3062918186187744,0.9584468024005888,3.935070367502841,2.8885121547205475,3.118130984399279,5.033894377672958,10.98488426208496
1284-1181-0018.wav,2.1902990341186523,0.9387511318895648,3.738635144306025,2.887073960332448,2.9449818655708806,6.632937072959838,10.933635711669922
6930-75918-0010.wav,1.4669528007507324,0.9002467034750636,3.125263559343602,2.531244838239713,2.2857991661233408,5.976228887487519,11.38362979888916
3575-170457-0050.wav,2.1599178314208984,0.9176310591580632,3.741919264827878,2.486389944254154,2.926366504735577,0.7196265765480383,10.55821418762207
4992-41797-0004.wav,2.4950311183929443,0.9509418341151404,3.771063479148576,2.955893141864228,3.0935484895603667,6.358181260154333,13.979509353637695
2830-3980-0027.wav,1.5810000896453855,0.7951034245492695,2.4428596138292296,2.2533354079732915,1.918907004883164,4.441948138043465,8.810100555419922
237-134500-0027.wav,2.8913166522979736,0.9583424754015244,4.252741475894676,3.389080451623274,3.5848371336424067,7.9579676420039425,12.566261291503906
6829-68769-0035.wav,1.2339117527008057,0.857701544465437,2.101667322748812,1.4273937958450902,1.4743335932204586,-1.6491861688902896,-1.0109623670578003
908-157963-0029.wav,2.5330209732055664,0.97732220272699,4.029616863421207,2.918173943837525,3.2621697794658373,4.555269412840577,12.444424629211426
1320-122612-0014.wav,2.466861724853516,0.943073737310474,3.958438463379657,2.906366866119014,3.209376737482503,4.163499746431708,4.277490615844727
5105-28233-0010.wav,2.389535903930664,0.924986918414775,3.751160334051468,3.083662100901296,3.063460579216724,7.728914193505137,9.930153846740724
7729-102255-0030.wav,1.1031941175460815,0.6095366311719487,1.6335182638920172,1.4447424162044422,1.2579030948902816,-4.017529647567052,0.1353120505809784
1995-1837-0005.wav,1.7000668048858645,0.9402347398605252,3.2183074090656056,2.255111947721752,2.381244863256434,2.845354190806976,11.320629119873049
4077-13751-0005.wav,2.4863169193267822,0.9234398934955776,4.146443385623721,3.166297285854408,3.3160527207218,7.996103437915623,7.083281517028809
1089-134691-0002.wav,3.284679889678955,0.9798769339254632,4.328164734122531,3.5421501336689896,3.819777204347314,7.456963321828635,15.455488204956056
1580-141083-0032.wav,2.813075304031372,0.8913906216799299,3.9776570664212114,2.4331270342818887,3.3035308899744926,-1.99943382437312,10.254679679870604
7021-79740-0006.wav,1.871886968612671,0.930854429811575,2.726967541825866,2.23588638475736,2.266807962169241,-0.6701716779863817,7.407808303833008
3575-170457-0032.wav,3.503367185592652,0.985987499874715,4.536885916006157,3.9730380618386634,4.025800584392513,13.001115900219723,19.159225463867188
2300-131720-0006.wav,2.9654057025909424,0.9805524280664574,4.328063826077839,3.452637880781717,3.647641939888764,8.937166802734039,11.320849418640137
260-123288-0023.wav,1.8424811363220213,0.9634740752559696,2.895417543704801,2.09416864630532,2.347660206750007,-3.220209293715893,10.438478469848633
5105-28241-0001.wav,2.288329601287842,0.8943298265512106,3.75767154319934,2.7884336992192527,3.0138673334930948,3.8867390096045793,5.913953304290772
7021-85628-0007.wav,2.5578086376190186,0.9797174097383484,4.057530608209774,2.965347952999369,3.3034138254556025,4.4622391020800025,10.06036376953125
4970-29095-0032.wav,3.049999475479126,0.9808023382023826,4.156820593470673,3.304934423797639,3.5666024411728805,7.649343033220672,19.33104705810547
61-70970-0017.wav,1.5579851865768433,0.8080998665098806,2.876869058836543,2.062001759976977,2.19545955409342,-1.6025961141524554,4.345726013183594
908-31957-0009.wav,1.6043353080749512,0.8471976762563243,2.9715638656852867,2.253722862596554,2.2578014977423466,1.449352729494305,7.397202968597412
908-157963-0008.wav,2.1284701824188232,0.912572946122929,3.6447555479739,2.792909819164719,2.8686166108225564,5.538303569484267,10.225431442260742
3575-170457-0048.wav,3.1001415252685547,0.9833694982932254,4.473984246339021,3.786535743217424,3.793294208109796,12.994128677113595,16.95001983642578
1580-141084-0022.wav,2.5944340229034424,0.9043534963119694,4.108024715922424,2.55138340439882,3.3128327267487667,-0.8796932036105821,9.932354927062988
2094-142345-0017.wav,2.9602372646331787,0.955403806671176,4.462579505890734,3.369047887432844,3.7276302387010265,6.959275628253092,15.281611442565918
7729-102255-0012.wav,2.4873642921447754,0.9591115206119089,3.649470619015595,2.967488503419597,3.0595291984146726,5.26307070657824,11.083115577697754
4077-13751-0017.wav,2.595867156982422,0.9476424448678732,3.956241271381298,3.152803698166923,3.259355852772311,7.71634149108217,7.869490623474121
5683-32866-0016.wav,1.4000688791275024,0.6795244116042402,2.376223733936613,1.720857633069623,1.7521339172383688,-0.7756668347559944,7.321778297424316
672-122797-0056.wav,2.6400604248046875,0.9014937253011074,3.877189488599327,2.84743655943188,3.2434518815243614,2.484863110500229,6.352698802947998
237-134500-0023.wav,3.652945041656494,0.989172171837582,4.49441360433473,3.805996454533499,4.07004788983373,9.662027029435354,18.98642349243164
2830-3980-0057.wav,2.5625174045562744,0.907616124508677,4.002009552838034,3.040151206055728,3.244466148964993,7.09864803960124,11.817784309387209
5142-36377-0010.wav,2.042717695236206,0.94889056964718,3.479719846492738,2.35367561738258,2.7427717309188515,-0.7642694124276385,11.272563934326172
5105-28240-0014.wav,1.590142846107483,0.8610697506132069,3.1231639974690992,2.245403893690656,2.3116718983810767,2.0592032182699924,4.845003604888916
4970-29095-0026.wav,2.94728422164917,0.9353219214105478,4.333172516045352,3.3354292764925004,3.6321002845395567,7.607780218237941,13.047943115234377
1995-1837-0024.wav,2.890282154083252,0.9677671165304392,4.32863424410049,3.751275344409193,3.620730563358778,13.774253623180384,17.557403564453125
1089-134686-0000.wav,2.0219955444335938,0.925952719831892,3.335256087199149,2.2479733296982114,2.6636732872258944,-2.4278924313375114,7.009305953979492
1089-134686-0009.wav,2.8989124298095703,0.9786365262161354,4.3499889229968245,3.155907508438512,3.631405942015896,4.448299466033094,12.000784873962402
672-122797-0024.wav,1.7385151386260986,0.8318705178266022,3.1631424717102266,2.657186187917436,2.4235156640138884,6.71940957228213,8.712299346923828
2094-142345-0057.wav,2.8331074714660645,0.9029864171516804,4.350286654159151,3.3323071576290517,3.5874445610460017,8.226953002693119,10.582919120788574
3570-5694-0014.wav,1.9428801536560056,0.9095551657573092,3.220287978512756,2.3191912375794885,2.559707170170525,-0.3970960351037944,7.027619361877441
7127-75946-0011.wav,1.3452043533325195,0.8021991442739672,2.619023386363417,2.123619903599616,1.932518488035066,2.1882122956174435,5.247452259063721
4970-29093-0018.wav,2.495079278945923,0.910814289505103,3.67274279236044,2.842683564548384,3.0546886090949905,4.118605508095761,13.892849922180176
6930-75918-0012.wav,3.33595871925354,0.9333316401786992,4.62393514044534,3.6334281129118553,3.986761666536322,8.784462650519915,13.943744659423828
8224-274381-0003.wav,1.5980374813079834,0.8539483933388734,3.0104155788939235,1.9764025748705745,2.2676669063645893,-2.627823218115972,4.796653747558594
1284-1180-0021.wav,1.7824808359146118,0.8703101291355974,3.236138997500685,2.4311426767976965,2.482271622974909,2.787530672836383,6.746194839477539
1188-133604-0027.wav,2.615288734436035,0.9224003489611008,3.873048508916984,3.125490453599379,3.2339487076115208,6.863159868625799,13.575695991516112
6930-81414-0022.wav,2.6896307468414307,0.9333692453496508,3.974235873814829,3.35765030893564,3.325612227952228,9.817833868303277,13.587084770202637
260-123286-0031.wav,2.3254663944244385,0.9628460271609316,2.6354914273431245,2.1217136000375825,2.3896265497152767,-3.2491718875031657,10.982117652893066
2094-142345-0002.wav,2.497797727584839,0.9436748901619542,3.84888692344549,2.919789499204191,3.14756347803882,5.151902183715935,8.632967948913574
5142-36586-0000.wav,3.0964744091033936,0.9881537674019036,4.325451039179973,3.4769730343221608,3.7184695819125153,8.067156784132345,17.815576553344727
8455-210777-0051.wav,2.133373498916626,0.9511894797388056,3.575528083637709,3.011342568044836,2.8549491561851905,8.161914027774912,9.848190307617188
5142-36377-0009.wav,2.3849899768829346,0.9478975801389792,3.76444960790272,2.6074445673603037,3.070458807770479,0.0862564499151221,10.531545639038086
1995-1836-0005.wav,2.935248374938965,0.950665207291806,4.278171807059935,3.273689370315212,3.6112700932267208,6.163330361661895,10.110721588134766
7176-92135-0016.wav,2.9719104766845703,0.9799989417134436,4.501416322929073,3.5725199208128777,3.7500948500583617,10.221761217785623,14.337081909179688
121-127105-0029.wav,2.968801259994507,0.9691389310350196,4.209480235164412,3.368947700902909,3.5975443137563747,7.2661403866210685,13.810094833374023
260-123288-0024.wav,1.7158708572387695,0.904833237356409,3.3721115807181112,2.161483505770708,2.510519960048712,-0.7330792285338553,3.475379943847656
121-127105-0034.wav,1.7991573810577393,0.9007930597411912,2.717389857577264,2.291865366278373,2.2400816779432904,0.119664281641486,7.736184120178223
1089-134691-0005.wav,3.2910916805267334,0.9746717938558516,4.662834921982572,3.6733391795600183,4.000576598478284,9.004283330276497,15.77701187133789
6829-68769-0052.wav,2.995957612991333,0.9854906347817498,4.446551977373024,3.527067055229033,3.728226945393118,9.613558431224568,15.320171356201172
1284-1181-0002.wav,2.560025215148926,0.9510514238134088,3.9946917508269935,2.697680219748639,3.2619428404023063,0.6956310536085982,8.091290473937988
121-123859-0003.wav,1.8106435537338257,0.9234908435244495,2.516875170482113,2.1025995548666763,2.076071164829001,0.114214082767269,5.212855815887451
121-121726-0009.wav,2.5333492755889893,0.9538523041215669,3.36616236653587,2.8396753580549223,2.951485636275941,2.4579517935271,12.01318359375
5683-32866-0009.wav,2.026374578475952,0.9399481408657272,3.591634626462993,2.8852674001020557,2.778721406348526,8.303630927140656,8.299276351928711
4992-23283-0001.wav,2.3372435569763184,0.9289071519434348,3.549108781359154,2.455481081009245,2.9112011943302973,-0.7299366540145427,8.43648624420166
4446-2271-0005.wav,2.5676229000091557,0.9697528813967476,3.794182684985898,2.779316191032513,3.1372485078325894,3.201088219447248,12.396886825561523
8555-292519-0004.wav,1.7868127822875977,0.9251552784105226,2.7472574828413574,2.044850545787047,2.180260950392628,-0.6917702736820283,2.322119235992432
908-31957-0016.wav,2.409210681915283,0.9430313527845888,3.871262428748107,2.8227275544684267,3.102052081582382,4.808179682671683,10.31955337524414
4970-29093-0011.wav,2.778496026992798,0.9869595026092708,3.5581384365981177,2.680844931325101,3.150841999843541,-1.043934511000825,17.941150665283203
4970-29095-0034.wav,1.861111402511597,0.8986841569225005,3.0187166311385187,2.331028299927671,2.380737376203829,2.0582804046897487,10.795445442199709
4992-23283-0000.wav,1.78790283203125,0.9161995685075064,3.0119329540185067,2.693163724683633,2.377477601188325,6.728058709113676,12.256670951843262
121-121726-0011.wav,3.333812713623047,0.9921531553329068,3.353964559441132,3.3623707936633203,3.346646604002132,4.812458060687642,18.23459815979004
8230-279154-0033.wav,2.157752513885498,0.8755255429367851,3.559708757061833,2.3046563325047984,2.832080939113463,-2.037153562166037,3.739569187164306
2300-131720-0012.wav,1.7226357460021973,0.8962401771268429,3.2603604832636157,2.3070602983283317,2.448208313425068,1.9723743480481977,2.0783188343048096
5142-33396-0019.wav,1.4564203023910522,0.918451062923743,2.4435109726461484,2.537509221834437,1.9147708210524732,7.322695682356775,11.179450988769531
1995-1826-0007.wav,3.112149953842163,0.973004048473267,4.397963745204496,3.53752146325354,3.741109436630092,9.850230548525843,16.397926330566406
5683-32866-0015.wav,1.1268635988235474,0.7105816107476751,1.5371721553082422,1.330730206241986,1.1129891839846489,-1.2076019511742089,2.136804819107056
6829-68771-0000.wav,1.510185480117798,0.9047259286212714,2.913640677260863,2.1649504094265777,2.115558951840796,3.657191596980961,3.516475915908813
3570-5696-0008.wav,2.411882877349853,0.976065054435282,3.9644044828093232,3.2671844052345507,3.198977451022526,9.67369072686576,14.62069606781006
1221-135766-0013.wav,2.848191499710083,0.9759230863169096,4.380369743173551,3.486376020065277,3.6275865337634743,9.784515212769984,11.46002197265625
4446-2275-0010.wav,1.6252543926239014,0.8569957941638845,2.8744533435285886,2.0880593110823398,2.1580770270901013,1.3913309236866436,0.1797837615013122
3570-5694-0006.wav,2.093366861343384,0.9632518984117288,3.728913048383227,2.620816150894598,2.8844945699857,3.4373828246105136,4.868915557861328
5142-33396-0033.wav,2.797520875930786,0.9562034665202104,4.088232625221423,3.366665815602254,3.4368215119903125,9.142028158256368,17.067790985107422
1284-1180-0026.wav,2.9574644565582275,0.9525019185850552,4.435670507367772,3.450344565279642,3.704346500605521,8.644994687831637,9.855301856994627
5683-32865-0006.wav,2.0544629096984863,0.850583591645592,3.3608821204250816,2.0766138510181524,2.614865811051025,-1.959680615991616,6.851780891418457
5683-32866-0020.wav,2.4938058853149414,0.8777799016293254,3.51192591645678,2.756367863150503,2.9429361516308847,4.128049098658372,11.253212928771973
61-70968-0025.wav,2.7817606925964355,0.965461049842094,4.327041496338181,3.3294943038877096,3.55098862327166,8.526132974711603,14.126158714294434
5142-33396-0022.wav,3.4530200958251958,0.9921139189728644,4.556102192682875,3.88225877549109,4.008505107469177,12.005328119480216,20.58296203613281
908-157963-0014.wav,1.099357843399048,0.4078526467881717,1.031173984751599,1.0,1.0,-5.109284999217021,-5.308282375335693
2830-3980-0046.wav,2.2763729095458984,0.9498891925341512,3.7956981923444135,2.615280073958224,2.986906066253074,2.984499834400079,8.474832534790039
2300-131720-0021.wav,2.135847568511963,0.9140838153443774,3.518101196879861,2.6143064172833386,2.8023870954380863,2.952920733753922,3.6694488525390634
1995-1826-0001.wav,3.5602855682373047,0.9839214552759686,4.79903127094883,3.9015940388129766,4.1767986810018325,11.795607252227256,15.824870109558104
4446-2275-0041.wav,1.440176010131836,0.7797013882489735,2.9223072386506894,1.9637706441682337,2.1308263624417094,-1.045222089576863,5.1636576652526855
2830-3980-0054.wav,2.236980676651001,0.9147597383741132,3.743834669577277,2.658104630136479,2.957752936613933,3.2342075071837963,9.268774032592772
1284-1180-0001.wav,2.0126609802246094,0.8421283407829485,3.314539290071034,2.4775374227110154,2.5938000894730204,3.7035134202514297,7.233822345733643
8224-274381-0007.wav,2.7450411319732666,0.9342327458160556,4.28996112800536,3.327859059876369,3.5175084210205214,8.6240441559354,12.349533081054688
3729-6852-0019.wav,1.2182278633117676,0.6441316186494237,1.104523215894094,1.0,1.0,-5.154124127474951,1.473224639892578
5639-40744-0010.wav,1.4907134771347046,0.88276042654592,2.660750069174528,2.167116026799903,2.0482461634650084,0.8278330846227313,6.518354415893555
908-157963-0009.wav,2.823771715164185,0.9707806016438636,4.33690921279844,3.146439712990911,3.5758539983505693,5.357207270197838,11.370288848876951
237-134493-0017.wav,3.1614789962768555,0.9358245867001392,4.068852887031712,3.1754463678446374,3.5761133490196384,4.8808639040474935,11.889381408691406
1089-134691-0021.wav,3.1521291732788086,0.976261784918964,4.514334022941189,2.966505120954664,3.8574635398373394,-1.202713918640525,8.803321838378906
7021-79730-0009.wav,1.4083763360977173,0.9371891035116886,3.0977458285219583,2.1250879384746817,2.225406292270642,0.7281021062720602,0.9057860374450684
6829-68769-0044.wav,3.202550411224365,0.9748194418657627,4.525526033416094,3.5314137044697937,3.8715280958065774,8.128999930036189,17.3955078125
237-126133-0024.wav,3.184412956237793,0.9664868124638694,4.414273198552769,3.638101181955246,3.811400383312273,9.766770634529845,16.538673400878906
7021-79730-0002.wav,1.2964016199111938,0.8436661654487582,2.183385300596487,1.56911307452323,1.657801723207008,-4.775486158641354,-1.8546264171600344
7729-102255-0014.wav,1.771810531616211,0.8712117306642855,3.1445438922663365,2.360946339578447,2.4337007217851805,1.6488616705256045,8.712822914123535
2830-3980-0024.wav,2.010150194168091,0.8784570644903686,3.373436701280367,2.6438850884900726,2.6445853193131037,5.360769552868217,10.410895347595217
2830-3980-0031.wav,2.50106143951416,0.9069603688760224,3.795953517053171,3.020827990792428,3.1187294100225444,6.913507143263056,11.949308395385742
2830-3980-0041.wav,1.216761827468872,0.718907728589029,2.5047956450274333,1.7587692516305673,1.779382326044624,-1.243281391476498,2.141354560852051
5639-40744-0007.wav,2.2149980068206787,0.9617329492978488,3.2836750022418357,2.3775654570999136,2.680090393476317,0.6046247829542106,11.932662963867188
1089-134686-0013.wav,2.2842018604278564,0.9575052162549016,3.803029764808565,2.8305840256854107,3.0439678762811915,4.163438190942332,10.69106101989746
6829-68771-0004.wav,2.541702508926392,0.963880730210638,4.136247239623875,3.424920560209302,3.3499302386708454,11.197105147486068,13.429607391357422
6930-76324-0001.wav,1.3824290037155151,0.8954514696298104,2.973219025545145,2.055177938288084,2.152343180537442,-0.2728390198322309,9.742363929748535
5142-33396-0045.wav,2.004724740982056,0.9132838996268416,3.305000501693044,2.380604494471827,2.6112140097730085,1.0721867964910976,13.365659713745115
8224-274381-0010.wav,1.99405837059021,0.8994028742375465,3.416299521020615,2.739384250128056,2.690627761588788,5.55177926672422,8.568940162658691
8555-284449-0004.wav,2.201629400253296,0.9490359359486517,3.9577805214003856,3.119023730938441,3.0779379811404883,9.4270833728759,10.79786205291748
121-121726-0014.wav,2.1501400470733643,0.9439854881134186,2.5336353937899387,2.172658607552149,2.330087253881163,-4.62067180179903,9.803611755371094
8463-287645-0007.wav,1.6430678367614746,0.8454463461534273,3.165586215148732,2.33598231316447,2.3664409398316346,2.7898160803305694,7.885712623596191
5142-36377-0020.wav,3.770975589752197,0.9888838018761376,4.891649163878288,4.1770568421430045,4.364488404157291,13.017936133469318,18.56159210205078
4077-13754-0010.wav,3.385495662689209,0.9749690832595496,4.811615420126484,3.705978356686121,4.111041243795349,9.301090973970211,12.068103790283203
3729-6852-0017.wav,1.6325249671936035,0.843085713226303,2.7511817613381435,1.838352701286031,2.038847124585038,0.0850672494725406,3.292379140853882
7729-102255-0028.wav,2.1497397422790527,0.9237091890362116,3.432746872711176,2.627407135455859,2.7732999777415954,2.7749134118290497,9.255565643310549
5142-36586-0003.wav,2.72092866897583,0.978558118996528,4.049730242766779,3.3229965731021385,3.3844439953456438,8.789584621355123,13.458043098449709
1284-1180-0013.wav,3.176543474197388,0.9562444604220016,4.596145369617031,3.605195272184578,3.8816109175638034,10.0227608194928,16.105121612548828
672-122797-0012.wav,1.7905763387680054,0.8456008207083164,3.177334181343292,2.1829138564349724,2.437681584635801,-0.3584733855916782,4.363691806793213
260-123440-0004.wav,2.600249767303467,0.9777168943417716,4.122554815126479,2.994649026620379,3.365490844323415,4.240001133695711,13.234172821044922
1320-122617-0038.wav,2.523561477661133,0.8876945089414157,3.649693337029179,2.616900604197898,3.0247846812165045,1.764564500842068,-0.525364339351654
6930-81414-0013.wav,2.962301015853882,0.9786230560112178,4.484097017320203,3.80111185426226,3.748784510289124,13.38737022372717,15.51630401611328
3570-5694-0022.wav,1.7834752798080444,0.8888899828593227,2.9629411525262235,2.1996196135994928,2.3328493916087467,-0.2786317092049973,8.810442924499512
1284-1180-0030.wav,1.9603209495544436,0.894803427523061,3.38877331765796,2.6648366105088632,2.6664171903179352,4.33711167262415,8.904889106750488
4992-23283-0003.wav,2.481550455093384,0.9078037771028876,3.8077350303658335,2.913000419335527,3.1208890318498668,5.079037180990276,12.56584930419922
8555-284447-0003.wav,3.248408317565918,0.9525492828757692,4.345509938057542,3.4749245184802025,3.787940486271395,7.641059681465111,16.30859375
2961-961-0021.wav,1.3367574214935305,0.8580658363375178,2.3041923296534854,1.4905503368765278,1.7034430864936323,-4.793382159598247,4.8427839279174805
4446-2273-0001.wav,2.671076774597168,0.9659330493300023,4.110425773253124,3.114742546190923,3.404060289997923,5.219408448928962,15.722026824951172
5142-36377-0015.wav,2.4057457447052,0.9616684029317328,3.921912613846583,3.11553212302423,3.155566746131312,8.157643210839424,13.28981876373291
4992-23283-0010.wav,2.4070751667022705,0.980292924104478,3.922436950424925,3.1643962376720114,3.1648051281827017,8.557214810640957,14.672354698181152
4077-13751-0001.wav,1.655480146408081,0.7872005168829607,2.850559164354632,1.9834088123348943,2.166104780816364,-0.7041640994926975,2.80525803565979
237-134500-0001.wav,2.391378164291382,0.9214150068636237,3.512906722414855,2.766778700948588,2.9390807195022304,2.9829765834061464,14.042367935180664
7729-102255-0031.wav,2.976184606552124,0.97817144337061,4.425044904166741,3.4040305368212502,3.7022780023345816,8.042503786506625,13.015390396118164
121-127105-0026.wav,2.0907628536224365,0.9949521808504758,4.051662746199603,3.308481773608425,3.0912813832047,12.279174845785771,18.92986488342285
4507-16021-0026.wav,2.627824068069458,0.9442416021713692,3.941939575137626,2.629399747073216,3.2483338386465093,0.0489533731041051,5.7769060134887695
7127-75946-0009.wav,2.3569884300231934,0.8562044420882189,3.6972539354997584,2.7473320977358378,3.002237419922245,3.428837827458698,8.587191581726074
7021-79759-0001.wav,1.4609618186950684,0.9820603174865992,3.183185985544817,2.21748679532492,2.30613894545208,1.2817610177948602,7.674605846405029
8463-294828-0030.wav,3.0758392810821533,0.9745208049325658,4.526373997007525,3.497720396790151,3.8082618007465374,8.542518839940657,15.731266975402832
237-134500-0004.wav,1.328277587890625,0.8481127224664743,2.598047956753039,1.7413361625903008,1.8925402698062093,-2.826376873236032,5.6631269454956055
4992-23283-0013.wav,1.3987683057785034,0.860514795722655,2.4083412394543755,1.8961412829362967,1.8101250390286052,0.1366057149662103,6.482913494110107
672-122797-0044.wav,2.177556037902832,0.7876600730506961,3.5921166578441825,2.6723580992525964,2.865328234351712,3.3353385286367105,6.885180950164795
908-31957-0012.wav,2.9214911460876465,0.9633895350649452,4.331219417181479,3.4155217181656807,3.621045368775293,8.945189323201175,14.554425239562988
3729-6852-0027.wav,2.334886074066162,0.8269713403474457,3.561129097689206,2.341223771198449,2.8586920934780338,-0.0010893088691732,12.591304779052734
3570-5694-0016.wav,2.355029344558716,0.96703202014337,3.9820430850292783,2.8950917230713467,3.1596330477079637,5.054089029991832,6.115336894989014
1580-141084-0018.wav,3.1563880443573,0.9650149689606358,4.390074176545898,3.3118488266010297,3.7526221831920026,6.236499504664667,15.79349422454834
4446-2271-0015.wav,1.9656985998153689,0.910593372721792,3.2182540995330498,2.669655006828706,2.568796286962606,5.055316185084617,13.535636901855469
908-157963-0028.wav,1.9127427339553835,0.886800946977163,3.4990079432401795,2.130923472171252,2.6492752362198457,-1.663366593419464,3.236016035079956
2830-3980-0032.wav,1.4823658466339111,0.7655126446061342,2.8081133830258955,2.082400645190324,2.0724925555571474,1.5230583109006688,4.498430252075195
4992-23283-0011.wav,2.4645426273345947,0.9597812919476272,3.77165958281121,2.9872588418184547,3.0954696097791694,6.337483133190898,11.433780670166016
2961-961-0006.wav,2.277383327484131,0.9603037937180736,3.6569453623067143,2.931076662025596,2.95030207709364,6.58288721160059,12.88282299041748
4446-2273-0004.wav,1.500650405883789,0.8845635345319601,3.2493853746618924,2.0842116245977484,2.364308749172213,-1.3634960049808509,11.396817207336426
2094-142345-0006.wav,1.475470781326294,0.8393610268847879,3.0598827834538804,2.1499332349843483,2.217998838548052,1.6024563431247547,2.582261085510254
4446-2273-0020.wav,2.824441909790039,0.9726153029288984,4.3941379046920135,3.4781643923908074,3.6288465304278734,9.552297487869383,16.898672103881836
4446-2271-0008.wav,2.715954065322876,0.9625926303077722,4.054150426614646,3.386754534328501,3.380946693554188,9.97967251570399,15.362664222717283
4507-16021-0017.wav,2.387043237686157,0.8927332801864818,3.6725156354463566,2.488074317917605,2.9769110741522757,0.327798701378545,8.663662910461426
4992-23283-0015.wav,1.5261423587799072,0.8726403421086427,2.676612591260079,2.1939251513549385,2.0514191647432383,1.9807440576526345,8.663152694702148
6829-68771-0033.wav,2.239610195159912,0.9523338113849243,3.710589225077975,2.879486668869324,2.9569887994529456,6.091603395023473,13.967317581176758
8455-210777-0013.wav,2.49435830116272,0.9743904713775012,3.6722845485730593,3.136118854207232,3.0686442741327893,8.140818542324395,14.581275939941406
4507-16021-0058.wav,1.9838250875473025,0.9178677858116582,3.1046091625029115,1.8739818796587917,2.4046701453033617,-2.5687966965293536,9.9299898147583
2830-3980-0048.wav,1.7377581596374512,0.8690394621094005,3.1112873373150745,2.211626624508231,2.315183354198984,3.2721660424033674,4.503829956054688
5142-33396-0023.wav,2.4763803482055664,0.9823993229512644,3.745688287738527,3.1896270943817613,3.107504767457734,8.623616600391793,16.257417678833008
1580-141083-0050.wav,3.005587339401245,0.973940433055706,3.9924208225139286,3.2153775965181146,3.4652346159331278,6.438799788934817,13.565549850463867
672-122797-0067.wav,1.4652576446533203,0.7505576676650645,2.783954009486175,1.9374866950090703,2.070388247104005,-1.4649063766272914,1.5118802785873413
1284-1181-0006.wav,2.8246941566467285,0.9514387402808986,4.327650049264744,3.205582313904129,3.5745340150243026,6.164675868533438,11.92569637298584
8455-210777-0054.wav,2.907223463058472,0.9498269836709308,4.136883554147561,3.1961479613163988,3.5059896039157423,6.062811755071774,13.372591972351074
4970-29093-0019.wav,2.517573356628418,0.882847742222326,3.895771808539946,2.9091965595092137,3.181620167513184,4.801017950827319,15.122004508972168
2094-142345-0060.wav,1.2573509216308594,0.6070965308305601,1.0,1.0,1.0,-3.945003987011963,-3.033620357513428
1188-133604-0007.wav,1.8560713529586792,0.8135483239158338,3.3584798208163327,2.5239233637288065,2.595772425920479,3.0204251969896254,7.1674675941467285
61-70968-0038.wav,1.3986670970916748,0.7952917525424568,3.3359114583105813,2.294817070017306,2.318408009996548,4.403483469066723,11.016406059265137
2830-3979-0009.wav,3.351392269134521,0.9739118165018325,4.803449280275059,3.856899735797048,4.093295954745016,11.7994977357109,15.360898971557615
7021-79759-0005.wav,1.5414001941680908,0.8893572614076716,3.009129589960653,1.7784403964504354,2.186487796854529,-3.051953646774566,-1.121646285057068
1580-141083-0048.wav,2.9300875663757324,0.9376718170775618,4.238248647707525,3.0960297118171787,3.5798518760393416,3.776715699717681,15.035995483398438
8230-279154-0000.wav,2.303823232650757,0.9428287582552036,3.808894946790326,2.68871576494078,3.037157278384561,2.62787809133883,4.141393184661865
5142-33396-0067.wav,2.9249284267425537,0.983107579856552,4.213913245384767,3.4753377976579936,3.5675593849081086,9.729943917249678,20.553386688232425
4446-2275-0040.wav,1.1793957948684692,0.7782896501412074,2.692437126462982,1.7774332318263548,1.86227737597294,-1.0335608293267993,5.375185012817383
1580-141083-0047.wav,2.667140483856201,0.961261541255394,4.070601794281424,2.9037605150779098,3.342652266127472,3.6453177023446255,11.769190788269045
5683-32879-0024.wav,2.371609926223755,0.905264124740942,3.609284674248733,2.7882670214674734,2.9293814941433824,5.574423692693256,11.312064170837402
1995-1837-0029.wav,2.571089506149292,0.9625819015904518,3.977631709065169,3.66846876246936,3.280762359799836,15.064016896606908,19.58798217773437
2830-3980-0035.wav,1.669143557548523,0.7381314264080913,2.7349719756102147,2.033317848664155,2.1500859180398706,-1.5398216743422672,7.693083763122559
1188-133604-0018.wav,2.221463680267334,0.9101616297491648,3.486501038703918,2.783742161366696,2.8487380123848425,4.162660884443231,10.748353004455566
7729-102255-0040.wav,2.333301782608032,0.9400386840256372,3.5547347778891285,2.942698427444885,2.933713074384597,6.077364687471457,10.663957595825195
4446-2275-0006.wav,3.096283197402954,0.9636727154408332,4.633632342789433,3.6457068090619513,3.884215026241948,10.196178992551037,15.631311416625977
1995-1826-0012.wav,1.153342604637146,0.5710857585667272,1.985456520847092,1.6322636146510807,1.459427508341028,-1.4693911361442054,3.28723406791687
8463-294825-0003.wav,1.7233076095581057,0.9406662833912872,3.435999236194956,2.5558456160200262,2.5847906391483804,3.763945782188462,10.306610107421877
8455-210777-0030.wav,2.01238751411438,0.9677448033441362,3.417182249540196,2.7497814175818114,2.71628224310925,4.874575736174736,7.4420270919799805
3729-6852-0040.wav,2.3163371086120605,0.9409575209327812,3.34051110258544,2.665855826602018,2.694967411725977,7.256916186955277,15.361888885498049
8555-284447-0001.wav,1.049887776374817,0.4154635896204448,1.0,1.1004537339673832,1.0,-2.9765289455797954,-3.259122133255005
1320-122617-0014.wav,1.762486219406128,0.8797910993317757,3.17437356805098,2.328030128037218,2.438043250581474,1.4522916393257697,2.822359561920166
1995-1837-0008.wav,2.8236210346221924,0.9827167774894756,4.366951209694191,3.5733352485493084,3.606886883396181,11.422432835575464,19.910659790039062
237-126133-0003.wav,3.6167151927948,0.9802892435829056,4.717094700815718,4.028209012209572,4.193231952661298,12.112393793827184,17.22875213623047
237-126133-0022.wav,1.5403046607971191,0.8951288980775671,2.875596094305039,1.986615071341259,2.1725592926489403,-2.077366276324636,9.995125770568848
3729-6852-0004.wav,2.044352531433105,0.9207566597429636,3.509938129403308,2.487064969611181,2.7136651482705227,3.321860029684274,9.056780815124512
8463-294825-0004.wav,3.547330379486084,0.9698539170517482,4.8662436618648846,3.741125446772036,4.224474394951051,8.43146596768585,16.36037826538086
4970-29093-0007.wav,4.147706508636475,0.9900839043292604,5.0,4.115529389268672,4.669289304517584,10.41068618400068,21.26849937438965
7127-75947-0024.wav,1.3343274593353271,0.7894593903644394,2.599609159591711,1.8045924269626048,1.9093870293479285,-2.4416394321082477,2.0594613552093506
1284-1180-0002.wav,2.068777084350586,0.8835506286660798,3.409359846377197,2.506263300706601,2.7052500743625165,2.1505167451035376,6.775288105010986
2300-131720-0039.wav,2.265001058578491,0.927891476757712,3.709847709204453,2.5717623202511346,2.948337588266565,1.9442538753611391,3.3565285205841064
6829-68769-0021.wav,2.977824211120605,0.9793309525138376,4.581370602332348,3.6720805411275768,3.800298308797305,11.429668890817323,10.474166870117188
4507-16021-0004.wav,1.7210826873779297,0.941779432054243,3.2211429278231303,1.9096606920304284,2.399481576050904,-3.071216568295243,9.2655029296875
908-31957-0017.wav,1.8290529251098635,0.9114032219652264,3.384982629674006,2.230259504765175,2.5266218242827607,1.590697311783317,5.97465705871582
1320-122617-0019.wav,2.071986675262451,0.925061780268772,3.5851725478374825,2.512929129239356,2.782275595357349,2.763959182980172,1.4689114093780518
672-122797-0037.wav,2.746751546859741,0.9098720006078188,4.149175357808947,3.356270363397291,3.4129652126714274,10.619795907125178,17.08856201171875
8224-274381-0000.wav,1.3095178604125977,0.7562880643515669,2.608313491101845,1.547808857691853,1.8044823879332053,-2.0684790052909627,-0.7342572212219238
8230-279154-0023.wav,1.3192417621612549,0.7427321770424312,2.475686950717128,1.7550183079467856,1.8124520324608668,-1.8955186956726175,0.3543223440647125
8463-294828-0036.wav,3.2460405826568604,0.9556548590105746,4.651308336696205,3.625307224627299,3.9594232711895407,9.141863858529025,16.375978469848633
7729-102255-0038.wav,3.1599667072296143,0.9721863795676858,4.47329755861755,3.4954977006120207,3.808994059943816,8.544798920522489,14.39034652709961
7176-92135-0014.wav,1.1460214853286743,0.6945474110683141,2.3466636104754643,1.6954199620170003,1.6550497303828648,-1.2746184138918162,-5.539071559906006
6829-68769-0036.wav,2.1254265308380127,0.94027759909187,3.4689504884429523,2.635111137454884,2.782741038367244,2.918452516343365,9.462591171264648
6930-76324-0028.wav,2.268752336502075,0.9081489546507284,3.6758611835328177,2.8578495633652383,2.955416576985121,5.483355284537372,8.211647033691406
121-127105-0027.wav,1.840768337249756,0.949285429088786,3.320299344074406,2.7458835700368827,2.5684346416722,6.686711936175303,10.906915664672852
7021-85628-0017.wav,2.3180160522460938,0.9596750797081006,3.4040788085470908,2.247956365490229,2.8182223683029965,-3.388731515015789,7.800023555755615
7176-92135-0022.wav,1.1652569770812988,0.7509476166682375,2.3328254069055387,1.9908011025809056,1.7031963989692231,1.2713162617966771,2.874245405197144
7021-79730-0003.wav,1.5327608585357666,0.9444732143438936,3.143899084280738,2.2262184391906947,2.320473123253644,0.9801860906508304,4.300556182861328
1089-134691-0004.wav,3.482834577560425,0.973749204861919,4.728608528312218,3.824961693159159,4.117484333281819,10.51320556821421,16.917221069335938
4507-16021-0023.wav,1.895543098449707,0.8421793067725637,2.9539703189651103,2.116088358460387,2.363402142068789,-1.5042881842208882,8.419690132141113
2961-960-0009.wav,1.7225656509399414,0.885549869962188,2.916446013355417,2.3703400686002825,2.287837944146588,2.502094542912353,7.89776086807251
2961-961-0022.wav,1.7708284854888916,0.9301888760829844,3.0336649396297304,2.3339188564914077,2.3409803566102627,2.859887056879449,7.399896621704102
260-123286-0011.wav,2.446674108505249,0.9606131022911976,3.7229468734189735,2.952806780692597,3.059484090295612,6.046239501022917,13.988540649414062
61-70968-0012.wav,2.069694757461548,0.9553135936862504,3.8258313163590176,2.4389977494113184,2.925605560835627,0.5176978399244728,7.680523872375488
1221-135767-0010.wav,1.1892260313034058,0.6806166129061761,2.440212395628391,1.5229374002638012,1.6706052537444216,-2.0135540404115866,1.4356520175933838
5142-33396-0024.wav,1.6181811094284058,0.9602657487925632,3.045155237638961,2.629508238692009,2.3138081964027,6.762896039954477,14.630535125732422
260-123288-0011.wav,2.559140205383301,0.9453692070141916,3.933851795038117,3.273182869172209,3.248506818159975,9.07583354072712,14.940081596374512
4992-23283-0020.wav,2.789776563644409,0.9654674507103126,4.03844074119736,2.7894991439788424,3.4168687821655004,-0.3453504416971923,13.98268699645996
3570-5696-0006.wav,1.0706324577331543,0.5925933690343406,1.3711221516280985,1.5748225958984852,1.0510102232243916,0.9329810571090156,0.5943989157676697
8463-287645-0000.wav,2.8229682445526123,0.9181287958659718,4.39179444573694,3.4358980789198905,3.611646537931864,9.566239725086476,14.699941635131836
8455-210777-0027.wav,2.670471429824829,0.990545862007671,4.177431853914162,3.4534411038154387,3.4430594172503888,10.337375932744887,3.797748565673828
7729-102255-0033.wav,1.7601492404937744,0.8604338754327618,2.904706413282548,2.039799494043604,2.292677049320416,-2.664136321264471,6.18513822555542
3575-170457-0017.wav,2.664079427719116,0.9613250661040056,4.091739789811224,3.066350561638915,3.363410769392182,5.730030955570086,1.6379802227020264
672-122797-0031.wav,2.306232452392578,0.8395687825141457,3.679274539959114,2.625160166391737,2.9404419089600173,3.073968162067023,15.683649063110352
2094-142345-0028.wav,2.7660224437713623,0.9377541052864824,4.175321135005482,3.4293533824010547,3.4669788915765127,10.255761761540723,12.686375617980955
237-134493-0018.wav,1.42063570022583,0.7578025359971191,2.4870790479899823,1.812933289516087,1.8699537813256613,-1.7734284650274572,5.749366760253906
1089-134686-0006.wav,2.3599929809570312,0.9424356135853456,3.483770082210772,2.7450345323746213,2.9256454062970843,2.130892626133614,11.074682235717772
5683-32866-0013.wav,2.52736759185791,0.9007871349416504,3.6364017853086863,3.032133907971862,3.05400695970424,6.832479760412772,11.704465866088867
5683-32879-0009.wav,2.9816176891326904,0.9094278248564154,4.34079749257176,3.605019288183577,3.654508994152785,11.570200840332854,16.86484146118164
5683-32879-0021.wav,2.746518135070801,0.9454144692198934,4.031394726433761,2.666079285542016,3.3366469250650588,0.4414281180252826,10.973831176757812
7127-75946-0007.wav,2.5260086059570312,0.8832663612296536,4.043750253971485,2.849338257992081,3.263939748924254,3.591687209442976,9.277006149291992
6829-68771-0029.wav,2.449942350387573,0.9701983851278668,4.107464135482041,3.2561424621518955,3.284744127672257,9.413835346252192,13.420833587646484
3570-5696-0010.wav,2.55619478225708,0.9663176061738872,3.96771532799876,3.4210921808892003,3.267123092251742,11.302574816667985,15.932804107666016
3570-5696-0003.wav,2.1683077812194824,0.9542325062930168,3.716007670722021,2.5554242707887544,2.935861061878013,0.9520460971738712,6.750121116638184
908-31957-0005.wav,2.4888007640838623,0.9378887905604868,3.9227772917579937,2.639785472837114,3.1517754222585297,2.009776596883332,6.244912624359131
7127-75947-0014.wav,2.4287588596343994,0.9166207771463348,3.934227858223572,2.949836951579269,3.176895409306814,5.1952158239336645,10.14246940612793
8555-284449-0013.wav,2.3818917274475098,0.9344281250956296,3.8544931777752343,3.185869933599193,3.086911858082491,10.471261863020528,17.21341896057129
1995-1826-0010.wav,2.823639154434204,0.9714462395194108,3.893611908259379,2.5137367792598098,3.312887246035814,-2.8197500296177567,12.307137489318848
8555-284449-0010.wav,3.4487738609313965,0.9881258290519868,4.738661133594103,3.4024805993405978,4.0806046159743765,5.153057369921865,22.25261878967285
3729-6852-0022.wav,2.678040027618408,0.9662043478118828,3.804340108295516,2.9900022381914075,3.1554885041454277,7.583174818457877,14.095304489135742
5142-33396-0030.wav,2.70645809173584,0.9906827197636364,4.0653660445381,3.588664764072564,3.409184222770873,12.047130968135138,20.83675575256348
7176-88083-0017.wav,1.4965739250183103,0.8665488105370424,2.914516139074921,2.0248691842104187,2.1953324354495,-2.261433496469296,0.9169718623161316
8463-287645-0004.wav,2.7165415287017822,0.9338236552530688,4.236457159063544,2.9809623842558115,3.4643974224404,3.866996507831451,9.401667594909668
4992-41806-0015.wav,3.4659526348114014,0.9894884661255728,4.617601965429889,3.8594632261408233,4.034475803838065,12.037081515100423,19.992938995361328
4970-29095-0025.wav,3.236281633377075,0.938684072178342,4.232862443169068,3.336743860250288,3.698861576888924,6.725147366065762,21.70567321777344
2830-3980-0011.wav,1.7741985321044922,0.8622768091930264,3.3976185036277142,2.181746963166386,2.547322165430744,-0.6185912891635141,7.815053939819336
5142-33396-0016.wav,2.2224109172821045,0.9697654554973694,3.436937307985952,2.798377421162085,2.8317057844211084,4.072717551288388,14.393232345581056
4992-23283-0019.wav,2.955658197402954,0.9623787708606756,4.126255129142731,3.258482305207908,3.523586862920516,6.754026416279504,14.102416038513184
5683-32879-0018.wav,3.053264856338501,0.9740236538409504,4.450101052522215,3.68375484403729,3.7377096686219775,12.6008519444707,21.494386672973636
5142-33396-0025.wav,1.0994298458099363,0.53948024715201,1.0,1.39585316206221,1.0,-3.265612716037697,-0.4312195181846618
7729-102255-0026.wav,1.2989689111709597,0.7692164063815001,2.3809487091884507,2.0252465100738326,1.7855876629315657,1.2033181204623336,2.5386106967926025
8230-279154-0034.wav,2.386523485183716,0.9413188144971792,3.89040854214778,2.7172334595469363,3.110933807343537,2.8294632738140204,4.636888980865479
4446-2271-0003.wav,2.687473058700561,0.9688898268937968,4.016167603219426,3.4000850303329964,3.348905169093573,10.352749633526978,14.440464973449709
7176-92135-0000.wav,1.8129780292510984,0.9184143376119752,3.50898427640257,2.2982528479858897,2.648086821327182,-0.1989280883562083,5.842903137207031
237-134500-0000.wav,2.434032440185547,0.9053119904358752,3.54919790013466,2.770013088800785,2.966342033646127,3.254154983782358,11.389184951782228
7127-75946-0015.wav,1.853501558303833,0.9192646746161772,3.603525168796264,2.84005653768716,2.7242780611147515,7.710902019021028,11.66624927520752
1188-133604-0003.wav,2.766425371170044,0.8817604459344734,4.167127539202667,3.3848255981094564,3.463738551689478,9.518021163667152,-0.4113903641700744
121-121726-0003.wav,2.3718111515045166,0.8975644311011921,3.100221501514052,2.333302394114144,2.7202145494803096,-3.588519753109117,7.55385160446167
4077-13754-0011.wav,2.051715135574341,0.9219485613601062,3.701651011338097,2.585176696341139,2.8567592226808856,2.8853634799360486,7.439199447631836
4992-41797-0011.wav,2.9012935161590576,0.9745014920714274,4.0472346165731246,3.265092582418831,3.4380876768689004,8.096599986388,11.259950637817385
8455-210777-0059.wav,1.970458984375,0.972363873623765,3.593416873525256,2.9951172822395464,2.801041247308027,8.283181000352283,11.565446853637695
3575-170457-0054.wav,2.560822010040283,0.9557481629928416,3.630181622953855,2.43778306143321,3.0507823283344018,-2.1054727508689903,9.943285942077637
2094-142345-0021.wav,1.7277915477752686,0.7377917865875182,2.573204611808836,1.9273158380792763,2.0009559558550354,0.6616297102154375,0.2003836929798126
6930-81414-0021.wav,1.147653102874756,0.7109386231917231,2.267624272746158,1.93382720176342,1.6355328075926163,1.660702520679925,-1.0276381969451904
61-70968-0007.wav,2.08130407333374,0.9175702751955592,3.79765261710805,3.09990010650871,2.9533476055815657,9.338378843218235,13.36464500427246
4446-2273-0008.wav,1.6612920761108398,0.8733213587479538,3.3004385182813287,2.1572883376361984,2.4461238295342467,-0.3338664828361318,8.950085639953613
672-122797-0036.wav,1.1996917724609375,0.6528753611038034,2.252506469560268,1.8177601375114487,1.6210104005782822,0.889730876099702,3.840369701385498
8463-294828-0004.wav,3.132752656936645,0.9599787444983384,4.590428801923324,3.4426367857693814,3.872912416862624,7.058376918615375,14.497808456420898
1320-122617-0021.wav,2.5677003860473637,0.9495533920203088,3.705894620945705,2.727448580950908,3.0897849879587524,2.5346331111043905,1.1894868612289429
908-157963-0003.wav,1.2835540771484375,0.7488165880509599,2.557738524025892,1.9203312186770305,1.857050082427954,0.0391049901984916,-6.125645160675049
5639-40744-0040.wav,2.4424753189086914,0.9442565423908844,3.715056606969756,2.6272407679335466,3.033663228563074,1.7816358221218525,3.348576068878174
5683-32866-0023.wav,2.849554538726806,0.9595697290990732,3.5636162316700557,2.9495125191193896,3.142036677231444,4.770460410026412,17.666894912719727
1284-1181-0016.wav,3.708125352859497,0.9914292507421976,5.0,4.0194755677499,4.407893404633162,11.12446338747457,15.963932037353516
2830-3980-0023.wav,1.297850251197815,0.7915816959920221,2.769381172197978,1.891483873479435,1.989990666269442,-1.4266980344855194,5.415532112121582
672-122797-0060.wav,2.496145725250244,0.9164026586960168,3.883791159371728,2.8629456951575603,3.1441940098629506,5.139043405098509,11.20061492919922
121-121726-0002.wav,2.9173238277435303,0.9413654469333808,3.987248364650952,2.8764530923830818,3.4287312973704407,1.2599244406666543,11.68061065673828
908-157963-0021.wav,2.9434170722961426,0.9670205035745668,4.396413172388581,3.386247694756734,3.667167136369733,8.199105327384391,13.78752899169922
7127-75947-0001.wav,1.2255280017852783,0.6823370184647862,2.5841065855199745,1.837804625711627,1.8552296144225224,-1.46329901090078,6.695971488952637
1284-1181-0017.wav,2.646013736724853,0.922479855219161,4.038830062561165,3.151081897215718,3.3419371147859183,6.596307872900945,9.598607063293455
4077-13754-0003.wav,2.8190183639526367,0.9604724207485634,4.235611002221334,3.089079297124434,3.507700008127033,5.159128190079333,10.597837448120115
4446-2271-0014.wav,2.2601890563964844,0.9620201084534143,3.561972034110059,3.0436625198496268,2.907662049731393,7.914507052243903,14.881625175476074
672-122797-0069.wav,2.1110219955444336,0.7925521157343218,3.476474819347008,2.424655333142358,2.744977291119751,1.1954877645972994,6.101718425750732
8230-279154-0031.wav,1.6698637008666992,0.955472442567774,3.469230964652619,2.402318730863465,2.562818477229647,2.2400661432790945,-1.7029160261154177
5639-40744-0001.wav,1.99100399017334,0.9461687139213976,3.199830428464614,2.592747044454136,2.557765434738111,4.28767346494165,8.87681770324707
5683-32866-0021.wav,2.9361412525177,0.9430824629303496,4.084806708468312,3.4278985363197765,3.483646892494269,10.008100729637814,13.751696586608888
8455-210777-0044.wav,1.875769853591919,0.8623881152988329,3.372511378655877,2.261986485205768,2.583777308972789,-0.0124026389455686,6.466532230377197
260-123440-0020.wav,1.380964756011963,0.903815821478233,2.7815552596068804,2.1286396440126274,2.042925537032208,1.490845042312017,8.549955368041992
5142-33396-0059.wav,3.165811061859131,0.9694324860189866,4.168668424188564,3.366917281188305,3.665374663237431,6.239031218316655,16.67934226989746
4507-16021-0013.wav,3.3559107780456543,0.975931105011243,4.594788099323059,3.8339758641954376,3.981693669198492,11.8445926685343,17.760910034179688
3575-170457-0031.wav,2.746330738067627,0.941456983018635,4.08123523437794,2.70228095858734,3.3653881164959887,0.8396283020074472,8.004785537719727
1089-134691-0003.wav,1.560679912567139,0.8182241097459849,2.8535881389792523,2.0396239137222603,2.146104822600173,-0.2541441753179794,4.691583156585693
7729-102255-0036.wav,1.9734727144241333,0.9495938680956526,3.5266826491263767,2.882343188683973,2.7538715329663503,7.152573833274323,10.487293243408203
4077-13754-0014.wav,2.303253173828125,0.9683902024964652,4.131160563352298,3.135760920226158,3.228266017489223,8.360266706524177,12.00182819366455
5142-33396-0056.wav,3.0106041431427,0.9559293277367346,4.414941055184024,3.0485335862576624,3.721087782517524,1.8540763553137407,13.131986618041992
4446-2273-0036.wav,2.032122135162353,0.9149998511326944,3.130275439264994,2.438199099155113,2.5516570509020173,1.1816749855725104,11.66373062133789
8555-292519-0014.wav,2.608527183532715,0.9282907202175492,3.361250671590555,2.542844555553576,2.815630949620683,4.726491751269134,14.21070957183838
4446-2275-0045.wav,3.5513103008270264,0.9917258187568896,5.0,3.8871973190105793,4.3058579058729975,10.215651810458551,12.74070167541504
4446-2271-0004.wav,1.941110372543335,0.9275766822722966,3.359186432770004,2.194638536760854,2.624244081879336,-2.198505820553179,11.59340000152588
1089-134686-0014.wav,2.6982645988464355,0.966699817262642,4.036054381140517,3.0158859751849487,3.3644376816833588,4.16418622495152,11.702327728271484
5639-40744-0004.wav,2.006331205368042,0.9276388421716056,3.1560941355612058,2.5472133063084725,2.541513967969326,3.5468438634663872,8.398356437683105
8455-210777-0066.wav,2.1541359424591064,0.9805278731482412,3.4410577846746886,2.662950332676758,2.7734207945682674,3.580416713374199,13.711698532104492
4077-13751-0003.wav,1.6637203693389893,0.8849399806022078,3.0588156680831,2.0416295012174537,2.326725222619769,-2.17050316573268,4.250280857086182
5142-33396-0050.wav,1.1399104595184326,0.882386041322504,1.3390935357355802,1.8789861117663345,1.147927657437338,1.8044167979750116,7.470407485961914
237-126133-0012.wav,2.827505588531494,0.9102288012544258,3.969727191774588,3.2501213879949216,3.4023897023700607,6.650821074617705,11.496376037597656
3570-5694-0009.wav,2.2627830505371094,0.9693996778891626,3.880703443675409,3.2272049776776397,3.0874835782057195,9.93052688882386,2.8409857749938965
61-70970-0014.wav,2.137777805328369,0.9566643135769765,3.7064180125341206,2.426889236307809,2.888110149595517,0.3578399464126022,8.807699203491211
7021-85628-0000.wav,2.362928628921509,0.976300021865602,3.751704369077773,2.569071734529993,3.0186282699161744,1.1579212447030158,12.717683792114258
7729-102255-0041.wav,2.82684063911438,0.9713068896383408,4.277380188513706,3.336177761249444,3.5597886012625106,7.816717482122431,11.374570846557615
5683-32866-0028.wav,2.214984178543091,0.9257171880704264,3.321104243942587,2.928588230507519,2.732281939402041,7.871845932274419,15.079612731933594
3570-5696-0000.wav,1.2974244356155396,0.823079414281419,2.60281531103439,1.7383712843719346,1.866026610061856,-2.053096392970054,1.347191572189331
1580-141083-0004.wav,2.630133628845215,0.9426138211651024,4.1403204356774,2.9876229087104247,3.374893511877741,4.541796508637024,14.546805381774902
7176-92135-0023.wav,2.4553771018981934,0.936075525542144,3.687993424612372,3.013233415269027,3.0666566197003533,6.050704881476669,10.394811630249023
672-122797-0030.wav,1.8066604137420652,0.9261888028508152,3.654413369699904,2.8980394832907828,2.7365201832857564,8.520748255776663,10.798664093017578
237-126133-0001.wav,1.3884779214859009,0.7939262787389744,2.4641301242056204,1.623326489099385,1.7990385764422951,-2.633163838888917,1.3843328952789309
672-122797-0059.wav,1.606332302093506,0.8210084148459951,2.965049358294161,2.112576090204219,2.2209063699566425,0.7209570827797902,7.794656753540039
5639-40744-0005.wav,2.937953233718872,0.9207290705877176,4.248232684618794,3.05242658668538,3.5853082053468763,3.1783952846288464,5.301544666290283
7021-85628-0020.wav,2.644009828567505,0.9793947046621346,4.070997473418903,3.1900845479754008,3.3519241658482386,7.451187997407444,12.787928581237791
1580-141084-0000.wav,1.5445923805236816,0.8401271646792234,2.890158472656998,2.01339982478246,2.1713655427544976,-1.217509937377444,8.860386848449707
6930-81414-0020.wav,1.1649396419525146,0.6889448987177978,2.038195366868075,1.8219123677812117,1.523055074079272,0.0637255178593791,4.731975078582764
260-123286-0020.wav,2.4815142154693604,0.970815141526853,2.3167408627788744,2.6128245049809857,2.388286780198892,-0.0947245512254013,12.067123413085938
8555-292519-0005.wav,1.7553603649139404,0.915959361202286,2.838653831434774,2.562838097305666,2.195266011758398,8.411657756979329,14.078336715698242
4446-2275-0015.wav,1.9539563655853271,0.8958645051018704,3.396729627725067,2.2463554900894662,2.6562515384388705,-1.7764453748300468,7.280027389526367
3575-170457-0023.wav,2.121834278106689,0.9291748406084736,3.5827288579392205,2.49967648859252,2.7895453235403225,2.910545947785216,10.82714557647705
7176-88083-0001.wav,1.8188080787658687,0.9383286741196878,3.3857356657280047,2.4098068790948286,2.579865018536965,1.961117831683026,3.6200571060180655
1580-141084-0049.wav,3.1073665618896484,0.9768735520910884,4.571504088979792,3.7137160290264353,3.854819948848796,11.371297211574085,18.296348571777344
1580-141083-0016.wav,1.984990358352661,0.8797036987919031,2.9302621470934893,1.9725185162955108,2.359260565811936,-2.809056948250965,6.820780754089356
3570-5695-0004.wav,1.6353418827056885,0.876814180551824,3.012750648431311,2.4479902995024267,2.3042811389198907,3.84261678524281,10.688611030578612
1089-134686-0007.wav,2.8835701942443848,0.9481996336292804,4.210206332862619,3.316266285815576,3.552093055221137,7.19881397497285,14.008549690246582
7176-92135-0043.wav,2.544088125228882,0.990090701147332,4.421481161994642,3.636642866988721,3.524352781388376,13.160894854593884,9.94798469543457
2300-131720-0015.wav,1.859394073486328,0.8646218320254212,3.3841928460429918,2.171169761929892,2.5884557121013443,-1.6440623826155625,2.2203285694122314
237-134500-0033.wav,2.511957883834839,0.909625576080934,3.713778689265361,2.7862766940282224,3.081349817320436,3.1956564756055617,13.284286499023438
1580-141083-0021.wav,2.509357690811157,0.958954355211888,4.029546100567301,3.159689477013799,3.276405962015692,7.413137487713164,16.496965408325195
7729-102255-0002.wav,2.8143701553344727,0.979886331327387,4.218497580359526,3.371607004104128,3.5255345520245,8.414604858856645,13.706360816955566
2830-3980-0072.wav,1.990524649620056,0.930992775570794,3.553726048768806,2.2562590689068696,2.707115298007649,0.1176250363483482,8.503162384033203
2094-142345-0058.wav,1.9820733070373533,0.7910333108859143,3.025060971419569,2.4953521263979503,2.469832796433391,2.6536380038113947,9.37110996246338
2961-961-0017.wav,1.642867922782898,0.8646626651921873,2.9917415088827237,2.345657126422571,2.2725766663657567,3.2649172241836677,10.03517246246338
3575-170457-0025.wav,3.6215195655822754,0.9875634294844318,4.88363814387454,4.2022779040745535,4.273979790747221,15.03920158603026,21.374483108520508
5683-32866-0000.wav,1.7734227180480957,0.9008765065823564,3.036733991777138,2.110877141488355,2.347263043464848,-0.851951747035008,6.766758918762207
8463-294828-0035.wav,1.9477511644363403,0.9173597795325066,3.656356833625316,2.605068426826635,2.794482551804843,3.427781511519129,9.549283981323242
1284-1180-0022.wav,3.396543025970459,0.9565175839733812,4.782419469370391,3.7180662710192993,4.094331131160217,9.751112060420796,13.191926956176758
672-122797-0020.wav,1.8534066677093504,0.8116951070386643,3.3574129226159206,2.639717368212608,2.583696606877829,5.328018824634264,5.844063758850098
4077-13754-0005.wav,2.5030410289764404,0.9266926210749818,4.0822009749388535,2.6313111925876616,3.284103327287096,-0.2512403466853117,8.403045654296875
672-122797-0050.wav,1.1136032342910769,0.6032322594024757,1.744601295221632,1.424046807849435,1.231648829486607,-0.6014665408333995,-0.7690434455871582
1320-122617-0024.wav,2.808506965637207,0.9836292479103496,4.286309191428935,3.4041490031261885,3.5478701173068896,9.347699766588184,7.397512912750244
5142-33396-0015.wav,3.371389150619507,0.9836022086118305,4.5663031123123945,4.1705955507462,3.999211965449771,16.018388362290914,18.051006317138672
4970-29095-0005.wav,1.2975592613220217,0.7055149223901521,2.148004018150852,1.243659305040968,1.5247040845198332,-4.835932440192807,6.450672149658203
7176-88083-0012.wav,2.005300045013428,0.9510702955363758,3.450307119518758,2.469870633085522,2.7068773538749142,1.4681888738521844,4.160615921020508
8455-210777-0056.wav,1.8947641849517824,0.9179397711102306,3.422148413873904,2.560133553510112,2.644778930614636,3.399058448541582,10.331663131713867
4507-16021-0009.wav,3.627556800842285,0.985778581207948,4.927511022802271,4.185474751965087,4.302196486371713,14.579598106899905,22.833520889282227
6930-81414-0024.wav,1.9643489122390747,0.8752270803519979,3.303244242610781,2.34671229412647,2.60971168296072,-0.0300449597447304,9.732255935668944
4077-13754-0008.wav,1.6157203912734983,0.8719986780247798,3.060572828159402,2.301781186881658,2.311716795779952,1.9549401049837667,5.205280780792236
672-122797-0061.wav,2.088693141937256,0.8438201424115913,3.639108942321151,2.820943339394936,2.816423631716677,7.575896376336515,10.457937240600586
6829-68769-0027.wav,2.524068593978882,0.9776465142487936,3.975008652102508,3.073292229524284,3.230401874723119,7.088729992380617,15.012917518615724
5105-28233-0008.wav,1.392284631729126,0.7523645284735563,2.800584674182315,1.9426550583099624,2.066255216132019,-1.906042614315137,7.962427139282227
1221-135767-0006.wav,1.4708079099655151,0.8801859660073316,3.170442905215811,2.318061450521616,2.313961708228331,2.3985136462242163,3.8459339141845694
6829-68769-0009.wav,2.6890273094177246,0.958144123955948,4.131713952422788,3.2042636297507032,3.393403003199285,7.839791212048249,13.735475540161133
4077-13751-0008.wav,2.7278432846069336,0.944274292039368,4.401140583867672,3.514597978891773,3.5771862401378494,11.14399779999967,10.400016784667969
8230-279154-0016.wav,1.375563621520996,0.7299044414252679,2.3882509677654835,1.65705420350922,1.7451075169631738,-1.5744473509762722,-3.6230549812316895
3570-5694-0010.wav,1.722471833229065,0.9086938056226264,2.952766325694689,2.3788442151376343,2.3030230351461287,2.7628963409789677,5.61870002746582
3570-5695-0010.wav,2.333054304122925,0.925532902434838,3.6021724703853883,3.239753965282128,2.957578356788412,10.77737393535412,15.18801212310791
5683-32865-0008.wav,3.2052865028381348,0.961358058746291,4.324945834613885,3.657426918558997,3.7730381628007,10.111480615655369,16.714902877807617
1221-135767-0019.wav,1.534603714942932,0.7481867865565176,2.9334393331703468,1.9367057142607784,2.162215779188584,-1.2293656355874396,6.812787055969238
908-157963-0013.wav,2.3259835243225098,0.9415761559835316,3.934757298321857,2.668625264469281,3.1055274842302185,2.3807617689454053,6.751474380493164
5105-28240-0021.wav,2.6552746295928955,0.9227031660283196,4.006138935275709,2.9790187391395664,3.308815233782566,4.743569164896559,5.764293670654297
8455-210777-0011.wav,2.669471740722656,0.978417690863295,3.910730199443888,3.3108075184886365,3.285589478975601,9.149909033794993,15.79020881652832
3575-170457-0034.wav,2.1299984455108643,0.9508970568003312,3.682280442553431,2.42762990372173,2.8836888927510254,-0.0788159409009784,5.745939254760742
260-123440-0018.wav,2.27573561668396,0.9544707957985348,3.398301738057467,2.5597262837693955,2.771030612404884,2.892701926678046,13.091299057006836
8224-274384-0006.wav,2.2088875770568848,0.9312623922515614,3.583305569865272,2.812262334610149,2.866117909100674,5.787438830411618,12.528488159179688
5142-33396-0021.wav,3.2623865604400635,0.986092076482706,4.415245695782444,3.837279259538567,3.855134377329214,12.165937834266032,19.525957107543945
1320-122617-0009.wav,1.5824322700500488,0.8080196168456083,2.788985162825977,1.8545984359220085,2.0887659608768105,-1.7621061115300032,-0.4532073736190796
1995-1836-0001.wav,2.704787254333496,0.9400408120081728,4.115492472169113,3.1024657166238887,3.415020235691206,5.146956859163507,8.417319297790527
1580-141083-0007.wav,2.6138370037078857,0.9578383002223472,4.217475796031327,3.319834120527828,3.426247441567806,9.00489670600569,15.022912979125977
8455-210777-0047.wav,1.6987712383270264,0.9718497258843636,2.5804134444664437,2.208224570954126,2.0243428498907647,3.82266224869781,11.251407623291016
7127-75947-0020.wav,1.6151328086853027,0.9672474604856718,3.09739051045746,2.045456204596946,2.3159160918682926,-1.500206449661473,4.387741565704346
237-134500-0026.wav,1.6986563205718994,0.9350691686918094,3.3841110541404134,2.462328295337342,2.523150247011261,3.496432169001762,11.917470932006836
4992-41797-0012.wav,1.3782294988632202,0.89535743842717,2.3021951166103003,2.465260455116512,1.783224988592638,7.727327248155487,12.290362358093262
260-123288-0016.wav,2.806551933288574,0.9826567231754638,4.134163965382092,3.2543621799278046,3.448515804480649,7.983525033651216,17.40994644165039
5142-36377-0002.wav,2.40051794052124,0.9328792365168932,3.763257467987722,2.5981755804751843,3.0719639128431937,0.0743368485410558,10.254382133483888
4507-16021-0038.wav,2.237182855606079,0.749992064031127,3.261201236578859,2.573687991882405,2.6961315546184235,2.8434928092789526,13.870269775390623
7176-92135-0035.wav,3.065135955810547,0.9884512076759956,4.338157809356865,3.342999518353865,3.711228173582757,6.078754109790268,13.474517822265623
260-123288-0003.wav,2.763016700744629,0.9867824876303148,4.289356048140404,3.4500441088511664,3.5413454246616745,9.76352762269206,15.398188591003418
7021-79740-0000.wav,3.002207040786743,0.978080817963944,4.135612742060616,2.6898564102938947,3.526355087506873,-1.506152189639888,12.918438911437988
6829-68771-0020.wav,1.9938669204711916,0.940211531268498,3.177914489565885,2.53151353286308,2.5549605597588427,3.000814425623235,11.531110763549805
8230-279154-0043.wav,2.9890780448913574,0.9755770727729935,4.403057347392858,3.0867098799279624,3.681911310308339,3.610014267058683,8.384920120239258
237-126133-0016.wav,3.944037914276123,0.9904706684104622,4.94292268522636,4.029388133353116,4.447305402904978,10.686456859800726,19.739185333251957
3729-6852-0042.wav,1.3132845163345337,0.7134730484278754,2.032822560962013,1.401788228123279,1.4557264480047132,-1.58137542698234,2.1090965270996094
1221-135766-0008.wav,1.887420654296875,0.8708437421195707,3.4552996701914287,2.5736921209028507,2.6664131422473574,3.280185127777424,5.041643142700195
672-122797-0019.wav,2.50484037399292,0.8550788957153717,3.6755537475727738,3.189434837466455,3.071913737918074,9.06840104736483,12.199642181396484
672-122797-0058.wav,1.922168493270874,0.8007206416508774,3.4074960986586964,2.616170333716383,2.584977637863972,7.003880647486704,11.365934371948242
4446-2271-0009.wav,1.1408618688583374,0.6863670389100706,1.4711571613972627,1.6992341059987863,1.2653425785111536,-3.31287046849854,4.426939487457275
1089-134691-0019.wav,2.9096837043762207,0.9542887712420248,4.12941331138401,2.985105011444738,3.5092242673608047,2.442710528701544,9.363659858703612
4507-16021-0028.wav,2.8305583000183105,0.9614729248054924,4.102402042521735,3.0338542339853865,3.430098820756784,4.950490899792974,12.273300170898438
8455-210777-0007.wav,2.314093351364136,0.9747923216899248,3.267797805037562,2.700694551362329,2.7500061743958257,3.758001109361224,14.091814041137695
4970-29095-0038.wav,1.5726611614227295,0.8337701756843198,2.725220513932317,1.877817765665322,2.079484002301497,-2.525725430487168,6.305428504943848
1995-1837-0011.wav,1.642143964767456,0.8371454488059887,2.8330754815694936,2.0835069993078905,2.1624714421083278,0.4659698444966237,6.542999744415283
5105-28241-0018.wav,2.1040239334106445,0.8596568775180424,3.683613789687701,2.9445603826142097,2.890381711554733,7.479968337541412,7.542109489440918
4507-16021-0035.wav,2.9517500400543213,0.9338220248695772,4.238541950239819,3.44193063278276,3.5934283444376582,8.99306306695199,14.054452896118164
672-122797-0038.wav,1.7853174209594729,0.8226986824996575,3.211114644957677,2.1989110016623057,2.4581115667048348,-0.3412255665898834,4.496899604797363
1580-141083-0019.wav,3.23933219909668,0.9490364989605914,4.487963419032909,3.3249753749058444,3.855790957664816,5.261356228622931,13.577471733093262
7729-102255-0008.wav,2.283914804458618,0.964793703090973,3.6794167542797473,2.8602071529736968,2.975823963115819,4.921890410699241,8.056991577148438
1188-133604-0032.wav,3.276942014694214,0.9565333817986852,4.625872685815618,3.6816225364514574,3.961942476291652,9.820196532231169,15.462889671325684
3575-170457-0043.wav,2.015610218048096,0.8443651566804224,3.5660253573995666,2.2291046439351017,2.7311882486633854,-0.7366188043642593,0.4473173320293426
8230-279154-0028.wav,1.891223430633545,0.8251347763292066,2.980535294897173,2.290287164910741,2.373634116047993,1.3290008584606954,4.862646102905273
5105-28240-0012.wav,1.8956756591796875,0.8114341296127195,3.4061241733833096,2.43591371345459,2.6150129050300817,2.400850595593345,5.602639198303223
6829-68769-0051.wav,2.6541616916656494,0.9843413594517144,4.250505766914758,3.4784271975764067,3.45909317342668,11.390393805515998,15.897785186767578
61-70968-0036.wav,1.744140386581421,0.9390470433929706,3.410231538715889,2.26063738842046,2.5554146688735213,0.1129162663957219,6.538844585418701
8555-284449-0000.wav,2.505819320678711,0.9119274883380016,3.759562259353581,2.9851977765307214,3.118705894610024,5.620952166689211,12.39275360107422
6829-68771-0005.wav,3.03686785697937,0.9833606037438288,4.51824355275784,3.5040848065136965,3.783976710736265,8.963920556371566,14.647867202758787
5639-40744-0039.wav,2.4299426078796387,0.9437925524136718,3.7761041375101736,3.084900667379114,3.0830930184471974,8.022819698041012,12.097475051879885
5142-33396-0009.wav,2.814602851867676,0.9823748763959792,4.212756767453914,2.8893243890000413,3.5202266211501483,0.870746436511071,19.84017562866211
8555-284449-0008.wav,1.7804603576660156,0.851587055144965,3.095270576798011,2.5518672571334875,2.416153927003012,4.499068984650838,11.313189506530762
1580-141083-0052.wav,3.03053879737854,0.9167138732471976,4.448754697721382,3.61317707430039,3.742608366454412,10.902035593387527,15.77204704284668
1580-141084-0006.wav,3.545236587524414,0.8952997621334162,4.88593993684175,3.99897981103299,4.227750697080865,12.781136022972268,19.307296752929688
5142-36377-0024.wav,2.019851922988892,0.9393904516835696,3.4728552603376657,2.3548084688485886,2.727841292055379,-0.5741900222706465,12.277521133422852
4446-2275-0038.wav,1.648491144180298,0.8433270159206839,2.99828795923917,2.25034271010073,2.230672184896336,3.824219807433416,7.307489395141602
7176-92135-0009.wav,2.852609395980835,0.9650671721700452,4.256020074193501,3.2452172583233554,3.549417344007996,6.73937664589334,10.20811653137207
1320-122617-0025.wav,1.8846685886383057,0.9353557341262618,3.2785016290456293,2.4856493294650064,2.5418319693848628,3.455410182374848,3.755267858505249
6930-75918-0003.wav,1.2000916004180908,0.739976477816569,2.4196194172033643,1.760106289517032,1.7169098021815894,-0.5812541812614447,3.307297706604004
61-70970-0032.wav,1.979017734527588,0.9561126506684094,3.684838835094409,2.684142195524214,2.8250288093264704,4.419876213969425,10.444738388061523
6930-76324-0023.wav,2.409701108932495,0.9679803785557828,3.901266077074939,3.1101713622989275,3.165967895784321,7.219652470355156,11.876177787780762
8230-279154-0007.wav,2.9728660583496094,0.9787769105515124,4.436895041050436,3.2264270796005463,3.702248226980658,5.435844574731245,6.548562526702881
4446-2271-0013.wav,1.190032124519348,0.6993605439017173,2.0186568777430725,1.5860454951337633,1.5429484711713313,-4.617129769662282,4.696565628051758
3575-170457-0024.wav,2.7358503341674805,0.916287242687515,4.180381344534769,3.0522121790417693,3.4398548829991906,5.133031789969506,11.870841026306152
7176-88083-0022.wav,2.88724136352539,0.9779061166713288,4.377243108029944,2.964263525809572,3.620272516105686,2.3232305045467263,5.087967395782471
61-70970-0006.wav,2.16659951210022,0.9833152910496592,3.950719600212464,2.9430774001688618,3.042296866807903,7.536233350816829,14.400435447692873
1221-135767-0002.wav,2.228825092315674,0.93771121784918,3.852437985373595,2.545817487669264,3.0303293326074017,0.5155093513269825,9.094504356384276
1995-1836-0006.wav,2.260406970977783,0.9394844409801064,3.709436611328588,2.8753553594532644,2.981351391223734,5.232266760909803,8.068496704101562
8555-284447-0014.wav,3.322204113006592,0.9556130743081728,4.549439111553557,3.5848882201415364,3.925272320947304,8.888357183619291,15.259603500366213
8555-284447-0016.wav,2.2101826667785645,0.9249887831783252,3.299665696289625,2.6766009739561945,2.6733359533723946,5.928773075163993,11.654948234558104
5683-32879-0005.wav,1.6863305568695068,0.814633172984287,2.7551773425160766,1.8821639542214872,2.127139846803095,-2.233176166106778,9.850645065307615
1995-1837-0028.wav,3.386039972305298,0.9781726535798656,4.486896549745939,3.23265114302312,3.9043680714498095,3.783122595475617,12.85051441192627
8455-210777-0010.wav,2.5768423080444336,0.9528820241884696,3.655857596720484,3.0331530793095407,3.099915738384039,5.977826836942035,13.683612823486328
1089-134686-0027.wav,2.40095329284668,0.9846245663656832,4.026700402677943,3.151878174802845,3.2284021701415626,7.752450549597204,8.332322120666504
8224-274384-0009.wav,1.7996327877044678,0.8857839469148835,2.8680815940456834,2.104747584367035,2.287065246408529,-1.6100028093135803,7.627501487731934
4992-41806-0017.wav,1.2772516012191772,0.8258322209128633,2.031559175875214,1.961381408763172,1.564622548294878,1.947218147513116,7.126646518707275
6930-81414-0008.wav,2.157167911529541,0.8665841705798094,3.5567008698184046,2.7906346952542105,2.8378878110367007,5.346431959933946,11.14139461517334
6829-68771-0026.wav,2.942581415176392,0.9885307194335056,4.363936270365267,3.4454520886948226,3.6471539584988255,9.296393508853471,17.23504638671875
4507-16021-0056.wav,1.1825984716415403,0.5979316218931179,1.6065105198251863,1.257379302945408,1.1930238101836628,-3.560955537246107,-0.0780954658985138
237-134493-0008.wav,2.616645097732544,0.8981149323491391,3.5227517692062364,2.7635969997994487,3.0252053116802733,2.6563681543704605,10.488070487976074
5105-28241-0002.wav,1.937390208244324,0.867164207167182,3.5673007446387266,2.845772382617283,2.752077470765858,7.01257431906047,12.116890907287598
1580-141084-0011.wav,2.3721249103546143,0.95895777882788,3.8748045379212206,3.079352325848941,3.097773508370635,8.604036311907294,19.14556884765625
2094-142345-0019.wav,1.9255903959274288,0.7740313571505655,3.069399502192656,1.9076441630708243,2.363431046340492,-1.8431800502397224,5.028908729553223
4970-29095-0037.wav,2.4810562133789062,0.9063579778888822,3.782604336925359,2.6117534733972256,3.0829243769306367,1.4118539815933118,10.388282775878906
5683-32865-0015.wav,3.0760202407836914,0.9766283328566372,4.376787421533891,3.33460630531639,3.726516846486808,6.278355677965158,11.846216201782228
6930-75918-0015.wav,2.093292236328125,0.9339999269477086,3.945587640996989,3.092480377035962,3.0345070474538454,9.063658424022124,8.593235969543457
1995-1836-0012.wav,1.2950804233551023,0.7133461649382699,2.2022585074852734,1.5035770047055048,1.6398387219409187,-4.62992995163154,2.8997788429260254
1320-122617-0022.wav,1.79195237159729,0.8276077050772408,2.9794900869538945,2.1018067032243306,2.29862479237323,0.1637636771911796,0.5821632742881775
908-157963-0007.wav,1.7479534149169922,0.8809574571830556,3.353161226157887,2.506956278179373,2.5189753972613222,4.432999824791746,7.572823524475098
7021-85628-0023.wav,2.830315113067627,0.9761475310298016,4.3026346465543925,3.3414213664250023,3.5639795708376782,8.319879133140704,13.230531692504885
3575-170457-0053.wav,1.7058745622634888,0.8660833796687447,3.097786626510365,2.0410441266102826,2.337241015887485,-1.1707477584230777,8.048978805541992
8224-274381-0017.wav,1.4576560258865356,0.7917738673336583,2.880994635666457,2.249639086469491,2.1211460748762256,3.2694757616764987,4.676783084869385
1580-141084-0025.wav,3.38034725189209,0.9694675677631308,4.513630832070004,3.445385466228287,3.928624925759946,6.593744370992533,18.253448486328125
121-127105-0036.wav,3.143441915512085,0.9484761432302108,3.617468466673411,3.3085308371538025,3.3872805797956884,5.153198618981374,12.427559852600098
3575-170457-0001.wav,1.8009650707244873,0.8344328794969295,2.9112067054015047,2.258675260610427,2.3241226821259704,0.1655196914144197,9.621776580810549
1221-135766-0001.wav,1.4328367710113523,0.8099477498928225,3.011470558879,2.1039730968039314,2.16782703984343,1.3970799421670892,3.067359447479248
260-123440-0000.wav,1.5188326835632324,0.9612314214597292,3.0688054596445187,2.095025866161992,2.2046312741118643,2.151209571062481,8.457440376281738
260-123286-0006.wav,3.015724897384644,0.989853624690694,4.483239078875371,3.5801079565333938,3.757980842829199,10.238629002451871,16.452117919921875
2830-3980-0015.wav,1.091365933418274,0.7825801085335142,1.9926698896174808,1.6591894742022395,1.42459209180873,-0.2576845321774401,-3.349229335784912
1284-1181-0004.wav,1.8435735702514648,0.8623570260548589,3.034448543046128,2.38539232822039,2.4003243532272998,2.145977895775961,4.445895195007324
8463-294825-0006.wav,3.1800317764282227,0.9807991985083958,4.723798094135257,3.5908871264175217,3.962312647210471,9.089611695290284,16.862300872802734
1221-135767-0014.wav,2.229623556137085,0.9317598284628004,3.986464237390398,3.218482952058094,3.122486449144485,10.08227729521395,9.298295021057127
4970-29095-0024.wav,1.7193808555603027,0.87189440510843,2.798657001970517,2.0747953839412965,2.2132085823663976,-1.5299112493677582,10.129018783569336
6930-75918-0016.wav,2.344213485717773,0.8806431014365615,3.7810488881089546,2.831841157318189,3.04994545352159,4.317980502127308,9.341072082519531
237-134493-0002.wav,3.08976149559021,0.964249171113233,4.050725779336585,3.4901698506916583,3.5835976086387893,8.097883540703162,15.871968269348145
672-122797-0033.wav,3.719725608825684,0.9005849425676138,4.929501447586069,3.9373946811157103,4.314443768819163,11.497136761965796,21.043888092041016
3575-170457-0022.wav,1.6986387968063354,0.9181533750787548,3.281095835273422,2.123102855576091,2.446664107454381,-0.7767971747398831,9.738017082214355
8463-294825-0009.wav,2.0577194690704346,0.9194497719629122,3.71871250782569,2.6690300739031017,2.8771500656143814,3.780027707773273,9.466756820678713
7127-75947-0011.wav,1.9692093133926392,0.9015332491179804,3.6555740651005713,2.6995052352581435,2.8003295803674195,4.966601326494165,7.746763229370117
8455-210777-0062.wav,2.5846760272979736,0.975102697816608,3.8108419835800458,3.132226372299925,3.181203476644313,7.481450610499032,14.894108772277832
5142-33396-0038.wav,2.131028890609741,0.9517713523004832,3.3762685877557974,2.3574300308211167,2.7258458224386724,-0.9321156129525544,12.383936882019045
2830-3979-0004.wav,1.685192584991455,0.7822658671828473,2.950238345982818,2.4206735237771184,2.265687797003661,4.469839601805672,9.90428352355957
5683-32879-0011.wav,3.00444769859314,0.947843701677191,4.445025268948275,3.435404263720039,3.711297110813456,8.995510406403397,14.657134056091309
5105-28240-0023.wav,2.223834991455078,0.943491615514541,3.829623914021219,2.990118915684905,3.032169048018139,6.913555445171122,8.6272611618042
6829-68769-0047.wav,2.354470014572144,0.9370396255719972,3.7650650256447817,2.5007129202569014,3.0433754542137126,-0.8485903837448524,9.860422134399414
1995-1826-0025.wav,2.402570962905884,0.9353658087392026,3.3982841552188203,2.334556234375131,2.7671130432677047,1.350325779149758,12.718955993652344
260-123286-0015.wav,2.869356393814087,0.976933758810721,4.206931309713181,3.1204507688541714,3.52055147501702,5.200139249616146,12.49477481842041
1089-134686-0034.wav,3.192780017852783,0.9809200994009818,4.354128698376275,3.4927033046300298,3.785519875209663,7.403291026643394,13.35536766052246
7127-75946-0004.wav,1.5009329319000244,0.7014988345859577,2.467221394872242,1.5489829958504595,1.814857856229515,-2.7937314392376638,-1.2605351209640503
3570-5694-0020.wav,1.9713497161865237,0.9608351688236288,3.2280331177563166,2.35988374524468,2.5405662474397066,1.6793333573795408,8.623920440673828
6829-68769-0015.wav,2.8543288707733154,0.9711161828135966,4.375459344251258,3.459525910371078,3.6228672828410975,9.548580639230924,17.610877990722656
8555-284449-0009.wav,3.030496835708618,0.9413648322574624,4.15881088520324,3.190907824696815,3.587541862923351,4.674529230072841,17.165714263916016
1188-133604-0038.wav,1.774099349975586,0.8877358033590038,3.211104980427927,2.250804263617123,2.4820146769295124,-0.7353522017073026,8.640058517456055
2830-3980-0063.wav,2.054133415222168,0.8611745683771804,3.4994475037590926,2.40430301701274,2.7015769817497053,2.4541885907148644,8.134395599365234
2961-961-0009.wav,1.3770418167114258,0.8356177019263984,2.161973578085082,1.938855033425984,1.6867145183842145,0.5324295757170606,8.309221267700195
1188-133604-0042.wav,2.28793740272522,0.911696537048488,3.56614982919309,3.1108435775754386,2.925172204406991,8.707797723503019,15.652914047241213
1188-133604-0006.wav,1.282753586769104,0.7045284748208311,2.15039971456235,1.3208298307717627,1.5825730703813146,-6.325204486063764,-1.4110701084136963
8463-294828-0014.wav,2.400458812713623,0.9616522307367524,3.995880968254473,3.001236344344081,3.209155202074015,5.526425604103619,13.509894371032717
1580-141083-0036.wav,3.05275297164917,0.9253668825199152,4.556426423468658,3.4554236178796227,3.816630702972966,7.822771232536611,15.718402862548828
8455-210777-0036.wav,2.857608795166016,0.9858338986002336,4.216225996124983,3.4713684623806187,3.532325347927909,10.283046532617488,15.65598487854004
237-134500-0002.wav,1.6485974788665771,0.8944748357879501,2.921697258697272,2.0935376533708463,2.2268313715375108,-0.1730273144480043,4.418684482574463
5142-33396-0052.wav,1.4918628931045532,0.884120417791649,2.827790720122836,2.3333101510366765,2.104302177225731,4.674858557236498,6.661101341247559
4970-29093-0008.wav,2.713214874267578,0.9317584920851676,3.837000572136788,2.759146628688728,3.244797591441629,1.2156204658795275,15.31125259399414
61-70968-0045.wav,2.942781448364258,0.9655462939054394,4.400387471559617,3.462150788542079,3.673292285464046,9.211855552466965,14.820866584777832
8555-284449-0011.wav,2.0870795249938965,0.8799848824734606,3.398188427795209,2.3279082159422746,2.6977890548140944,-0.3283640426796974,7.658570289611816
1284-1180-0025.wav,1.8560885190963743,0.8793253764335072,2.9575078513564725,2.11579859518194,2.3213835681419264,-0.1584794464682405,8.004232406616211
4446-2275-0014.wav,2.682142734527588,0.8979064659909239,4.185003387114201,3.1584582987602907,3.4372969503607984,6.246098118678034,11.667813301086426
2830-3980-0017.wav,2.396168708801269,0.989571041471584,4.014888313298037,2.941912150092586,3.190439557230164,5.763157303838324,8.797162055969238
8555-284449-0002.wav,2.2207820415496826,0.8871914688678884,3.353001666526552,2.359534192616996,2.743761985813391,-0.8822845062672728,9.270831108093262
237-134500-0038.wav,1.8182471990585327,0.8836816174774276,3.340935909944414,2.446777421333758,2.538298964379256,3.388968547470077,14.816749572753906
7021-79740-0013.wav,1.9190998077392576,0.9284653022607204,3.231032798530725,2.633324754711458,2.54909845981396,4.943470127838414,9.789603233337402
61-70970-0007.wav,2.8193764686584477,0.9776778633294232,4.474179337026075,3.46486976054998,3.658082016590991,9.733626657229436,15.215295791625977
4970-29095-0030.wav,1.2206547260284424,0.8477437818827263,2.299542125272372,1.506712840973309,1.6591537420736873,-4.389611663512862,6.7965407371521
2830-3980-0005.wav,1.2245471477508545,0.811972644580126,2.4591158415251355,1.9414780679247436,1.7567991330571733,1.7645784726920175,3.5201594829559326
1284-1180-0011.wav,2.241887331008911,0.9504148466518498,3.3285968900435523,2.9105398417231387,2.7461045437625646,7.53503678904231,12.81363010406494
6930-75918-0019.wav,2.586827039718628,0.9189246671092716,4.063940051702156,3.259639565328645,3.3174729003082275,9.080054237629833,10.806827545166016
6829-68771-0018.wav,1.678816795349121,0.9224225646348476,3.1258201632131435,1.9140581947255464,2.3389942479403363,-3.045771876701943,10.627289772033691
2830-3980-0028.wav,1.7496278285980225,0.8519482582540523,3.098020630972414,2.3523024897808518,2.388514727013855,2.157384674828265,9.545846939086914
260-123286-0019.wav,2.02608585357666,0.9494552905283976,3.4167793284074475,2.4397469367614444,2.679663382459935,1.758785371453693,7.542294979095459
61-70970-0019.wav,2.775600910186768,0.9858976320005596,4.391665676273769,3.3855440363639886,3.59879274683396,8.636020253042254,13.804272651672363
1580-141083-0022.wav,1.7321070432662964,0.7520789524000531,3.0853688151141405,2.049342206453184,2.3463155590621363,-1.326483468425371,10.276516914367676
2830-3979-0005.wav,2.8934166431427,0.9598429698309238,4.330068715845126,2.93671115328822,3.5895534654988466,2.295699726275661,2.9706196784973145
672-122797-0010.wav,2.1319100856781006,0.8933163217468937,3.39317462132849,2.6862208428144445,2.735701525486129,4.236094604740601,3.9923503398895264
4446-2273-0019.wav,3.528972864151001,0.9875960506247354,4.859579106008091,3.9925481627591166,4.216463041745572,12.360032449206226,17.92974281311035
1221-135767-0023.wav,1.619753360748291,0.8361161970841601,3.207110092720166,2.171679110113097,2.372723806104353,0.4735051512525795,5.213012218475342
6930-76324-0006.wav,1.941101312637329,0.9105078360699714,3.369220634783077,2.4965911398619385,2.635300461121897,2.327100627225589,5.096415996551514
260-123288-0010.wav,3.0173442363739014,0.9783898429354224,4.440807030067089,3.481101783074548,3.747237671444327,8.233961283364899,13.026716232299805
4970-29095-0017.wav,3.1283118724823,0.9567706492472392,4.292662094661957,3.43958763289893,3.6932472882169054,8.332962254088331,19.634471893310547
8555-284449-0020.wav,1.6127533912658691,0.8974403139335189,3.0069473592888607,2.0563966968574023,2.242759590649519,-0.1209637783067345,3.238646507263184
5142-33396-0062.wav,2.493809700012207,0.956148195068389,3.655485660158567,2.916885265554696,3.0687554397511425,4.279705774221643,13.597139358520508
6829-68769-0004.wav,2.770045280456543,0.9732545278453012,4.340827935672778,3.4086278482977943,3.5662548816129247,9.240077169919129,14.515213012695312
6829-68769-0040.wav,3.51122784614563,0.9879533819397336,4.919508092746483,4.039911743992651,4.238768574638979,13.18270748788852,18.820762634277344
2094-142345-0000.wav,1.338734745979309,0.7750001275261809,2.674420998357327,1.753953525911058,1.9106916627411303,-1.598234680660364,1.6068115234375
7729-102255-0021.wav,2.20361876487732,0.9419863765915242,3.705326640744184,2.6013046902587207,2.9324604705634663,2.113672995274118,9.094783782958984
672-122797-0005.wav,2.289520263671875,0.8465463858006754,3.241661966163282,2.6281718448000184,2.692490892151284,4.207689025673767,7.61362361907959
4446-2273-0030.wav,3.9019153118133545,0.9884653642420758,5.0,4.287016603785308,4.553486537781653,13.994117222255708,18.080602645874023
1089-134686-0015.wav,1.7880918979644775,0.8982268561392897,3.427267689975823,2.059054853115338,2.592631791698436,-3.708711019263695,6.695163249969482
8555-284449-0018.wav,1.2429704666137695,0.6370458738032471,1.5252156617324522,1.4734805885099247,1.1568647061942705,0.5652877752065828,3.6156396865844727
5683-32866-0012.wav,2.664679288864136,0.9297250367985624,3.8744909782873385,3.0828958855927384,3.2280700572567183,7.201800865074539,14.595499992370604
1284-1180-0016.wav,1.960136890411377,0.9507502337863852,3.6783940632352263,2.714662598671247,2.810689842226424,5.117991368157263,11.496675491333008
3575-170457-0052.wav,1.4602845907211304,0.8724741872245684,2.935239405288156,1.9964818516350689,2.1584322867638264,-1.1639711648797884,8.303362846374512
237-134500-0005.wav,1.8990635871887207,0.8590555115838124,3.0805910655708706,2.2390742496413,2.424719161138483,0.5737541382312107,8.94448471069336
4970-29095-0022.wav,2.87990403175354,0.9110853488000786,3.840825570512052,3.251917788539473,3.327169049732443,7.935856249643119,16.194318771362305
237-126133-0025.wav,2.943288803100586,0.9496607150686744,4.252873812737378,3.3496401894639547,3.6061467796986153,7.157912835542413,13.161613464355469
7021-85628-0011.wav,1.261701583862305,0.8009818695032286,2.836316053903341,1.7390634595488592,1.9951540051122143,-3.136157187015939,3.613743782043457
61-70968-0044.wav,1.671431303024292,0.925108950975302,3.3023411270944374,2.433304230922584,2.4705669140382773,3.160759273820474,9.41438102722168
237-126133-0006.wav,2.115105152130127,0.9140065034684836,3.1538522537838505,2.559775316110139,2.6004041483920224,2.697179993258981,14.234638214111328
1580-141084-0010.wav,2.9446187019348145,0.9784564434370938,4.410390243283132,3.445207327251075,3.6873542816195535,8.569574733010423,20.593244552612305
2300-131720-0032.wav,1.3410682678222656,0.8478492999143599,2.30114280137304,1.893539567239894,1.7731296094537718,-1.4707043389449508,1.8648290634155276
3575-170457-0028.wav,2.129432201385498,0.8627093991062612,3.577457323489666,2.5356003369928954,2.7648149281274845,4.566192340390196,14.792198181152344
908-31957-0006.wav,2.079708814620972,0.8985891364957003,3.465602506430803,2.540117809391055,2.729497075770664,3.012838933800724,7.801535129547119
61-70970-0026.wav,3.4434823989868164,0.9891866506274342,4.958301862177068,3.968711938731164,4.236198128953814,12.023044014156753,17.272645950317383
672-122797-0045.wav,1.2050082683563232,0.7689350625896261,2.5527132428117323,1.8051032483421647,1.8293450780820093,-1.8309797394555445,1.847301125526428
1995-1826-0026.wav,1.7248423099517822,0.8779109182189523,3.009541644507145,2.0724456782355944,2.2859567608518128,-0.0692375101432634,3.614902257919312
5639-40744-0028.wav,2.4006028175354004,0.9641615118277274,3.482824704607044,2.806923144415316,2.89093700672406,5.217127605922046,12.551319122314451
3575-170457-0038.wav,2.4711546897888184,0.8573379069568935,3.9233656123697127,3.2146329658964383,3.1794969117414884,9.667144861270254,16.4913387298584
260-123288-0002.wav,1.5855367183685305,0.8510412677041631,2.980818847825323,2.0328380922826823,2.2431657131102045,-1.4846291183993514,7.662897109985352
237-134500-0008.wav,1.2288000583648682,0.8939244407259747,3.0271525817092777,2.187979361869292,2.084550494401721,3.7520090039653455,5.834333896636963
672-122797-0073.wav,1.732651948928833,0.8920523274103559,3.2603673525995647,2.396757589299602,2.474363975320729,2.3907443707986378,2.6967952251434326
3575-170457-0056.wav,3.655925035476685,0.9791812092273656,4.917055679551138,4.141898052819419,4.303218649261942,14.029568223392394,17.90583038330078
4992-23283-0012.wav,1.489310383796692,0.8292314305333363,2.7289720890278755,1.938647540750209,2.036361759920757,-0.8000083191256441,3.69809627532959
8555-284447-0007.wav,2.223449468612671,0.8561567854875497,3.696132400450644,2.6929145312668994,2.940366760560289,3.308630667826636,6.393932342529297
3575-170457-0051.wav,3.5028610229492188,0.9861250927111468,4.898788768906957,4.047590074856902,4.226813582075274,13.254426471950952,17.159015655517578
61-70968-0003.wav,2.4504079818725586,0.9796588085065182,4.028816353030605,3.1649917208187586,3.2420615753916358,8.130223077442011,10.73012351989746
260-123286-0008.wav,1.5503263473510742,0.862175216972785,2.7287623825492435,1.904349152643017,2.0767432945887947,-2.233643234122436,5.047811508178711
2094-142345-0003.wav,1.636003494262695,0.9163471194627012,3.1570843675345728,2.1889293655873985,2.3616254209469387,0.3778576205549879,5.13744592666626
61-70968-0029.wav,2.6414237022399902,0.9796205990916952,4.3819625997715415,3.278066377365201,3.5296669285038025,7.795758912536576,12.500167846679688
3575-170457-0014.wav,3.4337470531463623,0.9791077189655796,4.7504880691518085,3.951722846304352,4.10170679320961,12.980413616454529,16.859495162963867
1580-141084-0021.wav,1.853320598602295,0.8734294358601291,3.191105854209686,2.0945995972609173,2.472054237863333,-2.05291190157072,8.619165420532227
1995-1836-0007.wav,2.063302993774414,0.9515527769967496,3.2148927871285786,1.9442331146508187,2.462584182825964,-0.422419284769396,4.851364612579346
1580-141083-0053.wav,3.14986252784729,0.940246637129308,4.44851047750809,3.380473947119961,3.796576897202675,6.574581784706753,13.86041259765625
7176-92135-0039.wav,2.5702521800994877,0.9782126147788744,4.00229778028985,3.059942826471851,3.271837738006969,6.326551677628362,11.793766975402832
237-126133-0018.wav,2.2541937828063965,0.911861183087516,3.296967653461527,2.4362678100109294,2.756121351437509,-0.9473892193108918,9.986654281616213
6930-75918-0001.wav,1.2081741094589231,0.814760179961659,2.7553800876073837,2.0941401998434426,1.9577454684975224,1.5890826789607275,1.8199615478515625
4992-41806-0001.wav,2.903428316116333,0.9693111463280998,3.963998858838989,3.2029328991309955,3.377136735253741,8.001943597636203,15.127519607543944
8455-210777-0020.wav,1.5079269409179688,0.9781495656152226,2.6383583369851302,2.4957885192818345,2.0662166964509283,5.014575250788055,14.89372730255127
7127-75946-0025.wav,1.457500457763672,0.7131119009915494,2.877524726388495,2.019448088566291,2.1283133607566893,-0.7784835528171438,4.159990310668945
4970-29093-0017.wav,1.2884242534637451,0.8470768150239695,1.989779254465209,1.5544443475981933,1.4668488609310075,-0.9563989239262838,3.864091873168945
6930-81414-0018.wav,2.5966100692749023,0.8842490759929517,3.943201614498956,3.039490799494323,3.225592426867263,7.130339754099096,12.706254959106444
2094-142345-0024.wav,1.623104691505432,0.8864706918730856,2.879526914174176,2.3575719383303126,2.1571421593990143,5.79020714662005,5.320040702819824
4446-2273-0028.wav,1.985567569732666,0.961232608952586,3.6142652210437274,2.3458460318522127,2.790385937707481,-0.8746938141929023,12.403921127319336
2300-131720-0013.wav,1.3868975639343262,0.8708412370709222,2.563293272901378,1.805981772520554,1.8762359484582167,-0.9843848681314634,1.120408296585083
7176-92135-0044.wav,2.6501028537750244,0.9748429555062268,4.246120170172575,3.249663004902444,3.456934613201536,7.698670484196824,10.843267440795898
8224-274384-0011.wav,2.449986457824707,0.959685401969256,3.986840128146576,3.103762557941957,3.2121217440166943,7.551049493109374,10.760967254638672
5142-36377-0001.wav,1.305131196975708,0.8490275420361546,2.3950006425119006,1.8710867165796443,1.7933755054315434,-1.188389200671391,6.286323070526123
1284-1180-0027.wav,2.3888590335845947,0.905831745039856,3.827661259970826,2.722412937982096,3.0783170057588563,3.0074078878323824,4.734613418579102
7127-75946-0006.wav,2.174006223678589,0.9481134169169954,3.857739754025992,2.992609444644335,3.007888408370379,7.908700621048173,8.914910316467285
6829-68769-0016.wav,3.603743314743042,0.9897816516360692,4.593270034169614,3.631883819145073,4.064251563778536,8.599549037651048,17.022090911865234
5639-40744-0027.wav,1.0892267227172852,0.8110545290427508,1.0,1.6081511546483291,1.0,-2.5968825939782287,4.744688987731934
4446-2271-0011.wav,1.883538007736206,0.8739697607203737,2.960540197292438,2.545010259153669,2.4078373138194378,3.314244380921834,10.930375099182127
3729-6852-0045.wav,2.1386373043060303,0.9198906397848668,3.330998286740376,2.545581068425019,2.635196388419517,5.167448910863184,6.90471076965332
2094-142345-0043.wav,2.388890027999878,0.8588446615744615,3.999102703033969,3.070320415748586,3.181850719934576,7.727027318311579,8.222101211547852
7127-75947-0036.wav,2.669292449951172,0.9175230346757804,4.058016156573788,2.516298168351477,3.336762792316272,-2.489752114742941,10.95265007019043
61-70968-0000.wav,1.9805595874786377,0.9629526285258592,3.853293140242695,2.6212012407766894,2.9116671596810844,3.3191514340117654,7.274975299835205
1089-134691-0013.wav,3.678415536880493,0.9864185505542676,4.920167643693167,3.969711248963916,4.33639091981841,10.232859561576202,14.364328384399414
672-122797-0002.wav,2.679748058319092,0.9661226112973084,4.087799577422071,3.18419049629404,3.3797874777478665,7.022301703349799,8.387077331542969
5142-33396-0008.wav,2.0459887981414795,0.9400261065972736,3.2785230243904966,2.257660026478892,2.6164934147363628,-1.0873987792516335,9.32607078552246
2094-142345-0053.wav,2.6889052391052246,0.9373923159994558,4.1854145084836505,3.030306517639186,3.430100103073797,4.637187254510281,12.517370223999023
1320-122612-0012.wav,2.4198436737060547,0.956734977507858,3.877913623459328,2.9366022993258563,3.13934977277326,5.274114131549844,4.379955768585205
1284-1181-0007.wav,3.474949598312378,0.9776471569184024,4.721459509083922,3.689233866050588,4.09921176803104,8.891542143892663,13.424120903015137
2830-3980-0065.wav,1.6733996868133545,0.8228887826369264,3.151133785077999,2.0345384059873286,2.3504023190677747,-1.1604991005344103,6.348348617553711
6829-68771-0006.wav,2.1780381202697754,0.9444389112600636,3.934320419893696,2.729707372818151,3.0558547455716094,3.3602501005766885,6.402748107910156
3729-6852-0038.wav,2.093740463256836,0.9166380171753764,3.383249935281321,2.575248904440155,2.631263614643735,6.298895735817808,12.774163246154783
8555-284447-0013.wav,2.7132668495178223,0.9445423617616048,4.034103471799194,3.418078780462496,3.3643933589622046,10.727330958137262,18.956098556518555
121-127105-0003.wav,2.466365098953247,0.9067159532589696,3.6379729841669017,2.4761493232966547,3.031705435267086,-1.870000272186664,5.201998233795166
1580-141084-0027.wav,2.0302460193634038,0.871263954656635,3.314862251473145,2.39759943497231,2.594753886060915,2.6575273816274314,11.06528663635254
4507-16021-0001.wav,2.4531173706054688,0.9492021578245092,3.727016335782068,2.812700029145108,3.02606041026229,5.478617102749728,15.355710983276367
6930-76324-0002.wav,2.489290237426758,0.930402194915502,3.909490376085717,3.222070512729513,3.207932656317123,8.494053512059823,10.803424835205078
4446-2271-0019.wav,1.2104781866073608,0.6503274824949539,2.0059853278133843,1.3956273258113812,1.4891326630712425,-5.246597386512777,5.220490455627441
8555-284447-0011.wav,2.018298864364624,0.955083107767116,3.270123249757748,2.2446969019122776,2.544393340604529,1.2933947650772233,7.4756011962890625
6829-68769-0011.wav,3.133850574493408,0.980294237563248,4.616535673473608,3.512391748673444,3.886414110021186,8.1591507360348,13.146896362304688
121-121726-0006.wav,4.079967975616455,0.9811357826813476,4.313981296383316,3.910869841599288,4.218730286883088,7.0809274919980645,18.75281524658203
672-122797-0006.wav,1.3560224771499634,0.7670855153698989,2.97426493596702,2.0123163539481363,2.1148763754791804,0.3333546126494871,4.874040126800537
2830-3980-0066.wav,1.9010473489761357,0.8958374337377771,3.344600838378356,2.5066570554126653,2.5808777624893997,3.7577330144554426,8.75893783569336
7729-102255-0001.wav,3.255369186401367,0.9738891902418102,4.727461350679183,3.824870170056157,4.027214723864408,11.128931196551807,15.866291046142578
2961-961-0015.wav,2.355715751647949,0.9621390071216326,3.6964670907232686,3.029340108561655,3.0189355064608616,7.133544657410464,13.187328338623049
1089-134691-0014.wav,1.952241897583008,0.884724356374236,2.9999792790047,2.3031429708723548,2.4638601857211864,-1.1213647945412413,8.969908714294434
2300-131720-0036.wav,1.3805278539657593,0.7718786032373574,2.307087575812844,2.0392616257896794,1.81282639742159,-0.1978188924296894,1.5486149787902832
7176-92135-0031.wav,2.820499420166016,0.9845631980322398,4.306149268156855,3.329685423033785,3.5867184793611777,7.064880201434078,10.558513641357422
61-70968-0010.wav,2.5037877559661865,0.962269217686384,4.17087839152997,3.2695158446459924,3.344643726034769,9.166615944717558,13.9760160446167
2830-3980-0001.wav,1.945136547088623,0.9521735396524263,3.7060579597744736,2.365829963657877,2.8240646045325737,-0.6217726068153718,7.537259101867676
908-157963-0030.wav,1.912619471549988,0.896841127200418,3.394288056035216,2.491777797495049,2.6368733700446287,2.313365820359108,7.936539173126221
8463-294825-0014.wav,3.628197908401489,0.9815938230502814,5.0,3.9689993890211848,4.349161940062898,11.184370099765038,21.34259033203125
5683-32865-0001.wav,2.815765380859375,0.9617217786624672,3.964598637689847,3.3137571621981983,3.382286911486106,8.262069488694717,14.014890670776367
121-123859-0002.wav,2.157303094863892,0.9170985609777864,3.5674310512975724,2.309007428355497,2.820546770909842,-1.297200548042747,8.469855308532715
1995-1837-0002.wav,1.5008491277694702,0.7627412099397597,3.190904342891408,2.204921030595262,2.3135396698387507,1.5102286565166592,3.2296905517578125
7127-75946-0016.wav,2.4529240131378174,0.9118867633044452,3.863246383578165,2.6558786968987538,3.104358180112944,2.52332975810802,6.530285358428955
2961-960-0007.wav,1.711325764656067,0.8679612340511372,3.168334483714888,2.690918353244217,2.432595486898109,6.569990624026732,11.938104629516602
5683-32865-0012.wav,1.915710926055908,0.9126455587948452,3.3717369786646243,2.21812116102478,2.607867905921929,-1.2014882204022024,7.918478965759277
8555-292519-0008.wav,1.1093000173568726,0.4967444327489857,1.0,1.3137201451256284,1.0,-0.9228526710149716,-0.0426304750144481
1284-134647-0006.wav,1.7499216794967651,0.8105200461066993,3.241835846955107,2.56429891356816,2.46481554491213,5.317760121486783,8.137399673461914
1995-1837-0019.wav,2.211118221282959,0.8510925302192239,3.558889928218066,2.943681241665197,2.8662724733789395,7.364094816912622,12.354278564453123
3575-170457-0049.wav,1.7867672443389893,0.8597724811732435,3.0508002703151784,2.170169360087445,2.374755406340255,-0.6180818040596905,8.25896167755127
6930-76324-0005.wav,1.8922275304794312,0.8952784064118678,3.3717755386348025,2.454549359610638,2.6141653431306864,1.930436340940268,6.466155529022217
1284-1181-0010.wav,2.351475954055786,0.9271455868345504,3.868596252474935,2.9675931983028327,3.094267573782157,6.545714771505703,8.864885330200195
2094-142345-0001.wav,2.7009053230285645,0.958848444111252,4.218177524207161,3.118320405886436,3.4436977024841684,6.329315688028181,7.1195387840271
8463-294825-0018.wav,2.9008889198303223,0.9638642005948282,4.096177867739438,2.5501524153968878,3.4297453420478465,-1.8170743045264184,8.513680458068848
1089-134691-0008.wav,2.4628093242645264,0.9372043523355106,4.071978996599483,2.8926498893115484,3.2634675700527827,3.992257373931704,6.639098167419434
8463-294828-0001.wav,2.713073253631592,0.9472558376847604,4.300480169755814,3.3150345405803376,3.523534300611044,7.916908346919311,14.853382110595703
5639-40744-0034.wav,3.024524688720703,0.985699895377819,4.376553510306188,3.485438317130167,3.70729645582238,8.759243455582135,8.01810359954834
260-123286-0026.wav,1.2941234111785889,0.8073885987767518,2.7118346228049024,1.7897937648627231,1.9564248385093768,-2.8781504320143685,2.888652801513672
237-134500-0011.wav,3.1731600761413574,0.9286050608462116,4.361463616345784,3.267256582155758,3.769934696097017,4.384592248036892,14.857147216796877
4507-16021-0054.wav,2.468350410461426,0.9115999715150548,3.691222429770305,2.9285572308358816,3.0314486009281327,6.518861156658084,14.683881759643556
4446-2275-0037.wav,2.566035509109497,0.9815556248039414,3.902256220636127,3.215898812753611,3.214303233855712,9.08197956086758,18.379932403564453
8555-292519-0013.wav,1.5220961570739746,0.8110855654396765,2.342112764218151,1.554480518369503,1.782237610713865,-3.701670963538104,-1.430790662765503
8230-279154-0025.wav,1.9392485618591309,0.8778469406346359,3.270285764995529,2.2394029082888083,2.560051088021745,-0.6358964126950237,1.53605055809021
8230-279154-0020.wav,2.3453590869903564,0.9173323890505808,3.66945195544968,2.643593810488537,2.971870589713156,2.340146512375076,3.5815021991729736
8463-294828-0027.wav,2.528051853179932,0.9708888370833696,4.127703911589109,3.197363742118532,3.334140739944721,7.893339747138952,12.601491928100586
2830-3980-0067.wav,1.677656650543213,0.8468805897768816,3.158751284917378,2.126086535450114,2.363300950765514,-0.0462501630279077,5.1239399909973145
1580-141083-0025.wav,2.296064138412476,0.92243384581816,3.903867610463165,2.80654602167749,3.0861955171960536,4.305901765521323,12.764969825744627
6930-81414-0016.wav,1.7013931274414062,0.9058516852265364,3.36927368314179,2.617139899025778,2.5175977176924405,5.913250631560925,8.754898071289062
8555-284447-0012.wav,3.3867197036743164,0.9658679303970672,4.423860120497352,3.41895511495615,3.8945128197113625,5.802591287908211,15.629096031188965
3575-170457-0045.wav,2.561505079269409,0.956390188226074,3.983740375544047,2.651657372867087,3.263451125234007,-0.3197292275039236,13.317508697509766
4992-41806-0004.wav,2.7933220863342285,0.9807963649221048,3.967440372156677,2.84530562307384,3.3164257236476384,3.4613715071637103,12.711421966552734
4446-2271-0012.wav,2.235274076461792,0.9508515538856968,3.4967216630034192,2.9401247348459543,2.840647270688893,7.427930466691694,12.964096069335938
7127-75946-0020.wav,2.593341112136841,0.9325947303107376,4.300005645877162,3.5214178868158283,3.463622138585269,12.066714447990078,11.934771537780762
4446-2275-0007.wav,1.543911695480347,0.8589143055252213,3.1892190275914083,2.049176249826851,2.319507345904863,-0.6304472600989927,6.432587623596191
6829-68771-0032.wav,1.8172547817230225,0.9202853638653984,3.368695847494124,2.4810972788840235,2.569951112751575,3.1331808197116526,8.163257598876953
4446-2275-0017.wav,2.955676794052124,0.9736137970901838,4.407579729584626,3.38524251672054,3.6812593748886,7.986797536487952,13.23881721496582
6930-75918-0009.wav,3.6948437690734863,0.9691122212449418,4.980018764286503,4.1884281337154645,4.359797627679831,14.226218420354966,18.337890625
2830-3980-0040.wav,1.6570453643798828,0.8330050542551064,3.265046527216076,2.0836335355186,2.3974985091568857,-0.1987450254998838,6.633069038391113
61-70970-0023.wav,1.6579828262329102,0.8720448862823335,3.167906208820308,2.4014238105957344,2.3742442202830367,3.754293257571217,10.404008865356444
1580-141084-0031.wav,3.7574925422668457,0.9809588945378748,5.0,4.221860671580071,4.505798630027474,13.498832070917354,20.785076141357425
7021-85628-0013.wav,3.126737594604492,0.9868007628083733,4.584756791853729,3.544293687053697,3.859495109480792,9.050601401709846,15.296326637268066
1221-135767-0024.wav,2.149285793304444,0.8912887566227006,3.813235192082496,2.5048698178336664,2.9711942597095926,0.4454350830532957,6.666409969329834
1320-122617-0026.wav,1.8392994403839111,0.8669164442634092,2.9089850882391985,2.089352991183272,2.2934750332959637,-0.6585112694036116,-1.8086261749267576
8455-210777-0003.wav,1.7779704332351685,0.9228205118492212,3.3337483494630664,2.657676253436688,2.543790317086879,5.7465582467998,9.960649490356444
2961-960-0012.wav,2.0806727409362797,0.9501198265996637,3.231716894011826,2.824757799799833,2.628252636118288,6.878446351593549,14.208715438842772
4507-16021-0027.wav,1.0586422681808472,0.2138237819210921,1.0,1.0,1.0,-4.566418255037142,-7.280725479125977
4507-16021-0022.wav,1.4318885803222656,0.7510305928099996,1.996233636118624,1.581721909992116,1.4805139772150333,1.1193318641463803,3.779110908508301
8224-274381-0015.wav,2.433514356613159,0.9156525681210088,3.386362834645321,2.766804954294836,2.8823889416562056,3.324781449096856,3.737499475479126
3575-170457-0000.wav,3.686450481414795,0.9883291148184776,5.0,4.179224688965166,4.366355613254537,14.287394107403598,17.180891036987305
6930-76324-0013.wav,1.3830020427703855,0.8241392583623154,2.9329251588327465,1.9549914850658343,2.116109547370327,-1.1416203412284598,8.255098342895508
4992-41806-0007.wav,1.9405550956726076,0.8992910891268479,2.8992461180735054,2.1888972741411035,2.316433583409552,1.1810301556765797,10.242146492004396
3570-5695-0015.wav,2.107684850692749,0.9443802999523768,3.710585637303772,2.957238944450986,2.90365831417245,7.741223386857121,8.877389907836914
3729-6852-0037.wav,2.636217832565308,0.9730805077682474,3.592960246861792,3.044160123483257,3.00110634241726,9.997630861533764,16.51153564453125
4992-41806-0006.wav,1.5244605541229248,0.8335929681919375,2.005832663002872,1.681040854593005,1.6404711268455476,-2.7841110332210603,7.973954200744629
260-123286-0027.wav,1.7035768032073977,0.8862348021715568,3.311662847448378,2.470517764146646,2.4855816202206484,3.765556499154437,9.01699447631836
1320-122617-0033.wav,2.0626044273376465,0.8945836262184125,3.2716456869639328,2.3028383096977487,2.5957743084189806,0.6354150024772875,0.1752980053424835
1580-141083-0051.wav,3.0667073726654053,0.979698878582668,4.384806292683862,3.7538558155682,3.7421387952610425,12.284078774250496,16.80471420288086
3729-6852-0010.wav,2.3608243465423584,0.806167153873593,3.51212903178279,2.132937969609369,2.8017118557550837,-1.490638887206413,8.533446311950684
1320-122617-0001.wav,1.397067308425903,0.8208961136117698,2.8413280705537005,1.9324931188255368,2.069406859313232,-1.242885830589498,-1.4576904773712158
7021-85628-0002.wav,2.336038112640381,0.967578766706776,3.812059852777911,2.829051422385303,3.060030020736577,4.389360935111866,10.707036972045898
672-122797-0025.wav,3.1168205738067627,0.9549592728706484,4.287162427569919,3.3874101508780394,3.697125220111628,7.044849767657629,11.706052780151367
1320-122617-0037.wav,1.699636459350586,0.827674724341836,3.0134402303839543,1.9277109977684952,2.2781428939484343,-2.306417675636325,0.5727090835571289
1995-1826-0003.wav,3.1365911960601807,0.9664245288866424,4.550898667921365,3.368356797273139,3.850021645530768,6.077553414969438,13.139537811279297
5683-32866-0018.wav,3.0076324939727783,0.9659977368047864,4.324545023861675,3.4784542978687725,3.642036703724646,10.135858688180695,18.079280853271484
4992-41797-0018.wav,3.23679256439209,0.9862622043648394,4.57150822804255,3.669597746741693,3.895707484101404,10.767144401368045,16.116004943847656
908-31957-0004.wav,1.4202046394348145,0.7985962106376162,2.3847534338414125,1.6302154564455829,1.7558669049958555,-1.8967009186040649,-0.2866436839103699
2961-961-0005.wav,2.364544153213501,0.9687987702166814,3.290016525132265,2.504004352724201,2.7507518421405104,1.829829952090288,9.427849769592283
1995-1826-0023.wav,2.1601781845092773,0.9522667973153413,3.4561954217257327,2.890747508672269,2.7340433095596053,9.351621126019795,14.987878799438477
8455-210777-0063.wav,2.6807608604431152,0.9885835844857928,3.808338819743176,3.137195737144064,3.226791482779478,6.905587228329643,14.15945053100586
7176-92135-0004.wav,1.090286135673523,0.7330632089117155,1.0,1.080551421186263,1.0,-3.018528544461174,-0.5830123424530029
6829-68771-0009.wav,2.616034984588623,0.9627568666265192,4.206843943575566,3.015023045395937,3.414437401022727,4.486113086379701,3.9519202709198
1580-141083-0024.wav,3.2929491996765137,0.9230084932137804,4.627330650436273,3.537146164892471,3.9449555608774567,8.541992306031101,16.74181365966797
61-70968-0050.wav,2.741498708724976,0.9763729499889672,4.402454762186361,3.4253276806792803,3.587988622270344,9.480078033635763,14.900501251220703
7176-92135-0001.wav,2.2447991371154785,0.9644332252930072,3.755153820683909,2.338669161176333,2.981039110026765,-2.4993938082785703,5.632770538330078
1221-135767-0008.wav,1.9813268184661863,0.8861504995326097,3.608221788548169,2.603367321290326,2.756259210501085,4.521877386224181,10.347708702087402
1995-1836-0013.wav,2.983154773712158,0.9355261776934536,4.056056579007279,3.4943341416328884,3.519169378325934,9.55653615594118,12.799044609069824
2961-960-0006.wav,1.5713953971862793,0.8682652339516503,3.0774615631805284,2.587830252022476,2.317104178709441,5.978433000736202,10.37786102294922
3570-5695-0009.wav,2.4390697479248047,0.9043923952272912,3.644947822244656,2.535078144870005,3.026144166573552,-0.9368688775359753,5.915262699127197
1089-134686-0008.wav,1.6550161838531494,0.8531805157157306,3.2563780702292995,2.3224020782279493,2.419965296050974,2.3815816409159734,4.686518669128418
1284-1180-0010.wav,3.0072546005249023,0.966708856094923,4.4324882339210525,3.4503482287493514,3.731749805725214,8.09789793785865,12.618851661682127
5142-33396-0066.wav,3.51275897026062,0.985978144066391,4.443674061410264,4.030173918990504,3.964031998229723,14.723757829599824,17.586925506591797
4970-29095-0023.wav,1.5555578470230105,0.8335255029784325,2.562108279609404,1.8339834907400656,1.978053079123012,-2.57913327841596,7.402096748352051
2830-3980-0060.wav,1.5675883293151855,0.8807118726871223,2.9988074498039827,2.3152589658161085,2.2398980957251493,3.273424000771397,9.839696884155272
1995-1837-0027.wav,3.2195756435394287,0.9616149676172312,4.447505228044942,3.6033383683306015,3.844086073451333,9.018927461268296,12.405029296875
4970-29093-0022.wav,3.8096418380737305,0.942763268482898,4.922839904829317,3.779878288726047,4.364993112518059,7.941942424059257,15.735811233520508
1580-141084-0004.wav,1.3339505195617676,0.6925712367157257,2.936801725379807,2.0027305172087986,2.1022081141832416,-0.4055336323249617,7.60537052154541
6829-68769-0042.wav,3.0640597343444824,0.972929159447759,4.35558858327345,2.974564332348112,3.69222884644148,1.4340172518591412,12.27980613708496
237-126133-0017.wav,2.3286662101745605,0.959009691041272,3.783207133064257,2.951855469697329,3.056421556803496,5.757013958264139,16.883520126342773
5142-36377-0021.wav,1.7149333953857422,0.9640409863079704,3.161021432251485,3.0229130596611866,2.443429758592516,11.254970825450131,4.6489434242248535
6829-68769-0033.wav,1.9731054306030276,0.906772275459502,3.673981267245949,2.138355628556268,2.7804205276623475,-2.6027077235326623,4.366024017333984
260-123440-0008.wav,1.8186352252960205,0.9489765294118432,3.0548933686076247,2.289990906105647,2.3747441578011115,1.841290402476795,10.154176712036133
8555-284447-0004.wav,1.425285816192627,0.8250906173520464,2.6582717972733856,2.362465961830301,2.002332951251369,4.937955340933906,10.922264099121094
5683-32865-0009.wav,3.044593572616577,0.9715418425718116,4.393441952283932,3.70175948568019,3.709622801025669,12.754882862920622,18.24333953857422
4446-2275-0030.wav,2.207047462463379,0.9344388761793436,3.8993353512996376,2.426280724513147,3.0412167057596164,-1.1527615430728166,8.659004211425781
8463-294825-0017.wav,2.0987064838409424,0.9644720803672202,3.585580105325327,2.4000827061755765,2.7674889876269395,2.0249042667422934,12.455611228942873
3570-5694-0015.wav,2.7549729347229004,0.9693527563233528,4.14708980320266,3.3230314817866766,3.451616182173394,8.464081311613858,14.062868118286133
7127-75946-0000.wav,2.18167495727539,0.9443634646872884,3.77865049256865,3.001888671253089,2.970331399441935,8.089314392500524,7.963910579681396
5639-40744-0000.wav,2.5060741901397705,0.9425267286851968,3.551092686124654,2.27133958387328,2.9436648361797126,-2.5644185516803883,9.29985237121582
1320-122617-0012.wav,1.24283766746521,0.6363091512302507,1.4678439066089988,1.583650114225006,1.197724158900053,-0.7458991166134308,-0.2758175432682037
8555-292519-0000.wav,2.224701404571533,0.8812705721801062,3.1874392888598546,2.8515568698147367,2.663557333780476,6.88926353410826,11.83474349975586
3570-5694-0002.wav,2.4116251468658447,0.9897147233569148,3.948120997026561,3.413058066799477,3.192077640720568,11.932391710055557,17.847824096679688
5683-32866-0024.wav,1.319516897201538,0.6548090862412338,2.288544921054187,1.866211831857147,1.744493845393538,-1.2349538736517334,6.100682735443115
7021-85628-0004.wav,1.201927661895752,0.747693877134024,1.6306540259425006,1.436278294130313,1.284018156270622,-3.9177456963842814,2.0837502479553223
1089-134686-0025.wav,3.096515893936157,0.9784076940402966,4.438999768528971,3.339257044135433,3.769626397917516,6.117146317203282,12.102313995361328
1221-135767-0007.wav,1.755981683731079,0.9126813589040572,3.5934009157023783,2.6826883362056,2.665298310555168,6.1599006024887375,5.205245971679688
260-123288-0015.wav,2.193648338317871,0.9528712477365368,3.563117907695008,2.3385383035129204,2.844803430172928,-1.4588801914454652,7.958102703094482
5683-32879-0002.wav,1.3964054584503174,0.8093536938565362,2.2382116068758973,1.6424314309051316,1.674738431521626,-1.689832998166306,5.855624198913574
4507-16021-0039.wav,2.3546359539031982,0.8905741927467228,3.7377599495147584,2.967590666225122,3.0362489328046887,6.279992812451648,11.06197452545166
6829-68771-0014.wav,2.248427629470825,0.9599626864211308,3.8624860484110553,3.060786644945254,3.046392581353343,8.48956226338847,10.272659301757812
6829-68769-0001.wav,1.7784018516540527,0.9196381587359416,3.3683616459799524,2.1958549555932976,2.5515301040465155,-1.159811463728915,11.338371276855469
8230-279154-0012.wav,1.7875019311904907,0.8449842385512305,3.307620711023276,2.1674451500298484,2.512178539388385,-1.0751436541575032,4.706404209136963
260-123286-0010.wav,2.3190948963165283,0.9755907884056224,3.601188286694627,2.6557238926425497,2.931049828024072,2.449643509707524,10.244235038757324
1284-1180-0031.wav,3.047484397888184,0.970085256500788,4.483545948655709,3.6757692457299416,3.781868378789925,11.176952391711271,14.476898193359377
61-70970-0010.wav,1.6849405765533447,0.891266199625775,3.37014104837228,2.1612076420690567,2.496878771156166,-0.6331074066048988,7.970500469207764
3575-170457-0012.wav,2.547079086303711,0.95199766004333,3.700444448399127,2.6664784733774183,3.072769393795752,1.8947349739143224,9.815485000610352
2094-142345-0004.wav,2.613905668258667,0.8421559692838111,4.110588640572251,3.03512194264487,3.348458271514027,5.570748643249491,8.377677917480469
5142-33396-0048.wav,3.3304483890533447,0.9711186891736572,4.524430617985026,3.998319456493436,3.9427206614247994,14.254620380240718,19.60284805297852
2830-3980-0052.wav,1.625544190406799,0.783408440570066,2.5252285381705546,2.039859768157281,2.049488810915113,-2.241075673248547,6.014729499816895
2300-131720-0014.wav,1.9767467975616453,0.8833485443771983,3.216069969402557,2.273762223552402,2.5488469346686857,-0.2356499861471749,0.0124988984316587
5142-36377-0008.wav,2.550267219543457,0.962627133203138,3.9927564135019424,3.162247460411205,3.263790414307608,7.8028224452686,11.00005054473877
8463-294828-0024.wav,2.20569920539856,0.9643354787529892,3.5433228865150186,3.0069100187287234,2.8639630107606795,8.048762363023197,15.60563850402832
4970-29095-0035.wav,2.4196367263793945,0.8834064543685912,3.621116486260072,2.278730190344838,2.968013291741349,-3.25204063479436,6.551422595977783
2961-960-0008.wav,1.464524507522583,0.813274653657271,2.6776250192351174,2.1870802143712678,2.023357723787364,2.227271616483116,3.823498249053955
1188-133604-0040.wav,3.257338047027588,0.9350498564630956,4.613624841492036,3.552355064292213,3.944461256570488,7.982621419094928,13.867884635925291
2961-960-0017.wav,1.438631534576416,0.8376857035652436,2.8377744761259094,2.4948902673291458,2.120581512935448,5.960813762880065,10.109785079956056
5142-33396-0011.wav,2.2107129096984863,0.93828703374042,3.508845129098745,2.494774773126233,2.8425815508259733,0.1793463504452237,13.000762939453123
1188-133604-0019.wav,2.170249462127685,0.881556833743566,3.210195412390536,2.6812380714886745,2.6795426640626863,3.1820428683144857,10.65129280090332
237-134500-0006.wav,2.6967015266418457,0.9262347833956645,4.013296117504992,3.3735475480705115,3.356812164297002,9.655493147295822,14.419082641601562
61-70970-0020.wav,2.174241065979004,0.9422137317756852,3.9370369245868737,2.968534200906598,3.043652126231737,7.692672389147335,14.152737617492676
260-123288-0020.wav,2.063788652420044,0.9353706637535508,2.857896784531288,2.1837988191789472,2.433733605690181,-3.167783755928228,8.641597747802734
2094-142345-0025.wav,2.126842975616455,0.9211245232261108,3.664344364123953,2.541303301309721,2.8498614640553828,2.776463338919681,8.596806526184082
61-70968-0046.wav,2.4310314655303955,0.9740975891069232,4.136609802145678,3.095627388731229,3.286191846188065,7.163885358326096,11.958829879760742
5683-32879-0019.wav,2.906099557876587,0.9231209061152982,4.389757610911471,3.5945941533558767,3.642685286411792,11.89182145784781,17.885334014892578
2830-3980-0029.wav,1.5538599491119385,0.7170194402042321,2.695057626784949,1.965757211713596,2.038595745689037,-0.2652523277077103,4.052633762359619
7176-92135-0027.wav,2.6454391479492188,0.9724013025411054,4.19587204282787,3.0411308803582844,3.438313704104184,4.039117860610612,7.960630416870117
2830-3980-0068.wav,1.8429383039474487,0.8508548931815184,3.532301703062237,2.5979062217522304,2.6454585278220826,5.623698663186167,11.17923355102539
8455-210777-0069.wav,2.02457594871521,0.978251308598106,3.495709110530316,3.0497073624976507,2.76828724536633,9.24421179835632,15.124261856079102
1089-134691-0000.wav,1.483880639076233,0.8463295049801126,1.8063266343995463,1.580276789281137,1.513787000738334,-3.770566590414461,4.56938362121582
61-70968-0014.wav,1.959268808364868,0.9293770208618412,3.697242718279491,2.60981095498469,2.824111268932432,3.2628264459394933,9.320281982421877
4446-2275-0028.wav,1.3427040576934814,0.9209915675858674,3.3109637737103936,2.53931333963836,2.3139706968587026,7.112491058269279,10.496223449707031
3575-170457-0006.wav,3.2082228660583496,0.9789313135256752,4.658345601262046,3.819429685722897,3.949130289494976,12.2765011794497,15.747466087341309
260-123440-0010.wav,2.6513383388519287,0.946002792155352,4.084623582222249,2.849861617195868,3.366712575623944,1.8054218098345924,16.020803451538086
5683-32879-0014.wav,2.8628299236297607,0.9310782954135344,4.220412973538363,2.942918730492984,3.5208820809149515,2.5674714187977887,12.163253784179688
5142-33396-0047.wav,1.8706283569335935,0.9549253704587978,3.1195841207534434,2.7946752152849883,2.485715604767383,7.143305872139846,15.522421836853027
5105-28241-0006.wav,3.330427646636963,0.9701688908152054,4.685935303748985,3.830416936384372,4.023684632945786,11.562584723797684,15.35558795928955
1188-133604-0037.wav,1.780157208442688,0.8982322184461013,3.351246637080595,2.184869077451599,2.535736981386816,-0.9878284131143384,5.121359348297119
3729-6852-0023.wav,2.260012149810791,0.9239816470569736,3.6724260910626136,2.6299933447972323,2.89719252363325,4.228442937868113,11.54959774017334
1320-122617-0034.wav,2.2119054794311523,0.9000754515294933,3.6199398355142303,2.501938696534086,2.8570212413532152,2.109817846363536,1.5697253942489624
7729-102255-0003.wav,2.146202087402344,0.9309539110216049,3.484606566132213,2.8348195932768343,2.798872086744593,6.02551945772705,10.178438186645508
8555-292519-0003.wav,1.3139874935150146,0.7394109826996648,2.0395083987067077,1.4566768626502349,1.4979495982568207,-2.41356412458474,2.009829044342041
7127-75946-0002.wav,1.569885492324829,0.8759796510878535,3.3354872681063834,2.4341849035293963,2.4395658447059274,3.7785005723492073,4.130066871643066
237-126133-0019.wav,2.3245389461517334,0.9078152926963036,3.569928632091955,2.9236805705786804,2.9394658016537214,5.726649389596065,13.29617691040039
7176-88083-0015.wav,2.944293737411499,0.9911337547977342,4.540912960718477,3.538862753359046,3.764196827588254,9.5271763431478,13.078421592712402
1580-141083-0008.wav,1.9320311546325684,0.888360879614692,3.505601055495771,2.267012568730289,2.6767634192221936,-0.2870015036913447,10.726844787597656
6930-76324-0011.wav,1.8782882690429688,0.8784123906363517,3.3077615690738726,2.481157669969324,2.56050715910212,3.1092113810993847,5.393850326538086
8555-284447-0018.wav,2.015517473220825,0.86348199325412,3.5236987293032227,2.7883866440708727,2.7403322279347835,6.808732615311346,9.472323417663574
4507-16021-0041.wav,3.2546772956848145,0.948624754887164,4.491638333128055,3.54460393502992,3.8565465817486673,9.019769454029252,17.556015014648438
5142-33396-0032.wav,2.4010252952575684,0.9399109054942556,3.589361898015258,2.51124949288466,2.980913485985212,-1.0986309509441985,11.95310401916504
6829-68771-0023.wav,2.485713481903076,0.9762432406170164,3.8915034065799743,2.649919242810072,3.148669654821968,1.5766029717219254,14.512022972106934
5683-32866-0022.wav,2.898573637008667,0.9779098726391792,4.123616175018922,3.37416476626933,3.4771262705157016,9.742498276889435,16.32826042175293
260-123286-0025.wav,2.2533833980560303,0.9632409855597668,3.671622095216194,2.953949357404805,2.9612545994591906,6.433275527397316,7.56732702255249
7176-88083-0021.wav,1.1300432682037354,0.5692114319858628,1.6281830009661151,1.122056961634338,1.1279775088363035,-3.138445164512338,-8.518074035644531
7021-85628-0012.wav,1.6525006294250488,0.909029420040567,3.068841117225677,2.292971530144228,2.336470885406671,1.444958182195093,6.437038898468018
6930-76324-0024.wav,1.2707511186599731,0.818518256608788,2.68393873148284,2.2964360405850264,1.9583863363020624,4.123159859206643,4.989444255828857
1995-1837-0001.wav,2.4156672954559326,0.952610276870742,3.985227874439726,3.2895494833985794,3.2064608619362205,10.21096386212885,14.05716037750244
672-122797-0042.wav,1.632282257080078,0.6526886292791203,2.8964476365428693,1.9559434419740296,2.200486488441729,-1.9890631570135933,2.3139498233795166
7176-92135-0040.wav,2.227693557739258,0.9542528977802024,3.587114059009932,2.6039751903926724,2.882103577798314,2.136185721181409,10.713726043701172
1320-122617-0028.wav,1.640894889831543,0.8617344165380105,2.7741803306661006,2.127970323644384,2.1310769808271157,1.2455065690685716,0.6339209079742432
61-70968-0009.wav,2.339385747909546,0.940606249238954,3.922721554734729,3.082376439340889,3.115340260337971,8.44853512602813,11.284161567687988
7021-85628-0005.wav,1.7032415866851809,0.8943700906504114,3.1969069909100583,2.152077596667342,2.426512108708622,-1.207150463245347,5.100664615631104
4077-13751-0006.wav,2.028749942779541,0.8734110779007075,3.42220324604773,2.41448649169482,2.6689833940678014,1.9863405138925432,3.05489182472229
908-157963-0022.wav,2.173792123794556,0.9365948919365276,3.824848895089018,2.7009318258742856,2.9723532710958427,4.1203540981301945,7.885992050170898
1089-134691-0015.wav,2.770836591720581,0.7539016119299012,4.1292894580254655,3.110392445066438,3.436426767339553,5.600439213011144,15.015127182006836
1580-141084-0050.wav,2.087938070297241,0.8995552170125242,3.652601346117984,2.3170920249174123,2.824846305101498,-0.5081217169305752,10.220303535461426
1284-1181-0019.wav,1.6085286140441897,0.8735684355604724,3.2162324000493867,2.436484399588569,2.405825681917666,3.2537430713157067,5.028088092803955
7021-79740-0003.wav,1.2881187200546265,0.8995972480522151,2.539824976248408,2.236881845137607,1.88008478344152,3.7230426424210608,7.50050163269043
61-70968-0023.wav,2.8383960723876958,0.9881574943511912,4.5103768414964485,3.533178676709758,3.688757705177341,10.53873845847254,15.336400032043455
7729-102255-0016.wav,1.399422287940979,0.7848529647973167,2.634514663939215,1.7325805953195668,1.9377689590700489,-3.1155953307700424,1.21190345287323
5105-28233-0009.wav,2.195467233657837,0.9045369163825604,3.6839724885972593,2.658569934782841,2.9232454829719883,2.841003097784558,10.095930099487305
4992-23283-0005.wav,2.6652181148529053,0.9542509461762017,3.961325064123395,3.107325347641723,3.288352209595097,6.8451134689700615,11.05434799194336
1221-135767-0004.wav,1.2124618291854858,0.9299790278814546,3.350353484129101,2.620811212617041,2.286469625740361,8.571820303519088,5.6243896484375
4970-29095-0014.wav,1.506757378578186,0.8722402939570794,2.6789132903446067,1.7681176471676967,2.001623825699967,-2.81793403923512,6.1129326820373535
3570-5696-0005.wav,1.6952002048492432,0.9501696912638932,3.3602394542902108,2.5206918175761004,2.513545354208797,4.272024840282945,6.931839466094971
8455-210777-0014.wav,2.11020565032959,0.9629681489740088,3.76195625706304,2.895439516674564,2.945940127171321,6.06051184315892,12.361746788024902
1188-133604-0030.wav,2.971502780914306,0.95028273843845,4.309000803482,3.281736048768212,3.6315244169181375,6.6060427936168615,14.929871559143066
2300-131720-0010.wav,1.2189213037490845,0.6551306701626435,2.289472139030712,1.7115374638448682,1.6710107349071075,-1.9070084406366925,-1.9495704174041748
260-123286-0018.wav,2.111730098724365,0.9362189808419484,3.394113260531396,2.5013459302744394,2.6995663721902874,2.618372683963944,8.627699851989746
5683-32866-0008.wav,2.735561847686768,0.9066412098390304,3.9314354356225216,3.062231864477687,3.2760022879553685,7.049523997686465,13.596351623535156
8455-210777-0019.wav,2.231475353240967,0.9658473471507092,3.678922961458488,3.070558848866129,2.958003864795567,8.266303718347448,13.656449317932127
4077-13751-0012.wav,1.3894425630569458,0.7763996998219478,2.467642908105342,1.7422609096008506,1.8346976779436963,-2.2252717715629142,0.9061339497566224
8463-294828-0031.wav,2.5764834880828857,0.9730533210747112,4.24604001232698,3.030729898749554,3.421473265179801,4.704845950434655,12.783099174499512
61-70968-0004.wav,1.672810435295105,0.931387161200712,3.404740268865858,2.5764945057971977,2.518662982368044,5.57961656684296,10.925726890563965
121-127105-0025.wav,2.6851491928100586,0.9645708861344952,4.209691044084598,3.3380621788028173,3.4488184665386807,9.174618709659937,11.24477767944336
3729-6852-0012.wav,2.504540205001831,0.9483462313457024,3.146868712657229,2.0210227159951115,2.6404083426538083,-2.06058766238679,9.614598274230955
5683-32879-0022.wav,2.7663440704345703,0.925542377006478,4.105690879081397,2.923916181706105,3.392953309606278,3.972694726209524,15.89176082611084
5105-28233-0002.wav,2.104098081588745,0.90077058294599,3.531990370146827,2.8138386341567703,2.8019953958677406,5.976362999406301,12.321919441223145
3729-6852-0009.wav,2.292254686355591,0.9132856393409216,3.775998921413418,2.8968317063884035,3.017343411449225,5.913517090315853,9.908230781555176
5142-33396-0058.wav,2.139824867248535,0.9200742360932664,3.204904271355655,2.2861062411859616,2.631721587324548,-1.5449878370689865,10.492545127868652
8455-210777-0016.wav,1.667781114578247,0.9256580755352448,3.1544164328636346,2.4500909764158094,2.4016950795127125,3.1652511806736943,9.544066429138184
8463-287645-0005.wav,2.105363368988037,0.923151762993028,3.59695546602686,2.8367224730011724,2.8338827031106253,6.377420584283325,10.326732635498049
6930-81414-0023.wav,1.0918316841125488,0.7627484193512,1.9241864017479304,1.8969887216185823,1.447732283145491,1.0028700402364163,-1.149715781211853
7127-75947-0016.wav,2.843721866607666,0.9577087619025774,4.202022759587019,2.785667777385665,3.516677220508363,-0.4266157721006529,10.614319801330566
908-31957-0003.wav,2.2480413913726807,0.9345823458959572,3.806969099002718,2.551095022969515,2.987749245703399,1.7602579543434302,7.8217034339904785
4992-41797-0005.wav,2.7102084159851074,0.939982781837648,3.977871524403888,3.1567035131625945,3.30273212872515,8.017670180092153,15.487727165222168
260-123288-0008.wav,2.0762858390808105,0.9766481591895948,3.946177003863109,3.389048332186118,3.043709016714483,13.129245488774506,17.291358947753906
61-70968-0034.wav,2.220160961151123,0.9209347297202224,3.806173037134279,2.442753870529784,2.9662776296638422,0.5603703878847804,9.81753921508789
2094-142345-0049.wav,1.917036771774292,0.8272789090825753,3.393338074679276,2.430676518606484,2.606974624647327,2.7047517609394376,6.516207695007324
237-126133-0011.wav,2.972830295562744,0.9289028108728238,3.9022555308324463,3.152669189139188,3.420179198775664,4.97162927454522,12.811722755432127
7176-88083-0003.wav,2.467305421829224,0.94353118640961,3.911231427209375,3.099387338588915,3.196721001934409,6.756525699915753,7.882299423217773
4507-16021-0003.wav,1.9219169616699217,0.9228286438698454,3.036008402298441,2.060142675292963,2.3975773862550978,-1.7128979517581373,4.07660436630249
8463-294828-0032.wav,1.8428027629852293,0.9471110506331566,3.3230529217583618,2.4479988888814788,2.565046153217393,2.1978693915280503,11.24506378173828
4970-29095-0036.wav,3.0470452308654785,0.9323868024057222,4.386206682927073,3.340545663049264,3.7029315763056094,7.193467937913419,12.740854263305664
61-70968-0056.wav,2.329020977020264,0.9599159373314164,3.8657396514576607,3.094985174245718,3.0920695053757075,8.27281834177219,14.17189598083496
5142-33396-0039.wav,3.255734443664551,0.9916310580756112,4.394398660813183,3.0876896446849256,3.8313515336762314,0.7609945850851728,17.418262481689453
5639-40744-0025.wav,2.8416531085968018,0.9674079849685776,4.079242053382299,2.901074286999156,3.448402754349984,1.6913541474851217,6.947999000549316
7127-75946-0028.wav,2.306962251663208,0.8668479907807167,3.667667041296,3.028382359820695,2.9768475000836534,7.626557484923562,9.245346069335938
8230-279154-0017.wav,2.728128671646118,0.959575424199572,4.133398500926468,3.044034741132747,3.414685529807267,4.968981254422195,7.341970443725586
1221-135767-0011.wav,1.4264483451843262,0.7633371938328084,2.9821558967331248,2.014766017224422,2.15986158608591,-0.404266204776131,4.49467658996582
672-122797-0009.wav,1.7608884572982788,0.7696882342289838,2.978562608838022,2.431019970014196,2.298122038260753,4.935761398359819,11.452942848205566
8455-210777-0029.wav,2.9714503288269043,0.9658581971436812,4.045150723482231,3.10927740400318,3.470089518589868,5.196255858002284,16.58277130126953
5105-28241-0005.wav,2.761101722717285,0.9288525144286652,4.138161089400198,3.568913240452739,3.465798249261105,11.63623183385338,16.33087921142578
8230-279154-0019.wav,1.5529124736785889,0.7915189207061903,2.856035510462877,1.6819251529768189,2.0956523549154324,-3.769238460458853,-0.3102276921272278
6829-68771-0001.wav,2.146214723587036,0.9532888830270352,3.779946366827336,2.7065157285770103,2.951194294874358,3.752544803867469,10.908449172973633
7176-92135-0018.wav,2.652329444885254,0.973163139817428,4.174793167634501,3.170644373652848,3.42214624073,6.446128252833977,9.588168144226074
6930-81414-0026.wav,3.1895751953125,0.907779039648734,4.484680331489352,3.686962937793018,3.846624152521017,10.609610891716006,13.63567352294922
3570-5694-0005.wav,2.506657838821411,0.9594720010301024,3.6552910180358777,2.4355155708856047,3.043029805269017,-2.0435355617419053,10.744874954223633
8230-279154-0035.wav,1.3917384147644043,0.7046916045676578,2.322344894492356,1.8713241821197568,1.8066064140730316,-2.0906092391556674,2.5628490447998047
8463-294828-0002.wav,2.687490701675415,0.9706721039247984,4.311069338605382,3.3353517343386905,3.5096000642800456,8.710408587602842,13.89985179901123
7127-75947-0031.wav,2.4050486087799072,0.9571509489208562,3.897187621124121,2.9940558172466973,3.1378494914372728,6.457799591040765,16.237701416015625
908-157963-0005.wav,1.5488288402557373,0.8071408066866956,3.0332708209826102,1.8647769238285,2.220663974994063,-2.549156313375025,3.39016056060791
1089-134686-0030.wav,2.050235748291016,0.9672927299972328,3.399666393682093,2.6819433192300823,2.732580099927321,3.250613283058135,12.787766456604004
8224-274384-0007.wav,2.4909827709198,0.96870145538168,3.867122403692202,3.101654690191401,3.171869184607816,7.267617252817528,13.559612274169922
8455-210777-0048.wav,2.452749967575073,0.9881603572635618,3.897780901522268,3.0948758851743023,3.169333331022292,7.383324511495082,13.985562324523926
1580-141084-0045.wav,2.3238203525543213,0.9101145871419682,3.491112491742153,2.351382598362928,2.855248368452191,-1.3852842849470504,9.678862571716309
7729-102255-0023.wav,2.1599817276000977,0.9447610585526366,3.368480084325068,2.5924970621220726,2.74120588876496,2.376090561197013,10.369026184082031
4992-41797-0001.wav,1.643373727798462,0.9333740624446478,2.614383328068948,2.488847744388917,2.07725840950124,5.878109125888268,12.40856647491455
2300-131720-0038.wav,3.01114559173584,0.9913809780733128,4.230026995175029,3.3561990351064392,3.630899767100496,6.665416211716486,9.719884872436523
1320-122617-0002.wav,1.5942295789718628,0.8375196217347769,2.9199698789695603,1.8595397562775409,2.183087488367318,-2.794920120471132,-1.7776025533676147
5142-33396-0007.wav,2.226136922836304,0.9501144076291912,3.4223182083008528,2.515969606341147,2.7979930330446297,0.80954663667022,15.112338066101074
6829-68769-0019.wav,2.6899685859680176,0.9693208744997804,4.223992225221084,3.458968449188084,3.4719928664033133,10.456897692850006,15.27920627593994
7729-102255-0035.wav,3.442468643188477,0.9730918242670226,4.815387274604874,3.7905087168273535,4.158339465879023,9.476895338755762,13.784785270690918
7021-85628-0009.wav,1.7132680416107178,0.8839021307159848,3.2338167313014146,2.059314619916968,2.4407174302421644,-2.349300553731128,4.682744026184082
7021-79740-0007.wav,2.2301783561706543,0.9631053837810843,3.4732748746390416,2.5335692997245918,2.806696473074793,1.8817902037288103,9.726099014282228
5639-40744-0003.wav,2.597599029541016,0.9497319870328672,3.810128630311496,2.8172800596626395,3.160646644389593,3.561843674191392,6.638684749603272
3575-170457-0002.wav,3.4850869178771973,0.9779964993766675,4.613388624230137,3.92150504873239,4.034364033087097,13.214957548091409,19.128278732299805
908-31957-0007.wav,1.671010971069336,0.8146662102232424,2.851627977305905,2.003847992432456,2.2146495987250567,-2.267444655776037,6.803516864776611
6930-76324-0007.wav,2.57985258102417,0.9095632450286132,3.847120292319704,2.940275413110968,3.204309595003469,4.141170200766558,4.629299640655518
1995-1836-0003.wav,2.291043519973755,0.9357252015659784,3.8087558778175215,2.886535904670894,3.042992075175872,5.320392422588157,6.240842342376709
8463-294828-0013.wav,2.773981809616089,0.9714492490732772,4.284232690601774,3.3873100468789823,3.5395266000973766,8.896327226290303,16.633108139038086
1089-134686-0021.wav,1.9746007919311523,0.8640998338386388,3.338147880880987,2.2019297163586544,2.625813250712976,-2.122123705017834,5.724332332611084
1320-122612-0001.wav,1.693915843963623,0.8597721256281913,2.9855521813436767,2.209079983362193,2.296193192066541,0.6692313341106483,0.9230929613113404
1995-1826-0011.wav,2.9983551502227783,0.9714362824145476,4.378549569958268,3.5139977536794635,3.6958960440165898,9.374946700639608,14.81491470336914
4446-2275-0031.wav,3.2310469150543213,0.9747991565587972,4.609838738359889,3.6550582544304704,3.928162226689645,9.862496138312956,13.492931365966797
8463-287645-0011.wav,2.2081995010375977,0.8324309471342987,3.7689212310366393,2.375761183147721,2.954988102278843,-0.9976189849245304,7.487421035766602
1320-122617-0011.wav,2.058125257492065,0.8943134355614342,3.4690594080425083,2.3563872083171447,2.719505659356364,0.2960403551340023,-1.0930997133255005
5683-32866-0004.wav,3.1763839721679688,0.9490209937043104,4.443581622477721,3.47729685234752,3.803294960543423,8.096239525647043,12.240379333496094
2300-131720-0005.wav,2.961344003677368,0.9744054758787524,4.189014374874283,3.248827314375459,3.572152456135844,5.920216032378354,9.642870903015137
121-121726-0008.wav,3.497791290283203,0.9634440995199386,3.1309389823483302,2.849975144174456,3.307765990981133,-4.092950874262521,10.376945495605469
6930-75918-0000.wav,2.8832783699035645,0.9355731996702938,4.25240273666896,3.1774664935487342,3.5719670920961706,5.040782979174069,10.146800994873049
4970-29093-0012.wav,3.422725915908813,0.9624434976612504,4.684235611297662,3.53710755774069,4.045630870657352,7.255872169353742,15.8272705078125
1580-141084-0024.wav,3.279998302459717,0.9489430228909788,4.670499297735254,3.834001830985823,3.996027513963041,11.76029496688418,15.2704439163208
1320-122617-0016.wav,1.6918028593063354,0.8980950041374064,3.409699962595739,2.243535620821302,2.515834409200433,0.8063560035517431,-1.6299313306808472
7021-79730-0000.wav,2.290850877761841,0.9706908282737048,3.799494188762982,2.5269904873060693,3.021452810874358,0.3564589367457529,7.41445255279541
260-123288-0017.wav,2.523479700088501,0.9763354021138948,3.8528391877534944,3.082716169934029,3.177500159363245,6.882223761140779,14.043882369995115
4507-16021-0033.wav,2.693551540374756,0.9321573614975596,4.1168416764090265,3.402013587752505,3.397525029142342,10.537358985578331,15.546319961547852
2830-3980-0058.wav,1.387237787246704,0.761875689440586,2.8984116880421,1.911667792184918,2.077708770141285,-0.8319161304664076,3.724565982818604
3729-6852-0025.wav,1.6987919807434082,0.7903651241940978,2.8393450157284668,1.8807948730370607,2.0960070676740634,1.1446369934030678,9.290102005004885
2094-142345-0038.wav,2.478343963623047,0.8822691809126114,4.049074980187292,3.1284710765707158,3.249174925500026,8.090811686438302,9.015243530273438
5683-32879-0025.wav,1.931302785873413,0.9726414815856524,3.048732965666314,2.7763615161133672,2.451314511876194,7.704606113387035,17.393070220947266
7176-92135-0041.wav,1.5863971710205078,0.9236089126810328,3.297135241856904,2.03002310545778,2.416711033714289,-2.2284985889465183,3.7035415172576895
5142-33396-0014.wav,2.728644609451294,0.9819739292968408,4.125278866833233,3.254035380362942,3.4474602960554965,6.687859903853956,15.376553535461426
5639-40744-0031.wav,2.395284652709961,0.9592277728626664,3.796584545678332,2.996856026371063,3.0770972514914137,6.830315339959174,10.245012283325195
7729-102255-0045.wav,2.39246678352356,0.967301555053238,3.947935460875048,3.021317980699176,3.1765265847711546,6.114512334909639,11.313831329345703
8224-274381-0014.wav,1.269402265548706,0.7240274506927942,2.3690017244061443,1.8765250395826816,1.7684378015560758,-1.097117155901278,4.192833423614502
237-134500-0015.wav,1.842422366142273,0.8631762119504544,2.982722109351557,2.2998359433235835,2.350943904113895,1.812747023051048,8.308764457702637
908-31957-0022.wav,1.885918140411377,0.8645036346390252,3.426449453608749,2.457390917324884,2.615646584599129,3.016365268518437,3.111506700515747
3729-6852-0013.wav,2.2346816062927246,0.8453711572372139,3.75130306102664,2.8257679927661767,2.9563380881476404,6.0878868098467285,11.00927448272705
6829-68769-0012.wav,1.5393543243408203,0.8808337139424731,2.8455098925015583,1.9462844027874884,2.1459209774676418,-2.2173734005018004,8.144186019897461
1089-134686-0031.wav,2.82252836227417,0.9512379373373758,4.083372715940193,3.084730255008275,3.4579371537650423,3.996617914845136,10.475605010986328
5639-40744-0024.wav,2.1027371883392334,0.970304154317592,3.5596415196739866,2.8700081621426365,2.8137123872957,6.937933141653617,11.147762298583984
5142-33396-0041.wav,3.018831729888916,0.9904940846725704,4.230360805027543,3.740131658291276,3.642455759408412,12.370442742424254,20.746309280395508
121-127105-0001.wav,1.6983894109725952,0.8696455499085847,3.2901644862426105,2.1088196863072826,2.468054041858488,-1.7507838883559548,4.564840793609619
8463-294828-0026.wav,2.405461549758911,0.9722264098164648,4.041707751284839,2.924855712429145,3.2326172900249674,4.358299209303293,12.921951293945312
1580-141083-0044.wav,3.2743728160858154,0.9514738024346286,4.63636818588546,3.5123987402268355,3.9478214117383184,7.948686348623766,15.62419891357422
5142-36586-0002.wav,1.3650233745574951,0.9665664838155608,2.617337002273352,2.7199703514224995,2.0035743897941085,8.777031035143143,16.20174217224121
5105-28240-0011.wav,1.356513500213623,0.656066756549486,2.3901949156377,1.6197823776981646,1.746838763321191,-2.479018331362292,2.6372385025024414
6930-76324-0004.wav,2.020476818084717,0.8858560232442132,3.362440735573153,2.5192506033919244,2.667763366484601,2.271580305009329,7.28430700302124
2961-960-0016.wav,1.3212673664093018,0.6495574548443865,2.316227513156889,2.1025229267273216,1.7659191633735467,2.204571179082299,3.912269830703736
7176-92135-0024.wav,2.7263903617858887,0.9804022894504468,4.297636708420325,3.374004181700936,3.5231817462519497,9.001373912329418,13.768827438354492
61-70970-0009.wav,2.395299196243286,0.953745847089313,4.01827803834903,2.6198238865430645,3.2050189812328727,0.0698523877732283,8.815496444702148
6829-68769-0032.wav,2.9143099784851074,0.9707205754175892,4.473135885019874,3.186111326648643,3.698664334964836,4.889814445818969,10.50377368927002
8463-294825-0005.wav,1.620600342750549,0.93809954525516,3.128782878541533,2.500200374805485,2.358875348972161,4.593567996998488,10.575345993041992
6829-68769-0050.wav,2.646992921829224,0.9797071959720132,4.291252282009506,3.4556117044518517,3.4780959024679694,10.979164400177249,11.748050689697266
1284-134647-0001.wav,1.8409075736999512,0.8243093235970951,3.220733312226629,2.076341599002113,2.445984834956122,-0.7266066306558764,3.0655789375305176
672-122797-0055.wav,2.8046162128448486,0.862570756933237,4.1143536052690735,3.236105506793906,3.4472339388310016,7.287542181977911,11.78144645690918
5683-32879-0007.wav,2.912006139755249,0.9152980929064832,4.282876190652624,3.235773674546439,3.5771097712779536,6.8289440763538245,9.830739974975586
8555-284449-0014.wav,3.786421775817871,0.9682528251543264,4.90118323828584,3.943711520748287,4.35853519496424,10.011802340674793,15.050734519958496
8463-294828-0028.wav,1.314740538597107,0.8166064442796689,2.489154071227789,1.6798222443550803,1.7911403825774357,-1.920894615196178,2.862037420272827
8230-279154-0030.wav,1.9418067932128904,0.9017504713438268,3.095045778489127,2.0305633628909137,2.424678006982067,-1.790587819996819,2.7376925945281982
8455-210777-0032.wav,2.270474433898926,0.9398631174444751,3.392195919856868,2.7241855634394776,2.8094397357352823,3.5999067541680594,10.31606101989746
672-122797-0016.wav,2.593100547790528,0.8981832312759714,4.188272950598432,3.33144519216752,3.405670470780125,9.151585496306216,12.387420654296877
6829-68771-0036.wav,1.363331317901611,0.7973777452912473,2.667028863612658,1.7270064495413977,1.9349239770626927,-2.895063545453409,5.650176525115967
8463-294828-0020.wav,1.7546029090881348,0.9198479257838392,3.279762468165683,2.3321820170445524,2.481864588235616,1.7822775027183355,11.7006254196167
2830-3979-0010.wav,1.4295545816421509,0.8119623045728621,2.770953800555544,2.237174693029831,2.053410247554487,3.2316415826604685,9.000173568725586
672-122797-0070.wav,2.592204332351685,0.9252365688297514,3.9576438741568425,3.12912349965266,3.249550419215699,7.749531685330292,10.579118728637695
1580-141084-0026.wav,1.3626196384429932,0.7329993927454086,2.8035303172037747,1.8096679750316649,1.999150469829956,-1.4307172759498936,5.6398606300354
1995-1837-0018.wav,1.2791361808776855,0.8703626517293437,2.846343587090834,2.012818637189468,1.986562971999005,2.063113342977072,2.575565814971924
5683-32865-0010.wav,1.891577959060669,0.7970490036343011,3.209089020670264,2.5498337311799584,2.5000353367930312,4.895332033412576,8.827320098876953
5142-36377-0013.wav,2.626079797744751,0.9866993434306272,4.143486024504453,3.461634136301249,3.403418947295478,10.81894399865602,14.58792209625244
2830-3979-0012.wav,1.379589557647705,0.669623337837608,2.0701147823606183,1.741065950936905,1.647208104967421,-2.842885202936252,4.025813102722168
4992-41797-0014.wav,2.5458478927612305,0.9583043312379916,3.870508850045566,2.863835222764953,3.162989765385741,4.762540911235301,10.445442199707031
260-123286-0021.wav,1.8820140361785889,0.9665991757037012,3.122069496132728,2.254059428435609,2.434014870322342,1.0614011600760451,11.11648654937744
61-70968-0018.wav,2.293008327484131,0.9773484027522312,3.97041629097197,3.042856496590521,3.110593914952759,8.396002782191298,14.884658813476562
2830-3980-0064.wav,1.1208972930908203,0.5691489074841403,1.9793498072220528,1.6090135162156192,1.4365393987382842,-1.439566111948358,1.6276799440383911
1284-134647-0000.wav,1.1770615577697754,0.6072935837215078,1.762830941595066,1.6435588891972168,1.3401637418548749,-0.5682141756859007,0.8926148414611816
4446-2275-0008.wav,2.1091763973236084,0.9560743368401255,3.616282608430432,2.5372539446331337,2.835987945905222,2.0107988869720184,9.731989860534668
61-70968-0020.wav,2.767072916030884,0.9706086803263928,4.287104763561236,3.357217692208075,3.5381240629890875,8.442137065665985,7.313029766082764
5683-32866-0019.wav,1.639178991317749,0.8575218085701262,3.302533943407288,2.1342213135436348,2.421636838837052,0.1006018567519293,2.94886326789856
8230-279154-0014.wav,1.969804763793945,0.903836834216164,3.1034843656350204,2.017607136697718,2.4525999557864315,-2.6309847255060976,1.849212646484375
3729-6852-0046.wav,2.0296847820281982,0.9114333267860408,3.558776025090977,2.6566209012859026,2.7645274048939674,4.627884357405048,0.6831220388412476
6930-81414-0017.wav,1.7367438077926636,0.8260093068671358,3.392517524250477,2.7605385028833447,2.543396407796276,8.080591506735699,9.465981483459473
5105-28233-0000.wav,2.1128711700439453,0.8844652273098107,3.499817176818393,2.3478657013516395,2.760028976255446,-0.1477252146068887,8.92662239074707
5105-28240-0016.wav,2.159186363220215,0.8972723926507736,3.5608460605544767,2.5143654738194727,2.8205102963445845,1.847309130881713,4.6645588874816895
7021-79730-0005.wav,3.177786111831665,0.9743362605080724,4.493146182854203,3.308047604407933,3.815709563904358,5.969903290742429,11.435449600219728
5105-28240-0018.wav,3.217042922973633,0.9498433209783582,4.385034674564171,3.515617132006812,3.80994416935404,7.724145092189722,11.783408164978027
5142-33396-0035.wav,1.8982748985290527,0.9075045613205764,3.087444881190561,2.134494857931321,2.446394236592062,-1.902530447991052,10.875612258911133
4970-29095-0021.wav,2.0265822410583496,0.9186805169935396,3.300621840016779,2.4649899787595877,2.620502123891918,2.2268746082833712,7.798814296722412
3570-5695-0001.wav,2.146523714065552,0.9212077907193972,3.637371104960534,2.9181376864006907,2.879488406017184,7.149843419737181,8.114325523376465
4970-29095-0013.wav,3.298032283782959,0.9768304068838558,4.429194804890658,3.3025513345185344,3.826972974223256,5.747359904307105,13.992349624633787
7729-102255-0042.wav,1.810611724853516,0.8742327680279383,3.281495779606088,2.193824799740304,2.531969279453022,-1.762292234244636,5.090146541595459
2300-131720-0024.wav,2.132392883300781,0.9433866195233128,3.64277962725729,2.505478228922828,2.862078212409924,1.2781668267688966,2.100560188293457
2961-960-0018.wav,1.9416682720184328,0.9400206801999546,2.879547189530342,2.406524376575347,2.336331300409626,3.34322384580499,12.305249214172363
2961-961-0002.wav,1.6820805072784424,0.912923379497495,2.923962506797248,2.522476824645775,2.2814995961457467,4.767453303918809,5.872020721435547
2300-131720-0018.wav,1.937220811843872,0.9358650813097856,3.589727664341659,2.357335111996178,2.7384987182307907,0.347039861422299,3.038299083709717
5142-33396-0068.wav,1.7756915092468262,0.8672087960470606,2.728916684108488,2.073656531697486,2.168285887628978,-0.2720471723946963,13.441723823547363
4446-2275-0024.wav,2.87443470954895,0.966868549872438,4.451749933193803,3.3709070115256905,3.66830573255507,8.107206904413971,14.822434425354004
1188-133604-0004.wav,2.3491780757904053,0.8779468779700045,3.932434678339564,3.1943217727628785,3.145448929422569,9.255385921340574,15.551117897033691
8463-294825-0015.wav,2.173526763916016,0.9020378292671516,3.68394085601597,2.364950843775341,2.9079498944628277,-1.4680703280735312,10.062479972839355
2300-131720-0008.wav,1.8350147008895876,0.948593210630076,3.4430439986340717,2.386506344034736,2.605652786803313,1.9490297054879415,3.678945541381836
1221-135767-0022.wav,2.188707113265991,0.921605819408869,3.747587353699907,2.950961428607505,2.950549094279433,7.5746525207518705,7.4590163230896
260-123286-0017.wav,2.781759023666382,0.982239420633744,3.873508591704176,3.266264427484555,3.3279006886497555,7.408935271112532,13.723072052001951
8463-294828-0006.wav,1.211298584938049,0.7487471497998467,2.201268961103528,1.4573476657145543,1.5214709008213805,-1.398569301694778,1.2034859657287598
4077-13754-0009.wav,1.448545217514038,0.8745385671909529,3.532667125605005,2.3804902739423173,2.487150890469261,3.3733573430757446,9.030792236328123
4970-29093-0020.wav,2.0253090858459477,0.8736503819495522,3.176483254910176,2.402045003586595,2.5525991690062773,1.4793963598506723,14.734378814697266
1089-134686-0001.wav,2.541379928588867,0.9737581833091892,3.901137407278138,3.077245944929984,3.220998884143177,6.200133579673118,11.796695709228516
4507-16021-0034.wav,2.1639420986175537,0.9314413519486352,3.593481381582176,2.389051490283596,2.8460335854880383,-0.4811628987131003,11.46574878692627
4446-2273-0033.wav,2.16895604133606,0.9230811389192788,2.8961367764998087,2.3798753684862897,2.4559385674602807,1.3463870160889149,9.37975025177002
7729-102255-0007.wav,2.322804450988769,0.9380605834532592,3.4144280351525853,2.895867176325574,2.8604862074281816,5.330544485502207,10.829263687133787
6930-75918-0004.wav,3.136494398117065,0.9466471382801008,4.403128568738102,3.5318162337105283,3.775695061841125,8.705999902160091,12.323463439941406
3729-6852-0006.wav,1.6397799253463743,0.8358221269081152,2.9796754547880817,2.0175546364467656,2.2110090888041496,0.4597613132078605,6.691168785095215
4970-29095-0003.wav,2.3244822025299072,0.9353095219207468,3.42356546701938,2.530793671998837,2.8336130754301747,0.9446455080974572,12.420153617858888
6829-68769-0005.wav,2.431159257888794,0.9613959460608048,3.884836836577124,2.9696366779226104,3.1385541692649097,6.151194794843384,12.490253448486328
4992-41806-0016.wav,3.284501791000366,0.9809982915965068,4.369463029306261,3.5329449214705946,3.793630777804097,9.365587344352855,13.337886810302734
2094-142345-0031.wav,1.300143837928772,0.71251520211176,2.4532487800052225,1.8718329017409865,1.8092658733473823,-0.6728349377222521,6.632497787475586
4970-29093-0004.wav,1.3932437896728516,0.8724880014643321,2.722767331519898,1.9930193308242905,1.9996515438636775,0.1359988146620367,11.233938217163086
1580-141083-0023.wav,2.801347017288208,0.9483356608805916,4.022187582056677,3.1952681616384693,3.4014130721332663,6.589716594154437,15.908681869506836
4446-2271-0001.wav,2.556925058364868,0.9709318184506336,3.9465682302029688,3.2325973308465907,3.251684672812371,8.537905063118018,14.329339981079102
1320-122617-0010.wav,1.807591438293457,0.8381271643710683,3.2267790531001084,2.0966291800990025,2.460947078892843,-1.419714340456046,1.5497583150863647
2961-960-0014.wav,1.9010368585586548,0.8978533933837153,3.245690731643427,2.505950483077214,2.5479850581197474,3.0272294687938555,9.971524238586426
4970-29093-0010.wav,2.070037841796875,0.9316892884076884,3.1366440985608706,2.1526962234379527,2.49317467582514,-0.0779376070004539,10.147608757019045
5105-28240-0007.wav,2.861340045928955,0.945459295184898,4.035622138877801,3.0406989589173783,3.419185798091185,4.527263746415778,9.011610984802246
121-127105-0004.wav,1.0936404466629028,0.7700594467358668,1.0,1.2163092293683195,1.0,-5.424145560456073,-3.655431032180786
1188-133604-0009.wav,1.902150273323059,0.7838602075511216,2.908795547535556,2.5627897249717817,2.3890345940797144,3.5633910547035894,9.239437103271484
1089-134691-0011.wav,2.9157485961914062,0.97117317632113,4.289704991332116,3.3006657600687634,3.609127362020133,6.652883859124054,10.157126426696776
1580-141084-0046.wav,3.4948511123657227,0.9680009942934142,4.756662548792512,3.744043447797505,4.1308230782939,9.432284687788185,19.047666549682617
8463-287645-0012.wav,1.0845696926116943,0.5844232632926202,1.8584684177335924,1.461161718345613,1.3384695258192694,-2.6481720327046414,1.385281324386597
4992-41806-0008.wav,3.1221837997436523,0.9762044928037004,3.910254210599841,2.4377296133511885,3.352139882693086,-1.0138454942970725,6.405791759490967
61-70968-0006.wav,1.654188632965088,0.9437422327599604,3.5658535017681787,2.548278028695389,2.584890924942321,5.472783985872827,9.857582092285156
908-31957-0014.wav,2.671335935592652,0.9631204565135876,4.088413237288235,3.019218548238709,3.349946264468153,5.608598852429474,9.394984245300291
5683-32865-0017.wav,1.7009615898132324,0.8490455517667551,3.088132426018576,2.192559144793287,2.343434238394141,0.6777115078739572,8.945237159729004
4992-41797-0006.wav,2.8064560890197754,0.9675769748842614,3.970796926215266,2.9129722184790325,3.3328833982563024,4.076475940935068,16.317855834960938
4507-16021-0030.wav,2.363924503326416,0.9219457785355992,3.833083487702525,3.121764852932822,3.079969854853406,9.02680788053259,7.8506011962890625
7127-75947-0033.wav,2.804232358932495,0.9669681088965,4.12527551322854,3.32193975634584,3.472291313539782,7.779793362730039,14.234076499938965
5142-33396-0040.wav,2.740036964416504,0.9671421979671572,4.174770810093183,2.8100260231620537,3.4660307166835773,0.073906960762673,16.770780563354492
4970-29093-0014.wav,2.5079801082611084,0.8827471012535595,3.438742292581773,2.3411490909672734,2.871029811923614,-0.6911571164735792,10.2112398147583
3570-5694-0007.wav,3.252119779586792,0.9916718901402706,4.658274767277525,3.791876954480964,3.9740401369804776,11.383670711027412,17.761728286743164
7176-92135-0012.wav,2.384037494659424,0.9651785441031908,3.912516977563409,3.177309470962675,3.158457241660152,8.48664302073127,11.686887741088867
260-123440-0006.wav,2.3409502506256104,0.9651900474912408,3.7573005824686354,2.5453083773416165,3.02586731684823,0.2622373586202188,13.541692733764648
260-123440-0017.wav,2.880388021469116,0.970891491459344,4.406162692890955,3.163611952788874,3.652677870496154,4.593253681052284,14.815399169921877
3575-170457-0026.wav,2.8686981201171875,0.9161632291465468,4.317694110538038,3.361815932586725,3.58409625821475,8.650153742589687,11.556451797485352
7176-92135-0034.wav,2.267999649047852,0.9789539927329222,3.8143661489563248,2.9725302077636337,3.053923590463604,5.988893829501461,8.30745792388916
3729-6852-0033.wav,1.9874267578125,0.9108877451084622,3.436934914133124,2.159974249174942,2.6255360980265827,-0.4221721777546414,6.314754009246826
2094-142345-0039.wav,2.497526168823242,0.9218098484044716,3.992422697999016,2.853557150027094,3.23605702106916,3.344332027465051,3.958621501922608
1580-141084-0009.wav,2.651427745819092,0.961304396500138,4.182864196931465,3.080327640180592,3.400667413428237,6.122584188134352,14.93563461303711
5142-33396-0046.wav,3.2707314491271973,0.9805950847512792,4.637178231614566,3.8789197395516246,3.9754603304785854,12.513106595961055,19.121721267700195
8555-292519-0007.wav,1.0848380327224731,0.5775402556243521,1.4490796286775407,1.0856450308503351,1.0070477236817412,-2.9775038455986698,-3.829303979873657
4992-23283-0016.wav,2.941460371017456,0.9879796059062552,4.291560331279905,3.1537935760733142,3.616458004468434,4.41623186032731,13.337404251098633
237-134493-0016.wav,2.972625970840454,0.9423536658482262,4.034921259426965,3.316083578227589,3.505942136819556,6.692240534987544,12.066163063049316
8230-279154-0036.wav,2.654796600341797,0.9646411856623348,4.024219958361832,2.9308119141172178,3.318933257608792,3.9219634172303,10.255688667297363
61-70968-0052.wav,1.9390424489974976,0.9113694545372378,3.611846657019919,2.2125908084387444,2.729029012423913,-1.0216515204729215,8.054895401000977
5683-32865-0003.wav,2.055216789245605,0.8627816246064978,3.345140054718408,2.477305043107372,2.63520505706726,3.1703155878070066,9.216038703918455
1089-134686-0024.wav,2.080491542816162,0.9376576167583688,3.38130152850446,2.7058955114000325,2.723355184378937,4.078224503992014,11.358165740966797
61-70968-0058.wav,3.0155532360076904,0.9906920272624028,4.644019524040314,3.645819253027773,3.859791957708166,10.318153254307031,15.961124420166016
1221-135766-0007.wav,2.034801959991455,0.8286120306900928,3.6255468955967527,2.356548532323614,2.8030948141692957,-0.2956066247759187,5.793347358703613
672-122797-0052.wav,1.9270538091659544,0.8353613171182005,3.3249595447616813,2.4706880185860847,2.573689065629852,3.454217699396147,8.055961608886719
4507-16021-0025.wav,2.818761348724365,0.9514932638837869,4.088073589679168,3.2261639740365946,3.433928294458986,7.347232761544271,13.797002792358398
4446-2273-0021.wav,3.847101211547852,0.9895250014078416,5.0,4.369503980264666,4.522581390360036,15.556605170259338,21.17279815673828
1995-1836-0014.wav,2.9329676628112797,0.941116171809628,4.238257281768361,2.8857142337827724,3.583285548035273,0.3295046856790182,12.088703155517578
4446-2275-0032.wav,2.266643524169922,0.9067888873501376,3.8472232546685854,2.7622025911556323,3.048810027073665,3.5760869474674504,7.456095218658447
260-123440-0001.wav,2.3487548828125,0.9732021926563272,2.6158984679418893,2.55826859809675,2.435783375762512,1.558550647956777,12.671351432800291
2300-131720-0028.wav,2.54083514213562,0.9593309788937794,4.141863541499894,3.0912428997829084,3.3375322929477638,6.557283448039381,6.607520580291748
6829-68769-0002.wav,2.0443384647369385,0.947336761864322,3.5403188641424803,2.155504877276067,2.7514742358607363,-2.941017053960382,9.411670684814451
1580-141083-0015.wav,2.9460251331329346,0.9525459409475816,4.196028191457614,2.9607535176335094,3.5417941167404248,2.6143473223038174,15.942100524902344
5105-28240-0006.wav,2.1727170944213867,0.9173679845754552,3.703423898968109,2.676044661171423,2.913863215066047,3.62463771866531,6.1092400550842285
1580-141083-0010.wav,3.540475368499756,0.9638419144884608,4.924325961734618,4.067971899984963,4.2566228324967925,13.375882027453278,19.64634323120117
61-70968-0041.wav,1.4511065483093262,0.8055518112455131,3.0092025506886526,2.0162675950138533,2.1790488901733456,-0.2713626421669935,5.658287048339844
4507-16021-0045.wav,1.2854244709014893,0.6584240868308483,2.2607358943755638,1.5792072592808686,1.6011416957161588,-0.584089375869158,3.791682243347168
5142-33396-0064.wav,2.198073387145996,0.976437020536316,3.699696211406824,3.047210648986048,2.9576510189104948,7.876938916656583,16.469833374023438
3575-170457-0036.wav,3.1430954933166504,0.9810826648513772,4.472336223044996,3.667966221763498,3.803839343699208,11.241082904527294,15.959491729736328
1580-141083-0000.wav,2.9339277744293213,0.9600757681927384,4.395518378560535,3.006246136846227,3.680429577000039,1.4242648479669895,17.355438232421875
1089-134691-0017.wav,2.492778778076172,0.9329867402817902,3.787489412637879,2.829038602675469,3.140629943627334,2.5973272010124626,9.638946533203123
8463-294825-0000.wav,3.4710018634796143,0.9912727301154972,4.800584931489621,3.761221248908377,4.145722130456215,9.661744252907782,15.529980659484863
4970-29095-0007.wav,2.7777583599090576,0.9583485843089709,4.026739805812059,3.118261382905978,3.389693288053125,5.637712677296877,11.838959693908691
3575-170457-0007.wav,1.8333561420440676,0.950673768211172,3.261334227044256,2.000940358895922,2.4875274651695967,-2.9744200472723934,9.384322166442873
1089-134686-0018.wav,1.8005735874176023,0.8755172746728206,3.2203278481448887,2.386364367684441,2.4875277487710687,1.763821587405837,5.582764148712158
4992-23283-0008.wav,2.934357166290283,0.9611596686049858,4.100615180042821,3.220112555016798,3.488210503556165,6.829246753655533,12.260666847229004
5142-36586-0004.wav,3.6910202503204346,0.9955696380891896,4.694866940554482,3.980974703988829,4.159829336874001,13.436429754021056,21.571430206298828
7729-102255-0017.wav,1.4116504192352295,0.7784103859946583,2.4409191834569657,1.7980024843721143,1.8549121706355325,-2.491378550552776,0.9961628317832948
7021-79740-0010.wav,1.896212100982666,0.9301503898443294,3.40645618414267,2.406474916409386,2.614828636544267,1.9568300816462727,10.023890495300291
3570-5694-0008.wav,2.4042813777923584,0.9556870770832556,3.7380195951700337,2.9161595772089584,3.0557497040897936,5.337983586222689,8.936161994934082
7176-88083-0024.wav,3.1383564472198486,0.9900155118482704,4.606197912359043,3.488778114933498,3.883558260202336,7.749588301667198,9.93341064453125
7176-92135-0020.wav,1.922276496887207,0.8764814671780199,3.4534460908259805,2.2409169857435325,2.661001297498725,-1.2931326419239608,6.897466659545898
4446-2275-0029.wav,2.9051764011383057,0.9376357245430984,4.481387318577753,3.110773869690681,3.703328262420732,3.5354781173257983,10.614316940307615
237-134493-0001.wav,2.899931669235229,0.9259232569029971,3.8022960325960735,2.935476324271823,3.3072957945240957,3.237534670178448,12.409358978271484
1089-134691-0012.wav,2.880506753921509,0.9781494831032332,4.13976393799777,3.4455818875533963,3.5271510805009827,8.761176706080255,13.409202575683594
1221-135766-0000.wav,1.8158013820648196,0.8994762210455111,3.5095014512734277,2.373207925135542,2.644378454349049,1.2069532398734093,8.42151927947998
260-123286-0004.wav,1.7026381492614746,0.9452283147297216,3.090470461000293,2.11128558826947,2.33782622378544,-0.28942533058314,9.113801956176758
8455-210777-0064.wav,2.4558937549591064,0.9664171062732362,3.956198561726299,3.128574874851185,3.205868225868157,7.635287205508455,13.826027870178224
7021-79740-0009.wav,3.021430253982544,0.986820196830658,4.443317588708233,3.463348210749882,3.7417760473377375,8.30773553782514,13.374619483947754
8463-294825-0002.wav,1.710782527923584,0.869275485495081,3.296094693377263,2.128750454127085,2.468171568227206,-1.1279001866559233,10.006414413452148
260-123288-0027.wav,2.327559232711792,0.959235214108582,3.810591257978471,2.769165668749084,3.04873984607112,3.7797241175116647,12.583016395568848
1188-133604-0005.wav,1.9912400245666504,0.8290183235937234,3.576645115521919,2.731534047429236,2.7768732589310687,5.101131538866501,11.995046615600586
672-122797-0007.wav,2.219484567642212,0.8394327343670552,3.584390497394851,2.86284860696887,2.888332137517021,5.790803655498693,8.945566177368164
4077-13751-0019.wav,1.7447829246520996,0.7786843768933692,2.177528884262674,1.5335485375501552,1.7455490214363456,-2.76073913793167,2.530103206634521
5142-33396-0042.wav,2.669663667678833,0.95805787224137,4.09447022372426,3.017672637264365,3.391672651180908,3.853901213809876,15.184002876281738
8555-284447-0017.wav,1.8122434616088867,0.8747202500841199,3.1966532114389,2.72372807082893,2.478272179206614,7.178677704134923,12.730568885803224
1320-122617-0018.wav,2.433809995651245,0.945181210687314,3.840862928863277,2.735622728442629,3.0901296157535216,3.6450737657195735,3.0086379051208496
7021-85628-0014.wav,1.656066656112671,0.916681485657022,3.0265761045293886,1.821590417770397,2.2919387768733896,-4.949510867467318,5.139366149902344
1089-134691-0016.wav,2.9009339809417725,0.9570623679535142,4.348202198301887,3.0474619135648577,3.623926119109609,3.046963473654972,10.098352432250977
8455-210777-0045.wav,2.4192047119140625,0.9881140517740468,3.8868030052648943,3.181326457512674,3.1617206417790857,8.358494153869612,16.045930862426758
1995-1836-0000.wav,3.63278603553772,0.9848731879227208,5.0,3.849215258904716,4.3435831227088055,9.204285097368738,9.65992546081543
4446-2271-0002.wav,2.181832790374756,0.9319584934321424,3.4523608388606672,2.271365189137953,2.767116044184056,-1.7035843340981087,8.57992172241211
2830-3980-0007.wav,2.0356454849243164,0.9054752039809704,3.482257399610721,2.586151228340106,2.736467624287633,3.155516698662779,10.37955379486084
4992-41806-0013.wav,1.7543678283691406,0.9498247539928768,3.3221515313127545,2.7043158300803958,2.5025943830960413,7.701655310106813,12.490744590759276
7176-88083-0009.wav,2.086812973022461,0.9572069231844412,3.634444729658579,2.7387160348459845,2.851642400802909,4.58917786565206,7.533555030822754
8455-210777-0070.wav,1.5649012327194214,0.8285641628489158,2.8431820821759834,2.0233098101876954,2.168570326723119,-1.6691458487542534,6.656903266906738
61-70968-0043.wav,2.546967029571533,0.9337559831782728,4.033276456377632,2.9179714502446967,3.272132095318185,4.397815189131433,10.148730278015137
4970-29095-0027.wav,2.862298011779785,0.9240358699429684,4.169674597745295,3.2370897465208723,3.499283743353235,7.068345252444358,13.331998825073242
1284-1181-0000.wav,3.427312135696411,0.9864850244480812,4.738217934167758,3.9057910377162393,4.108020275490508,11.609836675860809,17.3126163482666
3570-5695-0003.wav,1.829054355621338,0.8781439554601504,3.238454809124696,2.069120841886147,2.493924622681833,-2.738685611191898,7.698528289794922
237-126133-0013.wav,1.6104110479354858,0.8325320676891386,2.510360288570026,1.9170877887666653,1.9456034380496168,-0.1605586243973835,8.708762168884277
260-123286-0013.wav,2.0750575065612797,0.960069139066012,3.430636802223586,2.822531905556259,2.7511176216594784,5.708292351277025,13.032039642333984
3729-6852-0026.wav,1.9949381351470947,0.926864815435282,3.5807877628401217,2.784983945832593,2.744165738528692,7.535641318005507,10.729270935058594
4077-13754-0007.wav,1.621389627456665,0.8837314344941707,3.140230065934816,2.051600118183865,2.3413929378674765,-1.4942892358536433,4.4477739334106445
8230-279154-0026.wav,1.5599689483642578,0.803785402662403,2.9000950655590847,2.0668790709013005,2.174041539772467,-0.0432642336283378,4.916357517242432
61-70970-0021.wav,2.25998592376709,0.9446847395288854,3.8107026517221447,3.0102400075946742,3.038211570789379,7.08191712036805,10.800538063049316
1995-1826-0006.wav,3.226501941680908,0.9727106392156448,4.3779258418141005,3.5764428143580704,3.7515872834199246,11.24361853546762,14.989191055297852
61-70968-0042.wav,2.492875337600708,0.949666350794906,4.070085716701472,2.725340917365633,3.2815478413651986,0.939251426263207,8.384706497192383
61-70970-0039.wav,2.286205291748047,0.9475625590933584,4.076131279687091,2.8446972019604466,3.184371484008854,4.217842360536466,7.36148738861084
6829-68771-0025.wav,2.386049509048462,0.9612927078680844,3.784077718834298,3.08873665483614,3.0712238233823363,8.13793857350995,14.03890609741211
1995-1837-0025.wav,3.0130622386932373,0.9637741433442488,4.306103022614388,3.70064627148538,3.664163305807054,12.363148189894629,17.823455810546875
2094-142345-0018.wav,1.7497150897979736,0.9336980381389576,3.333637146038824,2.045311268648559,2.502460663608981,-2.569263383807644,7.230379104614258
1320-122612-0008.wav,1.8573331832885744,0.8696097289673377,3.0961551081459957,2.333026732693398,2.446549362433231,0.8326380627752982,2.2788586616516118
1580-141083-0011.wav,2.2765817642211914,0.9661393180486132,3.88106602148525,2.9272720441988955,3.078246059768346,5.7869348166910095,15.660797119140623
1995-1826-0002.wav,3.0054564476013184,0.9810076228197973,4.378622536969218,3.4549989618608685,3.679757667687897,9.25521179908416,16.68436050415039
1284-1180-0020.wav,1.095384120941162,0.5794607603331874,1.9776327192570204,1.5760680083447307,1.4395497325409174,-2.50683463064074,0.3001669645309448
4970-29095-0029.wav,3.0886709690093994,0.93348592831047,4.380560159165421,3.130088798922144,3.723481618125772,3.433955570082829,12.499216079711914
4446-2275-0003.wav,3.293133020401001,0.968839368929418,4.695514352307884,3.756769369052585,4.00134888491433,11.040888721731037,15.86843967437744
5105-28241-0017.wav,3.3104074001312256,0.9167199613456296,4.8174938446337245,4.046140956501695,4.083680584070853,14.933984050240309,2.437191963195801
7176-88083-0002.wav,1.4048330783843994,0.8614220365285674,2.668445225563689,1.557324607632118,1.929484738226228,-4.709270855387532,0.523717999458313
7021-85628-0022.wav,1.165807843208313,0.7661188578159988,2.128219516746346,1.8631277484119244,1.587060505634339,-0.1157998624884368,2.1010284423828125
1580-141084-0033.wav,3.5004653930664062,0.9746902891313716,4.904047164868676,3.733459778510472,4.211170890698974,9.037588874738946,16.29607391357422
4446-2271-0017.wav,1.746391534805298,0.9228077106855036,3.0353791244083617,2.825045735703875,2.389252989207096,8.20801280940204,14.55807113647461
8224-274381-0008.wav,1.0733344554901123,0.4474850614206676,1.0,1.1350001084617147,1.0,-2.9265443156194584,-3.881854057312012
4446-2275-0036.wav,2.4713289737701416,0.9311564138133348,3.615612182520332,2.84947040737888,3.0261659655304225,3.8823658705894406,13.260614395141602
237-134493-0010.wav,2.520097017288208,0.8873397887329897,3.753541774661323,2.912879084592201,3.11566899077754,4.684180814818577,12.743040084838867
1580-141084-0029.wav,3.427589178085327,0.9744699905379672,4.842514071022201,3.945012151459853,4.156021813507165,12.407983883237844,18.634660720825195
3729-6852-0002.wav,1.6297160387039185,0.8283760916337604,2.598033166171132,1.7039685951053842,1.9550843175646195,-1.7560827662876617,8.277353286743164
2094-142345-0033.wav,1.6700456142425537,0.8096021454569586,3.306763180658574,2.3421884504025505,2.459424945570332,2.2820089058075896,1.874766826629639
7729-102255-0034.wav,2.829761266708374,0.9594010623584418,4.084783718017487,3.2464702488324866,3.456948627459945,6.744447251397721,11.787630081176758
7176-92135-0010.wav,2.242393493652344,0.9702751658818408,3.749777636345252,2.99119117469297,2.9869901984002336,7.442770409235432,11.761774063110352
1284-134647-0004.wav,1.5349104404449463,0.7424160807827893,2.795939695336851,1.7336226441555758,2.0330340130605444,-1.7711146129144333,-1.3322358131408691
8455-210777-0053.wav,1.9924345016479488,0.9340267311264312,3.2933098305289983,2.595628042504487,2.632717314334971,3.101367099970472,10.430822372436523
8463-294828-0023.wav,2.754359006881714,0.953146093028965,4.244129021162013,3.2995278317794647,3.5090735500459007,7.677829788991006,15.8659029006958
4446-2271-0023.wav,2.92860746383667,0.9672488434762072,4.005601439131966,3.533209708225961,3.475629946880852,10.186095536788558,16.056310653686523
4970-29093-0006.wav,1.687004566192627,0.8203958425150223,2.706910343411155,1.8570759502545235,2.11108469881332,-2.9722749387636367,7.010178089141846
1995-1837-0004.wav,1.4520058631896973,0.8861376257492308,3.235860859837808,2.3777309492339698,2.3222824638059585,4.137512048997471,5.256291389465332
1320-122617-0040.wav,2.4731924533843994,0.913018436576905,3.913187504650381,2.790402099566885,3.1800299928277367,2.716580592571823,1.3872604370117188
5142-33396-0006.wav,3.421591758728028,0.9876668039949696,4.459808262524032,3.955720194658609,3.96484950418955,12.52303398495546,21.177757263183597
4446-2271-0020.wav,2.168368339538574,0.93522841169785,3.462843609056066,2.3141629295127157,2.779085480773147,-1.5192113119765691,9.336008071899414
237-134493-0012.wav,2.1299076080322266,0.8634145782561656,3.3005661328682696,2.5458975856933588,2.685898953059889,2.143429282311096,8.085562705993652
61-70970-0035.wav,2.1961443424224854,0.9534230012109914,3.92274661299656,2.9359562733271485,3.0547711620250304,6.693512345265262,11.617690086364746
260-123440-0015.wav,2.7537295818328857,0.9771231669976824,4.166900250074428,3.4463517116844105,3.4707405070023705,9.995010707738446,13.070627212524414
1995-1826-0022.wav,2.1817402839660645,0.914892462464404,3.547953950512125,2.3505839400798663,2.802746530227848,0.0782932425387058,10.983221054077148
1284-1180-0029.wav,1.6216776371002195,0.8941591390987936,3.3486082974460136,2.453297247564363,2.460209060958244,4.219320053279373,8.186511039733887
237-134500-0037.wav,2.201939344406128,0.9097380244462492,3.624232706620825,3.022693495289916,2.8952270042633987,8.640452962381678,15.293563842773438
672-122797-0053.wav,2.193286895751953,0.862685761297051,3.593588344997101,2.790975421906857,2.8534489006925448,6.004438893924615,10.865715980529783
4077-13751-0010.wav,1.5521727800369265,0.8501417626585498,3.002150347154126,1.9845324071025656,2.2389003438662027,-2.084966522230564,3.409254312515259
2094-142345-0005.wav,1.2367970943450928,0.669689259016051,1.856310386589057,1.8849825953177468,1.483200710516642,-0.1130845734735385,0.2645590305328369
8455-210777-0001.wav,2.655646324157715,0.9840756886310768,3.9605962661763714,3.2644364338943515,3.317838702695936,7.8834831783314625,15.450431823730469
4507-16021-0019.wav,2.894869804382324,0.984028346579262,4.092957678287592,3.2916144428284886,3.429776712836325,9.791941222777584,16.91492462158203
6829-68769-0010.wav,2.269056558609009,0.9670149959740614,3.9425901882271175,2.4118287959435905,3.097624054540328,-2.010044255452756,8.333314895629883
4992-23283-0004.wav,1.7397868633270264,0.9321766029155508,3.1680526357115726,2.4330359779581228,2.4192677063317563,3.474918697188976,11.149121284484863
2300-131720-0030.wav,2.2838871479034424,0.9322439435279216,3.758738003826471,2.667754415760429,2.9979494767725745,2.630769768072562,2.317365884780884
1320-122617-0030.wav,2.593674659729004,0.9705790670488608,4.001180087848214,2.990744936498528,3.2715142347680173,5.561320006258038,5.23000955581665
7176-92135-0030.wav,1.1540768146514893,0.8062045637346367,2.3021309205248155,1.689378519135388,1.6777989087791814,-3.23099115020524,6.625101566314697
7176-92135-0042.wav,1.885389804840088,0.9272477909411456,3.4375472367503472,2.542839540670781,2.6543656762274166,2.902309989223627,7.114245891571045
4970-29095-0012.wav,3.110875368118286,0.9301267691324338,4.307930067852673,3.29860278903951,3.678900147045727,6.806305167272561,15.032291412353516
1089-134686-0028.wav,3.113628387451172,0.9940351032100336,4.672090224476372,4.027581315688971,3.933936999354645,15.164365010442497,18.12397575378418
3575-170457-0003.wav,1.8785374164581297,0.8264889550008664,3.1828222451607058,2.258329091425866,2.4976316580671134,-0.3928425965770904,8.033843994140625
5105-28241-0004.wav,2.5303399562835693,0.9174079343690368,3.88558081701863,2.978492822848143,3.206780902404014,4.756158661086536,11.985777854919434
61-70970-0003.wav,2.7181570529937744,0.9681010501957272,4.068274765953682,3.2067500903677013,3.4004770070185244,6.603910151188425,12.468389511108398
7176-88083-0027.wav,2.3151395320892334,0.95713697269357,3.89657268008357,3.0444099473959096,3.120981463892843,6.668623711034229,8.527992248535156
2961-960-0001.wav,1.2113865613937378,0.7152210394339227,2.212655744274126,1.771626658665268,1.6432835907353405,-1.526053298562872,5.371088981628418
2830-3980-0045.wav,1.9929018020629885,0.8849079795283227,3.4585858454622467,2.4715445872693085,2.6674475378990827,3.231721085075309,9.783695220947266
260-123288-0007.wav,2.568364381790161,0.9707419320429173,4.000646121273819,3.135197710992529,3.28266409076155,6.980188925604384,12.161022186279297
260-123286-0009.wav,2.630103349685669,0.979922652092246,4.04691486982316,3.323178062153036,3.351898554714317,8.83307813640551,13.65849494934082
4446-2273-0016.wav,1.2945321798324585,0.7963464996150075,2.41637490852242,1.3891663280894162,1.6982903624923285,-4.335369291787529,2.008259057998657
4992-23283-0017.wav,1.342473030090332,0.892580091699937,2.8116770784371976,2.044269374939866,2.032141760277697,0.7227763244256181,6.976775169372559
8555-284447-0022.wav,3.5014355182647705,0.9670116508242296,4.591889056757344,3.841792405537735,4.054881323757065,10.814066874796334,15.814910888671877
2300-131720-0020.wav,2.8090128898620605,0.9798460368639976,4.205414913391338,3.272726225537401,3.5176269397307016,6.82812325343867,8.124344825744629
5639-40744-0016.wav,1.5781272649765017,0.8352120926369713,2.649945706335028,1.931926596115432,2.0576230796006323,-2.273756274265825,5.685893058776856
4992-41806-0012.wav,1.5312238931655884,0.84836256589293,2.4803283530295475,2.1109455734046474,1.9241926936368867,2.0405492245899044,8.388160705566406
61-70970-0001.wav,2.133357048034668,0.9504995235450484,3.5602824219553453,2.89872873261328,2.845062487514979,6.475526222601874,11.988759994506836
5683-32866-0025.wav,2.9163978099823,0.9520496186471836,4.269674362785076,3.502513876433891,3.571614474298768,11.080002491012298,17.33807945251465
5142-33396-0065.wav,1.4012960195541382,0.8482722203725519,2.457286114734358,1.818753688356273,1.8811909275810104,-3.1128141818341493,10.060213088989258
61-70968-0037.wav,1.5102455615997314,0.8520723320944011,3.289435936747846,2.399185503426507,2.38129455805068,3.906393137682461,9.111870765686035
4992-41797-0015.wav,3.4940946102142334,0.9785748075185904,4.683012191236785,3.910412732804832,4.08809931869085,12.329745794824037,18.75853729248047
2830-3980-0034.wav,2.5909082889556885,0.9037159854891104,4.155560916248027,3.019085074450277,3.326788794239213,6.919672827688508,12.665491104125977
237-134500-0016.wav,1.1507651805877686,0.7290322498985573,1.312493605724153,1.0,1.0,-1.828601051178855,-0.6753443479537964
4970-29095-0011.wav,1.6031959056854248,0.8882496565236857,2.8935885221708237,2.1532975103703538,2.183450428122554,1.4050205537778346,9.534157752990724
4970-29095-0031.wav,2.925152063369751,0.9380067257062946,4.211772906968856,3.21918148573992,3.548558277099989,6.457499358743791,13.018152236938477
1221-135767-0021.wav,1.8423240184783936,0.9374284168646247,3.757687432541931,2.862316776095061,2.8043326130382877,7.752857027520404,5.84193229675293
1089-134686-0010.wav,2.6039607524871826,0.939214172482104,3.832279237099727,2.6849207809626003,3.231008454122561,-1.060308537176361,11.37138843536377
237-134500-0013.wav,2.033774137496948,0.8960064811616228,3.482894636931547,2.604696125033742,2.7477273257500827,2.9403219783426686,9.081710815429688
121-127105-0013.wav,2.89005446434021,0.946496816770688,4.311088670359438,3.2332432081679032,3.603585773768352,5.918924086783051,10.559271812438965
61-70968-0061.wav,1.9502187967300413,0.9579579712022376,3.805006778764454,2.9039381291119835,2.863881520000557,8.409046243827746,12.97602653503418
5683-32865-0007.wav,1.2254023551940918,0.7220665834614286,1.7627199128091726,1.1362918597455856,1.21655126801449,-2.4675286950269304,0.2646150588989258
7021-79759-0003.wav,1.509208917617798,0.9064453426237644,2.7461113293142096,1.9891879263937424,2.0823657005361618,-1.35720430552719,1.894952178001404
908-31957-0019.wav,2.257704496383667,0.9078701911524008,3.695576743023498,2.71669561727892,2.9437168136228085,4.028539380252675,8.992677688598633
2094-142345-0032.wav,3.0467379093170166,0.9885639189562712,4.564157984241331,3.676292173823166,3.8071228111411113,11.828838707544085,15.577439308166504
1188-133604-0001.wav,1.502185583114624,0.6462021807026667,2.696757077355674,1.9592737585912456,2.0437712405155355,-1.31653335291522,7.570652961730957
3575-170457-0010.wav,2.715605974197388,0.9692823345427226,4.247268391633567,3.176696987218549,3.4998006119446785,5.637355816633076,15.309118270874023
8455-210777-0042.wav,2.480282783508301,0.9543983281735448,3.805220054850317,3.10902313101944,3.137102672674932,7.402430686617601,11.914149284362791
121-127105-0011.wav,3.31140661239624,0.9805012906713992,4.792556302553452,3.899968684434554,4.088675445247094,11.861676395303482,15.186286926269531
6930-75918-0014.wav,1.7936856746673584,0.8572781338378317,3.3184822886310217,2.1905234589403517,2.503620958034527,-0.0030092787437284,4.986488342285156
1089-134686-0033.wav,2.4877185821533203,0.9714720083114056,3.911572424124221,2.7289215966278757,3.186728597400404,1.623126103467454,9.829398155212402
8555-284449-0005.wav,2.432382345199585,0.957879288262868,3.912755471729559,3.0425764642730813,3.1521558460214263,7.339669681094387,15.714278221130373
5683-32866-0014.wav,2.424091339111328,0.9597681461054832,3.97252479824744,3.3859826634733183,3.176828819741797,12.892231693763517,15.059490203857422
1221-135767-0017.wav,1.4110864400863647,0.7663759313386673,2.990060857865507,1.9519408586930151,2.1452239068595125,-0.8084924673847261,4.279026031494141
7127-75946-0027.wav,1.5232877731323242,0.7889503694963781,2.8825253116711025,2.1800879963346365,2.14858596476604,1.952296737947566,3.864338636398315
908-157963-0020.wav,1.4372230768203735,0.8075988902203947,2.860428104540809,2.1763535033064616,2.08255156259229,3.056214366751726,4.648867130279541
1995-1836-0002.wav,2.9903931617736816,0.9777593212018448,4.446964245208791,3.5674940916755684,3.7269432737891033,10.2392723650502,13.359545707702637
5639-40744-0036.wav,1.2309858798980713,0.7786786846549479,1.5432380879315626,1.5736456615616428,1.281566587792154,-3.119650939085372,4.794551849365234
1221-135766-0010.wav,1.7330374717712402,0.8599988889793174,3.4322904524591107,2.4868079602769626,2.5579172236269727,3.913471817441383,7.026229381561279
5142-33396-0037.wav,2.46789813041687,0.9698630116977472,3.7886654286650168,3.1438017973240617,3.1271479918460905,7.848577011395763,17.264062881469727
4077-13751-0000.wav,3.05520248413086,0.974091894431508,4.63810761979439,3.501324445649248,3.858596268077023,8.528959638747288,6.400301456451416
8463-294828-0033.wav,1.3618769645690918,0.8758783041028148,3.26134610631464,1.9137686266057756,2.273699562365659,-1.849130063845996,7.369576454162598
2961-960-0003.wav,1.7802523374557495,0.8643839328368557,3.082204949192956,2.4100885104307768,2.3956195581627093,2.863857239607629,9.668347358703612
7127-75947-0027.wav,2.405287981033325,0.94305914103447,3.798426497124658,2.8974683101706127,3.0960196956295407,4.606065854186006,10.799453735351562
6930-75918-0018.wav,3.3335623741149902,0.9520643470114548,4.641752746198638,3.7259460621277807,4.006550266106195,9.736607541482282,11.660783767700195
2830-3979-0007.wav,1.589421033859253,0.8124539662359872,3.049182883388617,2.014642862216597,2.2608466276243564,-0.9967887206331671,4.409377574920654
4446-2275-0019.wav,2.617201328277588,0.9421728438493032,4.105485578945888,3.018725405457416,3.3631094809159907,4.601413012522878,11.978751182556152
1995-1837-0023.wav,1.9086830615997317,0.9315471201229144,3.555491066439243,2.7534844053321077,2.717592537799144,6.387287435742314,9.271003723144531
4507-16021-0044.wav,3.424198627471924,0.934325009698323,4.4620378112669385,3.5084437606852177,3.9136826659894464,7.76486885211995,17.931194305419922
7176-92135-0036.wav,1.259975790977478,0.7826667681929268,2.740523305252497,1.9086779918214836,1.9806175937510555,-1.9287204236193536,4.518362045288086
7021-79740-0004.wav,1.918092966079712,0.9033837736931698,3.173367494180315,2.417085497233165,2.519104337780247,1.553685655921036,7.176082134246826
121-127105-0017.wav,2.124219417572021,0.9505739060289184,3.908236006281826,2.939147874092713,3.021968069090518,6.81684718348114,11.574560165405272
1580-141083-0027.wav,3.813488006591797,0.9438948013141092,5.0,4.320241844262492,4.4902123442489765,15.05391891401518,20.385740280151367
237-134493-0003.wav,1.7940737009048462,0.9124046414600578,3.3011460238358854,2.2491747082469264,2.542757269212661,-1.1707126682896023,3.334559917449951
5105-28240-0008.wav,2.074580192565918,0.8930383599457925,3.415732099561441,2.5218234987036303,2.7255776004565373,1.7266668267296117,5.945687294006348
2961-961-0004.wav,1.899614214897156,0.941660333808412,3.308016532844965,2.7463360416553684,2.597537235925156,6.005129530305724,11.004595756530762
121-127105-0021.wav,2.4330053329467773,0.978659109313245,4.013564226071602,3.159865574867835,3.22510108472142,8.206614497132765,13.8389892578125
1284-1180-0018.wav,2.5343024730682373,0.9222587220053828,4.017603747879054,2.616840957229631,3.271011081638852,-0.8619030440358391,6.058735370635986
8555-284449-0012.wav,1.5921058654785156,0.762197293664902,2.7643421001731645,2.14069630181665,2.0863688473036945,2.486331486656864,4.922791481018066
4507-16021-0018.wav,3.328577756881714,0.9858822792535932,4.654636858507037,4.058341446740736,4.006647639545643,15.217807076180494,22.614803314208984
237-134500-0039.wav,3.0884039402008057,0.9637024890822486,4.372659115681278,3.5462037746001487,3.729069012631314,9.61565413944921,15.839216232299805
8555-292519-0010.wav,1.0777150392532349,0.3818023022590989,1.0915277026524586,1.3347890265786102,1.0,-2.9615868184472456,-1.4122281074523926
237-134500-0036.wav,2.178730726242065,0.9083880722499984,3.2714107542191444,2.533818823784457,2.696915056608104,1.54298018460033,6.357091903686523
2094-142345-0013.wav,2.064289093017578,0.9061988542211618,3.683044546990845,2.896467187494121,2.860525871739857,7.436973785281226,9.425301551818848
121-123859-0000.wav,2.788524389266968,0.9779654394617412,4.089077618042438,3.353699875265756,3.4387991788794725,8.735712278787611,13.266340255737305
1188-133604-0039.wav,1.7532094717025757,0.842199950189787,3.1735147803822006,2.221809616035535,2.449205050590186,-0.8803601004395164,9.617219924926758
908-31957-0010.wav,2.4278013706207275,0.8235814019187715,3.73145269403395,2.534318436133101,3.0188628650739457,1.103077215841502,7.589860439300537
7176-92135-0006.wav,3.090907573699951,0.9849023394845856,4.62527378960122,3.649053263397421,3.877981512484579,10.261887859841016,13.885957717895508
4992-23283-0009.wav,3.2731311321258545,0.9851936244352056,4.473912407051516,3.567450517603973,3.867484361210469,8.782460040280087,15.349235534667969
5639-40744-0041.wav,1.556122064590454,0.8607862830000259,2.649244523486621,1.776776909211894,2.005202835319916,-2.7648514074601094,2.595104932785034
1188-133604-0011.wav,1.7762724161148071,0.787332552853425,3.1607536399057325,2.532099662145296,2.4439852792857533,4.333226726463773,4.858551979064941
4446-2273-0026.wav,2.8287246227264404,0.9809338825890036,4.546657256645702,3.5442489807487494,3.709378455128441,10.45949046534406,18.77042007446289
8555-292519-0002.wav,3.531442165374756,0.9864809188541264,4.212626102321648,2.9909528420377782,3.701751197822583,4.992803292642973,15.85798454284668
7127-75947-0037.wav,1.4014075994491575,0.8064741334364368,3.017128361826241,1.969839274236952,2.181658836609444,-1.6781944869876504,6.440384864807129
1284-1181-0021.wav,2.746161460876465,0.9534527658710964,4.200594656906585,2.933978772071215,3.4630181579035035,2.830056020339519,4.819019317626953
1580-141083-0020.wav,3.16267204284668,0.968349331809057,4.251244914189171,3.1923455044637907,3.657512458272077,5.578714215475122,16.865020751953125
5683-32879-0023.wav,3.628897190093994,0.9674788659042604,4.853802477942505,3.964260119769518,4.2377615108059565,12.31097682466832,16.7005615234375
5142-33396-0010.wav,1.8729877471923828,0.9698830933800976,3.353859591801653,2.337358519677391,2.61769510188134,-0.7600904208339252,8.339007377624512
5683-32879-0000.wav,2.3211710453033447,0.9111751005987684,3.646584561831282,2.725003089881976,2.949058504982503,3.781505703315516,12.521232604980469
121-121726-0001.wav,3.4672622680664062,0.937561327283672,3.5895529488894877,3.327462198245712,3.5347309839389527,3.092717160332989,13.766216278076172
5105-28240-0000.wav,3.632989168167114,0.97097499297428,4.946247453980907,3.950000909890785,4.313484098032872,10.834989539053964,17.65135955810547
5142-33396-0029.wav,1.649503231048584,0.9193209164558688,2.514312119236432,1.9189685613287244,1.9891647622322808,-1.3902129401426446,8.57659912109375
672-122797-0029.wav,2.844543933868408,0.9112306917606964,4.148693872295848,3.0679952185977446,3.478401291453903,4.584124474730395,14.277618408203123
672-122797-0049.wav,2.463223695755005,0.8437847146447626,3.880772505800617,2.861363093923152,3.1278978089592826,5.283072308944214,11.876906394958496
672-122797-0014.wav,3.3797032833099365,0.9760437776457488,4.658676454410331,3.696153592017052,4.032411166541918,9.171785209656676,11.93629264831543
5142-33396-0005.wav,1.1516189575195312,0.7956928346220812,1.657804554072825,1.3998757023711044,1.245181622854787,-2.9268306375841844,1.228778839111328
2094-142345-0026.wav,1.761868596076965,0.8455855540650505,3.482997227595303,2.268608950993348,2.574283293950992,1.2632336624960832,3.0849311351776123
1284-134647-0003.wav,1.687719464302063,0.7700079541529335,3.155947642474995,2.5441175609915025,2.390648603400141,5.470318330629157,5.905742645263672
8555-284449-0016.wav,3.4906747341156006,0.9727490212196532,4.643890565446298,3.86860108829752,4.069792530050715,11.564866655812317,18.638673782348636
6930-76324-0008.wav,1.4012219905853271,0.7930705972918405,2.8883360808018925,1.9454887613700131,2.101186967843941,-1.345363478180412,6.737372875213623
4992-41797-0003.wav,1.1952842473983765,0.9501186151409654,2.9152633248192448,2.073894890937112,1.984606946590326,3.400298474315092,9.28018569946289
5639-40744-0013.wav,1.690617322921753,0.9312212293944117,2.648893451103349,2.2387272727176155,2.0906337119460767,2.7678256513196846,6.8881707191467285
8463-294828-0038.wav,2.0121212005615234,0.9497987482230112,3.665970985557925,2.956733503004405,2.8280555896411,8.68506453974791,8.954626083374023
4970-29095-0016.wav,1.8213341236114504,0.8527090379403442,2.66524392703807,1.8586659805909729,2.143982292192302,-3.3405011979243477,7.300596714019775
1995-1837-0010.wav,1.065518856048584,0.6976093137450506,1.6930198358221034,1.636128854079734,1.2061242707772322,2.053744454791219,1.9029282331466677
3575-170457-0019.wav,2.791512489318848,0.9689917547379626,4.277954080102518,3.384036109147988,3.532769977194376,9.261424994077188,13.049311637878418
2094-142345-0059.wav,2.45339584350586,0.9391992068078212,4.060412460008008,3.142980958984773,3.254501839305216,7.969209923927393,6.472166061401367
1284-1181-0008.wav,1.0897067785263062,0.6438483377648369,1.5879646544762815,1.586727566152455,1.255153553034654,-2.839041658065784,1.1756185293197632
5142-36377-0003.wav,2.318873643875122,0.9581648574488544,3.6185389067782783,2.7909417537248933,2.9385655715644177,4.641947155848967,10.028335571289062
5142-33396-0031.wav,2.9513328075408936,0.9682038412717294,4.067372418039282,3.4484586522962664,3.5163797782037647,8.732790777824858,16.087568283081055
6930-81414-0027.wav,1.6009933948516846,0.9093925154888628,3.228818953445608,2.735557685229579,2.401638030382687,8.350897090887633,11.624780654907228
5683-32866-0030.wav,1.672402262687683,0.7718086035198561,3.009578365933692,2.049164064095846,2.2699171427838207,-0.5001143169527873,6.656889915466309
5639-40744-0008.wav,1.4143030643463137,0.8501454663520008,2.695812201073549,2.0255387165021044,1.9951266495787252,0.5693683441456661,9.388871192932127
8555-284447-0024.wav,2.809251070022583,0.9188995248082192,4.1281032144394505,3.106075716544589,3.43321907754921,6.210436702658201,13.828325271606444
1089-134686-0005.wav,3.181623697280884,0.9712206670656286,4.558337162119575,3.7075041354100384,3.887998808790889,10.610897051127768,14.73974323272705
4507-16021-0048.wav,1.3699249029159546,0.6343646724979612,2.514487316193705,1.63836482565248,1.8014119790454006,-1.6670802087578898,2.198627471923828
4446-2275-0011.wav,2.0170228481292725,0.907081020984522,3.1418393420502726,2.384982350987294,2.5359347108489074,1.0618157328361644,8.648380279541016
8555-292519-0012.wav,3.4221179485321045,0.9614286073524024,4.32100226466783,3.1718936884445914,3.795469055319605,4.5088314151703335,10.868034362792969
7021-79740-0014.wav,2.468338251113892,0.9839066522411392,4.016406071104574,3.172595349896472,3.241464196645633,8.268046766239921,10.817615509033203
4970-29093-0023.wav,1.0922805070877075,0.5114837628416256,1.0,1.0,1.0,-4.474016524099552,0.5319163799285889
672-122797-0004.wav,2.451911449432373,0.8754112333492974,3.629689264455625,2.676979249678205,3.012001640784423,1.7924027981774204,4.905603408813477
8455-210777-0022.wav,1.7567520141601562,0.923714467226168,3.081231958528322,2.5725753732099017,2.4007738076756744,4.850053714733064,9.048038482666016
7127-75946-0005.wav,2.6935439109802246,0.9338693913602972,4.149021271154466,3.3735676229745346,3.411071412454156,10.19433976936064,11.194833755493164
1188-133604-0000.wav,1.903646469116211,0.7198469282362512,2.5099393289225884,1.815983584345926,2.116639277844601,-5.011175408372809,3.814823865890503
5683-32879-0003.wav,2.2767257690429688,0.8495218394981894,3.599562322808985,2.532754720753675,2.86960139234237,2.548295109453753,6.521759986877441
4970-29095-0000.wav,3.643423318862915,0.9823084409056384,4.731293776776494,3.7583645753441903,4.171987609431008,9.468002142949585,19.66928100585937
4992-41806-0005.wav,3.2670602798461914,0.9870578057945872,4.4657830955494,3.638416020633748,3.846749258876436,10.555246715214466,16.760902404785156
5639-40744-0021.wav,1.6022087335586548,0.8551269481433144,2.488490806761442,1.7631286593720532,1.942020154046692,-3.046165932278611,6.163023948669434
4970-29095-0008.wav,1.6586661338806152,0.929477657354871,2.7517942741936445,2.118229330976131,2.1659007364764147,-0.6736294660450554,10.941658020019531
1580-141084-0017.wav,2.018346071243286,0.8935610986661864,3.3722503428040222,2.6455917159662383,2.672790495466344,4.239316320124861,13.942028045654297
1580-141084-0044.wav,3.781337261199951,0.9748571261241672,5.0,3.981097994118959,4.4194919282456375,10.744812978546683,22.105558395385746
1089-134691-0024.wav,1.3705992698669434,0.8194066280197695,2.2404053187554425,1.6244797591302298,1.713366047335911,-4.006930481816178,3.2685842514038086
3570-5696-0002.wav,2.075399398803711,0.9316925879423404,3.513768063459551,2.7542284020519245,2.772676248490172,5.501713919380607,10.925396919250488
1995-1836-0010.wav,2.423429250717163,0.946223491972953,3.5054928418900047,2.6278914934454205,2.863277467607876,4.425609942895689,7.372066497802734
2830-3979-0006.wav,3.080392837524414,0.8997129740901151,4.15626400559817,3.6301282408940487,3.613504684252729,11.17807477328439,14.146543502807615
5105-28233-0001.wav,1.8217724561691284,0.869698265080271,3.1023702725850963,2.058529198620952,2.4257740877445,-2.994229744447098,7.0058465003967285
908-157963-0001.wav,2.097983837127685,0.9470218913002568,3.4974062751011745,2.435917901793112,2.738127041550647,1.9437919001586248,10.79656982421875
7729-102255-0029.wav,2.3291447162628174,0.9476440826538212,3.6827818445961418,2.8332891334989223,2.9943006051835246,4.41744303106726,9.12895965576172
8555-284447-0021.wav,2.828572988510132,0.9706104881340608,4.361418578792691,3.811285564166364,3.6201934383016674,14.564458773265354,10.305118560791016
672-122797-0028.wav,1.0747437477111816,0.4330214504636592,1.5965597473180202,1.0850547218057354,1.091621230758446,-3.6279647169258977,-1.309074878692627
3575-170457-0037.wav,1.7628929615020752,0.789637607571776,3.153780830924662,2.4139518214934323,2.399830007333024,4.0542876437888,5.410093784332275
4446-2271-0024.wav,2.4380898475646973,0.9127346192863331,3.765661415747331,2.9954590764717905,3.094016843422527,6.012334218523168,11.007858276367188
6829-68771-0021.wav,2.9179763793945312,0.9873625809538492,4.178237419029753,3.315262752501676,3.529202399231936,7.995016727881884,12.869839668273926
5683-32865-0002.wav,1.986597776412964,0.9161388111001634,3.6863293037896874,2.346578290033774,2.791177142001353,0.6969983409662945,8.417413711547852
4970-29093-0002.wav,1.7594497203826904,0.866041613215496,2.9574689679750303,2.2005924185324446,2.3075046237906256,0.3812743847982367,9.865413665771484
7729-102255-0015.wav,2.374516725540161,0.9459848054745784,3.784336995584163,2.9151228410770544,3.0663385733890367,5.434005308184094,8.435877799987793
121-127105-0016.wav,2.7934956550598145,0.9869646799222488,4.466331649365329,3.5083742257681223,3.646750391122593,10.371955355259942,16.209789276123047
4507-16021-0040.wav,1.1773927211761477,0.6630201061863116,1.42635726198992,1.0,1.0,-3.8811633348265095,-2.1181585788726807
8463-294825-0011.wav,2.2166125774383545,0.9452449533124568,3.7770677873564265,2.7388271179608576,2.967199138899838,4.529262192673217,12.03594970703125
121-127105-0006.wav,2.127964496612549,0.949773167166054,3.4938959738164925,2.743715773157656,2.8046968340101994,4.259059814210712,11.205751419067385
1221-135766-0005.wav,2.557443857192993,0.965603446043124,4.2155323753571325,3.316774554535468,3.4009115272532062,9.203225084498635,11.351766586303713
6930-81414-0000.wav,1.234966278076172,0.8425545032827257,3.0193747695435578,2.061707083176429,2.114925025405073,0.3293068195853632,2.430649518966675
2094-142345-0048.wav,2.291611909866333,0.9118648567922292,3.813362725177141,2.66919743404365,3.027984675774792,2.641114535102092,4.724676132202148
61-70968-0011.wav,2.378232479095459,0.9691420751716252,4.078672600104047,3.1423181849410087,3.2366419821323267,8.043916834040168,12.129636764526367
1089-134686-0035.wav,3.903809785842896,0.9936895892350892,5.0,4.116280477930033,4.543239825224573,11.211616060229478,19.380109786987305
4446-2273-0002.wav,2.7991602420806885,0.9633437690815528,4.235952615149888,2.7907766292419094,3.5259401794581597,-0.6631309499057618,13.712969779968262
4507-16021-0059.wav,1.6249887943267822,0.7361996610311436,1.714676327439094,1.478746302370154,1.3937899403343468,-0.0356183220938062,4.3900065422058105
1580-141084-0042.wav,3.187939167022705,0.9392367026733603,4.626314009135719,3.5234346809440327,3.916173590672879,8.030618029001504,15.6718111038208
3729-6852-0007.wav,2.677737236022949,0.9591060605969086,4.009770588912031,3.2956070485022084,3.307401690995124,10.239998951949026,14.994402885437012
8463-287645-0003.wav,1.423245191574097,0.7620099112124047,2.4374651424536253,1.7608071723318932,1.8303776818355364,-1.906543428120989,5.517892360687256
1580-141083-0026.wav,3.319334983825684,0.9773301395394776,4.718827556187711,3.48771054300599,4.027205489373087,6.526125910698186,17.534032821655273
3729-6852-0008.wav,1.7279850244522097,0.8594435455982563,3.1789992597299714,2.455074449924615,2.4010411208690634,4.694733098572267,8.78738784790039
7021-79740-0008.wav,2.331928968429565,0.9723541075615793,3.6872338599444063,2.9311877749701005,2.99676804066824,6.001095983864835,11.979799270629885
6930-75918-0020.wav,1.403373122215271,0.8038794917184849,2.700010173870378,1.8346399811806111,1.966580356975525,-1.2712604757533996,4.844849586486816
237-126133-0000.wav,1.410372257232666,0.8804595490351722,2.8790283497857763,2.1927609952177707,2.110359067415826,2.105581560944599,6.9053497314453125
1284-1181-0013.wav,2.5422980785369877,0.9313822498650912,4.181434851710832,3.019681858582028,3.3574115599424967,5.434481706100238,-2.3849151134490967
61-70968-0051.wav,2.6951637268066406,0.9786718819244612,4.244471371623592,3.3748508819552483,3.4704941878645377,9.71284866178694,15.269360542297363
5142-33396-0026.wav,1.6031816005706787,0.8567176656734755,3.012898338581509,2.095571264403919,2.2797003701847096,-1.1365939441754995,6.386638641357422
61-70968-0062.wav,2.4108657836914062,0.931706365548489,3.9841392512540352,2.8203381349580394,3.1761978727222857,4.002264095972398,11.536029815673828
121-127105-0010.wav,3.003993034362793,0.9585944303686158,4.503960805629223,3.304518076627614,3.7571820610664415,6.181651324303664,10.827142715454102
61-70968-0024.wav,2.821440458297729,0.9549147548220674,4.445782740540287,3.5142466947466997,3.6416062479102376,10.651030602556324,14.80652904510498
2961-960-0005.wav,1.150181531906128,0.4912192321932699,1.3250027837380045,1.066139534586824,1.0,-4.534304433306802,1.316197633743286
908-157963-0027.wav,1.1992456912994385,0.7447176599574925,2.50936549057606,1.67868727069257,1.6949847059308445,1.047436656452151,0.8103260397911072
5639-40744-0014.wav,2.2821991443634038,0.9482670021176356,3.2301587337780204,2.826031031662079,2.7119798731725404,6.130129787604789,12.99106788635254
6930-75918-0013.wav,1.6734814643859863,0.9222080091014386,3.380480577985303,2.801620984645042,2.516615685005814,8.721259662441678,11.86327075958252
61-70968-0028.wav,1.5779874324798584,0.8620376410995035,2.950373001754251,2.163897615523421,2.2413796944415467,-0.1037580022038709,7.582507610321045
1284-1180-0032.wav,1.1410317420959473,0.6395023363964748,1.072191754999755,1.3890002881213803,1.0,0.204116284227535,0.7121788263320923
61-70968-0060.wav,2.824706077575684,0.9702614367604911,4.414091509115691,3.351177988116177,3.614109405010026,8.627250449279188,13.77260684967041
7127-75946-0021.wav,2.235672235488892,0.762794103031414,3.690256353845573,2.9881200826152767,2.9440363330676504,7.883135358786123,12.90310001373291
8463-294828-0025.wav,1.3427655696868896,0.9026735106419984,2.435220905435842,1.669935125652001,1.766834542638581,-1.7784148421932735,3.361957550048828
4970-29095-0009.wav,2.3523213863372803,0.8991347081372675,3.260815541639753,2.3650513304952256,2.736058662078101,-0.5477619798140726,8.801070213317871
260-123440-0005.wav,2.585945844650269,0.961735577168708,4.220927570004512,3.245099849641446,3.398402874851313,8.712203986599635,10.606704711914062
237-134500-0007.wav,3.227322816848755,0.9702200039582768,4.492646788197722,3.860370684527469,3.880144611889631,12.61329633508151,18.403297424316406
672-122797-0022.wav,1.612313985824585,0.7406676737420976,3.136142159782844,2.1536560853860687,2.3406484737346664,-0.0642279120813813,3.3221805095672607
6930-76324-0022.wav,1.3677570819854736,0.8403075697904543,2.9501574146549947,2.069962933052507,2.1460628237357806,-0.482122939388574,-1.1788092851638794
4077-13751-0015.wav,1.8452301025390625,0.8845781759916431,3.3598180435848564,2.483277511256482,2.5642184395720915,3.635886452224849,4.571865558624268
2830-3980-0043.wav,1.443310260772705,0.9580152670393286,3.2179215480600423,2.345253364494166,2.259893642118369,5.850028647244589,11.312784194946287
61-70970-0040.wav,1.44948148727417,0.8446677769451013,2.901312672469129,2.1172023464878182,2.161193692840927,-0.2715809465724503,6.179547786712647
260-123286-0024.wav,1.144892692565918,0.7016330385313412,1.3426016938776355,1.3296564641622073,1.0093381406335469,-0.6590216030239135,2.591093063354492
7127-75946-0023.wav,2.7597126960754395,0.9692914924094383,4.329502926377527,3.425714587110048,3.548482919308509,9.894553192249738,11.126344680786133
5105-28241-0008.wav,2.946904182434082,0.9327278549593576,4.251846769226738,3.617398248584456,3.615755869300613,11.015162735374238,16.55864906311035
121-127105-0005.wav,1.1748170852661133,0.6885734956130432,1.5589407131884294,1.3372781950936257,1.1858879005804444,-3.1352494741065606,-0.0919997617602348
61-70968-0040.wav,1.7921457290649414,0.9093530150475636,3.5145263824582926,2.5098120135660986,2.6365357605798434,3.4841576513100585,8.914219856262207
2300-131720-0041.wav,2.142670154571533,0.9529966879326276,3.1602867704900843,2.7660968922834157,2.638771874644269,4.826869717983308,8.489572525024414
3575-170457-0018.wav,3.105706214904785,0.9631384441330568,4.092732953052994,3.1179568655016823,3.491687673031213,7.393876619800881,18.77780532836914
61-70968-0001.wav,1.5012845993041992,0.8928375397691376,2.955449639643435,2.1398900814112123,2.229415293477618,-0.9709367433039612,6.846538066864014
1188-133604-0033.wav,2.1877331733703613,0.8923222713880502,3.457344204689345,2.6846033800613505,2.804486719266791,3.4049875020912914,11.92995548248291
4077-13751-0011.wav,2.610607862472534,0.9133921543724444,4.031768008917101,2.968560939826598,3.2832377746330863,5.611485941325999,5.891339302062988
1221-135767-0012.wav,1.6404414176940918,0.8929922601894761,3.320181569247832,2.579081859937492,2.469284435831812,5.467959217969973,5.353534698486328
2830-3980-0016.wav,1.13408100605011,0.6969054176478391,1.6737321161024583,1.3053479938545736,1.19407930396318,-2.083700747400273,-1.47812819480896
61-70968-0039.wav,1.9387836456298828,0.8683229705270474,3.415373631689638,2.4812643150055904,2.636454298632538,3.0107904562738383,9.161229133605955
6829-68771-0010.wav,2.447707414627075,0.9608039439690624,3.951955283560948,3.169465411887719,3.2027956052365774,8.206677037545658,11.489179611206056
3570-5695-0008.wav,2.630028486251831,0.9866139645709744,4.201201441598346,3.564303098797992,3.421465535512372,12.976651822074198,15.38412094116211
1995-1826-0021.wav,2.3262364864349365,0.9327406309223026,3.550496729680693,2.304752324477978,2.876577728035217,-1.7279255749498443,5.817296981811523
6829-68771-0028.wav,2.053072690963745,0.9696765313559984,3.836715027329095,2.800797062108788,2.9509522931944323,5.138692264090388,15.346111297607422
3575-170457-0040.wav,2.271219253540039,0.9228641256959568,3.667515637470803,3.1613161967247216,2.955727122790731,10.139815831663944,15.408717155456545
260-123440-0003.wav,2.6851627826690674,0.976772368361756,4.101610472433436,3.3689400113343138,3.3927111521067035,9.76758298998745,16.807594299316406
5683-32866-0007.wav,3.097273349761963,0.919109589075058,4.24354161213889,2.9253103270782064,3.647467551775807,0.6549443767293627,19.656225204467773
6829-68771-0022.wav,1.845895528793335,0.9243949101879144,3.701917746497584,2.620995813751437,2.77156716140224,4.195732406195557,9.552422523498535
5142-36377-0012.wav,2.405697822570801,0.9697840532073168,3.821553038962524,3.002712465324004,3.09152949693719,6.987442369888313,14.284772872924805
7176-88083-0014.wav,2.9071202278137207,0.9850074081027822,4.4792740167102085,3.2953966323969768,3.7094445986450553,6.178687539011016,5.998234272003174
7729-102255-0022.wav,1.5093133449554443,0.849341694758534,2.566543249718425,1.9644250489063328,2.0103440020119248,-2.512105812720652,5.935277462005615
1995-1826-0018.wav,2.364407777786255,0.9082582762933884,3.533500492033106,2.689961420641592,2.9010226155808176,3.4965142086018304,9.26444149017334
7021-79759-0000.wav,2.277311325073242,0.945104835684584,3.1530421506975714,2.429625922529636,2.6635377286878343,0.210053269485323,9.246089935302734
1089-134686-0002.wav,3.1468069553375244,0.9721032166116028,4.381781678874088,3.633804046287485,3.7891798215967927,9.41394301349158,13.566522598266602
1995-1826-0013.wav,1.7708101272583008,0.8688641954514779,3.2410384217827213,1.9523416360014605,2.42378089011618,-2.2991340885362077,-1.1203765869140625
7176-92135-0013.wav,2.9707045555114746,0.9742137385106416,4.574596258852855,3.250726319199327,3.803046211941537,4.367544737604943,10.209851264953612
8555-284447-0009.wav,1.9149625301361084,0.8616637230597517,3.0739279102430324,2.2249695770430398,2.3654699104227634,3.047359716223966,10.177303314208984
5142-33396-0012.wav,3.5132339000701904,0.9831031677507877,4.643701407360697,3.994075025172095,4.100604555158587,12.525559755206658,20.059526443481445
260-123286-0016.wav,1.950933575630188,0.949068187728119,3.630417209842815,2.288285434717832,2.7713318537895053,-1.1025254067739367,8.396793365478516
8463-294828-0021.wav,2.4912869930267334,0.962292432271146,4.043413450997766,2.8732433914548867,3.261695209680697,3.55358911807489,13.684593200683594
1221-135767-0016.wav,1.8887460231781008,0.897402091445339,3.5434843978626063,2.7128237888773787,2.710304856778065,5.507456357442442,6.249509811401367
1188-133604-0012.wav,2.6321861743927,0.8729827290894177,4.074142294533687,3.23312016842462,3.344399814313796,8.361404941248535,11.45534324645996
237-126133-0002.wav,1.690704584121704,0.8788093721544814,2.9716665260495665,2.066199774378415,2.2818992239236304,-1.3204178455663598,8.624772071838379
8555-284447-0015.wav,2.1981375217437744,0.9197464826561912,3.5179036684182585,2.390225722312043,2.7819129015109163,1.2070610810275684,6.182960510253906
2830-3980-0055.wav,2.6051576137542725,0.9415886038559964,4.168763708948013,3.105765327926929,3.3713926567512256,6.828691893817504,10.93787670135498
4507-16021-0014.wav,2.35029673576355,0.988064657890324,3.9197134104771463,3.150312952368058,3.1029630061761715,10.16624291563942,21.745359420776367
4992-23283-0002.wav,1.787799596786499,0.8763702610989268,2.855577451925568,2.0258420279794227,2.2616847131135405,-2.1918372406794626,5.579450130462647
1089-134686-0004.wav,2.527224063873291,0.9593734988194268,3.925602205893665,2.9087117959206283,3.2214489455133437,3.8339495425954007,12.102815628051758
4507-16021-0012.wav,2.736133098602295,0.9215794568105568,3.851578887636277,2.951907860868354,3.221020986105764,5.97849524486155,15.078946113586426
121-127105-0031.wav,3.411315679550171,0.951154700290506,4.169113251604152,3.5221232954520336,3.8013385293604753,6.321268856107133,14.149133682250977
7127-75947-0000.wav,2.1538870334625244,0.9038757978929988,3.778853354018917,2.3555787967353083,2.944005552276791,-1.41263110928861,6.702771186828613
2830-3980-0019.wav,1.951344966888428,0.9764646620231264,3.5389425828990566,2.455157218814719,2.7120912885122577,2.1569971966972807,6.102904319763184
2300-131720-0011.wav,1.578926920890808,0.8561355517033908,2.936935267034816,2.3927258094560773,2.2194295710378493,4.214723060363764,5.074775218963623
237-134493-0011.wav,3.094674587249756,0.965568449291652,4.308819734455332,3.6865585208797578,3.722151503215509,10.84070147587184,16.70777130126953
61-70970-0018.wav,1.8954668045043943,0.8908421699188643,3.6152801995122936,2.277987595004756,2.7333390993002573,-0.7370963170540337,6.59056568145752
5142-33396-0057.wav,1.802917957305908,0.9613043690077768,3.3461951206685088,2.614888591432849,2.565476471387813,4.750536737684191,14.169424057006836
8455-210777-0060.wav,1.9035875797271729,0.9537272267012442,3.3073387240162555,2.724040436082869,2.591143044400477,5.976347499308719,10.566679000854492
237-134493-0005.wav,3.1782169342041016,0.9551339174695084,4.336597898615297,3.581572438846041,3.769388825452143,8.92680326090359,14.099035263061523
8463-287645-0006.wav,2.4350831508636475,0.9125295374849416,4.132732818600256,2.613317149696506,3.278665376225638,-0.1858147489404294,9.633217811584473
1089-134691-0009.wav,2.0663771629333496,0.8667529900057288,3.520994481121649,2.593497256223096,2.7920547576523758,2.122772627318431,7.131534099578857
4507-16021-0043.wav,3.0687801837921143,0.9765575974009272,4.419846615734531,3.49255674359186,3.7348864545863423,9.254566950427837,14.883249282836914
121-127105-0033.wav,3.2711410522460938,0.9705250810435648,4.037365294086391,3.4784999275623005,3.672070115707384,6.38093847807886,15.225011825561523
4970-29095-0020.wav,2.886836290359497,0.9277388696946972,4.192648007907788,2.699719136325666,3.5260532154032638,-1.7773952863324372,10.951404571533203
3729-6852-0044.wav,2.0680019855499268,0.8687887975518233,3.637119909260989,2.61162799086718,2.80777327465528,4.287599821518997,10.278886795043944
8463-287645-0009.wav,1.888219237327576,0.8808217764257776,3.3268833272357603,2.6876676509119144,2.5720308111304204,6.444220631882287,11.826374053955078
61-70970-0015.wav,2.4006965160369877,0.976496158570562,4.044758705559814,3.1653617080034,3.225395092966278,8.491082514676537,13.260273933410645
4507-16021-0055.wav,2.353278160095215,0.8800005669146127,3.5431275608644435,2.4053719141055723,2.894532134205945,-0.6869367194825168,9.896997451782228
121-127105-0028.wav,3.824603319168091,0.9843609462015606,4.361652346847372,3.5720069467639703,4.104978163735432,4.015134501178501,12.986031532287598
7021-85628-0003.wav,2.270874261856079,0.9649689652949264,3.769706492494367,2.798151169930416,2.9804444473558287,5.52148997105385,7.686453819274902
8455-210777-0015.wav,2.3723044395446777,0.971897128071163,3.513351977798761,3.0406387172851126,2.932609601260525,7.34519383883562,15.08368682861328
4507-16021-0005.wav,2.210252046585083,0.8910282122250641,3.395072240550848,2.294695296174298,2.7459609595052337,-1.2404461509989244,8.827980995178223
2961-961-0012.wav,1.8866491317749023,0.9427758902373616,3.3380224202461903,2.484952790030872,2.58583560451361,2.839475281664942,4.491132736206055
2300-131720-0001.wav,2.0463125705718994,0.9385719474442704,3.317169187207472,2.569475469978042,2.65739652973806,2.911866113431327,3.647890329360962
672-122797-0017.wav,2.912511110305786,0.9352927119244976,4.335654943280339,3.454574055641152,3.624724674251292,9.36854240293128,11.776169776916504
3575-170457-0005.wav,1.4855116605758667,0.8552479147648447,2.708262715256579,1.7385666456384916,2.001888669576309,-2.966736947490232,5.184398174285889
8463-287645-0013.wav,1.5068814754486084,0.8710230809983593,2.9668591274153684,2.288911186998079,2.2008220319142198,2.98645094113832,10.881040573120115
1580-141084-0043.wav,2.450224637985229,0.9397336806542534,3.8718759354144257,2.8042794452602715,3.115066520990492,4.556703284766216,14.699691772460938
8230-279154-0040.wav,1.88573694229126,0.9267538665182028,3.491112690646799,2.583360460399466,2.655457694120828,4.676763951457668,6.393497467041016
4446-2275-0002.wav,1.930683135986328,0.9331033943407284,3.2993432856147726,2.2613627660957287,2.592760634619342,-1.2170441995481027,10.82801914215088
1089-134691-0018.wav,3.113717555999756,0.8950265876160356,4.494825600298358,3.135690707366091,3.806491932848512,2.737708107943703,14.853519439697266
2830-3980-0049.wav,2.3927924633026123,0.8916819126833226,3.718754745668281,2.833911780994018,3.022207663276584,4.91952213119015,9.840166091918944
2830-3980-0033.wav,2.138603448867798,0.8587726000191486,3.563995660534921,2.8254061418716296,2.81805555458349,6.659897348859451,12.565059661865234
3729-6852-0016.wav,1.7557976245880127,0.8379515194218223,3.071334461809002,2.100657635847948,2.3452198474029715,-0.4240173765670112,6.126987457275391
8455-210777-0008.wav,2.8204333782196045,0.967123201525365,3.905396550644993,3.050426624727024,3.339813311646002,4.724147467828412,12.668720245361328
8224-274384-0001.wav,2.631826639175415,0.958719853884916,3.991341432031668,3.2009781577526053,3.309552450223478,7.566084279275187,10.876883506774902
1320-122617-0003.wav,2.548689603805542,0.963704389710458,4.1377461849371295,3.0162138350431107,3.3359329495758105,5.461703005823797,4.020235538482666
1995-1826-0005.wav,1.2500994205474854,0.7890129164322043,2.5022211485188803,1.664970354358862,1.7868235012657814,-2.6276812388109354,5.0525641441345215
8230-279154-0011.wav,2.0799055099487305,0.9016248369082078,3.3259446918103985,2.2464877046203204,2.616394538823202,0.2764734809421107,3.3615097999572754
2094-142345-0052.wav,2.585103273391724,0.8200717651883541,4.175733922123516,3.140319025102788,3.3736583584210136,7.136126418109488,12.148418426513672
7127-75947-0010.wav,2.9916765689849854,0.976200794563582,4.421073847821923,3.6212276834841752,3.720809534010933,10.813667279296716,15.194639205932615
8455-210777-0018.wav,1.2400206327438354,0.7900295525151618,1.933548797822349,1.298366190622728,1.3714480624208043,-2.7602169244995896,0.3297427594661712
2961-961-0016.wav,2.027101755142212,0.9302094180494154,3.077080231290221,2.2522643849523627,2.4746781597921865,0.3821743036381721,9.600844383239746
260-123288-0006.wav,2.3175666332244877,0.9572036052624352,3.3040324578270663,2.879144337782241,2.82118161169016,4.299888515380076,10.64475154876709
8230-279154-0018.wav,2.933334827423096,0.9600710275241892,4.321964432429954,3.275756175354184,3.623386237310633,6.594299872392634,7.991970062255859
8455-210777-0058.wav,1.6516907215118408,0.8525651862707864,2.93144698307065,2.1183584560007898,2.264280868892244,-1.1699486622977655,5.019086837768555
5105-28241-0014.wav,2.478440999984741,0.939762977813417,3.989944747384479,2.972756741904848,3.219573561670925,5.628504763677467,11.44132137298584
61-70970-0004.wav,2.8897409439086914,0.956603692282856,4.246467976521146,3.371833710160121,3.582459592601821,7.628329882477058,12.727907180786133
1188-133604-0013.wav,3.311183452606201,0.9800694570353234,4.5990897537719,3.674278037846043,3.967045956499459,9.393627262396604,15.341957092285156
5683-32866-0027.wav,1.5409055948257446,0.818632684766801,3.043209865283377,1.9731703962341165,2.214318080334848,-0.4473046430796789,4.146729469299316
1580-141084-0005.wav,1.735548734664917,0.8261327762506195,3.285654103473073,2.307128309426196,2.4473348404727715,2.7557549941028743,13.093076705932615
7127-75946-0010.wav,2.3691811561584477,0.9395994334637,3.819671006354765,3.024939729948421,3.0831268973541737,7.1338373920015,7.45279598236084
8463-294828-0009.wav,2.322709083557129,0.9613252652678038,3.967786766891745,3.136538921851276,3.135731158812847,9.153298301778715,15.337157249450684
7729-102255-0025.wav,1.3146085739135742,0.7795534114605376,2.3587630308648624,1.746302726152574,1.767668825292259,-2.6919458505922536,1.2813366651535034
237-134493-0007.wav,2.1299145221710205,0.9000640351669895,3.584881108984061,2.556038151658204,2.8301157642239243,2.183326058391676,9.280896186828612
6829-68771-0031.wav,1.978225946426392,0.9591677811050824,3.280809620618136,2.359330577497058,2.540518424396771,2.9304652557742714,9.869758605957031
6930-76324-0021.wav,3.0602025985717773,0.9462320702523408,4.365095777912243,3.551754169317188,3.727055349196384,9.21320877235584,10.535409927368164
4446-2275-0023.wav,1.7615196704864502,0.8903887853398373,3.145137865686617,2.013248279394252,2.395279949638006,-2.3152238727049994,7.432706832885742
2094-142345-0040.wav,1.325642704963684,0.7886763109771978,2.468145574574814,1.9210273890582137,1.8411852484599924,-0.5978948310536372,-0.0127873197197914
908-157963-0015.wav,2.2841439247131348,0.9438810201044632,3.833695110733792,2.892371681125508,3.0520699542161447,5.458636129015925,11.789750099182127
237-134500-0025.wav,2.418020248413086,0.9808578326844476,3.723243462437551,2.841826739989336,3.03740829819447,4.843698652618832,15.41645622253418
8224-274381-0013.wav,2.084230899810791,0.9112174307520742,3.5969777999918837,2.3740882069486275,2.8324455230865566,-1.2119930616611303,5.089666843414307
260-123286-0014.wav,1.5481257438659668,0.8750363582717404,2.227677269140701,2.1596660411112936,1.8640420674541804,0.1731261643208483,5.880847454071045
4077-13754-0006.wav,2.616124629974365,0.9471067581445016,4.105321597736829,3.049533353353701,3.343607035168765,5.93030768357332,4.286849021911621
5105-28241-0019.wav,3.5960474014282227,0.985039524055412,5.0,4.274814307021314,4.332743093471188,15.788669109365529,18.327974319458008
1188-133604-0021.wav,2.010838270187378,0.8689706700035859,3.417744575814651,2.3757070014375024,2.686931748108079,0.2196567712081306,4.463750839233398
8455-210777-0009.wav,1.807602882385254,0.9313107319836732,3.006607648562724,2.077268968015861,2.3627002537919224,-2.224893734345721,9.337754249572754
2830-3980-0002.wav,1.575514316558838,0.9025119449618672,3.287864631279197,2.500005453500793,2.410397579353456,5.146915267108662,7.212217330932617
121-121726-0007.wav,2.895021677017212,0.9803906631640988,3.3738320529347163,3.2518385701983137,3.1476585918727853,5.827639977653683,16.201061248779297
5105-28241-0009.wav,1.505516529083252,0.6563967571217885,1.998197492231756,1.732807713291793,1.6636662806911025,-3.429492506250838,4.700432777404785
1995-1826-0000.wav,1.731434345245361,0.8252613714378154,3.284418850004994,2.4403523439656643,2.4678342514731906,3.8798359626374777,6.577243804931641
5639-40744-0011.wav,2.8063650131225586,0.936136963358534,3.9354512637093513,3.004622133651644,3.34019554731449,4.43286931187512,9.87298583984375
1580-141083-0028.wav,3.2163314819335938,0.968963898603173,4.640553300919224,3.704615921749802,3.926505349229594,11.17972338992232,21.42867088317871
1580-141083-0006.wav,1.9992997646331787,0.8977247163825198,3.260186197726492,2.1004419073435683,2.5673453137967672,-2.5040008215400658,7.470846652984619
672-122797-0057.wav,1.275969386100769,0.6004694287238694,2.28607365757722,1.6465554943794618,1.640429592099371,-0.8292124918893324,3.771431207656861
672-122797-0048.wav,2.5119354724884038,0.7450068191596448,3.706675971470193,2.9407882066966384,3.0897846915147578,5.1205493971092215,10.900450706481934
4446-2273-0029.wav,3.626367568969727,0.983662052559762,4.950790984221895,4.077753865894314,4.310949237958738,12.977024162571668,17.48692512512207
1580-141083-0043.wav,3.0205695629119877,0.9095449434961967,4.463184434686579,2.919696355025758,3.731999728394701,0.5319890519362508,13.796653747558594
6930-81414-0025.wav,1.112514615058899,0.6657787577547692,1.7528236494795522,1.3225149459954164,1.2473252842705616,-2.7394793733997886,-3.9328207969665527
7729-102255-0044.wav,1.8522908687591555,0.8880499432035579,3.143529756272529,2.562355617710181,2.4780040586386978,4.051559260617895,9.111370086669922
6930-75918-0008.wav,2.8012657165527344,0.9492036654155536,4.332283321945315,3.494018276736867,3.578209511379318,10.339174114050332,11.226573944091797
7176-92135-0007.wav,1.6144392490386963,0.8609286782717067,2.953833330853419,1.901948752357859,2.2279955891744048,-3.061705974858804,3.432799816131592
2300-131720-0009.wav,1.486409306526184,0.8243144411594301,2.5997508700302348,1.9621611487583992,1.9716183105899785,-0.4496240412759796,-0.2609739005565643
260-123440-0007.wav,2.312978744506836,0.9671576028545016,3.938393111530291,3.0124303089609104,3.1085381630966755,7.594380018963308,13.148910522460938
5105-28240-0010.wav,2.9518396854400635,0.9800602317414376,4.218133807833798,3.168961502404912,3.5749688883732804,5.027443304464713,9.862810134887695
3575-170457-0020.wav,2.5617806911468506,0.908773223366566,4.0942745428443645,2.7065526425109034,3.314229585555547,0.7415976941664151,8.214980125427246
672-122797-0003.wav,1.2560211420059204,0.7029265527767763,2.2857612686266844,1.5744304402921772,1.6137437843748297,-1.097611751875355,0.0872515961527824
2300-131720-0003.wav,1.536379098892212,0.90930114863873,2.810096159141475,2.2576457751611034,2.142627224017156,2.0500130203237688,3.080364465713501
260-123288-0012.wav,2.8138678073883057,0.9689359203100938,3.999714055574077,3.235550750330936,3.3978900108037773,7.075236995496511,16.891002655029297
4507-16021-0002.wav,1.4326759576797483,0.7737410301858887,2.792021438180718,1.7062813166189856,2.016475067813214,-3.0602892938192587,6.00864315032959
4446-2275-0025.wav,2.3362064361572266,0.9421832862082212,3.4686481021655875,2.5414123792112107,2.876664345428763,0.3766097636721253,7.895516395568848
8224-274381-0012.wav,1.9346773624420168,0.857705502661675,3.3559001271979776,2.7341353675660285,2.630542171040382,5.921089500007717,8.023165702819824
237-134500-0012.wav,2.072476625442505,0.931643212453536,3.559298022003188,3.0119389710141555,2.8060465772586034,9.077371390458946,14.195663452148438
4446-2275-0000.wav,1.2720749378204346,0.7493884397548575,2.6681022049043057,1.7450172977661225,1.8882699950942423,-1.8680243058628512,5.086419105529785
1221-135766-0003.wav,1.52439546585083,0.8159725397737387,3.158501577136968,2.2502834481671887,2.303602075948642,2.302971483045167,3.5217502117156982
6829-68769-0014.wav,2.469934463500977,0.9635179448306012,4.062700071968243,3.1994774250359765,3.2688949045274054,8.524456722251866,14.367759704589844
908-31957-0018.wav,2.2639293670654297,0.9671088432091094,3.986625511745816,2.9825111749340496,3.125220561623428,6.72272393746332,10.783391952514648
3570-5694-0018.wav,1.7859104871749878,0.9547021183623904,3.1072619748027237,2.177223441271268,2.41966179908071,-1.2594261373803164,14.991921424865724
4992-41806-0011.wav,2.2983994483947754,0.9534854039715488,3.0363855646995743,2.046101527258559,2.504302930903965,-1.110126746176464,12.40549087524414
7176-92135-0019.wav,2.29324722290039,0.9781714890956787,3.751127105864039,2.994327735603965,3.0124668624364883,7.145228596687474,12.09324073791504
7021-79759-0004.wav,2.398869276046753,0.96391320075321,3.74052342928447,2.8965860078767305,3.0463525331513384,5.416866291140198,9.596732139587402
121-127105-0002.wav,2.3391754627227783,0.9235160155687444,3.876812415800911,2.4061572793086965,3.0798883155766563,-1.732648094373441,7.002861022949219
1089-134691-0010.wav,1.926985502243042,0.9815232417548586,3.0171787978025466,1.8924043546270184,2.391216889273434,-4.433655441461668,10.750550270080566
260-123286-0022.wav,2.159538745880127,0.9322630013105312,2.9132790471289742,2.743751258488133,2.529502979189069,4.118748406686295,11.881800651550291
5105-28241-0000.wav,3.2536683082580566,0.9689370313931503,4.761725372062068,3.871214145817736,4.030281859413102,12.455631123149866,15.380459785461426
1320-122617-0031.wav,1.1677876710891724,0.6960702303518733,2.268988642887746,1.5983569643632076,1.644996736143195,-3.7560907055334,-2.4125843048095703
2830-3980-0013.wav,1.7838420867919922,0.9150748127778968,3.332499847125124,2.3078318794914345,2.489640634025857,2.637972595296911,6.501237869262695
1089-134691-0025.wav,3.282626152038574,0.9815410418037424,4.6418076630495735,3.537360488181466,3.97413091403909,7.425980963202262,12.497220993041992
237-134493-0015.wav,2.634042501449585,0.9425810933096128,3.960842440199415,3.4430633901755257,3.3139310918500904,10.579660643551012,15.665555953979492
7127-75947-0013.wav,2.030340671539306,0.8423571561434358,3.4705123948616503,2.176884953993852,2.7155737660723536,-2.755462755726571,6.491422176361084
1089-134686-0036.wav,2.253571033477783,0.9526658312139846,3.599890641318821,2.536368978611315,2.894930982282567,1.1573917173197377,11.047386169433594
1320-122617-0015.wav,2.265103340148926,0.9052313227011324,3.402990602782217,2.4568787678553163,2.7501056804813637,2.12904696207436,1.5918874740600586
6829-68769-0034.wav,1.8725316524505613,0.9549303609079416,3.5306393393843694,2.7766714369974674,2.6784835950945816,7.403612225383496,12.44686222076416
61-70968-0033.wav,1.9468131065368648,0.9556103882972306,3.7161349465381095,2.299044990446434,2.8184245980906835,-1.1878652268031042,7.39520788192749
8463-294825-0008.wav,2.6975369453430176,0.9340416478736032,4.29692946257662,3.077151161388765,3.503633818604935,4.712160640568583,15.064338684082031
8463-294828-0005.wav,2.7950479984283447,0.972242643727506,4.297304773194476,3.402293934855802,3.558686328542209,8.885430613005783,17.476375579833984
4507-16021-0050.wav,3.816329956054688,0.9916563141360426,4.85357927319252,4.012895073842525,4.290848760662105,13.487042314914213,22.217220306396484
1221-135766-0014.wav,1.1232266426086426,0.5620566681087514,2.1995233658535787,1.5646295847039622,1.5378413591367324,-1.7464394061805166,-1.3176510334014893
260-123440-0009.wav,2.0800857543945312,0.9544582573767236,3.4648225318116093,2.579047225536904,2.738227642260119,3.2345326957166423,11.89761734008789
6829-68769-0053.wav,3.065321445465088,0.9742834077997108,4.499819446849897,3.4372728785456577,3.777655934255909,8.19515689768499,12.610593795776367
1188-133604-0020.wav,2.958606719970703,0.9364944750724292,4.3165336383772175,3.471183966946699,3.633361950053907,9.508262045534964,15.78016757965088
8463-294828-0012.wav,1.7419955730438232,0.8961402659504623,3.419776842009234,2.1970286147621074,2.5600116871035308,-0.9214754252754692,8.838730812072754
8224-274381-0005.wav,1.973292350769043,0.8608472581289832,3.311369149544259,2.592097592467529,2.625668846799712,3.47113968706225,6.417874813079834
8455-210777-0037.wav,2.950400352478028,0.9760021435987576,4.173274644735421,3.1991531133307585,3.535655008922256,6.234281815433072,13.636314392089844
8463-294828-0008.wav,2.8906328678131104,0.9840884235811582,4.26756932501224,3.5123265502078738,3.597719045974111,9.661728180556237,19.486644744873047
4970-29093-0015.wav,1.251813888549805,0.7492485333259201,1.9529673751300065,1.3013708760153149,1.4124011817992326,-3.918275943125799,4.484245300292969
8463-294828-0017.wav,2.899874210357666,0.970836390288735,4.472882068530233,3.21628723217931,3.6978935358881775,5.185550740639952,16.49159812927246
8555-284447-0008.wav,2.651370048522949,0.8820191999112531,3.6700289571792033,3.282423882910832,3.1410602756643886,9.525038064566523,16.085554122924805
2961-961-0010.wav,1.499301791191101,0.9232185014615272,2.7941400860530106,2.491588988437017,2.129100094700668,5.466003042486493,6.9994730949401855
6930-76324-0025.wav,1.3057472705841064,0.777665095447331,2.4867803970067857,1.7652554441513923,1.8107961617689392,-1.6147149281900963,7.679985046386719
1995-1826-0024.wav,1.8377562761306765,0.8269347372828869,3.037923906411049,2.102895759335776,2.327977142909046,0.8403588059597152,10.875322341918944
4507-16021-0049.wav,2.866746425628662,0.9516546029366136,4.076846458234599,3.410400411503006,3.455318039040857,9.786590264912062,15.445245742797852
2961-961-0000.wav,2.035635471343994,0.9181370760973756,3.224495880133011,2.662631728263889,2.60082489680082,4.694863895662998,10.815659523010254
3729-6852-0043.wav,2.422985315322876,0.8802480133826966,3.8124431524368654,2.6000323977185387,3.0857512675535683,0.9040191590211292,9.66950511932373
3570-5694-0021.wav,2.648587942123413,0.9658939714192488,4.168467702750808,3.06675163854328,3.3955275821307773,5.776306874838992,11.100579261779783
8455-210777-0012.wav,2.2530765533447266,0.9717595418363048,3.686389045424128,3.0234819563624398,2.966456267838558,7.627016634146495,11.551620483398438
2830-3980-0051.wav,2.579214811325073,0.9420096800515866,4.0258351337788,3.1439717333491206,3.284332839142297,7.757219838707885,13.15945053100586
61-70968-0035.wav,1.903231859207153,0.9460061927536187,3.551786391571715,2.4004994844540075,2.730952456267849,0.0345905648230767,8.43760871887207
8555-284447-0005.wav,2.276078701019287,0.8724260678294563,3.546685784154545,2.6780099287412185,2.888761151805721,2.841099194488324,10.986310005187988
2094-142345-0051.wav,2.206610918045044,0.8807430849619388,3.86138699716956,2.819261527070557,3.0220891622323216,5.089448107125471,7.245622634887695
3570-5694-0000.wav,3.0321385860443115,0.991140155694732,4.303331942251947,3.746322578285128,3.681666379012297,12.53592873983167,17.553237915039062
3729-6852-0015.wav,1.3686798810958862,0.8563779626813953,1.908789841590392,1.4451457763408837,1.4640920242854951,-3.168696149613388,6.461374282836914
5142-33396-0036.wav,2.397829294204712,0.974299027949797,3.739306509959024,2.8622657985572904,3.057922689375294,4.320405448093183,17.110536575317383
4970-29093-0021.wav,2.9981696605682373,0.9003223792085511,3.8428378074634337,2.984568197359972,3.3966321917248696,2.409734486624483,16.15671730041504
1580-141083-0031.wav,3.598564624786377,0.9744691174779924,5.0,4.144161956230331,4.339286461961302,13.832262319824252,22.703201293945312
7176-88083-0010.wav,1.519198656082153,0.8731517143982301,3.098306194454889,1.9828982917895812,2.283442705534332,-2.4488575919321502,1.565565586090088
6829-68769-0026.wav,2.047544002532959,0.9611280607431808,3.78536613983628,2.550626384324365,2.901429837445209,2.142891265132862,10.09447956085205
1320-122617-0008.wav,1.9533133506774905,0.8972448870849936,3.499385533662326,2.404061809874628,2.6794972590532096,1.9436912060529183,0.8621532320976257
6829-68771-0030.wav,3.2283260822296143,0.9825305256243652,4.6034752022061065,3.9251954772801514,3.939344381455735,13.47831827870028,18.214977264404297
1995-1826-0009.wav,1.4696906805038452,0.7416648709888852,2.311436639440357,1.8958588957578648,1.816212142384094,-1.220667307147734,5.16100025177002
3570-5695-0013.wav,1.6172648668289185,0.8691098800448702,3.173024395488286,2.1436759717022222,2.3558801479290743,-0.0126004078805047,0.7491525411605835
7021-79730-0007.wav,1.8941036462783811,0.9313814868787944,3.320193855534743,2.3816697039019767,2.576910322416848,1.3117448963933962,3.94392204284668
672-122797-0023.wav,2.9769437313079834,0.9332163009791904,4.286136627431516,3.668196655931737,3.642295325875805,11.844311562471898,13.139863014221191
1221-135766-0012.wav,1.65993332862854,0.8708115178680693,3.43471350852321,2.218663921180826,2.5334214293586315,-0.2821805495029557,4.018679141998291
1580-141084-0008.wav,3.07389497756958,0.938075320222276,4.550569565446671,3.2926965168997206,3.81052903854309,5.690201045737244,12.704387664794922
4992-41806-0010.wav,2.521066904067993,0.984959930693317,3.2925758871944764,2.8000926456204898,2.831853439815835,5.307268803332406,15.432080268859863
1188-133604-0026.wav,2.83882474899292,0.969072398864233,4.210549466517033,3.350394128148859,3.520881180701403,8.467202018833907,11.709290504455566
7729-102255-0013.wav,2.244988441467285,0.930670629539368,3.760860580027799,2.439070617669365,2.986560191257445,-1.0210918742364858,5.394200325012207
1580-141084-0048.wav,2.660832405090332,0.924750603500986,4.24043506314722,3.000655979512051,3.444924211505348,4.308019514440881,12.164796829223633
4970-29093-0005.wav,1.6900713443756104,0.8632534752653915,2.885161811149384,2.219473422362879,2.214501242087357,2.176307229510644,10.22592067718506
8463-294825-0012.wav,3.349052667617798,0.9839510484302476,4.876752087068582,3.970996038693817,4.136434309539346,13.282593524727483,18.723934173583984
8230-279154-0042.wav,1.1361104249954224,0.564900633391524,1.941052573667172,1.2849796019519992,1.3980098016402114,-5.501914118385831,-2.738302707672119
61-70968-0016.wav,2.0931217670440674,0.9601175273569368,3.65215024432026,2.559204625078198,2.836594075251449,2.883448269813269,10.41726016998291
8230-279154-0013.wav,1.6882946491241455,0.8408114700529369,3.060556012048801,2.220962375025195,2.319197349188786,1.4061577441576552,1.8600094318389893
6829-68769-0017.wav,3.0610668659210205,0.9694111773840391,4.266535166818666,3.6133128612422993,3.66917198321281,10.592595152481229,17.188636779785156
3570-5695-0011.wav,1.2530583143234253,0.746861539303406,2.569721453849935,1.923164827396595,1.864173229924424,-0.4141589601018538,3.405280351638794
61-70970-0027.wav,2.527881383895874,0.9619547638502656,4.1128441275131165,2.989264688751928,3.326500305799276,4.598547856262374,9.483931541442873
7021-85628-0010.wav,2.8697738647460938,0.974314181105912,4.28017411772993,3.342450318661435,3.5677755921031653,8.25507613536203,12.272271156311035
4077-13754-0002.wav,3.1538326740264893,0.9755678082119176,4.698585635039554,3.663324821365261,3.947024965080285,9.97615261455021,13.280444145202637
2300-131720-0040.wav,2.5030925273895264,0.9359879628230956,3.605892726750043,2.618279590574005,3.0282768048233386,0.3722792832391817,8.938908576965332
1320-122612-0016.wav,2.462554693222046,0.9477478208676526,4.082645974781351,2.8983769718429304,3.269462772305744,4.049133992377493,6.511251926422119
5142-36377-0017.wav,2.281654119491577,0.9601449226824412,3.866672181581557,3.1734717365778145,3.0803677622084127,9.36020298673442,15.14269733428955
2830-3980-0059.wav,2.311692953109741,0.9225483608445092,3.7430032509373135,2.753962799746093,2.951213563912368,6.121014194449687,11.537439346313477
2300-131720-0037.wav,1.171123504638672,0.6376054272251183,2.1448944321134187,1.6704607623983907,1.578522372288453,-2.354334887064238,-2.401390790939331
260-123288-0025.wav,2.230930805206299,0.9352846771446268,3.6631217717017366,2.6728936738736877,2.9255317106008305,3.030466374741382,6.081428527832031
4446-2273-0015.wav,2.9594147205352783,0.9431887288205172,4.3229192822037925,3.4186439607413748,3.640085568331442,8.529892577362038,15.903240203857422
121-127105-0012.wav,2.8813438415527344,0.9843400506603844,4.4250506188637,3.507575450794812,3.6554597081558415,10.358510356489546,16.249740600585938
1221-135766-0009.wav,1.6423600912094116,0.922112934510224,3.4883752656993003,2.279796215317063,2.5585338741092323,0.5005006422658145,6.959650993347168
121-127105-0022.wav,2.0962843894958496,0.8724614712775661,2.7911136759921216,2.2724771538814914,2.3622420996508846,0.4020265657962872,3.772918701171875
8224-274381-0006.wav,2.211604356765747,0.8617235815212556,3.562744564807495,2.9228919594967464,2.8745529318119383,6.760907267637884,11.546960830688477
7021-85628-0008.wav,3.2550623416900635,0.9838033509661016,4.406986027664861,3.543183102205667,3.815223943065758,8.96770927203579,17.04072380065918
4077-13754-0013.wav,1.0792014598846436,0.5190241912245016,2.0352144377785084,1.5202541736249782,1.4321455594327874,-2.041466081356003,-3.6040151119232178
6829-68771-0027.wav,1.9240264892578125,0.8970159011561363,3.3596949959123843,2.49242301410096,2.612813656419556,2.792528260139927,9.793807983398438
7021-85628-0016.wav,2.2625768184661865,0.9788052619200291,3.6097559745722174,2.764391273522667,2.919437732598427,4.04535471035764,12.212024688720703
672-122797-0011.wav,2.8304243087768555,0.9448769067781868,4.213784920068107,3.598920161232886,3.532755212183928,11.836671097209743,15.26991844177246
1995-1826-0019.wav,2.135028123855591,0.9189235490192044,3.63929741006364,2.3556641403362977,2.847341246503715,-0.4882409577504764,10.97337245941162
3729-6852-0035.wav,1.787501573562622,0.866692999361287,3.074534546910028,2.160348652445907,2.314582291034613,2.4082872190026112,8.342425346374512
2830-3980-0014.wav,1.340612292289734,0.7805896488000627,2.5893484410367944,2.0264058843954165,1.8684405927973533,2.750473054862338,5.737326145172119
7176-88083-0025.wav,2.7975094318389893,0.989226757078342,4.438555700329196,3.240598247074272,3.6326511838910815,6.19266891642469,7.176632881164551
6829-68769-0043.wav,2.247736930847168,0.9499908324985352,3.747142944539159,2.3471387599977853,2.970007623554531,-2.011465951792872,8.800798416137695
7176-92135-0028.wav,2.465555429458618,0.9656785613635048,3.90495391304456,2.956732388926044,3.187151817795009,4.750495506019019,11.083742141723633
6930-81414-0009.wav,2.891662120819092,0.906666838048976,4.218712720942255,3.3629265284086416,3.533896896228569,9.046275920204868,13.764363288879396
8224-274381-0016.wav,3.0129201412200928,0.964932564426242,4.532685108456065,3.647493320446837,3.792341203526538,10.837211887991174,14.430124282836914
7127-75947-0029.wav,1.1089696884155271,0.5935478719225369,1.3841564261245771,1.034296756466855,1.0,-4.545623644026358,-2.030872344970703
672-122797-0026.wav,1.17621111869812,0.6193624446763417,2.4211108061801423,1.8169386159651717,1.7165433347188068,0.0195757793353058,1.4252883195877075
1580-141084-0003.wav,2.846998929977417,0.9367592450149048,4.321702757232887,3.2164128979583664,3.573918985143183,6.560318246025281,15.423144340515137
6930-81414-0014.wav,1.851372480392456,0.8695429606643788,3.240409967574901,2.644673142869188,2.4676935008876546,7.922852410840814,13.042036056518556
2961-961-0013.wav,2.3002231121063232,0.9567839747817592,3.5096305449497125,2.404470403429997,2.870038565836009,-1.134260346788902,11.360847473144531
6829-68771-0003.wav,2.3251357078552246,0.9698824454761008,3.829702074588413,2.6820930334454283,3.0553906576183665,2.4880157021780667,13.514455795288086
260-123440-0016.wav,2.4623517990112305,0.97748301615771,3.900395652725144,3.200969075458222,3.1758383720255288,8.978831531923952,13.66355323791504
8224-274384-0013.wav,2.884313106536865,0.9830288005056436,4.1978756268477575,3.214933267059642,3.525409902353485,6.506560665089716,14.087228775024414
4507-16021-0046.wav,3.156256675720215,0.9637590122212698,4.159628488147884,2.7899997957654885,3.604151368940401,-0.5592014984507389,15.489007949829102
6829-68769-0028.wav,2.8086116313934326,0.9566639909120258,4.176773502541423,3.1003955225623296,3.4936404421600846,4.5157642830771145,14.41792106628418
8455-210777-0026.wav,2.554291009902954,0.9893503444198916,4.034292035957466,3.186591565543804,3.301109380143864,7.514554694561624,13.67702293395996
3729-6852-0036.wav,3.138214349746704,0.9578701350346568,4.427706304853966,3.6192522690984745,3.76182752491251,11.268886147327184,15.75465965270996
3570-5696-0004.wav,1.121414303779602,0.702415588978462,2.214789149039817,1.7732248688674863,1.6198008800783994,-1.73837144739779,4.616518974304199
5105-28240-0001.wav,1.9863646030426023,0.8969876644736735,3.4287335789909448,2.4552074630714387,2.6633817781996045,2.401257138567157,4.914604187011719
1089-134686-0012.wav,3.047996759414673,0.9753519838523046,4.325095286080464,3.459524990553921,3.695828671383185,8.069211931492598,13.957426071166992
3570-5696-0009.wav,2.881555318832397,0.9829369473429048,4.399651626506049,3.610013902961716,3.653540672910725,11.515359520547849,15.884561538696287
2300-131720-0022.wav,1.6757051944732666,0.8706460750577207,2.903484220769692,2.019364349861533,2.2529269828106355,-2.5019793838390187,-0.0101900491863489
61-70968-0015.wav,1.9055445194244385,0.9143106687636796,3.2873268537502978,2.611471541274115,2.5907240203848705,3.7979819104578336,10.273231506347656
672-122797-0068.wav,1.4188823699951172,0.8290003425326485,2.818911606832388,2.087623573059275,2.063476516570807,1.3091934262255238,2.7406980991363525
5639-40744-0038.wav,2.270158529281616,0.9654181844736276,3.402818039455737,2.8599667879190407,2.795384664259172,6.602649862584886,9.080100059509276
6930-75918-0017.wav,2.229804754257202,0.922695530969268,3.730738483517245,2.539572934065986,2.966125519855913,0.5915563137935324,10.4422607421875
2830-3979-0011.wav,2.749569892883301,0.8107911823784707,3.868083152154579,2.955014329864749,3.269485828150523,4.451299077100883,11.29045295715332
61-70970-0005.wav,1.7782206535339355,0.8790682112673085,3.4724756914137576,2.520567806665293,2.601394030405925,4.07718532828237,10.921859741210938
6930-76324-0017.wav,2.8307673931121826,0.9183453206368264,4.035824898856211,3.455422950627842,3.4399778198034388,9.750326187839,11.359920501708984
1284-1180-0009.wav,1.1482985019683838,0.5848118983362244,2.056659155302337,1.402208067451833,1.445414872549316,-3.0166943144216023,-2.6460189819335938
7021-79740-0012.wav,2.3251757621765137,0.9629408311543264,3.606982602438203,2.4365534294498805,2.8973807940406786,0.6703516419611408,8.589117050170898
3570-5695-0006.wav,2.873690605163574,0.9644603653976596,4.160723928403671,3.394818294926861,3.5200070871588305,8.629727094149528,11.784466743469238
5639-40744-0018.wav,2.8372037410736084,0.973713728999005,3.956655580334051,3.2325661236245207,3.3975823628919395,6.439595248590001,9.772393226623535
6829-68769-0031.wav,1.6561036109924316,0.8929172860405238,2.841754672424141,2.149121679140159,2.22259703672814,-0.7466742753030076,7.935200691223144
8463-287645-0014.wav,2.737081289291382,0.9110162137353344,4.096061278899263,2.873022476090126,3.387293408214091,2.774101777806279,14.15151596069336
1580-141084-0007.wav,3.120448112487793,0.9174247353006302,4.6745625176672085,3.6790836407892913,3.907678617469987,10.943759056132858,15.240708351135254
5105-28240-0004.wav,3.3072710037231445,0.99095646516071,4.636949216087879,3.740903428890557,3.991727056884389,10.136360062259747,15.530248641967772
2094-142345-0012.wav,1.4326823949813845,0.8155808604669323,2.8630575189256957,1.8736465728738976,2.0935045946742483,-2.2401657310630285,1.2195199728012085
8455-210777-0006.wav,2.132639646530152,0.9400641797111932,3.4090273055925997,2.6559403807685285,2.75652779928947,3.1960922883499308,13.598953247070312
8455-210777-0031.wav,2.788966178894043,0.9862676286309316,4.184895042152512,3.240712406389473,3.487272394117076,6.91360934404209,14.060507774353027
672-122797-0001.wav,3.083599328994751,0.9474427506123376,4.390495288814019,3.288053850236716,3.734872104791244,5.582930471672898,8.935855865478516
260-123288-0014.wav,1.517232894897461,0.8578754433872889,2.6436032277992827,1.9380539612572103,2.0518740515711604,-2.95501470922904,8.14622688293457
4992-23283-0014.wav,2.393706798553467,0.9758125021452304,3.840994822740902,2.784427094925957,3.0964358576853,3.5568375958791982,13.67128849029541
1089-134691-0001.wav,2.5376133918762207,0.8805324605712125,3.932230306916449,2.9112705548022357,3.2222392762057432,4.137365962315123,11.08023452758789
237-134500-0018.wav,3.0604493618011475,0.9697974264382966,4.265710860225616,3.5209420243867893,3.6779443631886255,8.71276424421701,6.129965782165527
4446-2273-0012.wav,1.4540667533874512,0.8869708929383594,2.686730056798376,1.899647471242155,2.017005176357251,-2.008981336547913,8.462106704711914
61-70970-0033.wav,2.1516273021698,0.9600855370020444,3.73619314224342,2.6485571283963,2.931280576644385,2.8301209927938475,9.809073448181152
4507-16021-0011.wav,2.8931024074554443,0.945007989687936,4.062319070378459,3.337663831211597,3.4638133334475767,8.325674734834417,14.412503242492676
1221-135766-0006.wav,1.9742431640625,0.9415031799860104,3.789998731727596,2.8924235481583542,2.8865371369543573,7.251296541047153,7.926108360290527
61-70968-0032.wav,2.1301932334899902,0.9137501502173244,3.672810741337242,2.454942313776587,2.8812657096916907,0.2567338689411936,8.331113815307617
7176-92135-0032.wav,3.24896502494812,0.9817682639561884,4.678252732251918,3.444354219096347,3.998642164917216,5.175209003817902,7.611772537231445
7176-92135-0005.wav,2.3022620677948,0.985073913177302,3.945295709251519,2.984348997819051,3.1397872521363834,5.76604360118471,8.49228286743164
61-70968-0054.wav,2.5941662788391118,0.970428337350644,4.184496213563637,3.414178385246377,3.404789912786335,10.436436524823804,14.919148445129396
260-123440-0011.wav,1.68072772026062,0.9034137264562064,2.839417200906417,2.108040925602406,2.195410434507907,0.1088379283495055,7.733504772186279
6829-68769-0029.wav,1.853346824645996,0.9362511485916706,3.274600665554816,2.379655890068127,2.5392778403218994,1.340780089487365,13.271522521972656
1221-135767-0000.wav,1.8898429870605469,0.8761071206806036,3.5325636101328834,2.701308501834556,2.708200271643392,5.19407173376524,6.304572105407715
8230-279154-0037.wav,2.7666690349578857,0.9677435416882388,4.285710837649416,3.091363397338596,3.5195699392874684,5.003225751521208,6.35651969909668
1284-1180-0023.wav,2.4645419120788574,0.9147801973794296,3.9607713616631854,2.620736342834848,3.1914410428395485,0.4370444620360936,11.212141036987305
2961-961-0007.wav,1.7635058164596558,0.9210814397639256,3.2225398710793787,2.373878807865144,2.4634919624485656,2.129675539286779,10.637300491333008
121-123859-0004.wav,2.9981162548065186,0.9775840621937446,4.142547259390319,3.1713841142711567,3.559925899709322,4.750092291427842,15.80863094329834
260-123286-0007.wav,2.4906439781188965,0.9751494312909532,4.08763923655807,3.308802740728235,3.2905400241754994,10.156465931210713,16.02606201171875
3575-170457-0030.wav,1.196374535560608,0.7923424675174878,2.697603917100872,1.7420957625800515,1.867057801062216,-1.4428999821655115,2.708371639251709
260-123288-0018.wav,2.5242815017700195,0.9419935544285652,3.959143621497751,2.878948332093441,3.2277799077405653,3.7747479960675583,11.932943344116213
3729-6852-0034.wav,2.307432174682617,0.9419724098213952,3.800103263859637,2.863977527126792,3.021654762007559,5.953012570028283,4.5972208976745605
908-157963-0025.wav,2.5978899002075195,0.947189131350526,4.094718929144644,3.0257849795517267,3.3189688098554138,6.139110790498728,11.039576530456545
7127-75947-0009.wav,1.3639702796936035,0.8117403325035415,2.7343743624731336,1.8457731728689328,2.011014646178281,-2.876613395290798,4.691373825073242
5683-32879-0008.wav,1.8597681522369385,0.8423428097173941,3.443310057291831,2.3836636160115536,2.591501528365896,2.896141511807947,9.336984634399414
121-127105-0035.wav,2.1224894523620605,0.913574521003106,2.25802825479131,2.488085866959886,2.1794543080588427,0.5754773853716368,7.169609546661377
5142-36377-0025.wav,3.075286865234375,0.984760081531364,4.37371576453624,3.67139243610711,3.7337456535083056,11.227582214717687,18.252416610717773
7021-85628-0018.wav,1.6952582597732544,0.9221847279766454,3.1494262578395102,1.9948688445378504,2.360047452839277,-1.9320952834601397,5.7640910148620605
1089-134686-0003.wav,1.91264009475708,0.8343491654442803,3.043218211754351,2.2194811040524187,2.407459036637932,0.402955892463496,7.278380870819092
5683-32879-0010.wav,2.3164255619049072,0.919640262249964,3.8271280231179183,3.1634169932799217,3.0551514375999598,9.954489309184162,16.37128448486328
3575-170457-0015.wav,1.9779064655303955,0.9357953383448584,3.4589978331089783,2.9593491314640685,2.697654421939983,9.432947820314194,12.00401210784912
8555-284449-0017.wav,2.5183684825897217,0.9348962345395492,3.831903098166868,2.677921270702595,3.1776184556412264,-0.0822111024243226,7.832586765289307
8230-279154-0015.wav,2.5837888717651367,0.9646323104679316,4.042313054768987,2.83184240673853,3.302680950397896,2.4226825501995672,6.184356212615967
237-126133-0005.wav,2.936439752578736,0.9283876869252448,3.95422031710369,3.1271250190010287,3.419869099408408,5.185505386158598,13.996590614318848
7127-75947-0034.wav,2.3310437202453613,0.9894175885801808,3.812393034552012,3.040476884734921,3.039693961154508,8.575390302026875,16.979093551635742
