Filename,PESQ,STOI,C_sig,C_bak,C_ovl,SSNR,SISDR
5639-40744-0023.wav,1.686185359954834,0.8475035605473641,2.4266028799154573,1.964994455117009,1.9864641411177009,-1.925665579480286,3.5712523460388184
4992-41806-0002.wav,1.809003591537476,0.9043954527540548,2.9284669942178616,2.3844679028725304,2.308893617718476,3.3294484031698826,10.472417831420898
237-134500-0034.wav,1.567957639694214,0.8059763143652655,2.1993949574961875,1.8105403320589104,1.7205146433914191,0.6258720101832659,9.689921379089355
7127-75947-0006.wav,1.7254480123519895,0.9826344392004808,3.27403865975717,2.3089093711756874,2.452622811675295,2.148316402259273,14.003335952758787
6930-81414-0004.wav,1.3829231262207031,0.8114492627600381,2.6604744980363115,1.9780319949750904,1.9664324304307108,-0.1552174488083701,8.086294174194336
61-70968-0005.wav,1.4694015979766846,0.8689187158686065,3.2211959680828985,2.248648199190133,2.2930753632247787,3.308965431168797,7.683181285858154
4970-29093-0001.wav,2.8440308570861816,0.9283415736009952,3.789396764466327,3.0601809703782985,3.295922468855248,4.615726034279815,14.523791313171388
4446-2271-0006.wav,3.543787002563477,0.9852547595974718,4.489175683429654,4.062231951770764,4.042521627792554,13.22684520122654,17.770597457885742
6829-68769-0000.wav,2.4415009021759038,0.9255081053687292,4.032365559162117,2.558083721853589,3.2272346288057845,-0.9027546695901486,8.739031791687012
6829-68771-0016.wav,1.9842875003814695,0.9311780543622528,3.4093511459924684,2.642349225553514,2.679663188654646,4.199053416648544,11.99402904510498
2830-3980-0010.wav,2.8250396251678467,0.9561365814187212,4.309977646825472,3.342729061250936,3.5679317417380183,8.25014016657281,14.1373872756958
1320-122617-0004.wav,2.0228304862976074,0.9307203451758972,3.467423030661573,2.6847256851647376,2.7206919012591704,4.902167475289154,4.7636494636535645
1188-133604-0014.wav,1.998757004737854,0.8614812119481875,2.9549444837298595,2.062130376053808,2.4076439875958715,-2.7754446220061437,9.365604400634766
1284-1181-0005.wav,3.1092257499694824,0.9731263015533204,4.5800897718666365,3.385164215959221,3.863766311821376,5.977497661720882,16.423341751098633
260-123288-0021.wav,2.05604100227356,0.9543565426098156,3.1859082096820384,2.6561784955380885,2.572056036819884,5.313188553265037,12.903287887573242
61-70970-0037.wav,2.815096855163574,0.9771509704204292,4.412502740886938,3.449037560214905,3.624925280483691,9.528328833604432,12.039518356323242
5683-32866-0005.wav,1.3161214590072632,0.800862812059812,2.239453721123283,1.7063325196291583,1.6718843249383215,-1.6995938477614514,8.223467826843262
3575-170457-0042.wav,1.875088453292847,0.880553798090787,3.147845962992172,2.4321572024083564,2.442498272096412,3.978127670694505,11.177997589111328
7021-79730-0006.wav,2.302417039871216,0.9586021235575072,3.5899276993924283,2.581841103232549,2.8928950743829995,2.466590243732637,5.617485046386719
8455-210777-0000.wav,2.2941675186157227,0.9572976425825804,3.41978210062152,3.157208530571126,2.859898760299602,9.202230874503575,13.759126663208008
5683-32879-0013.wav,2.1110126972198486,0.8588538563369806,3.5012667066216587,2.266407947940258,2.7479430615856986,-0.9036807951512597,9.14302921295166
5639-40744-0017.wav,1.3962180614471436,0.9722845806637006,2.7706213328144056,2.251467127488941,2.0463439174364018,3.273806554607456,12.213631629943848
6930-76324-0019.wav,1.518998146057129,0.8650940665503714,3.298153740521165,2.5542872943936463,2.38623038352769,6.470296025940517,8.630983352661133
237-126133-0008.wav,2.9581732749938965,0.9594254890735556,3.831070056700448,3.3337055288318465,3.383634690185482,7.679889566724582,12.837564468383787
2094-142345-0008.wav,1.2485592365264893,0.715437562240213,2.375347700346088,1.5294958477640117,1.6735873465382345,-2.592952395514504,-0.9657830595970154
1284-1180-0006.wav,2.008151769638061,0.910092406797193,3.547303425529642,2.425307281866132,2.7236935164197176,2.1881400023361293,6.116768836975098
1320-122612-0003.wav,2.480212450027466,0.9457660805676475,3.8959591443327137,2.908639145797536,3.167910318583582,4.85257230547871,4.952033042907715
6829-68771-0002.wav,2.461501359939575,0.9735755196042968,4.025802794350302,3.360037570126466,3.2463419465698,11.134174923464869,13.94805908203125
121-123852-0001.wav,3.05027174949646,0.8827979040432327,2.700202885508628,2.571462632680241,2.858504194376817,-4.723614062649333,15.275094985961914
2830-3980-0000.wav,2.58577036857605,0.9518212966445704,3.626931098930135,2.879273930075429,3.079591480995878,3.927522003429336,10.357165336608888
5105-28240-0009.wav,1.3733768463134766,0.8580848644447632,2.7067902090584703,2.3002258090640346,2.0140362859786274,3.7369858402891594,7.43461799621582
1320-122617-0023.wav,3.1187586784362797,0.9313808853366894,4.147547676279228,3.047876323467346,3.589901212968313,3.34732598622374,2.1540093421936035
672-122797-0021.wav,1.7362885475158691,0.8948285046400927,3.17797883687139,2.201295441337604,2.41438650533564,0.177877099823131,5.244508743286133
6829-68769-0046.wav,2.397138833999634,0.9625300233387796,3.830174991987443,2.6728625815860663,3.0715232081156447,2.696720238128105,11.20775318145752
237-126133-0020.wav,2.832913398742676,0.9620377156490464,3.818682483800015,3.115548279176321,3.307199323845923,5.476747440170072,12.19204044342041
8455-210777-0057.wav,1.7878283262252808,0.9363420570705911,3.0039159049166964,2.722429621742343,2.3737271349275213,7.180992788071859,11.586609840393066
1089-134686-0022.wav,2.337101936340332,0.9648479519872676,3.883915883763878,2.550442041839861,3.1171984824139,-0.9609398747286227,12.396193504333496
8224-274381-0011.wav,1.907000541687012,0.8785720147569238,3.2021044297221715,2.4354029879097605,2.496223905852481,3.319889930200392,10.089736938476562
1221-135767-0013.wav,1.991158962249756,0.8790983604708895,3.6093177657148505,2.709010903803072,2.7871566792654154,5.005620938235469,6.433494567871094
7176-88083-0026.wav,2.1215031147003174,0.9810846079038452,3.6273612270949647,2.7628944906038835,2.8638557493197734,4.7881578349934495,6.136737823486328
4992-41797-0010.wav,1.413438320159912,0.8099139206292363,2.475802164062133,1.8450737641321795,1.8775657171044984,-1.951375406867707,7.543985843658447
672-122797-0027.wav,1.4299428462982178,0.7911278802912765,2.9134202843345145,2.179625334780215,2.091393994224058,3.773544382616703,6.372625350952148
61-70970-0013.wav,2.442494630813598,0.9865845217094914,4.188650642494805,3.289364457997337,3.338244607031497,9.254606539474972,14.495071411132812
1284-1181-0011.wav,3.436692714691162,0.9809175443188888,4.753717319573958,3.8857306240141583,4.112349126878051,11.578006086508648,14.3831787109375
8224-274381-0009.wav,1.3154510259628296,0.7809442151562287,2.614980279981713,1.8666952509821648,1.9304412283259105,-2.323283053162488,6.214023590087891
2830-3979-0008.wav,3.2161006927490234,0.9476815023278752,4.51577364313752,3.3511143065033893,3.855472293529904,5.959372577318073,10.723503112792969
8455-210777-0039.wav,2.7184834480285645,0.9657562807052747,3.8811935462273888,3.1046494280468138,3.260686868194591,7.045787880921297,12.432228088378906
7021-85628-0001.wav,2.5864126682281494,0.983921364013228,4.045048836541785,3.0945257678779066,3.286683259413322,7.395546033797701,13.369140625
5639-40744-0032.wav,1.3029773235321045,0.8053515958023406,2.142918900662433,1.6686339836499495,1.6142805010062702,-2.069002136969696,2.1938915252685547
4992-41797-0016.wav,2.679359674453736,0.977558972446684,3.708888501474795,2.8300287336674974,3.10657343152321,5.125875766489905,13.618331909179688
7729-102255-0011.wav,2.093167543411255,0.9114035878751016,3.3066249275024298,2.74958125313285,2.68423970018947,5.043786509536654,6.632781982421875
3575-170457-0035.wav,2.4722111225128174,0.9562167889216036,3.754691381903663,3.355926310823472,3.076354763527366,12.771972800380668,13.097878456115724
1995-1837-0003.wav,1.127508521080017,0.6778710004480548,1.727413982223961,1.2549996346807288,1.1593762262700955,-0.2734135380012278,-5.706996917724609
237-134500-0019.wav,1.861377954483032,0.8929361897467497,3.14206571626088,2.3382271942356936,2.4438125729578872,2.101541226665943,8.641060829162598
672-122797-0018.wav,2.259077310562134,0.929121963139519,3.772408819180979,2.961491435869132,3.009375534256109,6.72580199915012,10.2979736328125
121-123852-0004.wav,3.33969783782959,0.9894711082424448,4.57106444267405,3.589555358581542,3.955272540736126,8.371213192867563,14.218536376953123
1188-133604-0031.wav,2.4817023277282715,0.9343944394615376,4.000521874155632,2.646179147367092,3.2244945691045808,0.5076097039703162,11.614484786987305
7729-102255-0043.wav,1.74320650100708,0.8703746142628987,3.147926716815628,2.4126724803457145,2.417143416405671,2.8542076811488357,4.924215316772461
3729-6852-0029.wav,2.0698673725128174,0.9238413217279112,3.1600821385533946,2.573813382140088,2.507651646025438,6.479940828315312,13.660446166992188
2094-142345-0037.wav,2.453778982162476,0.8881915056527574,3.8302919405425375,3.065793213755549,3.109327032536452,8.101077187345133,12.423654556274414
8555-284449-0001.wav,1.9624757766723635,0.857703481735728,2.8251416294964504,2.1788282736202413,2.333652105727739,-1.040604304080592,6.56827449798584
2300-131720-0034.wav,2.627439260482788,0.94910377031452,3.9317416183756166,2.81901072772234,3.277899969310645,1.5267883509744362,6.001376628875732
1221-135766-0002.wav,1.8967235088348389,0.9544476294059928,3.6723589483878953,2.7123338992433497,2.7687507040650754,5.866819894787175,9.950777053833008
4446-2273-0003.wav,3.049306154251098,0.9841552719906612,4.531516725227402,3.7497235754740026,3.805359770607273,12.394169481120992,17.39982032775879
8555-284449-0006.wav,1.8139533996582031,0.8738975695434518,3.175292682134874,1.9512441944317416,2.386455487924506,-1.4808182669204777,5.19129753112793
5142-33396-0004.wav,2.2529165744781494,0.9686208952786644,3.528958285310614,2.690662098800068,2.8719936824638195,3.052475740527854,14.534255981445312
2830-3979-0002.wav,2.5324056148529053,0.8540348064644729,3.584471340348349,3.017940634899686,2.992867125922158,8.236372257594846,9.75313663482666
672-122797-0008.wav,2.021087169647217,0.8384168019966945,3.265016606968858,2.614222880002995,2.6105385975752564,4.173515738324793,6.93975830078125
5683-32866-0002.wav,1.8244874477386477,0.8689362664775544,2.8981381490984424,1.989002305687651,2.2412276426293505,-0.4043575108188517,9.399123191833496
6829-68769-0025.wav,2.0996994972229004,0.9511887782956676,3.442716752600031,2.7314344334431384,2.764990485786868,4.277173844682066,11.76509952545166
2830-3980-0038.wav,1.8390097618103027,0.8513260218105473,3.159092457426518,2.4970818629022067,2.431922893906618,5.192221068983725,9.531835556030272
7127-75947-0018.wav,1.7865979671478271,0.9408695171136586,3.568876399046513,2.7490237542643583,2.680702989606824,6.445354128592463,14.10147476196289
672-122797-0047.wav,2.223233222961426,0.8043573989987497,3.668553655321277,2.392909447708784,2.8924513930934603,0.0499871742258811,7.615239143371582
4970-29095-0002.wav,1.793552279472351,0.8830483592156366,3.0393100401904354,2.1548421585248563,2.3565516847050776,-0.2117505447350457,9.423887252807615
4446-2273-0010.wav,2.655303716659546,0.9526868035111274,4.1846619903358695,3.3779590012536542,3.4246111757695274,9.888188896447188,15.304027557373049
8230-279154-0029.wav,2.6185381412506104,0.9828487849841668,4.224355171071235,3.2561686269636767,3.4366452650781705,7.755951158839856,10.717500686645508
3729-6852-0003.wav,1.988206386566162,0.9056432787445684,3.245050505020451,2.103265936624778,2.5123789377631693,-0.5318587693870962,7.441234111785889
4992-41797-0017.wav,1.881986618041992,0.9181203189559376,2.8423104215298736,2.397647952914101,2.304324031413769,2.921223731324489,9.374753952026367
1284-1181-0015.wav,2.4093971252441406,0.9593540783381292,3.780848717131867,3.0245771085570534,3.0693948277248864,7.471628483570994,11.30483055114746
6930-76324-0016.wav,1.927978754043579,0.907489042774113,3.35353218254022,2.7683104160026164,2.6213323987759223,6.719205211081049,7.971749305725098
5639-40744-0026.wav,1.2377219200134275,0.7748661623097807,2.1097615713850564,1.7888711792664953,1.5926974657516413,-0.8931471793652482,0.5276265740394592
7729-102255-0020.wav,1.3769224882125854,0.8654481924700123,2.628666830955023,2.109817187001823,1.978142580727661,0.6353935227757164,6.005392074584961
1221-135766-0004.wav,2.284458637237549,0.929464133755073,3.8498001273401257,2.90967533961084,3.0475791613826426,6.288833845776044,11.399276733398438
4446-2273-0005.wav,2.6864330768585205,0.9765466634391632,4.404497627893382,3.625024598280687,3.5683222136323423,12.753822097942187,14.768024444580078
3729-6852-0041.wav,1.933549404144287,0.9132129853987148,3.3114795651400053,2.136443527607338,2.546347980011024,-0.8469100800999028,10.252948760986328
237-134500-0035.wav,1.3610563278198242,0.7695779962811555,1.174583670076539,1.2659086189382365,1.0,-0.0539372773395099,4.123311996459961
3575-170457-0016.wav,3.5197863578796387,0.9828525204743096,4.673103788254613,3.656158351078127,4.063668264877493,9.529821558446164,19.706562042236328
1089-134691-0007.wav,3.080021619796753,0.96302888661799,4.428269594293342,3.536261571020626,3.7611211736342014,9.141879980019027,15.124372482299805
4446-2273-0032.wav,2.595663070678711,0.9512269827817684,4.030053927561772,2.5705606343378298,3.292367641030917,-1.3649153005606334,9.831864356994627
4446-2275-0004.wav,1.7944402694702148,0.9476306864416691,3.378134508064049,2.4053161683380977,2.5524390494326306,2.574307146687285,10.57570457458496
1995-1837-0007.wav,1.2521724700927734,0.7836776887204576,2.516287105726155,2.0237045650012937,1.770832950511942,4.109795589948039,4.685081481933594
7127-75947-0004.wav,2.4966516494750977,0.99575204979191,3.8598617287703942,2.882181939896032,3.1549866412650167,4.451691524670262,17.207077026367188
8224-274381-0001.wav,1.3644386529922483,0.6902612628705141,2.420032801830017,1.9022325169659475,1.8169137919351044,-0.3128129264624235,3.8091654777526855
6930-81414-0003.wav,1.530176877975464,0.8460857907173945,2.802386941632049,2.2772253695496643,2.0974083460699484,4.093166691469747,6.637738227844238
672-122797-0046.wav,2.23669171333313,0.8960365393145057,3.509521727892688,2.8144215085368995,2.840525389717847,5.739404523110074,10.018519401550291
1580-141083-0038.wav,2.82382869720459,0.9591008607141288,4.283787763091933,3.538278564575524,3.555276315081663,11.319785942702222,18.11382484436035
121-121726-0005.wav,2.8500826358795166,0.9690637400311504,1.7633957549604995,2.2121324702650207,2.22647799175437,-6.052896060402087,11.430764198303224
1089-134691-0020.wav,3.3636937141418457,0.9730329172179348,4.470598102226881,3.2523793712427933,3.8932408842955226,3.9016016576295223,12.519708633422852
7127-75946-0018.wav,2.372475862503052,0.9356530491351996,4.094077531403764,3.2288864286145365,3.2295928673164487,9.981910389292375,9.38092041015625
7127-75947-0040.wav,3.148403644561768,0.985543133181874,4.612013709539155,3.662643273787862,3.896026768620227,10.234800359513995,14.13014316558838
8224-274384-0012.wav,1.1858516931533811,0.7252866576664253,1.824420007095328,1.4840326478903647,1.3414348649920191,-1.677322797459101,-1.6697843074798584
237-134493-0000.wav,2.441718101501465,0.9310769050111252,3.521522106512491,2.814928085298269,2.9472692846826107,4.313376213469262,5.22157621383667
5105-28240-0005.wav,3.042454719543457,0.9506760529567664,4.337736011627789,3.251249933235612,3.689199019708522,5.251219533056997,9.040752410888672
260-123286-0028.wav,2.4842629432678223,0.9539889180109756,4.105959711245955,3.3218234968818505,3.307600334962181,9.919561153265592,15.967992782592772
1995-1837-0017.wav,1.439777374267578,0.8701384151497041,2.6686385585985595,1.8949946061939575,1.978416108752565,-0.9887446273896664,4.035155773162842
7176-88083-0008.wav,1.095260739326477,0.6294752301943669,1.0,1.2189920400671117,1.0,-1.7180238508956678,-7.072659015655518
8463-294828-0010.wav,2.5699334144592285,0.9636716907810304,3.981200956588309,3.0571837627667118,3.2597501336044474,6.348157290798079,14.13503646850586
672-122797-0051.wav,2.240019559860229,0.8742725800637705,3.6679607642987615,2.974044542480683,2.9305235637600364,7.830035411996628,12.7069091796875
1320-122612-0011.wav,1.3094170093536377,0.8033050327958935,2.5482849064514883,1.8085154116020337,1.8828932259555955,-2.7024450047921693,0.8578665256500244
8555-284447-0002.wav,2.412055253982544,0.8729388241397036,3.709242081590848,2.494102102790552,2.967388994850849,2.014848572812413,10.058385848999023
3570-5695-0012.wav,2.2779905796051025,0.9471424369711292,3.756586107964424,3.21760325116047,3.0189510753761013,10.299593274429396,10.842178344726562
4507-16021-0051.wav,2.4756767749786377,0.9745676472531514,3.596464524601807,3.1259296605984765,2.981992901236713,9.860811468671445,18.248924255371094
5142-33396-0002.wav,2.2738232612609863,0.9244075922970636,3.491558138961349,2.4050337635937105,2.8608809835651026,-1.5050838476502415,12.727495193481444
5142-36600-0001.wav,1.4578057527542114,0.916816530521009,2.3930375871351224,2.134970916114236,1.85143370793238,2.63758346807339,9.135637283325195
61-70968-0030.wav,2.3444979190826416,0.9703873530516308,4.0761355632340255,3.117651230661224,3.217647310841613,7.9390653151755615,12.573762893676758
7176-88083-0005.wav,3.0261828899383545,0.9855954391640898,4.508888399298476,3.472924629347287,3.7808080599124536,8.247181814783978,10.12489128112793
2961-961-0001.wav,1.7630882263183594,0.8932287983280415,3.043899563925988,2.0180968066494094,2.3164659865642165,-0.9621919218292664,8.450572967529297
4446-2273-0014.wav,2.440476894378662,0.9661304017354798,3.963260358424305,2.95814965859042,3.206159771726357,4.8460655021077,13.838869094848633
6930-76324-0020.wav,2.37225341796875,0.9472162518685115,3.9643745540971023,3.0863306564398045,3.1705318305212717,7.474620923749839,8.468482971191406
672-122797-0043.wav,2.674047470092773,0.9034068225922186,4.120801779647499,3.434113212759634,3.371987287484596,11.972912710344142,18.45881080627441
2830-3980-0076.wav,1.193986892700195,0.7273295283277036,2.412973183665751,1.7520611727441888,1.721006588161826,-1.1246582577683824,3.303903341293335
5683-32865-0011.wav,2.551351308822632,0.8974821403507612,3.9876842962222527,2.901762465448261,3.2326705652838466,4.943952487168202,10.917960166931152
672-122797-0066.wav,2.201164722442627,0.9345444963434602,3.6096136448490608,2.769156289158468,2.8707735823603824,5.361605212981014,7.235591411590576
7176-88083-0004.wav,2.0326573848724365,0.958283113193808,3.466809671418961,2.7386342090778037,2.7382538263547738,5.114721684513408,6.777469635009766
6930-81414-0005.wav,2.108898401260376,0.8385332130622877,3.3255257169740986,2.227945530666364,2.649839634222868,-1.0755274418863918,8.02326774597168
1188-133604-0008.wav,1.713169813156128,0.8065868731307531,3.0799310477996054,2.264453937612213,2.357054436473557,1.217995190207949,6.533637046813965
5105-28240-0022.wav,2.573312282562256,0.9412587903290616,4.029391733091775,3.01746175065022,3.296137012635161,5.220476353936901,7.044210910797119
2300-131720-0027.wav,2.7243006229400635,0.9815474814083084,4.303360441945655,3.3064674589936227,3.5190181378209653,8.207648128531813,8.453012466430664
8455-210777-0043.wav,1.3294398784637451,0.8128565581103527,2.549223676463093,1.649643775304223,1.8509338806986864,-3.5019820062940874,4.377967834472656
121-121726-0004.wav,2.983389139175415,0.9645739145698432,3.0523869163277357,2.703437616869872,2.967426869596932,-0.6876178818287255,12.46433448791504
5142-36377-0014.wav,2.669865131378174,0.9728708538346098,4.047684129451239,3.3186460590100157,3.354196599473552,9.259703256050445,10.017171859741213
672-122797-0054.wav,2.542021512985229,0.8581344884413884,3.7616742540211554,3.0339713136859983,3.114047949995114,7.1774205038711445,12.578672409057615
121-127105-0018.wav,1.9954683780670168,0.8550906408032215,3.646443325400772,2.2697298500069074,2.7885883410284253,-1.1531064810129017,5.591181755065918
2094-142345-0014.wav,1.954339623451233,0.8687926380589758,3.5711806564940742,2.568326915404479,2.7431481414700505,3.335648804652241,2.2412571907043457
7176-92135-0021.wav,2.652207136154175,0.9514474455337182,4.036501834598424,3.268431219053122,3.340382217743307,8.567263694841154,9.31651782989502
4507-16021-0007.wav,3.051323890686035,0.9747821133119322,3.9937608093285952,3.2996745960254388,3.4345914365344727,9.826877213960833,16.5527286529541
237-126133-0014.wav,1.1726824045181274,0.6647367719071108,2.1373011088750538,1.5616659578381422,1.541138333728042,-2.577739509609004,1.416109323501587
1580-141083-0018.wav,2.3919878005981445,0.934035352871758,3.621866479615596,2.4524733491530166,2.914695752203172,1.4659903764993514,15.535969734191896
6930-81414-0011.wav,2.373668909072876,0.8240380869162998,3.585876769379464,2.8873459118852183,2.9571644202047453,5.440041042183752,11.783652305603027
1320-122612-0007.wav,2.406562805175781,0.9434311935632173,3.7709680806560426,3.089227367218454,3.08692869566182,7.467134620454719,7.682878971099853
908-157963-0026.wav,1.5805048942565918,0.7829293364909368,2.9247027834539034,2.0475880189055,2.202332369097733,-0.7553994087458263,5.43666410446167
3729-6852-0021.wav,1.885721206665039,0.9087742780959632,3.351366884467997,2.3501741470032496,2.53619951151091,3.1659924479455177,7.983318328857422
6829-68769-0013.wav,2.0836117267608643,0.978062142362777,3.4468026238717098,2.7388706085721046,2.736441007992681,5.506782094696763,11.198701858520508
4507-16021-0042.wav,3.369333028793335,0.9886189478820788,4.667749803428558,3.939235090177149,4.037589169890568,12.848955817587475,20.61937522888184
4992-41797-0019.wav,1.6424705982208252,0.9329981980815144,2.7596805932423947,2.022222533502421,2.129346101801799,-0.651537877489993,10.751474380493164
908-157963-0000.wav,1.2712606191635132,0.8245241729824466,2.6464744983234154,2.101154130861864,1.9164993626786104,2.05510897652722,0.4746381044387817
2094-142345-0044.wav,2.1379244327545166,0.9334160100824932,3.6021647046657983,2.772941528487836,2.840469865799599,5.666377435328064,8.366059303283691
61-70968-0008.wav,2.239309549331665,0.9822554047561451,3.985614639122061,3.136014915769396,3.117199110450225,9.129597160022792,9.347615242004396
237-134500-0024.wav,2.238887310028076,0.8563335645190955,3.4260700903433934,2.3621698900088743,2.7783806133193027,-0.4984293584882891,7.688080787658691
1995-1837-0021.wav,1.540527105331421,0.811643405338073,2.927158234646163,2.393873593871112,2.199707433032125,4.324564718059265,7.713035583496094
4077-13754-0000.wav,3.2541732788085938,0.9814956205475152,4.519653379941998,3.4731455938561417,3.886210816177464,7.185301444626469,13.75041389465332
908-31957-0000.wav,2.447495937347412,0.9749181310044068,3.651583550155792,3.1248234998248314,3.034686171722087,8.31682362790815,13.91777515411377
7729-102255-0010.wav,1.5264289379119873,0.864726571817598,3.003146551396217,2.0339628040681843,2.2296973832529505,-1.2504740844044278,4.826833724975586
4446-2275-0035.wav,1.8284469842910769,0.9280778967711832,3.5129336068336663,2.576459513093684,2.660799285940276,3.970320618901967,11.78795051574707
2094-142345-0011.wav,1.4957098960876465,0.9179559555797148,3.25404157085583,2.3443307479240927,2.337157330728043,3.9912883698418047,5.266361236572266
8463-294828-0003.wav,3.3350300788879395,0.9859796009113108,4.874959442646548,3.963700183264968,4.132670145945959,13.087747539174046,18.46700859069824
4446-2273-0011.wav,2.148911476135254,0.9559886585396772,3.6287459994884177,2.358476739220141,2.861569025463176,-1.0982290219854098,11.322723388671877
5639-40744-0035.wav,2.0795140266418457,0.9295274423131044,3.216016588465811,2.4081454444258474,2.595032110731381,1.3680400100742678,6.649481773376465
61-70968-0027.wav,2.421638965606689,0.963185910361448,3.985832622025711,3.1546650516328856,3.2095186076605198,8.036027861761369,13.049168586730955
1089-134686-0032.wav,3.5957863330841064,0.9889189939332176,4.893922031172156,3.872486787626231,4.270123195932397,9.82251370536542,15.90742301940918
1580-141084-0012.wav,3.0816776752471924,0.8904938120401557,4.426453858163436,2.7897607647065272,3.71752747297269,-0.8021665278272412,11.940979957580566
2830-3980-0061.wav,1.8152447938919067,0.8494128883779943,3.1808736563826345,2.3481500444739174,2.425136122388412,3.2563231507211428,7.758374214172363
8230-279154-0038.wav,1.9917047023773196,0.9180994892958172,3.432373366878151,2.505183708642057,2.6672935239632354,3.180267356133187,4.706711292266846
1284-1180-0017.wav,1.920642375946045,0.907823591043186,3.3875617272572134,3.042455040780275,2.654325401949475,10.255519661045383,14.618817329406738
4507-16021-0032.wav,1.6669211387634275,0.7989758041089369,2.8182529648472667,1.9741246365588592,2.147824298114023,-0.5866069010852617,7.506108283996582
4446-2275-0026.wav,2.081336259841919,0.9400704330145756,3.717172655356447,2.7622948451371228,2.897640456404036,4.670121239630275,11.237077713012695
8455-210777-0023.wav,2.9865877628326416,0.991542798510288,4.226810206578642,3.5235990323255093,3.615272975381948,9.580498924641915,16.189096450805664
1580-141083-0009.wav,3.1242377758026123,0.9536237945773636,4.595699184061172,3.7574570266458527,3.8735626012736257,12.017580380420968,18.597352981567383
3729-6852-0020.wav,1.1378566026687622,0.7588278226574824,2.018960181579061,1.564044202151769,1.4565441809838646,-1.9177583789775892,4.425973415374756
5105-28233-0006.wav,1.7869080305099487,0.881648777940875,3.0868484627668327,2.411360761929328,2.3942713525979187,3.1428289363060378,10.909431457519531
5142-33396-0060.wav,3.7743639945983887,0.9921531800326566,4.858905290811439,4.216815906467256,4.349323322668693,13.649041868754065,20.50039291381836
672-122797-0032.wav,1.561259388923645,0.8783720565099575,3.306830882030434,2.551381356206321,2.383370020979589,7.360011557979676,4.0996198654174805
7729-102255-0037.wav,2.23755431175232,0.9040672960632689,3.744254664814095,2.416448101362076,2.9662852087218323,-0.9599171294526628,6.889220237731934
2961-961-0003.wav,1.4749197959899902,0.9135260272696992,2.697756831592657,1.7950161153810498,1.9622126860179363,-0.7082284966039086,7.437585830688477
1284-1181-0001.wav,2.667034149169922,0.9668592993712184,4.139622876782468,3.3380329025592115,3.406372345633337,9.242637358002083,14.324508666992188
908-157963-0023.wav,2.136993885040283,0.8940530154091859,3.742660571245028,2.845487988900563,2.916310748019004,6.542806403637771,11.54612636566162
5683-32879-0020.wav,1.777695894241333,0.8061874348787137,2.789550319985687,1.8578062976784573,2.152604109300313,-1.648689315752739,9.111505508422852
4446-2273-0018.wav,1.3451915979385376,0.9050296666147912,2.75256396531806,2.077115414371512,1.985240828401255,2.054503973536,6.07020902633667
7021-79740-0002.wav,2.166773796081543,0.945901129334668,3.2942992080331046,2.613048454512061,2.6706437503854765,4.284554793909504,11.327098846435549
6930-76324-0015.wav,2.61196517944336,0.9530040715845882,4.07657792241204,3.224358677130365,3.348264507717773,7.808993902995893,6.498770236968994
7176-88083-0007.wav,1.0590897798538208,0.5999946098915907,1.0,1.2942129548167047,1.0,-3.165837995882688,-3.261887550354004
1320-122612-0000.wav,1.861595630645752,0.8832140778483392,3.558369450108613,2.4882936692493374,2.683162105108845,3.067636846759376,2.981869697570801
6829-68769-0037.wav,1.93773889541626,0.9726843425520538,3.689349246546792,2.929464521319623,2.7920140556761988,9.26217190633767,12.391868591308594
237-134500-0021.wav,3.0051422119140625,0.9311658703489434,4.251604151075175,3.4332971377390287,3.613717724484777,9.03123042771638,16.93804168701172
4446-2273-0034.wav,2.5553536415100098,0.9565288749286096,4.068936863386794,2.6670602158517918,3.302729770519266,-0.0282871017060579,10.844807624816896
121-127105-0014.wav,2.3225903511047363,0.9294649669897534,3.0622964308116734,2.396155229003357,2.626671599315773,-0.0224769964359111,11.54141330718994
1580-141083-0005.wav,3.1074912548065186,0.9468646214688238,4.315060277500621,3.2937414793399973,3.6704320383674864,7.208936218278637,20.06808090209961
5105-28240-0019.wav,2.948082685470581,0.953512421073282,4.309846029821496,3.5246874445502985,3.643243116704702,9.621266469599757,13.394716262817385
4446-2273-0035.wav,2.007474184036255,0.9008428115736676,3.0714925263951347,2.068588511213731,2.4672306751787225,-2.6154425891225026,9.234841346740724
2830-3980-0003.wav,1.1068979501724243,0.7140365740919684,1.70574703744068,1.5760586554358484,1.2256146915995163,1.1271899074332978,2.226080179214477
5683-32866-0003.wav,3.459147691726685,0.9773843151000212,4.568117854724122,3.855309442809536,4.013532077060702,11.709327257619549,16.262908935546875
3729-6852-0011.wav,2.686320543289185,0.9263472110969267,4.054851812420787,3.217909463121008,3.321566480919079,9.496749203898236,14.536096572875977
61-70970-0016.wav,1.309417963027954,0.9349384926705016,3.121910896487093,2.071767622694215,2.211856245658934,-0.442319054608265,9.466261863708496
908-31957-0013.wav,2.046407461166382,0.8868007968319489,3.3777624181407115,2.3951715542879723,2.6462242119180943,1.9671257550636971,7.390100479125977
8555-284447-0010.wav,1.4947439432144165,0.8463398773710826,2.8674722165203144,2.405967045865565,2.12284101923662,5.923494822117531,5.709982395172119
6829-68771-0024.wav,2.8400940895080566,0.9816953656622612,4.191206414621767,3.4386751050457884,3.5141814907380198,9.758231327228405,16.967708587646484
2830-3980-0022.wav,1.4555343389511108,0.8262986564118795,2.7267304808772743,1.981914117138876,2.02021434379041,0.0538710342550968,6.470438957214356
5105-28240-0020.wav,1.545788288116455,0.959717061572736,2.958832160757292,2.0712514753702838,2.2042964318443925,-0.2271025482359384,7.1245551109313965
5105-28233-0004.wav,2.547728538513184,0.977354067903861,4.138104675071174,3.231742268540207,3.3353494367725305,8.902267119095528,15.394821166992188
7176-88083-0019.wav,2.3393712043762207,0.9620759740443396,3.9357843779099975,2.974148183334546,3.1429327150278783,5.801084436856758,6.80025577545166
672-122797-0035.wav,1.711538791656494,0.8154552656007991,2.068707892682573,1.8287547384253584,1.7620682385016069,-1.6757684248749372,3.664926052093506
4077-13751-0004.wav,2.2959837913513184,0.905275793685092,3.770067216140633,2.6369735905563743,2.992086426975764,2.826219377234427,4.3250651359558105
4446-2271-0007.wav,1.163529872894287,0.8657541881334958,2.2910214495690733,2.402304307319528,1.7048030357660957,6.790557865020262,13.133769035339355
2830-3980-0006.wav,2.7823374271392822,0.978370338199172,4.280521905429847,3.411121507465818,3.524793974332707,9.96454496172094,14.78594970703125
4446-2275-0009.wav,1.6797994375228882,0.9385956710641428,3.3152594167075,2.2365211626743267,2.473707933973844,0.3047144351531274,7.446558952331543
5639-40744-0006.wav,2.124270439147949,0.9422622655488234,3.20893640852945,2.493053155874232,2.607596742233553,2.6631536118786503,8.165544509887695
2830-3979-0000.wav,2.403507232666016,0.8384077953413955,3.6577275436576784,3.12298682483237,3.0067997336632417,9.006094543658628,12.959280967712402
4992-41797-0013.wav,2.725862503051758,0.9603313685995444,3.906140570948435,3.2532040608243458,3.288416948454996,8.83712134094354,16.850183486938477
1320-122617-0041.wav,1.2799917459487915,0.8596725770711556,2.8379760306477677,1.9406393317984665,1.9877791381757024,0.6929325860576379,1.658549189567566
5683-32866-0029.wav,2.17969298362732,0.8274673817155777,2.9962017341388423,2.384717229188277,2.485067946710071,2.490916424324192,6.819953441619873
7021-79730-0008.wav,3.334868192672729,0.9839593959987524,4.576503283191075,3.4896623401631355,3.948473737625074,7.133584364186055,11.499212265014648
1221-135766-0011.wav,1.81937313079834,0.9418909552457276,3.6187637080507593,2.912128449416992,2.712229204793231,9.219472370179329,9.988242149353027
6930-81414-0019.wav,1.9926379919052124,0.8975517092167152,3.2473703852732894,2.3509611821020475,2.5997532796431124,-0.3339926970857988,9.006122589111328
2094-142345-0055.wav,1.896706342697144,0.890327721427324,3.425659467135242,2.391511997062489,2.624893200626748,1.7041179685480854,4.121222972869873
7127-75946-0019.wav,2.955520868301392,0.8699844472859298,4.202362031938519,3.4831098717134914,3.550572748588765,10.797010069609328,15.570489883422852
6930-81414-0007.wav,2.5602097511291504,0.9381106262968144,3.940578796604062,3.300582669272665,3.225447564198601,10.689874003683284,15.099998474121094
908-157963-0004.wav,1.6334714889526367,0.860617712060785,3.1022526879218604,2.025296119852283,2.3014404172343124,-0.8069683585621624,6.798789978027344
1580-141083-0002.wav,2.016761302947998,0.9035747799654562,3.4994567998823443,2.521331045012004,2.718897733677783,3.0009311934319527,10.974166870117188
7176-92135-0008.wav,2.641552448272705,0.9865430836981202,4.229462804321141,3.3906402948595518,3.4439129835188718,10.019597797112027,13.068947792053224
5639-40744-0030.wav,3.01004958152771,0.98928554213519,4.2085752084483685,3.502092778637224,3.608265336413222,9.492096884066129,14.951940536499023
1580-141084-0015.wav,1.4011448621749878,0.8559863636586608,2.0469073974253487,1.3885707518836348,1.4866714202014384,-1.5576888391092376,0.7830548286437988
5683-32866-0010.wav,2.1230545043945312,0.8843469160309496,3.630036808434062,2.6433569406044763,2.8163940435473926,5.06325622929302,9.269986152648926
6930-81414-0012.wav,3.471489667892456,0.9113301602588396,4.604960376175148,3.759738926079701,4.03884617473924,10.06564473620733,14.883065223693848
4446-2271-0000.wav,2.777401924133301,0.9777374271352016,4.05771996407789,3.416754632232447,3.407781553365544,10.252685121393526,16.13420867919922
7021-79740-0005.wav,1.6038780212402344,0.854402808538468,2.506383807383465,2.0483769161220176,2.019972778252376,-1.5362046176050932,6.022366523742676
121-123852-0003.wav,2.451114654541016,0.9527066175473612,3.865442955780303,2.7870185053293435,3.123992205231325,3.7614841339915808,8.321029663085938
1221-135767-0009.wav,1.8774254322052,0.8747656438895233,3.507761983731718,2.710955269297771,2.6714748242510886,6.239517349597406,8.159579277038574
5142-36377-0000.wav,3.061079263687134,0.9907629266878752,4.347152220903865,3.8730044476468346,3.730851698725644,13.764640987543055,16.867368698120117
908-157963-0024.wav,1.5812478065490725,0.8658705299378809,3.156364690190707,2.044702879393264,2.305663362073119,-0.2643644766987715,2.6245548725128174
1580-141083-0039.wav,2.4019947052001958,0.857957066281592,3.407642660148364,2.555021652120755,2.816757876589596,2.859184092078443,12.277715682983398
8555-292519-0009.wav,1.8534948825836184,0.8919640140748915,3.002086489901008,2.502219363704996,2.321380199758365,6.91458188558808,11.345157623291016
5142-33396-0051.wav,3.786045789718628,0.9859973959744086,4.909372649363365,4.22783583221078,4.368365867200349,14.262601631254409,19.3935604095459
260-123288-0026.wav,1.457078456878662,0.8584803659031258,2.852938544585849,1.9052197827257609,2.0950513789142744,-1.6713162170565887,4.657336235046387
8230-279154-0002.wav,1.0799750089645386,0.5562254605240208,1.0,1.0,1.0,-3.1181055586676427,-2.964337110519409
8230-279154-0021.wav,2.35286808013916,0.922275898839192,3.84885609773932,2.72085845229636,3.073352967035563,3.1384251334092093,3.3547983169555664
2830-3980-0053.wav,2.408975839614868,0.9455078489737724,3.914692559992832,2.930455916589573,3.114265486085857,6.928696274252926,11.472054481506348
8224-274381-0004.wav,1.3551697731018066,0.7252788204720464,2.510258355645733,1.9606717401901124,1.8798452823245508,-0.3158315441031639,4.407073020935059
4446-2275-0027.wav,2.3941030502319336,0.947161351671367,3.965494698442492,2.975688727339813,3.178172805212144,5.726639196129283,10.616950035095217
1320-122617-0007.wav,1.9600744247436523,0.903040399663842,3.366139195711388,2.541312502038382,2.634010792487646,3.3043970217500007,2.603675365447998
5105-28241-0016.wav,2.9061970710754395,0.9558405682543412,4.523059527399044,3.750683434789052,3.7359356090200415,13.184645906981,16.150083541870117
672-122797-0062.wav,1.7124285697937012,0.7075909466554077,3.16404796507188,2.2332658837967445,2.357812902311622,2.522715201488204,5.964018821716309
4970-29093-0000.wav,1.260542869567871,0.9084202140166744,2.763093221848792,2.0777288916597483,1.9547503719842951,2.397416338579103,7.553878307342529
237-126133-0010.wav,1.9707051515579224,0.9082483564254792,3.042588508834993,2.586324066069135,2.4259235721156767,6.249816385551374,13.38490104675293
2300-131720-0017.wav,1.6603624820709229,0.9023665246457316,3.253618857293954,2.630493531140678,2.4354018663059365,6.609694168205457,4.649947643280029
1580-141084-0013.wav,2.059628486633301,0.924834449437676,3.522863306585885,2.249040196047376,2.7432661739623474,-1.253192246576447,9.225817680358888
4992-23283-0018.wav,1.5383694171905518,0.8839811333380245,2.7297505098576504,1.9202336971529812,2.054000838063155,-1.1331340026649204,6.081904888153076
2094-142345-0022.wav,2.0095343589782715,0.8079301350950688,3.3719464506995545,2.6420695531447738,2.6207506411038093,6.340386939274568,9.569302558898926
1221-135767-0001.wav,2.1530282497406006,0.9494911466389432,3.9239353589998136,2.9852843575408903,3.038083656584956,7.605669483854852,8.379620552062988
6829-68769-0039.wav,1.7689003944396973,0.9334386008120844,3.37892705959486,2.170071303068905,2.5410690153560647,-1.0158503070249332,9.915499687194824
8230-279154-0010.wav,1.9293464422225952,0.9106297060149058,3.470582244119345,2.24602983435561,2.6457307586124523,-0.0598505252983198,1.4475215673446655
4970-29095-0004.wav,3.755364179611206,0.9795796463520172,5.0,4.132957239525098,4.45587715387903,12.801807911776738,18.25994300842285
7127-75947-0003.wav,2.8386363983154297,0.9812917528806688,4.185039622450567,3.441296568483763,3.515096253120251,9.60297555166873,15.047386169433594
1995-1826-0017.wav,1.346968412399292,0.7782532904497688,2.604061347953452,1.720357601759477,1.8674908051059893,-1.6498586499247432,5.739629745483398
7176-92135-0003.wav,1.370023250579834,0.8884350162342401,3.002756587213814,2.0928318800291845,2.123608567366402,2.056519954319213,1.491112470626831
8555-284449-0003.wav,1.973017930984497,0.8949428067536906,3.454030090205716,2.8659629446500463,2.680152519778958,8.541169108054603,11.66604995727539
260-123288-0009.wav,2.0218734741210938,0.9673068283973,3.5155362316029546,2.8506076900019908,2.7568965153813103,6.980803813170287,16.951297760009766
6930-81414-0002.wav,2.3904528617858887,0.8592561879902644,3.637612939866151,2.497385686162609,2.9501750018617643,0.938399283066114,7.305446624755859
1320-122617-0006.wav,1.324645757675171,0.7842178271666688,2.3861670475655377,1.7329122537342498,1.7527741680040982,-1.5003283297993566,-2.451589584350586
3570-5694-0012.wav,2.0101749897003174,0.9573184942062928,3.256680606488143,2.90909957856053,2.620350155389624,8.079080559897246,12.84239387512207
1188-133604-0022.wav,2.9542667865753174,0.9121992934761524,4.173286465770156,3.4454458250357254,3.564274143167636,8.939701906932584,17.18375015258789
5683-32865-0000.wav,2.664571523666382,0.9419861593559692,3.733898478744612,2.3329614463834605,3.1172360651650624,-2.902394874048576,11.298155784606934
4446-2275-0001.wav,2.5854499340057373,0.9455359440983476,4.2830208641209735,3.164675873164594,3.4418883432256844,6.873672583347364,11.698375701904297
4507-16021-0006.wav,1.6375224590301514,0.8070891625140085,2.796571000594478,2.430341050258451,2.115236301532913,7.184384072566364,12.46488094329834
4446-2273-0000.wav,3.2654032707214355,0.9705820814269508,4.776746872658015,3.8569944108575234,4.042113270024596,12.209994980780603,14.123478889465332
8455-210777-0055.wav,2.4305076599121094,0.9605062554199384,3.964945495371405,2.6915171223678187,3.1963766784852923,0.9356206930872474,7.878417015075684
1580-141083-0049.wav,2.311847448348999,0.8977695156565824,3.680644572379353,2.640839711784531,2.928338296462128,3.968479935097394,12.965755462646484
121-127105-0024.wav,2.518361806869507,0.9323886356738836,4.080177090364551,3.0181838464165764,3.297118479016631,5.496408972329978,7.333884716033935
5639-40744-0009.wav,2.962759733200073,0.9894032928859088,3.751043240454373,2.984184991753755,3.291244228290758,4.515438149132562,17.556270599365234
260-123440-0012.wav,1.955160140991211,0.9269449921017628,3.529113568954175,2.285545604442252,2.6947507681625007,0.0692145517945244,6.623291015625
8230-279154-0032.wav,2.489118814468384,0.910454385314702,3.714981662715136,2.5830311444341736,3.0621486157637583,0.5070527415137216,5.05988359451294
2300-131720-0007.wav,1.2476561069488523,0.9567393623661752,3.190465153157296,2.421380476737004,2.2042203165737977,6.040913776039946,5.307144165039063
121-127105-0023.wav,3.599891901016236,0.972625262859668,4.988459062412647,3.8533461838094967,4.318924870274873,9.501217167991769,13.150091171264648
1188-133604-0044.wav,2.376187801361084,0.8828865217647937,3.4229888085055182,2.3941559686585907,2.8321558479776625,-0.4145890104570058,9.021302223205566
3575-170457-0055.wav,2.6955862045288086,0.94130507769214,4.099717904402088,3.106512723413699,3.3747133820183106,6.506363746161624,12.552122116088867
1188-133604-0017.wav,2.9110090732574463,0.9827771974225468,4.273244452882476,3.496181468351212,3.600255804287328,9.71683825112332,15.745049476623535
2094-142345-0015.wav,2.2200629711151123,0.9633566384939976,3.713554174103353,2.9859657810478275,2.9453948006783586,8.070986359760743,10.285390853881836
8230-279154-0005.wav,1.7661619186401367,0.8110967802178773,3.0814600255204625,2.0215154432826026,2.3547980265568063,-1.728319939606785,2.0231034755706787
4077-13754-0012.wav,1.8630446195602417,0.9080512418224151,3.455355667994057,2.5174938916139635,2.6265934013875736,3.786421862318075,7.563494682312012
1580-141084-0020.wav,2.775055408477783,0.9426499884859472,4.066751545671113,3.015399851153247,3.400126318738423,4.382849561313177,17.818147659301758
121-127105-0030.wav,2.005216598510742,0.965722301792627,3.8196611122776414,2.7984456851792228,2.902420948158837,6.1641331598942894,11.935172080993652
260-123286-0005.wav,2.112375259399414,0.953861591816647,3.424209715355441,1.83795239939039,2.6399364452865486,-4.615194920205408,5.001464366912842
5142-33396-0001.wav,1.888385772705078,0.9179525541005678,3.197888394904865,2.527897184086559,2.522283320467332,3.274560645826563,11.806057929992676
6930-75918-0007.wav,1.957157850265503,0.891014681289614,3.4888704806153488,2.668170825447072,2.6954236746500078,5.260042394953547,11.147828102111816
7127-75947-0017.wav,3.22397780418396,0.974401749171732,4.623004799366441,3.832210782943157,3.941218022243224,12.28420736055672,19.595539093017575
8455-210777-0035.wav,1.3325493335723877,0.773510559044758,2.555188859019069,1.745322746000311,1.884548551906971,-3.2879405142354274,5.816716194152832
4077-13754-0016.wav,2.862051725387573,0.9619700205376696,4.461991172095648,3.179383525848209,3.666969384398372,5.168996536048061,9.83529281616211
8455-210777-0067.wav,2.5089433193206787,0.9897459976281036,3.747659983145157,3.001617777811556,3.092136200952364,6.837096854739508,15.872194290161133
5105-28241-0010.wav,2.4561243057250977,0.9086416698668872,4.024444368945941,3.4817476122067177,3.2455998521976177,12.990163300298883,15.550655364990234
8463-294828-0022.wav,1.3123273849487305,0.7088923114883886,2.4109959257130247,1.812123098855149,1.796082515304395,-1.7874281362598683,3.660056591033936
1284-1181-0009.wav,2.7869014739990234,0.9650470769042396,4.197212470913884,3.021964931820619,3.4827824028933136,3.8790103339652906,9.155536651611328
8463-294828-0019.wav,3.1500086784362797,0.9611974304942144,4.648527095362148,3.664524211017436,3.904180714723658,10.729397193318704,14.307913780212402
8463-294828-0018.wav,1.58740234375,0.9763696448479594,3.4129117999598715,2.5772172824507544,2.4841517293418085,6.038596216111954,16.750171661376953
4992-41806-0014.wav,2.433544397354126,0.9536892255855356,3.7083300651597257,2.45658890901678,3.001979790666775,0.190420709481928,10.37179946899414
4970-29095-0019.wav,2.022399425506592,0.8495972494174343,2.485978859348446,1.8957498094706724,2.079915042749115,-0.9112452837685178,9.435032844543455
1284-1180-0000.wav,2.756610870361328,0.9419070486684112,4.153053594655007,3.359224539164542,3.448401149145129,9.334980698787808,13.22914981842041
4077-13754-0015.wav,2.5868782997131348,0.9731718060097208,4.27893514329333,3.2280503189577594,3.439391800534158,7.920983608976153,11.98538303375244
8463-294825-0016.wav,1.909381628036499,0.9343784060828536,3.484945664674483,2.29113271593287,2.6687146518314817,-0.3344031183218646,10.559168815612791
1284-134647-0007.wav,1.8072658777236936,0.8409212973599762,3.19452467953328,2.485333099896944,2.455831199180166,4.263720578675596,4.274930477142334
4077-13751-0009.wav,2.4040818214416504,0.9341291106007394,4.0455588108478535,3.155354562357448,3.2179535821982324,8.727277369729974,8.376208305358887
3575-170457-0044.wav,2.8084874153137207,0.9587795691334616,4.274057289437153,3.4483063283099487,3.550708339445472,9.654681256006862,14.372932434082031
1995-1836-0009.wav,1.2145792245864868,0.7669096316522228,2.234109522977552,1.8424075658323436,1.64252249449326,0.1481144694578867,2.584684133529663
2961-960-0013.wav,1.488874077796936,0.8503485320487209,2.5728143932355163,2.0845911922238383,1.940617752588114,2.305187370551351,10.571439743041992
2961-960-0019.wav,1.475987672805786,0.8925448231932165,2.809268790408692,2.459349264904502,2.117878298261428,5.438534338945091,11.19348430633545
5142-33396-0055.wav,2.031409740447998,0.984606811609613,3.7122711990818127,3.2583242436955877,2.884353166440072,12.289604934112836,21.31291961669922
6930-76324-0000.wav,1.1613693237304688,0.7596641492372525,2.335566304419842,1.7227864018421608,1.689686778582452,-2.3845733285434885,4.118119239807129
7176-92135-0015.wav,1.4040910005569458,0.8324019044559454,3.078379106498092,2.239164779351931,2.219344402858093,2.3185326683089764,6.489407539367676
2300-131720-0000.wav,2.635841131210327,0.9774448746880706,4.141217985142725,3.2340669519400533,3.3847531121900083,8.122555921315096,10.118968963623049
5105-28233-0007.wav,2.9698081016540527,0.9616909910076274,4.479603488523886,3.56789354560264,3.728292198631157,10.59991684155769,13.84138298034668
1995-1826-0014.wav,2.255077838897705,0.9279843215201118,3.337826450298856,2.1041225077746875,2.673990299550132,-1.6922294933339384,8.699610710144043
2300-131720-0023.wav,1.8397420644760127,0.9120418451103736,3.2020567996122757,2.3652495115935754,2.4806972699832324,1.9033116382055224,2.6107192039489746
61-70968-0026.wav,2.186011791229248,0.97611499903204,3.92751652112138,3.08000528947226,3.06287640845706,8.57890991593439,12.710979461669922
1320-122617-0027.wav,2.252679347991944,0.967817978513242,3.822011631602846,2.89249143937612,3.005450648057702,6.797108041462774,5.272578716278076
1089-134686-0037.wav,1.845164775848389,0.8614932259865846,3.261299538330385,2.1854956532124983,2.525478731697456,-1.5447032478068472,6.442446708679199
5639-40744-0029.wav,1.7961657047271729,0.9405771899219348,2.652135700502805,2.024593890108967,2.102488671571653,0.4650870231314254,5.143196105957031
1580-141084-0038.wav,2.4067554473876958,0.938313387846058,3.925181207154648,3.1855919787408924,3.150984477807608,9.558053961918333,17.73703384399414
121-127105-0019.wav,3.2075161933898926,0.9860943067958744,4.472556316147468,3.5932534199309383,3.852007013283755,8.8822384670494,14.24521827697754
672-122797-0072.wav,1.57024884223938,0.7581053403480299,2.7488533040004706,1.7950249294836282,2.0331378219981007,-1.315204147393524,1.915418028831482
2830-3980-0021.wav,2.315700054168701,0.8824430359227281,3.7078645146727545,2.6966585192029804,2.9680153979254853,3.7595680863445047,8.790287017822266
1580-141084-0037.wav,2.886622190475464,0.9778635720807648,4.3415619789871664,3.459316250478235,3.618284334710847,9.477510455800164,14.694357872009276
260-123440-0002.wav,1.9730432033538816,0.94888624938446,3.4325676278775967,2.8137313572879,2.687062636027926,6.937502549191788,13.412376403808594
237-126133-0015.wav,1.3657342195510864,0.8073665873762662,1.9408966215508956,1.3627253763491889,1.4464546408592691,-3.039194871156896,4.414992332458496
61-70968-0022.wav,1.8713538646698,0.9102740764909454,3.448826433717648,2.6250461921608834,2.646984909076033,4.573854675488787,9.606221199035645
260-123440-0013.wav,2.6767067909240723,0.972039014261739,4.053629749628054,3.4233758385275816,3.360744638697742,10.86422848000076,16.157958984375
6930-76324-0009.wav,2.160114288330078,0.965918370395644,3.660985343341223,2.979149379000809,2.9017554021829004,7.854153955686626,11.761489868164062
7127-75947-0038.wav,1.6016895771026611,0.8624047912051757,3.1307762084056754,2.0631687773224003,2.3305328751314387,-1.328249830546754,5.044081211090088
1188-133604-0029.wav,2.2507684230804443,0.8906866427971739,3.4184541587286503,2.7213552720358645,2.8099639078670107,3.8186234493446367,10.518998146057127
7176-88083-0013.wav,2.0439260005950928,0.9505050948909668,3.747426567287361,2.659356741374032,2.8785689676609616,3.991225208832358,5.512282371520996
2830-3980-0047.wav,2.0456104278564453,0.9265029965837036,3.6778234041487625,2.8612149475656183,2.8406611109768205,7.364329313850893,10.194353103637695
4507-16021-0031.wav,1.96932065486908,0.9317562859966104,2.9316646472347387,1.5306393047839382,2.226063761905438,-4.153470139868101,3.305607318878174
6930-81414-0015.wav,2.5767292976379395,0.889268074957698,4.0350405922311126,3.0014542246697147,3.2898808338416297,5.415964135207216,9.228147506713867
3575-170457-0027.wav,1.497962236404419,0.897723206881961,2.799455620892229,2.3089735304047987,2.048950985325616,6.195532248159967,8.814335823059082
6829-68769-0048.wav,2.6639180183410645,0.9719736126922462,4.160077662636646,3.335359129399885,3.4118196164298267,9.362929201781425,15.444393157958984
8455-210777-0024.wav,1.089916706085205,0.4635690471113152,1.0,1.0687663396362317,1.0,-4.766275353822976,-4.040988445281982
2961-960-0000.wav,1.2664763927459717,0.774175345369151,2.0710068033907625,1.865471672741976,1.537881492789106,2.309843245192844,4.241296291351318
908-157963-0011.wav,1.6271390914916992,0.852063049192597,3.2453903711316148,2.503591249272236,2.397926530836086,5.579024333999978,10.268698692321776
7021-85628-0019.wav,1.523052215576172,0.9506649531016744,2.699099958883364,2.3032587628718315,2.078402485623586,2.975012450096836,10.910868644714355
672-122797-0041.wav,1.7088756561279297,0.783266463443077,3.019516176383784,2.081278882207497,2.2999380929940165,-0.56045304052831,5.931955337524414
5142-33396-0043.wav,2.0624279975891118,0.9331290739880423,3.5549957893432103,2.6798591395096887,2.785550175670611,4.46767712012572,13.394755363464355
3570-5694-0003.wav,1.8392000198364256,0.9747116139017228,3.5148881592964214,2.821019956361252,2.6638215524486,7.919573003844752,7.021686553955078
237-134500-0009.wav,3.683814287185669,0.9567476591872702,4.695119881040908,3.8698627870915834,4.197195977039745,9.926306934702415,18.22781753540039
4507-16021-0008.wav,2.18977165222168,0.9404071886911388,3.2103403691125334,2.093680581696369,2.58804129212734,-1.823406923261133,12.09550666809082
908-31957-0002.wav,2.0633485317230225,0.8934225633445059,3.312488118371275,2.2815180325021545,2.607495124458049,0.6868669750762443,6.743627548217773
237-134500-0032.wav,2.370633363723755,0.9688039559216616,3.5400027717867197,3.078001048882199,2.947537509515854,7.84028910683908,14.431346893310549
1580-141084-0047.wav,3.228801965713501,0.9671940478508309,4.53158973451239,3.726673617486573,3.896092260742896,10.663894361349907,17.735769271850586
121-127105-0009.wav,2.275355815887451,0.926261091010258,3.821688803988865,2.455225223421031,3.020424768060208,-0.4779891897527073,4.75833797454834
7176-88083-0000.wav,1.5799223184585571,0.9026374227797384,3.0867183362843,2.341878844058903,2.316915322970809,2.4107079853282767,3.921641349792481
1320-122617-0017.wav,1.7397207021713257,0.927502714390214,3.616546265045417,2.629175244416164,2.6684858929143416,5.439046216363384,7.373068809509277
1320-122617-0036.wav,2.1636922359466557,0.916334711347326,3.4919735405906804,2.4031121082584743,2.755772538659297,1.489871983669892,1.8449747562408447
121-127105-0008.wav,2.867556571960449,0.9750795667796098,4.22076334782571,2.720083140549887,3.527283980025236,-1.1746848188784829,12.855451583862305
7021-85628-0025.wav,2.8437047004699707,0.9853502149804246,4.092974136834612,2.7496597251841832,3.4074766985922382,1.4222330840374764,11.522802352905272
5142-33396-0018.wav,3.36083984375,0.9806033576522756,4.503617278449331,3.80509236739405,3.943036297787649,11.16290563903264,16.387039184570312
6829-68769-0006.wav,2.8793933391571045,0.9788436960624892,4.300113131138105,3.440560207508334,3.596820414657412,9.11083167779601,16.73894500732422
1995-1837-0000.wav,1.7251827716827393,0.7610464825807964,3.2007956158579063,2.3715668563755616,2.4251080557735083,2.7455953491074423,7.672147274017334
61-70968-0048.wav,1.5857563018798828,0.9065634160524456,3.294622329653848,2.478678492527368,2.4282433566512083,4.320426761225547,7.875393867492676
1284-1180-0028.wav,2.419668912887573,0.9525688756257422,3.832094349377277,2.685989871526311,3.063966976329654,3.61040112021138,8.416764259338379
61-70968-0021.wav,2.333061933517456,0.9371128143448232,3.857558622941126,3.13330517257892,3.0696363348478126,9.749353164459237,14.168251991271973
7729-102255-0000.wav,1.4140979051589966,0.8358688064433741,2.788764862073509,1.9419753885748172,2.0495401649518707,-1.1196966256914245,5.046902656555176
5142-33396-0027.wav,1.8346424102783203,0.9246523423934788,2.975688904042661,2.517736260478665,2.375377360015551,3.9267190802938847,12.19487190246582
8555-284449-0007.wav,2.079634666442871,0.9329739437299328,3.253979564465572,2.606970015841674,2.566160397467294,6.6300590045841,9.744738578796388
5683-32879-0001.wav,4.063007831573486,0.9919403229691822,5.0,4.089444052296698,4.57426464819607,11.186863667324827,22.78883171081543
4992-41806-0000.wav,1.219569206237793,0.7460524699102108,1.6470806966313236,1.5418935369214308,1.2955025582321342,-2.128549232220759,4.629570007324219
1580-141083-0045.wav,2.804436683654785,0.9390339952445867,4.09227614218764,3.1740817878523777,3.4404405327439376,6.11572471022337,14.23012351989746
6829-68769-0041.wav,2.668182849884033,0.9792009953347284,3.785892311420568,3.156177857266101,3.1878902222426038,8.244355024720715,15.748296737670898
3570-5694-0001.wav,2.8854968547821045,0.9885778383220248,4.253513326316276,3.30392350317575,3.558233536691586,7.709997127223709,15.156911849975586
908-31957-0024.wav,1.9434318542480469,0.9222286958968572,3.466062778252764,2.2290419468464813,2.648022598357405,-0.3230477199368118,4.961005210876465
8455-210777-0041.wav,2.035367488861084,0.9706009959235088,3.116148696837084,2.478788255085329,2.4877063142312803,4.381445036436277,8.532468795776367
7127-75947-0028.wav,2.432636976242065,0.9633000536559744,3.8575468152887016,3.114075400043207,3.142709229725488,7.6842040664945666,13.923744201660156
4992-41797-0008.wav,2.4608089923858643,0.969106808660553,3.570811939222158,3.061045257381669,2.993554622862181,7.541156071984521,15.370088577270508
8455-210777-0025.wav,1.7607314586639404,0.915576083389924,3.2306167325029853,2.183949060996503,2.473915056951096,-1.2079242361628186,8.350677490234375
7021-85628-0015.wav,1.385481834411621,0.9165580293452512,2.804149838061085,2.109181270288964,2.048966354728389,1.4773835774364936,8.456801414489746
7127-75947-0022.wav,2.35025691986084,0.9454008821551868,3.822427630951328,2.9763252904389,3.085664968930446,6.033338446656993,13.78892421722412
2830-3980-0008.wav,3.4725499153137207,0.99420892938089,4.76230119161843,3.746996601742829,4.1079136577529605,10.285183702834903,12.155837059020996
4446-2273-0013.wav,2.1619873046875,0.9445735947673116,3.521566644399415,2.467235367615736,2.814484258160701,0.5446755247328973,11.438953399658203
7021-79740-0001.wav,2.4975032806396484,0.9675455256576848,3.85367268648544,2.7058024463787,3.120463204378278,3.049894646547341,11.641874313354492
5683-32866-0001.wav,2.045969247817993,0.9271390293981828,3.392738001230012,2.68910576251976,2.673555392142249,5.750438817547916,9.363800048828123
4507-16021-0021.wav,2.3720431327819824,0.9695768236500374,3.816299946112725,2.8817650056075443,3.069800022954281,5.416450010813171,7.663076400756836
2094-142345-0042.wav,1.9591095447540283,0.8138701471365722,3.259668416414435,2.117254449789144,2.5058639339490787,-0.1289012749225897,2.541717529296875
8224-274384-0005.wav,2.453123092651367,0.969057589264494,3.873158920501952,2.9030182328256307,3.143850177658925,4.926424440009675,13.144082069396973
237-134500-0017.wav,3.3767940998077397,0.9791650488323144,4.653164623705872,3.6425343819092064,4.025251966905332,8.4726298027563,14.920482635498049
2830-3979-0001.wav,3.65283203125,0.9574482303687504,4.938236709553596,3.905353987670112,4.299966464034903,10.837183455352388,13.560919761657717
260-123286-0001.wav,1.2992864847183228,0.8461938693128,2.36084689433487,1.848677654466216,1.7934533343706842,-2.381942539556938,8.176713943481445
1320-122617-0035.wav,1.4462052583694458,0.7871054983478256,2.229332881725001,1.8507348647072577,1.7366656437377044,-0.5764149474653082,-1.3415206670761108
8224-274384-0002.wav,1.8218979835510252,0.8839312709313814,3.1461223984730804,2.665678103244224,2.4473997462456145,6.651244024879023,11.89395809173584
1580-141083-0013.wav,3.193654775619507,0.943377645297157,4.475544087210686,3.455097900939653,3.811563817716119,8.33346124965738,17.924571990966797
7176-92135-0033.wav,2.4430935382843018,0.9388507206381844,4.142161488547363,2.731251016523648,3.296107625362857,1.241802084969904,11.004241943359377
1320-122612-0015.wav,2.34782338142395,0.9147860381171302,3.982312594341708,2.9302401855408,3.148519628116783,6.001909982628461,6.550332069396973
908-31957-0001.wav,2.880212783813477,0.96833030124573,4.277868876434026,3.584404492847433,3.590376988545599,11.202329969760967,12.46669578552246
2830-3980-0025.wav,2.6607186794281006,0.9633652451326332,4.155668272628941,3.2174009947593385,3.390966500148058,8.265776792240462,12.963987350463867
7729-102255-0009.wav,1.3798595666885376,0.7976720357758308,2.038078490650776,1.5595103236173815,1.5262658076202122,-1.0944702572883176,-0.9977693557739258
4507-16021-0010.wav,2.1958818435668945,0.9079878518076454,3.467575828376935,2.560420709762651,2.7391009025180737,4.658443859058453,7.138038635253906
2094-142345-0045.wav,1.8357737064361568,0.9312850427071936,3.588850350573049,2.6670934651402023,2.695544059481913,5.649833646126776,7.939856052398682
6930-76324-0012.wav,2.3194127082824707,0.961302374729128,3.950179981280776,3.2156410356965024,3.1501528362808,9.339168540826972,6.095976829528809
237-134500-0003.wav,2.130013942718506,0.8789289810061839,3.285507418683344,2.330975526355635,2.649288916368418,0.0164071535550387,8.764846801757812
4970-29093-0009.wav,2.211392879486084,0.9182380418631404,3.424412421405214,2.4313245862947985,2.747150781901047,1.5357861277359257,12.219182014465332
6930-75918-0006.wav,1.8383886814117432,0.8345767645271617,3.201610073205629,2.661638769872788,2.4930330321065988,6.034765306497924,9.421134948730469
61-70968-0059.wav,3.0249476432800293,0.9911592832709694,4.61132167321851,3.5267619853957592,3.840911921641742,8.681105244948059,14.518404006958008
1221-135767-0015.wav,1.538374423980713,0.699482138254213,3.032095734727888,1.8297910711638192,2.20443831440545,-2.568632489134468,5.199808120727539
4970-29095-0010.wav,2.9846553802490234,0.9674147335554448,4.134508344048103,3.158140966444408,3.518446385258368,5.9938502131182,13.90489387512207
5142-36600-0000.wav,1.3701536655426023,0.9646650171653828,3.128609605988401,2.847699288116892,2.246087733583621,11.403146828392366,15.097692489624023
260-123288-0005.wav,2.6370558738708496,0.9566948116302882,3.998285193715988,3.1395270446290957,3.30666966676576,6.9465730056690775,-0.0936814099550247
2961-961-0018.wav,1.876048564910889,0.8821279516765375,3.217536355812763,2.1350705813484185,2.4953764859638445,-1.5254349916697287,8.416224479675293
7127-75947-0030.wav,2.82954740524292,0.9598956311689706,4.091066694298298,3.0911213981350767,3.4432364977847403,5.0173395350083885,11.27515983581543
1580-141083-0040.wav,3.0654587745666504,0.936789630761913,4.3455000715805046,3.40193050635963,3.689027640671584,8.157995442925959,17.304914474487305
1995-1837-0020.wav,3.857513904571533,0.9904710987920884,5.0,4.041039112303056,4.509088152083323,10.756702246052546,19.200532913208008
672-122797-0064.wav,1.5551042556762695,0.737940714161501,2.871260465940569,1.9833561944321405,2.1397563798737944,-0.5618990685268033,4.852708339691162
3575-170457-0021.wav,1.3510410785675049,0.8245941702923903,2.93067163406963,2.4153943898616075,2.1096221078934785,5.934210461678195,7.763065338134766
4992-23283-0006.wav,1.767338752746582,0.8960505726445046,2.2785343048351328,2.1182161336820746,1.8838127023390152,2.9729095147755165,8.962258338928223
4077-13754-0001.wav,2.2777256965637207,0.9807874204561164,4.074850732634209,3.167326506922296,3.194025193603132,8.76121669074746,14.361963272094728
237-126133-0004.wav,2.09977650642395,0.93871417957975,3.380901792907568,2.423227274170264,2.702087743723215,0.8024247054225331,11.11777687072754
1580-141083-0003.wav,1.5524981021881104,0.8436782708177204,3.130257624008049,2.2831444528519595,2.271578736516172,4.028328434985336,8.234295845031738
7127-75947-0015.wav,2.911090850830078,0.9814167764765857,4.325692531637813,2.982786935468718,3.587042714983068,3.300867321117121,12.01504898071289
1580-141084-0019.wav,3.4555158615112305,0.974975783239698,4.869620598623535,3.878830379783211,4.170704331729322,11.714257080274336,21.12356948852539
2830-3980-0042.wav,1.5034935474395752,0.7687240444547059,2.6703154338684647,1.7870691083942385,1.9699405786895947,-1.3575197563833816,4.088934421539307
61-70968-0057.wav,2.2492175102233887,0.974871997424267,4.105734355740025,2.9780491493937338,3.1946511240868016,5.988324090180861,10.177374839782717
4507-16021-0024.wav,2.6473629474639893,0.9746511070948968,3.8570119174687374,2.9639409858193653,3.1680088019603843,7.322812445217992,15.271716117858888
8463-294825-0007.wav,3.2360997200012207,0.9656705279927258,4.741256454652259,3.702985284208945,4.00281797913134,10.289062387968048,16.50203514099121
2094-142345-0007.wav,1.643357515335083,0.7945292060373875,3.050466896230401,1.9528771154390312,2.2277066915820782,0.3018292925453264,1.569305419921875
3575-170457-0039.wav,2.0131947994232178,0.8903583234442893,3.293962715785284,2.593986675303636,2.5993849754030918,4.862585635017681,2.950005292892456
2961-960-0020.wav,1.725942850112915,0.9524973603013962,2.9032962173200456,2.597408661315028,2.2833676865364656,6.064550087084875,11.806139945983888
4077-13751-0018.wav,3.0996501445770264,0.955545749804003,4.6772159677826295,3.5414917113695745,3.90460666977534,8.648358718690396,7.613799571990967
6829-68769-0023.wav,2.2724828720092773,0.969944417499112,3.8099027355649246,2.323107118934656,2.9999318501307983,-1.9727029964092333,9.70684814453125
1284-1180-0015.wav,2.5003459453582764,0.9240144702325948,3.844609372686059,2.968368518715048,3.1401635626429827,6.192616057894036,11.490999221801758
3729-6852-0032.wav,1.9443941116333008,0.9238084877776606,2.705249393530741,2.157779151758356,2.132423348764252,4.597805326047119,6.945883750915527
7021-85628-0024.wav,2.902301788330078,0.9939289608744728,4.520243605134204,3.3044465549060678,3.7288680091205855,6.294072051570266,10.275531768798828
1284-1181-0012.wav,1.5018298625946045,0.8061197530324904,2.683746585997243,1.9569865497798475,2.038139255136378,-1.395135836346116,2.7233123779296875
121-127105-0000.wav,3.30071759223938,0.9737485914672384,4.440419973150671,3.394266747548889,3.876693448827223,5.297974400529814,10.99745273590088
2830-3980-0070.wav,2.0358331203460693,0.7621290211075349,3.543667696043425,2.5301603710427023,2.703397378438666,5.072835982399457,10.146806716918944
1995-1837-0014.wav,2.216463565826416,0.9548653410703556,3.9008979088266087,3.2060667216927503,3.074842169622849,9.915591322602204,16.792682647705078
1221-135767-0018.wav,1.5990900993347168,0.8289654404695205,3.272285800337001,2.1796535071470142,2.3848949201812624,1.1897051793705702,4.804237365722656
1089-134686-0016.wav,3.075525999069214,0.9770464863056706,4.203164799228914,3.094804700186274,3.613582608366335,3.634272421348412,8.858175277709961
1580-141084-0028.wav,2.2418041229248047,0.9351812567270116,3.856582504793624,2.991432701886125,3.011678842713571,8.691634045653592,15.1582670211792
1580-141083-0030.wav,3.143730878829956,0.9733334566233484,4.573266257425098,3.609468104668936,3.869796356388949,9.6284896551614,16.404518127441406
1320-122617-0005.wav,1.223863124847412,0.7094017821764005,2.37942764459216,1.8060532703474208,1.7460131049504837,-1.6667919246938798,-0.901771068572998
2094-142345-0010.wav,2.166820526123047,0.9128054785124744,3.8425161595174258,2.872348886229687,2.980424230070152,6.770760771818771,7.727075099945068
3575-170457-0004.wav,2.6629087924957275,0.9423295505624248,4.071080251367917,3.169815221431546,3.3304240412843287,8.355620877549768,13.47723388671875
61-70968-0055.wav,2.9449033737182617,0.965294159143288,4.578110855654859,3.507868131324738,3.779360446712545,9.191511733743107,14.410181999206545
7176-92135-0037.wav,1.2188464403152466,0.7565939524050409,2.5833437148743856,1.8790113280931755,1.8614687195316184,-1.198796031842272,3.697152614593506
260-123288-0019.wav,2.598053216934204,0.9824919305665172,3.4351962727007184,3.29123859765377,3.051400364952938,7.685490538479329,14.907110214233398
4446-2275-0013.wav,2.055741548538208,0.9313486865169476,3.651062691583269,2.936750627335341,2.838958769737019,8.2001825488109,12.987953186035156
7729-102255-0032.wav,2.160043954849243,0.9432973009428705,3.6363962358979074,2.9143059883544997,2.893952456074305,6.62859859587777,10.034934043884276
8463-294825-0001.wav,1.3897972106933594,0.8080267535232918,2.9198919002359878,2.001683038051393,2.117323812119828,-0.64008166295357,6.085281848907471
8555-292519-0015.wav,2.71707820892334,0.942340480901488,3.963867632567453,3.0601939053821594,3.2872121842362194,6.963283927133998,13.467653274536133
1284-1181-0014.wav,3.736987590789795,0.9952392557035878,5.0,4.238510648737021,4.454205281511354,14.122268950018109,19.614242553710938
61-70970-0036.wav,2.119370460510254,0.9652132586324532,3.9998965464410734,3.147738185900076,3.086271054239518,9.233011331642908,11.381134033203123
4077-13751-0016.wav,1.2943552732467651,0.7689975091110921,2.4960443686069524,1.6068797613112733,1.7528560741141774,-1.5397558455333205,-1.565451741218567
3570-5694-0004.wav,2.214162349700928,0.9550230068608924,3.5976770782198737,2.678106476929418,2.8785140440386483,3.504211194477791,6.258778095245361
2300-131720-0035.wav,2.4562089443206787,0.9607584515116212,4.090748638855169,3.0689000011873846,3.2641177581210945,7.075940849703631,5.605555534362793
3729-6852-0031.wav,1.6996326446533203,0.8081538613486359,2.982934543936728,2.375769749221845,2.239639138500213,5.833249492724937,12.30986213684082
121-121726-0000.wav,2.038931131362915,0.90652903034612,3.6436623812143134,2.2923127492554687,2.81807566336224,-1.5175902719367096,6.040348529815674
237-126133-0009.wav,2.629935503005981,0.9610109401076964,3.90650189673161,2.957510165213546,3.2407044225261674,4.847273580730073,15.011295318603516
1580-141083-0041.wav,3.1210968494415283,0.954707413468412,4.487346875135106,3.564617963831841,3.796219493421247,9.942907009138963,17.4749698638916
1188-133604-0010.wav,1.6360458135604858,0.8989162673289377,3.1053567089631877,2.7431881479834503,2.357041294148832,8.244209337596573,16.175518035888672
1089-134686-0029.wav,2.408419609069824,0.9447326613436212,3.799913100098678,2.561585683392913,3.1027344991157864,-0.9427496878300692,11.26752758026123
5683-32865-0013.wav,2.4315145015716557,0.8919266493888238,3.7517378681600224,2.8196222458034783,3.0384982680274297,5.265731109150709,12.945938110351562
1995-1826-0008.wav,1.6170228719711304,0.9549793956322936,3.375363207165581,2.6737252835301826,2.4887812536631437,6.977604042323563,12.757625579833984
2094-142345-0030.wav,2.212002754211426,0.9356294631107948,3.7153546423701074,2.939224888480051,2.947963208792912,7.137205666359459,8.171453475952148
1221-135767-0005.wav,1.0846197605133057,0.5852760666243672,2.1881368835586428,1.546875235631459,1.4978390469433824,-1.0814246025615273,-2.44177770614624
4446-2271-0016.wav,1.808077812194824,0.9623363055265756,3.312016014669965,2.562054302061766,2.537076806001848,4.489517724492981,13.256282806396484
4446-2275-0018.wav,2.484483003616333,0.9620013596181908,4.060193851763458,3.2724030979374827,3.283698979725972,9.188106514779014,11.058372497558594
7127-75947-0002.wav,2.729580879211426,0.9906835136391408,4.28016249451778,3.316112468307153,3.514133533060322,8.144811548801622,15.495739936828612
8230-279154-0003.wav,1.7483749389648438,0.8421195827827244,3.0276162794775616,2.143467504789303,2.3403392676396875,-0.5966975970281063,5.318591117858887
2961-961-0008.wav,1.835635542869568,0.9425313879346288,3.2107924305826376,2.610885788909157,2.4841590832615474,5.781077007236546,7.246728420257568
7729-102255-0004.wav,2.6854472160339355,0.9640797227353026,4.202659004169679,3.1394521050305184,3.433713187219272,6.537812105394945,9.207228660583496
5683-32866-0017.wav,1.7342078685760498,0.9463989485177422,2.5947043310900764,2.261782832574456,2.012423093379333,6.030795265414725,15.052106857299805
8455-210777-0017.wav,2.229845762252808,0.9341216592720912,3.535784133221143,2.302119510835537,2.820057507306104,-1.0152078554616186,6.888774871826172
5142-33396-0049.wav,1.695722222328186,0.9702327882020748,3.085799686063505,2.613792668356946,2.3754665786122744,5.824688376595075,15.451725006103516
2961-961-0020.wav,1.795454025268555,0.9524430201341636,3.128689711277863,2.6536429096194016,2.435437671098031,6.217384454782376,11.345009803771973
237-134493-0004.wav,2.932856559753418,0.947930180581182,4.334686829453253,3.441315666878733,3.648949406322072,8.367833271477817,14.913101196289062
2830-3980-0012.wav,1.9436628818511963,0.8321524366873971,3.502191244961974,2.309309533081528,2.6711370355597097,0.7280533535638002,6.474388122558594
8230-279154-0008.wav,1.9729914665222168,0.7973620419291824,3.038831658163357,2.298013177836672,2.47536016409049,-0.553517980805499,6.014883518218994
237-126133-0007.wav,3.227647542953491,0.974194840993834,4.409927337100336,3.611905442930664,3.819626513797957,9.527119417418724,18.2497501373291
4446-2275-0016.wav,3.023064374923706,0.9454297399804836,4.390299934800822,3.6767754594191313,3.719532716829656,11.53716879483618,15.915789604187012
2094-142345-0050.wav,1.2521320581436155,0.6260197261974874,2.3540208012342445,1.7697337612392523,1.703961348813788,-0.5330608527303542,0.9134715795516968
4507-16021-0057.wav,1.713775873184204,0.7850742493409756,3.0644188972650177,2.4055334569701348,2.3026156932816426,5.524694332182331,12.059192657470703
3575-170457-0041.wav,2.4694838523864746,0.9389218845286555,4.017710351184532,3.123730654891741,3.2194563883931595,8.507449383965387,10.621063232421877
3729-6852-0001.wav,2.588127374649048,0.95489875217832,3.995789556339918,3.1548991739966663,3.261116629815924,8.425549158572393,14.457038879394531
3575-170457-0046.wav,1.2942376136779783,0.7781739779989144,2.6290464365456403,1.9239786728544128,1.90433122040196,-0.266283688788811,4.151638031005859
908-157963-0017.wav,1.6314363479614258,0.8343869616538026,2.9415270726186304,2.2685403550411163,2.2503542171617146,1.7515180493710467,9.847271919250488
8463-294828-0029.wav,2.2691023349761963,0.9472219245138064,4.005311060329421,3.0526145317559337,3.1341161747373145,7.929017844995666,13.771347045898438
8455-210777-0038.wav,2.4494760036468506,0.95380726119101,3.826295101184744,3.132063504832482,3.131658250204402,8.01838681978821,14.60365867614746
7176-88083-0011.wav,1.5103516578674316,0.884229061279852,3.025779846881348,2.0120143122433065,2.2320924882472526,-1.443919498035282,3.521982192993164
260-123440-0014.wav,2.261338472366333,0.9781587265255612,3.7433624716286142,2.723075118393395,2.959465448029101,4.536791203479582,15.638813972473145
6829-68771-0012.wav,3.110456705093384,0.9724285633876246,4.657139030433122,3.6337278116905942,3.896209215050605,10.200706275028836,14.01792335510254
7176-92135-0038.wav,3.1077470779418945,0.9924788107576036,4.553766295520704,3.744157828805414,3.867625141345159,10.907037237626309,15.024429321289062
2300-131720-0025.wav,1.3580716848373413,0.7768929524179464,2.315675863912656,1.611281840652426,1.7278630728027689,-3.3886952847350127,-0.3737335205078125
8463-294825-0010.wav,2.658637046813965,0.964530411272222,4.194770678469755,3.1920570109014967,3.434188818088248,6.785859129599254,13.759841918945312
8224-274384-0003.wav,3.21494460105896,0.969342916202015,4.467578702332408,3.532501820452109,3.8346068008693095,8.684350970749074,12.427916526794434
5683-32879-0015.wav,2.532348394393921,0.9720941747002438,3.811592200487062,2.894626984878448,3.0759499782771456,7.596676300108114,14.984296798706056
1320-122617-0000.wav,1.1748223304748535,0.8302523373833607,2.5115094490601324,1.8384301038112147,1.8039540716588336,-1.5291235652892572,1.9498300552368164
1188-133604-0041.wav,2.5919251441955566,0.9236156894172692,3.83828644797662,3.139364303581751,3.1998310165045205,7.481969251621519,12.286643028259276
2961-961-0019.wav,2.15372633934021,0.9600600731407514,3.622404319105829,2.8837503748689954,2.863769050582768,7.074081834659175,12.062052726745604
6829-68769-0018.wav,2.9890811443328857,0.9856759502240132,4.555605646151706,3.506709463196168,3.780785502677054,9.264653179537348,14.301243782043455
3575-170457-0008.wav,1.3634231090545654,0.8318182360444409,3.055429999574576,2.050219923218052,2.1529061159318275,1.1472846767344898,3.2053189277648926
1320-122617-0013.wav,1.4473109245300293,0.7883959464932561,2.5539623843039982,1.919763558543303,1.9022282151689516,0.35764331465285,-0.3236666023731231
5142-33396-0017.wav,2.8978238105773926,0.9736414531060236,4.210720536657948,3.4040447679061407,3.5380026278600365,9.433179444453804,15.557577133178713
260-123288-0001.wav,2.483782291412353,0.9732067648171816,3.285568287626897,2.7049846171634457,2.8430832704233557,2.602587785136784,15.027721405029297
4077-13751-0007.wav,1.9631668329238887,0.8900033849350796,3.690326870628244,2.4295202836936647,2.7925053359164638,1.6991345928037742,5.864006996154785
908-157963-0010.wav,2.064121961593628,0.8558014057869571,3.467118573301453,2.545438019159078,2.699257484729652,4.2343326906694765,8.385640144348145
4446-2273-0027.wav,2.968047380447388,0.958940706503199,4.522577356238848,3.525967788782651,3.7561667860221024,9.622580450201973,15.62075138092041
6930-76324-0010.wav,2.871077299118042,0.9630113064316574,4.2340711639463375,3.2976423995294453,3.545947693758006,7.513974235230432,12.829774856567385
7127-75947-0032.wav,1.996206879615784,0.8912134921972505,3.1880342412458385,2.1993422867192334,2.5486826927093973,-1.7389915459923406,7.214801788330078
7021-79730-0004.wav,1.3889672756195068,0.8736098031089411,2.76011750866565,2.091597507799832,2.0426173999069137,0.5638066717998556,3.721626281738281
5639-40744-0015.wav,1.9918030500411987,0.9502437446418972,3.0454950909253578,2.41352113952997,2.4535167383631284,2.664218811680209,8.07280158996582
8555-284447-0020.wav,3.62664532661438,0.9832266247478674,4.821736442096952,3.7733577910584337,4.225018386309213,9.10624932390442,17.2552433013916
1580-141084-0001.wav,1.8238787651062007,0.9001254029303628,3.330578523579712,2.1103367501800023,2.501676540672364,-0.4823044160329368,7.805346965789795
2961-960-0002.wav,1.2990630865097046,0.7644345517795703,2.529414998065681,2.0645852950344445,1.8332379914774544,2.9844462621018923,4.4381866455078125
1284-1180-0014.wav,2.712918281555176,0.9416721991728824,4.266748241810096,3.282602941051173,3.4861494791154333,8.307501939059133,10.908283233642578
61-70970-0011.wav,2.661639213562012,0.9616629140230516,4.340911305380184,3.3812948466605786,3.5081193529511343,9.78010508733838,14.367047309875488
2830-3980-0075.wav,1.7021551132202148,0.8589343105964365,3.3164337535022,2.153662307349005,2.45383212012066,0.2187056211924765,5.576736927032471
260-123288-0000.wav,2.0480833053588867,0.953485427816036,3.270223136351756,2.415488185789759,2.6130261638987307,1.4193272712843688,11.37539768218994
2830-3980-0039.wav,2.614232063293457,0.942459745363011,3.980277257761552,3.0343878986186423,3.2512552826810275,6.9898061056516125,11.77458667755127
1995-1837-0026.wav,2.846803903579712,0.9644483701283444,4.196874223879223,3.2986234834452137,3.5211551575490905,7.450561426455709,16.30794906616211
6829-68769-0049.wav,2.012237548828125,0.9305983406872876,3.820931259367976,2.398766268415284,2.8982805585813654,0.1332161499357793,6.080541610717773
7127-75947-0035.wav,1.9388800859451292,0.9218686877285652,3.4299179491244787,2.42983738415457,2.6506492761480387,1.889333921073853,6.522562503814697
61-70968-0031.wav,2.830305814743042,0.9834428232181912,4.541724636561838,3.640560095173584,3.719410298441794,11.46129093018409,13.776885032653809
7021-85628-0006.wav,2.7540199756622314,0.9825320809798078,4.198318558568538,3.0644313807196903,3.451109271748986,5.490742901154472,14.019603729248049
1284-1180-0024.wav,1.045836091041565,0.4606338803916312,1.0,1.0150360530917704,1.0,-1.7621192908817096,-4.097593307495117
8230-279154-0006.wav,2.3046584129333496,0.9705613349430688,4.013847443432503,2.608308141750346,3.130758057981091,1.7329174204421116,4.940070152282715
908-31957-0015.wav,2.1906392574310303,0.9309472221481242,3.5576582872282616,2.674459438393175,2.828669799313044,4.420229719520833,9.051636695861816
4446-2273-0025.wav,3.199226140975952,0.9662372447540474,4.655422101365276,3.700888724301235,3.94799033609849,10.249132541909471,15.171008110046388
2094-142345-0036.wav,1.4458695650100708,0.7593529799558474,2.999406780247006,1.9289609362215556,2.130075138364463,0.2090290409766222,2.266383409500122
8224-274384-0010.wav,1.5926384925842283,0.8498439232307174,2.846136675748706,2.315636386207065,2.169019513314741,3.42259572774632,6.576532363891602
4446-2275-0021.wav,2.097252607345581,0.967712661381447,3.6534545129461393,2.8541339277817297,2.843770280508993,7.337843778697443,12.705324172973633
7127-75947-0023.wav,3.0761866569519043,0.9855857073851224,4.6813915968179485,3.576864875942575,3.8996101282113194,9.177522707499348,15.922481536865234
8463-287645-0001.wav,1.5855777263641355,0.792852261769476,2.557300763994255,1.7228582506463517,1.91588097950386,-1.269051390736466,7.8225016593933105
260-123288-0013.wav,1.6169817447662354,0.8883353456509672,3.139620459507838,2.3651036165748094,2.322532114007736,4.2349594187735065,4.974197864532471
7021-85628-0021.wav,2.0712969303131104,0.9589497940855852,3.622386206366732,2.8128040043589557,2.8403111875252534,5.772586674601528,9.281852722167969
8555-292519-0011.wav,1.94116735458374,0.9106799190353068,3.497105136040632,2.6550844499398343,2.669788590961373,6.127868194665119,14.693049430847168
4992-41797-0007.wav,1.463901162147522,0.9132297398204215,2.7467113505317635,1.9025488946821276,2.0012139344801883,0.1919428947116883,10.95272159576416
5142-36377-0016.wav,1.649289846420288,0.9256967521017776,2.9696367050548864,2.4021033151857547,2.2920158836367213,2.9139735159216653,10.392663955688477
237-134500-0010.wav,2.20904803276062,0.9109384263812356,3.620002738319872,2.835592730922681,2.881485849859323,6.287511262883243,13.126202583312988
4970-29095-0018.wav,3.52001428604126,0.9772434418885204,4.882535139727117,3.6348790514185656,4.210178272090976,7.331558166698582,15.85762882232666
7127-75946-0008.wav,1.858769416809082,0.8940015793343783,3.365039225340667,2.254719190282904,2.5880167872055413,-0.7275956989896878,6.221035003662109
2830-3980-0073.wav,2.5389063358306885,0.9329719578837636,4.140434778462618,3.035682723796852,3.324396772063872,6.194514682335245,9.902335166931152
4970-29093-0003.wav,2.839399576187134,0.9421147848359492,4.021974924440225,2.984644133275137,3.4015969895437026,3.791601258478252,11.278263092041016
1320-122612-0013.wav,2.8248353004455566,0.9812364509264976,4.458479398209392,3.484628794159513,3.648055602175111,10.224866782505496,10.010053634643556
3729-6852-0028.wav,1.788872241973877,0.854062228144457,3.062795050861852,1.8878875881909687,2.2897890490370694,-1.0613876917010958,6.818422794342041
5142-36377-0005.wav,2.1000289916992188,0.9457331206424636,3.731117980117258,2.8983363002585043,2.9133207382586743,6.718420962627099,10.57106876373291
1284-1181-0020.wav,2.851755380630493,0.9783343947984458,4.334124419916679,3.4211595674853115,3.5955098717365788,9.20103882201747,14.747737884521484
5683-32866-0026.wav,2.887836456298828,0.9782589361190172,4.037044918915044,3.3407697852218505,3.45271148316144,8.232836300697832,18.77413558959961
2830-3979-0003.wav,1.420010328292847,0.7532135132506574,2.7848467676298627,2.068972574468219,2.0443551839306577,1.1253648437325865,5.043256759643555
4507-16021-0016.wav,2.024414539337158,0.9153508128377894,3.3077679854181747,2.5093771079627727,2.5935314291751395,4.244617135562846,10.457352638244627
1221-135767-0003.wav,1.6955400705337524,0.847308930685446,3.4324221487692537,2.515055197570647,2.53943220604672,4.629411526496965,5.936365604400635
7127-75947-0007.wav,2.846069812774658,0.9787390445335068,4.307152610149297,3.377754999116482,3.5903977946687475,8.06266526862856,16.183732986450195
121-123859-0001.wav,1.215679168701172,0.8956126019798044,2.692364220272767,1.8713316400970623,1.9097409264661984,-1.103958523948013,4.728904724121094
61-70970-0038.wav,2.9106075763702397,0.985718597131317,4.636462309995776,3.303836791642946,3.800024452210051,5.818881030767642,11.570209503173828
4446-2271-0018.wav,1.517726182937622,0.8682721112830794,2.823067831669387,2.3940370332996324,2.1451744937516595,4.11362440820268,12.09288215637207
1580-141084-0035.wav,3.242573499679565,0.97389370448904,4.70738396288335,3.684802774066825,3.9865988019741496,10.067395611126466,17.79168128967285
5105-28233-0003.wav,2.80069637298584,0.9587034493750568,4.338292916830023,2.982576353251106,3.577168989665272,2.3902909852690035,13.605779647827148
2094-142345-0047.wav,1.7318503856658936,0.8190036065940903,3.3173464226680838,2.396092234423926,2.476061399007369,3.542768220673901,6.340437412261963
2830-3980-0074.wav,2.297982215881348,0.9003294575135029,3.727206762279417,2.879052124910801,2.9779936993234597,6.379339095378426,9.493032455444336
237-134493-0006.wav,3.3180856704711914,0.9765655248188192,4.633226440824,3.5113154515870826,3.97763600282733,7.1898866926159695,15.627297401428224
2094-142345-0041.wav,1.264257550239563,0.6896358550774382,1.4779937977672155,1.5656647094201128,1.2590877821484483,-3.198459189577227,1.8229568004608157
61-70968-0017.wav,1.483617067337036,0.930084978734975,3.260335504239083,2.4721578445161825,2.353158978553785,5.275957732436793,9.081314086914062
6930-76324-0026.wav,1.2628648281097412,0.7594157543093876,2.6124210199693736,2.071381197850663,1.846409793810638,3.800977160130899,4.754926681518555
4077-13751-0020.wav,2.0839312076568604,0.9476460615166218,3.949072466928947,3.048830685376878,3.025761202205408,8.69529423131641,8.958277702331543
4446-2275-0020.wav,1.212632656097412,0.7755828395020984,1.7755742043907945,1.304909807504177,1.2727020309326211,-2.170423036564025,0.2581827640533447
4970-29093-0016.wav,3.200828313827514,0.9738040431134104,4.3180092299387,2.9845278571613507,3.731221423583957,1.055521312910583,17.162185668945312
1284-1180-0008.wav,1.958660364151001,0.9283462879701944,3.5105305628264487,2.6591562519305243,2.681777847167761,6.215048154734321,8.6213960647583
8555-284449-0019.wav,3.686907768249512,0.9806647486333172,4.969105380585493,3.8968496095478766,4.352475484261039,9.564996499464987,16.22776222229004
7021-79759-0002.wav,2.004096269607544,0.9597769946839726,3.4330963324256163,2.0214048448399238,2.614201464825685,-1.9620525875080277,6.292545795440674
7176-88083-0023.wav,1.182124137878418,0.7642337754045827,1.9001377160586952,1.528167164773739,1.3624377044798428,-0.2968690227225116,-1.956514596939087
1089-134691-0022.wav,3.271824836730957,0.9814810593538332,4.637751552389283,3.7110616096138496,3.9773717026300823,9.793077297976886,14.78769874572754
672-122797-0071.wav,2.124447822570801,0.9337689994484192,3.587011550447204,2.793215131367712,2.8386668260948613,5.537845375496191,9.65262508392334
2830-3980-0020.wav,1.149593472480774,0.7277377808923536,2.535751984639683,1.7767490740684384,1.7484375144451756,0.099398152145976,-2.281667709350586
2830-3980-0062.wav,2.143759250640869,0.913694773662276,3.5893629279756305,2.591562971157697,2.7900366807774857,4.8142901401044345,9.514952659606934
5142-33396-0003.wav,2.732322931289673,0.9757463711216408,4.002085848812407,3.293960914942132,3.3496464184668606,8.984417647075578,17.261343002319336
4507-16021-0052.wav,2.902528762817383,0.9372882426923758,4.085926068461793,3.180836271678055,3.4383167775692303,7.615427582258869,17.225278854370117
1188-133604-0024.wav,1.524219274520874,0.8031057756790331,2.779274331483018,1.9812573105059663,2.101123383535612,-1.3624507815133569,5.667091369628906
237-134500-0031.wav,2.07368278503418,0.9027661085641888,3.292346589300492,2.517071676934957,2.6449995643294404,2.483360064787262,11.117266654968262
908-157963-0002.wav,2.887446880340576,0.9577886975952636,4.317735224441535,3.235191212834841,3.588011197037225,6.743525748115688,12.35308837890625
2300-131720-0002.wav,1.3605324029922483,0.9710783354060192,3.119702289966496,2.510610395615815,2.2367551504905325,6.127386650694802,5.386515140533447
4446-2275-0033.wav,2.90920639038086,0.9453390649468204,4.336860240307392,2.594860513325485,3.575084087569567,-2.112612686293698,6.753563404083252
8455-210777-0040.wav,2.3506951332092285,0.962738151740524,3.6149953265252,2.8130042827691284,2.92945896634023,5.782225351692611,12.179874420166016
3729-6852-0005.wav,2.1593501567840576,0.9399722874528516,3.535956712251941,2.744721537872742,2.781822645751993,6.665061818989266,12.551030158996582
3575-170457-0047.wav,3.4058072566986084,0.9878557626942572,4.770131525966926,3.703774031861575,4.08615353811294,9.750988820739318,15.809588432312012
908-31957-0021.wav,1.3853565454483032,0.7914641383702595,2.587884916678703,1.658203494907994,1.8982655458708664,-3.7841583277837754,1.4229934215545654
2094-142345-0056.wav,2.4096155166625977,0.90573956119499,3.964753115725935,2.94530552354814,3.16042123645472,6.237654917240907,8.54880142211914
61-70968-0047.wav,2.5191986560821533,0.9617310962587894,4.20621890574412,3.2507196190519188,3.373086325361999,8.615799764324924,11.579916000366213
5105-28241-0011.wav,1.957648992538452,0.9368836656248442,3.811562278449789,3.043455592193924,2.898567286016929,9.348032952503916,10.79684352874756
7127-75946-0029.wav,1.2657090425491333,0.7548201506436331,2.409349459201044,1.7263285193234006,1.7494025190487523,-1.8121348106944597,2.490157127380371
237-134493-0013.wav,2.616421937942505,0.93850379648121,4.088804232066824,2.9779991172162603,3.3387239471963808,4.652244893852475,11.011614799499512
5142-36377-0006.wav,2.1586647033691406,0.9773033132485148,3.6697028435508905,3.118211407300316,2.912157620644932,9.773032522798456,14.076486587524414
5142-33396-0000.wav,3.6776468753814697,0.9752257599313447,4.945292663663105,3.9215175075158446,4.326189008608882,10.456900362486545,20.031213760375977
8455-210777-0065.wav,1.8639557361602783,0.9031895018163042,3.210324880747328,2.0687384189744358,2.4742716492178896,-1.9838530837471429,7.433342456817627
4970-29095-0001.wav,1.830275058746338,0.895348720426031,2.915331146240633,2.1779563497395844,2.2894984110653174,0.9299126291617554,7.260348796844482
1188-133604-0036.wav,3.0839407444000244,0.9742855409629562,4.475465048396595,3.4163973699917625,3.7815333667210167,7.432031642829448,13.933677673339844
121-121726-0010.wav,2.8423240184783936,0.9509868199780148,3.740889460962824,3.0925923604710976,3.2908433323220057,4.265549325380601,11.34007453918457
5683-32865-0016.wav,1.880278825759888,0.8645418597620965,3.299886882423186,2.1976648648877206,2.5289257710452366,-0.142676536021277,4.715219497680664
1580-141084-0039.wav,1.8211241960525515,0.9398763428390922,3.6718562247074407,2.8147304695583646,2.738225661081113,7.717685621123159,14.1024169921875
5639-40744-0037.wav,1.854574918746948,0.9549403981377064,3.1234879605013117,2.598935265603362,2.439265751113961,5.933083262237758,12.352944374084473
2961-960-0004.wav,1.6102157831192017,0.9264480789049016,2.982588681929514,2.57379163778767,2.285866082385327,5.621214637975828,12.969635009765623
7021-79740-0011.wav,1.0810728073120115,0.6710719271479538,1.423356725511535,1.0715666471360117,1.043081335937466,-5.407690661418851,-3.8196849822998047
1188-133604-0043.wav,2.539825677871704,0.9330233852990736,3.82659070349025,3.087482874054905,3.1726265440118144,6.836828690389119,10.671831130981444
1580-141084-0036.wav,2.6808536052703857,0.9167470003510804,4.27883684250052,3.2810301768815973,3.462910860327698,9.101322029191325,13.681476593017578
4992-41806-0009.wav,1.914883375167847,0.971477059114938,3.3474800253635637,2.858909057570091,2.616886906768443,8.028473488488125,15.02042293548584
6829-68771-0035.wav,2.006123304367065,0.9275652430686084,3.5352680937407666,2.426383364582673,2.7261777807415672,1.802182370367623,9.779623031616213
3729-6852-0039.wav,1.8319098949432373,0.9092517068762074,3.2120781901871287,2.420309937499455,2.428069162240967,5.200899613080436,9.552749633789062
7021-85628-0027.wav,2.660142660140991,0.9721788929119066,3.885020106120965,2.966062474212784,3.246040232863321,4.719866036591306,10.505897521972656
4446-2275-0042.wav,2.554449319839477,0.9151931465786378,3.968748591782979,3.281426759810418,3.255666682491188,9.587483844263492,13.549546241760254
5142-36377-0007.wav,1.2858774662017822,0.8409599001909431,2.1332967657316466,1.7730922425914857,1.5640547109386636,1.3403257639176387,1.5474998950958252
8455-210777-0052.wav,1.1831810474395752,0.8422875774327947,1.5655405747091244,1.7300026298231137,1.2243949998436168,1.669193524626715,8.193510055541992
5142-33396-0020.wav,2.862646579742432,0.9792795332624172,4.1550440246705165,3.4485868046148678,3.496061947692083,10.251762398776831,17.4952335357666
3729-6852-0000.wav,2.4598944187164307,0.9760641551248308,3.9687801150660817,3.1182871392321863,3.17784024903096,9.04134973923045,17.310405731201172
672-122797-0063.wav,1.5185277462005615,0.6784754363326004,2.519712879875412,1.6209031208695943,1.8361442056222883,-1.181297176519044,4.618094444274902
1995-1837-0015.wav,1.26963472366333,0.8368083475216895,3.009766348597552,2.3698102803641024,2.115272561535749,5.502154977478647,6.660232067108154
672-122797-0000.wav,2.7626442909240723,0.958577813254077,4.179268976373388,3.111128903550041,3.459576277036753,5.567751470612531,9.113754272460938
2094-142345-0034.wav,3.437407255172729,0.9810308044480274,4.933264797018775,3.864595213214844,4.213123173784006,10.74911632152264,16.38338279724121
3570-5695-0007.wav,1.4148739576339722,0.8536432398734268,2.8348884120064795,1.9608003673961656,2.0740633271681626,-0.8788343492744959,2.6846961975097656
2961-960-0015.wav,1.800228714942932,0.9736913213001896,3.236030470478779,2.7419211242654025,2.4991294148564758,7.23560537389109,15.472750663757324
2830-3980-0026.wav,2.204922914505005,0.983383893866773,3.556391669882399,2.5067624857206776,2.7727697947093186,4.402921775162971,9.186174392700195
61-70970-0000.wav,2.3112802505493164,0.9820530526036862,4.134653850378232,3.180051702395474,3.2384532337444023,8.80872206735045,13.21333122253418
237-134493-0014.wav,1.4718669652938845,0.8607617243312966,2.751625788177774,1.7557840020751403,2.032046917377604,-3.2716083083537173,5.718379497528076
5683-32879-0004.wav,1.4146082401275637,0.7925332394318657,2.607278387779369,2.0094046158689007,1.9090905867591488,2.1675335824655155,8.252408981323242
3570-5694-0017.wav,3.2403955459594727,0.9862811479918528,4.5476670274749385,3.624154184921432,3.9089618413885576,8.992007696969827,14.91432762145996
7127-75947-0019.wav,2.96274733543396,0.985185401202331,4.446125401437564,3.4730979902672905,3.699477886050504,9.527316570027663,15.581828117370604
1284-134647-0002.wav,1.5255169868469238,0.7760177680517963,2.87139993730017,2.0565525537049107,2.1235426080375626,0.8835906225556034,1.7741371393203735
8230-279154-0041.wav,1.8459068536758425,0.902841602576577,3.454976568901414,2.3603540175470035,2.5923893661399404,2.539569221180264,3.708230972290039
5105-28241-0013.wav,2.470316171646118,0.9594733725745436,4.1680657402896,3.341329715829228,3.3269495308946246,10.533721636231496,13.842854499816896
8224-274381-0002.wav,1.6052639484405518,0.8372476150932826,2.994766100050941,2.630704306746504,2.2756573328677825,7.168739153773735,10.538678169250488
5142-36377-0011.wav,2.081585168838501,0.9334252673960548,3.635766098871011,2.4323929661024724,2.851431896450857,-0.3114955381829129,10.319578170776367
61-70968-0019.wav,2.0446341037750244,0.9355022551144848,3.76438864248846,2.812937688738306,2.897197273230024,5.9905044708331925,8.897756576538086
5639-40744-0020.wav,1.6734328269958496,0.9126540830804296,2.270000308737516,2.4334679768235885,1.9437776500835389,3.771065140558629,8.120760917663574
8463-287645-0008.wav,2.748739957809448,0.9614458339893072,4.257239974060247,3.250563763162566,3.503017319234281,7.372498370429735,14.714696884155272
2961-960-0022.wav,1.461542725563049,0.7697107813136734,2.760891947298942,2.0188435276689223,2.034602480242154,0.8431176843746897,4.641946792602539
5683-32879-0017.wav,1.882588624954224,0.8746367865575416,3.374756965577448,2.3778165971244647,2.548235156225603,3.541324264378673,7.343400955200195
672-122797-0074.wav,1.814520478248596,0.6941102500948153,3.1976098378263176,2.4183217534159827,2.438299257307691,4.146483838567972,8.24280071258545
260-123440-0019.wav,3.0596277713775635,0.9841781579971264,4.573224596857817,3.5594476334978467,3.8323082547789458,9.25225682846877,9.922441482543944
7729-102255-0027.wav,1.9220545291900637,0.9098902046055298,3.2721132934600488,1.907230173771721,2.502841962869576,-3.599915279067389,4.876942157745361
121-121726-0013.wav,1.8357462882995603,0.9245026493735092,2.830495199399074,2.175136433217774,2.301242243972161,-1.4118729310664704,10.103803634643556
5683-32865-0005.wav,3.0177297592163086,0.9675584156956644,4.450596540012618,3.477284058228437,3.73034291541345,9.137992704846477,13.109617233276367
7021-85628-0026.wav,2.635882616043091,0.945195573847959,3.939192522804767,3.12065596702716,3.279630692361815,6.525684405274737,14.818838119506836
1580-141084-0034.wav,1.73673677444458,0.882849234679395,3.490691682199724,2.3469581327274884,2.590258246380809,1.6032537712235817,7.426747322082519
4992-41806-0003.wav,1.7395031452178955,0.969179723661259,3.3353528897063685,2.613791951228793,2.496714325417744,6.595314042800758,14.290990829467772
8555-284447-0023.wav,2.0918025970458984,0.9352526134065924,3.687510467083203,2.943596258050849,2.870582491649142,8.243248288568589,13.08310317993164
2961-961-0011.wav,2.153733253479004,0.9743214552389012,3.662384580475602,2.959876601595849,2.9030692863225878,7.427470764810862,14.933183670043944
6829-68771-0034.wav,1.170500636100769,0.7381726301054027,2.15976494602191,1.5984905547885295,1.5635457080076245,-2.5199939897857444,0.8157205581665039
121-123852-0000.wav,2.854156494140625,0.9759741564650424,3.6727782839642567,3.165863820832376,3.263523226679611,5.312595886259411,12.506823539733888
2830-3980-0036.wav,2.0741968154907227,0.8624971610936852,3.519786043330721,2.767552373896464,2.768861229280614,5.995589900295175,9.556068420410156
2094-142345-0054.wav,2.2184107303619385,0.8315687544305063,3.765567504684003,2.956560836279901,2.977158882471062,7.320783501819443,14.478910446166992
1188-133604-0023.wav,1.3110637664794922,0.8168121933609664,2.494355320732118,1.984996206169412,1.877991831991488,-0.8433398748722098,9.905628204345703
7127-75947-0008.wav,2.2674834728240967,0.9420615620939666,3.68214008044728,2.621344516534114,2.9368422614670617,2.666720639023051,10.27524185180664
4507-16021-0015.wav,2.8835151195526123,0.9716246506166414,4.2686705492395145,3.356475755834042,3.552222452058772,9.112232789121114,16.974475860595703
260-123286-0023.wav,2.8773632049560547,0.9829135692608516,4.387334102606397,3.400960288238685,3.6395759478390985,8.480829735597933,16.322050094604492
260-123286-0002.wav,2.026395082473755,0.9570511140033656,3.296985714358662,1.967173827314165,2.5652656192087115,-3.323755943396508,3.0676867961883545
1995-1837-0009.wav,1.992283821105957,0.9225857558324516,3.665502847804344,2.716436700475132,2.7960508633513417,5.97983013128607,6.32930850982666
3570-5696-0001.wav,2.1302993297576904,0.9628018267633176,3.7071860530313416,3.0054619313690294,2.9094149596154573,8.510058484170012,13.611719131469728
4077-13754-0004.wav,3.765758991241455,0.988191541902778,5.0,4.013686897560062,4.48794230165632,10.665442808298376,16.916223526000977
61-70968-0049.wav,2.64141583442688,0.9561042069260554,4.34126128940663,2.7743673053564604,3.496712517979261,0.360086972030043,9.878992080688477
4446-2273-0006.wav,2.8393211364746094,0.9662872164151644,4.284015446459612,3.3045051736183355,3.560776923992682,7.59887137079314,13.646401405334473
7729-102255-0019.wav,3.094467163085937,0.9751965886587134,4.635702120643971,3.526648194483029,3.882029233464176,8.421413583344146,12.059722900390623
260-123286-0012.wav,1.616637945175171,0.9005047707555635,3.2000016209364346,2.3152346973237643,2.346634357933887,3.700131985200534,10.877528190612791
5142-36377-0023.wav,1.5254745483398438,0.8299385569309771,2.4961734925951413,2.0625552821482307,1.968104461347791,-0.3991891172920599,9.070085525512695
4077-13751-0013.wav,2.34036922454834,0.9354874764074848,3.865952737502484,2.793038953814769,3.081040019697729,4.137018267375298,3.389127016067505
8230-279154-0022.wav,1.9424127340316768,0.9092730256571256,3.251214893058181,2.500509393558279,2.565731126919569,2.8867023555961,4.257529258728027
3570-5694-0013.wav,2.9645957946777344,0.9836082088097844,4.289986200355602,3.3386640962490826,3.6152471672726936,7.708712421545388,15.37344741821289
672-122797-0065.wav,1.1148395538330078,0.6903683446053593,2.602855387111192,1.792892055219682,1.797682116148291,-0.8524889915970429,1.296379804611206
61-70968-0053.wav,1.563049554824829,0.881811718881851,3.1361867762321998,2.388717109855104,2.301704244619887,4.661459135233859,8.71785831451416
8230-279154-0009.wav,2.281451940536499,0.942757423762654,3.6909391935898417,2.698305893707956,2.9630022281248354,3.1334357454548214,5.312882423400879
121-121726-0012.wav,3.978739500045776,0.99187441279859,5.0,3.843765744836441,4.489861821954269,7.705918012596751,18.18534469604492
8230-279154-0024.wav,1.4656336307525637,0.8691012641958832,2.4621596661128606,1.6844363484760196,1.873298828955016,-3.847022861724569,2.401268482208252
2094-142345-0023.wav,1.9985438585281368,0.8645243192806032,3.545224855862569,2.525913303427276,2.733286532888926,3.1759724277520025,5.740442276000977
260-123286-0029.wav,1.8740488290786743,0.9692294674987654,3.4715532336361057,2.6264403165179826,2.6534606898058177,4.848405787493451,10.588146209716797
5683-32865-0014.wav,3.241365432739258,0.9597309981219764,4.356534362136545,3.387066045622135,3.7677053379030023,7.276450163188528,19.24701499938965
8555-284449-0015.wav,1.1093072891235352,0.5498414550300407,1.7855892966345217,1.6757489466819426,1.2903791985214677,1.641775653333621,-1.6085070371627808
121-127105-0007.wav,1.6103966236114502,0.8652085553363744,2.781987989278386,2.090355753501405,2.097048644774497,1.871735780604667,4.866244792938232
237-134500-0029.wav,2.11373233795166,0.9409496741381488,3.5879203523271648,2.745460705778225,2.8184807475727585,5.532042357922319,12.751461029052734
5142-36377-0019.wav,3.408243417739868,0.9915242067028612,4.782930025353492,3.7671941917709786,4.108727123785722,10.07937808621044,18.355411529541016
8224-274384-0008.wav,1.9615126848220823,0.9230418884940054,3.554876111210967,2.3513771046377783,2.732779214004151,0.0965743266789273,6.843922138214111
1580-141083-0037.wav,2.136552333831787,0.8728990315272006,3.8332163496355536,2.73166838256648,2.9529579322162496,5.100239992059926,13.192992210388184
672-122797-0015.wav,2.7622532844543457,0.9265150116995888,4.213554112501349,3.4022524796312377,3.477657914406204,10.13798353356126,13.754629135131836
8230-279154-0039.wav,2.5381526947021484,0.9362650974316226,3.854235587750388,2.8045904369799537,3.154087222324682,3.744815541551943,6.560261249542236
1320-122612-0009.wav,1.2453213930130005,0.7389714382389808,1.6814827551717446,1.430793667890551,1.3064744764313967,-3.2437200612683115,-2.9682602882385254
1580-141083-0042.wav,2.8619601726531982,0.9309619437785108,4.288349642002836,3.115489155709227,3.5465902940764216,5.650594326546672,12.238069534301758
8455-210777-0061.wav,2.079904556274414,0.960130506446223,3.592532140317807,2.796894905048508,2.8228465563889698,5.761257603144937,9.015548706054688
2300-131720-0016.wav,2.586895227432251,0.9641566236612654,4.123429368529269,3.2529695394324536,3.367130940955606,8.091447108233575,9.65945816040039
260-123286-0003.wav,1.0854113101959229,0.460255725466045,1.0766374414895212,1.0963662253706423,1.0,-3.678524558298535,-5.242422103881836
61-70970-0008.wav,3.0121591091156006,0.9752828266101314,4.512536828329258,3.290727823338784,3.7559431437332247,6.325074637715093,10.910417556762695
1188-133604-0035.wav,3.643065452575684,0.9916351176592756,4.809221544670102,3.910850258909304,4.225624470003894,11.228343516112348,21.78681945800781
2300-131720-0004.wav,2.299422025680542,0.9691631311452088,3.7346287818146298,2.914025979952254,3.0131490685611304,5.569384418585186,6.933786392211914
6930-75918-0002.wav,1.4896939992904663,0.900187430114984,3.2828154434959904,2.2345242492228348,2.373624720378873,1.1842043405524534,8.883992195129395
5105-28240-0024.wav,2.3051321506500244,0.901638536834142,3.7163476350524487,2.753153982497638,2.985243943972839,3.9282826611306993,7.365423202514648
6930-76324-0027.wav,1.6437709331512451,0.8565324999838267,3.033467098622324,2.522635799879468,2.29999373349798,5.794099839129205,7.021699905395508
2300-131720-0031.wav,2.381976127624512,0.9640322461427848,4.008910690274354,3.062166463329661,3.1959225439386683,7.091258707029538,7.552305221557617
8463-294825-0013.wav,2.5401759147644043,0.950019739936424,4.204339234718264,2.896339270939805,3.372429414008456,3.285998214190592,10.812177658081056
5142-33396-0013.wav,2.8712615966796875,0.9734631570564488,4.221203384501545,3.371200881361004,3.5401648766193854,8.656962918202943,12.005165100097656
7176-92135-0011.wav,2.368464469909668,0.9783041787940796,4.0826783273777325,2.991357886581018,3.234987143927344,5.665239094640346,8.310114860534668
5639-40744-0012.wav,3.370867967605591,0.9794030203533473,4.408783681472304,3.5974226951671597,3.8705144870724,9.129839182386077,16.604909896850586
1995-1826-0020.wav,1.1523929834365845,0.7112280691590768,2.3347578692947235,1.749421348000819,1.6409366320085088,0.0367655796314908,1.0475258827209473
1320-122612-0010.wav,1.9520893096923828,0.8959551433227251,3.3219510648572226,2.459872091933841,2.6083637686543413,2.0558925137076822,4.403741836547852
908-157963-0016.wav,1.651457905769348,0.8959648445859637,2.7114098769963646,2.10206167123781,2.0655786035879875,2.498835918829212,7.9594268798828125
2961-960-0011.wav,1.461553931236267,0.9415452791723796,2.819331315891456,2.462310241327804,2.12066056505064,5.371932514214212,9.739683151245115
6829-68771-0017.wav,2.705503225326538,0.9725576903563268,3.7787377525807337,2.6277172188151408,3.150816997490593,1.8798114645593555,7.39323091506958
8455-210777-0068.wav,1.488991618156433,0.7783815147940791,2.3691367785148003,1.674602297048328,1.7495839002881444,-0.2491949217661999,6.272476196289063
61-70970-0025.wav,2.0857994556427,0.96301498331673,3.915214888476733,3.14024299775882,3.0168536517349214,9.823889461991516,14.639349937438965
4992-23283-0007.wav,3.250765800476074,0.986670393372558,4.584553774414392,3.487464770350485,3.9124927323860303,7.627454606554694,14.47719955444336
6930-75918-0005.wav,1.2417724132537842,0.7184428055129496,2.638163539737708,1.849721842739153,1.874370819822342,-0.6942580226180326,2.0623409748077397
2094-142345-0020.wav,1.2982325553894043,0.8506807329817574,3.0799900860759206,2.23728395144174,2.151176046740386,3.7754402721911817,6.761034965515137
61-70970-0028.wav,2.150871753692627,0.9589963422100868,4.0499272676541205,3.2127427461104747,3.116654645334844,10.48479529336399,12.159610748291016
672-122797-0039.wav,3.0895683765411377,0.9327630756918612,4.517182801857234,3.6642572346613393,3.810392594747542,11.09186810932938,16.356050491333008
121-127105-0020.wav,1.187545657157898,0.7725007376815521,2.2644638144962856,1.3622708164984243,1.5626965930421637,-3.68694442131525,-0.3725876808166504
5105-28241-0012.wav,2.0219502449035645,0.8258667855975497,3.534493520766929,2.827179244674217,2.7492469741555703,7.362672256558951,9.950478553771973
1089-134686-0026.wav,3.67632794380188,0.994342651901566,4.897943499549626,3.882995750478558,4.308366174749056,9.573352780044903,13.72995948791504
1089-134686-0017.wav,3.7534334659576416,0.9851735131312004,5.0,3.8694420315778646,4.460732951802217,8.341017919201317,15.557337760925291
4446-2275-0012.wav,1.0810599327087402,0.6198377847236216,1.6661703254599425,1.540968682673087,1.2568714679831348,-2.053370419333154,-2.378127098083496
672-122797-0013.wav,2.188549041748047,0.805330706255952,3.6999691603415674,2.683594985430372,2.8968274128255977,4.6514416590766094,7.068736553192139
4446-2273-0024.wav,2.493926525115967,0.928148850130676,4.209810787433334,3.0992169819598194,3.347556665885986,7.044037920750102,12.030099868774414
6930-81414-0006.wav,3.1890757083892822,0.9615936865452344,4.686642640181463,3.8094752166311103,3.960079757855567,11.975695584392586,17.695537567138672
3729-6852-0024.wav,1.377143383026123,0.8753007582473656,2.207632963002018,1.5048144250616076,1.5999650917273134,-1.5325463145941285,10.18298053741455
61-70970-0034.wav,1.8170373439788816,0.923215264876504,3.582399381047739,2.5966271387673885,2.693033046705664,4.225838336137207,6.062699317932129
7176-88083-0018.wav,2.1400506496429443,0.9291486316701094,3.7507423175040486,2.7662872077794995,2.938161813019988,4.544900453790783,5.795923233032227
1188-133604-0002.wav,2.371115207672119,0.9233660193285064,3.6773639938745415,3.06039363947093,3.014455747106541,7.630815676787162,13.352237701416016
6930-81414-0010.wav,1.9387526512146,0.903175516046998,3.606025426809569,2.4344348542946936,2.7502430634106108,1.433146155031109,7.793880462646484
8463-294828-0037.wav,1.6308345794677734,0.9353879793222404,3.025253521279468,2.367983895819096,2.291429680890914,3.34691006979226,11.862597465515137
1580-141084-0014.wav,2.1293699741363525,0.9708851232636994,3.816531820979589,2.820379004923476,2.9354919762332097,6.806812062134758,16.97248649597168
4446-2273-0009.wav,3.1093456745147705,0.9728142454581516,4.64694001046497,3.578613526959205,3.888686879573557,9.417426763281084,16.512815475463867
1580-141084-0016.wav,2.418415307998657,0.9063357864550952,4.115492176746555,2.6980229356385377,3.253596957342104,1.6408880443403937,11.987065315246582
260-123286-0000.wav,1.593582034111023,0.9439225898579884,2.745687914858812,2.0161371642376222,2.089510416250509,-0.0165166284166598,9.73265552520752
3570-5695-0002.wav,3.039097547531128,0.9795595533233976,4.553639513130953,3.627559815173264,3.803744690489838,10.861539614828766,13.609532356262209
5105-28241-0015.wav,3.304492235183716,0.9510285908037268,4.824344344334639,3.716173630569812,4.08002208911259,9.921055270653715,14.801487922668455
2830-3980-0050.wav,1.0735434293746948,0.5917390907119112,1.4109405038011198,1.4508664961272808,1.076695701873483,-1.2506592543301704,-1.2905688285827637
2094-142345-0029.wav,1.7554231882095337,0.8137879946544847,2.992959947499377,2.3775036375349883,2.3159393650601983,3.536780008208986,3.4737796783447266
7176-92135-0026.wav,2.611135721206665,0.9748483299566156,3.996964532987541,2.9720617632152027,3.28516492649696,4.826905728320983,10.177968978881836
8555-284447-0019.wav,2.52800726890564,0.973033508067176,4.144537241124897,3.1918821325955173,3.3400747643399558,7.913257395079596,16.03937339782715
1284-134647-0005.wav,1.0715808868408203,0.4852897804807854,1.0,1.393742690855566,1.0,-2.709480438265057,-3.2772862911224365
8224-274384-0004.wav,1.4901925325393677,0.9215903914050704,3.0270295313748288,2.466748247227873,2.229823968263789,5.605871736209613,9.840397834777832
4446-2275-0034.wav,2.7298057079315186,0.961553648214968,4.270865697748323,3.344048233410822,3.5051743210164523,8.782458284383004,13.922407150268556
8455-210777-0004.wav,2.3241043090820312,0.9846150551920684,3.9103688067557383,3.05461573395606,3.118200486276004,7.387025818385071,13.905166625976562
6829-68769-0038.wav,1.9099771976470947,0.9561692714063088,3.1636660220161765,2.089996344974712,2.462803967764,-1.4893284740294284,10.562466621398926
3570-5696-0007.wav,2.134094715118408,0.9626544263929137,3.8516660845976447,2.970791541671304,2.9782729288941177,8.14892321146505,10.108595848083496
260-123288-0022.wav,2.864454746246338,0.9623223734026228,4.088291269759413,3.2442415623030563,3.461868566605385,7.077838527328813,13.2892427444458
5142-33396-0063.wav,1.8265750408172607,0.9813807466915486,3.237868925555714,2.846545772681352,2.530691313299549,7.932292540056364,15.172908782958984
6930-76324-0003.wav,1.051721453666687,0.4781965827077812,1.1014270635261152,1.4810772799470835,1.0,-2.407350629881561,-5.087606906890869
1580-141083-0035.wav,2.7654740810394287,0.9679075348695202,4.367203170830581,3.365447077522956,3.5729465385308194,8.771032577624718,19.682493209838867
4992-41797-0022.wav,1.7740473747253418,0.9328052074205188,2.7321104627554087,2.4757063988288466,2.148604980844418,7.022730517824004,13.661949157714844
7127-75946-0001.wav,1.993837594985962,0.8466288187722736,3.693586434781658,3.0906630290082457,2.834933731993692,10.845229177222334,16.438335418701172
5105-28240-0015.wav,1.2832090854644775,0.6766212070378171,2.2770208528819453,1.5692281630591745,1.6334889120233016,-1.8431493244860504,1.1956318616867063
8463-294828-0000.wav,1.868668794631958,0.9191028922939408,3.091585231709215,2.137728903060635,2.3843162674200684,0.5406141608185073,11.360095977783203
5142-33396-0054.wav,3.486302614212036,0.9872943016204284,4.839038650003147,3.930825033718785,4.18266206536614,11.793653895226964,19.36425018310547
1221-135766-0015.wav,2.260334014892578,0.9802928335801054,4.090061717627553,3.167926205173967,3.188559654023872,9.09002584375916,13.079208374023438
7127-75947-0005.wav,1.4302693605422974,0.8017870067303664,2.4624019939278767,1.7745907930445153,1.9040342452581056,-4.283337350718564,4.37295389175415
908-157963-0018.wav,1.9884324073791504,0.8687576523823655,3.560868946603291,2.607996361476237,2.7449466368727693,4.159858202198444,6.174199104309082
5105-28240-0017.wav,2.4314260482788086,0.9260171088958664,4.07773543265349,3.125120829856564,3.2537861771765333,7.7749110193627855,9.885251998901367
4077-13751-0021.wav,2.3806631565093994,0.9321671460340486,4.044491458452989,3.109095818417796,3.211222074370228,7.922855692387504,7.6053948402404785
5142-33396-0028.wav,1.90244460105896,0.9143027720369776,3.1416136691702228,2.2908993779035947,2.4906147159690133,-0.1195857343299187,10.101247787475586
1580-141083-0046.wav,2.153064250946045,0.9292999234079636,3.7524799242610873,2.686812010966636,2.897421389199616,5.307260358308708,11.562496185302734
908-31957-0008.wav,2.027503490447998,0.921789897060862,3.59000652586178,2.3990948591077155,2.735648723961236,2.465208508249169,10.060216903686523
3575-170457-0011.wav,2.8082621097564697,0.9762327702870696,4.229054249542014,3.3354120977199906,3.5119991915703204,8.578316723962812,17.05490493774414
3575-170457-0029.wav,1.2755188941955566,0.7450151304812878,2.3841340294769986,1.5832071377341972,1.658257088705953,-0.4770813088287526,2.246480226516724
2830-3980-0037.wav,1.3860666751861572,0.6817862896875865,2.7120569467114635,1.958320118202408,1.9795442873312643,0.1311029802245308,3.737117767333984
1284-1180-0005.wav,2.6579244136810303,0.8980323457602927,4.067013810086043,2.952087512858785,3.334127502595852,4.57423185444304,6.139265060424805
5639-40744-0022.wav,1.7610734701156616,0.9641754408197076,2.942844809039454,2.602673792289536,2.335528070590524,5.232038561289043,12.645211219787598
6829-68769-0008.wav,2.0992259979248047,0.946339850876698,3.720079414473558,2.4561711455089887,2.884112604605223,0.7330445233611671,8.511871337890625
61-70970-0022.wav,2.0843069553375244,0.9507789256377074,3.354524126973396,2.9042195775124187,2.720205415416169,6.833911651199331,12.098875045776367
6829-68771-0019.wav,1.6565792560577393,0.9660243327028596,3.5193337522953234,2.859731821451823,2.58722406931961,9.32891845248512,14.89017105102539
1320-122612-0005.wav,2.768181562423706,0.9665153677953146,4.226225995748599,3.224933805389835,3.4973800095762737,6.819177705671177,6.078798294067383
1580-141083-0029.wav,2.106095790863037,0.8992959260712202,3.734437036908615,2.453568383738509,2.8895088802969764,0.8694488541470369,12.370591163635254
1320-122612-0006.wav,2.8692758083343506,0.9648440180934494,4.3846265064961365,3.229066562668747,3.622732427526178,6.316541474570191,8.608650207519531
6930-81414-0001.wav,2.688982963562012,0.899629046788779,4.227537478402263,3.343261228454962,3.453027177090874,9.5191567239274,13.09047794342041
3575-170457-0033.wav,3.3309783935546875,0.9898610665146472,4.67627403030826,3.6986782922434847,4.009965782310801,9.872210407919264,18.94160461425781
8455-210777-0021.wav,1.6647347211837769,0.7140427656717853,3.164410305995228,2.1719521089959954,2.3825539659807475,-0.2318839450366636,4.795000076293945
61-70970-0002.wav,1.794139385223389,0.8578091657895739,3.2100075551858214,2.51737824013578,2.4651117934913622,4.510454967188942,10.70069408416748
8455-210777-0034.wav,2.8745038509368896,0.9795401987125032,4.212862719392154,3.270793138321856,3.515772190964669,8.002595145474032,15.21210479736328
7176-92135-0025.wav,2.4190354347229004,0.9766426308228232,4.096384974327447,3.083526746902869,3.263779504897672,6.901576421362649,10.731487274169922
8230-279154-0004.wav,1.4512982368469238,0.7565792683272734,2.4898313424044374,1.573675858102118,1.84062101302196,-3.768909936467637,-1.211574673652649
1580-141083-0033.wav,1.57821524143219,0.8157587283928868,3.020579786462582,2.2767316840353824,2.210626341716334,4.584671813581847,6.171064853668213
8463-294828-0015.wav,2.430537462234497,0.9588904577310524,3.6018053723934305,2.7529832712679103,2.960252133465156,4.354203347205602,16.843170166015625
6829-68769-0007.wav,3.0404746532440186,0.985151224415264,4.484684666189851,3.483521610185421,3.770270938375561,8.558568963442,17.42831039428711
908-31957-0020.wav,2.6639997959136963,0.9616558341712664,4.16007396701111,2.840203673874829,3.390149515357328,2.459201609868211,8.739180564880371
237-134500-0042.wav,1.3431998491287231,0.8805985715336593,2.752007746735412,2.242692116041753,2.0024868092063604,3.88146867723876,13.92491340637207
4446-2273-0031.wav,2.8482236862182617,0.9748755513108246,4.241730569724193,3.291269303612298,3.5334051744443924,7.798282534946727,16.430112838745117
1284-1181-0003.wav,3.649086236953736,0.9792356869036356,5.0,3.931382855853234,4.388643209773699,9.836798786489178,15.803838729858398
7127-75946-0017.wav,1.8273932933807373,0.9035868107319546,3.647950555737797,2.413263609486737,2.72381380414438,1.5480082243012137,8.661542892456055
2961-961-0014.wav,2.288402795791626,0.944505114787384,3.25663150304546,2.3769614500084666,2.676458839114748,1.238366564791367,9.79566764831543
121-123852-0002.wav,3.3807365894317627,0.9807150925596336,4.757603660051798,3.7473436299632583,4.082547979481065,9.95922425768407,14.606012344360352
2830-3980-0056.wav,2.7336902618408203,0.9638567061403298,4.173060817955225,3.17089832638821,3.4242435364120163,7.512607523119149,12.14181900024414
1188-133604-0025.wav,2.128260612487793,0.8979419322382424,3.2662211489186803,2.223736573271383,2.6479860411292675,-2.076903783632256,8.456947326660156
4446-2271-0010.wav,1.1977483034133911,0.781217530524524,1.5130486908995446,1.6283537308418063,1.1798703843853318,1.080250024602925,4.94346284866333
1320-122612-0002.wav,1.6596949100494385,0.9095412311489912,3.29099059140377,2.218869197353923,2.4120865135389606,1.912722353366596,2.139633178710937
237-134500-0030.wav,3.3969860076904297,0.9878322047505694,4.5565227237833605,3.539767254346846,3.978470475017248,7.07995680956192,17.297571182250977
7127-75946-0013.wav,1.917967796325684,0.8569666377712631,3.504014102104464,2.364168115899194,2.676666506091816,1.018447110426409,6.7070841789245605
8455-210777-0033.wav,2.135801315307617,0.9530022759834692,3.437008506738101,2.722690017215778,2.762584002102611,4.648550666288673,10.928722381591797
8463-287645-0010.wav,1.5874354839324951,0.7289317150083404,2.6508360491691176,2.1952526559524896,2.027191431225546,3.402799432799804,9.620137214660645
7021-79730-0001.wav,2.032600164413452,0.9767448710423172,3.7655375634427655,2.739371090322521,2.8888506106044884,5.039284707811473,7.313417434692383
1580-141084-0002.wav,2.03413724899292,0.9068877119370984,3.8916787013534337,2.524943767261901,2.939073611132031,2.2107611607899824,9.24734878540039
8455-210777-0046.wav,1.7869367599487305,0.9417530754166464,3.451013072065014,2.6055727270350117,2.6135213559871096,4.549423394532274,10.66017246246338
61-70970-0031.wav,2.1668906211853027,0.9527411997051194,3.8921982222232834,3.0088229794202497,3.0289357694625,7.889824746400386,10.290741920471191
5105-28240-0003.wav,3.0214438438415527,0.9521059319028592,4.492875156618349,3.387996941155476,3.7495853318948775,7.854238733969335,12.441067695617676
8230-279154-0001.wav,1.6642379760742188,0.8579441157214044,3.009585469939477,2.1048123508837984,2.279121764261165,-0.1418962442988878,3.065058708190918
4446-2273-0022.wav,2.340280055999756,0.9438559372714088,3.918304610393877,2.820731204189109,3.1054352774963783,4.648121648953515,11.031851768493652
2300-131720-0029.wav,2.346435546875,0.9674035920177312,4.054704870575359,2.935546489618977,3.189799195285857,5.834069626530173,5.9644455909729
4992-41797-0000.wav,3.019458770751953,0.9576480498332176,4.1711715758886765,3.252332565000482,3.564796781209667,6.760800881800588,17.043058395385742
61-70968-0013.wav,2.2814807891845703,0.94207813275752,3.915120661580164,2.713274634605526,3.092216128098857,2.5930295208000254,12.836872100830078
1580-141084-0041.wav,2.832172155380249,0.9238401011177716,4.414043585233667,3.266659414278031,3.6113763108466266,7.514512950058551,12.885313987731934
2830-3980-0018.wav,1.8730584383010864,0.9530122204346902,3.520748825978581,2.4837311142157543,2.632138197398357,4.586600207077252,6.672968864440918
7176-88083-0016.wav,2.551215648651123,0.9708723642271088,3.925847865276815,2.9664604124273137,3.2313993333576696,4.669315242022734,7.1811933517456055
5105-28233-0005.wav,2.0141849517822266,0.8488921849777671,3.432146710994184,2.34395750660555,2.669925311863349,0.8297811097467043,7.03565788269043
2830-3980-0071.wav,1.2747149467468262,0.7483179840507701,2.8952082982827045,2.084973180092336,2.0328211346580125,2.176748048433378,5.703603744506836
4970-29093-0013.wav,2.8298299312591557,0.8951126965495563,4.217531868443603,3.063003626440591,3.4984822548272327,4.913522988793787,12.95158863067627
4992-41797-0020.wav,2.851035594940185,0.9856612647153988,4.06268173206734,3.155008012026647,3.4224052028261363,6.64198955146349,15.476648330688477
1995-1837-0006.wav,1.577573537826538,0.7032458973287038,3.0381341270265656,2.001293021396912,2.235478625183587,-0.5069123684070591,-2.6793909072875977
908-157963-0006.wav,1.6527512073516846,0.8166056050138069,3.16259081309372,2.3588126257298447,2.3687208529675425,3.128052259021561,7.607998371124268
4077-13751-0014.wav,1.3554112911224363,0.906342005557949,3.179205468747776,2.4055996441951164,2.239932846875313,5.549920787816423,0.3569206595420837
7729-102255-0046.wav,2.322109699249268,0.9475767209474754,3.866732621872709,3.0578805696836464,3.1015967975469363,7.184534736305947,10.163744926452637
1284-1180-0003.wav,1.7490746974945068,0.815218247360422,3.1946605692671723,2.1186049620794964,2.372964161078999,1.243523506814747,1.69257652759552
4446-2275-0022.wav,2.782498359680176,0.9257760635802073,4.298250703406827,3.374897258520944,3.5450443487039505,8.888362871528713,11.539361953735352
6829-68771-0013.wav,2.8576977252960205,0.982052932443918,4.360567486954947,3.3181242032123386,3.604685237802564,7.82811743376839,12.197591781616213
121-127105-0015.wav,3.412659883499145,0.971086891731325,4.830427117257009,3.573489206977851,4.137728858637196,6.8329106116004885,11.480518341064451
4446-2273-0017.wav,2.7041146755218506,0.9567958599269408,4.363807536875902,2.9536802839724805,3.5520285593116885,2.1826480026810047,10.330924987792969
3575-170457-0013.wav,1.448182463645935,0.8319752741852565,2.34661597957761,1.8215499519996623,1.7114068352191825,2.673339111836893,4.960114479064941
4507-16021-0037.wav,2.8032681941986084,0.925784262044672,4.154627477989695,3.333715440251645,3.478512109072029,8.321959250033798,13.305129051208496
7127-75946-0026.wav,2.379728078842163,0.9415832931986264,4.153899562044642,3.239016300551381,3.2757844879762428,9.525314544839151,9.897306442260742
1089-134686-0019.wav,1.6121597290039062,0.8554951426949404,3.2368273658984594,2.176756134534631,2.395501764288224,0.0906635059581727,3.755204439163208
908-157963-0019.wav,1.9307574033737185,0.8961335760818974,3.2266167918926607,2.3554156358463656,2.492966300732701,3.079448068847133,6.52733325958252
5142-36377-0004.wav,2.2512307167053223,0.959079060750879,3.7776678389864,3.12010770756852,3.004838545775511,9.44366815227005,13.01239013671875
7127-75946-0003.wav,1.97865891456604,0.8628513369243039,3.241298427368203,2.66269147813232,2.5748506110257443,5.373236404422003,10.813499450683594
237-134493-0009.wav,1.1034488677978516,0.7353704508363851,1.845733354284396,1.4256642738545855,1.3250643639364004,-2.623401241080709,0.1525630354881286
6930-76324-0014.wav,1.8347179889678955,0.8599766040617302,3.320263670691266,2.47497800913733,2.542904401826831,3.421976567402969,4.422394752502441
4446-2271-0022.wav,2.0818536281585693,0.8793421474681913,3.3617119333028667,2.69447583220557,2.679537103745184,5.41806104209634,13.61110782623291
1188-133604-0015.wav,2.794558048248291,0.9346079957288032,4.055473822969391,3.29487710980626,3.411989041074538,8.335028046779273,13.40103244781494
4446-2271-0021.wav,1.1916446685791016,0.7296006117522637,1.7119234624985409,1.7584726411921223,1.3581601889096322,-0.4393097128783913,2.3437845706939697
8555-284447-0000.wav,2.248715400695801,0.8800425652153803,3.281395730984928,2.85356962112706,2.739479117344077,5.987996689294126,11.348756790161133
7176-92135-0045.wav,2.157785415649414,0.9828110172227488,3.779783115289266,2.8334415701213667,2.9540187534336484,5.808856626202125,7.616760730743408
7729-102255-0018.wav,2.719231367111206,0.9697630423122516,4.227429010619518,3.2958977511247856,3.4809243853676977,7.97932379349936,13.741600036621094
7127-75946-0022.wav,1.584484577178955,0.8398936960320025,3.197212893910518,2.2266066272799736,2.3321011964207945,2.4011187816188544,1.435905694961548
4446-2275-0005.wav,1.3403770923614502,0.8388200687829601,2.782031073317129,2.1123379110807883,1.9956955353105763,2.728373613108101,6.051464557647705
5683-32865-0004.wav,3.0764434337615967,0.9717930131443104,4.2783644305426485,3.430201887606754,3.6508967511684345,8.976024664525383,12.694461822509766
2094-142345-0027.wav,3.0768251419067383,0.9659875958500788,4.615778603319436,3.509217543300259,3.849756217407822,8.871233305973513,14.513482093811035
7127-75946-0014.wav,1.2617602348327637,0.7233042166511724,1.8376094931489049,1.333273372900464,1.309107102228909,-1.243954045281472,-2.466033697128296
237-134500-0041.wav,1.3771350383758545,0.8164346283270013,2.5337443559010167,1.798099823971714,1.8511110640136184,-0.7934301691162383,6.399752616882324
1580-141084-0040.wav,3.4037351608276367,0.9717166866033756,4.857130917269273,3.873546655970049,4.143201908235783,11.809158431343612,18.71950912475586
5105-28240-0013.wav,3.558767080307007,0.8812133977575802,4.765879261335767,3.659342837870908,4.147372096503732,8.49782107545709,13.552488327026367
1995-1837-0013.wav,1.4749302864074707,0.8565675975446714,2.8564557826005776,1.9238891304985903,2.077755487840381,-0.2741039157314064,4.806271076202393
1995-1836-0011.wav,3.3086607456207275,0.973983951916984,4.6847769254792,3.7407224066899176,4.001872338209789,10.755372837116305,14.677525520324709
1580-141083-0012.wav,3.148350477218628,0.9638880210105416,4.591477984943491,3.645607305909951,3.877957959948692,10.309509482437326,17.912084579467773
1188-133604-0034.wav,2.0187430381774902,0.9418500812227684,3.6989497771432713,2.8765946519291994,2.8518693926027137,7.183865158303479,14.493104934692385
3570-5695-0000.wav,1.2353839874267578,0.7333441588169841,2.527006835290486,1.8045208429875907,1.8249080474861508,-1.762943171502324,4.56791353225708
4446-2273-0007.wav,3.2212166786193848,0.950613414852219,4.742946713571985,3.659053900402224,4.002154008150646,9.439847276970829,12.593597412109377
1089-134686-0020.wav,1.862740993499756,0.9445614283741935,3.6393596043459646,2.8951618558449264,2.7579736109868995,8.022034171011148,11.153040885925291
8555-284447-0006.wav,2.999684810638428,0.971285911990604,4.476605293957182,3.440532686853607,3.7464691150281553,8.14975195163469,6.641585350036621
5142-36377-0018.wav,1.1325644254684448,0.8758419250279734,1.6436123974053785,1.9443490260964091,1.3547969558722404,0.2955654815465091,7.886104583740234
1995-1826-0004.wav,1.5271000862121582,0.8463333475292049,2.4974167739608464,1.666013953110775,1.8214049066337132,-0.1789594968751578,2.989607810974121
3729-6852-0030.wav,1.7213046550750732,0.8075060050895925,2.561974055704369,1.9891829921359687,1.9082392904649288,5.387353564235686,11.917567253112791
61-70970-0029.wav,3.045114278793335,0.959396979853873,4.581459602291046,3.4800204680671696,3.816354692442649,8.662157225737298,14.464052200317385
5142-33396-0053.wav,1.6970133781433103,0.9273042500594836,3.3361583303789937,2.269549007045317,2.476471508770744,1.417735315950511,8.167309761047363
6829-68769-0022.wav,2.17183518409729,0.9531283368854344,3.9062524170050046,2.783180282429983,3.026817212268341,4.782131645056275,9.821855545043944
1580-141084-0030.wav,1.8254528045654297,0.9373317879011938,3.372829384846036,2.5092468151316947,2.539663336767391,5.125259300856299,12.797235488891602
1580-141083-0034.wav,3.642390489578247,0.9738451300238388,4.991359311992149,3.8682769175646734,4.340035607291213,9.494745499945967,16.7347469329834
7176-88083-0020.wav,1.5015294551849363,0.8592064054122557,2.838829649543089,1.9571124835139824,2.12564623328076,-1.8532102663346317,2.796681404113769
2830-3980-0030.wav,2.408806085586548,0.8906207907532212,3.9237969285929353,2.835327240276029,3.115842431825877,5.5463402563412645,9.459219932556152
7729-102255-0005.wav,3.1531262397766118,0.9258461335400556,4.548592443882161,3.442762061046148,3.8554918338613873,7.20943985792057,10.46355152130127
6829-68769-0003.wav,2.4605743885040283,0.9654815374725828,3.941375640746706,3.086765963661019,3.1948708613512444,7.199854804003893,14.816179275512695
6829-68771-0011.wav,2.2785868644714355,0.9773374253359716,3.798022037614217,2.360997887602819,2.9841257873967275,-0.8458255106645995,7.043038368225098
1089-134691-0023.wav,2.1371257305145264,0.9289267566322325,3.602384809365072,2.7586413969282058,2.867447152392707,4.243912051071218,8.546516418457031
1580-141084-0023.wav,3.2951672077178955,0.9710185449943464,4.764918718387399,3.7167277306167663,4.043476933930558,10.100524206314976,17.671545028686523
4446-2275-0044.wav,3.294188976287842,0.971708442630059,4.81317963173269,3.730543542629938,4.069997967394256,10.19498831388974,14.582765579223633
1995-1826-0016.wav,1.2984315156936646,0.765457615503586,2.755556213851867,1.9261878426703567,1.9545971458354656,0.3890091103570163,4.768041133880615
7127-75947-0026.wav,2.3108489513397217,0.920103599107154,3.955008517871044,2.894679505868972,3.121649493456476,5.480672758835839,10.3011474609375
1320-122617-0020.wav,1.5312873125076294,0.8752582010085568,2.725125279876972,2.161637734905205,2.0697684281258515,1.798743164286716,2.4946863651275635
7127-75947-0021.wav,3.059111833572388,0.977863674811526,4.443295558796006,3.403845066627309,3.7472561030692138,7.673761481779296,15.96486473083496
6930-76324-0018.wav,1.388396382331848,0.8714575336987938,2.8837557228842265,2.069564918946722,2.0941291056254334,0.6466132173902737,7.409834861755371
5683-32879-0016.wav,1.1271554231643677,0.6622056106527089,1.6986936803017807,1.63697241047427,1.2575406056675087,0.8298157643639045,3.919905424118042
7729-102255-0039.wav,2.024437189102173,0.9321591786497032,3.5349814995381634,2.7423823088799386,2.774137886942292,4.96717702696884,8.620351791381836
1995-1837-0012.wav,2.809295415878296,0.971739800498274,4.375808565728353,3.417341554956419,3.612840296890133,8.668188039372662,17.644960403442383
8224-274384-0000.wav,1.0706822872161863,0.4686443860878891,1.0,1.1468145007740052,1.0,-2.419204227069921,-6.707147598266602
1284-1180-0019.wav,1.4918307065963743,0.8822014814609723,3.175546474215482,2.2266019362929472,2.239855621774408,4.631920049087483,4.011613845825195
5142-33396-0061.wav,2.1798408031463623,0.977043126065451,3.6910779071617914,2.900610324923461,2.9037688676162263,7.467705462570445,13.95274257659912
8463-294828-0034.wav,2.5121772289276123,0.9789172206899566,4.2284344139422085,3.261139562785762,3.3921896030905976,8.323601074246513,18.190933227539062
3570-5695-0014.wav,1.5202152729034424,0.8985782718834646,3.26340407672672,2.012119211287672,2.353785294576851,-1.4500007649175628,1.229515790939331
4507-16021-0020.wav,2.619635343551636,0.9484531082564246,3.574285533087942,2.577938298782209,2.9641412053157783,3.573422431019583,11.36159324645996
1089-134686-0011.wav,3.375612258911133,0.9800504368842176,4.801868729272524,3.680357373296897,4.109057342135069,8.623245212877016,13.571346282958984
1580-141083-0017.wav,2.63213324546814,0.931658410915494,4.130895491197675,3.1045886528278133,3.3457229629769603,7.506321424091775,19.29256248474121
8463-294828-0016.wav,1.4110989570617676,0.876847672683102,2.878920909001032,1.9784389505946527,2.0984551825221627,-0.7635825704128427,7.301272392272949
8463-294828-0007.wav,2.1586992740631104,0.9379208196509936,3.796442598187987,2.923664095327738,2.9801920330738434,6.466404967956215,7.292037487030029
4077-13751-0002.wav,1.7231669425964355,0.8791262638686435,3.3564195236309686,2.584030391659002,2.507955083257349,5.849979081927467,6.24630880355835
8455-210777-0005.wav,2.7317943572998047,0.9747427720508568,4.092157130323871,3.1292410929907364,3.397319927907366,6.236204247191297,14.67226505279541
2094-142345-0035.wav,1.239492416381836,0.7048559171423444,2.5856037553616744,1.703868960007308,1.7868043046472564,-0.3369512753887261,-0.731417179107666
4446-2275-0043.wav,3.0538363456726074,0.969979376491727,4.626055711321524,3.7270305586202777,3.856340409107908,11.92675052039102,9.33228588104248
4992-41797-0002.wav,2.654114961624145,0.9740042177571642,4.191205608892767,3.257651659968449,3.409185833784844,8.784199206357101,15.237774848937988
672-122797-0034.wav,2.1825296878814697,0.9429669905829962,3.78383137096505,2.810353685185225,2.945673654300401,6.261583293001633,11.170055389404297
1995-1836-0008.wav,1.1819846630096436,0.7354786972709848,2.4622746737090395,2.040862250772695,1.7734473233010055,2.053842169494767,7.0932297706604
6829-68771-0015.wav,2.533998966217041,0.9715413541692204,4.165590041904217,3.257708641816727,3.3462789000370576,9.23414834942908,12.663722038269045
6829-68771-0007.wav,2.5370090007781982,0.9663783790709748,4.187398659022398,3.220002854288185,3.3649928957152766,8.333351729633957,12.0231351852417
237-134500-0020.wav,2.766918659210205,0.993815492458953,3.9222661217973047,2.994732090194156,3.312453174492579,4.630814006112416,17.05545425415039
8463-294828-0011.wav,2.182298183441162,0.9437699206316807,4.0578623118949775,2.6362405377295883,3.119725501209964,1.8333662654066885,9.767772674560549
4970-29095-0033.wav,1.5478755235671997,0.8993697860359575,2.959059966452755,2.24359313843517,2.1998037712183085,2.7420169569629267,12.223770141601562
237-134500-0040.wav,3.0703377723693848,0.9761994867306352,4.534088436226092,3.536777867153895,3.819635830461544,8.74981150931923,18.581226348876957
1320-122612-0004.wav,2.59583044052124,0.9725948869218508,4.10388276232803,3.304571056634531,3.3513677542330367,9.307519082878304,10.260468482971191
8455-210777-0002.wav,1.2132844924926758,0.72118915661162,1.9744179456225668,1.633661975259291,1.481402348057741,-1.7785717005610393,0.1254578381776809
4970-29095-0015.wav,2.700624704360962,0.9474161421606878,3.766253384579784,2.535433460565292,3.169096958627067,-0.7356210537248381,9.610162734985352
1320-122617-0029.wav,2.1226449012756348,0.8893225367239631,3.489253964787054,2.511109464619416,2.772969210754181,1.7850313177296355,-0.0203749351203441
1320-122617-0039.wav,2.745720148086548,0.9778998679860292,4.432439140017338,3.174143967860048,3.599953727845332,5.685086380100498,4.600748538970947
237-134500-0022.wav,1.617668628692627,0.8772322480911587,3.163194679135652,2.222697353153189,2.332455110025047,2.0642206296118872,7.00930643081665
5683-32879-0006.wav,1.7788832187652588,0.8572143825910652,3.3119128119458114,2.417957791632009,2.471615945433701,4.656133051271168,8.548144340515137
1089-134691-0006.wav,3.264742374420166,0.9764106527188268,4.744832279407181,3.6123306491781273,4.02425911830487,8.403743763762405,13.419922828674316
5639-40744-0033.wav,3.195361614227295,0.9734369110817488,4.331240456451797,3.410397619510573,3.760886463353108,6.718258520147277,14.05103588104248
7176-92135-0017.wav,1.4835398197174072,0.887475828803498,3.2793091655229367,2.1670407476008187,2.372620734976378,-0.0098204561115261,5.073378562927246
5105-28241-0003.wav,1.2951606512069702,0.8645910401341771,2.9226249327317437,2.4232987499704857,2.085550681929297,6.124575009784581,11.169415473937988
61-70970-0012.wav,3.0365068912506104,0.9854230801020556,4.527497106885409,3.493987823596528,3.789504305852145,8.757679114732232,12.251490592956545
8463-287645-0002.wav,1.7514770030975342,0.8863019027085677,3.368232628928541,2.636689269035704,2.5361417641358184,6.117981328333348,5.990848064422607
5683-32866-0006.wav,1.072239875793457,0.5666856261668709,1.0,1.06608129389455,1.0,-3.0228764447734258,2.4304468631744385
2094-142345-0016.wav,2.1459755897521973,0.8082877075633248,3.841820658834199,2.804050030659189,2.9485957209798546,6.768132384186914,12.366254806518556
3575-170457-0009.wav,2.483881711959839,0.9539111824540246,4.036193444935292,3.1385261617769262,3.242555485253438,8.34085615888168,9.14352035522461
3570-5694-0019.wav,2.8068935871124268,0.98695500651363,3.994751537760069,3.0736156075942307,3.3669890036847243,5.655268278124774,15.333908081054688
1188-133604-0016.wav,1.8752368688583372,0.8492975301383224,3.431038381213568,2.3066080716267474,2.605461863809931,1.0157189586299362,3.819249629974365
908-31957-0025.wav,1.6352380514144895,0.8640025497390046,3.0840140553974797,2.047697730121337,2.30067160117892,-0.7914507742933355,2.608354330062866
7176-92135-0029.wav,2.140448093414306,0.8950781011431137,3.6617846539534407,2.9134972643438872,2.893007987686929,6.9266568766365735,11.519493103027344
237-126133-0023.wav,2.177990436553955,0.9662064752237226,3.921617833626344,3.0266259074793163,3.06073274940954,7.5791507689046815,16.19717788696289
1320-122617-0032.wav,1.1115717887878418,0.6048109626276132,1.3830309861079848,1.2148154636410131,1.0274885987843998,-2.883793730391649,-7.777999877929687
7127-75947-0025.wav,1.895568370819092,0.9478219215597092,3.5705992628986043,2.585685917683936,2.7181311041482914,3.839025646029433,9.38396453857422
2094-142345-0046.wav,1.3591219186782837,0.7407958451539304,1.6784039368928765,1.4412194106644236,1.2132454252772036,2.6302885914692453,6.283636093139648
1284-1180-0004.wav,2.5003750324249268,0.9461559657166682,3.9186391661917286,2.919801321463384,3.176315505635185,5.452231160847678,10.582382202148438
1580-141083-0001.wav,2.5060036182403564,0.9305211738933205,3.91400878992238,2.7376831718990564,3.187460854954627,2.051424205963479,12.347284317016602
4507-16021-0047.wav,1.3692606687545776,0.7642224251515511,2.565027486798772,1.9270903677914384,1.8567791637759483,1.5746658232488782,4.264031410217285
2300-131720-0033.wav,1.6618587970733645,0.8796979204413989,3.111183374368797,2.438751103336472,2.361384622375083,3.726691349480845,3.7667298316955566
1995-1837-0016.wav,2.289407730102539,0.9607343011628072,3.472148025342404,2.8558438647302395,2.8420133784263166,6.2848871340909165,16.8184757232666
4992-41797-0009.wav,1.6507576704025269,0.8892541342346035,2.991468553233578,2.080077596979382,2.2029479762740416,2.226833412398859,1.0528541803359983
6829-68769-0030.wav,2.0738861560821533,0.9639037992021912,3.8026498744414776,2.751866291323486,2.923454550071319,5.131891651729318,8.928174018859863
4507-16021-0036.wav,1.9419325590133667,0.926099491907235,3.053476559706705,2.307607077097781,2.374563703648969,3.905464584169252,13.780277252197266
237-126133-0021.wav,3.05938982963562,0.985455906761338,4.392322667777983,3.4058257814609627,3.733917623124503,7.179505129971106,15.723302841186523
1995-1826-0015.wav,1.5764774084091189,0.8603720903813752,3.0792590547072107,1.960481105118032,2.237552839004872,-0.3606176329481845,4.201658248901367
4992-41797-0021.wav,1.8012466430664062,0.9093460054517456,3.038425839813713,2.5707531289700145,2.336100633755041,7.384488698080071,9.386165618896484
3570-5694-0011.wav,2.0660595893859863,0.960564250439086,3.513096873191398,2.8946312661435942,2.7777860628619826,7.3535519672404766,13.018756866455078
5683-32866-0011.wav,2.86267614364624,0.9427071946537582,4.159138038553707,3.1667968683890475,3.4764286754883003,6.734114793594306,15.306928634643556
4507-16021-0053.wav,1.2689059972763062,0.6765272601312247,1.3935223438113522,1.343493216547038,1.0429643898769507,1.0135341050584534,0.8686389923095703
2830-3980-0069.wav,1.19498872756958,0.7335137460886618,2.442825014967929,2.0572290585661417,1.7393863081170895,3.578597424217075,4.794632434844971
2094-142345-0009.wav,2.2130486965179443,0.916446187935406,3.768674817364472,2.9001974865296707,2.974205138775728,6.545773714850438,8.747255325317383
7729-102255-0024.wav,2.6294264793396,0.9762683363344804,4.265407928575047,3.242081252727792,3.4513170385272685,7.945530070735727,14.818076133728027
5105-28240-0002.wav,1.5848588943481443,0.8120851690184103,2.990607839007828,2.033543507367605,2.2611404282153043,-2.060720019064802,2.1029062271118164
4507-16021-0000.wav,2.3240654468536377,0.9716438702621784,3.133600382483587,2.38175557995559,2.563901995504956,4.09931593523082,10.646495819091797
2830-3980-0004.wav,1.9595242738723757,0.9786085211576324,3.73919512794941,2.792079263947978,2.8315235668231766,6.75284222462104,10.635330200195312
61-70970-0030.wav,2.572018623352051,0.9664200034391968,4.369115573438798,3.2895479245040766,3.481425970137107,8.804271767026835,13.054855346679688
1580-141084-0032.wav,1.7219085693359375,0.8526447939271218,3.4531408000689283,2.199538703945654,2.5440758027987798,0.2574136878916104,8.34978199005127
7127-75947-0039.wav,2.0569093227386475,0.9424174093382646,3.800015760126671,2.8439413907849764,2.927525009928977,6.107416752586967,12.10823917388916
260-123286-0030.wav,1.498777151107788,0.8523040389498727,2.6066793374724946,2.2095816213974477,1.9694094666562156,3.9082189538320575,9.56399631500244
260-123288-0004.wav,2.7968051433563232,0.9596661402314496,3.2660258697940603,2.782732799333093,2.9826466980938173,1.8484568217913484,14.758499145507812
5105-28241-0007.wav,1.180395483970642,0.6557309522245223,1.633688389214544,1.35977887742679,1.233924099754664,-3.174086061252789,2.8964195251464844
6829-68769-0045.wav,2.630246639251709,0.962613611838766,4.033914315645669,2.936670287447757,3.307675464555703,4.363559225841214,9.581158638000488
3570-5695-0005.wav,2.1283318996429443,0.9367743476363622,3.8882712502852583,2.9119897567452946,2.991954479604399,7.330753046706519,8.632894515991211
1284-1180-0007.wav,3.179062366485596,0.9449435968578754,4.580492012126202,3.4185898961493546,3.886144336911967,6.554801134593888,9.402912139892578
8555-292519-0001.wav,1.1268385648727417,0.6975010555554978,1.5986119999356525,1.4033996895850471,1.1948509012182682,-2.3143226871069733,2.4605040550231934
1284-1180-0012.wav,2.141946792602539,0.9350393727070156,3.5133299081717904,2.6649798848341613,2.763195458304317,5.468831400777596,9.19546890258789
5142-33396-0044.wav,1.95319926738739,0.9444612633338878,3.4913071434973446,2.6853736343644874,2.668395014465686,6.719341945189249,12.049002647399902
4446-2275-0039.wav,3.327501058578491,0.9869869388457676,4.728784682863199,3.725688725861131,4.039835338781732,10.085105645799704,17.72627830505371
6829-68769-0020.wav,1.715543508529663,0.9376515298125268,3.3463765526923464,2.181322019192069,2.490257124861138,-0.0943955755704589,6.740829944610596
1089-134686-0023.wav,2.2161364555358887,0.9192020172814376,3.7572917049879706,2.802844589683364,2.9770013714932038,4.673013511332752,5.557061195373535
7127-75946-0024.wav,2.485595703125,0.9190730328916468,3.941221596187346,3.174743914616305,3.2067769029665616,8.435221243042971,9.47592830657959
6829-68771-0008.wav,2.493318557739258,0.9719306298998548,4.207222610061627,3.243789299980467,3.357404042251736,8.8393174703731,10.471281051635742
237-134500-0014.wav,2.250071287155152,0.8836348642649754,3.645871518873907,2.3933669173216927,2.904717852989469,-0.5869768245256949,6.533534526824951
260-123288-0028.wav,1.846144437789917,0.9311683437221768,2.898206756002536,2.401670110613365,2.318156832706276,3.075512241010152,10.922173500061035
1580-141083-0014.wav,3.02755069732666,0.9487383363831272,4.442793467512385,3.3310814774600828,3.7244299544059714,7.050758366373594,15.412135124206545
6930-75918-0011.wav,2.0235350131988525,0.9216788294146232,3.7770784895071,2.975949310264236,2.89625089302708,8.588546662053366,9.187749862670898
2830-3980-0044.wav,1.1872365474700928,0.8245302776393999,2.6368506291499254,1.9554368091093517,1.8508800340793967,1.1904074964157807,3.599245548248291
908-31957-0011.wav,2.80175518989563,0.8776649652001253,4.251931441508365,3.056861301996225,3.515223921402382,4.420924190914995,10.228110313415527
5142-33396-0034.wav,3.398618698120117,0.984698283258542,4.695804684312043,3.747018556843644,4.056169108790431,10.023674804486294,16.00166130065918
4970-29095-0028.wav,3.24141526222229,0.9817616423487546,4.693812789072403,3.5285690167937407,3.96962762051838,8.020734498728581,12.492355346679688
8455-210777-0050.wav,1.792445421218872,0.8952954270013722,3.389854411169432,2.363006465949358,2.5419572336317398,2.59222693277749,2.196688413619995
237-134500-0028.wav,2.513087272644043,0.9228092865415474,3.8916915825159912,2.9461819699718563,3.158841320390947,6.236483969397688,11.964903831481934
5683-32879-0012.wav,2.7901058197021484,0.9512703630623206,4.279114661999942,3.217906890854028,3.510030443464192,7.631156071639468,14.918947219848633
908-31957-0023.wav,2.9314327239990234,0.9775188281999598,4.318826315473631,3.198825055260783,3.6055576472698254,6.062000297213225,13.12721824645996
7127-75947-0012.wav,1.2441275119781494,0.8374751001709131,2.515819985349713,1.5633554234728957,1.807207426255817,-4.928147416874644,5.675151348114014
8230-279154-0027.wav,1.8543789386749268,0.8443278297699992,3.075877235880264,2.3761418527943032,2.433225135958432,1.6162044798441042,3.814598560333252
5639-40744-0002.wav,2.5559756755828857,0.9701462880728856,3.613402499246465,2.9424600395869662,3.0347236667940423,6.173910475321232,13.179664611816406
8455-210777-0049.wav,1.6351642608642578,0.9102932271021968,2.983866043146071,2.26677525318224,2.2539124490062235,2.549559131399717,10.071224212646484
1221-135767-0020.wav,1.4846878051757812,0.8436633222425632,3.1169544541757457,2.3335220799963263,2.221337764263512,5.755739457841708,-1.5562453269958496
4507-16021-0029.wav,1.4589871168136597,0.8255520619321397,2.968267428881192,2.3149115003746505,2.15063905382285,4.938865044454214,8.551717758178711
2961-960-0010.wav,1.6390902996063232,0.8883826365836378,3.03306632628298,2.476940605886321,2.3114724158782103,4.485630339081714,8.513762474060059
7127-75946-0012.wav,2.10247015953064,0.8991182994210772,3.7105873190308434,3.0097058207358565,2.90716498561139,8.343114500649854,11.544864654541016
7176-88083-0006.wav,1.9468002319335935,0.9455529766915508,3.616375703338558,2.488983002163836,2.763691673657338,2.0513457646724302,5.098742485046387
3729-6852-0014.wav,1.3717498779296875,0.710520868737141,2.288924501211949,1.6402233622580291,1.6238067986142926,1.269397664310913,6.024173736572266
8455-210777-0028.wav,2.292004346847534,0.9769850994207182,3.708113041491115,2.926779047170259,2.966473178693214,7.138269301393484,13.43390941619873
121-127105-0032.wav,2.624079465866089,0.985780838629302,3.880332502239869,3.127059161669987,3.253586318230909,6.311409012102665,15.453482627868652
3729-6852-0018.wav,1.2507426738739014,0.698797018303415,2.256691803548029,1.6962816102445455,1.6077820031978367,0.3845414782359223,5.93034029006958
7176-92135-0002.wav,1.8869534730911253,0.9455399907582724,3.604341987490821,2.660734226181404,2.7203603186073484,5.545473395222781,9.507512092590332
2300-131720-0019.wav,1.9118529558181765,0.9298516724507124,3.3894695318553265,2.6783742057926707,2.630970735675523,5.418406274840741,5.623042583465576
8463-294825-0019.wav,3.278059244155884,0.9717367454434328,4.907200613419623,3.790840198962463,4.133070877007087,10.197840298830036,16.31113052368164
1995-1836-0004.wav,1.161742091178894,0.7788307351841377,2.0176094083778704,1.3711630883329282,1.3483716514337978,0.1071923726396858,-2.4719741344451904
1188-133604-0028.wav,1.7317774295806885,0.8808158311713823,3.2871800084339937,2.5979198877662424,2.48772038110629,5.570304806526535,5.356436252593994
7729-102255-0006.wav,2.0405445098876958,0.9404302193626306,3.877160375075444,2.8736738734394027,2.961632624189976,6.527888943714093,9.901287078857422
4970-29095-0006.wav,4.135642051696777,0.9615034249895016,5.0,4.138433477236045,4.767015356783271,10.048260143414664,22.54818153381348
1995-1837-0022.wav,1.027746319770813,0.3113868806385225,1.0,1.0,1.0,-2.1481373744377272,-7.305363655090332
4446-2273-0023.wav,2.0406033992767334,0.9281048524026498,3.741180835168711,2.7048174810323404,2.8632562609558594,5.201853431355593,11.780193328857422
5639-40744-0019.wav,1.393075704574585,0.8888495404352629,2.5516606362013263,2.294687911904109,1.910824287166267,5.084485994524288,9.02687168121338
61-70968-0002.wav,2.628279685974121,0.9620403330967148,4.320241975675643,3.201165509882653,3.4695581002632503,7.677675584530225,12.22356414794922
5142-36586-0001.wav,1.1099010705947876,0.8049905403829353,1.70931343229702,1.634095775757712,1.302876409065982,-1.2334537376527246,0.8697633743286133
8555-292519-0006.wav,2.309671401977539,0.9364410095917964,3.7846641612210217,2.8719388057125954,2.9766875212802826,7.754963254748289,10.364133834838867
2300-131720-0026.wav,1.5805081129074097,0.9059846007429638,3.141666233148565,2.367997946391513,2.3408404681188832,2.984360464731207,3.673404455184937
672-122797-0040.wav,2.3120322227478027,0.927850763556818,3.857861855903281,2.8781099003089934,3.052270344176968,6.162095378427599,10.13847827911377
2830-3980-0009.wav,1.4710347652435305,0.7887455503414282,2.902430659836921,2.029412975916404,2.127281226926664,0.1695909103837194,6.627993106842041
61-70970-0024.wav,2.798567056655884,0.9769887812259151,4.261220975786032,3.3142790370185096,3.551179611083568,7.079653699679233,11.386079788208008
2961-960-0021.wav,1.6215713024139404,0.9043887172612964,2.904062844745623,2.4492002486705235,2.22798969544162,4.638554885812723,9.309181213378906
908-157963-0012.wav,2.2814249992370605,0.8884976693702796,3.8944785285511534,2.8583414907629097,3.069526222239893,5.442029481355971,11.368375778198242
5142-36377-0022.wav,1.3843464851379397,0.8977741121704579,2.6391381651633155,2.1626983230398924,1.9810555682629205,1.6848340825051595,9.351001739501951
6829-68769-0024.wav,2.442036390304565,0.9617759375518132,4.101151064447711,3.1792174551611296,3.27210109184274,8.495536561709871,11.315070152282717
1284-1181-0018.wav,2.131798505783081,0.9440408158747348,3.758487513894277,2.904497107631103,2.9293713486971686,7.174817649422236,11.219263076782228
6930-75918-0010.wav,1.5124965906143188,0.91051138993735,3.1471401399492787,2.6589730778543834,2.3182211480958674,7.722484996051696,12.542774200439451
3575-170457-0050.wav,2.0995795726776123,0.9210671071124132,3.729905335008584,2.6236679128398754,2.8834829446292085,3.6400581205438263,9.754493713378906
4992-41797-0004.wav,2.229440689086914,0.9483845301288424,3.516503179974192,2.9261281140855826,2.816452521190401,8.61989752518686,13.606205940246582
2830-3980-0027.wav,1.396802306175232,0.7546140826222355,1.6856267316384534,1.9649701580708845,1.408270774700242,3.061927236035998,7.098408222198486
237-134500-0027.wav,2.6958508491516118,0.966436248661618,4.261194880710042,3.1870269367124404,3.4824754142618186,6.580329324692048,13.433857917785645
6829-68769-0035.wav,1.1702346801757812,0.825448381061315,1.9001884557936803,1.3799029500767934,1.3089089155527962,-0.4650385896540655,-1.8241245746612549
908-157963-0029.wav,2.573655843734741,0.9772642838776746,4.073894600925067,3.089853165373636,3.304280457553083,6.991404765748022,12.28625202178955
1320-122612-0014.wav,2.508919239044189,0.9539759457135398,4.134056759051549,3.04074755657904,3.324305685334961,5.699459199048343,5.179130554199219
5105-28233-0010.wav,2.31459903717041,0.9275639549483636,3.798400588253136,3.011173786174989,3.0481909575131314,7.188046992049809,10.235002517700195
7729-102255-0030.wav,1.099467396736145,0.6187678236124355,1.6862462945545111,1.4970116315761488,1.2774814239446906,-2.9491700448414764,0.2911581099033355
1995-1837-0005.wav,2.0801093578338623,0.949128775169288,3.611040679142422,2.645971325115676,2.7714349060689303,6.039551695625199,11.611021995544434
4077-13751-0005.wav,2.4894468784332275,0.92512631394018,4.227978253719658,3.2334409019676604,3.3602089315457926,8.949729252997605,7.7118401527404785
1089-134691-0002.wav,3.067308187484741,0.9780949111508552,4.302790788196552,3.3248110999915257,3.684008788126552,6.24582389574739,15.146398544311523
1580-141083-0032.wav,2.3597958087921143,0.8906563213333138,3.716921134635904,2.378929205399356,2.935849701002814,0.97846837271889,6.318299770355225
7021-79740-0006.wav,1.834719181060791,0.9259291971377536,3.015590725567156,2.2858639406840315,2.3843548307929616,0.7265401326675185,7.301079750061035
3575-170457-0032.wav,3.5206751823425293,0.9847344723478342,4.634574403542384,3.807486492231905,4.078929339298943,10.427837119556251,18.226408004760746
2300-131720-0006.wav,2.826484680175781,0.980750135414304,4.243627247708017,3.20871648995451,3.5294153840743374,6.386571372684933,11.56071662902832
260-123288-0023.wav,1.8399698734283447,0.9571827642562238,2.9526426820141536,2.1794903638730583,2.36636458475543,-1.472293643867657,9.31015968322754
5105-28241-0001.wav,2.3548004627227783,0.899605293563262,3.8913392720395534,2.9407468828449947,3.1126956720562444,5.854982045018641,5.872480392456055
7021-85628-0007.wav,2.401987075805664,0.9784907670637224,3.991258650466276,2.9187104000976003,3.1894386395190875,5.006256841144145,10.197370529174805
4970-29095-0032.wav,2.949957609176636,0.9816776819512658,4.157942386982962,3.077349246435528,3.5167892122022533,4.789484413751404,18.389347076416016
61-70970-0017.wav,1.358245611190796,0.7682207697772108,2.8030308525509526,2.033755138479335,2.0548138742618063,-0.4013341192880445,3.551668643951416
908-31957-0009.wav,1.5485475063323977,0.8587227754453489,2.9505378600866807,2.32577836905668,2.2219740476521963,2.892768322532973,7.757238388061523
908-157963-0008.wav,1.8047643899917605,0.8967423463597682,3.4674302381985607,2.6266326224435144,2.611359315035096,5.600241154795184,10.409046173095703
3575-170457-0048.wav,2.913113594055176,0.981851322443027,4.415230634501703,3.4262525919158167,3.6676049544353697,8.783060467502303,16.729419708251953
1580-141084-0022.wav,2.4637556076049805,0.9087900360985736,3.923120099517895,2.476330246369414,3.127313041406247,0.133367636825356,9.704402923583984
2094-142345-0017.wav,2.8594634532928467,0.9496508056828996,4.4183827245223135,3.569907032621149,3.6511768304785455,11.06963501739123,14.983489990234377
7729-102255-0012.wav,2.1574501991271973,0.9511954951369528,3.5806801192941733,2.8451465029553464,2.8556494456091324,5.958961055298546,11.054679870605469
4077-13751-0017.wav,2.3480899333953857,0.9471617600218588,3.9264123878999495,3.094789259645519,3.131412716270121,8.145950593928417,9.825977325439451
5683-32866-0016.wav,1.3440241813659668,0.6887272434732428,2.326471923905244,1.728233583165942,1.6861672755916302,0.3354866115243766,5.521452903747559
672-122797-0056.wav,2.7361929416656494,0.90732444261747,4.136425065995185,3.021793589952293,3.428304242464111,4.20049915768476,6.967740535736084
237-134500-0023.wav,3.6807923316955566,0.987779820320106,4.74586430050627,3.751071301805312,4.210853428314101,8.507132640023698,18.216646194458008
2830-3980-0057.wav,2.5287322998046875,0.9094021211190316,4.045372904604363,3.002345881239292,3.248921026859257,6.757595464015288,11.535749435424805
5142-36377-0010.wav,1.90216064453125,0.9435832819682382,3.538837884940329,2.401319107112135,2.693468439690618,1.3995433147828065,10.85204029083252
5105-28240-0014.wav,1.6792727708816528,0.8742699345154641,3.237405509500204,2.33383866172888,2.414135233216448,2.7596817266605567,4.964838981628418
4970-29095-0026.wav,3.078911542892456,0.9485712666847592,4.5144034211856825,3.4137030130577424,3.7911017265256177,7.747584258902748,13.53676700592041
1995-1837-0024.wav,2.5843019485473637,0.964471923785995,4.164328723386663,3.25006298648938,3.3799977426639174,8.337007874919037,16.84781265258789
1089-134686-0000.wav,1.9776540994644165,0.9282932210405688,3.465019476107338,2.30120090332655,2.702535899794269,-1.1006133801476483,6.566736221313477
1089-134686-0009.wav,2.9636359214782715,0.9769406597438368,4.486561832129591,3.32378101705184,3.730516249311537,6.689179136397469,11.664447784423828
672-122797-0024.wav,1.6741124391555786,0.8358014099363394,3.2367904297866006,2.624189770365215,2.4202003902220093,7.012064506291978,9.360736846923828
2094-142345-0057.wav,2.7023606300354004,0.9053497043016556,4.25997007047302,3.2045888699183083,3.473386752515656,7.328117287979231,11.25341796875
3570-5694-0014.wav,1.818659782409668,0.9072609308985894,3.0659894645778847,2.3950676999423144,2.417852776063322,1.8534638154038587,7.2172651290893555
7127-75946-0011.wav,1.4348844289779663,0.8203058146700591,2.8326404104860514,2.2962787177765605,2.0900519314058528,3.985867144661295,5.872803688049316
4970-29093-0018.wav,2.532484531402588,0.924413840337591,3.799523624589813,2.8173820361327,3.1317193918205777,3.650839046741416,13.60833740234375
6930-75918-0012.wav,3.091724634170532,0.9375384208716684,4.561506073243614,3.499426585638417,3.8318279555342194,8.534375980116659,14.7420654296875
8224-274381-0003.wav,1.5926189422607422,0.8580993432395748,3.0771667833982543,2.127058474019832,2.301295790069793,-0.3342055508298714,4.318192958831787
1284-1180-0021.wav,1.6378707885742188,0.8701190682550485,3.071713081571631,2.42536843378308,2.3248737701284483,3.90592725321032,6.811108589172363
1188-133604-0027.wav,2.448806047439575,0.92470052346205,3.759259972249699,2.993606858334351,3.0858369980074647,6.36010497902855,13.106151580810549
6930-81414-0022.wav,2.5455830097198486,0.9313389988769752,4.108152358731353,3.2766260572924897,3.3297276264672946,9.17431478434907,13.83821964263916
260-123286-0031.wav,2.264880418777466,0.9611426099970284,2.7292594324934027,2.245568107874145,2.4066153386703366,-0.8643594951502819,10.150069236755373
2094-142345-0002.wav,2.4416215419769287,0.9404131244988222,3.865848173294757,3.031174494202874,3.127489620715828,7.352587976149439,8.278097152709961
5142-36586-0000.wav,3.10782527923584,0.9858071117766452,4.365085220888522,3.520855393324392,3.736742222124178,8.993921738343406,17.07123374938965
8455-210777-0051.wav,2.2044217586517334,0.9599803589089612,3.692055901497505,2.920588786892678,2.9445828852506213,6.368416894412415,10.288074493408203
5142-36377-0009.wav,2.317397356033325,0.9454269203566188,3.869042979561625,2.735510829743591,3.0872306526507454,2.6820751499569244,10.294084548950195
1995-1836-0005.wav,2.9469857215881348,0.9503066777795048,4.399820702708998,3.416160850182993,3.6769539401588953,8.36974120876581,10.315963745117188
7176-92135-0016.wav,2.70147967338562,0.9765862688317946,4.3241109595486265,3.3233873562030927,3.5232989393117755,8.407935089457297,13.593911170959473
121-127105-0029.wav,2.744274139404297,0.974341156565148,4.021889606098907,3.1007416246646,3.382497186149465,5.079434420785628,13.86757469177246
260-123288-0024.wav,1.7578901052474976,0.9027881712038764,3.4561346107778976,2.306074805563628,2.569346834639516,1.4282012905767956,3.610502243041992
121-127105-0034.wav,1.563072919845581,0.9062259799664736,2.591432617295244,2.2915541818205605,2.0541626117369125,2.083618234212132,7.698189735412598
1089-134691-0005.wav,3.189746141433716,0.9718075943352532,4.656199403386826,3.616426425255311,3.945720044392392,8.886542275140494,15.071418762207031
6829-68769-0052.wav,3.0360066890716557,0.9855227400320442,4.432165823663503,3.3991671150042966,3.734220128563704,7.591125363937091,15.228662490844728
1284-1181-0002.wav,2.7469093799591064,0.9627720943401628,4.158227594177819,2.9818858109236177,3.423243789014813,4.425080910722844,5.871422290802002
121-123859-0003.wav,1.6761906147003174,0.9275072629590864,2.5831025289839102,2.1246860643308385,2.0311768227745834,1.923452609033469,6.446915626525879
121-121726-0009.wav,2.3074638843536377,0.958381678872252,3.2362408858994227,2.765940534294628,2.7715130996119965,3.0570749527941308,12.454425811767578
5683-32866-0009.wav,1.850383996963501,0.943941194635738,3.5719690449153747,2.7140863611220607,2.67423014101332,7.178945424005057,8.08205509185791
4992-23283-0001.wav,2.3607420921325684,0.9313074178910916,3.732607416837828,2.5798414118610813,3.009458009559148,1.2821920581458035,8.723285675048828
4446-2271-0005.wav,2.583914041519165,0.9702423404184172,3.688824016058544,2.883259218159926,3.071815260208319,5.66302564489493,11.19076919555664
8555-292519-0004.wav,1.689066767692566,0.9377738854705824,2.749163908385757,2.0280440560567063,2.1255083327149413,0.0625500927926841,3.687165975570679
908-31957-0016.wav,2.164996385574341,0.9453130851556704,3.6941037021322582,2.6534029469689058,2.88509464691028,4.215247000548035,11.384992599487305
4970-29093-0011.wav,2.8625268936157227,0.9860767507891696,3.874239691360408,2.858365543702468,3.34760450683333,1.266382540090279,17.290611267089844
4970-29095-0034.wav,1.8081600666046145,0.8956182567221933,3.017422490409075,2.4069457904596594,2.3438393572593674,4.084322853174227,10.179604530334473
4992-23283-0000.wav,1.5456743240356443,0.9071488421496138,2.707500259777372,2.5797110412495523,2.105326216699184,6.692727068466669,11.762751579284668
121-121726-0011.wav,2.6659815311431885,0.990171273024516,2.995876619072994,2.873238468932313,2.836001734768391,1.905746490292035,16.746999740600586
8230-279154-0033.wav,2.157608985900879,0.8834906083446693,3.674686133511583,2.389234918250061,2.8938197621516712,-0.8963052312480608,3.7065234184265137
2300-131720-0012.wav,1.871791124343872,0.9092294390461582,3.499982399075421,2.5580972927209547,2.6559313914817886,4.244877216936391,3.0496621131896973
5142-33396-0019.wav,1.3681044578552246,0.9131119282167658,2.0793378683828814,2.3644078504641035,1.6814121216364348,5.578242983851881,10.38343334197998
1995-1826-0007.wav,2.932603597640991,0.9699835500690028,4.301729813026841,3.203291358033684,3.590355745473628,6.445044011106027,15.85101318359375
5683-32866-0015.wav,1.1362310647964478,0.7133834695349988,1.5336178783151757,1.401676078292173,1.1078562251924722,0.2040942309017032,2.0682015419006348
6829-68771-0000.wav,1.4815375804901123,0.8988580093682804,2.8553103184224176,2.164097708137785,2.0604950482452944,4.370967952675224,3.0088770389556885
3570-5696-0008.wav,2.330721616744995,0.9746412360810456,3.991949599774091,3.0738467946613466,3.16178094921709,7.657636601437005,14.12797737121582
1221-135766-0013.wav,2.777870416641236,0.9769886471761596,4.413924917440805,3.3618315149029447,3.608994496275162,8.331402699628685,12.09426498413086
4446-2275-0010.wav,1.5607502460479736,0.8569656785436929,2.915590116146256,2.1615771134030783,2.139537059715862,3.3312600783352813,0.1450593471527099
3570-5694-0006.wav,2.086177349090576,0.960920080499225,3.738037125628096,2.6741337462622417,2.876807807473129,4.716982782961472,4.8188982009887695
5142-33396-0033.wav,2.4115450382232666,0.9503333594276444,3.834000688843413,3.0567165559140403,3.099071100503878,7.870983600837062,15.175633430480955
1284-1180-0026.wav,2.9015462398529053,0.9626641723758976,4.457611111027865,3.2969463730043365,3.6860263185493714,6.67844938061078,11.143546104431152
5683-32865-0006.wav,1.7559901475906372,0.8518085911604538,2.9292911012141225,1.9802953073805845,2.208321537767008,0.5859610734399929,5.177132606506348
5683-32866-0020.wav,2.236724376678467,0.889391150017912,3.483168051701796,2.7566705533620883,2.785658135608298,6.662864268294943,11.395169258117676
61-70968-0025.wav,2.7854745388031006,0.9610143136500626,4.398877406527853,3.3688905441290817,3.5909348391540465,9.020747746509024,13.704384803771973
5142-33396-0022.wav,3.477631092071533,0.9885908454723104,4.758451455256397,3.653581985755897,4.118780800473837,8.313714889973792,19.2958984375
908-157963-0014.wav,1.065964937210083,0.3695362275331164,1.0,1.0,1.0,-4.973670894693241,-6.349783897399902
2830-3980-0046.wav,2.1807124614715576,0.94795424007766,3.777704432385403,2.6683078425005635,2.9233390131680883,4.829971132054906,8.186566352844238
2300-131720-0021.wav,2.207874059677124,0.9286455289191904,3.693039939908724,2.785348198773697,2.934972015342395,4.717373811044649,4.344039440155029
1995-1826-0001.wav,3.484009265899658,0.9812843593822728,4.778894917875136,3.6205436389086136,4.125155900771971,8.050097784941928,15.29377555847168
4446-2275-0041.wav,1.3042525053024292,0.772196760853179,2.752540562185348,1.9636776454982896,1.9625569549680375,0.6526142973190975,5.518012523651123
2830-3980-0054.wav,2.071418285369873,0.9087920901622292,3.714497213042257,2.6804370603929324,2.8585896668706767,4.887273721364407,8.826693534851074
1284-1180-0001.wav,1.797476291656494,0.8475499044561811,3.138984265686107,2.3958636406970744,2.399614061991327,3.9593363879874905,7.313297271728516
8224-274381-0007.wav,2.601008653640747,0.9307036900089796,4.169207608607886,3.162540611117806,3.3807738805251097,7.265462202549426,12.352628707885742
3729-6852-0019.wav,1.2219698429107666,0.6483733854850328,1.212120996174774,1.0,1.0,-4.169933697326584,1.239077925682068
5639-40744-0010.wav,1.2314653396606443,0.8603948902529548,2.21178936356437,2.0979486335202577,1.6821907514006702,2.214828237589868,6.61783504486084
908-157963-0009.wav,2.835968494415283,0.9736510598749992,4.430225861766836,3.2249751691948703,3.632337852321853,6.33972594490921,12.043289184570312
237-134493-0017.wav,3.1072864532470703,0.9444349229121336,4.313119798157843,3.1777927218566067,3.68115445490786,4.8505171021126605,12.5303373336792
1089-134691-0021.wav,3.0795111656188965,0.9749552995740564,4.640862435271706,3.03359652481208,3.878936234663043,0.6253284856126828,8.387045860290527
7021-79730-0009.wav,1.2246243953704834,0.9234990325675408,2.910738616336286,2.1286928136997463,2.037501947471928,2.2705641543672352,-0.2026571631431579
6829-68769-0044.wav,3.175780773162842,0.9685758981467048,4.516699100132576,3.530697922717208,3.8467419280439934,8.623716243833414,16.9620361328125
237-126133-0024.wav,2.9237282276153564,0.972807352040512,4.306415561832243,3.254026826663962,3.610367152818256,6.341286115511472,16.017074584960938
7021-79730-0002.wav,1.1753370761871338,0.8208345825673153,2.091928486368957,1.501613854502193,1.540518480164344,-4.4593985256988455,-2.7226076126098637
7729-102255-0014.wav,1.4386088848114014,0.8426692106194564,2.889748140076393,2.248749028919851,2.13250559530099,2.6675063921132858,8.2850980758667
2830-3980-0024.wav,1.9557111263275144,0.8776778673434872,3.452414646605181,2.664011603212007,2.6615161896749213,5.867542403346798,10.062193870544434
2830-3980-0031.wav,2.19630765914917,0.9070436957201942,3.723787459924832,2.8467010285336958,2.929097948198512,6.454521860087017,11.695573806762695
2830-3980-0041.wav,1.2225685119628906,0.7132312361012145,2.568713261667244,1.8544998716358172,1.808339129285596,0.4868076830901794,2.1414291858673096
5639-40744-0007.wav,1.931019902229309,0.962450137593484,3.091289113837218,2.362213863864941,2.439070176142423,2.599097945904926,11.770630836486816
1089-134686-0013.wav,2.2225399017333984,0.953670991879502,3.824376489586248,2.832872884160261,3.020376390371773,4.803136460926182,10.525798797607422
6829-68771-0004.wav,2.5959298610687256,0.969147427568646,4.191968687337583,3.2394855105083638,3.39895212832691,8.110412393433776,13.294416427612305
6930-76324-0001.wav,1.3103251457214355,0.8908816988217394,2.955866116271905,2.094866016095673,2.10270278320727,1.106707536120572,9.766756057739258
5142-33396-0045.wav,1.9349557161331177,0.9095529603335664,3.3318599992432705,2.463680275015451,2.583216321083235,3.1903465349802467,12.838305473327637
8224-274381-0010.wav,1.9121489524841309,0.9024736384059447,3.4473824369494617,2.6918525559493016,2.656976629247896,5.760487686645039,8.841554641723633
8555-284449-0004.wav,1.9692769050598145,0.945491635750526,3.8147530221060246,2.799767874478849,2.8801157858241617,6.533356075068072,10.628457069396973
121-121726-0014.wav,2.169940233230591,0.945800096365266,2.673733607153612,2.2394328680094246,2.408177176394564,-3.6397400569324456,9.926142692565918
8463-287645-0007.wav,1.6524248123168943,0.8626717129774036,3.196796443916512,2.443683236952476,2.3774617718442705,4.835175587793122,7.634526252746582
5142-36377-0020.wav,3.553671836853028,0.9840618071477016,4.993761119541066,4.023268442925533,4.302921292110248,12.342101097553366,17.464366912841797
4077-13754-0010.wav,3.304901599884033,0.9785531164395674,4.83677850318185,3.610471622340733,4.090253311234091,8.071056848919737,12.56956672668457
3729-6852-0017.wav,1.5033292770385742,0.7947153570804533,2.505347162729688,1.769065561224484,1.7969304654961515,2.3604520738275587,0.914247989654541
7729-102255-0028.wav,1.9984605312347408,0.9165991984444628,3.4570670619165007,2.676627916011228,2.709883687768768,4.665514931834896,9.066526412963867
5142-36586-0003.wav,2.590024948120117,0.977628184460163,4.029931432543633,3.194570607966011,3.3002497278658707,8.107381466598534,12.999738693237305
1284-1180-0013.wav,3.0047051906585693,0.9553505207935924,4.473835537963961,3.3045514632441773,3.734052600183504,6.551263947183303,15.712084770202637
672-122797-0012.wav,1.758016586303711,0.8408691825733091,3.363439631534129,2.258158603168945,2.5127395079223795,1.1314424443137758,4.29934549331665
260-123440-0004.wav,2.5076441764831543,0.9769738857455113,4.090372727544834,3.098098759928392,3.2920150015526697,7.056136946430354,12.58765983581543
1320-122617-0038.wav,2.4702274799346924,0.90812647890977,3.8346182770025647,2.7484426466771685,3.1084431852995285,3.438703582321633,0.0402124524116516
6930-81414-0013.wav,3.2141222953796387,0.98262759206576,4.796621378759392,3.793129353067015,4.032249273249524,11.31473128124181,19.15373420715332
3570-5694-0022.wav,1.638527512550354,0.8952317485066837,2.6299621127845785,2.150387172108076,2.0602221523599327,1.526796613944061,7.097663879394531
1284-1180-0030.wav,1.7316780090332031,0.9094242948668037,3.279564918647688,2.6982031490282696,2.4945760479816204,6.691648760041131,10.15410327911377
4992-23283-0003.wav,2.249334812164306,0.9063366317786078,3.6473917386132895,2.794195561321719,2.9176865315207925,5.226524016368982,12.214821815490724
8555-284447-0003.wav,3.0138447284698486,0.9511994047759892,4.27765666718621,3.182117193656919,3.625780634307786,5.211490245485765,16.197240829467773
2961-961-0021.wav,1.3487364053726196,0.8684270592437767,2.4429533372508323,1.6020399421488902,1.7872713561231337,-3.499490889959286,4.573955059051514
4446-2273-0001.wav,2.5905940532684326,0.9665969578086931,4.159686003311456,3.2286503132898847,3.383939517607011,7.813921655753224,15.325714111328123
5142-36377-0015.wav,1.9831576347351076,0.9608535800033476,3.4941321750392444,2.9164056621241548,2.719095498093655,8.653851191681103,12.79491901397705
4992-23283-0010.wav,2.3807597160339355,0.9834689269317324,3.95208018403644,3.0676419209462185,3.167943582480591,7.147197648037614,14.21974277496338
4077-13751-0001.wav,1.668999195098877,0.7715254330598658,2.994550358265916,2.1512527116114204,2.2507485437687302,1.585547528279932,2.8085265159606934
237-134500-0001.wav,1.441507339477539,0.9055839260146058,3.053384300606894,2.3234856196817217,2.217648184190193,3.732304718328764,12.901521682739258
7729-102255-0031.wav,2.9438109397888184,0.9763264534772378,4.464766192485099,3.3529027082727647,3.702253779403271,7.628177944510587,12.864022254943848
121-127105-0026.wav,1.779146432876587,0.991253477593719,3.874675850733172,2.8705261595992737,2.842936907440699,7.820727002306004,17.214021682739258
4507-16021-0026.wav,2.59358811378479,0.9420872788415436,4.007078874017924,2.791571868216605,3.258314035556364,3.109478763674096,5.152225017547607
7127-75946-0009.wav,1.9890849590301516,0.8607688510655673,3.517847984058824,2.678827472876855,2.729356791384641,5.037475914885115,8.702116012573242
7021-79759-0001.wav,1.2580170631408691,0.9470415685093052,3.1128428336339526,2.198617473908627,2.172992996884127,2.3310669224759963,8.271434783935547
8463-294828-0030.wav,2.6409168243408203,0.9708544885499026,4.203783240495758,3.1828387453974365,3.41899926845017,7.24655693652839,15.038278579711914
237-134500-0004.wav,1.2835335731506348,0.8506641932955012,2.6785268956991803,1.73966238794186,1.9066633873237295,-2.366888660066782,5.735984325408936
4992-23283-0013.wav,1.3932359218597412,0.8499603221944286,2.35238986222749,1.941135772261592,1.770977960817877,1.267884163612997,6.184432506561279
672-122797-0044.wav,1.915047645568848,0.7774901927390786,3.482967194017859,2.616298924327444,2.684553715660357,4.168807000720556,7.596579551696777
908-31957-0012.wav,2.7478928565979004,0.963287112626038,4.223884321086308,3.2087862349615417,3.4781702441370643,7.060443802150073,15.29490089416504
3729-6852-0027.wav,2.1208627223968506,0.8250337993775133,3.285679149229043,2.177141030520579,2.5606395311952936,1.3499995755155052,12.132267951965332
3570-5694-0016.wav,2.2729125022888184,0.9622376168679652,3.887124443527455,2.8529706834625803,3.060531464289149,5.467057783659155,5.5013275146484375
1580-141084-0018.wav,2.7945690155029297,0.9631497174268294,4.1147748359187535,3.0184721780831065,3.412243744703995,5.236613447538586,15.394929885864258
4446-2271-0015.wav,1.8170086145401,0.8983118407780725,2.9241259076507,2.40681637051065,2.331600558275932,2.7059330337339182,13.160411834716797
908-157963-0028.wav,1.7805325984954834,0.8581513803630625,3.4552110368646867,2.163411696531463,2.557416377348177,0.0010670268523864,3.038745403289795
2830-3980-0032.wav,1.378495216369629,0.7592460908574109,2.7404355172428376,2.109084523450007,1.984237325410117,2.8285418971967875,4.5223565101623535
4992-23283-0011.wav,2.3330445289611816,0.959061408432466,3.758570798502263,2.954534749477121,3.0258523000351984,6.67049624091449,11.150520324707031
2961-961-0006.wav,2.2413406372070312,0.9590150780755172,3.611645264587338,2.771721365982137,2.8958485612785507,4.931097143021376,12.96570873260498
4446-2273-0004.wav,1.2104030847549438,0.8641663771343597,2.8439385619402198,1.9932225513807211,2.007107308716689,-0.2135202187078343,9.550564765930176
2094-142345-0006.wav,1.5272281169891355,0.8522163637352591,3.145370434712736,2.2333514208322813,2.280697997473508,2.797003964634648,3.26600193977356
4446-2273-0020.wav,2.660611867904663,0.957169716503266,4.33751749312598,3.35274609967318,3.513888698092642,8.983295526054446,15.828254699707031
4446-2271-0008.wav,2.5383880138397217,0.9593396169784156,3.957807725214897,3.1245411705050925,3.2398658456702782,7.318080951791742,15.006903648376465
4507-16021-0017.wav,2.210391044616699,0.8871061277429044,3.636956792488713,2.576812865336169,2.864760283524515,3.308172701241661,7.805084228515625
4992-23283-0015.wav,1.2186893224716189,0.8376483929371588,1.9900175418592745,2.1348503106222445,1.5587725066044482,3.1891624286667897,8.136821746826172
6829-68771-0033.wav,2.058461904525757,0.95011259085082,3.5884014379568034,2.7130910206046632,2.7936704811006488,5.311582518191809,13.414306640625
8455-210777-0013.wav,2.547173023223877,0.980081510609419,3.834760758902133,2.9940606634890075,3.150593102387086,6.611537250501613,14.921303749084473
4507-16021-0058.wav,1.930945873260498,0.9174545350254024,3.1202961647902168,1.9567606624321652,2.3764086363829584,-0.4410351107734251,9.597087860107422
2830-3980-0048.wav,1.7132872343063354,0.853642982045547,3.1186294606688425,2.237756510370509,2.301166116206698,4.106702411968111,3.4546401500701904
5142-33396-0023.wav,2.517404556274414,0.9799159364818956,3.95324313155096,3.1907220531646443,3.2214201976895733,8.773563876826012,15.637526512145996
1580-141083-0050.wav,3.426625967025757,0.9759711125985748,4.463302761726825,3.4099038288939028,3.913922220103899,6.253506508510418,14.781139373779297
672-122797-0067.wav,1.5007014274597168,0.751760715861367,3.041398389023206,2.0169627895401723,2.21728918616704,-0.5122367454761068,1.5351933240890503
1284-1181-0006.wav,2.675572872161865,0.9561385886196202,4.234972236042998,3.329664328396362,3.4511654975848503,9.351739990964145,11.824816703796388
8455-210777-0054.wav,2.3243560791015625,0.9415368149041328,3.807195779870458,2.873207168670804,3.0276741304346992,6.237913921755121,12.926535606384276
4970-29093-0019.wav,2.4751086235046387,0.8901351362433184,3.9116468068432177,2.785984344843472,3.1692342367250914,3.116425684540084,14.97442626953125
2094-142345-0060.wav,1.1966620683670044,0.5997353955427633,1.0,1.0,1.0,-3.2955400565863195,-3.309174060821533
1188-133604-0007.wav,1.7359583377838137,0.8147792355108211,3.2295214701165227,2.5790692722186623,2.466258343103473,5.013963450609403,7.681647300720215
61-70968-0038.wav,1.330202579498291,0.7944201242919073,3.324843127012436,2.293498352822681,2.2811564307617984,4.777418511107527,10.058545112609863
2830-3979-0009.wav,3.2446117401123047,0.969934012352168,4.787889084937256,3.673799355844841,4.029640819424803,9.791102361923254,14.483050346374512
7021-79759-0005.wav,1.5181915760040283,0.8858864354281019,3.087436941365139,1.897715913126511,2.2187265727642043,-1.202671056577817,-1.605180740356445
1580-141083-0048.wav,2.8265507221221924,0.9449803450765932,4.215668661061783,3.099507282907206,3.502514335341715,5.226373678894117,14.735608100891112
8230-279154-0000.wav,1.698529601097107,0.9338420832085432,3.405339386336069,2.491122611761987,2.539875395414464,3.68011031567944,5.279303550720215
5142-33396-0067.wav,2.548692226409912,0.9811784626928152,3.886675527216695,3.171029230833171,3.211044916984698,7.917484879121676,20.509174346923828
4446-2275-0040.wav,1.1173683404922483,0.7568650662787613,2.629718217323515,1.839847289835324,1.7898133106296237,0.8654995293686546,3.7111716270446777
1580-141083-0047.wav,2.410805940628052,0.9560307794732436,3.8685214185779713,2.800937217049606,3.0862949998100992,5.119842248568361,11.361632347106934
5683-32879-0024.wav,2.091521978378296,0.9056372265395248,3.354453040164745,2.619734278161248,2.651944622128026,5.43000130307166,10.94589138031006
1995-1837-0029.wav,2.639382839202881,0.962128045407714,4.08467688834924,3.3177978222570665,3.368544140164876,8.978172623085332,18.269672393798828
2830-3980-0035.wav,1.6401352882385254,0.7224473132711986,3.069347289605942,2.145096642940965,2.299631475430381,0.5506568974208005,6.994082450866699
1188-133604-0018.wav,1.8520660400390625,0.9021735306993992,3.2408299709915003,2.688247343152599,2.5328541885213016,5.7629617142939376,10.108851432800291
7729-102255-0040.wav,2.1417007446289062,0.9369469946820116,3.5629519704478043,2.850485957303463,2.835700589237405,6.303094668479807,10.638511657714844
4446-2275-0006.wav,3.1081671714782715,0.9606476801694228,4.691398860420478,3.556334124495404,3.918976070653282,8.686642452556454,15.533808708190918
1995-1826-0012.wav,1.14618182182312,0.6009794801422617,2.309949627104231,1.7425442580334731,1.6284506237344547,-0.1571929622817928,4.884431838989258
8463-294825-0003.wav,2.003572940826416,0.946327521774563,3.700602774728913,2.873040087638494,2.852191784459273,6.92706830919529,11.463991165161133
8455-210777-0030.wav,1.663466215133667,0.9520294902110322,3.3739012126250816,2.5515690240643987,2.513124351147769,4.614936234638045,6.791281223297119
3729-6852-0040.wav,2.0838873386383057,0.9455943164049404,3.1766757485150814,2.3960138288549317,2.484442016970265,5.249640882019911,15.075620651245115
8555-284447-0001.wav,1.047229528427124,0.4586207952773793,1.0,1.147570479186118,1.0,-2.503949707102384,-3.064316511154175
1320-122617-0014.wav,1.7890174388885498,0.8890649555572292,3.302462532640169,2.44325630610147,2.5237338959421605,2.7028314175406924,3.691972732543945
1995-1837-0008.wav,2.290128231048584,0.9741148535805138,4.017396378119529,3.196732267331107,3.1517561293444905,10.01260160999322,18.53016662597656
237-126133-0003.wav,3.573227643966675,0.9796671650096108,4.86202533967465,3.795360369109204,4.243119718519647,8.758045330518213,16.83917236328125
237-126133-0022.wav,1.409717321395874,0.8961631643347768,2.841238441359373,1.953369767130663,2.083993941446232,-1.370707097051603,9.716422080993652
3729-6852-0004.wav,1.9859962463378904,0.9190942584884432,3.5223846210242638,2.5188965069368883,2.679212932721005,4.762352655512731,9.152398109436035
8463-294825-0004.wav,3.3578941822052,0.9655279556631254,4.749646536704369,3.659712886484595,4.064120949346715,8.870805726107415,15.449070930480955
4970-29093-0007.wav,4.130446910858154,0.988486115038316,5.0,3.831212034157271,4.679658904441562,5.967549087451375,19.87181854248047
7127-75947-0024.wav,1.3274831771850586,0.8000707566527159,2.716475769219045,1.8419059121361647,1.94839953330566,-1.106552918253796,3.010628700256348
1284-1180-0002.wav,1.9649112224578855,0.8808669140869908,3.437730257269114,2.558457465940494,2.6700807715780104,3.6276962826775176,6.80414628982544
2300-131720-0039.wav,2.0490970611572266,0.9269738376617662,3.5536608712116697,2.4897665486622222,2.7408807364821524,3.193719605138277,4.418411731719971
6829-68769-0021.wav,3.094923257827759,0.9794762429567412,4.7047946588402345,3.5798954184771605,3.919116583174681,9.153940819761104,10.899659156799316
4507-16021-0004.wav,1.2951381206512451,0.8639425195464874,2.953032787750229,1.818561330702141,2.044680375069419,-1.0074373016414255,4.262362003326416
908-31957-0017.wav,1.7191386222839355,0.8932221690658347,3.2726152000190627,2.221446477849061,2.4004306391218737,2.9358482890106123,5.362514495849609
1320-122617-0019.wav,2.167874336242676,0.9409991574384996,3.7880565311691714,2.7278826864234764,2.949263220566006,4.67213082355298,3.2617831230163574
672-122797-0037.wav,2.5828421115875244,0.9036471192635054,4.020864793481478,3.021250417585109,3.2553891598110183,7.028712108371452,16.103023529052734
8224-274381-0000.wav,1.2940738201141355,0.7430742880921232,2.5464905587660223,1.51329705676551,1.745515633584139,-1.6000022376401732,-2.0021679401397705
8230-279154-0023.wav,1.2791928052902222,0.7396553025200863,2.435905015075793,1.7843761043830018,1.7690541547537926,-0.9767281331482764,0.3546148538589477
8463-294828-0036.wav,3.102334976196289,0.9502605058339983,4.560691794386152,3.526428045226644,3.840158423486504,8.733644914033908,15.714859008789062
7729-102255-0038.wav,3.228135585784912,0.9696218976649048,4.57244814629797,3.4237537996123075,3.8913224910668207,6.95174374631848,14.534968376159668
7176-92135-0014.wav,1.142220377922058,0.7021322876088772,2.4232375738193603,1.7261003760326334,1.6922904533891594,-0.8054552766628261,-5.458884716033936
6829-68769-0036.wav,2.1151459217071533,0.9353089273023828,3.5771062913778686,2.74356509773,2.8254419695280646,4.978901540071198,9.202552795410156
6930-76324-0028.wav,2.199700832366944,0.9056284394666152,3.819139775407333,2.9029438828650056,2.9910157842681317,6.759330679710255,8.357004165649414
121-127105-0027.wav,1.958492994308472,0.9617793475843684,3.5537280240389224,2.692648177095848,2.741106338563052,5.077249349706721,11.9139404296875
7021-85628-0017.wav,2.0960917472839355,0.9563175176900832,3.369955070400903,2.2045141533512504,2.6718719988806185,-1.6319357428572825,7.630486965179443
7176-92135-0022.wav,1.1445705890655518,0.7357695403104267,2.430188411844634,2.0620670322277324,1.7382751381729982,2.688141704349398,2.702925443649292
7021-79730-0003.wav,1.280609130859375,0.9214181492474588,2.923621952214717,2.1602760057058976,2.076053443219707,2.176567863476702,4.817109107971191
1089-134691-0004.wav,3.3046202659606934,0.9669687325780916,4.693849868675015,3.627652062748129,4.012632404145601,8.626190925348267,16.172306060791016
4507-16021-0023.wav,1.625195860862732,0.8298339557215958,2.8408346507524094,2.01327141534473,2.147385605037333,-0.0625881718278643,6.475577354431152
2961-960-0009.wav,1.809105396270752,0.9086046663007336,3.1793595942896955,2.4427986534503456,2.437038223859177,4.111084573801908,9.178470611572266
2961-961-0022.wav,1.6789882183074951,0.9338851829826836,3.034326877791929,2.3424694671212656,2.2995783011962803,3.4877893487728446,8.307496070861816
260-123286-0011.wav,1.7846744060516355,0.9568524207564724,3.068114893899561,2.341301181405124,2.340324591659113,3.964183355841894,12.689074516296388
61-70968-0012.wav,1.840994119644165,0.9524995851289232,3.771241289477824,2.44314708939753,2.7847053392444625,2.241766514045485,7.181463241577148
1221-135767-0010.wav,1.4268907308578491,0.7525504894113308,2.9695751870297094,1.9715058933951857,2.1024323880071694,1.1700284539142451,6.054814338684082
5142-33396-0024.wav,1.4914698600769043,0.952714503595268,2.9206963923301106,2.5339754332314293,2.180246380202541,6.544951838289026,13.518985748291016
260-123288-0011.wav,2.4162583351135254,0.9440558323304644,3.9234386222150817,3.040550096760708,3.161636563295208,6.887600678896355,14.680706024169922
4992-23283-0020.wav,2.675236225128174,0.9594921655661568,4.109266534239689,2.845354582982982,3.386297917358573,1.7615712434120805,13.455121994018556
3570-5696-0006.wav,1.0409934520721436,0.5193911104571552,1.0,1.3552386461504065,1.0,0.2228261203598324,-1.4680607318878174
8463-287645-0000.wav,2.7917847633361816,0.9367753625912768,4.454789642880833,3.4295177130852363,3.632897547092077,9.452495331030232,15.813436508178713
8455-210777-0027.wav,2.667882442474365,0.9885339493036176,4.285591336801079,3.286167096806188,3.489209178444888,7.982085762367249,1.7901957035064695
7729-102255-0033.wav,1.6125770807266235,0.8440936457532425,3.003380332446366,2.050059543479354,2.2655378943385807,-1.305927837007945,5.76173210144043
3575-170457-0017.wav,2.5682382583618164,0.9569703791484722,4.106989018729824,3.101014026864989,3.319345483997933,7.150895163926523,0.9194321036338806
672-122797-0031.wav,2.596312522888184,0.8624365638937662,3.901247307639356,2.798726610349969,3.193152695263529,3.8138453061536937,15.58672046661377
2094-142345-0028.wav,2.2782206535339355,0.9275285200482448,3.8876382611583495,3.054128467184173,3.075908712105358,8.071617916777308,13.133625984191896
237-134493-0018.wav,1.4184153079986572,0.8009699088513969,2.2741914123463483,1.7630832041833986,1.7368565896128958,-1.400141248762598,5.899099826812744
1089-134686-0006.wav,2.3299267292022705,0.9414887145313388,3.7474927022995903,2.8627647340858533,3.03812549617453,4.38451388028279,10.65762424468994
5683-32866-0013.wav,2.221488237380981,0.9216055770741988,3.59737655040775,2.96987308890226,2.8758147937848326,8.355170253918795,12.926417350769045
5683-32879-0009.wav,2.9848122596740723,0.9149583050251812,4.384283809059274,3.384524089742092,3.6687383001127545,8.443511195972578,16.82669448852539
5683-32879-0021.wav,2.493219375610352,0.9454608055043372,3.9046061757132833,2.637245868056067,3.1427285658613933,2.0344865984774443,10.77676010131836
7127-75946-0007.wav,2.162977933883667,0.8773712395404031,3.939215674773624,2.8354665896567064,3.033491212028465,5.91080360931987,8.832722663879395
6829-68771-0029.wav,2.3098583221435547,0.9711829919069912,4.042780324419906,3.135698015825781,3.1771678260192946,8.769930158587108,13.101261138916016
3570-5696-0010.wav,2.303770065307617,0.9642882262359572,3.819539219499681,3.049441958027962,3.0554858751375376,7.778719010896999,14.952781677246094
3570-5696-0003.wav,1.9571633338928225,0.9461914882170356,3.688790821894644,2.594985940648311,2.806788686424131,3.57457088828192,5.241212844848633
908-31957-0005.wav,2.2325692176818848,0.9370043525207364,3.634696719534321,2.572757273199933,2.862945275626116,3.599373480982371,6.623791694641113
7127-75947-0014.wav,2.430469274520874,0.927043796610592,4.006420233583651,2.9965105377341703,3.2085496965663234,6.149121144202406,10.94176197052002
8555-284449-0013.wav,2.147759437561035,0.9277559091548396,3.627021949391571,2.7748109421036764,2.8384352779094075,6.474816685282749,16.190792083740234
1995-1826-0010.wav,1.8398752212524412,0.959775179833715,3.4574526135464705,2.1776016559234885,2.6129590094121307,-1.301690289867531,11.606193542480469
8555-284449-0010.wav,3.297430992126465,0.9860749918686448,4.57810478640368,3.503184898460319,3.891267299077,9.35493394803794,19.679353713989254
3729-6852-0022.wav,2.3756399154663086,0.961311116646642,3.583730860388356,2.74525300679901,2.8668427539506545,7.145941571850032,13.76561164855957
5142-33396-0030.wav,2.136106491088867,0.9851328692926012,3.80028276406676,3.0034028320674544,2.98007871424897,7.490045254187276,18.89019775390625
7176-88083-0017.wav,1.4595531225204468,0.8772451149758063,3.04022457207068,2.0400203450859,2.236039722943388,-1.6013835042327584,0.7377018928527832
8463-287645-0004.wav,2.5106937885284424,0.9434962794201,4.074316575621656,2.9905586492209792,3.264430373120767,6.257223985584819,9.356237411499023
4992-41806-0015.wav,3.31217098236084,0.98421258024948,4.6001726927545885,3.708038230265216,3.949778403572523,10.728514866943897,18.46934127807617
4970-29095-0025.wav,3.4519851207733154,0.937296241335709,4.496078113134506,3.177361682933414,3.9499004353373466,2.0675021049775517,20.71982192993164
2830-3980-0011.wav,1.535470962524414,0.8485378407991601,3.33190530875491,2.208080884732586,2.393106528839032,1.6534261746988823,7.293951988220215
5142-33396-0016.wav,2.402888536453247,0.9728813797814492,3.808641166683531,3.1166812830304504,3.1019530735318024,8.012970483358103,16.726383209228516
4992-23283-0019.wav,2.6904289722442627,0.9531320373471704,4.037664681427033,3.093643487170815,3.349836157598568,5.962185996702135,13.478259086608888
5683-32879-0018.wav,2.6681034564971924,0.9710830314850932,4.221998620892465,3.180195025984335,3.432390925723498,7.41247873344498,19.664533615112305
5142-33396-0025.wav,1.096628189086914,0.5466691466391176,1.0,1.442391488768661,1.0,-2.4814598350636703,-0.7670050263404846
7729-102255-0026.wav,1.2130529880523682,0.7589792900976416,1.950587013711901,2.020608476490808,1.5258753609096345,1.8781681657478733,1.9615120887756348
8230-279154-0034.wav,2.4585986137390137,0.9530632850588954,4.031665923568961,2.82016042021276,3.2190916514847303,3.851296804079609,5.384078502655029
4446-2271-0003.wav,2.851562738418579,0.9691834607341004,4.266651378343295,3.275444742194143,3.557163807439604,7.095595591372239,14.0357027053833
7176-92135-0000.wav,1.8165223598480225,0.9168646904854864,3.534400330201738,2.4473647748924523,2.662162546112327,2.156911168673989,5.736351013183594
237-134500-0000.wav,2.0867629051208496,0.9116122769627352,3.617643591049875,2.70866270395254,2.8198961755455234,5.141793583832223,10.950360298156738
7127-75946-0015.wav,1.655243754386902,0.8972166724222237,3.539707331061348,2.8154675793170623,2.599557666193153,8.509964410776973,11.678900718688965
1188-133604-0003.wav,2.730088949203491,0.8818386471674314,3.996026104538011,3.2227491573229945,3.3475840375356203,7.779341760489165,-1.1792677640914917
121-121726-0003.wav,2.2381703853607178,0.9030626947785249,3.053551743346788,2.298134036673084,2.6101862347009885,-2.281425039402305,7.291605472564697
4077-13754-0011.wav,2.0292341709136963,0.9186253283566328,3.784284256166601,2.66280943512052,2.886200879778731,4.302390625743364,7.110243320465088
4992-41797-0011.wav,2.7552194595336914,0.9700961537847868,3.9913516106448177,3.0402752378490794,3.319733402088755,6.375965665142324,10.786611557006836
8455-210777-0059.wav,1.921797513961792,0.9666700748599476,3.5574464913483808,2.868781809413566,2.753157016099077,6.885605224889202,11.54916000366211
3575-170457-0054.wav,2.433295488357544,0.9490263768498732,3.729564082602224,2.5143865232182745,3.035273900423292,0.1027885506625459,9.312260627746582
2094-142345-0021.wav,1.6560916900634766,0.7351713866184103,2.607713299623889,1.9697267311117723,1.9947836961870151,1.312087990064627,0.3197693228721618
6930-81414-0021.wav,1.220181941986084,0.773041701388687,2.760451525801506,2.2522578362671157,1.9282426083575583,5.685980938810534,-0.1511947810649871
61-70968-0007.wav,2.1045360565185547,0.92496538986602,3.899267765167095,3.132921385947252,3.016263013422855,9.65879280595669,13.518176078796388
4446-2273-0008.wav,1.4990148544311523,0.8384480451669596,3.218767203640188,2.08421755306146,2.3053154671983838,0.5405826143000452,7.290794372558594
672-122797-0036.wav,1.153233289718628,0.6559525564775152,2.0346186955791525,1.8160711092952544,1.480502782863379,1.595785905581039,4.045928955078125
8463-294828-0004.wav,3.054172277450561,0.9601985767357014,4.541024791222688,3.378456142664953,3.802952311687813,6.886888868058599,14.066482543945312
1320-122617-0021.wav,2.0300700664520264,0.960515322757148,3.5557914531396038,2.5829616460924663,2.7600096780698027,3.5979561275422123,2.62833309173584
908-157963-0003.wav,1.283405303955078,0.7455127863698815,2.6217848601339013,1.9448125143074335,1.8865728416733507,0.5288258113905792,-5.582754135131836
5639-40744-0040.wav,2.4083621501922607,0.9462886286543392,3.7322395892772233,2.728155300249365,3.0261037646235587,3.593077776603032,1.451885461807251
5683-32866-0023.wav,2.529710292816162,0.9588400855666812,3.521824748426479,2.824401359041856,2.950176381925864,5.632349454258326,16.43451499938965
1284-1181-0016.wav,3.584025859832764,0.9894573821230888,4.977733000872036,3.776365255344554,4.306722553113971,8.349166571136838,16.01386833190918
2830-3980-0023.wav,1.2218188047409058,0.758878855176561,2.653176882722488,1.8830093022642893,1.8778576604319697,-0.2829224298167945,5.083549499511719
672-122797-0060.wav,2.4399516582489014,0.9205251247955478,4.017775826603284,3.0054839748375013,3.19572682673866,7.244484791753252,11.098795890808104
121-121726-0002.wav,2.7134783267974854,0.9402057495501576,3.8785442374900434,2.8090373742139354,3.2667899763157675,1.9531761437840875,12.341336250305176
908-157963-0021.wav,2.86482572555542,0.9647850168976464,4.3590492931270735,3.2658226461114346,3.6049721519792968,7.056513792056873,14.380311012268066
7127-75947-0001.wav,1.1487901210784912,0.7426942796323435,2.297708285883834,1.9098379703320327,1.685627659957379,-0.2510258248546793,6.21370792388916
1284-1181-0017.wav,2.574831962585449,0.9267479869193403,4.076033000555001,3.302284452061904,3.324691468317868,9.528161573324672,10.21799087524414
4077-13754-0003.wav,2.8681929111480717,0.9600250845213508,4.359710253096052,3.176982719824794,3.602033057910754,5.839706227326206,10.728455543518066
4446-2271-0014.wav,2.268707752227783,0.9750401157242564,3.60220411618464,2.920829433285542,2.922809704168156,6.304264089726427,14.898747444152832
672-122797-0069.wav,2.23669981956482,0.8022031853633884,3.73974925228471,2.6093882388875347,2.947268405076851,2.829190145618208,6.820278644561768
8230-279154-0031.wav,1.5229899883270264,0.951969714439812,3.47758653128762,2.482724040716863,2.499943761655764,4.316403468698805,-2.6393911838531494
5639-40744-0001.wav,1.704609513282776,0.9423610967714648,2.943768396510377,2.4982362811011534,2.2870008100771377,4.904796607061344,8.987663269042969
5683-32866-0021.wav,2.8007969856262207,0.9469709028453462,4.0793500142436026,3.243004214605904,3.4108796683975373,8.175421560834911,14.91818904876709
8455-210777-0044.wav,1.702312707901001,0.8693865759662851,3.4082942435821098,2.2123670960150976,2.504313246994881,0.9424973907329102,5.4870219230651855
260-123440-0020.wav,1.2708842754364014,0.880700268402856,2.663843644781436,2.12085304206869,1.921181143783914,2.53677264961283,7.92020320892334
5142-33396-0059.wav,2.9608688354492188,0.9623005545659998,4.292152599701421,3.2994594256167886,3.615290053272685,7.077378499160666,15.437369346618652
4507-16021-0013.wav,3.293163537979126,0.9749644411741804,4.638932657122377,3.5429834534244478,3.967441949729549,7.901405305422417,17.22936248779297
3575-170457-0031.wav,2.4356555938720703,0.9407501702358484,3.863943005840427,2.657565981557968,3.094965863745108,2.726028416417753,7.276539325714111
1089-134691-0003.wav,1.5046443939208984,0.815906519870484,2.757810322059997,2.0146500689268247,2.0591387001731136,0.2598678489383897,4.38286828994751
7729-102255-0036.wav,1.772923469543457,0.9372275280546928,3.49707155354612,2.757291603820652,2.619640548883241,7.492321760183136,9.942532539367676
4077-13754-0014.wav,2.2751824855804443,0.9684383558619408,4.154695061271493,3.05474275752432,3.2254136604186567,7.304327158381503,12.683599472045898
5142-33396-0056.wav,2.904559850692749,0.9531351092936196,4.518512420759249,3.173440312070878,3.7176768628486703,4.702833131715858,12.20314121246338
4446-2273-0036.wav,2.07521390914917,0.9151568508997778,3.2952402361159554,2.5023746620757885,2.65678807431252,1.8165668950612648,11.0806884765625
8555-292519-0014.wav,2.6049938201904297,0.9233359016140132,3.467542405014344,2.4639502371930035,2.8682629668440334,3.433660261275203,13.21365451812744
4446-2275-0045.wav,3.6348934173583984,0.9880814563403932,5.0,3.846684382441048,4.392872307447491,8.995542359993786,12.920173645019531
4446-2271-0004.wav,1.869202733039856,0.9297680536569268,3.239584875104928,2.271231288342636,2.525981604511612,-0.3295955798829509,11.270899772644045
1089-134686-0014.wav,2.374983310699463,0.9537421154909362,3.9407331146779727,3.0114037871447192,3.153709560782841,6.548222879943331,10.919522285461426
5639-40744-0004.wav,1.8059797286987305,0.9265009376494414,2.964944458917204,2.384597598673526,2.3274178902529594,3.270688910271489,8.30240249633789
8455-210777-0066.wav,1.8647456169128416,0.9762529519830122,3.4560695087063293,2.4977174790482364,2.637182721026573,3.0465422755216243,13.247573852539062
4077-13751-0003.wav,1.604444146156311,0.8786990217252127,3.2473591760849354,2.15173920837418,2.398071889740897,-0.3019024616147018,4.136231422424316
5142-33396-0050.wav,1.171860694885254,0.8784143194859126,1.3897660300219452,1.97893515734872,1.1889146387505425,3.1643506383841338,6.891748905181885
237-126133-0012.wav,2.7623422145843506,0.9237217880111656,4.183530832925503,3.249972067282312,3.4772611880822457,7.08143197295979,11.629753112792969
3570-5694-0009.wav,1.8786466121673584,0.9688627784316026,3.5975407992067656,2.8300962672639933,2.747588270495521,6.7632351215159705,1.4144307374954224
61-70970-0014.wav,2.25425124168396,0.958661204722358,3.888677448956668,2.611068270760373,3.0404998606653204,2.27036422115479,8.184056282043457
7021-85628-0000.wav,2.2852344512939453,0.973214127345114,3.817439768857073,2.6283593314765583,3.014008488958384,2.6045478244819327,12.171746253967283
7729-102255-0041.wav,2.7367374897003174,0.9697610412100464,4.321158251930004,3.2996921853522507,3.5315132167161805,8.1220916799722,11.40635871887207
5683-32866-0028.wav,1.8591766357421875,0.9070800710659374,3.1232959422826525,2.660978302122203,2.4505385130957142,6.48448199056968,15.566116333007812
3570-5696-0000.wav,1.287995457649231,0.8270790452052548,2.6839826274764773,1.8310881333020927,1.8970153276874653,-0.3055826888414912,1.7078039646148682
1580-141083-0004.wav,2.48331880569458,0.938033047942274,4.139331108009172,3.0464104009362902,3.296836091090321,6.739929943398114,13.84957790374756
7176-92135-0023.wav,2.334799766540528,0.9397020573115018,3.651520380785994,2.887875066687748,2.9722796084519265,5.651690662412144,10.3546724319458
672-122797-0030.wav,1.719740390777588,0.9277522365724326,3.68438468026342,2.8511101393739144,2.7046487872507834,8.562774603348604,12.764357566833496
237-126133-0001.wav,1.3551054000854492,0.8004985503996009,2.6175707766898224,1.7234687168362,1.863375103052906,-1.0036849859791677,0.6787182092666626
672-122797-0059.wav,1.6207832098007202,0.7794408742642933,3.0353060076811462,2.148800032635528,2.258126651204777,1.4081147894357229,7.817245483398437
5639-40744-0005.wav,2.8662667274475098,0.9316329254781184,4.195952976967287,3.094653660690877,3.5225669405367626,4.415891676545395,6.573557376861572
7021-85628-0020.wav,2.279754638671875,0.9703830082100616,3.7034668361547496,2.787102995862538,2.9545720066590717,5.164094541035685,12.029382705688477
1580-141084-0000.wav,1.5558974742889404,0.8234713258561255,3.0291468461219626,2.0562322686336527,2.2378668423524077,-0.2548998557486991,8.42245864868164
6930-81414-0020.wav,1.4281975030899048,0.7158595067080643,2.401754537390488,2.1309608691724145,1.8404546456030408,2.814670306785176,5.983697891235352
260-123286-0020.wav,1.7530303001403809,0.975445539960146,1.9810069056388253,2.2242148689309915,1.8482515720921504,-0.5101006521204637,10.958523750305176
8555-292519-0005.wav,1.6859400272369385,0.9110415364593448,2.804062424326728,2.338162537069859,2.135298441409292,5.711394018503734,13.653947830200195
4446-2275-0015.wav,1.9550566673278809,0.895726500690417,3.245205476706761,2.20539758376936,2.5335452518412027,-0.3259005557624518,6.8192009925842285
3575-170457-0023.wav,1.96412205696106,0.9256088474490256,3.56781093585045,2.5781550930790518,2.6985220527511053,5.527383914458378,10.260744094848633
7176-88083-0001.wav,1.616037130355835,0.9359945563970355,3.195758442252278,2.3029422200656136,2.3750782497122747,2.1499717370382143,3.855679035186768
1580-141084-0049.wav,2.3807597160339355,0.974205739047449,4.102218939239529,3.1228215171770466,3.24318561089733,7.999386045634322,17.33094024658203
1580-141083-0016.wav,1.6815977096557615,0.86449548134758,2.8974311381412434,1.8760619699997287,2.171759391986357,-1.2467588711421336,4.929694175720215
3570-5695-0004.wav,1.3037374019622805,0.8457898384096979,2.6805394077267954,2.3105918482742647,1.9619345139301576,4.600615853632587,9.43925666809082
1089-134686-0007.wav,2.8158280849456787,0.940890766072792,4.272308534415192,3.280264761266201,3.5433536900362275,7.380678388752494,13.483500480651855
7176-92135-0043.wav,2.47698712348938,0.9867968288018472,4.374143177983702,3.315695515414041,3.4622610186517173,8.780664360287476,9.286227226257324
2300-131720-0015.wav,1.752225399017334,0.8711886720455336,3.3869428506175145,2.1900134958236395,2.539655105840064,-0.7057578663459533,2.311250925064087
237-134500-0033.wav,2.0926384925842285,0.9011149790288672,3.5825678868524187,2.593482224231661,2.77859496126613,4.450420657713455,11.811128616333008
1580-141083-0021.wav,2.5374133586883545,0.9544682425738676,4.046477101657612,3.153620508281592,3.2959189089714145,7.239575930652813,15.857954978942873
7729-102255-0002.wav,2.801230192184448,0.9756073243676452,4.288021218080465,3.235729646238138,3.548647481696502,6.570973830971212,13.768044471740724
2830-3980-0072.wav,2.0147454738616943,0.926978358215294,3.653567241573559,2.412491117521084,2.7720714912879125,2.279458208898885,7.905228614807129
2094-142345-0058.wav,1.853840708732605,0.7872307798743343,2.9924598199917534,2.528339657898508,2.378009807548775,4.628170337163155,9.21220588684082
2961-961-0017.wav,1.4579732418060305,0.8557711670096744,2.6986161678084457,2.0415982258932366,1.9754054190788324,2.3948988992023734,9.572463989257812
3575-170457-0025.wav,3.5662124156951904,0.9833053831627688,4.87992728610649,3.8031001955550616,4.2322791241840525,9.648131611888436,19.67513656616211
5683-32866-0000.wav,1.810121774673462,0.9033645280518168,3.167951795813836,2.166037591150085,2.420377532713797,0.2169203479536098,6.493143558502197
8463-294828-0035.wav,2.053927421569824,0.919079885463165,3.754582664956536,2.748392593709297,2.8940474166523305,5.026036712267256,9.40381145477295
1284-1180-0022.wav,3.351743221282959,0.9580060119724046,4.773997640569837,3.6007407322853178,4.064491264352462,8.362081916467169,12.8517484664917
672-122797-0020.wav,1.9462220668792725,0.8105380429655957,3.5990930024007985,2.781071309662349,2.757504780949885,6.572900459748721,7.537391662597656
4077-13754-0005.wav,2.330061435699463,0.9205013358653978,4.071575001175636,2.610819551461174,3.1886940596339195,0.8581397134457069,7.73520040512085
672-122797-0050.wav,1.1098434925079346,0.5841141756234145,1.7812190016532947,1.4270468816587674,1.2195694453690962,0.7259904540748742,3.0076255798339844
1320-122617-0024.wav,2.7884929180145264,0.9812019629628608,4.349866849081557,3.3679515486384517,3.5692812397707825,8.929699371673285,8.108041763305664
5142-33396-0015.wav,3.350168943405152,0.9781778665934054,4.864061378896766,3.7706121926619134,4.134561313198168,9.922573725202527,16.85568618774414
4970-29095-0005.wav,1.149535059928894,0.6904753946828487,2.1109999473735512,1.257912632686342,1.447021139300829,-4.168453473898245,5.568624496459961
7176-88083-0012.wav,2.0124154090881348,0.9531762018956244,3.485670337670365,2.5426529350025864,2.7251163650607806,2.6994378048666423,4.535783767700195
8455-210777-0056.wav,1.872819662094116,0.9135621584514206,3.4457734513851785,2.5186801076293435,2.6410757262916045,3.100418375590851,9.73145580291748
4507-16021-0009.wav,3.58321475982666,0.983497228251288,4.908966286067312,3.766707061614218,4.250099782369522,9.171179670803332,21.091026306152344
6930-81414-0024.wav,1.8206562995910645,0.8663488579348261,3.4042189027049585,2.351475189867759,2.585223721902275,1.231413951023445,9.187227249145508
4077-13754-0008.wav,1.6042091846466064,0.8702187139548626,3.2233341787522214,2.3707035027842287,2.3909350724631144,2.958030132850093,6.529464244842529
672-122797-0061.wav,1.9911808967590328,0.8542250761425774,3.629914648617173,2.783279483190797,2.759321810486384,7.862722968652903,10.207250595092772
6829-68769-0027.wav,2.305825710296631,0.9788433248763008,3.833347960144117,2.8271888180617144,3.042905506618261,5.138030883915613,14.498327255249023
5105-28233-0008.wav,1.5240188837051392,0.7830728142777628,2.8870747241861263,2.0501202369409723,2.171869293069607,-1.026072472521394,7.401039123535156
1221-135767-0006.wav,1.7200531959533691,0.8940223674379504,3.5879068068189075,2.6696812416097258,2.650507342818885,5.957923296768508,7.842028141021728
6829-68769-0009.wav,2.673018455505371,0.95519905482108,4.1722320462782765,3.1958849706259818,3.40239517234213,7.964162035592341,13.087764739990234
4077-13751-0008.wav,2.8925135135650635,0.9441231674356114,4.595012893168369,3.560914332403462,3.7620885586368336,10.396945936142526,11.49952793121338
8230-279154-0016.wav,1.3256847858428955,0.7238215253666944,2.3640001919253253,1.636462206147915,1.697484549853883,-1.0659910314794003,-3.5686147212982178
3570-5694-0010.wav,1.5952255725860596,0.906372578852774,2.803683249635529,2.317051176956867,2.1506893079869926,3.35990876714142,5.127131938934326
3570-5695-0010.wav,2.280651092529297,0.9223590496144032,3.7119930656386937,3.0943735548300446,2.973628641644299,9.401846220456212,14.335728645324709
5683-32865-0008.wav,2.4869284629821777,0.956643385410232,3.787696351619038,3.1038466873660866,3.133783862445497,7.179757555781496,16.9804630279541
1221-135767-0019.wav,1.5466194152832031,0.7765711263213325,3.087693901616693,1.942595964049878,2.228947772902132,-0.5182123909264063,7.9644670486450195
908-157963-0013.wav,2.321410655975342,0.9482018167100328,3.9565045005361448,2.730678697197137,3.106588874304792,3.7286832586302623,7.413721561431885
5105-28240-0021.wav,2.640562057495117,0.9378957624686018,4.217364219504887,3.0907794913216806,3.4202131122590145,6.024345868287217,6.806144237518311
8455-210777-0011.wav,2.444019556045532,0.9836659568408536,3.820543706164493,3.0325291870389925,3.1122236678543125,7.088665068180692,15.293316841125488
3575-170457-0034.wav,2.0449392795562744,0.947481843136898,3.793946265523629,2.563296782070269,2.899247295140232,2.5900794888597725,5.492368221282959
260-123440-0018.wav,2.0314955711364746,0.9439121886430052,3.284979828751533,2.6100538805542604,2.597489468315064,5.272515155369453,12.381649017333984
8224-274384-0006.wav,2.1004505157470703,0.9300094845128812,3.574011846477129,2.773125673193688,2.80347603597761,6.132628758508963,12.2529296875
5142-33396-0021.wav,3.2187771797180176,0.9817308242948604,4.614216357665885,3.582327772729317,3.929124045732221,8.581748993709455,18.308319091796875
1320-122617-0009.wav,1.451929807662964,0.8148966095100988,2.8530581795909016,1.8863032119054728,2.053833008967416,-0.228397086934003,-0.6257412433624268
1995-1836-0001.wav,2.238481044769287,0.9276238833108332,3.8867154426962447,2.9629120321779165,3.059287221262865,6.753212973465568,8.759357452392578
1580-141083-0007.wav,2.825476884841919,0.9553686466663228,4.440093898512855,3.430537635653653,3.640018709658871,9.326725259090846,14.972132682800291
8455-210777-0047.wav,1.8107097148895264,0.970788279373561,2.763937467314425,2.14856862118174,2.1503333806752187,2.989149622778976,11.187055587768556
7127-75947-0020.wav,1.2759461402893066,0.9423109497680034,2.90649396896007,1.944002661228094,2.030835963059024,0.2920462606140698,3.2643051147460938
237-134500-0026.wav,1.5695908069610596,0.9379066708815864,3.3444081562645427,2.5345849797801403,2.4302708633354726,5.972928772751104,11.364703178405762
4992-41797-0012.wav,1.3856254816055298,0.8836873005826157,2.2087154795332364,2.3374360085715917,1.7336527202702632,5.941601793720232,11.791234016418455
260-123288-0016.wav,2.5547335147857666,0.9823851538456668,3.988413519168548,3.0189489364898963,3.2424214274517387,6.440014007837388,16.514419555664062
5142-36377-0002.wav,2.265464305877685,0.9215664187696352,3.969444861122148,2.633727924191632,3.100490734520061,1.9219164004459863,9.211382865905762
4507-16021-0038.wav,2.073054790496826,0.73539079787428,3.1083025751312805,2.4372593886660803,2.5000604826934376,3.558470072391032,12.99074649810791
7176-92135-0035.wav,2.915048360824585,0.9873880817725568,4.129586187063855,3.2615157490975597,3.5078090081855198,6.974978659645965,13.29270362854004
260-123288-0003.wav,2.6507928371429443,0.9864845047120164,4.281537575300927,3.2501434536210447,3.4784551171814995,7.54467680246731,14.915462493896484
7021-79740-0000.wav,2.279071092605591,0.96176451385335,3.592574901186285,2.504458684157991,2.865279749726352,2.17076232980218,6.671395778656006
6829-68771-0020.wav,1.968430757522583,0.9423579019344324,3.2875879066021634,2.5898136864700456,2.583686894403683,4.6919536331924885,11.106853485107422
8230-279154-0043.wav,2.966834306716919,0.9768528767711926,4.479621739992759,3.2223598388700703,3.71758448568261,5.543828217802279,9.695541381835938
237-126133-0016.wav,3.964141130447388,0.988777620835634,5.0,3.782286859221363,4.525618174246213,6.810800063464737,18.188404083251957
3729-6852-0042.wav,1.2595890760421753,0.6808761634580571,1.8163287170298508,1.3314993888666984,1.2937550115515744,-1.094072585148524,1.4643515348434448
1221-135766-0008.wav,1.817548513412476,0.8791020103633611,3.562438232181629,2.653236771455369,2.6814302057487467,5.205510481546657,5.553446769714356
672-122797-0019.wav,2.0432047843933105,0.8323711337677268,3.561586367214463,2.971701834870698,2.774197034131634,9.46296040507323,12.401928901672363
672-122797-0058.wav,1.7877531051635742,0.790314981171994,3.251831407069763,2.4030354513836536,2.423459787503223,5.353893649347199,11.976428985595703
4446-2271-0009.wav,1.0613837242126465,0.6487675332361387,1.0,1.7561077423316995,1.0,-1.4667105396046345,2.8201160430908203
1089-134691-0019.wav,2.581363677978516,0.9451130855864932,4.093272880658615,2.8896177193164028,3.314732511967858,3.890381245104439,8.77050495147705
4507-16021-0028.wav,2.421349287033081,0.9574239730810852,3.755876893908028,2.718241787375882,3.027433727770542,4.085716656260102,11.305474281311035
8455-210777-0007.wav,2.5315847396850586,0.9788975532671768,3.608013199741333,2.716020299880398,3.0248377366465817,2.53945161369908,14.034173965454102
4970-29095-0038.wav,1.4300477504730225,0.8322257016561668,2.514805385456845,1.7814162871173052,1.8768092267957823,-1.829922336598244,5.426997184753418
1995-1837-0011.wav,1.278558611869812,0.7801528116633841,2.06764544755672,1.7887718687325376,1.5412207668396745,1.048708715747875,4.857020854949951
5105-28241-0018.wav,1.9488232135772705,0.8563813898911887,3.580862381232817,2.8630703100030943,2.7504368919469693,7.824351237329099,6.872852325439453
4507-16021-0035.wav,2.6833691596984863,0.9283552351615564,4.172742117142994,3.145370024373484,3.4225408470931704,6.437671101375494,13.993821144104004
672-122797-0038.wav,1.818150281906128,0.8211602592010396,3.4400014201842843,2.2997823175110472,2.590124662875489,0.9426627202926432,4.55654239654541
1580-141083-0019.wav,3.003349542617798,0.94454757637666,4.34928381792918,3.2642050547522934,3.64762216982934,6.968530400536729,12.969136238098145
7729-102255-0008.wav,2.082174301147461,0.9605427097644196,3.6760737127509935,2.7960650260606874,2.8667173782403785,5.679893408507161,7.699679374694824
1188-133604-0032.wav,3.1913576126098637,0.955969917629041,4.550633315377935,3.522145164071452,3.872195485560515,8.338792479091904,15.149106979370115
3575-170457-0043.wav,1.8846666812896729,0.8338707759509134,3.4982224255420373,2.193648074878292,2.611327039495382,0.5753815396873725,-1.3447301387786863
8230-279154-0028.wav,1.5153629779815674,0.8138028278467101,2.662695125554549,2.1355296857042885,2.0268092193640914,1.6749815406590025,4.911241054534912
5105-28240-0012.wav,2.0489511489868164,0.8383663224167335,3.652553461495187,2.547898668641104,2.8252458848696214,2.565233817836708,5.906600475311279
6829-68769-0051.wav,2.590141534805298,0.9812484352020696,4.207980440945045,3.2013594845392044,3.397618808617459,7.830137274841163,14.877148628234863
61-70968-0036.wav,1.7533180713653564,0.9342151404995142,3.4786005202914865,2.365577722604575,2.590000124829987,1.888205248429109,5.829060077667236
8555-284449-0000.wav,1.6659537553787231,0.8806081012662331,2.995499299832145,2.685033530986966,2.296678210596144,8.010793706005572,11.258066177368164
6829-68771-0005.wav,2.909137487411499,0.9856322760343714,4.452042600527182,3.425220115398222,3.6756295651621063,9.161831580878143,14.22242546081543
5639-40744-0039.wav,2.656221389770508,0.9542730924386152,3.9146240877513994,3.108880850898726,3.257457716570371,7.075284049683075,12.87907600402832
5142-33396-0009.wav,2.7318403720855717,0.9736244774028489,4.330024973402591,2.9562396304733274,3.5330167544354403,2.726803406484469,17.121097564697266
8555-284449-0008.wav,1.4666364192962646,0.8306309552506127,2.784707227895807,2.396469550620276,2.0926534026855097,4.87627996815591,10.828700065612791
1580-141083-0052.wav,2.856682062149048,0.917900052484746,4.381873081765117,3.414693979786271,3.614389604602544,9.38558675932081,14.487933158874512
1580-141084-0006.wav,3.351123094558716,0.8939375859272484,4.806244145732354,3.6056442206602783,4.082002408665519,8.366222368185364,17.898767471313477
5142-36377-0024.wav,1.856190204620361,0.939117926365164,3.430997343376675,2.373086147268079,2.6207376639693347,1.117745956916406,11.490215301513672
4446-2275-0038.wav,1.5238852500915527,0.8387160652239434,2.872523481183441,2.22128963888954,2.071320459757239,5.800033221311467,6.189238548278809
7176-92135-0009.wav,2.451275587081909,0.9629566602209704,3.8385189080767206,2.9684821299977,3.124302717642282,6.0402952163053465,10.182195663452148
1320-122617-0025.wav,1.6355364322662354,0.9420989782022664,3.1952511000990813,2.5006438512673195,2.3916188018936944,4.834088210173085,5.755937099456787
6930-75918-0003.wav,1.233918309211731,0.7694812715647151,2.620060846440172,1.892352837041939,1.8326722102767696,1.307621838889776,3.5319132804870605
61-70970-0032.wav,1.7673574686050415,0.9527743390824206,3.640169226048371,2.717956991126169,2.695989091217318,6.559571366118151,9.936307907104492
6930-76324-0023.wav,2.191155195236206,0.9699859974287972,3.8249524022288086,3.054755595284675,3.016636769030385,8.042342937843888,11.878405570983888
8230-279154-0007.wav,2.775437831878662,0.9813099399545744,4.402743811404934,3.16729055731281,3.5913921191551674,5.738213754651628,7.626321315765381
4446-2271-0013.wav,1.156638264656067,0.6850597367652176,1.730487632439732,1.5897829397421197,1.3706771469456105,-3.774665514259688,3.6721906661987305
3575-170457-0024.wav,2.5143699645996094,0.9067760518434403,4.093782139303664,3.108046756612049,3.2845065548627645,7.718206555687502,11.368391036987305
7176-88083-0022.wav,2.8006138801574707,0.9756051766737598,4.361872983636848,2.9653864227406,3.567322169924885,3.067001442911873,5.1026458740234375
61-70970-0006.wav,2.1318325996398926,0.9820707297024232,3.90515289743554,2.9081432008503727,2.9998421622749287,7.343584167930114,13.85119915008545
1221-135767-0002.wav,2.509707450866699,0.9345589358587644,4.117007976846661,2.848781426412648,3.3060066928220357,3.0964187227839792,9.150793075561523
1995-1836-0006.wav,2.2226674556732178,0.943828776254183,3.823848402320188,2.98403125603702,3.0122144073385844,7.552378300177504,8.425764083862305
8555-284447-0014.wav,3.203552722930908,0.9526622418223024,4.584168956996459,3.4269501478140905,3.8808435114521664,7.360713931418997,14.727453231811523
8555-284447-0016.wav,2.251116752624512,0.943674105837953,3.42769631434125,2.5423828738574734,2.7612459978719994,3.331976434935882,12.589492797851562
5683-32879-0005.wav,1.467624306678772,0.8179792396997746,2.641861732201074,1.84790744321498,1.96067763890083,-1.1333703233643382,9.50017547607422
1995-1837-0028.wav,1.1700702905654907,0.9704117318494758,3.064169681080707,2.252909460959366,2.0421252107329,6.602335268841186,6.369563102722168
8455-210777-0010.wav,2.497683048248291,0.9480796476376554,3.8066071641842383,2.9899393549844744,3.1293919982876552,6.137451424889748,13.15837287902832
1089-134686-0027.wav,2.27976393699646,0.986260156382315,3.97589286537922,3.0837036765617425,3.1346740525738106,7.9093060598187455,8.77761459350586
8224-274384-0009.wav,1.7136833667755127,0.8869501102279104,2.959236811717008,2.1719093510675136,2.2826515884918304,0.3887648775929919,7.236180305480957
4992-41806-0017.wav,1.1587002277374268,0.7898278901783993,1.5528340249845047,1.8196642834393024,1.2336527024936732,2.047035886843807,5.140881538391113
6930-81414-0008.wav,1.9381237030029297,0.8478820323193478,3.5205129505047177,2.7230398467015564,2.7047307517059678,6.135540411505914,11.163591384887695
6829-68771-0026.wav,2.775994777679444,0.9851873783534414,4.244058147196638,3.137213867906233,3.4899777751175907,6.258408315519628,16.520864486694336
4507-16021-0056.wav,1.166411280632019,0.5995384461036606,1.6061950338040818,1.2127211721517135,1.151157183622536,-2.669445964638379,-0.3428263664245605
237-134493-0008.wav,2.587421178817749,0.9117984688980538,3.765343820229445,2.7973917503412205,3.112858860576012,4.220629940493901,11.07128620147705
5105-28241-0002.wav,1.686166286468506,0.858477534717335,3.3075664877816218,2.693141474297,2.4878240053398266,6.8554107702123925,11.798736572265623
1580-141084-0011.wav,1.952847242355347,0.9526694804380672,3.6319315313659306,2.6691621930734133,2.757740793148172,5.603201136348053,17.648338317871094
2094-142345-0019.wav,1.5845754146575928,0.7124167567333469,2.555731057902645,1.6431830066435358,1.8861913171319,-1.274745127624689,2.6891539096832275
4970-29095-0037.wav,2.4731485843658447,0.9136207912988948,3.8617653787773,2.698933734025965,3.111363588147145,3.162136194723466,10.15443992614746
5683-32865-0015.wav,2.9297397136688232,0.9774952426701848,4.261954697623662,3.2494404886034425,3.583898213839525,6.548125466246425,12.690167427062988
6930-75918-0015.wav,1.9552037715911863,0.9437284545154696,3.9498427358183696,3.039166482428153,2.965828144202197,9.312103801176368,10.54227066040039
1995-1836-0012.wav,1.2903543710708618,0.7226158233148281,2.421670479419147,1.591230800354414,1.7600124280370464,-3.7925733163813695,3.0664312839508057
1320-122617-0022.wav,1.763542890548706,0.8398490360256258,3.0145141846770205,2.12674246209037,2.2986564744090163,0.9094779929604904,0.4254323542118072
908-157963-0007.wav,1.767390489578247,0.8757507126203343,3.3605787446258333,2.490057560910896,2.5275375460649787,4.235103184474492,7.568926811218262
7021-85628-0023.wav,2.713409662246704,0.9745099620701844,4.293279299849231,3.170207369388588,3.494750826501248,6.7333089893234215,13.244379043579102
3575-170457-0053.wav,1.6624581813812256,0.8600129602844958,3.07353688483141,2.1162068662503266,2.2935185243144773,0.780542324594464,7.173221111297607
8224-274381-0017.wav,1.423435926437378,0.7784920328788894,2.901617060721537,2.2802820013738967,2.106100010886208,4.3691814623183225,4.321358680725098
1580-141084-0025.wav,3.102456569671631,0.9665838847516456,4.123053328111287,2.980440000725519,3.5279527403405404,4.230318852174955,17.00177764892578
121-127105-0036.wav,3.1538918018341064,0.9521710107356228,3.577288368786435,3.212565958672471,3.3617311562790944,4.027988406941373,13.930761337280272
3575-170457-0001.wav,1.26148521900177,0.8059142793578576,2.5668679859590915,2.0282821505292867,1.8662554951001555,1.223618941887728,8.426680564880371
1221-135766-0001.wav,1.432433843612671,0.8106310724600188,3.0333267054822355,2.1841976176802844,2.163214710711293,3.346934118969884,5.049049377441406
260-123440-0000.wav,1.5432841777801514,0.956583889307588,3.0728305858119165,2.097612308089948,2.209205203871184,2.4374651308932265,7.448572635650635
260-123286-0006.wav,3.0986783504486084,0.9878162576202252,4.587402663904722,3.438455434411496,3.853600677731176,7.276960077942909,15.398126602172852
2830-3980-0015.wav,1.0979948043823242,0.7856440269069151,2.1482416446838046,1.7163645867008177,1.5005189004000974,0.8122987327379728,-4.505971908569336
1284-1181-0004.wav,1.814242243766785,0.8763472152878596,3.3072519873632067,2.436962643406973,2.5248215306134263,3.0298294157963745,4.602032661437988
8463-294825-0006.wav,3.10357403755188,0.9730117350332824,4.679377694709861,3.564246383412186,3.9012407186459095,9.262763366771395,15.330455780029297
1221-135767-0014.wav,3.253335237503052,0.9737805937651204,4.752868270240988,3.6127002818693033,4.022596926796536,8.491774611089708,14.602489471435549
4970-29095-0024.wav,1.93523108959198,0.9012121107458814,3.1842566501412715,2.235980776377619,2.509367885143861,-0.4020337346128368,10.570392608642578
6930-75918-0016.wav,2.1616320610046387,0.8791889640789334,3.912683213893459,2.868382563110211,3.024929396458618,6.209115438657234,9.193184852600098
237-134493-0002.wav,3.0575528144836426,0.969074397954346,4.374432688599503,3.450642608458882,3.719194067020499,8.120464239510211,15.333467483520508
672-122797-0033.wav,3.547150135040283,0.8986517437595923,4.81280943273095,3.609476838488142,4.158854999865064,8.058881740698574,19.62167739868164
3575-170457-0022.wav,1.3411284685134888,0.8943902684159727,2.929825938963068,1.9456005014910385,2.0842413975525123,-0.5684529272771307,8.987276077270508
8463-294825-0009.wav,1.9879509210586548,0.9118539912234894,3.7053956456892903,2.7172439756952875,2.8286688772482056,5.366549330232549,9.680550575256348
7127-75947-0011.wav,1.923792123794556,0.9055051032463012,3.702057296395176,2.728013587433828,2.8035310503400126,5.631228414627239,8.200225830078125
8455-210777-0062.wav,2.028972864151001,0.9702939925886996,3.5554554723942786,2.72765916555258,2.764817542379097,5.659460416994372,14.298224449157717
5142-33396-0038.wav,1.954145193099976,0.9461629185399713,3.2120288177092333,2.3906555245695484,2.550463375825285,1.1286261209016055,11.574722290039062
2830-3979-0004.wav,1.5929832458496094,0.7739655225739354,2.8863134407412314,2.458188204957449,2.1897901796968786,5.6560159702046695,9.416854858398438
5683-32879-0011.wav,2.470956325531006,0.9370094368375964,4.118885335892141,3.0887866686367493,3.2682040980896496,8.04459988456447,14.496971130371094
5105-28240-0023.wav,2.8721935749053955,0.9577904815858096,4.440432408835284,3.328466318303155,3.668087958825639,7.162174318341081,10.259672164916992
6829-68769-0047.wav,2.277524948120117,0.9390418082857522,3.7647455001346,2.53649454051599,2.9941738676783225,0.752052730898822,9.496898651123049
1995-1826-0025.wav,2.233783721923828,0.925200268807378,3.3254231813057635,2.4062688140712414,2.6269422461768857,4.59253430190484,11.494336128234863
260-123286-0015.wav,2.602977991104126,0.974979319114768,3.992159747211758,2.8602962478206884,3.247181214947485,4.501444247158973,11.971670150756836
1089-134686-0034.wav,2.616160154342652,0.9800515836935024,4.121798935141811,3.1325013679842875,3.374000466368155,6.269898697949724,13.044561386108398
7127-75946-0004.wav,1.4830820560455322,0.6826351802231155,2.3484428130313058,1.4323077873535974,1.7043747205414372,-2.6435678300412047,-2.133317232131958
3570-5694-0020.wav,1.6482691764831543,0.9608452881234224,3.111132280868976,2.315880126757502,2.3111640425951943,3.788673855204572,8.53034782409668
6829-68769-0015.wav,2.85052490234375,0.9724463174288488,4.381856470907413,3.4824530377835767,3.6224507361661127,10.015327008186446,16.80118179321289
8555-284449-0009.wav,2.622043371200561,0.9413640960288654,3.9182609355067552,2.744520644856015,3.2419705517158643,1.552784063616716,17.0112361907959
1188-133604-0038.wav,1.343665599822998,0.8610204502302093,2.7201726349938715,2.085425183301836,2.011760371133634,0.2855065916951783,7.973980903625488
2830-3980-0063.wav,2.1170108318328857,0.8682724928184973,3.677614955126359,2.56567269639871,2.839482418641136,3.7673459226631016,8.052529335021973
2961-961-0009.wav,1.3767095804214478,0.8528710964458462,1.853379964670323,1.8682492543295055,1.5070232737073035,0.558720713286779,7.579580307006836
1188-133604-0042.wav,1.5974249839782717,0.898554982292557,3.0069444875374454,2.642719865770933,2.2834553640131503,7.167941848771025,15.123323440551758
1188-133604-0006.wav,1.2159236669540403,0.6974003000575102,2.126578005513704,1.3146108127376257,1.5348830249964744,-5.824763796828814,-1.9145177602767944
8463-294828-0014.wav,2.3057656288146973,0.95816531431863,3.9595586796988096,3.1573179368987105,3.1378299408797736,8.961865338453515,12.85244083404541
1580-141083-0036.wav,2.682974100112915,0.921910642436322,4.335148491445992,3.1932657229769843,3.510354494081083,6.883492946628812,14.38795280456543
8455-210777-0036.wav,2.891510486602783,0.9869804483667606,4.2492245569195575,3.285057371623833,3.553781906957041,7.600814753019074,15.389252662658691
237-134500-0002.wav,1.6633689403533936,0.8943737163515926,3.0598904015647594,2.178862279938132,2.297961741987879,1.293496179476475,4.064030170440674
5142-33396-0052.wav,1.401587724685669,0.8733442413131233,2.666633015883345,2.411832438041345,1.9702907006435533,6.9691637250127245,5.389975547790527
4970-29093-0008.wav,2.7753145694732666,0.950066162195528,3.922934649196874,2.7580916627494783,3.30352323935536,1.4058097456375145,15.27269458770752
61-70968-0045.wav,2.439070701599121,0.9468692151268692,4.142658304578237,3.232767136231933,3.2924993393962003,9.3132658580261,14.3477144241333
8555-284449-0011.wav,1.7733255624771118,0.8870208209150888,3.256486300242148,2.2922543211506845,2.466321932484403,1.5975207399375253,8.107725143432617
1284-1180-0025.wav,1.722301959991455,0.8762503057507697,2.8530026821569088,2.1548026081814142,2.2092063425691357,1.1505992309205617,8.148868560791016
4446-2275-0014.wav,1.9693810939788816,0.8681666525724359,3.7592708734429614,2.8856534741703763,2.858560287056877,7.631555258693959,12.21200942993164
2830-3980-0017.wav,2.269813537597656,0.9855893610302324,3.947012812876859,2.8692614895802504,3.08792047851596,5.786375918845852,8.6199951171875
8555-284449-0002.wav,2.1675446033477783,0.8850966778131334,3.47292920308071,2.4663341210563896,2.766096158101417,1.6775267843901402,8.536867141723633
237-134500-0038.wav,1.430334448814392,0.8786912510924269,2.921160898268591,2.3671402723154253,2.1118485979833617,6.024195671915621,13.53911304473877
7021-79740-0013.wav,1.72019362449646,0.9268957768853142,3.2511508365928976,2.483670689724778,2.451392264638516,4.397729488630328,9.7161226272583
61-70970-0007.wav,2.776386022567749,0.9746912905208576,4.465045069001015,3.3896119206064688,3.6301247132567327,8.940302284825837,14.662540435791016
4970-29095-0030.wav,1.197822332382202,0.8325909867195773,2.1998087276779263,1.5366730833291586,1.5788648314148317,-2.8977471854108985,6.144237995147705
2830-3980-0005.wav,1.199252367019653,0.7883319683459479,2.430320389450567,1.9467080085806805,1.710060670477489,2.904732435737237,2.587723970413208
1284-1180-0011.wav,1.7996134757995603,0.9378795860763984,2.9255485816074502,2.611855844571606,2.31567291094094,6.438443979248456,12.154701232910156
6930-75918-0019.wav,2.603217124938965,0.9313627500850448,4.270319928140296,3.2899844100497626,3.438950515825286,8.974183421144177,12.076732635498049
6829-68771-0018.wav,1.6692156791687012,0.9247857595003144,3.165057059872211,2.042369985640502,2.356697536886648,-1.0696585901634608,9.662094116210938
2830-3980-0028.wav,1.5685086250305176,0.8358409104529725,3.0705109151502192,2.371407239455257,2.277885000631259,4.076409763391688,9.245939254760742
260-123286-0019.wav,1.761946201324463,0.9458361537438312,3.3743274514955086,2.3683044076053963,2.5308272354487613,2.379160078549258,7.4845147132873535
61-70970-0019.wav,2.647977113723755,0.9814034036211936,4.338074395067007,3.265810863670114,3.5036042374327474,7.883465699459569,13.32927703857422
1580-141083-0022.wav,1.7889046669006348,0.7704537006881266,3.055958495879916,2.061693071044607,2.339574546213899,-0.6454731027895626,9.89623737335205
2830-3979-0005.wav,2.32904314994812,0.9526452045069156,4.006148038856642,2.8541140333787465,3.138289905776616,5.49146623637456,2.9962310791015625
672-122797-0010.wav,2.434032201766968,0.8963030478292195,3.838720897723928,2.9661954611451247,3.1091866588251484,6.421621558542839,5.361170291900635
4446-2273-0019.wav,3.363769292831421,0.9827292926039972,4.7988916990254,3.74064926144514,4.1021394441322245,9.646161956776666,17.00019073486328
1221-135767-0023.wav,1.6062086820602417,0.8434899676417528,3.3130746845351253,2.2473739796320946,2.412590755696715,2.042939911660825,5.26836633682251
6930-76324-0006.wav,1.6354494094848633,0.9075009456430012,3.318448191313809,2.445247680667143,2.458254287427157,3.718397651981144,4.893789291381836
260-123288-0010.wav,2.8859357833862305,0.9768603296198496,4.416424766957737,3.422595122616771,3.666221815816508,8.413669809813605,12.545888900756836
4970-29095-0017.wav,3.2301154136657715,0.9715991708189672,4.398106950781611,3.275056737294819,3.79001990147955,5.261803921553629,18.469898223876957
8555-284449-0020.wav,1.3797383308410645,0.8796043827064605,2.899764112694132,2.157654620828471,2.0476158645924936,4.318201705216495,1.0029957294464111
5142-33396-0062.wav,2.086741209030152,0.9472073047346438,3.7606478312581584,2.866132007876339,2.905618923201938,6.999132709008934,12.639780044555664
6829-68769-0004.wav,2.7520670890808105,0.970662631103131,4.361377642479591,3.3750479082173186,3.5615270648586,9.102288301427713,14.08493423461914
6829-68769-0040.wav,3.3768198490142822,0.981810683647227,4.850226374265996,3.680188791924357,4.129994144816753,8.775937858931377,17.7128963470459
2094-142345-0000.wav,1.266645431518555,0.7813678810695257,2.495401788301435,1.696775912447116,1.7617011966689993,-0.9228817020683592,1.7246699333190918
7729-102255-0021.wav,1.9676034450531008,0.9376963984893976,3.697603958906549,2.6006549388844853,2.8082876958076723,3.944778434165284,8.907140731811523
672-122797-0005.wav,2.3224852085113525,0.8437438463583877,3.523675539495005,2.68674247636197,2.8498264553897457,4.871061816149105,7.581752777099609
4446-2273-0030.wav,3.909631729125977,0.9818835098528697,5.0,4.071143853418921,4.585804778723151,10.537053264390446,17.465288162231445
1089-134686-0015.wav,1.689767599105835,0.8880203758543828,3.4544735534162943,2.057205610438656,2.549900411917145,-2.7004700938144977,6.3319902420043945
8555-284449-0018.wav,1.1388274431228638,0.6092496672094573,1.048244321677601,1.23761087750444,1.0,0.7553830412819733,2.5201587677001958
5683-32866-0012.wav,2.473098993301392,0.9297732497092388,3.658940324999735,2.8710842439894058,2.9890212395714872,6.837816868272669,14.155129432678224
1284-1180-0016.wav,1.5174708366394043,0.944944017810657,3.248318461469332,2.433644044429599,2.3588088984923443,4.648583616675569,13.103079795837402
3575-170457-0052.wav,1.2058634757995603,0.8398874658033666,2.585389089608381,1.9678438779121248,1.8480053793726936,0.6589234625653456,6.102864742279053
237-134500-0005.wav,1.6394433975219729,0.8733789128110852,3.052294425951944,2.2132510746351524,2.279636442143848,2.129450984546485,8.746068954467773
4970-29095-0022.wav,3.0635571479797363,0.9180525108021732,4.264388300175154,3.37164358739464,3.63890676899484,8.079478000144888,15.763646125793455
237-126133-0025.wav,2.9860355854034424,0.9606028303048276,4.449192893964503,3.295059554832387,3.72569036994282,5.955087580155292,13.71124267578125
7021-85628-0011.wav,1.2607598304748535,0.7889400516968668,2.892051058740785,1.8218724084116755,2.0172502357568045,-1.58722556716424,3.545053005218506
61-70968-0044.wav,1.4395102262496948,0.9203081638836382,3.168610470713768,2.4327191771353247,2.286073208966412,4.948192628293135,8.839155197143555
237-126133-0006.wav,2.251361131668091,0.9467537893436098,3.366332322433612,2.5556946332877466,2.763804381720119,2.0888848394397543,14.622836112976074
1580-141084-0010.wav,1.815775275230408,0.9678688606438856,3.719385144065849,2.6833712286788285,2.763579565945736,5.4790806313010885,17.86429786682129
2300-131720-0032.wav,1.1873985528945925,0.8144667304493003,2.072205069149661,1.8749852675810137,1.566752544903045,0.0557295162831234,1.621847152709961
3575-170457-0028.wav,1.9808653593063357,0.8626540945924475,3.297681256029432,2.631706581324705,2.5449785457552445,7.4659498677036815,13.79788303375244
908-31957-0006.wav,1.5016371011734009,0.8720691565906735,2.5724669909620905,2.094972120663011,1.957829165467484,1.8911475714905597,8.081835746765137
61-70970-0026.wav,3.520979881286621,0.9865931133186168,5.0,3.846899449874404,4.314655134030316,9.530151009350291,16.23385238647461
672-122797-0045.wav,1.146792769432068,0.765898040090943,2.533736757828647,1.8644646413704704,1.7913042850917638,-0.482201983730443,2.403311252593994
1995-1826-0026.wav,1.5490944385528564,0.8749645827999446,2.928012311279649,2.0590575301750773,2.1473971550392865,1.4590963024824148,4.944502830505371
5639-40744-0028.wav,2.0806925296783447,0.9638247807273328,3.181074177670033,2.6348372676423004,2.569904480784352,5.324676386510163,12.096868515014648
3575-170457-0038.wav,1.9347187280654907,0.8444711344802963,3.5369898071122168,2.7491253286487263,2.718417078746288,6.257882165605867,15.214193344116213
260-123288-0002.wav,1.506563425064087,0.8420272374584747,3.037168988420813,2.071303141199699,2.224697519274995,0.0171278076322748,7.3861799240112305
237-134500-0008.wav,1.1966676712036133,0.8937859950952544,3.155545281508459,2.1738810076500137,2.12849115900777,3.9358362123285366,5.1565260887146
672-122797-0073.wav,2.243883848190308,0.90541995751938,3.704134863327569,2.750521263585837,2.95193627756509,4.188303239174213,7.091824531555176
3575-170457-0056.wav,3.4521074295043945,0.9733750902580904,4.774767482525399,3.740022827031777,4.124457109944106,9.419184508187296,16.541486740112305
4992-23283-0012.wav,1.484245538711548,0.837539931339189,2.855019470282388,2.0284934033640387,2.0981324971322746,0.5935722456211489,3.4137401580810547
8555-284447-0007.wav,2.186253786087036,0.8720289189156477,3.825043309649968,2.8474431521857877,2.9847412185290305,6.087091479873216,6.867180824279785
3575-170457-0051.wav,2.772568702697754,0.9813835643527096,4.503401812479463,3.5426149986298854,3.657434430375872,10.950591357866278,15.927742958068848
61-70968-0003.wav,2.3432397842407227,0.9748805919322068,4.043688221985734,3.0859758318982604,3.196422879843352,7.641637914413702,10.89486598968506
260-123286-0008.wav,1.4866763353347778,0.8677817859140354,2.815237914420166,1.967142976239475,2.0867257505137227,-0.7141464840863797,5.026883602142334
2094-142345-0003.wav,1.6101874113082886,0.9151303044354572,3.173427056067545,2.2571314217813043,2.346205723343428,2.119590852875562,5.309665679931641
61-70968-0029.wav,2.3954477310180664,0.9757080828154816,4.276198404129491,3.192894995471718,3.347810830911648,8.53137755161912,12.067426681518556
3575-170457-0014.wav,3.0444278717041016,0.9614269868632382,4.491590286811245,3.458825177221492,3.764658013688793,8.623209027118632,15.713482856750488
1580-141084-0021.wav,1.8096681833267207,0.8733550415437142,3.331597434901768,2.122202956985839,2.514456252138949,-1.0430185636569496,8.016069412231445
1995-1836-0007.wav,2.0123226642608643,0.9491920330861836,3.3697445019010384,2.123565816438445,2.5450095216621653,1.439860652293223,4.279778480529785
1580-141083-0053.wav,2.819492816925049,0.944735874122556,4.201560692952957,3.1549564081460675,3.490532516056569,6.221668692860103,14.51119899749756
7176-92135-0039.wav,2.107885360717773,0.9766954822680008,3.5214898602881406,2.700878485619996,2.779303389050805,5.008461746436166,11.698797225952148
237-126133-0018.wav,2.111016035079956,0.9158514983607012,3.530602720855005,2.417519377101008,2.79006822434686,0.2820847899227609,8.609644889831543
6930-75918-0001.wav,1.3028289079666138,0.8613883007891894,3.047007724771235,2.36038150993141,2.149705040556974,5.138512238228159,5.5364298820495605
4992-41806-0001.wav,2.6851930618286133,0.9644811909929004,3.7937039531643,3.000223311187052,3.16794740771389,7.0681856361819015,14.367565155029297
8455-210777-0020.wav,1.5326757431030271,0.973043737300578,2.6021996622245176,2.3717056689066878,2.051847666427725,3.248246088817601,14.36406707763672
7127-75946-0025.wav,1.4494645595550537,0.7524837966531404,3.109032401531626,2.1926939114481203,2.241171913903478,1.9564180775831392,4.369836330413818
4970-29093-0017.wav,1.313921332359314,0.8532229691214228,2.1866455712116863,1.6280042252089366,1.5812754770467938,-0.1406996501132249,3.5763776302337646
6930-81414-0018.wav,2.474427938461304,0.9080264618442256,4.011230758294288,3.1066164962155014,3.2069642373377345,8.716625203823279,12.736734390258787
2094-142345-0024.wav,1.6743552684783936,0.8886686463060197,2.9467952891836444,2.3660617434377373,2.2126436529617712,5.705696282164817,6.4017181396484375
4446-2273-0028.wav,1.7009692192077637,0.9457349511360034,3.4561851010105813,2.3298551464827715,2.562863467653938,1.2579082215444235,10.689133644104004
2300-131720-0013.wav,1.267770767211914,0.8809463037966049,2.618242561060667,1.967245641834956,1.8761823330410008,1.0358295942318505,1.3659547567367554
7176-92135-0044.wav,2.3857593536376958,0.9739742651535142,4.061227470126063,3.074259067910936,3.2274214922683635,7.097770372794102,10.680603981018066
8224-274384-0011.wav,2.370734691619873,0.9564034964861888,3.890180732684669,2.948976197694829,3.108846803049357,6.363397341704665,10.7854642868042
5142-36377-0001.wav,1.2718219757080078,0.8401011274233291,1.966503640293428,1.945260559302727,1.560737446744471,0.3567219453984508,5.669496536254883
1284-1180-0027.wav,2.401400089263916,0.929157889046582,3.967900005570383,2.826536617004619,3.1565419285360625,4.4718942899866345,5.0580220222473145
7127-75946-0006.wav,2.153998613357544,0.946792834646904,3.9635732727033313,3.022533208294257,3.0546430089241143,8.350519803246858,9.703835487365724
6829-68769-0016.wav,3.3629488945007324,0.9870059513753708,4.334495862749502,3.2509434623033298,3.794489556119111,5.235081693587581,15.239838600158691
5639-40744-0027.wav,1.0733402967453003,0.7895218684340546,1.0,1.6665801033371033,1.0,-0.7767382969708605,3.5337612628936768
4446-2271-0011.wav,1.669996738433838,0.8760592626766184,2.4635678838874253,2.534410141799345,2.0432912702021366,5.181951170206491,10.602365493774414
3729-6852-0045.wav,2.1046462059021,0.922169318320584,3.319541918238201,2.4901609479935067,2.595381775564588,5.292464373931592,8.192950248718262
2094-142345-0043.wav,2.3427553176879883,0.8496598822275148,3.922839621071792,2.985675209658433,3.109817098197297,7.20893001887769,8.602248191833496
7127-75947-0036.wav,2.5639772415161133,0.9254935316904862,3.421206248036244,2.227358744241252,2.854737235608072,-1.342977218444326,10.326881408691406
61-70968-0000.wav,1.9879884719848635,0.9610043959854356,3.903164996402398,2.6990365159689595,2.9367734234759464,4.650703549504473,6.882491588592529
1089-134691-0013.wav,3.538109540939331,0.9834390530656556,4.95806437605904,3.8657013239248106,4.282083314547347,9.748417360767055,13.653124809265137
672-122797-0002.wav,2.84356951713562,0.9690791734163936,4.387044643891704,3.2763652941330474,3.62317628538362,6.723890792549622,9.212187767028809
5142-33396-0008.wav,1.9605512619018557,0.9393251093429572,3.456861579215595,2.316879513846231,2.6609778366650536,0.5496776743097487,8.465353965759277
2094-142345-0053.wav,2.469948530197144,0.9336956070948472,4.074956181906124,3.05515679219288,3.2544679361283007,7.138182904905896,12.310131072998049
1320-122612-0012.wav,1.9576979875564573,0.9592002288406566,3.678537019453081,2.860048834508618,2.812037578267136,7.333706588250815,5.1187028884887695
1284-1181-0007.wav,3.374635696411133,0.9790260992342672,4.615062069569266,3.515532020259955,3.991179741592061,7.090962865543205,14.164138793945312
2830-3980-0065.wav,1.531193733215332,0.7991143395308078,3.158948315909336,2.061252427555652,2.277608564030777,0.5571925256179739,4.943565368652344
6829-68771-0006.wav,2.0128979682922363,0.9419852502540192,3.848027064750583,2.8335827943161886,2.923350837164387,6.534182372796733,6.109703063964844
3729-6852-0038.wav,1.959937572479248,0.9147021313610364,3.3224875177251523,2.5076968385071194,2.5280365948823973,6.480981233291255,12.68578052520752
8555-284447-0013.wav,2.260538339614868,0.9442139158743952,3.791251351734333,2.9209994275796114,3.0076404297976693,6.594014400545912,18.32276153564453
121-127105-0003.wav,2.266767740249634,0.9038430425590808,3.62457804181389,2.479009368341409,2.927727517996829,-0.4633773184308048,5.044074058532715
1580-141084-0027.wav,1.8103790283203125,0.8570273889704817,3.1875013622439994,2.332285785498561,2.402780225803256,4.063448844585347,10.377361297607422
4507-16021-0001.wav,2.036771059036255,0.9229610463962484,3.4879221741458397,2.5255868310232885,2.684722408153922,4.614712150201226,13.803563117980955
6930-76324-0002.wav,2.3111989498138428,0.933966529617864,3.979983427711776,3.1049461929245745,3.152648881499996,8.005078255325953,10.823121070861816
4446-2271-0019.wav,1.1553484201431274,0.6455483019500929,1.4696235483738094,1.37450384163305,1.1744282980379184,-4.28295218211035,4.8646979331970215
8555-284447-0011.wav,1.9728970527648928,0.9589970532983396,3.196869584114567,2.229033864135088,2.450984531965685,2.888742714983163,6.926290512084961
6829-68769-0011.wav,2.8752427101135254,0.977051310209071,4.469547319446724,3.3298257869166443,3.67701966699,7.473205273147486,12.5380859375
121-121726-0006.wav,3.818840980529785,0.9807782087141292,4.078964532304273,3.5121220781450497,3.945158256527552,3.824394993441062,18.697412490844727
672-122797-0006.wav,1.3316586017608645,0.7702306892252051,3.056803995625134,2.067238023149052,2.137392467924186,1.6653525310621078,4.760709285736084
2830-3980-0066.wav,1.8520585298538208,0.8968090341022,3.445020204815269,2.589847623729679,2.60411987357758,5.537410720939887,8.412506103515625
7729-102255-0001.wav,4.004123687744141,0.9957009594456038,5.0,4.127673079115425,4.696375391136418,10.374508595229813,17.453327178955078
2961-961-0015.wav,2.298388957977295,0.9594638891987762,3.654175786336615,2.853607359834452,2.9462517794027567,5.77891561340505,13.31068992614746
1089-134691-0014.wav,1.7067829370498655,0.8800756496050643,3.224874896775132,2.2668343779701123,2.447371795105916,0.3603731458139059,7.86136531829834
2300-131720-0036.wav,1.300812602043152,0.770252876221275,2.1186800589518584,2.0657501002071665,1.6763589204191558,0.9361967470215226,2.2764363288879395
7176-92135-0031.wav,2.707993745803833,0.9800472428853044,4.3248606732111785,3.286866000527283,3.5362972227030847,7.367476910040676,10.6052827835083
61-70968-0010.wav,2.447508811950684,0.9611967083712148,4.197068883710352,3.186836672440109,3.329496424273608,8.270680115041879,13.56032371520996
2830-3980-0001.wav,1.8653039932250977,0.9527800094593316,3.760516522250205,2.412987356315637,2.8072476722822985,0.8911392115972475,7.313899517059326
908-157963-0030.wav,1.6476348638534546,0.8591082048579052,3.075007406837975,2.489893023514426,2.3365948389006825,4.62907840999094,7.952639579772949
8463-294825-0014.wav,2.77819561958313,0.9678407933934736,4.39741355466666,3.342510766016336,3.583958098113008,8.770602455359183,18.595853805541992
5683-32865-0001.wav,2.6945130825042725,0.9654344438581184,3.9296392268389,3.1149160312812745,3.2911249399738045,6.57829717022246,14.338695526123049
121-123859-0002.wav,1.964163064956665,0.9098608960226507,3.5314806288730547,2.3171082553000675,2.6954796280997817,0.7219798141270272,6.4618659019470215
1995-1837-0002.wav,1.4460102319717407,0.7613832245274477,3.0609584287442178,2.213728563059915,2.184210214437315,3.6954363868241034,4.152267932891846
7127-75946-0016.wav,2.4825327396392822,0.9108959141432392,3.993324128453864,2.852049482668208,3.1979776231219152,4.798087342313524,7.699211120605469
2961-960-0007.wav,1.6959983110427856,0.8847128243847959,3.2586268430135963,2.5667520454571786,2.456040987474709,5.320828029235805,12.667682647705078
5683-32865-0012.wav,1.7727313041687012,0.9230684728019344,3.363242380401817,2.233555641774867,2.519862580806726,0.638491340524876,7.608996391296387
8555-292519-0008.wav,1.0880825519561768,0.4915414294190049,1.0,1.138394137234321,1.0,-0.2596696900094276,-0.111404925584793
1284-134647-0006.wav,1.8135265111923216,0.877696568155561,3.3436238513830103,2.632103319334923,2.545035546533876,6.023558211934876,9.741921424865724
1995-1837-0019.wav,2.0256333351135254,0.8559546635808967,3.391379080664481,2.681732869299047,2.683043485986337,4.88743632467687,13.220355987548828
3575-170457-0049.wav,1.758124589920044,0.8601182626445283,3.159785947959221,2.3096873116664267,2.4116756587277544,1.9391249299191893,8.028902053833008
6930-76324-0005.wav,1.811161756515503,0.9047762144956568,3.474486373035332,2.537436841900832,2.620207177448077,4.043086253309147,7.350048542022705
1284-1181-0010.wav,2.211956262588501,0.934029427537133,3.801582664679592,2.8898634355236594,2.991292394519949,6.33429838530992,9.600422859191896
2094-142345-0001.wav,2.3479650020599365,0.95783516309426,3.9414538831530543,2.9032353566918587,3.114666868373284,6.171134807630795,8.122575759887695
8463-294825-0018.wav,2.796910762786865,0.9550407882383992,4.036732538359137,2.627077646399849,3.3434212971149693,0.3797061460416418,7.772551536560059
1089-134691-0008.wav,2.3715713024139404,0.9301527732428956,4.086006355171235,2.942189011878754,3.219813309830136,5.671834008975547,6.412434577941895
8463-294828-0001.wav,2.711780071258545,0.9438932898750576,4.297213785817063,3.400760306598628,3.5154466285867567,9.543403599214864,14.978265762329102
5639-40744-0034.wav,2.8845362663269043,0.9834233525358468,4.142497141093133,3.201389065539046,3.498761924141798,6.254895817430889,7.487552165985107
260-123286-0026.wav,1.2775834798812866,0.7991641768638429,2.6777390801504506,1.871072248453562,1.92645909760248,-1.257703982203581,2.649214506149292
237-134500-0011.wav,3.1565587520599365,0.9401779700909356,4.513092808671805,3.425531445707995,3.825717024633375,7.519872245214633,14.829140663146973
4507-16021-0054.wav,2.269517183303833,0.9072993801026984,3.433791670150095,2.648720620040548,2.7783396607302966,4.670140061388989,13.996796607971191
4446-2275-0037.wav,2.399097681045532,0.979193810258417,3.760174877188571,2.8526793707150286,3.0450887210664104,5.209775472459338,17.215620040893555
8555-292519-0013.wav,1.3646464347839355,0.8108019281813982,2.216234593787872,1.497306826876177,1.6224681726970367,-2.637828222198753,-1.4605088233947754
8230-279154-0025.wav,1.8662283420562744,0.8863781814275075,3.3358842873042165,2.2932035440672767,2.5602626737904344,0.5762941161758304,1.7020721435546875
8230-279154-0020.wav,2.368208408355713,0.938681145798386,3.8205132843688103,2.7645916855613573,3.067863313583291,3.678031719495469,4.889820575714111
8463-294828-0027.wav,2.7405922412872314,0.982066058913463,4.255317115353526,3.296890516995591,3.497679563514056,8.181412804507296,16.281288146972656
2830-3980-0067.wav,1.41740620136261,0.8341510364706954,3.11426128180083,2.150912391651496,2.216153971277808,2.0401097418744114,3.968801498413086
1580-141083-0025.wav,2.094766855239868,0.9173319842527784,3.760572175180173,2.791690985280036,2.8937817615275225,6.45506912344822,11.18757152557373
6930-81414-0016.wav,2.0748579502105717,0.9383813056972524,3.760308753673212,2.938367315562272,2.9007167909910447,8.180054525347604,12.204509735107422
8555-284447-0012.wav,3.044790267944336,0.9733548264174998,4.204669439796519,3.0309209477994914,3.598215190526007,2.879688060095833,16.070804595947266
3575-170457-0045.wav,2.1704604625701904,0.9576556168764814,3.761411942730855,2.485762855899699,2.9404615299093795,0.6705525581098718,12.904064178466797
4992-41806-0004.wav,2.2167978286743164,0.9748066241698718,3.5078204967527933,2.5692358403440645,2.7601424015806493,5.060210254891673,8.970147132873535
4446-2271-0012.wav,2.137091636657715,0.9450587650981872,3.500784559000077,2.808522228335272,2.7889623914695587,6.26580687420272,12.704191207885742
7127-75946-0020.wav,2.637458324432373,0.9350579095761666,4.340898880209502,3.374740065807856,3.504146402903185,9.496317182746466,13.165895462036133
4446-2275-0007.wav,1.408602952957153,0.8463253859660047,3.0709552271883647,2.0649184014832715,2.1786371152436925,1.2496428332634986,5.422095775604248
6829-68771-0032.wav,1.7702174186706543,0.9161720366701208,3.3230151710041147,2.559613985984284,2.5097682045438683,5.340032539813986,7.855364799499512
4446-2275-0017.wav,2.9793481826782227,0.972168533718866,4.467978767158841,3.3873479806190545,3.718542760895224,8.04868969123943,13.41838836669922
6930-75918-0009.wav,3.5278146266937256,0.9735641399256126,5.0,3.907547594485546,4.289447518989072,10.89068252908874,18.06762313842773
2830-3980-0040.wav,1.5341925621032717,0.8315614092345985,3.1944563109212654,2.100544726787219,2.2943453350926317,1.2658628053787118,6.184736251831055
61-70970-0023.wav,1.7590651512145996,0.8813937656720744,3.358399177515383,2.588349585843261,2.5184623034368725,6.02530165279242,10.132241249084473
1580-141084-0031.wav,3.600464105606079,0.9754398013207112,5.0,3.997704203344017,4.380533263475761,11.404865948114823,18.994508743286133
7021-85628-0013.wav,3.1646244525909424,0.9850913581626016,4.6346350331018025,3.3851319005429024,3.8969764594894993,6.521744599864151,14.741988182067873
1221-135767-0024.wav,2.1965019702911377,0.8955192800513617,3.945345768231576,2.671039991726364,3.059546010521337,2.778789705997015,6.955228328704834
1320-122617-0026.wav,1.5821031332015991,0.8781826523240842,2.692793215114604,2.082121904478174,2.076901544542032,0.2585193802428387,-1.651447892189026
8455-210777-0003.wav,1.7554444074630735,0.9295163845082708,3.3248218527469104,2.5554522325898845,2.5049311196332944,5.310110428835352,9.80468463897705
2961-960-0012.wav,1.9626359939575195,0.9543101269536632,3.3110699895277995,2.630070366132533,2.5919673121969957,5.395949859936167,14.84300708770752
4507-16021-0027.wav,1.0614296197891235,0.2362163496666118,1.0,1.0,1.0,-3.806254263299907,-6.18027925491333
4507-16021-0022.wav,1.388375997543335,0.7329907343801395,1.798918795242875,1.4512808151329242,1.3189851140491988,1.2020801649310808,2.95011568069458
8224-274381-0015.wav,2.3389954566955566,0.9177954933069398,3.568231410249988,2.776837844631353,2.9207462484252966,4.395318415230902,2.957077980041504
3575-170457-0000.wav,3.5982675552368164,0.9832881604384166,4.989383282056716,3.8439035964819737,4.311185772195405,9.688759110686116,16.258726119995117
6930-76324-0013.wav,1.4130301475524902,0.8315405412780376,3.036808572486948,2.050314337248809,2.180376836037133,0.2575088064962362,7.812351226806641
4992-41806-0007.wav,1.638195276260376,0.8937216330792055,2.56967128143335,2.183584762904604,2.003698855133082,3.217510727965853,9.90338134765625
3570-5695-0015.wav,2.0567774772644043,0.9453564910481757,3.7421379214450856,2.836387952382289,2.8845680105178264,6.609407186255282,9.1383638381958
3729-6852-0037.wav,2.35054349899292,0.9715568153114612,3.4615965581523063,2.651427771420516,2.7752910766440197,6.644907749205837,16.036602020263672
4992-41806-0006.wav,1.297945857048035,0.814900975253096,1.6406461853069616,1.7033309215474497,1.3523435480654564,-1.062394016922329,7.316824913024902
260-123286-0027.wav,1.6503965854644775,0.8871493280012072,3.2897538114378517,2.4943753441408103,2.4365042916306066,5.046574748042286,8.790214538574219
1320-122617-0033.wav,1.971901774406433,0.9007594817450584,3.4600614392493787,2.390368297940708,2.6678567070103525,1.6496483134337896,0.2756891548633575
1580-141083-0051.wav,2.589223623275757,0.9747947936904166,4.159115471332825,3.2500111789836668,3.374090111498784,8.55433950951519,15.881591796875
3729-6852-0010.wav,2.1092331409454346,0.8066819624111616,3.246058885978962,1.977728698348317,2.5028087482647883,-0.3063804790304725,8.118861198425293
1320-122617-0001.wav,1.3751153945922852,0.8267991361717394,2.962042892035294,2.0001760292222497,2.1269846483940773,-0.3808449865223312,-1.049099087715149
7021-85628-0002.wav,1.9473247528076167,0.9605166308181532,3.497385774731171,2.563149166728964,2.6935300161408846,3.718978339153963,10.57238483428955
672-122797-0025.wav,3.029076099395752,0.95658243960078,4.3777540936911015,3.339595256460324,3.70027513259724,6.846675341900122,12.490694046020508
1320-122617-0037.wav,1.5686581134796145,0.7956648470663661,3.0690655225726253,1.953932047672461,2.236582705296247,-0.7599340879627264,-0.1690140217542648
1995-1826-0003.wav,2.970270872116089,0.959448867266596,4.501688237051028,3.473018151991393,3.736552672719686,9.22094684559877,13.500008583068848
5683-32866-0018.wav,2.87359356880188,0.9652003752307996,4.266108168012863,3.3202412374877,3.527779773459171,9.41237020751609,16.929447174072266
4992-41797-0018.wav,3.138612747192383,0.982869313371318,4.442561221341932,3.341898610416736,3.7682532512302966,6.914833297583219,15.414718627929688
908-31957-0004.wav,1.2967652082443235,0.7907022379971206,2.239878600350201,1.5492795442598373,1.5899773114625515,-0.8582174130918815,0.9504263401031494
2961-961-0005.wav,2.281942844390869,0.9665646581936006,3.4026758039565466,2.5955992687286225,2.758107552382985,4.218387230162958,9.723217964172363
1995-1826-0023.wav,1.8870391845703125,0.93904227208791,3.258490443651908,2.515377329611404,2.4802618654111988,6.236065905055965,14.655028343200684
8455-210777-0063.wav,2.4108057022094727,0.9870890475361702,3.6436012620595455,2.7747943442520446,2.967996387448508,4.9861892376777766,14.056988716125488
7176-92135-0004.wav,1.087870955467224,0.7084203125077931,1.0,1.060022358573944,1.0,-1.8472115139801315,-2.2824785709381104
6829-68771-0009.wav,2.562407255172729,0.958922367952196,4.194518279470592,3.137137114120023,3.3721793496532984,7.229837514107576,3.755292415618897
1580-141083-0024.wav,3.3199782371521,0.9188693303588252,4.643135016179103,3.433608932118258,3.958395470888293,7.049137827183748,15.706597328186035
61-70968-0050.wav,2.535597324371338,0.9710500124232327,4.306924303178521,3.2221158438293798,3.4331093533453982,7.965346661122252,14.099631309509276
7176-92135-0001.wav,2.07619309425354,0.96236598265691,3.700986331041649,2.354522993512819,2.864929084111172,-0.7914632393971984,5.623892784118652
1221-135767-0008.wav,2.0822761058807373,0.9002825557678706,3.7207297786625753,2.7488766738371195,2.8624136847316075,6.100953943302416,9.9302978515625
1995-1836-0013.wav,2.8926477432250977,0.9308394015701492,4.215550319766165,3.372548956345227,3.548595943721293,8.49650870982434,12.429333686828612
2961-960-0006.wav,1.5585744380950928,0.8937900186032925,3.109860231456772,2.48712626815576,2.3135247796726346,5.059953910724656,11.446775436401367
3570-5695-0009.wav,2.3943490982055664,0.9065730577003208,3.8675642499746554,2.6196738270968125,3.109800281580363,0.9447670678248584,6.607008934020996
1089-134686-0008.wav,1.5112669467926023,0.8369981876143084,3.170332452217219,2.2885460872154804,2.2962514132714777,3.3010636480222866,4.312738418579102
1284-1180-0010.wav,2.969155788421631,0.9716679400208112,4.441914076367748,3.4128638272561447,3.714769667618154,7.899108325068915,13.250494003295898
5142-33396-0066.wav,3.4466681480407715,0.9796272303082258,4.596808380101368,3.5403427121919724,3.99832318524201,7.825950758535934,16.1224308013916
4970-29095-0023.wav,1.463137149810791,0.8494017864341239,2.5210324803424022,1.8174516639677905,1.9020531450196767,-1.7485191858439837,7.316489219665527
2830-3980-0060.wav,1.4509117603302002,0.8806171252759857,3.1032027909681235,2.355882020767716,2.2309482485220578,4.890568664405394,9.49449062347412
1995-1837-0027.wav,2.7307112216949463,0.9623457481674016,4.228131891236775,3.2573763766346877,3.4805362187191267,7.56869068097347,13.56839084625244
4970-29093-0022.wav,3.948688507080078,0.963991747348448,5.0,3.738159444483976,4.547382206623596,5.854479557346825,17.1138973236084
1580-141084-0004.wav,1.2176939249038696,0.6907603061118663,2.78983960528882,1.990814612427743,1.956887676079602,0.8817963164288085,6.923709392547607
6829-68769-0042.wav,2.93971848487854,0.9717116325007502,4.227156232008249,2.994980203851626,3.5496500800203723,3.4014442166705523,11.995080947875977
237-126133-0017.wav,1.8046190738677976,0.9624675856355316,3.564060254992831,2.6755914795938187,2.6748652280876395,5.695594376133907,16.428422927856445
5142-36377-0021.wav,1.7261145114898682,0.9643706032990298,3.0848291897493616,2.8259317213714006,2.404880933335513,8.320310826148114,4.343443870544434
6829-68769-0033.wav,1.7781728506088257,0.9012649568617928,3.5930143586454104,2.180063937416812,2.6402927140201946,-0.3996703587813358,3.80530309677124
260-123440-0008.wav,1.7324421405792236,0.9500350132490352,3.0607398446633924,2.439253822677092,2.330702088993635,5.0154892991603655,9.45494270324707
8555-284447-0004.wav,1.3394279479980469,0.8129021619776433,2.459154679504843,2.204807439106064,1.8420855849347213,3.871884900656072,10.206689834594728
5683-32865-0009.wav,2.924623250961304,0.9692687047168236,4.294071034344123,3.337210183601885,3.590553650801587,8.277120712901826,17.062129974365234
4446-2275-0030.wav,2.1039133071899414,0.9062475299378808,3.8816809744286154,2.5106464096341163,2.9670542118656904,1.5548305921781982,7.765783309936523
8463-294825-0017.wav,1.825389742851257,0.9435690719454736,3.242766114334556,2.2936670471695484,2.429226116319231,3.7168847701922094,10.629142761230469
3570-5694-0015.wav,2.529005289077759,0.9637731774914674,3.956476300640188,3.0716241779362266,3.2342494337999947,6.558834423460719,13.1090087890625
7127-75946-0000.wav,2.2001254558563232,0.947118295452112,3.887362337491492,2.9714930296683058,3.0380923216992883,7.275097627332085,8.868439674377441
5639-40744-0000.wav,2.34329605102539,0.9477958445584392,3.373794311186408,2.312924646358699,2.7735681721335737,-0.6833477413637875,9.197128295898438
1320-122617-0012.wav,1.1595662832260132,0.6243960519870206,1.0,1.4614740900736898,1.0,-0.5571234653226481,-0.1734610199928283
8555-292519-0000.wav,2.007756471633911,0.8834400475514941,3.0840036524623486,2.629982573763184,2.486168282455755,5.739614356772014,11.48707389831543
3570-5694-0002.wav,1.9635690450668333,0.9852661307883308,3.5797841380394946,2.866676791940943,2.768482270626204,7.279084851058647,16.271663665771484
5683-32866-0024.wav,1.276795506477356,0.7012558847038459,2.199131810111994,1.920245908653192,1.672770823605635,0.1962836838352212,6.732215881347656
7021-85628-0004.wav,1.192507266998291,0.753667670500237,1.7271999373303464,1.5138666272658488,1.3248907325116472,-2.508577867742597,2.346149682998657
1089-134686-0025.wav,2.9538862705230717,0.973970241538866,4.449939351554495,3.287244619400993,3.700109189197879,6.503147705823821,11.717559814453123
1221-135767-0007.wav,1.7889370918273926,0.9181684102516132,3.665876368067959,2.672459071513416,2.7160051029759007,5.835438556168625,6.294929504394531
260-123288-0015.wav,2.1747584342956543,0.9501991911526724,3.564710225570738,2.4239298277244417,2.819703277682516,0.7603934291227543,7.713239669799805
5683-32879-0002.wav,1.3583426475524902,0.829311529462796,2.2747391583129613,1.7637186725992742,1.6841226129667066,0.0646393699954772,5.616586208343506
4507-16021-0039.wav,2.050502300262451,0.8702807577117266,3.4572076085022547,2.733451042715445,2.7119261771839978,6.243544425196719,11.098662376403809
6829-68771-0014.wav,2.191027879714966,0.958791432022327,3.808462876528209,2.8335721125791533,2.9795886477295985,5.8004422338573125,10.16130542755127
6829-68769-0001.wav,1.7556283473968506,0.9257745940754184,3.398164641292552,2.326629468990471,2.5490520694790884,1.3446283225255389,10.99795150756836
8230-279154-0012.wav,1.699631690979004,0.8547003992604589,3.16501574743195,2.171903789045677,2.395064936141727,-0.258975724018221,4.94464111328125
260-123286-0010.wav,2.224698066711426,0.9743919082142204,3.436164104180864,2.4971651187514903,2.768777742103558,2.0807033762356584,9.480084419250488
1284-1180-0031.wav,2.8864169120788574,0.9667670929229926,4.42325676725865,3.371136303661105,3.669012679014352,7.630728628816964,14.482250213623049
61-70970-0010.wav,1.692239761352539,0.8961664043610524,3.4068168882242267,2.266038824938705,2.514698076210562,1.1568167347708065,7.924001216888428
3575-170457-0012.wav,2.3825643062591557,0.9487218953479332,3.6677941314698304,2.7674419182871737,2.971633850635133,4.825541940657567,8.822052955627441
2094-142345-0004.wav,2.4141170978546143,0.8558332294143454,3.958205818877373,2.952205304190436,3.165134436824657,6.061980482165378,9.749190330505373
5142-33396-0048.wav,3.2634074687957764,0.9681080197856607,4.629138334921674,3.5727691151658,3.950911776252788,8.451528297221557,18.116233825683597
2830-3980-0052.wav,1.6244466304779053,0.7901157789805312,2.874425953640199,2.142793826642802,2.218297424564353,-0.4055660858894189,5.523336410522461
2300-131720-0014.wav,1.920244812965393,0.8941471360696688,3.387375175428292,2.3592796161256637,2.6131882776027613,1.2140111306783177,0.1805243194103241
5142-36377-0008.wav,2.3035874366760254,0.9560836239124242,4.009418960967555,3.020272098755924,3.139831005793669,7.7594970548171585,10.58236026763916
8463-294828-0024.wav,1.9071626663208008,0.9543859249883144,3.312341472113405,2.655805001067801,2.5875297445072043,5.214531133737075,14.61503791809082
4970-29095-0035.wav,2.3873836994171143,0.9091195004335512,3.768957024784303,2.38392870315043,3.026931013817085,-1.409911300260842,7.68637228012085
2961-960-0008.wav,1.4751425981521606,0.8388194401536611,2.863736815228373,2.239383671653378,2.115065105996704,3.2526493380649533,7.172662734985352
1188-133604-0040.wav,3.0827465057373047,0.9343059935531745,4.433111086772599,3.395237949597933,3.751487285206915,7.473957301099151,13.61921215057373
2961-960-0017.wav,1.3401482105255127,0.8454789434154267,2.767130809540566,2.328784419703731,2.022766579151921,4.641300301165188,10.729167938232422
5142-33396-0011.wav,2.0151560306549072,0.9380409884023452,3.726290041126726,2.5745394495393112,2.84723058619367,3.1404975633422025,11.962966918945312
1188-133604-0019.wav,2.094421625137329,0.8732072232379672,3.2304988895273152,2.754885747477556,2.6450561639994907,5.203888680656376,9.806235313415527
237-134500-0006.wav,2.541485548019409,0.9292538460282316,4.116851611479551,3.136102137622631,3.320238851807632,7.4924796362359665,14.030473709106444
61-70970-0020.wav,1.9659907817840576,0.9248145571171064,3.842373086367143,2.789097210469985,2.893403320256616,6.335866839113754,13.593877792358398
260-123288-0020.wav,1.9490679502487185,0.9311688267941112,2.992568358539548,2.2395587141479805,2.4330010299542866,-0.9800115899531175,8.18990707397461
2094-142345-0025.wav,1.9745428562164309,0.8902809810717244,3.506641321026064,2.456693339024452,2.6748654819149174,3.453494887259618,7.27329158782959
61-70968-0046.wav,2.1548385620117188,0.9591239391478052,3.916401657994855,2.887698545722386,3.014821573147453,6.9429779422915,10.411595344543455
5683-32879-0019.wav,2.844304084777832,0.9259512052180316,4.367331348980886,3.280807810362449,3.593136859876148,7.696521390110164,17.378164291381836
2830-3980-0029.wav,1.459485650062561,0.7050953893076984,2.6445091070446805,2.049222214642803,1.957864442983752,2.124765346323183,2.95290207862854
7176-92135-0027.wav,2.5477867126464844,0.9746627620913518,4.198158825658162,3.1317005956562416,3.381169799985982,6.612890682048129,7.6929755210876465
2830-3980-0068.wav,1.7290167808532717,0.8434240725391585,3.4893646901652158,2.582339684686079,2.5677747704254505,6.187796545105012,10.749736785888672
8455-210777-0069.wav,1.8709757328033447,0.9759609942172992,3.566926863096506,2.8368614794564757,2.7188243020377327,7.35433689357762,14.743971824645996
1089-134691-0000.wav,1.2526229619979858,0.76896299405624,1.0,1.0,1.0,-4.809864765171729,1.455699801445007
61-70968-0014.wav,1.7807962894439695,0.9187026148100952,3.6349261350055975,2.623212598780857,2.7019609921036984,4.874660453962714,8.960996627807617
4446-2275-0028.wav,1.297834038734436,0.9139777464369848,3.248715103491857,2.451744734390862,2.250132738632589,6.512669722184402,10.142069816589355
3575-170457-0006.wav,3.000025987625122,0.9746791774395482,4.550913124950167,3.4616136766095487,3.78254946425293,8.528719014750958,15.029440879821776
260-123440-0010.wav,2.6226065158843994,0.9451271965787768,4.164145050485413,3.094960415759708,3.3885185594818497,6.057199445242518,15.303120613098145
5683-32879-0014.wav,2.8541064262390137,0.9364702642874372,4.237910324662534,3.0832785255441344,3.5109266687688567,5.489721578650859,12.038742065429688
5142-33396-0047.wav,1.5511727333068848,0.952426491114374,2.5397296738458155,2.4889263361241323,2.0078461020930543,5.949246348436032,14.346391677856444
5105-28241-0006.wav,3.2182722091674805,0.9674598094119774,4.677145452391365,3.629735481570206,3.9607378209986086,9.313537943860691,14.654314041137695
1188-133604-0037.wav,1.776071071624756,0.9027797231682286,3.4016632451154614,2.2975507535362114,2.5540478052777065,1.0393626983636108,5.580152988433838
3729-6852-0023.wav,2.058969259262085,0.9145179743657768,3.5764203576146305,2.6235141023345294,2.734575602142154,6.238176230168588,11.344789505004885
1320-122617-0034.wav,2.2103700637817383,0.9207593634863336,3.835128186164924,2.7295210462401256,2.9982135618777703,4.196387231171574,3.2785484790802
7729-102255-0003.wav,1.838723063468933,0.9343717483320688,3.3370950542290503,2.624747576934604,2.5678765049603567,5.126727602639201,10.572577476501465
8555-292519-0003.wav,1.2860287427902222,0.7608709928689028,2.0239343515177755,1.548324480615088,1.4579380059548224,0.0527090337721987,1.6222922801971436
7127-75946-0002.wav,1.6220378875732422,0.8849674687311708,3.4870289316976857,2.6448393757016384,2.544288257777156,6.595026622167134,5.053758144378662
237-126133-0019.wav,2.2837135791778564,0.9243551102071212,3.73838506385408,2.898055281011804,2.995107766398085,5.962810197305148,13.620672225952148
7176-88083-0015.wav,2.856772899627685,0.9896299413200778,4.488758608620769,3.340315520053281,3.689643105005193,7.233905479242821,13.666596412658691
1580-141083-0008.wav,1.6679213047027588,0.8530635717680279,3.036009585167982,2.06316179883761,2.2382891213577327,1.6293168365698374,7.928367137908935
6930-76324-0011.wav,1.770154356956482,0.8745807378483462,3.358270572389335,2.5473294295061257,2.527407524586668,5.139829234169622,5.181976318359375
8555-284447-0018.wav,1.8345096111297607,0.8574758998455686,3.491638674759746,2.540973903840303,2.61626366828549,4.991301667488326,9.298510551452637
4507-16021-0041.wav,3.072392702102661,0.9437820990244568,4.397289997537713,3.206106905104322,3.706616917469638,5.51173978407772,16.799314498901367
5142-33396-0032.wav,2.1567485332489014,0.9335321126508018,3.7773060137610015,2.524148527349042,2.9467283407787592,1.1511461927640052,11.13613986968994
6829-68771-0023.wav,2.4340200424194336,0.9689322160117187,3.8852168613544857,2.833536108528353,3.112472455964882,5.190277842882546,13.186927795410156
5683-32866-0022.wav,2.7481954097747803,0.9752337968424628,4.110144901620152,3.23455027233041,3.3929542977963303,8.734916901134545,15.514366149902344
260-123286-0025.wav,2.2326130867004395,0.964535120951902,3.749406926613607,2.837950266288626,2.974431893769691,5.412165090841822,8.194381713867188
7176-88083-0021.wav,1.1061780452728271,0.541971116829211,1.44043243149884,1.0,1.0,-2.905513286066516,-10.176297187805176
7021-85628-0012.wav,1.439166784286499,0.903153116757458,2.9249248299618475,2.248836686716993,2.1490227307679755,2.7205082258897018,5.889651298522949
6930-76324-0024.wav,1.389495611190796,0.8781965277726728,2.9377094410792512,2.484643118738078,2.1507196803989848,5.940743164259453,5.552534580230713
1995-1837-0001.wav,2.4228787422180176,0.952641004518784,4.050636628791521,3.02047482383798,3.2331112491556437,6.305396211895598,13.961572647094728
672-122797-0042.wav,1.549341082572937,0.6571306943540347,2.9756177536946327,1.9278475245913924,2.186356053344654,-1.2928493433472334,2.307658672332764
7176-92135-0040.wav,2.0909969806671143,0.9490204598279642,3.5228876503978004,2.697639705196008,2.7796328230452305,4.725580546946066,10.058910369873049
1320-122617-0028.wav,1.5964407920837402,0.8660741452016399,2.9257877382903845,2.1876057200782744,2.192376581392545,2.1631677749863574,1.067075252532959
61-70968-0009.wav,2.318957567214966,0.9401392588793908,3.92166983397693,3.015182869826454,3.098808000982159,7.787812967246976,10.804375648498535
7021-85628-0005.wav,1.4562115669250488,0.8708257636926676,3.139014313294685,2.082369993730529,2.2656588834077462,-0.1174324359306236,5.04813289642334
4077-13751-0006.wav,2.053312301635742,0.879307152723092,3.625001301271925,2.59999145549928,2.7998944760721742,3.9689899975158167,3.223708152770996
908-157963-0022.wav,2.104863166809082,0.9338915279440276,3.6999529363874246,2.6642983313254254,2.8584139830953275,4.810332259976244,8.852852821350098
1089-134691-0015.wav,2.624358654022217,0.7595397176638365,3.997364113453085,2.927316144196734,3.2885941105930594,4.16819225723273,14.270058631896973
1580-141084-0050.wav,1.905872464179993,0.8959869590136231,3.586410298486868,2.3960158808963463,2.700048536266069,2.1227773029064942,9.464695930480955
1284-1181-0019.wav,1.4408587217330933,0.8900451356251284,2.899240753052249,2.536139898545038,2.1632645377582294,6.115141939341482,6.047650337219238
7021-79740-0003.wav,1.1669509410858154,0.8542068616405148,2.4116230701534533,2.133248675881541,1.75093522650856,3.18133666572333,7.21618127822876
61-70968-0023.wav,2.9384796619415283,0.9865021268088628,4.615993587100579,3.477468067963695,3.7906478045901246,8.947966536594418,14.462494850158691
7729-102255-0016.wav,1.35272216796875,0.7794062501967528,2.6645683588922267,1.7663443895021635,1.9168375895897356,-1.6832631882105626,1.0766475200653076
5105-28233-0009.wav,2.2578341960906982,0.8990912091616416,3.814487783217139,2.829431655201509,3.019780828930964,5.075418025574118,9.959251403808594
4992-23283-0005.wav,2.443658828735352,0.9492060267979144,3.926437661929916,2.934990056983972,3.15898678351791,5.796256361021114,10.503622055053713
1221-135767-0004.wav,1.2925881147384644,0.938455473159124,3.461211706283151,2.598878841495354,2.377945919451946,7.798345975240079,7.291956424713135
4970-29095-0014.wav,1.4943078756332395,0.8838749049692309,2.87622517731024,1.821081774820186,2.0858888034572862,-1.5468238402874692,5.859709739685059
3570-5696-0005.wav,1.6289275884628296,0.9472351312504812,3.4571553856194304,2.597298381211237,2.517563007930121,6.464004846759267,6.249937057495117
8455-210777-0014.wav,1.8461360931396484,0.9615737249540244,3.573263708040494,2.702628247412337,2.699871965788253,5.833418939532117,12.41938591003418
1188-133604-0030.wav,2.60276460647583,0.9545154210971594,3.9964350871543526,2.948139544041613,3.2795728580147383,4.559233741287844,14.178601264953612
2300-131720-0010.wav,1.2362520694732666,0.6972806191764693,2.472468674502881,1.8309461371770597,1.7847328103184843,-0.7562956592839682,-0.3591471910476684
260-123286-0018.wav,1.7601900100708008,0.9342578434868416,3.139662272565679,2.373810292017145,2.377920635567797,4.033285383205008,7.9970784187316895
5683-32866-0008.wav,2.533655881881714,0.9095792454507016,3.807350257281906,2.891899747063995,3.0969059789874853,6.556259598974815,13.4071683883667
8455-210777-0019.wav,2.0976595878601074,0.959939946986666,3.68891554618223,2.805564158785533,2.8881332593129323,5.395663937827843,12.79697322845459
4077-13751-0012.wav,1.3563650846481323,0.7718863164755904,2.642753681103134,1.7904077938466725,1.906926402900567,-1.2894500397767634,0.9866373538970948
8463-294828-0031.wav,2.65968918800354,0.9707553346898976,4.293560855483284,3.2675772906976857,3.484700588266014,7.940244349428596,12.923416137695312
61-70968-0004.wav,1.6150027513504028,0.9433265333002466,3.3951027246302505,2.6087147807371016,2.481712415469749,6.66026046451639,10.470067024230955
121-127105-0025.wav,2.8250608444213867,0.9702715714669268,4.30510058730494,3.2406892387660093,3.560458305350675,6.853126991416476,11.6593017578125
3729-6852-0012.wav,2.320197820663452,0.9432764085659844,2.6432003497794447,1.8262393701699755,2.2109596006059524,0.0244201185833431,6.31068754196167
5683-32879-0022.wav,2.3971550464630127,0.9258966200189976,3.862449779087933,2.9291296597692265,3.075068474700781,7.3160321537913715,13.779145240783691
5105-28233-0002.wav,1.8162617683410645,0.8911137866038239,3.355037669646543,2.716238790110956,2.5658264147667924,6.733336214450993,11.953981399536133
3729-6852-0009.wav,2.118884563446045,0.9078267337771412,3.68910411519326,2.7493247303670114,2.8785606189014645,5.240049599395243,9.381284713745115
5142-33396-0058.wav,2.0064237117767334,0.9157126680034056,3.458673456249538,2.343409999490664,2.680851536444417,0.8074361055184307,9.497577667236328
8455-210777-0016.wav,1.6095964908599854,0.9313876169968358,3.1428045528834274,2.4960342797901043,2.353489160602443,4.910812782073952,9.273520469665527
8463-287645-0005.wav,2.168376922607422,0.9409324289193804,3.671531237631521,2.796330069041399,2.892595995037344,5.708146096964123,10.916412353515623
6930-81414-0023.wav,1.282053828239441,0.8638223988709793,2.58146997534336,2.3313700994463646,1.8874645795559128,5.721754274275147,3.8168115615844727
7127-75947-0016.wav,2.689382076263428,0.9543215513160378,4.191729465460414,2.8966229426790173,3.4304082377016347,2.647080172098525,9.853154182434082
908-31957-0003.wav,2.265415668487549,0.9370372236499196,3.8709376747138218,2.667849754556028,3.0255872550291016,3.603474829703015,7.832024097442627
4992-41797-0005.wav,2.413972854614258,0.94099315810438,3.571318412322588,2.832007216215327,2.918273108989854,6.546905161267152,14.978631973266602
260-123288-0008.wav,1.9340101480484009,0.9764029247840657,3.8272964613963176,2.9365030421868967,2.904810299488648,7.373675568296345,16.225963592529297
61-70968-0034.wav,2.126870632171631,0.9170274584225776,3.773474873126704,2.5820221044893303,2.900208570718683,3.597365060291259,9.154998779296877
2094-142345-0049.wav,1.547430157661438,0.8008246758499071,2.8419913173441103,2.184892781659006,2.096667442054443,3.781390832978848,6.773967266082764
237-126133-0011.wav,2.7650113105773926,0.9362953615412516,4.072321326857303,3.018936045156064,3.39291710473746,4.7314580665137065,12.880043983459473
7176-88083-0003.wav,2.299812078475952,0.9423477360372332,3.825152483492289,2.955009740217475,3.0642868369178444,5.957061321300411,8.323444366455078
4507-16021-0003.wav,1.943617820739746,0.9231058824648264,3.1932576158346464,2.143066090683754,2.46939024781785,0.2047897356776851,3.668901681900024
8463-294828-0032.wav,1.800173282623291,0.9442575554918964,3.2208668968592677,2.5263856198567765,2.487343566451807,4.000444479279859,10.748499870300291
4970-29095-0036.wav,3.2172913551330566,0.9430963181218286,4.600597662020427,3.4426074697928706,3.897951153388857,7.417076082567247,12.703652381896973
61-70968-0056.wav,2.0683434009552,0.9570103592728032,3.729866776684064,2.899956657330567,2.888509230869749,7.34534146290719,13.730451583862305
5142-33396-0039.wav,3.0822694301605225,0.9888674592170836,4.146644982403453,3.254044240741331,3.614139147140616,4.9971732898578445,15.399795532226562
5639-40744-0025.wav,2.633838891983032,0.9659094037321811,3.8546423605445126,2.8598142821943897,3.212802978373128,3.446194323825124,6.906208515167236
7127-75946-0028.wav,2.2615599632263184,0.8640268279939055,3.814610254753092,3.058849057256997,3.032051813816097,8.23362402812816,9.541264533996582
8230-279154-0017.wav,2.449565887451172,0.963651825898079,4.066501273102372,2.97559171483668,3.25231976658309,5.485708964963722,8.414647102355957
1221-135767-0011.wav,1.3966395854949951,0.7612316092692798,3.0319052208112787,2.11355467816194,2.1692397759984265,1.4042167484089123,4.860722541809082
672-122797-0009.wav,1.6749342679977417,0.7737897945105139,2.926212837580876,2.372051946721794,2.210929339985809,5.433579843828634,11.064695358276367
8455-210777-0029.wav,2.942087888717652,0.9625955022206532,4.096839945406172,3.0878327371141934,3.470276701958999,5.550291557469838,15.26539707183838
5105-28241-0005.wav,2.6634774208068848,0.9244633587154678,4.179988643825118,3.3844087222613792,3.4330856183358227,9.634572415559978,15.71841812133789
8230-279154-0019.wav,1.4736067056655884,0.7948104961982885,2.9018360372793794,1.7476618581610683,2.080913123774412,-2.235041121296391,-0.4165303707122803
6829-68771-0001.wav,2.0307345390319824,0.9480527432484036,3.693522695830645,2.81503414415906,2.836492558399456,6.941035690619541,10.60875129699707
7176-92135-0018.wav,2.512959718704224,0.9711222482552672,4.091884795455256,3.060796490128146,3.3020769198157467,6.1317979387511095,9.431211471557615
6930-81414-0026.wav,3.137062788009644,0.9183564684979524,4.616160927072389,3.5602150771429235,3.893921931183394,8.626342307420408,13.821237564086914
3570-5694-0005.wav,2.177069902420044,0.955283658183884,3.419152014386811,2.3228185274185287,2.7300098351322672,-0.0498481048360435,10.030010223388672
8230-279154-0035.wav,1.3068318367004397,0.691639040950279,2.253071543903528,1.8676768979560845,1.7269017497501251,-1.4002479225183329,2.280984401702881
8463-294828-0002.wav,2.58902907371521,0.9690037852811604,4.249020263666922,3.2485588767985583,3.426538861688631,8.188528561964851,13.405689239501951
7127-75947-0031.wav,2.196559190750122,0.959627479880138,3.6876775802179194,2.746299485898561,2.925990507055214,4.209826449619767,15.992079734802246
908-157963-0005.wav,1.5397260189056396,0.7953460346653689,3.0596538778003546,1.932504571750223,2.2239611751842303,-1.174459770203219,2.836940288543701
1089-134686-0030.wav,1.898614883422852,0.96371495004481,3.558428493402367,2.7438914828031664,2.730222340956096,5.595347435533853,12.305655479431152
8224-274384-0007.wav,2.1344804763793945,0.9636614117424496,3.6418119725202143,2.8803946785755232,2.874960317661693,6.6710405575443765,12.843886375427246
8455-210777-0048.wav,2.283493757247925,0.9866793268221596,3.8209349663160976,2.828821524356252,3.0238045098752795,5.405986805460392,13.535099029541016
1580-141084-0045.wav,2.3344438076019287,0.9110212202785656,3.648385955839016,2.4884485384229413,2.9334782467077374,0.9472065050667664,9.089621543884276
7729-102255-0023.wav,1.9039409160614011,0.9390704098055526,3.3350080233483985,2.62716997416169,2.590330644159617,5.086275225452121,9.916132926940918
4992-41797-0001.wav,1.517324924468994,0.9233936992140284,2.3649251154443367,2.3595030126197925,1.8652706016258835,5.848258771005962,11.54377555847168
2300-131720-0038.wav,3.10266375541687,0.9914030063785384,4.34488207288156,3.3285092829076004,3.733316114326183,5.5731834542828445,10.608915328979492
1320-122617-0002.wav,1.5237934589385986,0.8405062633654048,3.055260411534356,1.936614432672387,2.217269272666967,-1.1442877319560405,-1.8793306350708008
5142-33396-0007.wav,2.3985800743103027,0.9501101312820996,3.60922634725417,2.716187864943451,2.969658777706314,3.049860287607405,14.859844207763672
6829-68769-0019.wav,2.3994386196136475,0.9639871602354908,4.086867126271869,3.209135795421212,3.25236429545116,8.902350694427966,14.68619155883789
7729-102255-0035.wav,3.4665756225585938,0.9692135618060456,4.928643577032005,3.64571456262033,4.224312245709905,7.108168608070788,13.432817459106444
7021-85628-0009.wav,1.3777084350585938,0.8673710936863785,2.884706936149791,1.948054309575065,2.085661427636148,-1.044891427712203,4.131432056427002
7021-79740-0007.wav,2.014466524124145,0.957388694053522,3.336179592005837,2.5030708143379607,2.61177259076954,3.817833938217337,8.710756301879883
5639-40744-0003.wav,2.386408805847168,0.9455630086410326,3.5177691832931304,2.6736669628195417,2.900126617246537,3.255036259801746,6.742999076843262
3575-170457-0002.wav,3.157947540283203,0.9746832657475776,4.385229410862301,3.4236531930517007,3.74700106907116,8.175487535556806,17.980716705322266
908-31957-0007.wav,1.4007312059402466,0.7953879406105894,2.67318997861793,1.945291388573572,1.9852037694841669,-0.9621183700515384,6.766201019287109
6930-76324-0007.wav,2.247110605239868,0.8969087971488706,3.8921336452530833,2.920252382817408,3.0537839009483907,6.563845459632138,4.569025039672852
1995-1836-0003.wav,2.337520837783813,0.9435337862619864,3.935879649122747,2.9165436923082977,3.1281931355313124,5.51110023163325,7.35308837890625
8463-294828-0013.wav,2.6147584915161133,0.9692329832252924,4.11731375823781,3.149157587579416,3.3657957973185444,6.776897304788127,15.915168762207031
1089-134686-0021.wav,1.969249129295349,0.8674878740045503,3.479680069494833,2.311977709442073,2.691601674834588,-0.2496293572066699,5.501220703125
1320-122612-0001.wav,1.5507946014404297,0.8614635016384802,2.8953967616818312,2.2592553668887594,2.1837132415340403,2.3466977705637797,1.6805860996246338
1995-1826-0011.wav,2.501910448074341,0.9633151788551044,4.150006132907613,3.135214613926783,3.32215497603083,7.540588887843837,13.715936660766602
4446-2275-0031.wav,3.315932273864746,0.9779426473202872,4.69656482041445,3.571743289398306,4.009568754393276,8.099095530897419,14.522745132446287
8463-287645-0011.wav,2.0904674530029297,0.8526086367618053,3.669020095553253,2.407014796367481,2.829632926853051,1.1053529867962084,7.198338508605957
1320-122617-0011.wav,1.9203143119812007,0.9024484048183932,3.616196661115169,2.456411785794669,2.7367201480419667,2.330448119660668,-0.4681894183158874
5683-32866-0004.wav,3.09980583190918,0.9556586682517476,4.488736123156063,3.414562518683593,3.7766743694917246,8.140523140076333,12.588391304016112
2300-131720-0005.wav,2.931199312210083,0.9772576669697588,4.329065829698586,3.204600103710951,3.6258433006616153,5.480954051886798,11.756317138671877
121-121726-0008.wav,3.437901020050049,0.9672302868286276,3.015548663910016,2.8148330560652743,3.180042290535324,-2.431067395620597,10.62301540374756
6930-75918-0000.wav,2.7364501953125,0.9359687194174836,4.342865652023526,3.2820549648560697,3.540428755077441,7.920993778122538,10.024310111999512
4970-29093-0012.wav,3.3236663341522217,0.9621357456197136,4.6824583901522665,3.4040616701068918,3.994533571911931,5.904059759385999,14.13771629333496
1580-141084-0024.wav,3.020355463027954,0.9506102057984892,4.556615434684719,3.4430644964550003,3.801335561782404,7.829648514035228,16.47564125061035
1320-122617-0016.wav,1.682175636291504,0.9068367988413764,3.5465701094580173,2.484082016126893,2.5821747905264645,4.561047241990985,-2.5037713050842285
7021-79730-0000.wav,1.758479356765747,0.9699562242151606,3.5749587206966797,2.3864510397347267,2.6382609187183075,2.2812834649209117,7.844747543334961
260-123288-0017.wav,2.3473212718963623,0.9735936043596136,3.764393030103258,2.892069721935769,3.0243378331270008,6.082663050483076,13.387563705444336
4507-16021-0033.wav,2.408645868301392,0.9379172586005488,3.9348530730188425,2.965804792647061,3.148148120623272,6.434082717955893,15.070035934448242
2830-3980-0058.wav,1.284265637397766,0.7486757182750031,2.940522941691188,1.985046050666296,2.0431319501195784,1.2697509470757975,2.688621282577514
3729-6852-0025.wav,1.5657155513763428,0.7649450667055303,2.728373110085902,1.8820669691610488,1.9587905141443984,2.82665048537625,8.949869155883789
2094-142345-0038.wav,2.3186967372894287,0.8790683863666912,3.959599589610427,2.9930596823537003,3.1181322838351373,7.412932044343586,8.870718955993652
5683-32879-0025.wav,1.7573195695877075,0.9693401974629496,2.7944870097573,2.4556008017895383,2.218074244145718,4.765045266277722,16.504182815551758
7176-92135-0041.wav,1.6252607107162476,0.9206018637238856,3.3383439158810244,2.150890508134978,2.4534301421678752,-0.4546034232190931,3.45670747756958
5142-33396-0014.wav,2.4845001697540283,0.9741056784111538,4.156879890395251,3.387001148362496,3.3364170530926205,10.804264361418896,14.503917694091797
5639-40744-0031.wav,2.1602942943573,0.9564986592275074,3.5744155836113323,2.763249134623236,2.831697072429464,5.6186855284219375,9.882373809814451
7729-102255-0045.wav,2.4213509559631348,0.9773025572890914,4.033447403257019,2.926027689738362,3.22201739317856,4.895790855015109,11.687406539916992
8224-274381-0014.wav,1.1798052787780762,0.6809433036660595,2.2066896574159425,1.895730324814524,1.6315440888737447,0.3672732958370062,3.03936767578125
237-134500-0015.wav,1.7003923654556274,0.8644957973327373,2.9660315488377424,2.2627439198960144,2.2546627653128537,3.017843758972143,7.860621452331543
908-31957-0022.wav,1.7898495197296145,0.8741283344195195,3.326845568898869,2.406745915708888,2.5141444280989598,3.092540878452419,3.515794515609741
3729-6852-0013.wav,2.084969520568848,0.8378827317581765,3.555566587127337,2.597069078369277,2.7588766239855285,4.6717560286808935,11.310538291931152
6829-68769-0012.wav,1.4391698837280271,0.876218998826421,2.868779838027885,1.9856273252737957,2.097661105040805,-0.4252649338367874,7.46921968460083
1089-134686-0031.wav,2.7164196968078613,0.9509506966966026,4.198346742105655,3.1687569642965068,3.4587926093136554,6.257543999283475,9.80975341796875
5639-40744-0024.wav,1.8382376432418823,0.9644833923750892,3.383426461592004,2.717029916852601,2.592999996169066,6.493192097682927,10.626215934753418
5142-33396-0041.wav,2.812469005584717,0.9846463082017912,3.9488375267694575,3.355317145105575,3.391163911495906,8.136788123855032,18.874082565307617
121-127105-0001.wav,1.779414176940918,0.8822868546785076,3.4888282345300627,2.27274107706824,2.604931323172327,0.363564700008739,4.714789867401123
8463-294828-0026.wav,2.1454758644104004,0.9667027694332898,3.828040797968436,2.9126524503746727,2.9872842437358544,6.477983809226866,11.698081970214844
1580-141083-0044.wav,3.046799421310425,0.945689961295664,4.508233437773865,3.352458983547165,3.760349122479445,7.524331329682509,14.730695724487305
5142-36586-0002.wav,1.3238728046417236,0.9601738367158804,2.396677177982784,2.489002011926075,1.8602807535887664,5.983530367694344,15.736532211303713
5105-28240-0011.wav,1.4038019180297852,0.6704778270936314,2.453045915392998,1.6704038158936885,1.7970491910940218,-1.8165826944500536,2.3999719619750977
6930-76324-0004.wav,1.898972749710083,0.887828761372508,3.529847597477549,2.5528740616552934,2.686524900920096,3.867276203250632,6.9639892578125
2961-960-0016.wav,1.2822037935256958,0.7249916847250604,2.264813437107964,2.014396790053284,1.6774759925726082,3.0026330452712084,6.623906135559082
7176-92135-0024.wav,2.409184217453003,0.974881495484926,3.9797478381322833,2.967446027604306,3.182899285411873,5.921127686530515,12.908100128173828
61-70970-0009.wav,2.0753495693206787,0.9408252411003,3.82165428295319,2.5501330476990858,2.9352042878182742,1.850173196337938,8.246407508850098
6829-68769-0032.wav,2.759729623794556,0.9660940726634888,4.3902664657463975,3.271211634273669,3.575634592523657,7.578184311760816,9.973938941955566
8463-294825-0005.wav,1.4259378910064695,0.9274232364894136,2.735566483810986,2.340048380409674,2.0290784254477225,5.107792387768064,10.300577163696287
6829-68769-0050.wav,2.598267078399658,0.9782924806379438,4.25420223585154,3.2240982804204408,3.428856809658446,7.947178595446904,11.555330276489258
1284-134647-0001.wav,1.6203207969665527,0.8223081444311889,3.1075836610005614,2.0876998251096768,2.265034037900665,1.711664527992217,0.961276352405548
672-122797-0055.wav,2.899787425994873,0.8669285773225154,4.290805173351552,3.442022696206915,3.5855331280439104,9.726297262786863,12.63262176513672
5683-32879-0007.wav,2.840151309967041,0.9266795121961912,4.224362912643779,3.186553705473352,3.4974235658270576,7.222355492643335,10.370086669921877
8555-284449-0014.wav,3.639959335327149,0.963039038062314,4.864304467353316,3.6266809841126126,4.254504392194236,6.607313701858416,15.560419082641602
8463-294828-0028.wav,1.2717244625091553,0.7977415319375031,2.197257872980143,1.6235164556698138,1.579000141901134,-0.4976848625342481,0.9086113572120668
8230-279154-0030.wav,1.5734155178070068,0.9018256679186925,2.950178977867993,1.9846639305215616,2.184045206390854,-0.493914188755564,2.535423040390014
8455-210777-0032.wav,1.5438731908798218,0.9395200512371382,3.002696320282246,2.2762594959610385,2.216690299878487,3.4144653213787115,9.924212455749512
672-122797-0016.wav,2.4697303771972656,0.8899136563899541,4.163780603213888,3.171361487765864,3.32470022091872,7.832386550263644,12.311765670776367
6829-68771-0036.wav,1.3060719966888428,0.7997822818919473,2.665960466206426,1.804638494312328,1.8985269826555569,-0.9220911335230012,4.960939407348633
8463-294828-0020.wav,1.7481921911239624,0.9100736610690924,3.0532102130276746,2.290479844619656,2.321012294366676,3.146764179148396,10.04580307006836
2830-3979-0010.wav,1.3686978816986084,0.7900408664370006,2.482579868837536,2.1849947679514945,1.8656392972370544,3.462308093050184,7.912473678588867
672-122797-0070.wav,2.5944204330444336,0.9323939148362076,4.059397484323027,3.1228085709825937,3.3115797633919866,7.179522206960457,11.698312759399414
1580-141084-0026.wav,1.278329849243164,0.7398079483164287,2.702395696759905,1.79510749777333,1.8745600708800825,0.3746073187636993,5.258155345916748
1995-1837-0018.wav,1.3074572086334229,0.8693139471049112,2.954291220098584,2.2293477076757684,2.0648964873057163,4.8304760013060335,2.125324249267578
5683-32865-0010.wav,1.6338069438934326,0.7924618034546468,2.8094285577514557,2.27021894974686,2.125379950829002,4.4232401421832375,9.035483360290527
5142-36377-0013.wav,2.428056478500366,0.9847585580932252,4.060681403614319,3.221826855502022,3.259342116964433,8.641869448265568,15.883344650268556
2830-3979-0012.wav,1.304570555686951,0.6673875213563586,1.88084975674062,1.78652362864292,1.510821103349917,-1.3612638029957238,3.862043619155884
4992-41797-0014.wav,2.507168769836426,0.9519965359608876,3.9248678377912287,2.931880840031849,3.15974070529304,6.610391153863603,10.00993824005127
260-123286-0021.wav,1.6306445598602295,0.9642411345965354,3.0819834941710784,2.159449556521673,2.293016295186547,1.207813397491258,10.390204429626465
61-70968-0018.wav,2.257044076919556,0.9766331277474614,3.934150665794333,2.97777102655341,3.0710698331781727,7.781990143606294,14.246719360351562
2830-3980-0064.wav,1.114001750946045,0.5609933672002535,1.5076911065593284,1.641537818991061,1.1882347105534026,-0.424262869165014,-0.8555823564529419
1284-134647-0000.wav,1.1815037727355957,0.6338238021398798,1.9368052166900276,1.7203191558741,1.4358435936076996,0.3137141850733752,1.3435359001159668
4446-2275-0008.wav,1.8909542560577397,0.9597503262493102,3.513505629029705,2.5016528865720784,2.674668469226244,3.100809326575112,9.380532264709473
61-70968-0020.wav,2.6938302516937256,0.9657892887077184,4.310213710734483,3.3320499241206782,3.5092961991883995,8.745573538088312,7.135743141174316
5683-32866-0019.wav,1.5495619773864746,0.8574161845620564,3.350856335877069,2.245558906162929,2.39396764166139,2.832417778841628,2.9768972396850586
8230-279154-0014.wav,1.5931463241577148,0.9029439834980004,2.935962817322975,1.983457350969688,2.200265126954521,-1.250081658287556,1.814562201499939
3729-6852-0046.wav,1.8508530855178835,0.906396646246746,3.4252556123399134,2.4693829927772875,2.577565459123038,4.3442747004487545,-0.2222732901573181
6930-81414-0017.wav,3.4491894245147705,0.9420999362815288,4.810438455157918,3.711189673119188,4.142200610760375,8.918968990670692,14.103894233703612
5105-28233-0000.wav,2.1133792400360107,0.8861964212138557,3.6095574126188272,2.551845632902631,2.820476111198659,2.8400350298944628,7.516055107116699
5105-28240-0016.wav,2.1678354740142822,0.8998731166860011,3.657212063883933,2.528327267390819,2.857391620402977,2.683355741958624,5.295928001403809
7021-79730-0005.wav,3.14388370513916,0.971999780711946,4.528949544373238,3.360193626008741,3.820427293915686,6.877615186503938,12.537856101989746
5105-28240-0018.wav,3.0420281887054443,0.9559839612083963,4.445084494787359,3.3677176952741843,3.749923998140845,6.771520813096657,12.411355018615724
5142-33396-0035.wav,1.7647387981414795,0.9009870540008358,2.68473371958358,2.1356255951370304,2.168316150425132,-0.4189233177494916,9.747179985046388
4970-29095-0021.wav,2.063809394836426,0.9250388791463608,3.501911185555888,2.5967410350798854,2.7379553504174026,4.101832128023541,8.163851737976074
3570-5695-0001.wav,2.2909393310546875,0.9255202888006676,3.8541949261041744,2.9034775978471643,3.049250102306957,6.30819526629453,8.46884536743164
4970-29095-0013.wav,3.434086322784424,0.9797522974539804,4.585006613118138,3.374119397131687,3.980386943198129,5.534553568467004,14.180305480957031
7729-102255-0042.wav,1.7311744689941406,0.8739928017239635,3.36698198562456,2.2536293440234,2.528412018025902,0.0531580139498244,4.647714614868164
2300-131720-0024.wav,2.260051012039185,0.95139159379161,3.811587540766863,2.629246449438912,3.008186394678188,2.377635439915494,1.9698865413665767
2961-960-0018.wav,1.8657691478729248,0.9422800140355874,3.045793703070073,2.4673405916426723,2.375482597343072,5.115372650948978,12.264114379882812
2961-961-0002.wav,1.6674308776855469,0.926662194291162,3.0893058329441514,2.436962364235664,2.3422410189809315,4.143830212049887,6.119969367980957
2300-131720-0018.wav,2.1216182708740234,0.934949196994892,3.8382902608966414,2.6548399040540134,2.956135222188545,3.633036413425439,2.2165212631225586
5142-33396-0068.wav,1.6843583583831787,0.8675651134964595,2.4134911089286284,2.1341500031212366,1.9548907366589936,1.8362100541999675,12.92444133758545
4446-2275-0024.wav,2.761905670166016,0.963035077358414,4.409909894095797,3.324635630987461,3.584597586334522,8.49381900320315,14.024921417236328
1188-133604-0004.wav,2.029555559158325,0.8695039447284825,3.600839707446054,2.872743359618887,2.8087061314979724,7.032171729229511,14.86498737335205
8463-294825-0015.wav,2.113407611846924,0.9027883540816382,3.61496224315473,2.3853399714807675,2.831594974798561,-0.1738956071612247,9.661602020263672
2300-131720-0008.wav,1.93868088722229,0.9547524904187537,3.637472934746793,2.58998099175127,2.758805112009977,4.2132522892044815,5.194580078125
1221-135767-0022.wav,2.153263568878174,0.9218418804828314,3.795301609127512,2.8626522907711283,2.950772298051953,6.689464132196969,8.70822811126709
260-123286-0017.wav,2.6995112895965576,0.9794306766736308,3.882602195272698,3.0648442106483724,3.278901313660601,5.364177540422345,12.915310859680176
8463-294828-0006.wav,1.1748223304748535,0.72558554273537,2.0365584366506733,1.487195126356139,1.3975491006238951,0.3894366169490879,0.4487943351268768
4077-13754-0009.wav,1.4176075458526611,0.8693494572022169,3.5624313959249254,2.4894835821287096,2.4844525001375413,5.421228609522674,8.097885131835938
4970-29093-0020.wav,1.9435999393463133,0.8878667143814464,2.899084714693452,2.196841279860269,2.3178360324102933,1.2864369371466566,13.074275016784668
1089-134686-0001.wav,2.303251028060913,0.97235189789375,3.8426284343587422,2.878803351406264,3.0603518836843566,5.354341522607327,11.3973388671875
4507-16021-0034.wav,1.5537121295928955,0.9078382290264434,3.1139038098242846,2.104551819675431,2.2701666416212785,0.9150226982354972,10.821571350097656
4446-2273-0033.wav,2.0593481063842773,0.9200841905716888,3.107824680939731,2.435209687400281,2.502810268527936,3.193351793231665,9.92534351348877
7729-102255-0007.wav,2.1887688636779785,0.9300272163005054,3.5101850673219928,2.797377829405165,2.8302580454243293,5.2331850910489655,10.5371675491333
6930-75918-0004.wav,2.9585540294647217,0.9474531258807776,4.463806881413927,3.3928354919244037,3.7179243572384575,7.766718173088304,12.263914108276367
3729-6852-0006.wav,1.5789690017700195,0.8350733060979655,2.9922631772554835,2.0791179714471184,2.1691821261418385,2.6642205547220903,6.615767955780029
4970-29095-0003.wav,2.090888261795044,0.937995746044249,3.408036572302501,2.540831519582341,2.6969681283506657,3.3592760368641463,12.107427597045898
6829-68769-0005.wav,2.2670178413391118,0.9576395766441678,3.714403851340245,2.783635261317894,2.954944597089832,5.145667722130432,11.389713287353516
4992-41806-0016.wav,3.149765491485596,0.9784886568977238,4.235735730059873,3.2599142470295783,3.643268608989524,6.749581946897442,12.899928092956545
2094-142345-0031.wav,1.2042676210403442,0.698331241028767,2.2313747664229755,1.8277748094908,1.634572192565933,0.055000463220281,6.23013973236084
4970-29093-0004.wav,1.409585952758789,0.8955110874212744,2.7338179923098327,2.0531887880300403,2.003525199367705,1.402250346873281,10.97972011566162
1580-141083-0023.wav,2.719945907592773,0.9434682225673676,4.026881687957976,3.053959525513961,3.3559858534887703,5.257689354509371,14.83476734161377
4446-2271-0001.wav,2.558669328689575,0.968871868983547,4.052624721452777,3.0291759933291083,3.297494727897498,5.641241923159333,13.844733238220217
1320-122617-0010.wav,1.8128972053527832,0.8578762262566576,3.356790241707228,2.2127683027184544,2.5381982572673283,-0.0518944852557541,1.8224458694458008
2961-960-0014.wav,1.7057433128356934,0.892527859059483,3.1827802926573794,2.4554742316251086,2.4029559578598563,4.373516910339342,9.726922035217283
4970-29093-0010.wav,2.062082290649414,0.9360474609044752,3.2096186248873426,2.2067689395601837,2.5304807974501244,0.6198335646180967,9.766109466552734
5105-28240-0007.wav,2.8591668605804443,0.95094991684464,4.187948391964481,3.034273387889687,3.496577178000706,4.322988240622503,9.363726615905762
121-127105-0004.wav,1.0992276668548584,0.8023946730043633,1.0,1.3230150885691,1.0,-4.39663660682338,-3.854147434234619
1188-133604-0009.wav,1.5989327430725098,0.756908134667334,2.781197408020169,2.514666322604535,2.164633717162905,5.443684098297873,8.76102352142334
1089-134691-0011.wav,2.734153509140014,0.969241000952706,4.237967665742237,3.168351700125547,3.486143711895607,6.1746316781643005,10.026578903198242
1580-141084-0046.wav,3.1369450092315674,0.9654283693269828,4.465653165143172,3.307555081519108,3.778183541159315,6.41396085057574,18.091630935668945
8463-287645-0012.wav,1.084863543510437,0.6418920554084516,1.8564050428041,1.488774849284866,1.3136516791456634,-1.1573428677155195,1.054845929145813
4992-41806-0008.wav,2.786951780319214,0.9687907333114882,3.710925331092666,2.373588884100884,3.0772259158647426,0.7958834414021112,4.630984783172607
61-70968-0006.wav,1.5359597206115725,0.932964993259299,3.483539128538807,2.5219179148701,2.4814783633481934,6.072742079095747,9.73713207244873
908-31957-0014.wav,2.549935817718506,0.9621343995093256,3.961009752114558,2.9010629682441564,3.214715586031708,5.118404150177868,10.297138214111328
5683-32865-0017.wav,1.705230474472046,0.8532848212839065,3.1154372201910565,2.361699261693402,2.357652955438696,3.39718703039391,8.37807846069336
4992-41797-0006.wav,2.443453550338745,0.9624082278492396,3.722759298178488,3.007675111373428,3.0181569752119546,8.686671674613045,15.32433032989502
4507-16021-0030.wav,2.257653951644897,0.9303230585459612,3.741229224096823,2.8060255992830974,2.949938953369171,6.172409304501587,9.056856155395508
7127-75947-0033.wav,2.3822004795074463,0.9660239030782132,3.9536447876687246,2.9951542734005154,3.1696192549814364,5.978194517886207,14.171844482421877
5142-33396-0040.wav,2.4235260486602783,0.957582023222229,4.027424514277651,2.7953582062964184,3.216877746126734,2.947972471290808,14.668634414672852
4970-29093-0014.wav,2.161064386367798,0.8783217306097797,2.66061333024018,1.9413634217712783,2.19545941265451,0.5833915245169614,6.507874011993408
3570-5694-0007.wav,3.143386125564575,0.9881561043660844,4.598521290891823,3.542841225972961,3.875118542332369,8.885028551572974,16.243656158447266
7176-92135-0012.wav,2.1238300800323486,0.9634144474600068,3.748179844012849,2.931343698873196,2.94036649984318,6.773722726631462,11.322948455810549
260-123440-0006.wav,2.225902318954468,0.964766013056498,3.7463584909262826,2.6810389629798443,2.9583729086074024,3.463837848159452,12.921294212341309
260-123440-0017.wav,2.829143762588501,0.9680229260315182,4.371237441706534,3.278758857284835,3.5964078790769536,7.383246093100943,14.033361434936523
3575-170457-0026.wav,2.6599936485290527,0.9096606066461446,4.129997582782552,3.140233277916108,3.371308311005855,7.333618895724999,11.128713607788086
7176-92135-0034.wav,2.0540225505828857,0.9736033915775546,3.650867840201069,2.783664294340552,2.857856145652891,4.908165754588076,8.03809642791748
3729-6852-0033.wav,1.8174920082092283,0.8890792036918236,3.311979644715212,2.156261760919365,2.458176321745003,1.6618738298200733,4.721697807312012
2094-142345-0039.wav,2.543069839477539,0.935798449045344,4.1261081809298,3.0574176044138457,3.3281607738492904,6.120640571496774,5.37722635269165
1580-141084-0009.wav,2.4870662689208984,0.960359532070172,4.090495358341887,3.0168029877164235,3.264374548404047,6.684536765629597,14.066644668579102
5142-33396-0046.wav,3.081184864044189,0.97501097765291,4.386996648276756,3.465839101256526,3.748674468076732,7.684701633585854,17.640703201293945
8555-292519-0007.wav,1.079795479774475,0.6030546300698412,1.2714488776457955,1.1296852458996054,1.0,-1.1062694949079146,-3.5218896865844727
4992-23283-0016.wav,2.9395623207092285,0.9844938881654648,4.3781905808362565,3.2962959270701435,3.647991835905826,7.160146469176843,12.766718864440918
237-134493-0016.wav,2.971077919006348,0.949508813242248,4.354285054430152,3.304910112283575,3.6629768775250273,6.574633459001704,12.345929145812988
8230-279154-0036.wav,2.612101793289185,0.9610261621067142,4.007862312573397,2.879649129451784,3.2853494008861857,3.6049809105288175,10.821370124816896
61-70968-0052.wav,1.8516535758972168,0.9003215046232197,3.6382860257131098,2.314011262316407,2.6997148662528567,1.178160617778452,7.178175926208496
5683-32865-0003.wav,1.8427218198776243,0.8471468233524134,3.1362779241889176,2.3889823701774757,2.396433443065193,4.594259795358545,8.98104476928711
1089-134686-0024.wav,1.9072842597961424,0.9370119459228544,3.4507536882784717,2.658965382521677,2.662303633907183,5.006351110777859,10.97246265411377
61-70968-0058.wav,2.732445001602173,0.9807483564750138,4.517989513995536,3.409586223334963,3.65227393212296,8.797935798744362,15.26845932006836
1221-135766-0007.wav,1.998052716255188,0.8366225066504326,3.69392703799841,2.4037722575471734,2.8073994216579,1.2246024126602424,5.530345916748047
672-122797-0052.wav,1.912771463394165,0.839670996998211,3.450514867235393,2.544150591869548,2.6251117885489963,4.8977452213071855,7.787763595581055
4507-16021-0025.wav,2.550201892852783,0.9478166658988628,3.984814558632363,2.9286210224551885,3.236487000683621,5.122366718508465,13.446317672729492
4446-2273-0021.wav,3.5228142738342285,0.9836823298197102,4.964110954039096,3.824311009978304,4.263341122301603,9.825504400487857,18.98000717163086
1995-1836-0014.wav,2.735931634902954,0.931440341496396,4.204321401546288,3.037606489827885,3.4576378780810897,4.643710770646959,11.195772171020508
4446-2275-0032.wav,2.323983192443848,0.9050615437297532,3.935554910452756,2.9706593594469117,3.113094076948426,6.829735372214658,7.051300525665283
260-123440-0001.wav,1.7084202766418457,0.9621535240534016,1.922415569088593,2.054150193309889,1.70446645251094,1.1870052857828954,10.212444305419922
2300-131720-0028.wav,2.5251827239990234,0.9589064378910096,4.187464786945366,3.038719354527021,3.35207500819628,5.853050891135213,7.190732002258301
6829-68769-0002.wav,2.0080103874206543,0.944347965291078,3.546669323207152,2.258273692466443,2.728961573029859,-0.7112664959406992,8.342486381530762
1580-141083-0015.wav,2.940619468688965,0.9524211516895916,4.139490937182518,3.064427871124723,3.4855449271687777,5.41956955940696,15.166877746582031
5105-28240-0006.wav,2.156860113143921,0.9281701707899986,3.777931386406224,2.6776447701254185,2.936160355816746,4.068555874708348,6.587647438049316
1580-141083-0010.wav,3.342191457748413,0.9602401327129853,4.842611576680207,3.695419058615679,4.10995037811396,9.226176080089049,18.37788772583008
61-70968-0041.wav,1.470620036125183,0.8025744099504662,3.083676864095674,2.130763043710391,2.228684901877989,1.2778583757956803,5.460224628448486
4507-16021-0045.wav,1.275312423706055,0.6580614551283609,2.258544474854001,1.6323963618093842,1.57730247421282,1.1142223672769882,3.6484215259552
5142-33396-0064.wav,2.34854507446289,0.9811743774800936,3.755470351863967,3.0890176196143804,3.0495484443468417,7.920398365055374,16.911848068237305
3575-170457-0036.wav,2.9249746799468994,0.9774721028372848,4.287300924653398,3.321315505196953,3.588417805321134,7.975662200021504,14.819912910461426
1580-141083-0000.wav,2.7569446563720703,0.9550303870806796,4.357886967562175,3.087437974544776,3.564394219992124,4.405712692556652,16.25762939453125
1089-134691-0017.wav,2.408118724822998,0.9201491356810616,3.95047698137558,2.877431504645336,3.1746727370193337,4.197468397728497,9.10737419128418
8463-294825-0000.wav,3.1150572299957275,0.9866862385046002,4.561624438684188,3.481449380685388,3.8363560718512977,8.39419281563916,14.742928504943848
4970-29095-0007.wav,2.735940933227539,0.9649294842765288,4.058543294902619,2.9762710859329102,3.379239676885304,3.928601877550054,11.708097457885742
3575-170457-0007.wav,1.7231831550598145,0.9456874589650548,3.189902683299908,2.0942249480925708,2.3866372112656,-0.2297835320943532,7.845425605773926
1089-134686-0018.wav,1.839798927307129,0.8902259238096982,3.339206570164796,2.48537859645848,2.560074892232385,3.3203164500925664,5.8549017906188965
4992-23283-0008.wav,2.82154393196106,0.9587310108396336,4.16126281566021,3.1495537131888085,3.46153126595712,6.560321413675158,11.780036926269531
5142-36586-0004.wav,3.611783027648926,0.9928564643422758,4.760663907783448,3.602888383939888,4.146770580200694,8.291153915060722,18.852027893066406
7729-102255-0017.wav,1.3082149028778076,0.7841109589058979,2.5257148538032945,1.7998978684264515,1.836352315616344,-1.3010974106461826,0.8253543972969055
7021-79740-0010.wav,1.943220376968384,0.931285483771004,3.4996192642460926,2.557891669389711,2.6752748626255567,4.428620851027408,9.039843559265137
3570-5694-0008.wav,2.087954044342041,0.9452936059836652,3.497958834231342,2.6294949290426297,2.7494490457072644,4.382672670671195,8.692093849182129
7176-88083-0024.wav,3.082003116607666,0.9890148976106452,4.528093422235349,3.4027458169882623,3.81249194892268,6.976671427570777,11.153154373168944
7176-92135-0020.wav,1.8056724071502688,0.8573039226968984,3.332896662363088,2.2397846746623724,2.526111031369481,0.2797592182716382,5.55320930480957
4446-2275-0029.wav,2.8301119804382324,0.9365095663105972,4.471648464591758,3.3013739324358777,3.6587140398559495,7.212518661252608,10.783337593078612
237-134493-0001.wav,3.017879009246826,0.9404580767187072,4.219804470311745,3.089366208069235,3.5799689439261173,4.548555435589933,12.459050178527832
1089-134691-0012.wav,2.4902267456054688,0.9765027296642544,4.040910818116696,3.126271479895375,3.276563854291807,6.844400806676771,13.192121505737305
1221-135766-0000.wav,1.8185157775878904,0.8981874883655248,3.5808976024910613,2.502307341580861,2.6762049823580334,3.4588804346836275,8.423555374145508
260-123286-0004.wav,1.7019598484039309,0.9428577230365514,3.208724808972932,2.227009989421083,2.4006052271316105,1.3639707337322533,8.806456565856934
8455-210777-0064.wav,2.3504786491394043,0.9599912160447704,3.904007171294621,2.9365364375642597,3.1129211956364142,5.99256315170086,12.402212142944336
7021-79740-0009.wav,2.958716630935669,0.9818884043943424,4.410645616036622,3.241684992463033,3.67818957606227,5.955138146914686,12.89939785003662
8463-294825-0002.wav,1.6733903884887695,0.8719301247356793,3.251728001225355,2.19774076629312,2.418614478244917,0.6297894665850334,8.648167610168457
260-123288-0027.wav,2.247735977172852,0.9586363278173446,3.699161515915223,2.8388113949564007,2.936864079189588,6.201249048194628,11.859177589416504
1188-133604-0005.wav,1.699231743812561,0.8180109978523189,3.36121261106333,2.597814653417969,2.517076541592234,5.421056350332515,10.802289009094238
672-122797-0007.wav,2.253028154373169,0.8432454922650698,3.793744620549806,2.864533641903776,3.007726855866154,5.638476122461958,9.33254051208496
4077-13751-0019.wav,1.2543007135391235,0.6806072743043122,1.148615618330144,1.2000744965309242,1.0,-0.4078543836310661,-2.7370667457580566
5142-33396-0042.wav,2.59051251411438,0.949476998644474,4.060947026710365,3.150756755736856,3.32829728474019,6.8632613015022415,14.459945678710938
8555-284447-0017.wav,1.7468492984771729,0.8840191190382368,3.1154641354271044,2.5468729213181955,2.3911900613906485,5.469600645915681,12.707594871520996
1320-122617-0018.wav,2.4961979389190674,0.9544595784546408,3.98308139871031,2.871768090899305,3.2119963855686766,4.469226425068081,4.121269702911377
7021-85628-0014.wav,1.405872821807861,0.8831244521736236,2.7652426775119925,1.7169143123696042,2.0063741932246515,-3.426494335421724,4.019623756408691
1089-134691-0016.wav,2.8332228660583496,0.9495718579257916,4.318931988581178,3.089149039866137,3.5629830913301093,4.759369513150115,9.62476634979248
8455-210777-0045.wav,2.748817443847656,0.9894356456284342,4.233164036046297,3.336104120615047,3.4886356523491404,8.837256207319975,16.760995864868164
1995-1836-0000.wav,3.73085880279541,0.985236936059919,5.0,3.710009322326583,4.435568304546286,6.489298015707589,11.42674446105957
4446-2271-0002.wav,2.013958692550659,0.9285667217812164,3.4273078144704963,2.361080395546183,2.660255024800392,1.4182391288711853,8.222319602966309
2830-3980-0007.wav,1.7866010665893557,0.8755340335204677,3.267348402931437,2.514844420195843,2.4886832137880086,4.578235825044228,9.152652740478516
4992-41806-0013.wav,1.6793925762176514,0.9463561033490414,3.29830534744437,2.524143405378507,2.438334245133777,6.051038743519315,11.302162170410156
7176-88083-0009.wav,1.6615798473358154,0.9381740036606888,3.306148122877277,2.4863499738532746,2.4653561019448613,4.171365532366669,7.724135398864746
8455-210777-0070.wav,1.339331865310669,0.7993694815159078,2.798512842959202,1.9783005317569484,2.023973100649069,-0.2990900421121756,5.469245910644531
61-70968-0043.wav,2.5206689834594727,0.9191095870974066,4.078963358639129,3.031629424105766,3.281633860613854,6.399286478437147,9.584089279174805
4970-29095-0027.wav,2.909259796142578,0.935257463010696,4.293946047939492,3.2207662307656384,3.585564397433817,6.420642383704429,13.43362045288086
1284-1181-0000.wav,3.36120343208313,0.9832402632735524,4.68944108287966,3.559685218179304,4.038048871094437,7.16043975607249,17.30415153503418
3570-5695-0003.wav,1.6472264528274536,0.8690230375163833,3.2520744901056173,2.085339058252226,2.400143063439246,-0.7165244035293186,7.07111120223999
237-126133-0013.wav,1.477287769317627,0.8101801344107569,1.92301174891872,1.542919987589585,1.4711590734367688,-0.0240126512715041,7.264199733734131
260-123286-0013.wav,1.9264395236968996,0.9619312353217409,3.3753492336424182,2.684053790047812,2.637321808930708,5.133037284840191,12.480765342712402
3729-6852-0026.wav,1.867379903793335,0.9065419545643182,3.3477005162692715,2.4696777911111294,2.528082577862836,5.071222646990298,10.227952003479004
4077-13754-0007.wav,1.628239631652832,0.88323049751904,3.279606442728069,2.1347477781167505,2.4103658674589354,-0.0574629018586215,4.323222160339356
8230-279154-0026.wav,1.500332593917847,0.811673675128492,2.842992279470261,2.093418496475723,2.105486281391834,1.2723144131896666,4.951501369476318
61-70970-0021.wav,2.128685235977173,0.93961013522936,3.796720162921489,2.9385049952687585,2.9556437672268703,7.349598221277158,10.283220291137695
1995-1826-0006.wav,2.95769476890564,0.9692274727832558,4.165031128516161,3.034608321245275,3.492503001115752,5.449922752132872,12.352312088012695
61-70968-0042.wav,2.525644540786743,0.9467093030864766,4.179864765828325,2.8870094044129573,3.35251608522883,3.2656822203591034,7.806283950805664
61-70970-0039.wav,2.0163207054138184,0.9391114538879468,3.957636582939437,2.8690058660295845,2.9858914196509088,6.794067783524158,7.435435771942139
6829-68771-0025.wav,2.3024189472198486,0.9610470473182264,3.710265434214058,2.9274216195184795,2.9815131858489807,6.685694113246889,13.448476791381836
1995-1837-0025.wav,2.7236135005950928,0.9571556523992464,4.173943454356349,3.200705444076472,3.4457723283461568,6.908811673585244,17.02005958557129
2094-142345-0018.wav,1.7187538146972656,0.9303090941704164,3.3955497412247477,2.157904469024552,2.518815278204308,-0.5992833729016933,7.0464372634887695
1320-122612-0008.wav,1.883279800415039,0.8698697317277819,3.308010488249625,2.423355637397879,2.5673727416294567,1.967865250275968,2.3396096229553223
1580-141083-0011.wav,2.133357048034668,0.9633369994345506,3.8383112529022503,2.8294601645012145,2.979457713604752,5.549781245009235,14.276884078979492
1995-1826-0002.wav,2.67508864402771,0.9706515318056516,4.216839321078528,3.05915022309756,3.430681279195297,5.555763179151852,15.28639030456543
1284-1180-0020.wav,1.090463638305664,0.6599564747088195,2.0464166333265297,1.6552805897299998,1.4662439314262683,-0.9898379117835356,1.4245449304580688
4970-29095-0029.wav,3.088484287261963,0.9392485401112878,4.475234873835225,3.334280169705514,3.764697741937552,6.931913156630659,12.410107612609863
4446-2275-0003.wav,3.5466229915618896,0.9654839195820965,4.9364237791392025,3.844989104679765,4.255283245471377,10.250838249029918,15.41838550567627
5105-28241-0017.wav,3.1113510131835938,0.9102403070092384,4.723780605477892,3.601617023653697,3.93207694547658,9.584773148291491,2.067525625228882
7176-88083-0002.wav,1.3541733026504517,0.8503509234753941,2.643984638134876,1.6095456648417916,1.8925288024568143,-3.5310803913444326,0.1602868139743805
7021-85628-0022.wav,1.0951318740844729,0.7383760817267191,1.7114452947993797,1.7577247420935056,1.3163199211722465,-0.0331934557609341,1.1279292106628418
1580-141084-0033.wav,3.3075554370880127,0.9682243732812762,4.792936613661705,3.604687842782435,4.053042233875387,8.696521007005382,15.36069107055664
4446-2271-0017.wav,1.7172929048538208,0.9254059383140012,2.893477257419087,2.57496732695813,2.29534448497456,4.838578644231564,13.816929817199709
8224-274381-0008.wav,1.046520709991455,0.3892277104798834,1.0,1.0,1.0,-2.8180643225574333,-5.771653175354004
4446-2275-0036.wav,2.4062790870666504,0.9191497652173204,3.740128543749888,2.9924609931637614,3.0510315686792278,6.832515750900977,12.64051628112793
237-134493-0010.wav,2.3629934787750244,0.8860007447194055,3.7832119331580767,2.84784033973286,3.0521394543698217,4.798022869387712,12.604833602905272
1580-141084-0029.wav,3.2756190299987797,0.9719979034555164,4.764314321252994,3.62708668849658,4.034191451225996,8.786914761281867,17.28091049194336
3729-6852-0002.wav,1.3311278820037842,0.8100255896964605,2.5052394706186187,1.6307770793672491,1.7525462721041132,-0.4060810285125359,7.348093509674072
2094-142345-0033.wav,1.4408137798309326,0.790046799301002,3.152164505798099,2.3124962299852148,2.26350187875828,3.6929388232879994,1.6804773807525637
7729-102255-0034.wav,2.690879821777344,0.9496814577865308,4.1194707230915055,3.184011580281941,3.400001646988197,6.986357357568599,11.4949951171875
7176-92135-0010.wav,1.8830671310424805,0.9679548813523946,3.291843717098045,2.60617545339872,2.56158804870949,4.767101391780124,11.532774925231934
1284-134647-0004.wav,1.4642988443374634,0.7574417804363089,2.9243969715093887,1.8541981467858828,2.080188150270218,-0.1539176783838394,-1.4777450561523438
8455-210777-0053.wav,1.8660459518432615,0.9327029198631543,3.34354213623116,2.595763209084598,2.587673310866001,4.336345985702546,9.92129898071289
8463-294828-0023.wav,2.5813021659851074,0.9501130240772688,4.080717112252461,3.192511064780013,3.330129209584123,7.743692003733798,15.2789306640625
4446-2271-0023.wav,2.889842748641968,0.957951893648206,4.210384851489411,3.3148817010133818,3.550459424439432,7.344688193053153,15.303753852844238
4970-29093-0006.wav,1.5624520778656006,0.8204445783442816,2.5678368179344626,1.738807796506488,1.936752196853068,-2.04351919951553,5.399779319763184
1995-1837-0004.wav,1.541008710861206,0.8905097628951179,3.3953236950970664,2.552147469812444,2.439127506276833,6.558636763819122,5.243041038513184
1320-122617-0040.wav,2.4374325275421143,0.9203814739561564,4.043396320235061,2.8738475317640115,3.2341568773600637,3.986556778679613,1.8878209590911863
5142-33396-0006.wav,3.413290023803711,0.98142416944456,4.809226726178926,3.682196743731656,4.126972406556311,8.576819436693317,19.075023651123047
4446-2271-0020.wav,2.0467422008514404,0.930132378074488,3.3856371653836166,2.3743730576739583,2.6677409764814453,0.8665236329958758,8.984126091003418
237-134493-0012.wav,1.8764235973358157,0.8811413042509324,3.2765176637432614,2.3966855034122454,2.5261523328161424,2.569743178157581,8.020075798034668
61-70970-0035.wav,2.169781446456909,0.9526677022576396,3.954576321001871,2.941420542983974,3.0532040085333216,7.160574605212632,11.168004989624023
260-123440-0015.wav,2.731203556060791,0.9783535664865604,4.274171767677442,3.2412479202634685,3.507838271524656,7.126307218414739,12.862238883972168
1995-1826-0022.wav,2.040531635284424,0.9141939919480336,3.537206698122617,2.438721967292783,2.7108369259943497,3.220896748235675,10.146530151367188
1284-1180-0029.wav,1.410841703414917,0.867723676049455,3.1092973627778657,2.3762673778433947,2.218789020777635,5.296011538632508,7.294380664825439
237-134500-0037.wav,1.8236560821533203,0.911375452498246,3.4622379198171074,2.666629194191573,2.608858092715201,6.508451375976291,14.298595428466797
672-122797-0053.wav,2.2637863159179688,0.8597173746735419,3.716943958723834,2.8095699538505854,2.940980094368321,6.180900885343675,11.105426788330078
4077-13751-0010.wav,1.4012067317962646,0.8427975153803487,2.9244942533446285,1.9858848157827464,2.119743704738372,-0.7292953210449877,3.156728744506836
2094-142345-0005.wav,1.2040269374847412,0.6768399310981479,1.8229905904377557,1.9341283781858083,1.4440414300540398,1.1814330001709792,0.3909089863300323
8455-210777-0001.wav,2.60420298576355,0.9812772932273468,4.068481116993467,3.1701491997046816,3.324617495949897,7.699088064638647,14.897455215454102
4507-16021-0019.wav,2.672182321548462,0.9813350112792284,3.866183360067711,2.877632297386245,3.169103402187471,6.469543885946855,16.344894409179688
6829-68769-0010.wav,2.322784662246704,0.9635922377875232,3.9356195936420857,2.3721908307496102,3.090298775855559,-1.6815785363740774,8.16214370727539
4992-23283-0004.wav,1.495564579963684,0.9091899028806084,3.081941459640612,2.461426333177417,2.2511074934813275,5.866230544582365,10.18431282043457
2300-131720-0030.wav,2.2027010917663574,0.9305415615107562,3.7998144415476216,2.702166024249668,2.978131348080117,3.760384201100728,2.352468490600586
1320-122617-0030.wav,2.6391398906707764,0.9745707093113898,4.07332363733833,3.052169572214715,3.341283023960531,5.71049759246403,5.985001564025879
7176-92135-0030.wav,1.124969482421875,0.7799291363485761,2.263192723598729,1.7358459417166294,1.633291586638014,-1.8128261282062368,5.582760810852051
7176-92135-0042.wav,1.8640297651290891,0.9234028581459436,3.544157361143217,2.6256378511382104,2.6922886332746185,4.569719027450981,6.713199615478516
4970-29095-0012.wav,3.110056161880493,0.9370998744679452,4.36448926235874,3.210606657715405,3.699295598690524,5.7388447715026345,15.15593147277832
1089-134686-0028.wav,2.766890525817871,0.98786497746976,4.512978959256429,3.4757253732813678,3.673231948162598,9.319534321210762,16.80517578125
3575-170457-0003.wav,1.8478376865386963,0.8258645391806706,3.244652330375886,2.3811584906634704,2.5049767286370126,2.138594742391113,7.547376155853271
5105-28241-0004.wav,2.461228132247925,0.909696759465258,3.961520304058576,3.0864514473974727,3.2034381069936697,7.26860337969729,11.46186065673828
61-70970-0003.wav,2.526976585388184,0.9635401657848712,4.056617576808317,3.1735728966118173,3.2942103092941304,7.700850926754619,11.935798645019531
7176-88083-0027.wav,2.22493052482605,0.9551902140496632,3.8688577409968072,2.942450175637462,3.058324952617429,5.8806686792630725,8.844253540039062
2961-960-0001.wav,1.1522903442382812,0.7312835675353012,2.2043567084666438,1.6582254391639788,1.564386896947954,-0.8983013272323421,5.266188621520996
2830-3980-0045.wav,1.6216564178466797,0.8738893542595324,3.256966893956704,2.4105142304286087,2.3843806694601226,4.871834503880314,9.22197151184082
260-123288-0007.wav,2.4624452590942383,0.9657489820292974,4.020294195221564,3.027639329992909,3.235047683768445,6.248703534987179,11.558862686157228
260-123286-0009.wav,2.649017810821533,0.9795957805127395,4.135099212882571,3.185873401630388,3.4044629830967885,6.548224460206452,13.36843490600586
4446-2273-0016.wav,1.214609146118164,0.7802360764584294,2.4030589077663747,1.4592091508301706,1.6540099226424705,-2.736294004061375,1.0704288482666016
4992-23283-0017.wav,1.2723071575164795,0.8740651892677768,2.765798056528752,2.114395012993316,1.9680598403873768,2.6247881482782573,5.9319682121276855
8555-284447-0022.wav,3.3166182041168213,0.9632600208248608,4.649214889714518,3.598672203266999,3.9846878860029102,8.59479451770957,15.034689903259276
2300-131720-0020.wav,2.394287109375,0.9817520047626204,3.973552349673284,3.0414502053864694,3.187079972002181,6.557372889512925,9.773512840270996
5639-40744-0016.wav,1.3741800785064695,0.8243738305632238,2.186258859735094,1.873659606660822,1.7075667410658677,-0.9307102156991046,4.998125553131104
4992-41806-0012.wav,1.2114214897155762,0.8166658351840831,1.5748742195310808,1.74431558146048,1.2363307350368151,1.989155482817436,5.854228973388672
61-70970-0001.wav,2.068532466888428,0.9509708461387086,3.6328268327560576,2.9187421140058776,2.8462467203839608,7.380984655327548,11.429214477539062
5683-32866-0025.wav,2.7369494438171387,0.9550915972907554,4.121462427592049,3.2029085092041094,3.3952003735453933,8.216938046233867,17.127357482910156
5142-33396-0065.wav,1.4481689929962158,0.8668816559062493,2.549306059542207,1.9242872385585728,1.9509350328450503,-1.8060283497212049,9.692301750183104
61-70968-0037.wav,1.4020533561706543,0.843051313457485,3.2558886682283887,2.4641533969840124,2.3106934687908463,5.726603598503208,8.617956161499023
4992-41797-0015.wav,3.2891616821289062,0.9732540125495652,4.480063079428262,3.559624466854468,3.855880484378349,9.539355197582038,17.22676658630371
2830-3980-0034.wav,2.6199100017547607,0.9249708588049068,4.181544635443043,2.977721968894734,3.357464148449948,5.906409571891194,11.9028902053833
237-134500-0016.wav,1.1459126472473145,0.7249853838982205,1.386149850424589,1.1147748766852414,1.0,0.6579284366366115,-0.9524065852165222
4970-29095-0011.wav,1.535453200340271,0.8773178700187529,2.8534422505866246,2.1200365555431047,2.1097602187199205,2.250510088952585,10.37208366394043
4970-29095-0031.wav,3.0081043243408203,0.943623004698754,4.327440208533877,3.1805618786299736,3.6462852568709274,5.290607403114555,12.649158477783203
1221-135767-0021.wav,1.79036283493042,0.941217863518056,3.77733109142087,2.7992134889068185,2.783168989161103,7.3525029111518,5.635018348693848
1089-134686-0010.wav,2.700608491897583,0.9343601196634618,4.115533206899677,2.813773965027888,3.4115621699362952,0.6565355130738665,10.99114227294922
237-134500-0013.wav,1.8558861017227173,0.8991331183788001,3.3529368020835086,2.600340041815536,2.5875104088585075,4.473172479084849,9.026567459106444
121-127105-0013.wav,2.8313536643981934,0.9534438999089672,4.290821829308135,3.208607665376392,3.559937817214496,6.146060831696391,11.087579727172852
61-70968-0061.wav,2.033651828765869,0.9533149629633944,3.885558733428349,2.8882104714953525,2.944703806336805,7.587556312974249,12.449427604675291
5683-32865-0007.wav,1.1883766651153564,0.7163493202359115,1.8713184880599505,1.159024329689777,1.2356769230489903,-1.1114359424920086,-0.3721369802951813
7021-79759-0003.wav,1.4111672639846802,0.8936619001407289,2.6411451253266387,1.8960186610165763,1.9554806883046156,-0.9841536114382556,1.463876724243164
908-31957-0019.wav,1.719536066055298,0.9083128368085932,3.191233170579052,2.3690902847217816,2.4042562091069315,3.3325789922253266,9.041915893554688
2094-142345-0032.wav,2.845011711120605,0.984254813288287,4.425566874334242,3.3703126330187234,3.632123149135386,8.686575354985989,15.018041610717772
1188-133604-0001.wav,1.2061622142791748,0.545005018039737,2.183730998146965,1.7562035980297095,1.6003212561810018,-0.5886794032740073,2.991868495941162
3575-170457-0010.wav,2.343313217163086,0.9615834372866968,4.025352511905006,3.2040385200045947,3.189742267309314,9.409102517952546,14.292279243469238
8455-210777-0042.wav,2.33845853805542,0.9518687833858824,3.813737981895056,2.964705264519591,3.048110683863934,7.140026271413595,11.477664947509766
121-127105-0011.wav,3.1335713863372803,0.976608960375982,4.725981639640159,3.5978230563279587,3.963886282901431,8.49708603210721,14.79763889312744
6930-75918-0014.wav,1.4072582721710205,0.8400368322135391,3.2180479141222627,2.082346314013293,2.2476502212487293,1.6905470034071244,3.1771256923675537
1089-134686-0033.wav,2.332172393798828,0.9686187354811532,3.894584955023929,2.7340289966360958,3.088414588220838,3.382951614616861,9.268880844116213
8555-284449-0005.wav,1.9466243982315063,0.947186316488932,3.585785524216329,2.677037049560088,2.7304475451648376,5.8278455109142,14.794790267944336
5683-32866-0014.wav,2.2135729789733887,0.9627518685213976,3.8862777399844046,3.0001746494598502,3.0239250876244483,8.527933845091733,14.392906188964844
1221-135767-0017.wav,1.3890399932861328,0.7552367550225062,2.889054294319349,1.9267915278085053,2.052552118735163,0.337806950375197,3.631260395050049
7127-75946-0027.wav,1.4292168617248535,0.7815013257220124,2.8613589305534277,2.202488144258885,2.08326917028026,3.342459740051876,3.948859930038452
908-157963-0020.wav,1.4317002296447754,0.8174044099238608,2.8721162256258506,2.1137584801960614,2.082324094937759,2.247926986817896,4.667647361755371
1995-1836-0002.wav,2.971414089202881,0.9732969650435428,4.484857543458145,3.2544268891777564,3.725542546466564,5.884130194940247,13.256183624267578
5639-40744-0036.wav,1.1122229099273682,0.7369129809080017,1.0,1.4180029929323912,1.0,-2.561909478022319,2.212433338165283
1221-135766-0010.wav,1.740222454071045,0.8803941928629938,3.467671471245548,2.547313738236636,2.569601790695354,5.2400490258863215,7.541701316833496
5142-33396-0037.wav,2.245387554168701,0.95796699656348,3.7372903981950887,2.979120125664763,2.981216117414864,7.275711624087265,16.15400505065918
4077-13751-0000.wav,2.944687843322754,0.9772782231277604,4.650250697913981,3.4579746710691195,3.818110107119088,8.270603189900907,7.0845947265625
8463-294828-0033.wav,1.302906155586243,0.8680488598954039,3.0945328634522893,2.035785517454507,2.159398223700832,0.6021244935358893,6.658219814300537
2961-960-0003.wav,1.668675661087036,0.8560285734913101,3.0122673405059146,2.383949407824703,2.290251139693407,3.922354752852805,9.25332260131836
7127-75947-0027.wav,2.26482892036438,0.9392655419050008,3.790893060311199,2.821805532796429,3.0158360971400304,4.713464050674729,10.983295440673828
6930-75918-0018.wav,3.180248498916626,0.955041145242522,4.691219151022915,3.5719540531536547,3.953457782186015,8.468189469907385,11.835960388183594
2830-3979-0007.wav,1.50407612323761,0.7928534977308789,3.025846766200256,2.0869117831836475,2.200922323248628,1.0277197374306584,4.133123397827148
4446-2275-0019.wav,2.5389087200164795,0.932223966255048,4.113795343938153,3.16808534390484,3.325552309696721,7.661263575615981,11.651965141296388
1995-1837-0023.wav,1.716264009475708,0.9178517480091736,3.415526241235237,2.593771084961037,2.535313063633866,5.993788767227105,9.625137329101562
4507-16021-0044.wav,2.1974380016326904,0.9211737054503196,3.5011406705103463,2.642592689666303,2.7762522820631927,5.0845451975366736,15.473369598388672
7176-92135-0036.wav,1.117522358894348,0.7597253387820138,2.4126865643412105,1.972819331715511,1.7437645747254735,0.2494137023950798,2.584555149078369
7021-79740-0004.wav,1.804675817489624,0.902946999513703,3.303292692984692,2.415829052712529,2.517149710183149,2.8053380320786827,6.986252784729004
121-127105-0017.wav,1.9070420265197756,0.954412155127266,3.84874270603902,2.835582336903803,2.879500335099164,6.961669335902011,11.97247314453125
1580-141083-0027.wav,3.621641635894776,0.9384264205990406,5.0,3.8443092145672897,4.3487635948305,9.305884902454142,18.486574172973636
237-134493-0003.wav,1.569883942604065,0.897407011569884,3.3315415254702696,2.261322718562728,2.438598479018301,0.9907543509758472,1.7244923114776611
5105-28240-0008.wav,2.047773122787476,0.8936970911333708,3.637253203443983,2.588914052675934,2.8281739111426285,2.7345745392510623,5.988461971282959
2961-961-0004.wav,2.2330996990203857,0.9624959141165174,3.641520906161423,2.8774231232889,2.912611899458544,6.404453825815543,13.270362854003906
121-127105-0021.wav,2.521315813064575,0.9800689461603304,4.112809579900987,3.0304432047761805,3.311465653363437,5.817572988798716,13.76894474029541
1284-1180-0018.wav,2.379858016967773,0.928468015479296,4.023251268766121,2.6516620371619246,3.195773289105743,0.8652191932444273,6.0824875831604
8555-284449-0012.wav,1.5106287002563477,0.7617248862245092,2.653820025642104,2.090470707436525,1.961677784664532,3.5654176643483324,4.798412322998047
4507-16021-0018.wav,3.178303003311157,0.9786551821282568,4.638930634376564,3.607772907897163,3.918468902760904,9.403502898781593,20.28286361694336
237-134500-0039.wav,2.98384165763855,0.9701800083938732,4.414963502086932,3.252181744828692,3.6902989347225295,6.051242750953129,15.10972499847412
8555-292519-0010.wav,1.0630985498428345,0.4153773941703629,1.0,1.2910248308043133,1.0,-2.2912648023635214,-0.9094318151474
237-134500-0036.wav,2.0271499156951904,0.9140521911757054,3.56879144467217,2.507542760166521,2.7580877270887822,2.727690363032978,6.532095909118652
2094-142345-0013.wav,1.9748591184616089,0.898432852220757,3.64803239392826,2.8044320092752297,2.7944995015402205,6.806473113594293,9.175311088562012
121-123859-0000.wav,2.5651137828826904,0.97344222581739,4.091878132078399,3.1435651029279863,3.3251567593824656,7.19319323166608,13.928564071655272
1188-133604-0039.wav,1.5094280242919922,0.8299941818998281,2.9616468566135388,2.201469997643768,2.2158891279738264,0.8577219775598074,8.96610164642334
908-31957-0010.wav,2.149669885635376,0.8196550833359403,3.548175568509995,2.4039455155515013,2.765833952430948,2.086311315598754,7.532132148742676
7176-92135-0006.wav,2.970480442047119,0.980747150013969,4.548367354044273,3.482224015086026,3.777087554774146,8.607537192811014,13.112372398376465
4992-23283-0009.wav,3.1483089923858643,0.9769262427649704,4.471603613575512,3.330018051676359,3.798932670220696,6.153384254715454,14.60746955871582
5639-40744-0041.wav,1.367154598236084,0.8276475725681937,2.1284514336018443,1.598642179394791,1.5863227653586685,-1.3244510815918182,1.5655673742294312
1188-133604-0011.wav,1.7163008451461792,0.7747767851729549,3.049046780177548,2.6260523186654403,2.345434630398908,6.838453765917178,3.555063247680664
4446-2273-0026.wav,2.7276148796081543,0.9744349037682302,4.481420930173603,3.3952066988528133,3.6158232231306697,9.303185173492835,17.330692291259766
8555-292519-0002.wav,3.231027126312256,0.9805671321612036,3.714665857734322,2.395164973300731,3.217470116927766,1.5519182089330474,15.401985168457031
7127-75947-0037.wav,1.382617712020874,0.8485067048949052,2.9405376981746683,2.0198260384275075,2.129116132539133,-0.5243075009426759,6.937517166137695
1284-1181-0021.wav,2.29069447517395,0.944042163147686,3.992933069314176,2.8125235954897225,3.1248448575692462,4.571742157082692,4.814809799194336
1580-141083-0020.wav,2.978983163833618,0.9656436105487084,4.228447682946601,3.1372750682638064,3.549200747873332,6.283861174283201,15.57289218902588
5683-32879-0023.wav,3.5306143760681152,0.9647613298519656,4.831662649813223,3.7078043699611816,4.1730310777027855,9.165930106179095,16.205785751342773
5142-33396-0010.wav,1.7541320323944092,0.963872102998254,3.378458468283907,2.415619881624456,2.5633740212346203,1.6722163650038615,7.86007833480835
5683-32879-0000.wav,2.1183958053588867,0.9087058333908592,3.5083234014420555,2.6554008131376974,2.740380390927581,5.866957618565313,10.448793411254885
121-121726-0001.wav,3.092423439025879,0.9302847676282516,3.330267798091405,3.1137124969628687,3.1989731044926453,3.3133611243674483,13.86667251586914
5105-28240-0000.wav,3.7005715370178223,0.9687351169828784,5.0,3.825215763915292,4.394729300421025,8.549698852938256,16.98727035522461
5142-33396-0029.wav,1.6179940700531006,0.9094303516671968,2.552310415026469,2.0066902579343013,1.977894667996155,0.8698069792767399,7.149408340454102
672-122797-0029.wav,2.7939987182617188,0.8998214686243277,4.226171467828462,3.175311557827976,3.4792331100235496,7.208368667602122,12.889116287231444
672-122797-0049.wav,2.33943772315979,0.8547960822020251,3.768817740512047,2.781095264811933,2.988517473304639,5.880796152781865,12.15543270111084
672-122797-0014.wav,3.41778564453125,0.9707358315675432,4.812658340689031,3.565575890883529,4.1274045000490736,6.847796993427072,10.938272476196287
5142-33396-0005.wav,1.1110577583312988,0.7352885360897825,1.3797754037396253,1.4524316184356034,1.0770378228296136,-1.3741090605795694,-0.350480705499649
2094-142345-0026.wav,1.8692072629928589,0.8513167663471056,3.558694469354963,2.4003362952453093,2.661715381113812,2.7351305018393446,3.440432548522949
1284-134647-0003.wav,1.83858323097229,0.8347233518834005,3.285572773945475,2.5983478861535616,2.528146036639672,5.326625790617783,6.88394832611084
8555-284449-0016.wav,3.337536573410034,0.9695881735597816,4.611071867305655,3.477160052434026,3.964041829789687,7.046170334294955,17.515911102294922
6930-76324-0008.wav,1.5568500757217407,0.8431364346687555,3.240260354254276,2.0966255682994546,2.350779756517974,0.0535256918330358,6.940791606903076
4992-41797-0003.wav,1.1645300388336182,0.9420398206942936,2.806511361592457,2.1348360720093527,1.9166443171417349,4.52698796591854,8.291502952575684
5639-40744-0013.wav,1.552371621131897,0.9318400609133328,2.42594917437527,2.1305940802158614,1.887488067611661,3.0875218236485664,7.046782970428467
8463-294828-0038.wav,1.9421958923339844,0.93836393078958,3.5991064626520712,2.72468631252361,2.752876289091367,5.823094986983921,8.483798027038574
4970-29095-0016.wav,1.647989273071289,0.8460521142224949,2.624898921789599,1.8126410371988608,2.0053728172552248,-1.389920435120534,4.520556926727295
1995-1837-0010.wav,1.0578217506408691,0.6869858214926896,1.7421515604128412,1.5998912268764791,1.232769739559887,1.2688119931678183,1.185674786567688
3575-170457-0019.wav,2.702984094619751,0.963920332737248,4.236179687003774,3.2321777994424425,3.4554152898183133,8.04543897822425,12.42953109741211
2094-142345-0059.wav,2.418754816055298,0.933250065320836,4.0678761699211865,3.063395358122904,3.236146102075468,7.170434664975129,7.28549861907959
1284-1181-0008.wav,1.0872315168380735,0.6372598859704054,1.6419683152992663,1.6715302521344937,1.273856889772612,-1.169413755895991,0.4705793261528015
5142-36377-0003.wav,2.2411551475524902,0.9579419469197064,3.752477260539116,2.9156230929408795,2.9627004240754773,7.354489477412271,8.35758113861084
5142-33396-0031.wav,2.7323429584503174,0.9594507723903368,4.253153661221878,3.2919581586147992,3.491290697169259,8.216237995565129,14.422456741333008
6930-81414-0027.wav,2.0912017822265625,0.9207052180521614,3.842031683891924,3.023380915942537,2.959152724987823,8.98603064004241,13.731422424316406
5683-32866-0030.wav,1.7286410331726074,0.8100644855135094,3.1325526677258875,2.0912139270770087,2.3515730530551355,0.0900794997776109,7.049579620361328
5639-40744-0008.wav,1.3646516799926758,0.8476677529200058,2.5946624069905195,2.0118849115518023,1.9061327411729343,1.3282365391796584,8.691235542297363
8555-284447-0024.wav,2.843149423599243,0.9143102596952368,4.233344014312946,3.0679428721818325,3.488470939464683,5.974931945117062,13.629047393798828
1089-134686-0005.wav,3.1570138931274414,0.965255970847646,4.599670641630403,3.5215555040727096,3.89168093443024,8.042429352877724,14.17685890197754
4507-16021-0048.wav,1.3143305778503418,0.6290807874979399,2.5167527941174166,1.6628625457905697,1.7651695069676263,-0.4468205017716431,1.691148281097412
4446-2275-0011.wav,1.9134846925735476,0.8888372859102529,2.8471076180533395,2.2657279898556144,2.2937243029327665,1.861230134891632,7.035834789276123
8555-292519-0012.wav,3.1819307804107666,0.9663229183516314,4.142008472278531,3.0031335923428712,3.5629750646151246,4.628198202729002,12.718130111694336
7021-79740-0014.wav,2.362768650054932,0.9798502038203546,3.9539994224308903,2.9597058046355658,3.147202296683318,6.126075647317992,10.300289154052734
4970-29093-0023.wav,1.0989696979522705,0.5175886111976652,1.0,1.0,1.0,-3.813305433438056,0.3818238973617553
672-122797-0004.wav,2.359244108200073,0.8781303704397971,3.75452792142055,2.6800880331430066,3.018762287407448,2.922060608943804,4.515027046203613
8455-210777-0022.wav,1.6578338146209717,0.920589919964512,3.1701060421338405,2.461953646873292,2.382154103106791,4.412623274559643,8.851457595825195
7127-75946-0005.wav,2.625668525695801,0.930455335877926,4.177558439196352,3.2545401310593105,3.3901387266346954,8.857774848141913,11.447428703308104
1188-133604-0000.wav,1.7516350746154783,0.709032177820503,2.630327059741548,1.81315693909924,2.091149646342408,-3.52243129357919,2.9900121688842773
5683-32879-0003.wav,2.1923654079437256,0.8569445893211286,3.587413956211993,2.581357296849439,2.80920236273257,4.477761205930335,6.247878551483154
4970-29095-0000.wav,3.608155250549317,0.9842461841271192,4.764785289514268,3.6226323950269816,4.165210050914553,7.829288819901001,18.27340316772461
4992-41806-0005.wav,2.8920397758483887,0.9806510713325218,4.116342949105555,3.153581338817137,3.445406190588981,7.383491610079762,15.658624649047852
5639-40744-0021.wav,1.4814138412475586,0.8554888461082036,2.115733265114354,1.7859034774401747,1.6911198485976513,-1.5729731393464086,5.582015514373779
4970-29095-0008.wav,1.5254817008972168,0.9379204579251889,2.6387068453129947,2.140269574564081,2.023122613939544,1.535113818574332,10.935569763183594
1580-141084-0017.wav,1.9121472835540767,0.8939792564172532,3.329615089988721,2.5081324859735603,2.5880238031620384,3.3005155364298995,13.605621337890623
1580-141084-0044.wav,3.573147773742676,0.9530030578550752,4.772526180520035,3.5034731154689047,4.140732026274833,6.672806320497004,20.084821701049805
1089-134691-0024.wav,1.2577614784240725,0.8271125925269363,2.2119644850016877,1.6306900381132872,1.6272456929617016,-2.3917790036268456,2.200599431991577
3570-5696-0002.wav,1.9910708665847776,0.9265185263130162,3.418698994141828,2.715070619983894,2.6712927639350443,6.02653365767329,9.764486312866213
1995-1836-0010.wav,1.989981293678284,0.9383395578103308,3.3108593517636318,2.4029300292149998,2.5499950786239785,4.036097653619216,7.013168811798096
2830-3979-0006.wav,2.8883514404296875,0.9021420703219616,4.203830647270321,3.418471897781721,3.5413634151726514,9.224190293421469,13.563138008117676
5105-28233-0001.wav,1.8356225490570068,0.8680127188719392,3.355796181463756,2.167986521076498,2.559363455363023,-1.3838518447888422,6.37581729888916
908-157963-0001.wav,1.9495019912719729,0.9485339245940236,3.4135621388235107,2.4507225889396573,2.614782076409408,3.598288673279554,10.650954246520996
7729-102255-0029.wav,2.213655710220337,0.946412486022739,3.70317331150734,2.756378431066135,2.9326689357654976,4.665921416330511,9.142910957336426
8555-284447-0021.wav,2.5392489433288574,0.962007871347236,4.327306777730221,3.268822736159529,3.452936404317213,8.33353530285229,9.21728229522705
672-122797-0028.wav,1.079249382019043,0.4800230991501106,1.2857575959618488,1.0348367645069725,1.0,-2.5981651227450437,-0.8731919527053833
3575-170457-0037.wav,1.6160467863082886,0.7941083313545062,3.028750079251212,2.345686064897847,2.252948685096129,4.548263336711117,5.484309196472168
4446-2271-0024.wav,2.5625548362731934,0.9136662670381638,3.9359711364104393,2.965514596297336,3.2332224489049106,4.962148685264374,10.726434707641602
6829-68771-0021.wav,2.694481134414673,0.9874177089264669,3.984182055806463,3.0264121228872383,3.3105024089480626,5.514966423311415,13.60440158843994
5683-32865-0002.wav,1.938323974609375,0.9155857460155864,3.665855924340134,2.4151649427754296,2.747682816293401,2.545425984587697,8.29874324798584
4970-29093-0002.wav,1.5262539386749268,0.8592621074554239,2.9989968655634667,2.16544993947538,2.208597620551129,1.6727224513754149,9.416685104370115
7729-102255-0015.wav,2.296628475189209,0.9452632866847768,3.828959817621844,2.844446512613863,3.0417312632618847,5.232658947040959,8.507274627685547
121-127105-0016.wav,2.703608751296997,0.9830009945826576,4.433963158714693,3.288322637805186,3.5785438860487537,7.856759587125466,15.06279468536377
4507-16021-0040.wav,1.1693527698516846,0.6765316400011787,1.4863794230334204,1.0,1.0172596128708375,-2.795945405891184,-1.7005671262741089
8463-294825-0011.wav,1.9484480619430544,0.9215948619873672,3.488775063926417,2.6110567854509266,2.6640512904710167,5.605923018668994,10.633560180664062
121-127105-0006.wav,1.9406862258911133,0.9564321171502328,3.3830150222823825,2.631736394724952,2.65031761827418,4.106943036536575,11.095939636230469
1221-135766-0005.wav,2.5843966007232666,0.964968648968804,4.29220459972136,3.2116929341477327,3.449695147018768,7.461902016526869,11.373123168945312
6930-81414-0000.wav,1.2508955001831057,0.8424957952110042,3.238429506800806,2.1939740275452824,2.226629059355071,2.5429701294914087,1.8938552141189573
2094-142345-0048.wav,2.250682830810547,0.9185050706265032,3.861071381092194,2.765282783935995,3.0277543609750874,4.622258232385414,6.075220584869385
61-70968-0011.wav,2.2902028560638428,0.9647405781820012,4.082979702020135,3.1113930169835418,3.192153797311345,8.316970457497792,11.432929039001465
1089-134686-0035.wav,3.782328367233277,0.98971742836181,5.0,3.821943316811667,4.445050859878007,7.999109985930038,18.18072891235352
4446-2273-0002.wav,2.770701169967652,0.9520508605007568,4.307083033170157,2.829816025790381,3.543545556492552,0.3229834280362672,12.604403495788574
4507-16021-0059.wav,1.29080069065094,0.6675062746102703,1.1385983676224518,1.045850288877314,1.0,0.0544089589543527,2.538159132003784
1580-141084-0042.wav,2.4793567657470703,0.9182854066733096,4.1274946334959495,3.095153402306332,3.2896113304997683,7.514372168062814,14.738592147827148
3729-6852-0007.wav,2.581355094909668,0.9532845437808106,3.9747781821287127,3.009884469766192,3.2247720755192977,7.165126140787206,14.395092964172363
8463-287645-0003.wav,1.256850004196167,0.7583872961942117,1.9030346853729263,1.538207008624786,1.418685514236448,-1.4566691511738112,3.3450279235839844
1580-141083-0026.wav,3.024123191833496,0.9744727860652824,4.525252099450993,3.5681036008428872,3.773495753173779,10.40866870492468,13.720685005187988
3729-6852-0008.wav,1.6307381391525269,0.8454938466408775,3.0134511605937213,2.288613184146723,2.2439477478599423,3.91891699933104,8.59804630279541
7021-79740-0008.wav,1.873884677886963,0.9677764385906252,3.357220197208052,2.563215088095128,2.589905435344631,4.136144609355814,11.418658256530762
6930-75918-0020.wav,1.3715269565582275,0.7885542882974476,2.907773964693935,1.877256845528844,2.0401384086272283,0.2521023132149682,4.880643367767334
237-126133-0000.wav,1.3404426574707031,0.8834327172418479,2.7115207517721127,2.2131459657466825,1.979585890084722,3.493476429460018,6.907578468322754
1284-1181-0013.wav,2.5396578311920166,0.9422512965736212,4.239486528475362,3.061439114517948,3.385830670117374,6.0791044746638105,-3.597750425338745
61-70968-0051.wav,2.6751835346221924,0.9727286686535348,4.285339605458976,3.314449386907808,3.4789809577734654,8.98317978198776,14.417041778564451
5142-33396-0026.wav,1.523029088973999,0.8590107704147198,2.7543796979736395,2.146292379127736,2.106487772076036,0.4576014931333831,6.246424198150635
61-70968-0062.wav,2.313521146774292,0.9280638140231549,3.968440736589118,2.891408820666176,3.1124518953236637,6.167639775864346,10.86046314239502
121-127105-0010.wav,2.944869041442871,0.9554378209109208,4.4927314346632805,3.263053009321057,3.7140745694863866,6.309759877666884,11.132431983947754
61-70968-0024.wav,2.6937179565429688,0.9526135750489814,4.392783933437228,3.3677336664000133,3.5479749906603537,9.416329261488327,13.904077529907228
2961-960-0005.wav,1.1241707801818848,0.5806587161972776,1.475348522874553,1.1750161745703391,1.077571434973461,-3.513587547053978,2.900876045227051
908-157963-0027.wav,1.1814424991607666,0.7242970470497753,2.4144441863033594,1.5365934429137829,1.6014652900661748,0.5704343650293968,1.2771625518798828
5639-40744-0014.wav,1.9106119871139529,0.9478390696730338,2.740557336951499,2.565086769216577,2.258571163760835,5.783806724359652,12.255393028259276
6930-75918-0013.wav,2.391446828842163,0.9487740904564916,4.031400793126724,3.1327615513034286,3.20509676481042,8.439497062849478,13.949679374694824
61-70968-0028.wav,1.5752825736999512,0.8604449872981329,3.187148785940438,2.258266179386279,2.353546128462686,1.60326625452884,7.310116767883301
1284-1180-0032.wav,1.147244215011597,0.6425860317492734,1.0,1.405553875626412,1.0,0.8878425899252417,0.6248092651367188
61-70968-0060.wav,2.8677515983581543,0.9654245079599024,4.50140902810745,3.388314087932352,3.678838297840252,8.910124949431223,12.824335098266602
7127-75946-0021.wav,2.212965250015259,0.775055835839259,3.6465983909902144,2.8438157875227743,2.896554227522409,6.3946105115542204,13.417414665222168
8463-294828-0025.wav,1.3033640384674072,0.8841215296836515,2.437075221134496,1.7416906571234454,1.747369964564446,-0.3188610654409268,2.9837894439697266
4970-29095-0009.wav,2.215505361557007,0.9077383867764854,3.2365741999829747,2.3296031360170635,2.6356390269403147,0.7766757318174292,8.281844139099121
260-123440-0005.wav,2.5636277198791504,0.9592832321214984,4.172798723519391,3.1241321302421925,3.356904213219837,7.238164030492161,10.706276893615724
237-134500-0007.wav,2.9965245723724365,0.968548958461762,4.493281916995819,3.392231094570165,3.749971809063887,7.54799554148705,17.155841827392578
672-122797-0022.wav,1.5347497463226318,0.7314435118213483,3.198676888579419,2.1162755844639367,2.323733948203434,0.3214179598486766,3.1889944076538086
6930-76324-0022.wav,1.7910940647125244,0.8713649580163523,3.6869193230069977,2.6189761174368336,2.729158141714908,4.899929448705323,9.021158218383787
4077-13751-0015.wav,1.8672058582305908,0.8914769095883774,3.4892134440003706,2.583599000190451,2.655259190902939,4.375975775363172,5.0279622077941895
2830-3980-0043.wav,1.528414249420166,0.95706317039924,3.3206748051374677,2.3686866817931,2.358555447693541,5.37535449793361,10.95183277130127
61-70970-0040.wav,1.4734421968460083,0.848596651419759,3.068459171943569,2.21704504746087,2.25306144906291,1.2811713774567397,5.917046546936035
260-123286-0024.wav,1.1523727178573608,0.709249250123679,1.424033557133748,1.3327693501473237,1.0450631587004475,-0.2887677389674684,2.5431060791015625
7127-75946-0023.wav,2.6898980140686035,0.951853553983966,4.314304133348737,3.26087870210881,3.497234095936962,8.179338640087309,11.193217277526855
5105-28241-0008.wav,2.821948289871216,0.929427389930873,4.258843460825094,3.4264317276189318,3.5523523103046046,9.098858183117068,15.892401695251465
121-127105-0005.wav,1.1672794818878174,0.6815178933946909,1.534655162857482,1.4147019208417435,1.1688733276763772,-1.7995636479563346,-0.8254784941673279
61-70968-0040.wav,1.7265772819519043,0.9053251473461644,3.513177729415781,2.567212330255492,2.5971124475628837,5.141364390751314,8.50619888305664
2300-131720-0041.wav,2.1601366996765137,0.9500633350528672,3.256724706857128,2.827493394368733,2.69846107220104,5.541803429846607,9.113476753234863
3575-170457-0018.wav,2.973726987838745,0.9600139414544036,3.861795203713282,2.814719174440904,3.2840155988315103,4.732742217215288,17.65380096435547
61-70968-0001.wav,1.452432632446289,0.8898704561898516,3.180868173444396,2.2257575300292336,2.3127843998350306,0.9443912555625064,6.29353141784668
1188-133604-0033.wav,1.9290646314620967,0.8660084451789829,3.2270814450747123,2.5989395695763173,2.545629216178283,4.609995945682862,10.820844650268556
4077-13751-0011.wav,2.6026203632354736,0.917811588781229,4.164232482176753,3.0463939697986224,3.357808663847716,6.348253280336727,6.798452854156494
1221-135767-0012.wav,2.100675582885742,0.9125313440042584,3.7530973735159145,2.811790393014868,2.91495546546719,5.763974747902831,7.944201469421387
2830-3980-0016.wav,1.0810768604278564,0.6851091434965945,1.2710431218169154,1.2964092521718522,1.0,-1.2069534596004268,-1.7349666357040403
61-70968-0039.wav,1.9909584522247317,0.866882554733735,3.528475037190123,2.60413960036787,2.7171871816471813,4.648574890232034,8.787847518920898
6829-68771-0010.wav,2.3535447120666504,0.9606957521457752,3.905308162373544,3.080203762897105,3.1219677011031486,7.947888622013547,11.17859935760498
3570-5695-0008.wav,2.574656248092652,0.982566907660576,4.295369692593658,3.2744952575714743,3.4316549457468173,9.18018258341095,13.834758758544922
1995-1826-0021.wav,2.277262687683105,0.9289848424288986,3.7451814930142273,2.453863327724089,2.958487855657083,0.580002366396622,6.589801788330078
6829-68771-0028.wav,1.7644587755203247,0.9615410122453644,3.6237790055840655,2.8875636544670096,2.68530165323981,9.32080704988866,14.087602615356444
3575-170457-0040.wav,1.8803846836090088,0.9090050668685596,3.3618162577403403,2.883231466196837,2.5990226454982546,9.010127394320875,13.977182388305664
260-123440-0003.wav,2.6698780059814453,0.9767776425726402,4.124526640122121,3.1390640371744976,3.3817175924680334,6.881413856860897,15.951820373535156
5683-32866-0007.wav,2.991879463195801,0.9160738187052562,4.259202279796784,2.944194493475871,3.578497814060205,2.791578393645577,18.07082176208496
6829-68771-0022.wav,1.649341344833374,0.9141719896196928,3.5446271817841533,2.686258817533683,2.580472557209623,7.321224404815767,9.018423080444336
5142-36377-0012.wav,2.2171926498413086,0.9643625337077492,3.785201001058325,2.9239044075237546,2.972950362510149,7.400408101701481,13.509162902832031
7176-88083-0014.wav,2.743791103363037,0.98161125355668,4.387527735061974,3.181026065736594,3.578624726608469,5.721210354202428,6.698466300964356
7729-102255-0022.wav,1.3089828491210938,0.8258071120019618,2.1979574828141217,1.890772438241333,1.7113217506147804,-1.523913540519023,4.812135696411133
1995-1826-0018.wav,2.2359204292297363,0.9093395867045534,3.648476988056222,2.803384041314527,2.887895757703089,6.512050391350416,9.904327392578123
7021-79759-0000.wav,2.2095344066619877,0.9450357556500326,3.301391523833997,2.356750501249902,2.689470007267975,0.1692600607047818,8.83923625946045
1089-134686-0002.wav,2.850020170211792,0.9684311088807304,4.229530278747713,3.358643346838336,3.555929700222577,7.634179089254117,13.20607089996338
1995-1826-0013.wav,1.7458593845367432,0.8820681266793564,3.3834869711229905,2.082044192458502,2.484815922396733,-0.1724855594336478,0.2626393139362335
7176-92135-0013.wav,2.7358877658843994,0.970186924272739,4.431744592338575,3.3007736824392877,3.606813434532256,7.233470686967545,9.854243278503418
8555-284447-0009.wav,1.86358904838562,0.8901524354476961,3.1134804132501066,2.322985023955013,2.375234230356692,4.286856765957782,10.344501495361328
5142-33396-0012.wav,3.410789251327514,0.974157067121264,4.73211045464405,3.674284850402068,4.088853752525555,8.403461639955843,18.2301025390625
260-123286-0016.wav,1.99541175365448,0.9478560524844436,3.6780644320011167,2.366649129362062,2.799501604943905,0.5968498795461684,8.190159797668457
8463-294828-0021.wav,2.438016176223755,0.9568527788146358,3.990844537280469,2.9177385405316505,3.1954580820263057,5.244763467521735,12.853334426879885
1221-135767-0016.wav,2.001978635787964,0.9134953147856464,3.756942096076689,2.7718651373020085,2.8683547943179524,5.820713944946886,6.805743217468262
1188-133604-0012.wav,2.6962532997131348,0.8857118563409382,4.05675212648535,3.091537098912335,3.356384763549624,6.144060625319665,11.718730926513672
237-126133-0002.wav,1.5415823459625244,0.891433374111894,2.7825090624234265,1.990155865214508,2.0917814848693466,-0.4841350270017268,8.664533615112305
8555-284447-0015.wav,2.07220721244812,0.9196548633546756,3.431618426363393,2.336108916105442,2.6500061776687005,2.421902030218611,5.246169090270996
2830-3980-0055.wav,2.510915279388428,0.9369084581318372,4.106528596188608,3.118458860804345,3.2939598326158297,7.695760334852844,10.631732940673828
4507-16021-0014.wav,2.0376980304718018,0.9855938548158842,3.6551518942547303,2.6396949660822355,2.790795660932546,5.432145565193501,20.4954833984375
4992-23283-0002.wav,1.6925674676895142,0.8727504526496451,2.965116559373507,2.092051085793376,2.269114479771904,-0.4630753202712759,5.298929691314697
1089-134686-0004.wav,2.51167368888855,0.956941875316782,3.9828471863385353,2.9907780533847736,3.228160868128633,5.86783648330945,11.736566543579102
4507-16021-0012.wav,1.978424072265625,0.917390363528994,3.4367619276143584,2.4753045401861478,2.624929102531987,4.474033566976132,14.382675170898438
121-127105-0031.wav,3.451956272125244,0.9509485047107576,4.173734487935827,3.405871202665387,3.8098022373401954,4.800234925708585,14.075983047485352
7127-75947-0000.wav,1.863194227218628,0.8896550744803623,3.5916489658215056,2.304124718589499,2.6879642021378456,0.6857513737454485,4.664461612701416
2830-3980-0019.wav,1.879103183746338,0.973724997895642,3.5381525225820387,2.49420236018143,2.671703002752001,3.479775759575104,5.767290592193604
2300-131720-0011.wav,1.5445053577423096,0.8571429763858227,2.9368229825392214,2.448820379150608,2.2052178586947035,5.224152169062452,5.529786109924316
237-134493-0011.wav,2.9034574031829834,0.964275098738486,4.40956234002828,3.3691129629434635,3.668327788791549,7.578402238893268,16.185148239135742
61-70970-0018.wav,1.8091827630996704,0.8811551991609406,3.6109757314231,2.347740424750473,2.683026207899036,1.2274568396785623,5.664843559265137
5142-33396-0057.wav,1.6336686611175537,0.9553873620959732,3.181761704686887,2.694725686577274,2.3839970031243345,7.927457101060279,13.42949390411377
8455-210777-0060.wav,1.7705334424972534,0.9522223051253804,3.211651350079684,2.568554745739261,2.441824048918232,6.038766692790257,10.116241455078123
237-134493-0005.wav,3.0702364444732666,0.9581526063646096,4.510865874378544,3.3615020017252397,3.797758310681617,6.420976291739872,13.952001571655272
8463-287645-0006.wav,2.405108690261841,0.9243064103450432,4.120170112139872,2.7300033676001068,3.2484159578294087,2.2842478280363165,10.357839584350586
1089-134691-0009.wav,1.9963469505310056,0.85324321120841,3.641618796686228,2.619981829705784,2.808012436587754,3.45775583135733,6.878780364990234
4507-16021-0043.wav,2.9172887802124023,0.9726940056183212,4.306169901100705,3.263247883123683,3.577121990887652,7.852609392944729,14.221368789672852
121-127105-0033.wav,3.2793030738830566,0.9549480642734394,3.9953360715956494,3.2832159447960656,3.635991794958779,4.069048345734062,14.732904434204102
4970-29095-0020.wav,2.720193862915039,0.928721645689698,4.217489856721871,2.734546112527806,3.4526218433528526,0.1121845535660189,10.650236129760742
3729-6852-0044.wav,1.9177976846694944,0.8577632042038952,3.645906561565047,2.6315862488319626,2.737590211162443,5.6870800089190086,9.22757339477539
8463-287645-0009.wav,1.860734343528748,0.8931035822291415,3.398199501780249,2.647624819287656,2.5949968146212448,5.957231906321464,11.877134323120115
61-70970-0015.wav,2.281878471374512,0.9767848002853602,3.9860208424189856,3.028563332140936,3.129940233697528,7.495662003006341,12.81362533569336
4507-16021-0055.wav,2.199525833129883,0.8689088176931729,3.453233864764665,2.4298306035263275,2.7501064941213507,1.8397015140603292,9.221850395202637
121-127105-0028.wav,3.753105401992798,0.9786595042035676,4.371586994922748,3.683300218040446,4.0686940857878255,6.549899365513789,12.124883651733398
7021-85628-0003.wav,2.203040361404419,0.9659875689963954,3.8010029815580215,2.694185359655288,2.9592898786260937,4.494874745811135,7.947142601013184
8455-210777-0015.wav,2.3405606746673584,0.97184660387938,3.7266766426111313,2.8628246215669417,3.0046754510011944,5.558807115523679,14.703875541687012
4507-16021-0005.wav,2.1391234397888184,0.8879188530273974,3.342515678362324,2.2714084237858168,2.6413918265388867,0.802154071892313,8.557080268859863
2961-961-0012.wav,1.975923538208008,0.941478354178886,3.468304943807448,2.595866175553901,2.6842419911161546,4.429280010295051,4.300967693328857
2300-131720-0001.wav,2.0787744522094727,0.946837969211073,3.46711646119723,2.6857435136053094,2.750608032708369,4.41371952925285,4.080865859985352
672-122797-0017.wav,2.844827890396118,0.9268262655187434,4.372666136867688,3.35771874707135,3.6051822171420462,8.511253856252232,11.844686508178713
3575-170457-0005.wav,1.3862342834472656,0.8355801637345937,2.739554973858553,1.8238636473297645,1.964480653178267,-0.7341539146088825,4.181346416473389
8463-287645-0013.wav,1.5227715969085691,0.9045959878016664,2.970968618531602,2.406685849628122,2.2008048538189477,5.179702216774976,11.262805938720703
1580-141084-0043.wav,2.3014650344848637,0.936182974709979,3.743124210360008,2.724570227144845,2.968267440182172,4.755787442512216,13.775300979614258
8230-279154-0040.wav,1.8766062259674072,0.9161052258423348,3.4630447398311155,2.5044738121850734,2.62935418579652,3.825506636152024,6.518136024475098
4446-2275-0002.wav,1.663885235786438,0.9127910825645752,3.286348442442317,2.209786241574785,2.4413194915116776,0.4402369409526882,9.44183349609375
1089-134691-0018.wav,3.0499696731567383,0.9163285891093382,4.3730599270064285,3.095258490137472,3.682106514960996,3.972219433271988,14.294401168823242
2830-3980-0049.wav,2.0029797554016118,0.8963698428392546,3.5194902466683886,2.6889898023081,2.731386201013892,5.349082856650946,9.39882469177246
2830-3980-0033.wav,1.9521596431732176,0.8603428883553825,3.330383491295343,2.7080008691807973,2.611082853520399,6.060535166149211,12.218391418457031
3729-6852-0016.wav,1.6883420944213867,0.8213710660925672,3.108289228310529,2.117974118172664,2.306895406033622,1.3605629586995749,5.27260684967041
8455-210777-0008.wav,2.63105845451355,0.9652030576569584,3.984178139075036,3.0670781903863737,3.278754587338076,6.629314076383591,12.127388954162598
8224-274384-0001.wav,2.4932186603546143,0.9557819176979,3.9903955626794505,3.0583333129493733,3.2306059328643317,6.727325045428838,10.870525360107422
1320-122617-0003.wav,2.792989492416382,0.9692849134035568,4.4416679937264165,3.2535682793103904,3.6252383884536616,6.727105888374484,5.721615791320801
1995-1826-0005.wav,1.1893439292907717,0.783095275655974,2.322220819873184,1.6401598816652434,1.6304885981165638,-0.9703183529647286,4.3055195808410645
8230-279154-0011.wav,1.8964409828186035,0.9014293449039096,3.1466762565020217,2.146330187081077,2.3930422331194827,1.90758536019039,2.758617401123047
2094-142345-0052.wav,2.44500994682312,0.8254799142938334,4.043954101251427,3.0677517023483944,3.226034740310855,7.545575178719423,12.272577285766602
7127-75947-0010.wav,2.7778615951538086,0.972782775928346,4.350159620534731,3.3493530268774325,3.5760642190229985,8.186185356760253,14.68290901184082
8455-210777-0018.wav,1.1750508546829224,0.7752140664520519,1.907826371383882,1.2538818980857704,1.3000976857946576,-1.839105875200671,-0.2654068768024444
2961-961-0016.wav,1.9950568675994875,0.9292118553295482,3.1392239544822647,2.339791234483483,2.4790047984447865,2.4733974458067363,9.473787307739258
260-123288-0006.wav,2.061927318572998,0.9556926560751788,3.179069057322654,2.6894831496605267,2.6096095744394265,4.123627179434925,10.242755889892578
8230-279154-0018.wav,2.9563212394714355,0.963547559607191,4.403603861523642,3.2958990207432337,3.68134832705941,6.487014897460468,9.212265968322754
8455-210777-0058.wav,1.5298620462417605,0.8330615268769225,3.115565188840746,2.091486500962927,2.2716598736563327,0.3286018410139527,3.6759111881256095
5105-28241-0014.wav,2.4498023986816406,0.937561004822583,4.086672134861944,3.068214007626186,3.2528458796725817,7.378387243727799,11.4398775100708
61-70970-0004.wav,2.5105056762695312,0.9473793196735248,4.134370080687124,3.226888521796905,3.3322501330823258,8.334180116446717,12.078285217285156
1188-133604-0013.wav,2.708437204360962,0.9704606536666136,4.112931346040639,3.1006942691191712,3.395163666363015,5.9910665953775135,13.10621166229248
5683-32866-0027.wav,1.415271282196045,0.8216249061370922,3.07239082087901,2.0049098359849142,2.155949716058476,1.4259481921121786,3.857322931289673
1580-141084-0005.wav,1.671757459640503,0.8075821224472793,3.147757703689415,2.3330491797788837,2.3117092110032686,5.184461370182229,12.075175285339355
7127-75946-0010.wav,2.2800159454345703,0.9460228692361176,3.945187284919117,3.076512700275036,3.106832815385491,8.352374688838905,7.978270530700684
8463-294828-0009.wav,2.0640642642974854,0.956073003317128,3.70055729231932,2.726518538408482,2.850903146141641,5.543971650355886,13.596878051757812
7729-102255-0025.wav,1.1000864505767822,0.6757272224136547,1.3720438711256897,1.4608940632896463,1.080599869456771,-1.7270698964535172,-1.76219642162323
237-134493-0007.wav,2.0463430881500244,0.9063253215032104,3.680079582992717,2.5774987782488488,2.8295631920493967,3.410064853237343,9.192670822143556
6829-68771-0031.wav,1.937629461288452,0.9540589096207028,3.223372637019104,2.3639373365113223,2.491265238455429,3.319291640863096,9.108888626098633
6930-76324-0021.wav,2.8962061405181885,0.9556098671227016,4.442236173375713,3.4034832404616817,3.679123999530472,8.25827239366345,10.73142910003662
4446-2275-0023.wav,1.7598731517791748,0.896056384048633,3.2790925080563573,2.113070982877577,2.457306863758493,-0.5511046686225691,7.362589359283447
2094-142345-0040.wav,1.3129507303237915,0.7917409902971144,2.583284667313554,1.9291137634187911,1.882961236873336,0.0279081955755676,0.0755936726927757
908-157963-0015.wav,2.0914952754974365,0.9444013485456288,3.680565079022864,2.811934153149431,2.867512529979112,6.131867405346231,12.13620662689209
237-134500-0025.wav,2.060632944107056,0.9751347427154592,3.094646569660725,2.166933747605243,2.4866341023161294,-0.6223494773318958,12.970824241638184
8224-274381-0013.wav,1.828610897064209,0.8997614964596479,3.465505658567218,2.3458808709529424,2.627061859716357,0.7594463060948617,5.342742919921875
260-123286-0014.wav,1.3325101137161257,0.8370186992725216,1.7607657613805454,1.943187146447274,1.4566184753915827,1.2906573640628625,4.063252925872803
4077-13754-0006.wav,2.5769975185394287,0.9428009252536426,4.155143008924833,3.0429301814627148,3.348551770958262,6.126202354795683,3.999699115753174
5105-28241-0019.wav,3.45229172706604,0.9818157328347218,4.968517548907795,3.9015657867640434,4.239435149286288,11.16771883978664,16.88780975341797
1188-133604-0021.wav,1.928188800811768,0.8646186359022977,3.337015128987543,2.418519342966064,2.5892338667414743,2.222182383347354,4.546867370605469
8455-210777-0009.wav,1.882778644561768,0.9265518326557628,3.14761040681606,2.226616746268214,2.4730382183418653,-0.522399544715872,8.650679588317871
2830-3980-0002.wav,1.5369551181793213,0.9038970164394148,3.264509938659392,2.496757354545052,2.3653735246419463,6.00176739809273,7.072781562805176
121-121726-0007.wav,2.6675493717193604,0.9779599968890104,3.1779279996972285,2.948312795201927,2.925083909459708,3.1865306840337486,15.153316497802734
5105-28241-0009.wav,1.3592705726623535,0.6485373153948718,1.3880728492167695,1.733356530482355,1.2699558119693737,-1.593826195206317,4.217376232147217
1995-1826-0000.wav,1.7424354553222656,0.8157985318912537,3.404740722663553,2.616277059824848,2.5293501629569044,6.761000366324808,6.136483669281006
5639-40744-0011.wav,2.671564817428589,0.935586510408458,3.7538133630122985,2.893878854828676,3.1624866069827053,4.546471165967733,9.856998443603516
1580-141083-0028.wav,3.069633722305298,0.9625800983938788,4.478421914128866,3.2876174404117253,3.750020933791845,6.631381522538741,19.454010009765625
1580-141083-0006.wav,1.8584370613098145,0.8937398343719926,3.353648368335944,2.1266479261179048,2.537265926039156,-0.7790249818420159,6.997029781341553
672-122797-0057.wav,1.271968126296997,0.598014481207254,2.3240307002681644,1.7402269714357024,1.6559671436497054,0.7465168324143385,3.4865097999572754
672-122797-0048.wav,2.403754472732544,0.7363722206797527,3.7947163579959535,2.881359623988396,3.066253563983029,5.558022749304498,10.88838005065918
4446-2273-0029.wav,3.4401774406433105,0.977638485991484,4.867644502113272,3.713174119522797,4.169214206098634,8.882248697711763,16.642358779907227
1580-141083-0043.wav,2.69079065322876,0.9007198684863827,4.259487507714758,2.783760387801676,3.4472440766552737,1.6199161966566633,12.834480285644531
6930-81414-0025.wav,1.2908761501312256,0.7356328945028847,2.10016170373275,1.699564707512599,1.5234570035710786,1.3088022663936787,7.147055625915527
7729-102255-0044.wav,1.621655821800232,0.8770818312281726,2.8926228842962023,2.3805889000848457,2.218057666652991,3.7375285903026,8.599194526672363
6930-75918-0008.wav,2.67313289642334,0.9452121254824024,4.304021651465775,3.3299845320136194,3.491395227811793,9.062300735182484,11.177119255065918
7176-92135-0007.wav,1.390192985534668,0.8670672309330777,3.023498832910035,1.962855657859291,2.162185741138689,-0.9558394725499484,2.864830017089844
2300-131720-0009.wav,1.5031943321228027,0.8451866148190937,2.77955077453333,2.1132298515350336,2.0898605735811917,0.9263943094906696,0.128269076347351
260-123440-0007.wav,2.200147867202759,0.965251169660872,3.8717186911378505,2.808660778146705,3.00953054071809,5.606245462794073,12.494684219360352
5105-28240-0010.wav,2.990648031234741,0.981734010229926,4.358882448922938,3.183871915787009,3.6626729291905433,5.05448765976511,10.696711540222168
3575-170457-0020.wav,2.1109983921051025,0.8796974389557654,3.799348854138624,2.6222745473541296,2.9235343031704515,3.5431017340571,5.707287311553955
672-122797-0003.wav,1.2563098669052124,0.6723308535536336,2.351803537933396,1.6005486018686788,1.645419637156356,-0.6266022645096725,0.3282405138015747
2300-131720-0003.wav,1.4747602939605713,0.9144370533059368,2.8013260012611023,2.3050584568282053,2.106124127043443,3.315231561032144,3.466637134552002
260-123288-0012.wav,2.67289137840271,0.9702436896872166,3.899702599884458,2.8518578849202902,3.237129378016081,3.808484805963189,16.370506286621094
4507-16021-0002.wav,1.2311266660690308,0.7160025202109331,2.5001290633768742,1.5671954425818622,1.727498687349151,-1.889889992266744,4.80382251739502
4446-2275-0025.wav,2.1488242149353027,0.9392865353549738,3.524757508024261,2.5815061681159084,2.804106471269117,2.6927012784574,7.641482830047607
8224-274381-0012.wav,1.764838695526123,0.8490230294125675,3.259276658479986,2.610917712274843,2.487538997606288,5.65761097027418,8.218624114990234
237-134500-0012.wav,1.8244843482971191,0.9205280609628556,3.39813962185505,2.66878248301616,2.5948967930840534,5.764700928158507,13.3067045211792
4446-2275-0000.wav,1.1782814264297483,0.7212198646998593,2.24645281982342,1.5840460318862364,1.5665110124487105,-0.8654316413965633,3.0559210777282715
1221-135766-0003.wav,1.6583712100982666,0.8285572978147019,3.361869912289251,2.415003292442501,2.4679083942998226,4.100945991552782,5.145736217498779
6829-68769-0014.wav,2.390815496444702,0.9613486822466224,4.022646253656298,3.08986464986366,3.1997873529868013,7.791344349857278,14.024406433105469
908-31957-0018.wav,2.26327919960022,0.9689142977236316,3.958575567779183,2.928282861442502,3.1071469532495875,6.033806743777661,11.309114456176758
3570-5694-0018.wav,1.538997769355774,0.9471189914489736,2.7415189112771845,2.1889299850085697,2.099276986970368,1.4042656662128692,13.777240753173828
4992-41806-0011.wav,1.899769902229309,0.95250114961458,2.752133344768553,2.076562086264112,2.1769705283918666,1.7195155211015023,11.213428497314451
7176-92135-0019.wav,1.837416410446167,0.9747266263279748,3.36069399252472,2.6785132581320683,2.570120104362155,6.379491072378751,11.885513305664062
7021-79759-0004.wav,2.089529275894165,0.9620831668794384,3.548201289652959,2.6303932597517807,2.78633405623843,3.896346683802327,9.77312469482422
121-127105-0002.wav,2.199223756790161,0.930841758243382,3.851406796025156,2.4585981853784147,2.9954828525588204,0.2097887889637119,7.388318061828613
1089-134691-0010.wav,1.7742433547973633,0.9777123054647032,3.0276068255596345,1.9559366570316417,2.3358382849902632,-2.9960190311398645,9.97043800354004
260-123286-0022.wav,2.026286363601685,0.9380900729378956,2.8215659303980747,2.606123318142186,2.399431775297326,3.7008029918146894,11.084260940551758
5105-28241-0000.wav,3.153996229171753,0.9659137440008831,4.743353075589374,3.6072539360301232,3.9659787676173193,9.234863428705635,14.601422309875488
1320-122617-0031.wav,1.1713335514068604,0.7165583228902286,2.4800703951841307,1.7232508950948455,1.7670683114600574,-2.472583672175166,-2.4368133544921875
2830-3980-0013.wav,1.713209629058838,0.9169749295543644,3.311161125386304,2.334899684438467,2.4352841703217187,3.9591761611986094,6.288458824157715
1089-134691-0025.wav,3.157885789871216,0.979459573174067,4.637817194343049,3.439625672945876,3.905734938764928,6.9717999266382815,11.958364486694336
237-134493-0015.wav,2.6895499229431152,0.9477717619968764,4.214622187950179,3.230534823271624,3.4604420254077266,7.128333978330891,15.242740631103516
7127-75947-0013.wav,2.097320556640625,0.8449208648100032,3.5738565574550982,2.225060907724796,2.783443065097374,-1.7334701794398035,6.553983688354492
1089-134686-0036.wav,1.9794650077819824,0.9454608250559884,3.5821028734284788,2.5203536207181165,2.7434482286075297,3.1687518473768934,10.238032341003418
1320-122617-0015.wav,2.384923458099365,0.9155513153963382,3.636041052698397,2.658366337279196,2.953995512485549,3.209793234810479,2.082796335220337
6829-68769-0034.wav,2.003771543502808,0.9593055921147724,3.62236685369837,2.663893898929653,2.784060022344974,4.896895530390516,12.283260345458984
61-70968-0033.wav,1.8999786376953125,0.9513273626853824,3.750489610177399,2.383320765631184,2.805549831511589,0.7835961158923781,6.581990718841553
8463-294825-0008.wav,2.374217987060547,0.914980510280366,4.009518702087995,2.998342791758041,3.170752470266756,7.086742113980362,12.810832023620604
8463-294828-0005.wav,2.5984580516815186,0.9613052392398908,4.09043528263678,3.2748750988273168,3.341147155040173,9.030185969475816,15.789531707763672
4507-16021-0050.wav,3.76310920715332,0.98677933031991,4.841065010515227,3.5947283643210968,4.250488911828555,7.573080488679682,20.233850479125977
1221-135766-0014.wav,1.12086284160614,0.5587965319948878,2.279961425414613,1.6635283720766856,1.5787570921830731,-0.250579541104708,-1.3602330684661863
260-123440-0009.wav,2.002053022384644,0.9503724172278414,3.4073871238953823,2.600527509924064,2.657325488437781,4.736799339011914,11.279688835144045
6829-68769-0053.wav,3.062227725982666,0.973719666711464,4.505332900198547,3.386164669232719,3.7770127974721706,7.487763173888641,12.50333023071289
1188-133604-0020.wav,2.78771448135376,0.937523982886088,3.9455960556339966,3.20569578409944,3.3450511329364545,7.359545709791212,15.05691623687744
8463-294828-0012.wav,1.748224854469299,0.9004247527629363,3.393956317823433,2.274747185265871,2.5449033604380853,0.5030887892950449,8.534570693969727
8224-274381-0005.wav,1.7838265895843506,0.8569915973198553,3.341593310513204,2.581747342532207,2.534772938906596,5.196473147574501,6.336557388305664
8455-210777-0037.wav,2.7237792015075684,0.973895744051136,4.044805447680352,3.000864977238185,3.335317851011632,5.774665627144455,12.891884803771973
8463-294828-0008.wav,2.791081190109253,0.9714008506413412,4.098757268621157,3.2462435693858063,3.4431682532055787,7.087246592724374,17.780797958374023
4970-29093-0015.wav,1.1907200813293457,0.7432714767217468,1.919982074114838,1.3372574091522147,1.3435885292913097,-1.9356420895693105,2.6576366424560547
8463-294828-0017.wav,2.8573145866394043,0.9675172335316354,4.391167995662917,3.332958768727375,3.622839919431225,7.928930486410036,15.62458038330078
8555-284447-0008.wav,2.334756135940552,0.8821598599228746,3.487401321450098,2.927667177118892,2.8695802341202663,7.209612398874009,15.692760467529297
2961-961-0010.wav,1.4012322425842283,0.9254416034789554,2.823785650606432,2.363786523834875,2.0744342904617192,5.058025575826063,7.302562713623047
6930-76324-0025.wav,1.2477561235427856,0.7673847878433977,2.778910146085092,1.8635925464503595,1.927988440533584,0.3368131169596212,6.389348983764648
1995-1826-0024.wav,1.5396332740783691,0.7946275026039851,2.666282946690815,1.9186142371643935,1.9445063032958303,2.29255133875388,9.400572776794434
4507-16021-0049.wav,2.6276004314422607,0.9445104051820248,4.011875749985443,3.0898093463545617,3.287705284686541,7.152269339966571,14.686086654663086
2961-961-0000.wav,2.2473812103271484,0.9290340541001824,3.555534972470732,2.683053464758017,2.857070314143772,4.090687254003919,11.820682525634766
3729-6852-0043.wav,2.223973512649536,0.8681332936714605,3.686108869788153,2.5086095795460235,2.8725418905151234,3.1593993123333477,9.231517791748049
3570-5694-0021.wav,2.361098289489746,0.9602739570339622,3.930449569642882,2.942031746009808,3.1193488593011267,6.531971272030425,9.978283882141112
8455-210777-0012.wav,2.500866413116455,0.9716220772117848,3.9602538232254254,3.1069697306559863,3.218648009166288,7.477528264641088,11.869746208190918
2830-3980-0051.wav,2.332427263259888,0.9357108227852984,3.933668530173376,2.9572266954852666,3.1139094104672296,6.663039952022792,12.59776210784912
61-70968-0035.wav,1.9136054515838623,0.9475166430853972,3.7363660371778633,2.5451152690253838,2.8260593594738066,2.338290372337756,7.825528144836426
8555-284447-0005.wav,1.8922611474990845,0.8607816641722854,3.2860352124068504,2.4795017034821973,2.519159113672509,4.633243625935077,10.522024154663086
2094-142345-0051.wav,2.2332651615142822,0.8835222860480089,3.840450395832199,2.8532070242154286,3.0110234920285666,6.047603973397352,8.151033401489258
3570-5694-0000.wav,2.731748342514038,0.9870308913453882,4.208786429922308,3.266532903298955,3.4768652900930315,7.466874479995361,15.966315269470217
3729-6852-0015.wav,1.2789727449417114,0.8493617281410117,1.70074957055518,1.2319583965276997,1.2248492883343287,-1.8877650144126208,6.367931842803955
5142-33396-0036.wav,2.13883638381958,0.9670703692089128,3.37669629270201,2.9733539889872844,2.7393697214178245,8.372446488427249,14.973722457885742
4970-29093-0021.wav,2.8106789588928223,0.9234952269440636,3.916159409768003,2.892108774162921,3.334212544186072,2.5508696972087046,15.413217544555664
1580-141083-0031.wav,3.4263839721679688,0.9669939319872182,4.893821802372012,3.674499226703898,4.176362910736181,8.325041990445087,20.10330390930176
7176-88083-0010.wav,1.3677223920822144,0.8527754987179554,3.012960327061361,1.9532672194469605,2.159279002159946,-1.5404403295463232,1.3566298484802246
6829-68769-0026.wav,1.9198691844940183,0.955400203704038,3.70805834285472,2.6107976274089344,2.7891245880367643,4.479436955994306,9.739109992980955
1320-122617-0008.wav,1.7649214267730713,0.8943564440743025,3.465996177261464,2.365365776473156,2.5703298605327305,2.645292964865177,1.8625874519348145
6829-68771-0030.wav,3.000065565109253,0.9771628980173808,4.491396853575486,3.4707186851629057,3.760204785539337,8.353563879874287,16.934701919555664
1995-1826-0009.wav,1.2947415113449097,0.7282360529424432,2.4200540695635344,1.822145452444919,1.7418300927672603,0.7027198330077792,5.0423583984375
3570-5695-0013.wav,1.554959774017334,0.8642832364754004,3.164600380635852,2.175695187585053,2.310426477816076,1.4001581521588071,1.2975122928619385
7021-79730-0007.wav,1.561078429222107,0.9204415198290428,3.128692041637763,2.269101666807165,2.305331546057293,2.4097837273141374,4.352538108825684
672-122797-0023.wav,3.176342725753784,0.9332398102319924,4.578095797474735,3.657897406090616,3.89187293211474,10.008532698310315,14.18354606628418
1221-135766-0012.wav,1.959518551826477,0.8949320399662135,3.760483155665522,2.4947317111897167,2.8432600883375048,1.9825422738994083,5.612020015716553
1580-141084-0008.wav,2.801933526992798,0.9224813247336564,4.230820848348052,3.283105576053508,3.4707929775207846,9.509507619838717,8.246213912963867
4992-41806-0010.wav,2.529016256332397,0.9789320181439066,3.284233953549292,2.7173464770928293,2.8234963780814524,4.295711455454216,14.253110885620115
1188-133604-0026.wav,2.772122383117676,0.9668596258478224,4.114111880410765,3.178842071749544,3.4319262221158757,6.571351671556113,11.241436004638672
7729-102255-0013.wav,2.067195415496826,0.9292401696567476,3.746086099983532,2.4571796221660582,2.882803746021444,0.9072505275056212,5.1763410568237305
1580-141084-0048.wav,2.328770399093628,0.9147218811874308,4.068877791608802,2.967006131868008,3.1846812211075664,6.610639502488853,10.78598976135254
4970-29093-0005.wav,1.6207318305969238,0.8688053858712587,2.676770917459687,2.04423280014668,2.036331770609104,1.6596586305808083,9.64309787750244
8463-294825-0012.wav,3.0696983337402344,0.97510638957188,4.628028282000285,3.463941947044039,3.857227249460792,7.987463667752421,16.236305236816406
8230-279154-0042.wav,1.1282553672790527,0.5570324849251683,1.8370098615205663,1.4114097115179196,1.367748304674491,-4.557832410696667,-2.9513251781463623
61-70968-0016.wav,1.6828856468200684,0.8980911403681454,3.0758006005429737,2.3051939027839343,2.287718828605026,4.384979165464423,7.994200706481934
8230-279154-0013.wav,1.6189963817596436,0.8571533893270002,3.080491480586629,2.2471281534673246,2.305372870796626,1.8516351404216889,1.788336157798767
6829-68769-0017.wav,2.8641531467437744,0.9685920542110544,4.203908012054225,3.276788303924188,3.53067342787853,7.093160382352011,16.645530700683594
3570-5695-0011.wav,1.1895945072174072,0.750185526873241,2.2999967455482664,1.9473481814684788,1.685702959595402,0.9894584359272772,3.697216510772705
61-70970-0027.wav,2.5647051334381104,0.9575448879846212,4.220209185624551,3.1419761742909067,3.395209380898166,6.888863908923388,8.911238670349121
7021-85628-0010.wav,2.57843017578125,0.97068381397876,4.15179343142612,3.098935936074547,3.3496823858639204,6.912941793306167,11.701326370239258
4077-13754-0002.wav,3.209876298904419,0.9740685074136936,4.782489611027056,3.6003748240166127,4.016868089040461,8.560762305676944,13.20865249633789
2300-131720-0040.wav,2.393673896789551,0.9305143672883812,3.5937420650055083,2.826923275291649,2.9584303950391657,4.890893876723766,4.13859748840332
1320-122612-0016.wav,2.344032287597656,0.944670865213546,4.070139227989559,3.035467799723785,3.198261853732173,7.350390687771162,6.78952169418335
5142-36377-0017.wav,2.0119009017944336,0.9453605932756156,3.649063028472156,3.0151934836064567,2.8315124502729048,9.08680011533732,13.37802028656006
2830-3980-0059.wav,2.2918498516082764,0.9362614178220038,3.757791224372081,2.7356885278993355,2.9486937837813487,5.975235317295847,11.151636123657228
2300-131720-0037.wav,1.1282806396484375,0.621657032365832,1.594067069812573,1.4857648876696798,1.2267785555571518,-2.4921359022773126,-2.233919143676758
260-123288-0025.wav,2.123921155929565,0.929961006878364,3.671356717463061,2.7137291719008667,2.8682968302969285,4.812028028227855,6.003416061401367
4446-2273-0015.wav,2.836655855178833,0.9391641176516118,4.3166335996445255,3.312907567289609,3.568125276158618,8.084476805364064,15.249438285827637
121-127105-0012.wav,2.681732654571533,0.981328478866174,4.319407749110255,3.2209719346758083,3.5005838929017625,7.390480600857711,14.819360733032228
1221-135766-0009.wav,1.8492751121521,0.9296473249576472,3.731316060087826,2.5839783772167992,2.788632102005176,3.550320933884931,9.683979988098145
121-127105-0022.wav,1.949195384979248,0.8644898865501879,2.766444540902503,2.275913844329868,2.275291969197004,1.5902401601261618,3.340237617492676
8224-274381-0006.wav,1.8283275365829468,0.8469931305166657,3.317696651862955,2.6828447004897944,2.545440175549002,6.459758109978494,10.96129035949707
7021-85628-0008.wav,3.201551675796509,0.981072604050836,4.435537317989432,3.2513179043295994,3.7884352737854967,5.356608686548563,15.919803619384766
4077-13754-0013.wav,1.0576587915420532,0.5247623736050113,1.4880573730786346,1.386890074299996,1.1075685462547182,-2.1686773909929045,-3.928280353546143
6829-68771-0027.wav,1.836742162704468,0.8946313112484383,3.271423621232141,2.513495711448185,2.5086845334565857,4.500045252597717,9.50586986541748
7021-85628-0016.wav,2.16585636138916,0.9750280807095908,3.606106126232649,2.6198657120331106,2.858321504021816,2.945991393946175,11.82285499572754
672-122797-0011.wav,2.575483560562134,0.941243141425094,4.1722446919327085,3.3055603714623967,3.3788263156477707,9.313782223475474,14.689834594726562
1995-1826-0019.wav,2.164057731628418,0.9123813583129544,3.7685065847973394,2.5647647593106435,2.9182301281842427,2.965708188766261,10.674083709716797
3729-6852-0035.wav,1.7118942737579346,0.864371251407419,3.0756616263874865,2.21813406313684,2.270700246701546,4.1751488611257335,8.307718276977539
2830-3980-0014.wav,1.3042032718658447,0.7361081997846013,2.019845378957756,1.9712454486656643,1.5592075913740195,2.480710900611089,4.461874008178711
7176-88083-0025.wav,2.625263214111328,0.9861652523691824,4.30743540885784,3.086577498985678,3.475071232975237,5.29093821834468,7.144855976104736
6829-68769-0043.wav,1.99505352973938,0.9464993403362038,3.588011811508094,2.2848458441973536,2.750459174591281,-0.520280750695368,8.46426010131836
7176-92135-0028.wav,2.265519380569458,0.958639301103558,3.8190462892153656,3.0278334514674423,3.034527927261002,7.78751549635093,10.378711700439451
6930-81414-0009.wav,2.8000051975250244,0.9182418481569216,4.330053427891622,3.367281764485373,3.553361221932309,9.354911095991344,13.737549781799316
8224-274381-0016.wav,2.81906795501709,0.9610016661462836,4.406031426767751,3.3675840302091298,3.6246915409222735,8.162066904313843,14.06617259979248
7127-75947-0029.wav,1.1037697792053225,0.5323514891457681,1.0,1.0,1.0,-3.039337351616548,-3.6453797817230233
672-122797-0026.wav,1.1550686359405518,0.6306918485460384,2.3402887054717043,1.865424935192767,1.6562065350030952,1.3657918516594345,2.706313133239746
1580-141084-0003.wav,2.7824223041534424,0.9369265758730284,4.291346854839226,3.1393130740855573,3.516828907890281,6.239613288309059,14.94686508178711
6930-81414-0014.wav,2.072766065597534,0.8745710297018133,3.48034689598024,2.6455764271339426,2.69820773174682,6.286811477866899,11.164752006530762
2961-961-0013.wav,2.3019416332244877,0.9489850416154544,3.572879347552849,2.3740146622979017,2.865058265036854,0.0135098428052669,10.796875953674316
6829-68771-0003.wav,1.8900704383850095,0.9669346867750634,3.247526534778597,2.46007742310854,2.482253344528125,5.074631760904627,9.97861671447754
260-123440-0016.wav,2.210240125656128,0.9754478734285416,3.754423701387144,2.913993757048886,2.9672429346046063,6.717913956972658,12.619690895080566
8224-274384-0013.wav,2.5311646461486816,0.9763290725515816,3.887607725496384,2.891883322788855,3.178280651729978,4.69362542141785,13.597530364990234
4507-16021-0046.wav,3.1184544563293457,0.9582411939191416,4.258015191125469,2.929948837194553,3.6202765897997455,2.554413678333437,13.963910102844238
6829-68769-0028.wav,2.686478614807129,0.959002493648051,4.126161449427276,3.21353723186162,3.3918398375575345,7.8967717456503586,13.911152839660645
8455-210777-0026.wav,2.350421667098999,0.9850444147132332,4.0063177237719545,3.046264662404438,3.1795058672712173,7.042688827934446,12.530284881591797
3729-6852-0036.wav,3.121276617050171,0.9524800850316668,4.435480546632623,3.328799130658505,3.740827172553466,7.505882024002689,15.146047592163086
3570-5696-0004.wav,1.051370620727539,0.6503300239610432,1.6773018364987364,1.755510948638339,1.296747281787462,-0.5960739553137268,1.2612285614013672
5105-28240-0001.wav,1.828819274902344,0.8833660581145946,3.477452063388343,2.4561049325153683,2.604283194389873,3.777591897595841,4.7854180335998535
1089-134686-0012.wav,2.9763545989990234,0.9732089022874472,4.435602724183322,3.3972506655185075,3.7099014124481866,7.832952358344018,13.457103729248049
3570-5696-0009.wav,2.7632737159729004,0.978900583673354,4.372857509354136,3.2519880810960737,3.570612272808994,7.164639440175823,14.233514785766602
2300-131720-0022.wav,1.4653174877166748,0.8760618548389868,2.784624069294229,1.9815027631159952,2.0849475776063118,-1.3921427071325134,-0.3496193289756775
61-70968-0015.wav,1.5910911560058594,0.9142769643451878,3.25312440451072,2.608356467996523,2.414516811217253,6.152062388388154,9.381484031677246
672-122797-0068.wav,1.6325618028640747,0.8328721825452436,2.938778571604072,2.2222130129656885,2.218482537943588,2.3766468076426763,5.4608683586120605
5639-40744-0038.wav,2.321780204772949,0.9693414780351858,3.272303818980085,2.693740980194856,2.739174767004388,4.336328918544984,10.041715621948242
6930-75918-0017.wav,1.985546827316284,0.9084780586082308,3.718205699280873,2.5074593536472127,2.827473064993593,2.3349030888572924,9.538708686828612
2830-3979-0011.wav,2.546421766281128,0.8068224241079441,3.880187944927774,2.9703848784572,3.164875315783286,6.591333176785573,9.37827968597412
61-70970-0005.wav,1.7398054599761963,0.8808402303777672,3.4656216261997863,2.501263964916624,2.570382639054676,4.423645498413746,10.188232421875
6930-76324-0017.wav,2.623993396759033,0.9206310326743526,4.187603940011542,3.258573845041942,3.40985122331607,8.248950866083335,11.178815841674805
1284-1180-0009.wav,1.124323487281799,0.5645536854213971,1.4423931518772246,1.1344850675708336,1.031132710017623,-2.8311158829300083,-2.9521701335906982
7021-79740-0012.wav,1.697346806526184,0.9589855899083716,3.047959193076548,2.202122359994212,2.285350374376865,2.4549366045660213,6.770069122314453
3570-5695-0006.wav,2.722620964050293,0.9623882552190156,4.2513264402711295,3.223338571460644,3.477915373734315,7.533751374197449,11.777801513671877
5639-40744-0018.wav,2.77986741065979,0.972793918434684,3.8703754461425617,3.135740442529543,3.32002639513885,5.587640859993998,9.833080291748049
6829-68769-0031.wav,1.6037195920944214,0.8943478236068412,3.038312522575193,2.243337665609176,2.2861987678315656,1.4876209679470789,7.750962257385254
8463-287645-0014.wav,2.625127077102661,0.9341531093623352,3.9496734804438,2.9986479083900948,3.2468180450838227,6.106825749021906,14.524474143981934
1580-141084-0007.wav,2.982094049453736,0.9123791524284492,4.601682441415083,3.496040494281443,3.796508005796533,9.310266114046614,13.809637069702148
5105-28240-0004.wav,3.4391565322875977,0.9889878667413676,4.842934479341064,3.6786958617641137,4.159939867587333,8.186920640351163,15.140874862670898
2094-142345-0012.wav,1.4098509550094604,0.828308559654549,2.9554476893775425,1.9409185058384644,2.124476769809133,-0.8462711593599943,1.1143484115600586
8455-210777-0006.wav,1.7117655277252195,0.9366581198035298,3.28446638732824,2.5266370663443363,2.4711172558306136,4.817466226411165,13.117582321166992
8455-210777-0031.wav,2.825376272201538,0.9825199687654969,4.295175340742572,3.2176430436344243,3.5479452345963547,6.825667118146881,13.82398509979248
672-122797-0001.wav,3.3133108615875244,0.95988240700424,4.6385132832270175,3.383301064445643,3.973129247533771,5.402373171024716,9.227210998535156
260-123288-0014.wav,1.5053846836090088,0.8576914377617931,2.8004517909909863,1.9785223991067504,2.108839439705716,-1.5576954738615418,7.631509780883789
4992-23283-0014.wav,2.298879623413086,0.969054495011378,3.856761682474524,2.8765798766554544,3.0426161373988254,6.34621607023512,13.00510597229004
1089-134691-0001.wav,2.0925889015197754,0.8791647974942203,3.646872251024828,2.7071405147608094,2.8503058861146875,4.503987963223336,10.73765754699707
237-134500-0018.wav,2.961857557296753,0.9730077823918106,4.412274357385883,3.3165367617409376,3.693180655765422,6.564523362325564,5.532102584838867
4446-2273-0012.wav,1.4028315544128418,0.8781669517907288,2.6745135974365217,1.86352106264004,1.9541817335028704,-0.8334472029158222,7.714496612548828
61-70970-0033.wav,2.0182859897613525,0.958651080585499,3.740766746228421,2.7165655609435,2.867734909019171,4.854732415104878,9.277268409729004
4507-16021-0011.wav,2.6586720943450928,0.9394292772631984,4.034455043140242,3.089957985818925,3.3212350542521194,6.627873733884098,13.865281105041504
1221-135766-0006.wav,2.4713101387023926,0.946937606582616,4.179865305237129,3.1071144562073862,3.326410806955089,7.113003304338483,12.746017456054688
61-70968-0032.wav,2.1183104515075684,0.9122675272742689,3.7891560141875935,2.5858491928295413,2.9311390811131712,2.5136114604403623,7.175135612487793
7176-92135-0032.wav,3.144597053527832,0.9761245760841764,4.674684844230992,3.527896341034686,3.937821093765456,7.572639874334996,7.446364402770996
7176-92135-0005.wav,2.1722919940948486,0.9811125741186616,3.837560643554728,2.909336866823229,3.013642891075782,5.8658675377544585,8.179091453552246
61-70968-0054.wav,2.163890838623047,0.9647761387284876,4.003761753602919,3.1165012642066543,3.0962332494732583,9.035710051683116,14.216719627380373
260-123440-0011.wav,1.580905199050903,0.8814775413665789,2.893929738280975,2.0942280645894664,2.1405527722938995,2.0381182361469103,6.584129333496094
6829-68769-0029.wav,1.8283898830413816,0.9434954001035886,3.374618696570721,2.572783880234212,2.5758448126358,4.6219479991373165,12.696681022644045
1221-135767-0000.wav,2.149203062057495,0.8891438150053995,3.8211359965085103,2.870805501643558,2.9789002702059157,6.086410672905907,9.333955764770508
8230-279154-0037.wav,2.7059268951416016,0.969784462573658,4.311915308387788,3.033380043927868,3.5028946757827315,4.501479193763776,6.658905982971191
1284-1180-0023.wav,2.375839710235596,0.9216493100456676,3.928971584989261,2.676915472463253,3.1168845294561214,2.616075376753424,11.386996269226074
2961-961-0007.wav,1.8002675771713257,0.9300798267085656,3.36236599492897,2.5281666552070887,2.5410149132581603,4.767400795394807,11.48201847076416
121-123859-0004.wav,3.034489154815674,0.9752948105932848,4.290858883494177,3.2073453220490813,3.642670527441625,5.459876895041707,14.888419151306152
260-123286-0007.wav,2.2085537910461426,0.9510751595724491,3.9066966215415215,2.9284674646924045,3.0516617582803325,6.541718795722488,14.294300079345703
3575-170457-0030.wav,1.1693812608718872,0.770098248830872,2.7400556941484204,1.894078373351804,1.8669159968149187,1.510670978270633,2.102656841278076
260-123288-0018.wav,2.400301218032837,0.92931792712936,3.902985024383866,2.982645255124498,3.1313399502264065,6.620976103646837,11.32123851776123
3729-6852-0034.wav,2.169647693634033,0.9382710544743962,3.691090287137517,2.695692486689774,2.872537417578418,5.441900826823849,4.081859111785889
908-157963-0025.wav,2.5060174465179443,0.9448925937713428,4.0007369308526926,2.9030178000090454,3.21392880412518,5.4111301331909925,11.83936595916748
7127-75947-0009.wav,1.2706090211868286,0.804881813191058,2.5620319473769118,1.8684382312436925,1.868561383648943,-1.3874354998219225,4.313455104827881
5683-32879-0008.wav,1.8294694423675537,0.8410520068807325,3.4063757372182084,2.451806924396579,2.5422895174136837,4.892115719579294,9.009217262268066
121-127105-0035.wav,2.201221227645874,0.9375337263929164,2.4518040106335994,2.550757671965175,2.310385503357496,1.2038942736220717,8.824258804321289
5142-36377-0025.wav,2.883427619934082,0.980231884292239,4.30303999726459,3.4150087366373234,3.598486273937334,8.755167334748744,17.191116333007812
7021-85628-0018.wav,1.5131077766418457,0.8941931556455076,2.823065806520077,1.9776401336492209,2.063578607169959,1.031435322566666,1.7736138105392456
1089-134686-0003.wav,1.787911057472229,0.8227495689779906,3.0413961262082565,2.258887043862314,2.3361691704205327,2.300816848331557,6.879542350769043
5683-32879-0010.wav,2.0927987098693848,0.9114409692755168,3.778952812927416,2.942508972061724,2.91348592976578,8.354952308014088,15.30312728881836
3575-170457-0015.wav,1.9061319828033447,0.9313964865288248,3.295856305712491,2.598958157345824,2.5543556000920025,5.39731591217195,12.162027359008787
8555-284449-0017.wav,2.5106027126312256,0.9355288164821456,4.055133199138281,2.889003055387828,3.2783208443155503,3.61134609546072,7.853006839752197
8230-279154-0015.wav,2.194883108139038,0.9666884862247416,3.890518352742968,2.763836185052158,3.0292624021650103,4.360325143217775,6.821460723876953
237-126133-0005.wav,2.7459254264831543,0.9321284316896016,3.995640276781454,2.9857843624103704,3.335467122393776,4.77557626742336,13.475838661193848
7127-75947-0034.wav,2.0736565589904785,0.9872786221029344,3.4068493713472354,2.5011702219234517,2.6627265044645734,3.9597260025539502,13.542412757873535
