Filename,PESQ,STOI,C_sig,C_bak,C_ovl,SSNR,SISDR
5639-40744-0023.wav,1.6861512660980225,0.8474883060257797,2.427571228238517,1.964740081187472,1.986843614995603,-1.9256937671599927,3.5715138912200928
4992-41806-0002.wav,1.809021234512329,0.9043908959384273,2.928545329361269,2.3844996189013745,2.3089479729010947,3.3295329582399407,10.472448348999023
237-134500-0034.wav,1.5679988861083984,0.8059796557785202,2.200292277822415,1.8107234750243413,1.7210446783277549,0.6257024043457056,9.69016170501709
7127-75947-0006.wav,1.7253870964050293,0.9826330810169848,3.2750089363319907,2.3091975732263657,2.4531894256367077,2.148304343852704,14.00316047668457
6930-81414-0004.wav,1.382917404174805,0.8114421634300523,2.6610715314882847,1.977943171379259,1.966696552986245,-0.1552597707932821,8.08639144897461
61-70968-0005.wav,1.469155192375183,0.8686838897443178,3.222310709049991,2.249188096443761,2.293740638845588,3.309049149536622,7.683283805847168
4970-29093-0001.wav,2.8439269065856934,0.9283345732890804,3.790377835444471,3.0600849072303853,3.296339931045873,4.615791730146801,14.524127960205078
4446-2271-0006.wav,3.543663024902344,0.9853173383127636,4.49369554658822,4.062182503467498,4.044717479873783,13.226582133931176,17.770170211791992
6829-68769-0000.wav,2.441492080688477,0.9255070477395558,4.032365947929049,2.5581895757155464,3.2272687235794475,-0.9026974432442684,8.738992691040039
6829-68771-0016.wav,1.9843635559082031,0.9311736577347725,3.4099969711923164,2.6426273034839167,2.680112195938258,4.198957653729696,11.993953704833984
2830-3980-0010.wav,2.8249731063842773,0.9561330713964924,4.309555061992685,3.342641895554185,3.5676645535855243,8.250289302534421,14.137507438659668
1320-122617-0004.wav,2.022785186767578,0.9307215504501926,3.467242586121664,2.6846086567630643,2.720543854385404,4.90221276007927,4.763729095458984
1188-133604-0014.wav,1.998709797859192,0.8613222694222455,2.955335652548928,2.062374377157533,2.407903340544057,-2.775115144211968,9.365928649902344
1284-1181-0005.wav,3.109067678451538,0.9731261896762062,4.579806518015214,3.385155637584634,3.8635691006284314,5.977523323679088,16.423173904418945
260-123288-0021.wav,2.0560624599456787,0.9543582795231098,3.1868596317674425,2.6560609043379566,2.572491905412468,5.313290195636814,12.903291702270508
61-70970-0037.wav,2.8150405883789062,0.977150112768603,4.411939123087432,3.448630495404102,3.6244809733834735,9.528262414384155,12.03960418701172
5683-32866-0005.wav,1.3161503076553345,0.8008698288666012,2.2399680501735797,1.7065679406230334,1.6722349880408602,-1.699608574271817,8.22336483001709
3575-170457-0042.wav,1.8750252723693848,0.8805473128417002,3.1478614340633952,2.4319916936065447,2.442427118580271,3.978048375159061,11.17794132232666
7021-79730-0006.wav,2.3023951053619385,0.9586016138932504,3.589186621500704,2.581570334345158,2.892421540375489,2.466587939148174,5.617398262023926
8455-210777-0000.wav,2.293833017349243,0.9572989827500002,3.4199956087283194,3.157031502941764,2.8598292764343647,9.202258817579786,13.759172439575195
5683-32879-0013.wav,2.111079692840576,0.8588525844121154,3.501424824921912,2.266654843416321,2.7481357062264493,-0.9038009954406172,9.143064498901367
5639-40744-0017.wav,1.3962191343307495,0.9722838768413042,2.770144334604157,2.2512947517075146,2.046045531118426,3.2737757961546063,12.213672637939451
6930-76324-0019.wav,1.5189496278762815,0.8651003990057154,3.2979428612538624,2.55389930880455,2.3859719899406358,6.4701877845882265,8.631028175354004
237-126133-0008.wav,2.9580447673797607,0.9594232873723728,3.8298944256027374,3.3334774281985746,3.382931579344869,7.679590521105328,12.83717918395996
2094-142345-0008.wav,1.2485636472702026,0.7154220897768433,2.3751485181052487,1.529434539638926,1.6734673497810797,-2.592940499558778,-0.9658807516098022
1284-1180-0006.wav,2.008113145828247,0.9100906743081216,3.5472580428648324,2.4251430792350592,2.7235997541271826,2.188103527432585,6.116665840148926
1320-122612-0003.wav,2.4802558422088623,0.9457703223401496,3.896178555668338,2.908977372474717,3.1681538498558,4.852657434882278,4.952113151550293
6829-68771-0002.wav,2.4614152908325195,0.9735747319240088,4.02590767725454,3.359931027156115,3.2463263426460816,11.134208696507091,13.94811725616455
121-123852-0001.wav,3.051230907440185,0.8828206093916088,2.700571614085182,2.572179719050636,2.859263510373285,-4.723540846012456,15.27513599395752
2830-3980-0000.wav,2.5857129096984863,0.9518238524138668,3.625686927402307,2.8792136310940872,3.0789271960322067,3.927714911022948,10.357762336730955
5105-28240-0009.wav,1.3734468221664429,0.858082215641014,2.7078154790225017,2.3002862137731817,2.014591233500284,3.736996560575095,7.434642314910889
1320-122617-0023.wav,3.1189236640930176,0.9313777900797952,4.147640892685334,3.0479225340436926,3.590018782992049,3.347341850250671,2.1539440155029297
672-122797-0021.wav,1.7066121101379397,0.8945528120071695,3.141510029844824,2.181474918846362,2.380677266766193,0.1138903561410724,5.17977237701416
6829-68769-0046.wav,2.371713399887085,0.9624619917785692,3.799692428635452,2.6497079534186323,3.0418835340208195,2.594067256680477,11.24664306640625
237-126133-0020.wav,2.807623624801636,0.9612013026943514,3.763430076089983,3.0896585922936697,3.265015276286136,5.342346469683491,12.13975715637207
8455-210777-0057.wav,1.7346220016479492,0.9306855415382852,2.907649904772459,2.680868060118362,2.297003812911269,7.011195882360218,11.374059677124023
1089-134686-0022.wav,2.3050153255462646,0.9643066548553016,3.846082959533356,2.5307331857923794,3.081173937592616,-0.9863842572669804,12.368379592895508
8224-274381-0011.wav,1.9122101068496704,0.8779694282463332,3.1767532159186027,2.4265924349736374,2.484204368149485,3.230225170878501,10.075685501098633
1221-135767-0013.wav,1.9481840133666992,0.877622568607497,3.5674273105960226,2.674880444136491,2.744180408260532,4.808963819309066,6.138216018676758
7176-88083-0026.wav,2.095839262008667,0.9807627509553156,3.5991390440684423,2.743899642291927,2.836451931899994,4.699081034201643,6.048824787139893
4992-41797-0010.wav,1.410687804222107,0.8017320632549813,2.461626330398749,1.8402055041048175,1.8657627036626387,-1.859714393171828,7.431480407714844
672-122797-0027.wav,1.4203908443450928,0.7888319968755177,2.887210347319315,2.166044364643773,2.0720869731662748,3.69399394297587,6.292334079742432
61-70970-0013.wav,2.443831205368042,0.9863172737791368,4.176520173622769,3.279263563423145,3.3321393592673423,9.116931832427488,14.49262809753418
1284-1181-0011.wav,3.4238173961639404,0.9805328856302524,4.73548289942268,3.87577749190016,4.095967264164425,11.553280708830584,14.292445182800291
8224-274381-0009.wav,1.3345842361450195,0.7798255682411305,2.6297185602234685,1.8752087055623048,1.946259713394702,-2.2814849964831447,6.251680850982666
2830-3979-0008.wav,3.20133638381958,0.9475945223906188,4.491643642206109,3.3301002621016083,3.834713811795773,5.794966651512513,10.698719024658203
8455-210777-0039.wav,2.7041049003601074,0.965456766591633,3.8435914165548937,3.087501878134626,3.2326519130791915,6.973662559412206,12.364757537841797
7021-85628-0001.wav,2.5757358074188232,0.983707322189256,4.028026861204432,3.081974652384658,3.271135962334484,7.351624026784205,13.269079208374023
5639-40744-0032.wav,1.295915603637695,0.8048126477147549,2.125519104805109,1.6638349890943265,1.6016102383156463,-2.071915319084262,2.244943380355835
4992-41797-0016.wav,2.689581871032715,0.9773982333009666,3.694086003902288,2.8213349691522374,3.1021883968241397,5.006439960497671,13.584099769592283
7729-102255-0011.wav,2.091768264770508,0.908261966876508,3.2741571889042547,2.7421275120833184,2.666615258436562,4.969701153564508,6.535548210144043
3575-170457-0035.wav,2.451671600341797,0.9560044456640114,3.7230385259889474,3.344719041393959,3.049048674866854,12.802121385997458,13.101839065551758
1995-1837-0003.wav,1.1334139108657837,0.6774504356917835,1.74617084154886,1.2624075849375074,1.173758519418361,-0.2917215881953867,-5.655081272125244
237-134500-0019.wav,1.8459131717681885,0.8924722179245205,3.116566369472255,2.325337491128368,2.422413851795244,2.054012335551465,8.624834060668945
672-122797-0018.wav,2.1732494831085205,0.9268502939636842,3.664232770519644,2.892994083114312,2.9105845386237115,6.361372644918871,9.545265197753906
121-123852-0004.wav,3.3316149711608887,0.989445073883009,4.5514312923263605,3.584641350129984,3.941087702650896,8.369273459720908,14.192627906799316
1188-133604-0031.wav,2.488935232162476,0.9337880120044336,3.990679383000247,2.6441294082307696,3.2221297220338325,0.4695367357027554,11.59530544281006
7729-102255-0043.wav,1.7566146850585938,0.8701145849846345,3.1393382990725445,2.4134052750960846,2.419094267939604,2.788184350295843,4.965406894683838
3729-6852-0029.wav,2.071676731109619,0.9235434586129088,3.1318140144763973,2.5652206621502653,2.4920006249918383,6.439937195078579,13.598941802978516
2094-142345-0037.wav,2.4418904781341557,0.8887751013148709,3.823730169743182,3.055338238027596,3.100381693210072,8.011100945262935,12.339555740356444
8555-284449-0001.wav,1.9484719038009644,0.8555822478072593,2.7876457664581022,2.167984982438524,2.3074769807578166,-1.08678171051591,6.510798931121826
2300-131720-0034.wav,2.6597816944122314,0.9473921683578256,3.9091691880180575,2.823861628135279,3.280936543060416,1.449326291712624,5.866965770721436
1221-135766-0002.wav,1.7816880941390991,0.95271365400527,3.580150115130413,2.6100711213744328,2.6627126950613533,5.207557167744479,8.123553276062012
4446-2273-0003.wav,3.063401937484741,0.984196826482042,4.530136394143935,3.752907684575968,3.811737025227815,12.340132791611865,17.374467849731445
8555-284449-0006.wav,1.791233777999878,0.8657785002466359,3.153554055510922,1.9313320645718957,2.365979604217273,-1.7043924039603766,5.548064231872559
5142-33396-0004.wav,2.1975326538085938,0.96857355691316,3.468732577226909,2.660335192988176,2.8156369274637574,2.921841930104944,14.54079818725586
2830-3979-0002.wav,2.5038764476776123,0.8593880864407448,3.5290193148080253,2.978010024236493,2.948160104580205,7.9383905503249395,9.772531509399414
672-122797-0008.wav,1.9400615692138672,0.8353705143633128,3.1462972530370426,2.552716575894333,2.506344944827716,3.997361373162556,6.621627330780029
5683-32866-0002.wav,1.8369524478912356,0.8710452069707693,2.8710614174322395,1.9745503321683335,2.231244638866384,-0.6047522165038881,9.379743576049805
6829-68769-0025.wav,2.049412727355957,0.9503462891079554,3.371463110888941,2.684338691174347,2.7026576509405262,3.97663808361684,11.729378700256348
2830-3980-0038.wav,1.837801218032837,0.8518441235460008,3.117834978643955,2.4736426176677475,2.4072263349160155,4.986091866246703,9.470985412597656
7127-75947-0018.wav,1.836475610733032,0.9418182765501656,3.5764300229422443,2.752265787092865,2.7076461723242318,6.206573187092719,14.137772560119627
672-122797-0047.wav,2.215391159057617,0.791504702586486,3.628440923933917,2.389645379051535,2.8675623494274607,0.1004212793382815,7.508814811706543
4970-29095-0002.wav,1.7946927547454834,0.8808585518370352,3.014901139012684,2.139606010119829,2.3427757622370247,-0.3650232352869889,9.38999080657959
4446-2273-0010.wav,2.6617822647094727,0.9527570932234498,4.159070496544233,3.3544814045321285,3.414129677012857,9.51128634044404,15.334006309509276
8230-279154-0029.wav,2.7154347896575928,0.9820254301601709,4.256456862247152,3.2592588154311324,3.4982812311834905,7.21372807302243,10.117159843444824
3729-6852-0003.wav,1.974337100982666,0.905166116017518,3.204442654694967,2.0816862680306447,2.4837135646266244,-0.704986161040365,7.405348300933838
4992-41797-0017.wav,1.8869202136993408,0.917810964815786,2.8061409912856163,2.3830804215233705,2.28690621396492,2.7368133002867667,9.351580619812012
1284-1181-0015.wav,2.4031457901000977,0.9587005028809856,3.747790844169168,3.006298442777718,3.0476723025598567,7.322203539227565,11.168598175048828
6930-76324-0016.wav,1.8054094314575195,0.8999973484315364,3.229663127715871,2.6548210290049514,2.495036672586595,5.969753062223078,7.075989723205566
5639-40744-0026.wav,1.1849936246871948,0.7704743100760948,2.0677509888131755,1.7468889098844074,1.5418504153401589,-1.0132841075715064,0.3619287610054016
7729-102255-0020.wav,1.3860667943954468,0.8636501374820218,2.659100160537988,2.10085578832673,1.997449668875373,0.4437357281329366,5.926638126373291
1221-135766-0004.wav,2.2156331539154053,0.9271342739622837,3.768291248009015,2.8501892488009632,2.9697445128929414,5.97800519311593,11.134628295898438
4446-2273-0005.wav,2.7131187915802,0.9769514917779524,4.405726941732063,3.604774264110648,3.581958271993328,12.249784728398796,14.666631698608398
3729-6852-0041.wav,1.9031827449798584,0.9116969347135176,3.2522622889059574,2.10322673924372,2.497659971752708,-0.9724077004320943,10.240018844604492
237-134500-0035.wav,1.347123146057129,0.7628408495529169,1.076776720615349,1.2460853663673666,1.0,-0.1944688232739045,4.156520843505859
3575-170457-0016.wav,3.526226758956909,0.9826707020784088,4.651846784127083,3.623615966655184,4.05157801261831,9.174377274845584,19.66250991821289
1089-134691-0007.wav,3.0487685203552246,0.9623022644849584,4.378577245851413,3.509922418969529,3.719439197413026,9.012685944951228,15.065058708190918
4446-2273-0032.wav,2.592756748199463,0.9515273624239352,4.007479670662382,2.5544491895185373,3.278194667701665,-1.5336979833525002,9.87583351135254
4446-2275-0004.wav,1.7712762355804443,0.9492726472087244,3.3403876276905557,2.377458349854364,2.519920314844572,2.3977515170765886,10.60312271118164
1995-1837-0007.wav,1.2542141675949097,0.7822247850229801,2.483693679676393,2.0145176917910392,1.755228909510011,3.966875940910112,4.589115142822266
7127-75947-0004.wav,2.548755407333374,0.995488537589684,3.8606776844916495,2.897394795264712,3.1799393723055585,4.375551644164802,17.166746139526367
8224-274381-0001.wav,1.3566155433654783,0.6876002264940051,2.4050650145373664,1.890107034062862,1.805567592972549,-0.4482036377896534,3.675874710083008
6930-81414-0003.wav,1.5005416870117188,0.8458287493038719,2.7489562857101677,2.230807920483457,2.053682164764942,3.677102443508792,6.94459342956543
672-122797-0046.wav,2.0811662673950195,0.8899533872433838,3.291430271536784,2.691231678027768,2.648523089374756,5.182188558021124,8.43305778503418
1580-141083-0038.wav,2.7982027530670166,0.9587477170260033,4.240071672010371,3.4948732877942272,3.518128048800061,10.93346412271027,17.873119354248047
121-121726-0005.wav,2.9197235107421875,0.9672526457363714,1.798318610189236,2.218829647561266,2.2697518819490803,-6.066598865012508,11.311407089233398
1089-134691-0020.wav,3.34558367729187,0.9724044076299306,4.406549083916924,3.213699187849488,3.8502482788808527,3.5122196538945456,12.573260307312012
7127-75946-0018.wav,2.298512458801269,0.9327942459041004,3.998261269919332,3.1348114054363787,3.1399768651907918,9.252146135389925,8.98890209197998
7127-75947-0040.wav,3.1224310398101807,0.9841670864435416,4.556763753910398,3.615640821810788,3.853306977620745,9.778923276592884,13.589116096496582
8224-274384-0012.wav,1.1893916130065918,0.7240873673494123,1.840027463616702,1.4687886253716986,1.348855193333046,-1.8521710819122397,-1.635906219482422
237-134493-0000.wav,2.4186971187591557,0.9291780023776528,3.411393971549063,2.769148018910701,2.876955029613481,3.932895800767312,5.177275657653809
5105-28240-0005.wav,2.980059862136841,0.9476947287719326,4.240023307606334,3.189852617388432,3.6046208796611072,4.946217091032203,8.852577209472656
260-123286-0028.wav,2.4072747230529785,0.9535814327426564,4.013080375813327,3.25788324890046,3.220618670406763,9.572098092457672,15.955123901367188
1995-1837-0017.wav,1.4436781406402588,0.8645223381494308,2.588359560547273,1.870095769029748,1.9352079545535763,-1.1829796531043124,4.059407234191895
7176-88083-0008.wav,1.1220452785491943,0.6700972273784845,1.213598024121858,1.337796958866421,1.0,-1.686414180817947,-6.097082138061523
8463-294828-0010.wav,2.568539619445801,0.9626614012308116,3.944857842081332,3.013530838732832,3.237994869800336,5.796604445954648,13.89513874053955
672-122797-0051.wav,2.122772216796875,0.8707027072153107,3.5655894123029626,2.8945742042708638,2.8197877720181674,7.484320568101602,12.557445526123049
1320-122612-0011.wav,1.3107446432113647,0.799372957747173,2.4558015749108173,1.789261719520183,1.83651713103117,-2.972772167888067,0.7557704448699951
8555-284447-0002.wav,2.427629232406616,0.8714570075591335,3.6741106213614354,2.467220917726066,2.9531988089949954,1.671530329076483,9.976364135742188
3570-5695-0012.wav,2.258094549179077,0.945887154556654,3.67885005778887,3.1867776294744434,2.969261237646223,10.00372239238625,10.810280799865724
4507-16021-0051.wav,2.512558698654175,0.9748178502972348,3.5311333957045608,3.1159094007298056,2.962586251461446,9.66530305757442,18.232929229736328
5142-33396-0002.wav,2.176253318786621,0.9227873857407046,3.3055477549576437,2.328598013832204,2.7152838269149875,-1.8117571013378764,12.784900665283203
5142-36600-0001.wav,1.4877885580062866,0.9144740337738008,2.4678944581096807,2.130871108332668,1.9046182807105816,2.3098709768669403,9.073978424072266
61-70968-0030.wav,2.3056304454803467,0.9699558695234208,4.016103613642484,3.0680478557913333,3.1661767741538167,7.533568724862434,12.55119800567627
7176-88083-0005.wav,2.9663431644439697,0.9851564163956223,4.438311807402595,3.411808191681379,3.713248055584233,7.829186429934719,9.806913375854492
2961-961-0001.wav,1.6937291622161863,0.8848461785499243,2.9182064402510366,1.9714169994740252,2.2160176164195216,-1.0498582250949546,8.26930046081543
4446-2273-0014.wav,2.3457608222961426,0.96340449658386,3.864966891911444,2.883526969967618,3.1081681393980323,4.435529766006272,13.774431228637695
6930-76324-0020.wav,2.366215705871582,0.9453120141212864,3.9079593832983353,3.0500226284020835,3.137795664920428,7.015348131560791,8.23431396484375
672-122797-0043.wav,2.679139375686645,0.9027632852029316,4.090584775893966,3.418518542027908,3.35816506640018,11.746592837988588,18.356002807617188
2830-3980-0076.wav,1.2425100803375244,0.7300189843184004,2.5252513743852,1.7593029766315402,1.7995287928511392,-1.296508738808538,3.389173746109009
5683-32865-0011.wav,2.5986359119415283,0.8940375021085316,3.9718777924190807,2.8871783084339824,3.2459104615437493,4.475841486138363,11.049094200134276
672-122797-0066.wav,2.1835765838623047,0.9327635653386334,3.5372612859707315,2.730223341204013,2.8213128007359507,5.078814578723311,7.117837905883789
7176-88083-0004.wav,2.000692129135132,0.9570338110171626,3.381420626628754,2.701545040569576,2.676849338937472,4.890846558050133,6.511058330535889
6930-81414-0005.wav,2.0448272228240967,0.8397494260330647,3.19696747113928,2.158463117925772,2.544786083264496,-1.3075247678135773,8.07754135131836
1188-133604-0008.wav,1.7081118822097778,0.8052482420467159,3.0099028483351358,2.2299192671797736,2.315288583183425,0.9006436755946019,6.287757873535156
5105-28240-0022.wav,2.5533885955810547,0.9397998826452918,3.962578478614908,2.9730791656108813,3.2480567253015837,4.877549776756302,6.889530181884766
2300-131720-0027.wav,2.6331167221069336,0.980027478530081,4.1947447082120055,3.2026501455263414,3.413829280520798,7.476304058559177,7.767453193664551
8455-210777-0043.wav,1.339969515800476,0.7866302952160568,2.491680412415369,1.6484477788725664,1.8266183710265251,-3.556764158045991,4.578211307525635
121-121726-0004.wav,2.981386184692383,0.9619863602313256,2.9899298363342863,2.650314678018268,2.925959244146965,-1.102394053109515,12.239776611328123
5142-36377-0014.wav,2.6936023235321045,0.9727845457267952,3.978140777364836,3.287995637053036,3.329472353653278,8.685963059782454,10.03748893737793
672-122797-0054.wav,2.425420999526977,0.8553904748726119,3.5981054361142766,2.932980743511506,2.969786414795481,6.635110044672659,12.342467308044434
121-127105-0018.wav,1.9767403602600095,0.8542693574085306,3.601745062617244,2.2383718987248185,2.754722928704044,-1.4132416498995966,5.593422889709473
2094-142345-0014.wav,1.892354249954224,0.8656027144604905,3.470654892394149,2.4931907220796825,2.6585241876429664,2.758921586755054,2.172572612762451
7176-92135-0021.wav,2.600400924682617,0.9493543475966164,3.950798965215157,3.2050449033741044,3.2695085208448083,8.045410266813958,9.104798316955566
4507-16021-0007.wav,2.949276924133301,0.9743793226654108,3.8627442377111993,3.2274869953055223,3.3121218769320477,9.70861831160603,16.44477081298828
237-126133-0014.wav,1.1823136806488037,0.6540574416894624,2.1631432269341584,1.5513844106257162,1.5568848391329442,-2.726987387006229,1.7260475158691406
1580-141083-0018.wav,2.3112449645996094,0.9358282256500036,3.518347084141477,2.37664804555376,2.818928203472657,1.0286705526316355,15.578008651733398
6930-81414-0011.wav,1.6862366199493408,0.7951574323779143,2.988711667200453,2.450493189022212,2.3054448091177124,4.050247924394421,7.828639030456543
1320-122612-0007.wav,2.2943994998931885,0.9462090177545296,3.650132339677425,3.004433224296311,2.9667092211934314,7.124508833923743,7.109537601470947
908-157963-0026.wav,1.5925757884979248,0.783060216370239,2.8401931593748087,2.026223503697936,2.1600779422993184,-0.9085181313142696,4.985443115234375
3729-6852-0021.wav,1.7953168153762815,0.9045384734250876,3.2038621917509813,2.247020962897742,2.4060604173213878,2.7033599588604083,7.697615146636963
6829-68769-0013.wav,2.104290246963501,0.9777720780054066,3.4648791655785542,2.72813751285004,2.753645432886332,5.277854931671733,11.373982429504396
4507-16021-0042.wav,3.333003520965576,0.9884526215246562,4.595077190723719,3.919813985513015,3.98085792296904,12.91441913968253,20.52649307250977
4992-41797-0019.wav,2.0566463470458984,0.935968723475516,3.066828416680832,2.185349579392268,2.481742780581103,-0.7828184711908905,10.75917148590088
908-157963-0000.wav,1.291337013244629,0.8224064911898381,2.672664623442015,2.0766732663154195,1.9329630304230427,1.8096426129244167,0.5943004488945007
2094-142345-0044.wav,2.063466310501098,0.9330212846475336,3.516373270009812,2.6908242418701693,2.7557049300211807,5.125201169215384,7.933146953582764
61-70968-0008.wav,2.211535930633545,0.9807189552275964,3.922625605470931,3.0775851666800973,3.070392768045446,8.47631953548109,8.87741470336914
237-134500-0024.wav,2.165791749954224,0.8532105168282149,3.2811845560333586,2.294364922043446,2.663953679308525,-0.7810592854388592,7.598882675170898
1995-1837-0021.wav,1.5704325437545776,0.8004404186360369,2.873482009702842,2.3836029451152463,2.18881362598283,3.903236206321776,7.426502227783203
4077-13754-0000.wav,3.239340543746948,0.9802861016769548,4.432608043016783,3.4170031313584683,3.830004055649658,6.6448557329687565,13.53975772857666
908-31957-0000.wav,2.464674234390259,0.9724718345180696,3.584812952115392,3.08912642056468,3.0041978633513304,7.881562863554879,13.537033081054688
7729-102255-0010.wav,1.5018465518951416,0.8589236690795898,2.93850268512132,2.002950881198012,2.1828762321305213,-1.4573870777316875,4.688206672668457
4446-2275-0035.wav,1.779511570930481,0.9271815873875896,3.410196692889256,2.5121055518327644,2.5824401973296265,3.4315671791005755,11.665526390075684
2094-142345-0011.wav,1.5259885787963867,0.91561030148621,3.2226038755049697,2.308169364509647,2.331433463999547,3.4242092704374656,5.03571081161499
8463-294828-0003.wav,3.2814877033233643,0.985938560564174,4.8176320776566985,3.906580014575211,4.075650774383714,12.651555937438316,18.34315299987793
4446-2273-0011.wav,2.075128555297852,0.9552103693780282,3.521494129609628,2.2951670982600256,2.768887843798211,-1.45265593309184,11.484603881835938
5639-40744-0035.wav,2.146093368530273,0.9275164303271152,3.176898619076637,2.403972843714166,2.604705670718406,0.9941558104176994,6.46091365814209
61-70968-0027.wav,2.3263585567474365,0.9572706390455804,3.868542104977641,3.064826630520026,3.100095256332663,7.462907085609849,12.978412628173828
1089-134686-0032.wav,3.570213556289673,0.9888497263212812,4.822856223072725,3.836920427823801,4.21912575676668,9.572006365957671,15.807618141174316
1580-141084-0012.wav,3.1430609226226807,0.8940015254408128,4.411339248870546,2.791168062638943,3.738357925559303,-1.1290096689764988,12.121943473815918
2830-3980-0061.wav,1.7338519096374512,0.8457673318315617,3.054162646603556,2.257589405762206,2.3157388771001752,2.66767258646214,7.8040008544921875
8230-279154-0038.wav,2.073837995529175,0.911643533333192,3.4472635099025384,2.513635040366197,2.7086263128850065,3.0239155801961406,4.37719202041626
1284-1180-0017.wav,2.078770637512207,0.906846965282688,3.4526242933253286,3.1225379070651176,2.7659341397509065,10.35394908596647,14.33871364593506
4507-16021-0032.wav,1.699176788330078,0.8038042710221269,2.802320062332024,1.9690990171071432,2.1585030013777717,-1.013261666169757,7.610402584075928
4446-2275-0026.wav,2.040213823318481,0.9378121135171308,3.620827991440892,2.688383038892629,2.8273527004289973,3.8787205500372535,10.920733451843262
8455-210777-0023.wav,2.838950157165528,0.9911421552730908,4.002974858141358,3.357674015087217,3.423820726489155,8.310435017776838,15.852161407470703
1580-141083-0009.wav,3.062618970870972,0.9509901560846508,4.502185606656032,3.7389271193864095,3.794159726617802,12.268428580138387,18.570629119873047
3729-6852-0020.wav,1.13616681098938,0.7503824793186874,1.9137125861301725,1.5145676377672292,1.3934493130996013,-2.2552628323063555,4.526124954223633
5105-28233-0006.wav,1.6917866468429563,0.8810894328872302,2.904709878116193,2.3137930934082065,2.248385192091999,2.6342394823350244,10.80163860321045
5142-33396-0060.wav,3.771696329116821,0.992513949005032,4.7319573399312524,4.073789186788649,4.282307444680813,11.509307786811627,20.588348388671875
672-122797-0032.wav,1.3406052589416504,0.8575049483536203,3.0321732690777905,2.3718286312371477,2.128922947895944,6.464483209167725,2.482522487640381
7729-102255-0037.wav,2.178465843200684,0.9006934001320597,3.644594178368752,2.345192600262649,2.8828253892896223,-1.464896194910099,6.757045269012451
2961-961-0003.wav,1.5156068801879885,0.8980221651777409,2.5828161206831,1.7367896828636071,1.9128325784682465,-1.3800896813057335,6.898806095123291
1284-1181-0001.wav,2.696631669998169,0.966333397264862,4.104602990022551,3.303775400967796,3.4027330752912395,8.52541608440883,14.164007186889648
908-157963-0023.wav,1.8969371318817136,0.8788297557044517,3.466218244615737,2.651496219840322,2.6451760041161045,5.829743260251495,10.656082153320312
5683-32879-0020.wav,1.7923386096954346,0.8120379491148624,2.82325254649148,1.908786788251952,2.195723157917342,-1.7857472592286885,10.115243911743164
4446-2273-0018.wav,1.3324873447418213,0.9005762758211018,2.6328501850758275,2.0244453033332634,1.9169260919013025,1.417673029348094,5.78969669342041
7021-79740-0002.wav,2.2420578002929688,0.9460533175838506,3.319117462253834,2.6077915011671227,2.715582421918737,3.8689709145877,11.193748474121094
6930-76324-0015.wav,2.3307137489318848,0.9457437813515764,3.819111690916267,3.0314430642675645,3.074766769887316,7.029172399844256,6.34427547454834
7176-88083-0007.wav,1.0826821327209473,0.6469671985932219,1.571353117165751,1.3226660142787838,1.161608716144603,-3.376149405483547,-1.9292588233947756
1320-122612-0000.wav,1.855196237564087,0.8801651484268025,3.47098748228825,2.406034517312914,2.6289515613522374,2.1409504243333064,2.532099485397339
6829-68769-0037.wav,1.8675167560577397,0.9718005829347915,3.614161920011986,2.816388925116659,2.71672409400425,8.106707478945086,12.394067764282228
237-134500-0021.wav,2.917189836502075,0.9234246982775776,4.079793938331991,3.4210506524770694,3.476762158482904,9.815000163911089,16.88385009765625
4446-2273-0034.wav,2.547912120819092,0.9565098469075536,4.018571654592626,2.637557773085576,3.2736472300837054,-0.4284610609798153,10.841307640075684
121-127105-0014.wav,2.308706045150757,0.924822938071814,2.987412959717316,2.332112289626872,2.575566202615635,-0.6325651148062603,11.356632232666016
1580-141083-0005.wav,3.062628984451294,0.9466214611214988,4.213340022657763,3.176796491125496,3.5907293978010646,5.976604291427694,20.056650161743164
5105-28240-0019.wav,2.770749807357788,0.9426015395766316,4.066027490169143,3.322426544483688,3.425904213965272,8.041541074254312,11.986461639404297
4446-2273-0035.wav,1.898546934127808,0.9031488719369992,3.053195575316495,2.0386050231170527,2.4108930018494137,-2.607281406203743,9.624492645263672
2830-3980-0003.wav,1.1045129299163818,0.7168075188355714,1.6429040825767296,1.5493063411872248,1.187977837675842,0.948153972325467,2.191969871520996
5683-32866-0003.wav,3.4458673000335693,0.9737829665788712,4.43814381875148,3.749393614569228,3.938160175689152,10.30488122097348,15.66884994506836
3729-6852-0011.wav,2.6422677040100098,0.9243623869873326,3.9596399089812335,3.17533812652118,3.2469234602202386,9.376575595952737,14.231489181518556
61-70970-0016.wav,1.316927790641785,0.9350291552700742,3.063684028979496,2.038391206224183,2.18590115909272,-0.9949229785451944,9.763910293579102
908-31957-0013.wav,1.989529728889465,0.881742594172171,3.254592817987838,2.3104182847432244,2.547355658901329,1.44382418441265,7.03801155090332
8555-284447-0010.wav,1.6892822980880735,0.8458228873719204,3.001394242475392,2.4499323045794115,2.2819473122401908,5.399309718742289,5.784260749816895
6829-68771-0024.wav,2.8542416095733643,0.9811582013144868,4.136161147550667,3.450971865486801,3.491376851955084,9.958856431832364,17.022302627563477
2830-3980-0022.wav,1.4255688190460205,0.8261775743320233,2.597021381461091,1.890956995392125,1.92981621053807,-0.6899056773997232,6.518822193145752
5105-28240-0020.wav,1.5479568243026731,0.9586743821604649,2.872998563502108,2.046865449295132,2.156461989554004,-0.3565346058948828,7.215902805328369
5105-28233-0004.wav,2.667623519897461,0.976764613011416,4.134787627568295,3.204820718295889,3.387807143410474,7.848764129637271,15.228923797607422
7176-88083-0019.wav,2.279650449752808,0.9570724139169744,3.834518833893727,2.908310541653764,3.0592612203815905,5.346972537538043,6.364903926849365
672-122797-0035.wav,1.664079189300537,0.8169768366349072,1.8411754003744871,1.7814070184801984,1.6268644376457766,-2.154249621382337,4.2073283195495605
4077-13751-0004.wav,2.285728454589844,0.9055384114564676,3.6681961464937554,2.555399003734858,2.927353938572116,1.9998170337318848,4.135745525360107
4446-2271-0007.wav,1.1746639013290403,0.8702276870063458,2.3325281252764656,2.331777802995584,1.7265384241863422,5.786614222970818,12.982955932617188
2830-3980-0006.wav,2.9367494583129883,0.9772692659068496,4.297155081126698,3.4445726532854595,3.6044116235268615,9.6161095585267,14.71204948425293
4446-2275-0009.wav,1.643547534942627,0.9369361942051766,3.243607901207497,2.183683045272867,2.417500576048895,-0.1598103134818775,7.315479278564453
5639-40744-0006.wav,2.071031093597412,0.9405930775283587,3.035628492213004,2.3978025196715933,2.484287209066891,2.004259580466784,7.892890453338623
2830-3979-0000.wav,2.388841390609741,0.8357061047793605,3.543827922319936,3.03913123415495,2.935530877973949,8.103113837890433,12.918553352355955
4992-41797-0013.wav,2.66257119178772,0.9595807195873832,3.764978556836601,3.2638827325800515,3.180304638116568,9.747415843312533,16.927316665649414
1320-122617-0041.wav,1.2603929042816162,0.8593109821211735,2.7772226004493588,1.8517635501191,1.9359952733565344,-0.0554499043425757,1.3668112754821775
5683-32866-0029.wav,2.0577213764190674,0.8055722740615248,2.7818509542126595,2.255054900554361,2.3113128023653524,1.6009470326530155,6.878816604614258
7021-79730-0008.wav,3.268390893936157,0.9823313096263993,4.484786576655751,3.343008438417593,3.862962476997049,5.588009823052164,9.960687637329102
1221-135766-0011.wav,1.4085711240768433,0.9231860792185718,3.2114768846594828,2.5724658498180077,2.295093967380009,7.255088309729122,4.644718170166016
6930-81414-0019.wav,1.8755385875701904,0.892682622221487,2.9783676822101657,2.260201384187916,2.4040903305044865,-0.7678991673949727,8.990299224853516
2094-142345-0055.wav,1.788594365119934,0.8879984170317581,3.300144518630069,2.306088666644674,2.5071314175867387,1.2000380075029924,4.014679908752441
7127-75946-0019.wav,2.8080615997314453,0.8900187431662915,4.044328181222789,3.315646927181596,3.388343949441139,9.660124043278028,15.02918815612793
6930-81414-0007.wav,2.1930835247039795,0.9275224746644464,3.537410276849778,2.992980954038354,2.825484077077448,9.208435184925726,13.164443016052246
908-157963-0004.wav,1.6100530624389648,0.8597756126919186,3.001545531980125,1.964008592432914,2.2314216577318464,-1.2459137156087106,6.5414719581604
1580-141083-0002.wav,1.9556128978729248,0.8951012289044344,3.373292682859877,2.4565700492383677,2.6233176616140583,2.5218202137365244,10.87120246887207
7176-92135-0008.wav,2.5934338569641118,0.9869810212250384,4.144624915337371,3.3249573620287123,3.3753492510182657,9.432541923204449,12.998214721679688
5639-40744-0030.wav,2.986121654510498,0.9882026492723852,4.102379740861503,3.500205576668297,3.5389113940560675,9.838935298617333,14.979202270507812
1580-141084-0015.wav,1.3466953039169312,0.8519700303836975,1.819412119513949,1.2980685802732137,1.33381858200891,-2.0452247287762426,0.6805807948112488
5683-32866-0010.wav,2.170868396759033,0.8842422173133823,3.572790987940895,2.596760575172756,2.8086147494328744,4.112407759522595,9.371045112609863
6930-81414-0012.wav,3.381939649581909,0.910055773050542,4.402118687949728,3.62667202427664,3.8899019187119728,8.75613025688421,14.569941520690918
4446-2271-0000.wav,2.729642629623413,0.9761426598603394,3.949168438868698,3.38409347801782,3.324126929536665,10.34008081872847,15.91920280456543
7021-79740-0005.wav,1.6301991939544678,0.8633918194457872,2.375013939607435,1.9970297791065612,1.9567005073146977,-2.0575813635859337,5.865342617034912
121-123852-0003.wav,2.5339956283569336,0.9534726419033868,3.874128799071536,2.7543205763340914,3.170543126368106,2.597011322409321,8.777052879333496
1221-135767-0009.wav,1.6495637893676758,0.8704196870757558,3.2162634193685933,2.518423263265767,2.404052735226888,5.234770948953791,6.334351539611816
5142-36377-0000.wav,3.0151922702789307,0.9872259332523824,4.128838869516927,3.824771577719532,3.59782501643483,13.40135056883286,15.03046989440918
908-157963-0024.wav,1.507307529449463,0.8627886425635356,3.018157251608345,1.949147462910428,2.189468690251542,-0.7755766338284962,2.4309823513031006
1580-141083-0039.wav,2.353447675704956,0.8552680142938479,3.293348315770034,2.4872807934414336,2.732717097930377,2.269326777161629,13.244420051574709
8555-292519-0009.wav,1.994877815246582,0.8855734696586898,3.0214077921222464,2.514327686891668,2.3917573978614795,6.502408256176359,11.061569213867188
5142-33396-0051.wav,3.798559427261353,0.9861059538459086,4.733362818218263,4.258224310624321,4.28525757546192,14.73152074760258,19.56917953491211
260-123288-0026.wav,1.418769359588623,0.8588158114232166,2.692383264718506,1.8414499373728788,1.992902025199761,-2.264351368272681,4.761081218719482
8230-279154-0002.wav,1.0773138999938965,0.549795896497426,1.0,1.0,1.0,-3.29449221914818,-3.203892946243286
8230-279154-0021.wav,2.320228815078736,0.9170212509680882,3.72110074537144,2.6405396928836384,2.9855680299366574,2.452007529243981,2.5771303176879883
2830-3980-0053.wav,2.341537952423096,0.943375438561418,3.8119452005472616,2.847233980043141,3.0219238969427504,6.435013690392781,11.356157302856444
8224-274381-0004.wav,1.3624398708343506,0.7334318841081959,2.390804473463182,1.9168966636278248,1.8188476807904876,-0.8353162553060027,4.458701133728027
4446-2275-0027.wav,2.4476993083953857,0.9454952104711162,3.935973940150844,2.9113141196894725,3.18765397462254,4.425694059479819,10.369817733764648
1320-122617-0007.wav,2.0137434005737305,0.9005867707076414,3.37402311168248,2.5055999926884254,2.657081162787817,2.680748133658609,2.113098621368408
5105-28241-0016.wav,2.966465473175049,0.9611229726247196,4.503479313855608,3.738626680933342,3.75506234930954,12.604909713918394,15.6250581741333
672-122797-0062.wav,1.615023136138916,0.7093318308953324,2.971204795371143,2.091541828012164,2.194709807176948,1.8036354291229004,5.651589393615723
4970-29093-0000.wav,1.26371967792511,0.906170626831902,2.6852933976963134,2.0009134386781056,1.9164515349451865,1.2065437544541084,7.831610679626465
237-126133-0010.wav,2.3548383712768555,0.902054378638144,3.422778910786241,2.858538769670296,2.8277898051443877,6.83132502558234,13.680578231811523
2300-131720-0017.wav,1.6578896045684814,0.8992175321195718,3.14872342103267,2.533376301003709,2.3756936470051797,5.36301541478538,3.5363900661468506
1580-141084-0013.wav,2.071790933609009,0.9231460387547772,3.4755071109884312,2.2170773592970163,2.7230761913420034,-1.7308392726219664,9.55847454071045
4992-23283-0018.wav,1.6882123947143557,0.8966597514517676,2.836089821984131,1.934084807789953,2.1778855351025097,-1.8434508868032893,6.269249439239502
2094-142345-0022.wav,2.6549973487854004,0.8302650983289432,3.903418735272005,2.932913290587265,3.222320090667854,5.566684916882869,8.978142738342285
1221-135767-0001.wav,1.660123348236084,0.9422697311294956,3.4326048310967145,2.6646167676522614,2.539610229653242,6.480321559199009,5.876764297485352
6829-68769-0039.wav,1.701221942901611,0.932262995933422,3.2476275265335115,2.080313665230172,2.43619599474593,-1.690612693990136,9.927221298217772
8230-279154-0010.wav,1.9156651496887207,0.9073862633969888,3.364908923428212,2.187034875725139,2.578783565537855,-0.5638509800217775,1.213516354560852
4970-29095-0004.wav,3.712393522262573,0.9764333416444894,5.0,4.01223728990378,4.389104512924127,11.342033610374976,18.024507522583008
7127-75947-0003.wav,2.772655725479126,0.9801591269817465,4.013187323965854,3.374392372155053,3.3902586508617025,9.306460569844116,14.75690746307373
1995-1826-0017.wav,1.4079002141952517,0.7948644466685102,2.450644061244115,1.6599993796646495,1.8084923557507648,-2.478477417803158,5.449806213378906
7176-92135-0003.wav,1.421565294265747,0.8878715814986404,2.9918401591191817,2.081048125180506,2.1433632654166512,1.515444564254571,1.5758826732635498
8555-284449-0003.wav,1.9657583236694336,0.890630369650138,3.269109332687475,2.782532283825297,2.5803109937540705,7.455441002110544,11.556035995483398
260-123288-0009.wav,1.9394659996032717,0.9633086725324036,3.3505314363880263,2.8111569655992588,2.6288214624162234,7.1719784659620816,16.729188919067383
6930-81414-0002.wav,2.391287088394165,0.8568040974765962,3.471446498271205,2.422866607622611,2.8640569062779884,-0.0807117940902809,7.2673492431640625
1320-122617-0006.wav,1.367386817932129,0.7732630006521365,2.43302938981906,1.750632867334361,1.7990884773418123,-1.605648724517962,-2.658264398574829
3570-5694-0012.wav,2.2194764614105225,0.963694596912036,3.449144472218829,2.940834611626559,2.8168468635200226,7.213202817565405,13.32447624206543
1188-133604-0022.wav,2.8304851055145264,0.9110060822901982,3.986608724429914,3.340852788865848,3.4029435011620346,8.480370267616983,17.127487182617188
5683-32865-0000.wav,2.574596405029297,0.934366635085826,3.546628286025383,2.2062554935866854,2.969935071617435,-3.8482088308057567,10.849327087402344
4446-2275-0001.wav,2.6605591773986816,0.945201738746182,4.24696563246428,3.086908010332204,3.459000351029005,5.196078118039513,11.74124240875244
4507-16021-0006.wav,1.812327861785889,0.8224036615547978,2.8551185926180978,2.5089525003905284,2.230005379296104,7.221894974413199,12.965010643005373
4446-2273-0000.wav,3.254201650619507,0.9686613971290204,4.697255577074023,3.8755388049310335,3.992879335827381,12.766677798923606,13.959342002868652
8455-210777-0055.wav,2.356128215789795,0.9588748804094486,3.781600349552669,2.5988549018898146,3.0631478180389724,0.2248730603207307,7.613248825073242
1580-141083-0049.wav,2.318571090698242,0.8970054200210075,3.6046141014075945,2.580298098026254,2.8921811370856907,3.0323506612109523,12.657001495361328
121-127105-0024.wav,2.546333312988281,0.9259316486344727,4.017398020625286,2.9766907424569777,3.276492831463707,4.780351456095115,6.855259895324707
5639-40744-0009.wav,3.0683960914611816,0.9895258496948856,3.69067438489491,3.055167388483051,3.299715588044556,5.494200476489907,17.732425689697266
260-123440-0012.wav,1.8527400493621824,0.9208001887181044,3.3745830594187227,2.151147844093138,2.560556299458506,-1.0408731020419526,6.21428918838501
8230-279154-0032.wav,2.439538717269897,0.9049226640056512,3.6004879283091147,2.504124848539612,2.970734967019818,0.0452912663603078,4.864069938659668
2300-131720-0007.wav,1.2721731662750244,0.9565792012213704,3.1636341232799907,2.3575097630622834,2.2002906693809434,4.971470847704486,4.964685916900635
121-127105-0023.wav,3.5396382808685303,0.9656134187564808,4.886715241669156,3.825542305151807,4.235514224889415,9.621025650960789,12.081313133239746
1188-133604-0044.wav,2.3947739601135254,0.8861717993830719,3.398232973866085,2.34925240133558,2.830367195722127,-1.3187558513907294,9.550853729248049
3575-170457-0055.wav,2.6891939640045166,0.9402614575214034,4.000543614677049,2.999921654242785,3.3174733394015234,5.068521052448352,12.756174087524414
1188-133604-0017.wav,3.3089895248413086,0.9821756040837114,4.395764135376477,3.555156750554879,3.857585417366293,7.835973558273029,15.785037994384766
2094-142345-0015.wav,2.1176884174346924,0.9635134529850232,3.532002254658261,2.901293620815585,2.797550400336364,7.759888243462194,9.865196228027344
8230-279154-0005.wav,1.6769108772277832,0.8002518024146182,2.9133551111675127,1.901101871313464,2.2149992946618906,-2.474031123043379,1.82110857963562
4077-13754-0012.wav,1.6906075477600098,0.9012581890080416,3.216142676808284,2.3514843648634267,2.4084358401744126,2.990926974318198,7.244775772094727
1580-141084-0020.wav,2.6484220027923584,0.9442928007945622,3.996368340920179,2.937928784316762,3.2962938193714426,4.328367562077828,17.981449127197266
121-127105-0030.wav,1.973281025886536,0.957875711912943,3.71429522676504,2.7310463782261745,2.828928035152413,5.554242614057685,11.02984619140625
260-123286-0005.wav,2.111735820770264,0.9537199758453896,3.327749584420582,1.7697477441880038,2.583717269903363,-5.34486497942941,5.021710395812988
5142-33396-0001.wav,1.814189910888672,0.9118469437247242,3.0826850052270798,2.427516601463229,2.424271029831345,2.3862185652445342,11.800100326538086
6930-75918-0007.wav,1.921794295310974,0.8900521098701831,3.3633512844992097,2.568617158602628,2.607433775978753,4.28642055199574,10.847679138183594
7127-75947-0017.wav,3.31414794921875,0.9721573997132243,4.5638747009238365,3.8912621423618425,3.950109372317821,12.855490309591406,19.70309829711914
8455-210777-0035.wav,1.3793234825134275,0.7719756820563426,2.6336179803029807,1.770253363752667,1.9468492399520647,-3.2320098357519926,6.2096147537231445
4077-13754-0016.wav,2.827965021133423,0.9590628054484632,4.357794520989873,3.072271416828145,3.5894370088328973,4.100813897740436,9.581781387329102
8455-210777-0067.wav,2.527615785598755,0.9890003773963209,3.662905900115893,2.913801950946534,3.049663937199927,5.730219577516458,15.725078582763672
5105-28241-0010.wav,2.444846868515014,0.910409967819714,3.954217461132108,3.4305144339818363,3.204205883630301,12.295830861743273,15.432029724121094
8463-294828-0022.wav,1.2746418714523315,0.691126387764921,2.381714070626985,1.7759594075375862,1.7559401823705325,-1.7872590660406478,3.1248209476470947
1284-1181-0009.wav,2.75722074508667,0.9572122563251636,4.061793763221269,2.8863405902320367,3.392830193392665,2.285589568174558,8.145515441894531
8463-294828-0019.wav,3.1874585151672363,0.9607928848330056,4.604815587523465,3.608013510367724,3.898535073931384,9.67193009765252,14.409814834594728
8463-294828-0018.wav,1.7893803119659424,0.9761706749444012,3.413165727117767,2.703584600846784,2.5776797751192726,6.890431255955364,17.507051467895508
4992-41806-0014.wav,2.444737911224365,0.9534001915620384,3.650538620176847,2.381969248444287,2.977932994788041,-1.0373633685026469,10.659797668457031
4970-29095-0019.wav,2.037402629852295,0.851221885457254,2.1635827399859857,1.8088780598874428,1.9178784749424171,-1.9987457193209168,9.594511032104492
1284-1180-0000.wav,2.648080348968506,0.9362963240682044,3.983397251942744,3.2253192647715974,3.305779560927396,8.182820407690425,12.704870223999023
4077-13754-0015.wav,2.795081377029419,0.9700195148595804,4.319793215275631,3.280725629432835,3.5580225936024825,7.478510774593924,11.379319190979004
8463-294825-0016.wav,1.8335754871368408,0.9324440180953862,3.3808875468309694,2.203873257110255,2.575785697175692,-1.0177166079016515,10.888652801513672
1284-134647-0007.wav,1.7029772996902466,0.8297826701933303,2.969891635733712,2.339692801861204,2.281640411576368,3.173164561943504,3.519439458847046
4077-13751-0009.wav,2.493370056152344,0.9342643073080444,3.990228931149212,3.075205567991992,3.225871974729111,7.202279128991184,7.7408623695373535
3575-170457-0044.wav,2.7855775356292725,0.9593267914869876,4.174933580391085,3.5123146163587524,3.487355566605703,10.953029992460287,14.384556770324709
1995-1836-0009.wav,1.2865620851516724,0.7898948430077918,2.296157844369344,1.8281778527398789,1.7113851567951548,-0.696185269803001,3.245699644088745
2961-960-0013.wav,1.4147469997406006,0.8279027984082514,2.2405649104654928,1.9502103107304984,1.7272418024215097,1.2027909788732445,9.693524360656738
2961-960-0019.wav,1.4686118364334106,0.8875557963693348,2.6999371791907603,2.399185869340374,2.056380189691309,4.688150966769959,10.679521560668944
5142-33396-0055.wav,2.164494752883911,0.970116973504424,3.675153351155855,3.3518898957026204,2.932426387147109,12.79415460258934,17.432186126708984
6930-76324-0000.wav,1.1390974521636963,0.7103207393736346,2.235175842784293,1.666582028290571,1.6247122166258454,-2.94132407800175,3.332688808441162
7176-92135-0015.wav,1.4432939291000366,0.8284002970510128,3.0660292362783035,2.182281591162341,2.226144850583582,1.4200173531479077,6.617680072784424
2300-131720-0000.wav,2.535367012023926,0.9758716608249692,3.99220905432908,3.103438097723201,3.255688991049257,6.995830447135303,8.905696868896484
5105-28233-0007.wav,2.8737106323242188,0.9603532204298793,4.323143409772897,3.4725825844821365,3.595775599682552,10.086724121858204,13.393766403198242
1995-1826-0014.wav,2.1199147701263428,0.9241187080505276,3.179470551832136,1.9502996373389616,2.512176434315742,-2.457673567566868,8.488816261291504
2300-131720-0023.wav,1.7747056484222412,0.9011048268433578,3.0432963857151725,2.225062450589535,2.3563998625243414,0.7206266841482791,2.207620143890381
61-70968-0026.wav,2.012289762496948,0.9740031542417644,3.709519775954699,2.89634344196293,2.861347604691632,7.216845988510983,12.72619342803955
1320-122617-0027.wav,2.224125862121582,0.9652382401567252,3.6492684219649054,2.7613556678275315,2.893727221697793,5.432434470741447,4.593412399291992
1089-134686-0037.wav,1.8495852947235107,0.8724430027548707,3.1719764259782006,2.17254125863066,2.4827332304142926,-1.7603775233677807,6.645040512084961
5639-40744-0029.wav,1.8539376258850095,0.9310812399355292,2.785783231085751,2.067265769019712,2.215382262929047,-0.0546882505739045,5.082010269165039
1580-141084-0038.wav,2.445166826248169,0.9387749215446476,3.9327722193262233,3.101351419105972,3.170893022707696,8.073312946600948,18.110315322875977
121-127105-0019.wav,3.15092134475708,0.982437298588416,4.368758914231034,3.5386787911481425,3.765736779786596,8.711726854302533,12.944459915161133
672-122797-0072.wav,1.6462554931640625,0.7690621762825122,2.726947991723204,1.830637580443866,2.0647606238420244,-1.50908176523561,2.497150421142578
2830-3980-0021.wav,2.440818548202514,0.903884324405252,3.727254300875335,2.6781298678134564,3.0324546347620056,2.8857628946829337,8.698429107666016
1580-141084-0037.wav,2.839198112487793,0.9783264330026926,4.220493108091127,3.3573249914643712,3.5310790542778787,8.351370081633108,14.68187427520752
260-123440-0002.wav,1.910183668136597,0.9448407771579652,3.242386438514378,2.772839923334676,2.5559984143892294,6.972171595972724,13.13361930847168
237-126133-0015.wav,1.418592095375061,0.8097335953459676,1.6136807692120572,1.32722132832605,1.3002302977626443,-3.558680559967052,4.481531143188477
61-70968-0022.wav,1.7349250316619873,0.903015394016772,3.23700757387598,2.4523448350422536,2.4673335906227223,3.1040548390666887,9.627410888671877
260-123440-0013.wav,2.7559499740600586,0.9686885312478146,4.006891732916917,3.445340401991462,3.36820776052413,11.02122383131505,16.080913543701172
6930-76324-0009.wav,2.139813184738159,0.950881488234942,3.468140107428653,2.8384955241334047,2.7875374149294454,6.128609240559678,10.912006378173828
7127-75947-0038.wav,1.5372830629348757,0.8584411608089294,2.961163875301958,2.005713637843144,2.214238851896303,-1.779017706084654,4.971604347229004
1188-133604-0029.wav,2.3399503231048584,0.9012750060993944,3.4231006226247347,2.691571474946553,2.84930233758025,3.0220070536603325,10.598627090454102
7176-88083-0013.wav,1.9474141597747805,0.9489254087654608,3.564845751282652,2.5286271636935926,2.73083326324865,3.0076651576629923,4.610269546508789
2830-3980-0047.wav,2.0277600288391118,0.9276719261936444,3.5475281483958048,2.813027463390609,2.760443325920071,7.0156686127169765,10.154804229736328
4507-16021-0031.wav,1.870796799659729,0.9261881228312724,2.735157867730819,1.3992237033320312,2.0720616166923698,-5.206615868651228,3.0945534706115723
6930-81414-0015.wav,2.6354191303253174,0.8880824305283058,3.9478584871961178,2.930033673318244,3.2733142210804043,3.961416122012453,9.163752555847168
3575-170457-0027.wav,1.54719877243042,0.9049145630716942,2.7619225736755704,2.336927698804069,2.053838093760741,6.322966097118135,8.662622451782227
6829-68769-0048.wav,2.5735020637512207,0.9709841682306434,3.999881826985427,3.3346647676970167,3.2821194503207063,10.22889733882491,15.421072006225586
8455-210777-0024.wav,1.0805249214172363,0.4734871613343405,1.0,1.0211641668040627,1.0,-5.117027314174808,-3.252096652984619
2961-960-0000.wav,1.245325803756714,0.7492895478850684,1.8631244302153809,1.7779580467351377,1.4204334897025843,1.227999825999846,3.825953483581543
908-157963-0011.wav,1.5794037580490112,0.8499474266110874,3.059596707959946,2.405090028085127,2.269001331889493,4.922930337953831,9.923486709594728
7021-85628-0019.wav,1.4776712656021118,0.9524801346366204,2.67709926354251,2.315487111234384,2.0450035894185183,3.492997923847547,10.414884567260742
672-122797-0041.wav,1.7909293174743652,0.7886693948929382,2.9581632062195573,2.0744967499835405,2.297015891997143,-0.6813785080029076,5.487057685852051
5142-33396-0043.wav,1.899330139160156,0.913474775090832,3.2972723388160534,2.471907550804584,2.5727523835124053,2.501415299576172,13.2590913772583
3570-5694-0003.wav,1.8471295833587649,0.97306840595772,3.350504098400455,2.7784799073843844,2.58231308855414,7.348068353282875,6.808157444000244
237-134500-0009.wav,3.5769710540771484,0.943680124197418,4.436245982312143,3.890574203669299,4.009863354375431,11.267172642384882,18.181978225708008
4507-16021-0008.wav,2.029370069503784,0.9400848574375829,3.0107285949326497,1.9128172653777484,2.3914455160317454,-2.760058873183659,12.14566707611084
908-31957-0002.wav,1.845674991607666,0.8857000298915445,3.008509460178691,2.06744188180591,2.33037086253296,-0.3566082123640529,6.450633049011231
237-134500-0032.wav,2.378734827041626,0.961322656175361,3.29848838385214,2.9725768867842666,2.821975236657853,6.523225162454846,13.935870170593262
1580-141084-0047.wav,3.054267168045044,0.965293342320856,4.245109289848465,3.678368118181546,3.661624623218056,11.388348931024982,17.665027618408203
121-127105-0009.wav,2.184706211090088,0.9093512010843202,3.645093385876256,2.3165209694885887,2.880783497398352,-1.727603662641994,3.7047934532165527
7176-88083-0000.wav,1.73858380317688,0.901329571322512,3.10948701201677,2.3517841338839363,2.404782877545575,1.5218522551430438,3.506233930587769
1320-122617-0017.wav,1.8927242755889893,0.936947409228456,3.5868523337581943,2.566197145631266,2.7194580503395938,3.7858267035184334,5.9976487159729
1320-122617-0036.wav,2.20245623588562,0.912925616640058,3.3395055090383963,2.294833002491468,2.674087897115251,0.5959451893994747,1.2136369943618774
121-127105-0008.wav,3.4158504009246826,0.964465909041471,4.468745411919687,2.879479979330549,3.922226057885203,-2.5704432287772905,11.844593048095703
7021-85628-0025.wav,2.8375120162963867,0.9859385670945792,4.03664085334602,2.649707940386677,3.3740462879842243,-0.0171471380173186,11.20150375366211
5142-33396-0018.wav,3.3540172576904297,0.9805659188346952,4.31222738736937,3.6754091025809577,3.841138907616112,9.298176298239166,16.3347110748291
6829-68769-0006.wav,2.8171794414520264,0.9771143742822966,4.178908944377715,3.4915830637233074,3.5015840320564435,10.5475298644632,16.698440551757812
1995-1837-0000.wav,1.7132947444915771,0.755149307298123,3.027673439552677,2.264406182418262,2.33323097486873,1.1230913354227825,7.65135383605957
61-70968-0048.wav,1.62037992477417,0.9036090948896204,3.198836100103833,2.39431945680291,2.388870793589055,3.123856811257714,7.97008466720581
1284-1180-0028.wav,2.263110876083374,0.9426450154885034,3.630376645793676,2.500416155145844,2.872379382758089,2.388507935251225,8.177577018737793
61-70968-0021.wav,2.2206616401672363,0.9373893796779597,3.64883682106832,3.028233665450881,2.904357001934038,9.14000402387243,14.319202423095703
7729-102255-0000.wav,1.4657779932022097,0.8334378782389448,2.7237839123010783,1.894274492144967,2.038411322482653,-2.05339038259533,4.944150447845459
5142-33396-0027.wav,1.8343346118927,0.9272069636492016,2.873015043968599,2.4061426236295045,2.32295353338166,2.209757118223576,12.480499267578123
8555-284449-0007.wav,2.072697162628174,0.9263687377140384,3.1428562983352086,2.632396463502169,2.5090242386747463,7.013209879708507,9.727680206298828
5683-32879-0001.wav,3.8768272399902335,0.9924839246139524,4.89030345038372,4.090921633459711,4.367525192716231,13.039301725054324,22.599414825439453
4992-41806-0000.wav,1.2243385314941406,0.7418627350911866,1.664376266502302,1.483356235455075,1.297544453064288,-2.6985915713647666,4.43332576751709
1580-141083-0045.wav,2.67681884765625,0.9341911526834386,3.807678071476251,3.0037497068896557,3.2297434903292594,4.585054421930502,14.252201080322266
6829-68769-0041.wav,2.472144603729248,0.9784566037893024,3.4871607562917237,2.919305907894145,2.932104089925188,6.331127820203566,15.793684005737305
3570-5694-0001.wav,2.906242847442627,0.9893307822199476,4.182435389150504,3.393758701237533,3.529853228132203,9.132313972608808,15.023170471191406
908-31957-0024.wav,1.9884735345840452,0.9255497326455197,3.3489395734435465,2.152157158383493,2.6009579330436807,-1.377092563222454,5.069110870361328
8455-210777-0041.wav,1.997955322265625,0.9708705943043076,2.972796204477091,2.4319375457105696,2.414021987661947,3.193102479580104,8.977497100830078
7127-75947-0028.wav,2.3607215881347656,0.9583224504430754,3.6577683286495786,2.984418416094645,2.997684028412012,6.581839579652878,13.383999824523926
4992-41797-0008.wav,2.496957540512085,0.9682711087019432,3.446939150590009,3.133360704420596,2.941631008978736,8.79109984317348,15.384878158569336
8455-210777-0025.wav,1.702725887298584,0.912175818300898,3.006739384756626,2.0972388488761964,2.329658829219835,-1.9868497288418931,8.414560317993164
7021-85628-0015.wav,1.5371527671813965,0.9172488424669486,2.7794054903974708,2.072035756775908,2.106661360937041,0.0269719244306504,8.637886047363281
7127-75947-0022.wav,2.3603477478027344,0.9396444770267728,3.7425622137811154,2.897724734580704,3.0504340738479097,4.735043623978833,13.543010711669922
2830-3980-0008.wav,3.415187120437622,0.994232342896897,4.686454089770844,3.7018434708432704,4.042939587921639,9.9274117378335,12.097003936767578
4446-2273-0013.wav,2.1718287467956543,0.942398190939721,3.4129414428669524,2.404682336827694,2.7634199492476044,-0.4354335375359517,11.488789558410645
7021-79740-0001.wav,2.4945549964904785,0.9665957140834154,3.839661615423257,2.5828139601421523,3.1110580187747185,1.1616978561625726,11.587963104248049
5683-32866-0001.wav,2.024559259414673,0.920181063901892,3.239974693261497,2.600215670992303,2.575873217937473,4.98042702802366,8.880165100097656
4507-16021-0021.wav,2.328805685043335,0.9660032441559004,3.676813904568907,2.9148259019643104,2.964700142636352,6.880044131118323,6.518909931182861
2094-142345-0042.wav,1.909010410308838,0.8259805204427779,3.194621588502648,2.003067414737467,2.44929549070816,-1.6095322271381716,3.0940656661987305
8224-274384-0005.wav,2.420612096786499,0.965308971055816,3.719780364876602,2.7490683186378413,3.0447111420348865,3.011665440405333,12.971168518066406
237-134500-0017.wav,3.349724769592285,0.974185728638856,4.518722425919992,3.671945579901221,3.9415805841769256,9.281786522837583,14.72395133972168
2830-3979-0001.wav,3.569746255874634,0.960303228031666,4.81407971880462,3.8871720388999873,4.191887991990657,11.370468051897156,13.51696491241455
260-123286-0001.wav,1.3516818284988403,0.8525541999431777,2.5805318374691284,1.7946074273061094,1.9279401989192144,-3.581357481013282,9.25139045715332
1320-122617-0035.wav,1.5017722845077517,0.7774167411405435,2.3886431410087257,1.809905901318982,1.829116750565254,-0.9906579660778309,-1.5384998321533203
8224-274384-0002.wav,1.8953101634979248,0.8816647878933415,3.0931142136799004,2.68229730830946,2.4537755843713267,6.548351065698023,12.100242614746094
1580-141083-0013.wav,3.088002443313598,0.9457229796197612,4.298893356136012,3.4370819487766204,3.6622277825963474,9.205509053973405,18.00714111328125
7176-92135-0033.wav,2.415496587753296,0.9470266961007398,4.022394275228365,2.5739999637563376,3.217189524112126,-0.8073823957380629,10.833168029785156
1320-122612-0015.wav,2.3417110443115234,0.915879788910018,3.900926786097647,2.7991010505545573,3.102174168377308,4.088481722681012,6.175371170043945
908-31957-0001.wav,2.68574595451355,0.9674886894717404,4.065959982598623,3.2866187011918484,3.3784924369680245,8.314361146645261,12.039531707763672
2830-3980-0025.wav,2.625135660171509,0.963236877523908,3.980434183187569,3.157814686372065,3.274804300994954,8.07471098940063,12.875154495239258
7729-102255-0009.wav,1.3762881755828855,0.8073667934556366,1.9229022080140024,1.5401786841595877,1.4840185317798515,-2.1172575036461523,-0.5172116756439209
4507-16021-0010.wav,2.218801498413086,0.903246530616552,3.366405098791763,2.3991199321871344,2.682981267721987,2.688803587911552,6.655182361602783
2094-142345-0045.wav,1.7454618215560913,0.9321069025385402,3.418655628509079,2.5221097806824933,2.557469941255712,4.376768938831707,7.293728828430176
6930-76324-0012.wav,2.137749433517456,0.9535216497202604,3.665238700085216,2.9990413271565,2.912687400240585,7.453598459297266,5.772149562835693
237-134500-0003.wav,2.106161832809448,0.8821761294706886,3.068607119372678,2.2448228818604634,2.5267774508023018,-1.0580443246449076,8.812324523925781
4970-29093-0009.wav,2.3922691345214844,0.9178556094345464,3.351202134149021,2.3881714552564173,2.78721517028324,0.1324889470932518,12.09280776977539
6930-75918-0006.wav,1.252162218093872,0.7643941668496409,2.582742897386784,2.192720097989429,1.878019621138435,3.526761699125953,6.164255142211914
61-70968-0059.wav,2.927271604537964,0.9917572230257466,4.4683924579791645,3.4629862653222845,3.714810898327959,8.65929445761997,14.484689712524414
1221-135767-0015.wav,1.4675498008728027,0.7148634265524295,2.814217025391049,1.6417807867432286,2.0439271829435515,-4.295754321624734,1.4068291187286377
4970-29095-0010.wav,3.0051493644714355,0.9655286769058,3.989757734549922,2.996056889235462,3.44836753146092,3.635864383652325,14.172802925109863
5142-36600-0000.wav,1.443802833557129,0.9702622454983526,3.153963659930368,2.771544291389439,2.2972087138751487,9.577588037576827,15.738219261169434
260-123288-0005.wav,2.431603193283081,0.954775185520046,3.707120548810856,3.020964399477502,3.05100363644917,6.933840284240073,0.6843711137771606
2961-961-0018.wav,1.8186612129211424,0.8877587367507043,3.0860128824789768,2.0582931108175133,2.398032739433857,-2.179927483208211,8.381444931030273
7127-75947-0030.wav,2.6794419288635254,0.9548628320497312,3.867579062169504,2.8881656617539764,3.248738572552947,3.2651175244855475,10.751519203186035
1580-141083-0040.wav,3.0186445713043213,0.9373183672300484,4.212265504660952,3.3413068579643297,3.591133926447486,7.9016453471910095,17.45765495300293
1995-1837-0020.wav,3.823958396911621,0.9913643481546284,5.0,4.23921648824188,4.47115810499003,14.143267049539062,19.17755508422852
672-122797-0064.wav,1.6764339208602903,0.726608492093568,2.746454748075124,1.9432188260273893,2.1280659545039176,-1.6411703039033805,4.494734764099121
3575-170457-0021.wav,1.5300471782684326,0.8561624908781555,3.019942170268027,2.2947195050182376,2.234311139014572,3.1064922703318514,11.979574203491213
4992-23283-0006.wav,2.014132022857666,0.9270805928919932,2.61513298433794,2.2506878038463207,2.1872185225597374,2.705170689867934,9.17673397064209
4077-13754-0001.wav,2.380793571472168,0.9806405875416534,4.068256802617133,3.172701871527819,3.2361064819809067,8.358999061992261,13.679801940917969
237-126133-0004.wav,1.9152390956878664,0.9385602475880414,3.090232102630482,2.2373987325366547,2.456641609738047,-0.4108106307375845,11.267451286315918
1580-141083-0003.wav,1.472527265548706,0.841397399978478,2.8650203585358143,2.12844674634667,2.0916285369747687,2.5141347153862648,8.172797203063965
7127-75947-0015.wav,2.804443359375,0.9806768131204366,4.189349888320174,2.840589886872519,3.461069777035827,2.0414939072861475,12.237071990966797
1580-141084-0019.wav,3.109957695007324,0.9749626737189956,4.593773756086115,3.831815953219903,3.853775745209539,13.818101225344034,21.140623092651367
2830-3980-0042.wav,1.507922887802124,0.774631014784031,2.597678199842816,1.7307970094789558,1.9462040640938605,-2.732369749128965,4.930271148681641
61-70968-0057.wav,2.1811044216156006,0.9753341959276234,3.989002674700296,2.8246574544879297,3.099374053179702,4.193700044231968,10.340375900268556
4507-16021-0024.wav,2.4406306743621826,0.9706093147897858,3.5823610085011777,2.7302809678632154,2.906067780507766,6.1028699685772265,15.158418655395508
8463-294825-0007.wav,3.0132713317871094,0.9660799321499062,4.513668176076763,3.6290290019826914,3.77421881169406,10.930833617639648,16.359241485595703
2094-142345-0007.wav,1.7140355110168457,0.7866413944924658,3.034914312076264,1.8861633211197093,2.258082660913271,-1.4001990218310842,1.5642244815826416
3575-170457-0039.wav,2.036540508270264,0.8891736582633113,3.12317534424236,2.505284441487297,2.5238054369935137,3.3827643124995315,3.114564657211304
2961-960-0020.wav,1.4803261756896973,0.9312773021334826,2.3857769609679904,2.4199766390998976,1.895551088401509,5.38871304399682,11.02858543395996
4077-13751-0018.wav,2.931816577911377,0.951295453438154,4.492851697319096,3.348503020942273,3.718613403802877,7.277406704965807,6.723237037658691
6829-68769-0023.wav,2.2286248207092285,0.9689047347701883,3.683841011563636,2.1876579285347706,2.9077634512607142,-3.4684254949857625,9.84621524810791
1284-1180-0015.wav,2.5238301753997803,0.9220712526932872,3.7630871748593138,2.855775705712526,3.1100960967324216,4.287305463214652,11.32545280456543
3729-6852-0032.wav,1.8095147609710691,0.9208546831774932,2.367056683137521,2.011800923734164,1.872471799720352,4.342423215873773,6.200851440429688
7021-85628-0024.wav,2.8827478885650635,0.9936006883754952,4.408721209640094,3.239307216600185,3.656260574145054,5.727602237585087,9.634690284729004
1284-1181-0012.wav,1.541452407836914,0.8167298196156582,2.728889543266812,1.9164423082374689,2.0751967067343347,-2.10086024761778,2.8257555961608887
121-127105-0000.wav,3.2745907306671143,0.9653950110615672,4.342965625337285,3.206808815097178,3.8082896907944312,2.8167700410764374,9.84631061553955
2830-3980-0070.wav,2.2798993587493896,0.7804307571232171,3.626169389735386,2.542217847648037,2.846264421559466,4.356530548258231,10.19225025177002
1995-1837-0014.wav,2.2959184646606445,0.9598813667516674,3.835873414060556,3.459772058856997,3.079569195723655,13.473780173757303,17.439573287963867
1221-135767-0018.wav,1.4992177486419678,0.8153406726175727,3.088740424619636,2.0229224493902067,2.234399904467342,-0.1554180223761019,4.128790855407715
1089-134686-0016.wav,2.9727632999420166,0.9772792282345572,4.142730902586141,2.980808946189497,3.5370662566837785,2.364590984452088,9.385278701782228
1580-141084-0028.wav,2.2365753650665283,0.925530569530926,3.803041320852837,2.8671966820038826,2.9727730978597764,7.183369932033395,16.850154876708984
1580-141083-0030.wav,3.142737865447998,0.9713023295505852,4.4723535801432295,3.661999927185546,3.815920640017397,10.609226248568069,16.34128761291504
1320-122617-0005.wav,1.2170559167861938,0.6999038120422837,2.387079230582217,1.740049675014852,1.7405502398325552,-2.405837741241988,-1.0315794944763184
2094-142345-0010.wav,1.9682300090789795,0.9097747333217888,3.616425364891084,2.6224359172534832,2.76016069153012,4.640488447881856,7.101797580718994
3575-170457-0004.wav,2.4654836654663086,0.94227407100906,3.804767046146648,2.996528242645734,3.087730023153873,7.565210547156218,13.569464683532717
61-70968-0055.wav,2.812957525253296,0.967073628481008,4.434641606053015,3.421545450939528,3.6378967046330746,8.974411604036984,14.687561988830566
7176-92135-0037.wav,1.262804627418518,0.7655092487022485,2.660683080980222,1.847553311669189,1.921821323657928,-2.017267202810265,4.3053083419799805
260-123288-0019.wav,2.5304293632507324,0.9842828974913898,3.2897855160094065,3.019565321902268,2.943059358711604,3.967421778817783,15.627608299255373
4446-2275-0013.wav,1.9746408462524412,0.9268769780022512,3.487097745604312,2.7765606805228096,2.713439296833746,6.404219759438335,12.37696647644043
7729-102255-0032.wav,2.244655132293701,0.9379267369685418,3.5673216790886237,2.9746473117645813,2.899504874250588,7.067960060306991,9.214473724365234
8463-294825-0001.wav,1.2876724004745483,0.7726266427040596,2.8555788305991734,1.9220251788699505,2.0329232133113537,-1.0930334975814076,5.460501670837402
8555-292519-0015.wav,2.680809259414673,0.9318119788041744,3.844126811412407,2.868217066833978,3.2000025672150816,4.6016515566678695,13.322956085205078
1284-1181-0014.wav,3.650664806365967,0.99517552382362,4.979550688130091,4.150947188489766,4.346541298822396,13.55737552744387,19.504863739013672
61-70970-0036.wav,2.521843194961548,0.9776991777583084,4.184376377231824,3.2601173572812145,3.379884231147331,8.025389415313674,11.162833213806152
4077-13751-0016.wav,1.399822235107422,0.7806849546480896,2.4383000915471995,1.537430259640021,1.7666941842992137,-2.9714715964907468,-1.3105926513671875
3570-5694-0004.wav,2.092179536819458,0.9513328889082324,3.3742619905810507,2.5051969871907938,2.697647141007422,2.0422399528425568,5.0964460372924805
2300-131720-0035.wav,2.3051183223724365,0.9557313883564612,3.861775088814608,2.8735804890093783,3.064393001378783,5.54050992257919,4.701762676239014
3729-6852-0031.wav,1.757373571395874,0.8007910060368053,2.841502479209209,2.3317289725858728,2.164769364719773,6.178878502557045,12.132187843322754
121-121726-0000.wav,2.000467300415039,0.9007272645577352,3.5661640609072887,2.185176908942797,2.7548607116949677,-2.6958411043146517,6.019534587860107
237-126133-0009.wav,2.721529006958008,0.9590497023784524,3.708677850859754,2.833554842709133,3.178657325300463,2.619521577433056,15.341217041015623
1580-141083-0041.wav,2.991790533065796,0.9567373895872796,4.249434517459332,3.3789685538887366,3.6044832718980127,8.332420803036875,17.562740325927734
1188-133604-0010.wav,1.9843459129333496,0.9100883949031258,3.278798480868115,2.8935724457211816,2.6131373248584158,8.25660797978203,16.372339248657227
1089-134686-0029.wav,2.4427640438079834,0.9438287488401748,3.588245056374722,2.458952092732338,3.008732504620313,-2.566981321830095,11.498847007751465
5683-32865-0013.wav,2.564813137054444,0.891679851694278,3.721150686319948,2.759959451995288,3.0828556989754423,3.64809799043771,13.050821304321287
1995-1826-0008.wav,2.47436261177063,0.9724199977725736,3.8972490450361,2.987379998602724,3.1782057979917795,5.59133106987757,13.062681198120115
2094-142345-0030.wav,2.225392341613769,0.9394658609565758,3.6949243867997863,2.950857336211689,2.938682734114752,7.479159348595897,7.858157634735107
1221-135767-0005.wav,1.0687845945358276,0.5525064644342703,1.945816281933907,1.407419275075057,1.3480083004058154,-2.2380380633404178,-2.9244461059570312
4446-2271-0016.wav,2.193803310394287,0.9411621603384644,3.469092847283129,2.560290070202984,2.794892617249244,2.201021627193018,13.017305374145508
4446-2275-0018.wav,2.43058443069458,0.9597754929687028,3.915771735079544,3.1065107681492017,3.181610367450071,7.09652536681046,10.745708465576172
7127-75947-0002.wav,2.4656033515930176,0.989592217342128,3.956408970701443,3.1550661601571925,3.2139371234661183,7.847240580794669,15.297232627868652
8230-279154-0003.wav,1.785966157913208,0.8376265672043371,3.011219662378456,2.1008118733753944,2.345129482699976,-1.2931537390074814,4.790559768676758
2961-961-0008.wav,1.6612379550933838,0.9403556235228584,2.871726649725049,2.3547186201472745,2.2277870844004566,3.020435754593447,7.328251838684082
7729-102255-0004.wav,2.594608783721924,0.9639172668385576,4.022559075438746,3.030635458432759,3.292140082671778,5.768122901861971,9.087265014648438
5683-32866-0017.wav,1.8282365798950195,0.944502358201036,2.4796685961726554,2.424743110822006,1.994630284913225,8.25808490238897,14.85780906677246
8455-210777-0017.wav,2.1595988273620605,0.9306390669603228,3.306276484635648,2.154588142922241,2.6577372958249508,-2.266566729978323,6.875998497009277
5142-33396-0049.wav,1.806950330734253,0.972115305155012,3.2486062006965355,2.54407880395605,2.5145957147557616,3.788057052622381,15.738655090332031
2961-961-0020.wav,1.56201434135437,0.934529396745266,2.6893501456515363,2.4014038278973837,2.0915512626322825,4.311030802744798,9.878421783447266
237-134493-0004.wav,2.8644604682922363,0.9431595630944942,4.128266464406802,3.537669708843452,3.5099889227713943,10.491729265486349,14.279745101928713
2830-3980-0012.wav,1.9156856536865237,0.8448033565226578,3.4417030868475496,2.152692118637532,2.6216347623399394,-1.3131380610641123,7.572557926177978
8230-279154-0008.wav,2.171438217163086,0.8065063658514381,3.10153025640313,2.4202719671781217,2.605920591900311,-0.0813384993112247,5.296582221984863
237-126133-0007.wav,3.1205129623413086,0.968077569593032,4.125020716084602,3.5449169191238408,3.616714960120248,9.587342258642028,18.24925994873047
4446-2275-0016.wav,2.8878514766693115,0.9437366157088446,4.231805218717171,3.6591803914613727,3.567869927705233,12.483049857008782,15.923867225646973
2094-142345-0050.wav,1.4070305824279783,0.6652172853744158,2.6499322632592217,1.8686976473203192,1.945623702419098,-0.8515425245327447,1.9041149616241453
4507-16021-0057.wav,1.8543471097946167,0.7916773946674279,2.977827262731833,2.2917533885505232,2.3023368825037926,3.893554891257528,12.035457611083984
3575-170457-0041.wav,2.4280924797058105,0.9373809379196,3.855509952483729,3.073322001309391,3.1120528583758484,8.27673651086419,10.503522872924805
3729-6852-0001.wav,2.4467363357543945,0.9540783249080964,3.7565025316666847,3.179470314754408,3.0656982431354467,10.106819717640084,13.99831199645996
3575-170457-0046.wav,1.3462847471237185,0.7816968208936139,2.6599752586744687,1.8457794603632407,1.9382982849836548,-1.5629989601959464,4.322177886962891
908-157963-0017.wav,1.5679866075515747,0.8511363013708366,2.736337389985866,2.16714400334527,2.1095806786463966,0.9158985250643276,9.916015625
8463-294828-0029.wav,2.289752244949341,0.9524824897303876,3.933325195086118,2.976566721492559,3.104335959757289,6.758636944634971,14.740856170654297
8455-210777-0038.wav,2.197188377380371,0.9472094522251624,3.407320779352168,3.028349207893731,2.787638054149731,8.645591445889,14.147361755371094
7176-88083-0011.wav,1.398768186569214,0.8813102399575998,2.8424939477408437,1.8969437890730356,2.0787133654240053,-2.1667015660055635,3.3818578720092773
260-123440-0014.wav,1.8558393716812132,0.971952861066428,3.2816934119284635,2.33460449161508,2.504998313835378,2.328037159792943,14.644159317016602
6829-68771-0012.wav,3.086348056793213,0.9707536071729812,4.591100768226009,3.606598312014042,3.851588957663505,9.934826497337465,13.939144134521484
7176-92135-0038.wav,3.154585599899292,0.9922871123632664,4.462918395983195,3.823141217696927,3.845102632461571,11.848149300437468,14.36022663116455
2300-131720-0025.wav,1.3062524795532229,0.7409526404083278,2.043111325180769,1.4443637604715118,1.5342952202745672,-4.244783003894394,-1.0551024675369265
8463-294825-0010.wav,2.6815078258514404,0.9635011155593644,4.201670463704375,3.0538095104696783,3.4484636254262453,4.4490883234275485,13.70548152923584
8224-274384-0003.wav,3.150987148284912,0.967999216866173,4.307343698805934,3.379858112450916,3.7213064078188474,6.802915020580401,12.373165130615234
5683-32879-0015.wav,2.7523655891418457,0.9755059516509432,3.8405761415131607,3.0976817882093632,3.194145279874055,9.473262991008667,14.468505859375
1320-122617-0000.wav,1.2261487245559692,0.8273770883349504,2.353647448406709,1.7175694785565163,1.7319485100215983,-2.9832805263089304,1.2363572120666504
1188-133604-0041.wav,2.483327865600586,0.9237877215339588,3.586747982013292,2.9130742140314387,3.013192862406666,5.006673454325289,12.322677612304688
2961-961-0019.wav,1.8870294094085691,0.955082433461028,3.235357600499875,2.657348339929832,2.5291016456620614,5.830464749884072,10.89927101135254
6829-68769-0018.wav,2.94775652885437,0.9856345806319587,4.434401182809198,3.5630476950283607,3.697458078559433,10.567276186667597,14.107194900512695
3575-170457-0008.wav,1.409870982170105,0.8351090291568689,2.9810276807149507,1.9530503757619648,2.137634076907177,-0.6723297547196934,3.4364962577819824
1320-122617-0013.wav,1.6565170288085938,0.8050812774340044,2.7995433835354118,2.0525061601161254,2.15140196044911,-0.0627796982702384,-0.2595589756965637
5142-33396-0017.wav,2.886354684829712,0.9747641370871972,3.985324307850268,3.291629869540976,3.415923317547936,7.918121294886771,15.816940307617188
260-123288-0001.wav,2.418736696243286,0.970849580514386,3.1235017291953264,2.6873245031175714,2.7113528751673086,3.619652138097275,14.815312385559082
4077-13751-0007.wav,1.8944342136383057,0.8953810261366149,3.5191368335806112,2.203284150603181,2.6589619061615037,-0.7687157809678388,5.12651252746582
908-157963-0010.wav,1.9049797058105469,0.8579450002051799,3.14727948495404,2.302680000578818,2.4376686276075845,2.56154065346061,8.154762268066406
4446-2273-0027.wav,3.0386998653411865,0.960480137636076,4.487579808444635,3.479087939522066,3.7705567482999287,8.513049312558138,15.412386894226074
6930-76324-0010.wav,2.7431063652038574,0.9572976692310016,3.9726147758944177,3.144051094768817,3.3420308799435574,6.452446648042278,12.396432876586914
7127-75947-0032.wav,1.9636926651000977,0.8828639186536814,3.122783069814984,2.1188620099422373,2.4862847215129884,-2.174418176700501,6.935977458953857
7021-79730-0004.wav,1.450939655303955,0.8724640655231489,2.7608671711848194,2.0260673045558577,2.070483432722426,-0.7790959624218725,3.0667757987976074
5639-40744-0015.wav,2.001108169555664,0.9500050437546924,2.944148916244435,2.327513421650111,2.39412174441843,1.8305669601501189,7.828430652618408
8555-284447-0020.wav,3.6137661933898926,0.982062467626645,4.670055578338422,3.907444378785698,4.142369027485305,11.362018488927331,17.04770278930664
1580-141084-0001.wav,1.7353999614715576,0.8913779572775653,3.187975961910233,1.958679391064981,2.378990995335629,-1.9075430054723623,7.795980453491211
2961-960-0002.wav,1.2520772218704224,0.7491705529811331,2.2559963031229224,1.9627018202161752,1.6672299517814226,1.998529997514927,4.262999534606934
1284-1180-0014.wav,2.633671283721924,0.9318130378842024,4.1279846918250005,3.185229240205907,3.368089664901653,7.759611431943393,10.23890495300293
61-70970-0011.wav,2.384669303894043,0.9571719690076688,4.065385322942794,3.17526547595669,3.2246093016881017,8.90011855840925,14.280202865600586
2830-3980-0075.wav,1.6741604804992676,0.8591307074266272,3.1725059102964304,2.0128800411339944,2.354994485735649,-1.226924924871664,5.5840373039245605
260-123288-0000.wav,1.947697639465332,0.9520595174123172,3.0576161254063465,2.208207949275652,2.4354468954309088,-0.1794857981880364,11.466647148132324
2830-3980-0039.wav,2.51932144165039,0.9413432179681708,3.789223169552396,2.919662396412897,3.102921436142058,6.124352749304691,11.759014129638672
1995-1837-0026.wav,2.9113962650299072,0.967085777117646,4.09225275279541,3.4999566190783757,3.496314670144533,10.394198828649651,15.700234413146973
6829-68769-0049.wav,1.9940943717956543,0.9279389067333278,3.704688052202812,2.2666926895359194,2.826690759780841,-1.62334744434827,6.045766353607178
7127-75947-0035.wav,1.7995057106018066,0.9060115604343364,3.148106871155725,2.222049370879535,2.4309181324237685,0.0508945577831701,5.803521156311035
61-70968-0031.wav,2.914824962615967,0.9882564029628952,4.504252457991033,3.568277296901935,3.7410985527355183,9.776031291356505,14.05563735961914
7021-85628-0006.wav,2.9158966541290283,0.9825951858651162,4.255864584529339,3.162582289605536,3.549900746080997,6.330857764303847,13.50727081298828
1284-1180-0024.wav,1.0534625053405762,0.4544785192218367,1.0,1.0,1.0,-2.6176279746184554,-3.878845691680908
8230-279154-0006.wav,2.460779190063477,0.9695475362024172,3.993889517189225,2.5587848977071506,3.1882622610860505,0.264609943387057,4.422859191894531
908-31957-0015.wav,2.08725905418396,0.9256002598362706,3.344584069686155,2.511960488885288,2.646777274301865,3.668123640787581,8.114717483520508
4446-2273-0025.wav,3.129077911376953,0.9647251176913644,4.500207099646943,3.705460461684088,3.8318844053637378,11.006077318943216,14.76300811767578
2094-142345-0036.wav,1.445156455039978,0.7686055340383089,2.9346457979211547,1.834785049460594,2.0955261452056924,-1.193806747316306,1.690418004989624
8224-274384-0010.wav,1.5407490730285645,0.8411980169370031,2.6765450723832616,2.164099600600569,2.0508040077276126,1.7470946769050897,5.931913375854492
4446-2275-0021.wav,1.9954761266708372,0.966588838421534,3.5204630914678656,2.712730102614372,2.723897324055953,5.967182625742244,12.77859878540039
7127-75947-0023.wav,3.061479330062866,0.9846119519019988,4.583702903341176,3.5890080896650587,3.838735902584791,9.69513049292915,15.565423965454102
8463-287645-0001.wav,1.480941653251648,0.7609328056006177,2.317721394503672,1.492937266317238,1.7165470933190063,-2.922369543146072,5.8613691329956055
260-123288-0013.wav,1.6147236824035645,0.8869832890961815,3.031574418439876,2.2444308427660107,2.262748732948588,2.551774973714165,5.177729606628418
7021-85628-0021.wav,2.188639879226685,0.9560534468590628,3.611631198907013,2.8136735137437703,2.89101791195559,5.036884274862057,8.88440227508545
8555-292519-0011.wav,2.3242766857147217,0.9212714525782116,3.5875169853441005,2.880689756461222,2.8875993607474126,7.711179282575806,14.87868309020996
4992-41797-0007.wav,1.9176032543182373,0.92560038989934,2.895700787283421,1.9442868625888488,2.2852898287271954,-1.7437287418277625,12.465296745300291
5142-36377-0016.wav,1.509168028831482,0.91547359483793,2.8791094334686926,2.2152394522622747,2.1685543372793354,1.3485739618813106,10.413215637207031
237-134500-0010.wav,2.0431995391845703,0.9070657732215596,3.301722262203269,2.744344030043828,2.634669562990013,6.304611607036396,13.154325485229492
4970-29095-0018.wav,3.4981980323791504,0.9687782111920716,4.803052722034633,3.67693704625394,4.157777828982958,8.245559758625687,14.774795532226562
7127-75946-0008.wav,1.7931541204452517,0.8916863617043262,3.0845099807251493,2.100637406845714,2.406964643158004,-2.308234088338245,6.061120510101318
2830-3980-0073.wav,2.420801877975464,0.9290649861316655,3.9712748236074433,2.8121134469116797,3.172432943015522,3.901245482063828,9.897750854492188
4970-29093-0003.wav,2.805050611495972,0.9349383300361562,3.868496727785847,2.913109590998113,3.298987943613759,3.308777419889474,11.00967502593994
1320-122612-0013.wav,2.712241172790528,0.9811254972919432,4.285606815525696,3.384630736281768,3.496944702704243,9.854863049473147,9.263981819152832
3729-6852-0028.wav,1.729012370109558,0.8599609611903756,2.893551497118358,1.7438838315702758,2.1560499411497376,-2.042585748969598,6.784331321716309
5142-36377-0005.wav,2.1120307445526123,0.9461176410861898,3.5194620465576967,2.760927156213348,2.811711429005701,4.550067273948833,10.580963134765623
1284-1181-0020.wav,2.816157341003418,0.9757344656249398,4.206249211515316,3.329937890833247,3.5070397435665197,8.325741805851308,13.567245483398438
5683-32866-0026.wav,3.1110169887542725,0.9800048704732242,4.076257036278308,3.5796378382896847,3.58302389571803,10.414623299219292,18.86427116394043
2830-3979-0003.wav,1.3877159357070925,0.7517976007172567,2.619587320448836,1.9102177705965175,1.9441110906249328,-1.0742576440495768,5.060131072998047
4507-16021-0016.wav,2.173830509185791,0.92465843444025,3.4105795098636245,2.5015053176375748,2.7273993341239917,2.6660429786164834,11.42982292175293
1221-135767-0003.wav,1.4807419776916504,0.83668736879124,3.1674055153161422,2.3485602524418234,2.2962653727699163,3.7413621639541663,4.777639389038086
7127-75947-0007.wav,3.059525489807129,0.9769913868377416,4.33686762300882,3.569027531557948,3.710046454807179,9.608026669731569,15.855619430541992
121-123859-0001.wav,1.2646888494491575,0.903854490369738,2.6495330467748373,1.826026784597882,1.9181576048351905,-2.414350057109784,5.5066819190979
61-70970-0038.wav,2.813474655151367,0.9857299462570828,4.507666426179134,3.089922865828432,3.683556442972751,3.3073029155065883,11.840027809143066
4446-2271-0018.wav,1.8699439764022827,0.9155992151785712,3.190208991616162,2.593452121487966,2.500744893250661,4.82535183534163,12.82654857635498
1580-141084-0035.wav,3.219665765762329,0.9723011313314992,4.594329361084634,3.800221652632837,3.914450502145701,12.263939819670258,17.786346435546875
5105-28233-0003.wav,2.406073808670044,0.9530945255370564,3.90025753421849,2.595406020747873,3.1493078434838813,-0.292488874223184,12.037792205810549
2094-142345-0047.wav,1.775566339492798,0.8185788019820303,3.229692686115824,2.2886591209849363,2.4418295211637124,2.065036379882761,5.695901870727539
2830-3980-0074.wav,2.2490756511688232,0.9066599938589308,3.471626177217232,2.777601941525364,2.816466244127638,5.565786602345481,9.49614143371582
237-134493-0006.wav,3.234520673751831,0.9684788893900236,4.457404314006062,3.5435360611541933,3.842067262597177,8.594753207018952,15.02963161468506
2094-142345-0041.wav,1.2867515087127686,0.7085112011678488,1.4441466355789108,1.5036922873174632,1.2506255959764387,-4.221542810667214,2.004193067550659
61-70968-0017.wav,1.405422568321228,0.927079230042394,3.060439852693323,2.289329405978312,2.202793495684348,3.470263267582168,9.11127758026123
6930-76324-0026.wav,1.1219878196716309,0.748159788341937,2.2327950141076625,1.9081199580186596,1.599841008635102,1.68537607710219,2.9399476051330566
4077-13751-0020.wav,2.308811902999878,0.950382365518151,3.975569740936679,3.0269095369116155,3.14357272471984,7.034532830453319,7.650214195251465
4446-2275-0020.wav,1.3005495071411133,0.8063537000582428,1.7814857834130031,1.300390018505703,1.3208480836888896,-2.944891660989487,1.021427869796753
4970-29093-0016.wav,2.974477767944336,0.9728874322497468,4.053021715299797,2.744177017239779,3.4770068422409097,-0.6868222513312404,17.29574966430664
1284-1180-0008.wav,2.042851209640503,0.9239717868064844,3.4657755150077314,2.645316887488883,2.697585136572557,5.55210007321593,8.2418794631958
8555-284449-0019.wav,3.5184099674224854,0.9790778109080124,4.700064024973785,3.959494091429164,4.130643327189357,11.964670964714037,15.554000854492188
7021-79759-0002.wav,1.939663767814636,0.9581324169798257,3.288803669691553,1.840068551542176,2.498974429583402,-3.8715090190840526,5.478739261627197
7176-88083-0023.wav,1.2681385278701782,0.8060038480587904,2.237242767958066,1.6164055551352534,1.6032316185572346,-0.854177555059159,-0.8790516257286072
1089-134691-0022.wav,3.1944222450256348,0.9819675118972462,4.481544376777324,3.57807611143726,3.85766118521368,8.39728158370436,14.748889923095703
672-122797-0071.wav,2.0549004077911377,0.9313318845159442,3.183619570748414,2.671510162648429,2.593350008929662,4.551460417959111,8.149807929992676
2830-3980-0020.wav,1.1455117464065552,0.7240446497149192,2.5054247017874123,1.6778639471812054,1.7173903304755376,-0.8269884721178803,-2.1886556148529053
2830-3980-0062.wav,1.9792842864990237,0.9104298761509204,3.3792018137474784,2.363630270873725,2.589907125598996,2.995212451581214,9.63922119140625
5142-33396-0003.wav,2.8760221004486084,0.9777008814844236,3.9423029528023625,3.272073362298088,3.39069779381757,7.624492452921022,17.600595474243164
4507-16021-0052.wav,2.7957355976104736,0.9365427232462852,3.856032150402634,3.257112793998283,3.2639446948252706,9.903297213699226,17.186988830566406
1188-133604-0024.wav,1.520552158355713,0.8116330493291322,2.545548224277608,1.848643300640227,1.9712875477837604,-2.924610840766553,5.791320323944092
237-134500-0031.wav,1.9787912368774412,0.8967927355194937,2.9208114100849545,2.335206707729395,2.4017849431047598,0.7762441055881728,10.993698120117188
908-157963-0002.wav,2.782585620880127,0.9569198274608914,4.105810339831583,3.115515203961317,3.418181591350491,6.143150153847902,12.081827163696287
2300-131720-0002.wav,1.3773354291915894,0.9700362750771696,2.955592763617126,2.442146898413115,2.154552310366746,5.3111045666470655,4.143918991088867
4446-2275-0033.wav,2.965029239654541,0.9464363548609508,4.28640347372456,2.492509680903698,3.568563411470884,-3.737653930924246,7.042916297912598
8455-210777-0040.wav,2.183054208755493,0.95830878653904,3.3706511324163886,2.594972614718141,2.711002296188463,4.131988156385261,12.05827808380127
3729-6852-0005.wav,2.033408641815185,0.933153563248779,3.2481589578517016,2.660441726851289,2.5730671181771827,6.369190673456293,12.047821044921877
3575-170457-0047.wav,3.3406412601470947,0.9890779887362848,4.626586755362923,3.815066269178244,3.9758189811989872,12.27651346893782,16.119312286376953
908-31957-0021.wav,1.3496756553649902,0.7801811324947167,2.289528272183348,1.5133316025807049,1.7093226053050117,-4.822899631289749,0.7725257873535156
2094-142345-0056.wav,2.2960522174835205,0.8887838284327311,3.696111514539092,2.668624307545656,2.958505320077267,3.187873941368066,6.156868934631348
61-70968-0047.wav,2.410008192062378,0.962392384557518,4.0343390262842,3.140786352065285,3.229888804600477,7.811101687886008,11.792845726013184
5105-28241-0011.wav,2.084416151046753,0.9323650842524516,3.756381483225317,3.118042122729057,2.934592418232782,9.593543509897396,10.16486358642578
7127-75946-0029.wav,1.3035210371017456,0.765113467277581,2.435256233398902,1.8062519898555405,1.8170613754306435,-2.402193012873976,2.8242344856262207
237-134493-0013.wav,2.6679415702819824,0.931154434985466,3.861080814651147,2.846192403756865,3.240474359317409,2.651924481454309,10.33344268798828
5142-36377-0006.wav,2.034435510635376,0.9791945287516136,3.50758123673774,2.992048380170413,2.7646213927965166,8.895321672752274,14.103870391845703
5142-33396-0000.wav,3.6844210624694815,0.9714047658499328,4.677836612836855,4.03072044190331,4.190854718319356,12.388996592563418,20.053356170654297
8455-210777-0065.wav,1.7969127893447876,0.8986435868637521,2.806795380376418,1.893679211240422,2.221474284670782,-3.453841429894123,7.475174903869629
4970-29095-0001.wav,1.748040795326233,0.874982901559454,2.608579304457236,2.024426153339183,2.084952735923874,-0.425382373732681,6.524291515350342
1188-133604-0036.wav,3.1333413124084477,0.9741375520994666,4.410619102785708,3.359914883625206,3.770317769801752,6.332309485148486,14.023632049560549
121-121726-0010.wav,2.761669874191284,0.9403736137880296,3.591103335765911,3.073226482134685,3.165465772008965,5.016018862335789,10.36579132080078
5683-32865-0016.wav,1.9328854084014893,0.8581943840406678,3.256962842552451,2.164567647254877,2.535826446844839,-1.1418040462773142,4.638839244842529
1580-141084-0039.wav,1.8709771633148196,0.9531486326448622,3.596434558084085,2.66710090701106,2.7254371232414583,5.015273193145868,14.904202461242676
5639-40744-0037.wav,1.9836870431900024,0.957299688618572,3.1188575035698083,2.5351071648838293,2.482185922970044,4.820316377928238,12.20977020263672
2961-960-0004.wav,1.366767406463623,0.9068921165780066,2.454042534524311,2.482849797765975,1.8935163812124485,6.308014396116625,12.797980308532717
7021-79740-0011.wav,1.0760364532470703,0.6751802198932575,1.3519481180086723,1.0,1.0,-6.162783913858145,-3.7748074531555176
1188-133604-0043.wav,2.51120662689209,0.9300970582019756,3.6593098249938136,2.9301361775137047,3.074485634901876,4.576462076116273,10.765625
1580-141084-0036.wav,2.8546159267425537,0.9122946987693216,4.326232748242565,3.407796422839006,3.574835880037002,9.76873591413721,14.521775245666504
4992-41806-0009.wav,2.4762730598449707,0.9744216783242317,3.6576501265519648,3.1630518415112765,3.037110600801754,9.371700382405535,15.23549461364746
6829-68771-0035.wav,1.98364782333374,0.9276141889381602,3.4325553998597,2.2683049037196983,2.6626500055429703,-0.4892557444125724,10.562335968017578
3729-6852-0039.wav,1.7961119413375854,0.9140707555527632,3.059142360915441,2.310310648535017,2.3349768635258275,3.678871464804665,9.87953281402588
7021-85628-0027.wav,2.5552191734313965,0.9700319053228283,3.691885986723858,2.838814012280354,3.0888820492840154,3.8520297200943614,9.896698951721191
4446-2275-0042.wav,2.3585972785949707,0.9035870924186212,3.696136554598663,3.1609335496609656,3.012670741073153,9.53334916410733,12.780498504638672
5142-36377-0007.wav,1.378567814826965,0.8513427893619513,2.203458883474008,1.7788430589184765,1.6793680579192396,-0.7519304049700806,2.854438066482544
8455-210777-0052.wav,1.2131893634796145,0.8292621014276927,1.2525102216520536,1.532152401964302,1.044284940272035,0.0417424114937796,8.80921745300293
5142-33396-0020.wav,3.006852626800537,0.9803936590607802,3.9862720948001633,3.364473564002078,3.47943196394191,8.06363512970822,17.8050479888916
3729-6852-0000.wav,2.328857183456421,0.9753252104094374,3.740282052848773,3.170399977953466,2.9869910552794727,11.346793747195662,17.04521369934082
672-122797-0063.wav,1.495702624320984,0.7137778141763722,2.4284583728487994,1.5719899824005437,1.7757622502589427,-1.6324883248251183,5.807084083557129
1995-1837-0015.wav,1.4828190803527832,0.8884022353143497,3.161142791970322,2.3693146416147344,2.299556032252941,3.8189712958053743,8.046123504638672
672-122797-0000.wav,1.8053492307662964,0.9260381957272223,3.3078156109527503,2.346030421634783,2.5261654374856137,1.4092251117713332,-0.3756868243217468
2094-142345-0034.wav,3.2093658447265625,0.9800951891511314,4.72823308261385,3.857477352443631,3.990124638847408,12.623124305543458,16.077503204345703
3570-5695-0007.wav,1.5163657665252686,0.8645900346155981,2.682991294657116,1.8981204719018088,2.049136288002061,-2.617484302836083,2.575961112976074
2961-960-0015.wav,1.594369888305664,0.9576104359666398,2.653315648894384,2.4067890870777924,2.091963309138005,4.062754997574024,13.880966186523438
2830-3980-0026.wav,1.983595371246338,0.9828903592800352,3.259920586587063,2.301871822974634,2.4934032703559845,3.715053509073921,9.212158203125
61-70970-0000.wav,2.3427035808563232,0.984808635830162,4.064043982467883,3.180308351044757,3.2143177019836764,8.788937839091304,13.364208221435549
237-134493-0014.wav,1.6123452186584473,0.8427973916874905,2.760227676952777,1.7027051248242977,2.0968790129351804,-4.722447091030615,6.09162712097168
5683-32879-0004.wav,1.409503936767578,0.7938173581840916,2.481183906517224,1.9001180132024331,1.8350711924032803,0.8549121062507226,8.327073097229004
3570-5694-0017.wav,3.249196052551269,0.98611383760707,4.37847163355206,3.659188658838584,3.8253353208550775,9.652456765839394,14.92776870727539
7127-75947-0019.wav,2.8590807914733887,0.9858572782872168,4.294312514279893,3.529983686699941,3.5658392975608555,11.470285531516703,15.602093696594238
1284-134647-0002.wav,1.48941171169281,0.762622559221388,2.6712181224599214,1.9209470021072952,1.9977949931854684,-0.6463784759708299,1.3862285614013672
8230-279154-0041.wav,1.8927812576293943,0.8924770745601923,3.3394323248082065,2.2611208491268124,2.54916969026478,1.022865781645244,3.1390857696533203
5105-28241-0013.wav,2.344008207321167,0.9592805385433504,4.04474803502521,3.1770531234094417,3.1989996595609544,9.008278243891857,13.677867889404297
8224-274381-0002.wav,1.8066051006317136,0.8469617998288566,3.104520218898733,2.747836184932708,2.427127357911738,7.712290795238788,10.451494216918944
5142-36377-0011.wav,2.3600101470947266,0.9354617350979424,3.787438297150072,2.470338387679808,3.063759041635539,-1.6571061736023949,10.688353538513184
61-70968-0019.wav,1.893261194229126,0.9372667233138022,3.5662538873658725,2.5964129933443125,2.7154871441021964,3.996700151398123,8.971498489379883
5639-40744-0020.wav,1.8385684490203855,0.9062019399048158,2.6708272631128205,2.503642833788977,2.221969046366477,3.836274437660165,7.612051010131836
8463-287645-0008.wav,2.882737398147583,0.953013416624963,4.251094863825895,3.377366568085896,3.5625390430448234,8.592588249963429,14.276124954223633
2961-960-0022.wav,1.3367066383361816,0.7444013902970483,2.412876373780427,1.8748441620492704,1.7916987657154353,-0.2000634253012961,4.730800628662109
5683-32879-0017.wav,1.9490931034088133,0.8725743971900422,3.2780205312892,2.234829997674874,2.522916264779541,1.2415403559010407,7.396798133850098
672-122797-0074.wav,1.746056079864502,0.697429017984198,2.9267184391825096,2.2962657805245383,2.2556652347911,3.31340277996434,7.49106502532959
260-123440-0019.wav,2.852071523666382,0.9852563558681569,4.3179217833509735,3.531864535099197,3.5959157110160858,10.58981228478319,10.00094509124756
7729-102255-0027.wav,1.8056979179382324,0.903960303119752,3.059786320506731,1.7196809035942993,2.318572837338369,-4.818800245410473,4.744132041931152
121-121726-0013.wav,1.819853901863098,0.9159969237898276,2.7259512272621094,2.0661856687815034,2.231618549201527,-2.598557156075018,10.261207580566406
5683-32865-0005.wav,2.966039657592773,0.961532328220341,4.2617101151943135,3.353434188145972,3.6036172953166457,7.856845853439987,12.05721664428711
7021-85628-0026.wav,2.713602304458618,0.9444177428347814,3.817490712764412,3.251106511805673,3.2515700963630723,8.304092319348658,14.747709274291992
1580-141084-0034.wav,1.8810831308364868,0.8864399436655526,3.585398324803908,2.315635411683429,2.7215476572118065,-0.4859561432921204,9.607455253601074
4992-41806-0003.wav,1.812207818031311,0.9701164217791616,3.266720784643248,2.468919758325005,2.499738370262824,3.7238543553443697,14.542673110961914
8555-284447-0023.wav,2.2812111377716064,0.9315174900732408,3.7222161586511966,3.064247213174081,2.978504736383087,8.941140617344338,12.609806060791016
2961-961-0011.wav,1.939942955970764,0.96045646688605,3.2126482585900087,2.863381367212252,2.5644600737826635,7.8208899231933025,13.387137413024902
6829-68771-0034.wav,1.1617896556854248,0.7115687150543119,1.94748122011506,1.5112661852203448,1.4402415381613862,-3.253340271209688,1.0345429182052612
121-123852-0000.wav,3.0421276092529297,0.979099617900054,3.6982350046217967,3.082047010892669,3.3674575509616376,2.716837611248969,12.98128890991211
2830-3980-0036.wav,2.1644115447998047,0.8616801357320274,3.454646145592441,2.715508379724197,2.7610276655875308,5.409242807283021,9.823416709899902
2094-142345-0054.wav,2.343897581100464,0.8360466627431759,3.706608405906573,3.0356471236706923,3.0023992429363147,8.011285529423038,14.258479118347168
1188-133604-0023.wav,1.3808704614639282,0.824333954759648,2.544082990276205,1.8997867171341252,1.9322563088266784,-2.473124238886688,10.590494155883787
7127-75947-0008.wav,2.086306095123291,0.9379352660065016,3.4490285639330645,2.4189035792770928,2.724065419497669,1.0614977993882684,9.968244552612305
4507-16021-0015.wav,2.693175792694092,0.9705196316345922,4.050238477802629,3.295021010664515,3.346794167646654,9.60860210910116,16.77733039855957
260-123286-0023.wav,2.5419135093688965,0.9825314168340472,4.032585085274713,3.335026549214978,3.287966592559647,10.230837662792764,16.490686416625977
260-123286-0002.wav,2.007229804992676,0.9566886121938118,3.169055556712748,1.8396179751965351,2.48483749137976,-4.890393061924947,3.333742141723633
1995-1837-0009.wav,1.970418691635132,0.9088441366737244,3.5032760354417167,2.512543162335716,2.696337977074316,3.259701628404691,5.391641139984131
3570-5696-0001.wav,2.1181437969207764,0.9650276682641572,3.604307526787054,2.994936238079364,2.846810973241883,8.667691761570897,13.785795211791992
4077-13754-0004.wav,3.757712364196777,0.9875788473653117,5.0,4.040122141130194,4.427086000016313,11.386729670875736,15.910226821899414
61-70968-0049.wav,2.650851011276245,0.9569386087884898,4.255770833122666,2.6352499199104447,3.4533232138073324,-1.6722678046577333,10.299121856689451
4446-2273-0006.wav,2.693493366241455,0.9660413679194134,4.052071014900693,3.042743428488857,3.3690010417741583,4.670611161815055,14.207551956176758
7729-102255-0019.wav,3.041510581970215,0.973487048038027,4.434358700932427,3.409691852752962,3.750145196617536,7.185306625847658,11.439051628112791
260-123286-0012.wav,1.9675638675689695,0.9505158562566656,3.32812847824771,2.611135856033522,2.5799867080954377,6.069468836343616,11.587270736694336
5142-36377-0023.wav,1.4937920570373535,0.8237522329318848,2.6579127373163183,1.9764106751949264,2.033101675767868,-1.5490500327080958,9.210576057434082
4077-13751-0013.wav,2.2500123977661133,0.9278127008080564,3.589504294913686,2.562810885869424,2.876911840383916,2.0911436592920984,3.1566896438598637
8230-279154-0022.wav,1.9191601276397705,0.90809322547577,3.1784066211614324,2.427519336506568,2.5106761747700905,2.2167552437344287,3.977918863296509
3570-5694-0013.wav,2.7838709354400635,0.9846610197538942,4.0165179265342,3.401500896726916,3.381171088794008,10.374585597112905,15.9251070022583
672-122797-0065.wav,1.1175178289413452,0.5976664288883986,2.2955054195455995,1.6522863775319017,1.631284237521442,-2.451600016323711,0.5258312225341797
61-70968-0053.wav,1.4831154346466064,0.8828507870951262,2.8725481951091183,2.217635809588044,2.1176790304919715,3.1023352564296958,8.860678672790527
8230-279154-0009.wav,2.229661226272583,0.9326540337782262,3.4589014679209225,2.5715401117567107,2.8102579216382013,2.004904674143836,4.499881267547607
121-121726-0012.wav,3.966292381286621,0.9936142423287696,4.922174374399072,3.9405634155845313,4.438250871900777,9.546892888955052,18.300989151000977
8230-279154-0024.wav,1.7164602279663086,0.8706199896032643,2.3417934585546303,1.6794705674195651,1.916898716808929,-4.808176483955249,2.3884639739990234
2094-142345-0023.wav,1.8802587985992432,0.8639593465318046,3.3624439773235104,2.340346129001194,2.5723780838415125,1.5787504894891708,5.097085952758789
260-123286-0029.wav,1.8400193452835083,0.9532109327204092,3.157168345318445,2.5128705339050548,2.4612758819705416,4.122189161525081,10.71794605255127
5683-32865-0014.wav,3.373710870742798,0.952167511923512,4.221141654078203,3.618682830302749,3.757945834585249,10.35507115641717,19.414722442626957
8555-284449-0015.wav,1.1279168128967283,0.5509798468296122,1.3855402439388738,1.438236245530744,1.0749667403905183,-1.134632185593394,-0.8631525039672852
121-127105-0007.wav,1.600535869598389,0.8720691794345231,2.8159414775503944,2.109367606501932,2.140995685999731,0.8370215543418249,5.377534866333008
237-134500-0029.wav,2.3864760398864746,0.9282903105197076,3.4723913017323875,2.7557333259183108,2.882890312605614,4.323281891908565,12.682894706726074
5142-36377-0019.wav,3.579343795776367,0.9927402735842216,4.679100925756661,4.022523090212564,4.141911387100219,12.902457905426044,18.59783172607422
8224-274384-0008.wav,1.8965096473693848,0.9171006597412896,3.3714726483920177,2.192317668919873,2.604096692181634,-1.7322158808085883,6.310515880584717
1580-141083-0037.wav,2.341031074523926,0.872737657182221,3.8397895702997222,2.697625804463061,3.053860472490064,3.256171228282788,13.620038032531738
672-122797-0015.wav,2.515710592269897,0.9253819360150772,3.865041949817868,3.181340725353078,3.172062849945936,8.84086798478014,13.739185333251951
8230-279154-0039.wav,2.641537666320801,0.9250552965491003,3.69874195726338,2.7528678961113453,3.106828628230125,3.1129108862178008,6.080992698669434
1320-122612-0009.wav,1.3292819261550903,0.7807477177853758,2.0493346922206346,1.4129853755386677,1.529685499412074,-4.065686107428618,-2.087092399597168
1580-141083-0042.wav,3.0260767936706543,0.9317810201719092,4.2419185259,3.08465830554045,3.603700463941173,4.03322077912159,12.578727722167969
8455-210777-0061.wav,1.8851029872894287,0.947160697981034,3.104441047195314,2.6336246889321986,2.473493839292162,5.005666617116246,7.8995490074157715
2300-131720-0016.wav,2.603969097137451,0.964081962390296,3.874026557851363,3.248649828365987,3.2451927746819638,8.178151355145927,7.59268045425415
260-123286-0003.wav,1.1406378746032717,0.5940463365658568,1.4675222550873144,1.15891683805852,1.081760115950695,-3.883829382154867,-2.5655202865600586
61-70970-0008.wav,2.8596854209899902,0.9779384941059004,4.332567759444923,3.06420827703605,3.583584961993365,4.142682373777816,11.566630363464355
1188-133604-0035.wav,3.5491392612457275,0.9919316314949852,4.627167823332842,3.705904523990486,4.080121321780371,9.017848264555193,22.216083526611328
2300-131720-0004.wav,2.153242826461792,0.964130941811777,3.457204446498039,2.818770943769035,2.7913261747150924,5.605746259230109,5.5010600090026855
6930-75918-0002.wav,1.8863996267318728,0.9114264398971516,3.5283508398422376,2.263103468752806,2.6874657838440665,-0.9908586420132172,10.04987621307373
5105-28240-0024.wav,2.1163570880889893,0.8970575493585786,3.357575798591236,2.5345540658478294,2.6959870084887987,2.5700331928840745,7.080087661743164
6930-76324-0027.wav,1.3843894004821775,0.820589523102067,2.836380498803851,2.288350676281941,2.0706592574600053,4.056133399970204,5.641091346740723
2300-131720-0031.wav,2.2652246952056885,0.9590769879560476,3.708098794558472,2.950127640018262,2.9794264727731083,6.545242857375863,6.089573383331299
8463-294825-0013.wav,2.6582577228546143,0.9583189928540662,4.216618517056839,2.802180069648714,3.440461425275568,0.794368886487819,11.98708152770996
5142-33396-0013.wav,2.9220082759857178,0.9781202355719676,3.9944827388124464,3.1706001035086304,3.4523132662276206,5.117198826756889,12.460942268371582
7176-92135-0011.wav,2.117549419403076,0.9783184788609596,3.826269616348132,2.8354730130567853,2.976881225997952,5.263002609140495,7.983058929443359
5639-40744-0012.wav,3.195547103881836,0.9788906241277088,4.123152975843568,3.6703488315215984,3.630334214656228,12.037402805355716,16.886594772338867
1995-1826-0020.wav,1.217609405517578,0.7242425076128226,2.3918999744826257,1.6441849074191162,1.6841083797032683,-1.326926380165041,0.9758314490318298
1320-122612-0010.wav,1.815440773963928,0.88061404765879,2.887231100071133,2.27846934520971,2.3131356484593995,0.6504132062198577,4.134676456451416
908-157963-0016.wav,1.615098237991333,0.9213241238392802,2.879858920380864,2.279407935934895,2.170492439923501,3.851203331506442,8.727425575256348
2961-960-0011.wav,1.4302603006362915,0.9186159158423054,2.316558064523153,2.401316440666508,1.8397623251289048,5.299054538569703,8.542670249938965
6829-68771-0017.wav,2.741651058197021,0.973034427912732,3.822097722136085,2.488687291262534,3.206537150638689,-1.3014697085100753,9.971988677978516
8455-210777-0068.wav,1.7039352655410769,0.8039410883604972,2.8434467931389547,2.056462399652718,2.164820615828433,1.0664751562194774,8.66149616241455
61-70970-0025.wav,2.013823747634888,0.9736871079730828,3.7731562582515794,2.9616356424645423,2.906749175867008,7.670438872000577,15.065106391906738
4992-23283-0007.wav,3.220609664916992,0.9861872951189032,4.418975202945657,3.534270313656069,3.806772953206482,8.95630147434773,14.407621383666992
6930-75918-0005.wav,1.258413791656494,0.721558357198759,2.453745147702475,1.7810100961770348,1.7963394026646768,-2.1458607008309496,2.527658700942993
2094-142345-0020.wav,1.5768896341323853,0.8727529431604784,3.1096661601843603,2.221003248245192,2.285501844692288,2.334708445530679,6.6429524421691895
61-70970-0028.wav,2.2016055583953857,0.9713492702406168,3.998342347446729,3.1524406005274277,3.113326600667645,9.28718668052333,12.88902473449707
672-122797-0039.wav,2.937920570373535,0.9324071220534996,4.230359298373251,3.584899864868009,3.586365049427286,11.19148029812516,14.22817039489746
121-127105-0020.wav,1.2061257362365725,0.761130363238688,2.033468593587608,1.1874948071244789,1.422900912965113,-5.093487004348149,-0.5567853450775146
5105-28241-0012.wav,1.9735009670257568,0.8213403384255632,3.422608899214321,2.7165414005537687,2.6758083659171867,5.679048737426989,10.10661506652832
1089-134686-0026.wav,3.7008442878723145,0.9954620917931076,4.857180722212935,3.7513604143322112,4.29741401946485,7.432256997997096,13.922724723815918
1089-134686-0017.wav,3.668756246566773,0.9861757346183756,4.945171699433455,3.9026391458597054,4.335290398828437,9.623247560121875,15.470004081726074
4446-2275-0012.wav,1.1004663705825806,0.6291850862506652,1.844804753232531,1.4880888725521213,1.360310785961887,-3.249543442489263,-1.8834507465362549
672-122797-0013.wav,2.099051713943481,0.7994018795202903,3.4251889043149,2.4931218304484632,2.702942637193438,2.834454323605247,7.190206050872803
4446-2273-0024.wav,2.491422414779663,0.9298992116324636,4.13632280162309,3.073869753313001,3.310918642511313,6.608185692799247,12.298906326293944
6930-81414-0006.wav,1.804254651069641,0.9095074419570236,3.4532773491721005,2.817786556120875,2.633972240963632,7.32038568728422,2.232191324234009
3729-6852-0024.wav,1.4822096824645996,0.8788441880817217,2.1549759215826008,1.4224202501574394,1.615404915361316,-3.134652287320773,10.512741088867188
61-70970-0034.wav,1.8092706203460691,0.923825715303512,3.444800652629021,2.4817414867614715,2.612811748429065,2.806357692890542,6.190227508544922
7176-88083-0018.wav,1.9562259912490845,0.9251681997666388,3.4807464666086543,2.612237304354406,2.706689698056437,3.684077327142761,5.055341720581055
1188-133604-0002.wav,2.246400594711304,0.9211689453538436,3.280536787408743,3.01187700708562,2.744785775863723,8.21423825151727,13.183401107788086
6930-81414-0010.wav,1.959817886352539,0.909232565782542,3.4224486226120847,2.332278963369172,2.664939195966756,-0.1455905728726681,8.033864974975586
8463-294828-0037.wav,1.5043349266052246,0.9335918359138656,2.76755877052523,2.1790133846239983,2.093432060257416,1.5670484660124584,11.759563446044922
1580-141084-0014.wav,2.502527475357056,0.978035608999314,3.9666934894434815,2.9165625766446226,3.1926370834614093,5.766736564685991,18.165281295776367
4446-2273-0009.wav,3.1125738620758057,0.9759696782757488,4.552948775556159,3.6682673796938254,3.8399704314766794,10.973711612748676,16.819915771484375
1580-141084-0016.wav,2.4419262409210205,0.912550914290105,4.075654774148775,2.548520917872085,3.239354140054949,-0.633276092964233,12.445244789123535
260-123286-0000.wav,2.060227870941162,0.9617434460577364,2.8728766974966264,2.0454915469694157,2.351507863928742,-1.464153546296293,9.885852813720703
3570-5695-0002.wav,2.838953733444214,0.9809449908684684,4.275753583534239,3.537718672209886,3.562857923692236,11.022478797951868,13.637277603149414
5105-28241-0015.wav,3.3615589141845703,0.9523549859767402,4.800134089246365,3.819719240397706,4.097124521804845,11.117023838705409,14.688772201538086
2830-3980-0050.wav,1.0852813720703125,0.6052460376768517,1.728710978890439,1.4166543230361843,1.243815784447972,-2.018454697774515,-0.6868096590042114
2094-142345-0029.wav,1.7451350688934326,0.8155025864118985,2.952180950447006,2.2569779658916787,2.2827076319078747,2.043022298932532,3.406378984451294
7176-92135-0026.wav,2.30906081199646,0.9716574970033484,3.6241305817316665,2.757755127457311,2.9327787658815767,4.348854295190209,9.626785278320312
8555-284447-0019.wav,2.9026029109954834,0.9722648511096488,4.235649681651772,3.549119487332101,3.5744728690214576,10.745682772936076,15.363675117492676
1284-134647-0005.wav,1.068429470062256,0.4545006905656456,1.0,1.325141132399212,1.0,-3.244025741120753,-4.275493621826172
8224-274384-0004.wav,1.7297954559326172,0.9304576094106526,3.1130036679679423,2.4317112538836234,2.399141405273145,2.9873427872961105,9.398667335510254
4446-2275-0034.wav,2.6111018657684326,0.9595107181157988,4.085885576116929,3.2275386272584714,3.3472174311336262,8.09699254583577,13.89968967437744
8455-210777-0004.wav,2.259396553039551,0.9838404485677892,3.637194681752274,3.041792633845244,2.942683094554312,7.979280670987277,12.9901123046875
6829-68769-0038.wav,1.7406041622161863,0.9565601452760528,2.8581491138642106,1.846473234950811,2.2104356691095486,-3.41652963751436,10.70497703552246
3570-5696-0007.wav,2.134697914123535,0.9662836299334168,3.678303407107502,2.8248093264305414,2.8935182871927703,5.774257516419008,10.518413543701172
260-123288-0022.wav,2.756216287612915,0.9620433183110708,3.8304863723843976,3.133057704891539,3.268068257257554,6.613068620405228,13.429208755493164
5142-33396-0063.wav,2.234921932220459,0.9851546611896588,3.5410332774188427,3.181799612929651,2.8876036276645776,10.161443984231129,16.173070907592773
6930-76324-0003.wav,1.0552785396575928,0.4066378205727629,1.0,1.3610557047738043,1.0,-3.856045922913484,-7.635474681854248
1580-141083-0035.wav,2.96289324760437,0.9660655751882098,4.388950207393646,3.1815325559417618,3.679133843867553,4.544349743340341,20.73158264160156
4992-41797-0022.wav,2.0942394733428955,0.940833276801202,2.969918388334801,2.5739872138200277,2.4152500268292814,6.7422854989994345,14.18991470336914
7127-75946-0001.wav,2.285390138626098,0.8478811573488959,3.606721803446312,3.226985204112621,2.9362223303313684,10.916550832084724,16.608440399169922
5105-28240-0015.wav,1.251628041267395,0.7083627841363983,2.1127264660265164,1.5381640137360684,1.540017433195089,-2.2827163092896177,2.076348304748535
8463-294828-0000.wav,1.874551057815552,0.9359674887412844,3.0187440936695733,1.939015988178169,2.3372829319202206,-2.0519332722198724,9.701631546020508
5142-33396-0054.wav,3.5151772499084477,0.9889143113671236,4.433535057979343,3.926106105904171,3.9941203122866695,11.55940618523547,20.31867027282715
1221-135766-0015.wav,1.834139108657837,0.9824943207445788,3.6732155290559874,2.975036866113423,2.756202750089098,9.690788389228892,11.940258979797363
7127-75947-0005.wav,1.5002518892288208,0.8150038127117287,2.182661269557702,1.7357375152168069,1.799203441325267,-5.387909008959312,5.012845039367676
908-157963-0018.wav,1.7777047157287598,0.8601333023700274,3.23004106005589,2.349685514201816,2.455056860923353,2.4899127159784418,5.439693927764893
5105-28240-0017.wav,2.531452417373657,0.9251355834672684,3.9466354563271135,3.0202694929765848,3.2321779734351974,5.655088772891622,8.054075241088867
4077-13751-0021.wav,2.2672548294067383,0.9315361702897568,3.829233588766167,2.9702125336537826,3.031633777366552,7.249185847180255,6.517298221588135
5142-33396-0028.wav,1.891667366027832,0.9118535437951,3.2053950020208903,2.1664777512160702,2.516222951779013,-1.9825664051732412,10.183170318603516
1580-141083-0046.wav,2.2545437812805176,0.93620943451119,3.728488359338464,2.5747439520486943,2.93400882415124,2.878229200645853,12.729288101196287
908-31957-0008.wav,2.033798217773437,0.927790689622908,3.3448897337895254,2.178354596563266,2.581062148438193,0.4910523194662696,8.813003540039062
3575-170457-0011.wav,2.752676486968994,0.9652617226778988,4.053061623346819,3.477558186425346,3.3855735083436738,11.731665088970784,17.102449417114258
3575-170457-0029.wav,1.331575632095337,0.7468221925076278,2.2727518143333096,1.4772453539818653,1.6195197001954105,-2.0722094127254103,2.3672878742218018
2830-3980-0037.wav,1.481967210769653,0.7038106468532409,2.675461754481685,1.892929098466504,1.99427505834247,-0.9521347623512726,4.006993293762207
1284-1180-0005.wav,2.741807699203491,0.9014138648410918,3.977154928457767,2.9218067635802347,3.322980162104474,3.844607864353378,5.875863075256348
5639-40744-0022.wav,1.8867558240890503,0.9618907198297996,3.083773816471264,2.751170389321432,2.4646477466809125,6.832377015719022,10.494958877563477
6829-68769-0008.wav,1.9293384552001955,0.9469498073239332,3.513869263874072,2.233850085870343,2.689654447971804,-1.2395749446171254,8.655871391296387
61-70970-0022.wav,2.056494235992432,0.951180600684296,2.9137016877676287,2.6899479601551706,2.48145143805898,3.880365025807807,12.244373321533203
6829-68771-0019.wav,2.103045463562012,0.9694011479448548,3.734055106003127,2.9932096580515406,2.9207387809648413,8.006128707491232,15.756417274475098
1320-122612-0005.wav,2.7611777782440186,0.9599230138434816,3.9483666985892154,3.083016604891351,3.343130471345701,5.168564661291411,4.58939266204834
1580-141083-0029.wav,2.098546266555786,0.896379370748714,3.56823600730906,2.3145597703904515,2.795917891652488,-0.9677291774837906,12.507312774658203
1320-122612-0006.wav,2.678145408630371,0.952908819729758,4.102654934927025,2.952209503001996,3.3751077167401515,3.848419858098653,7.520665168762207
6930-81414-0001.wav,2.6600801944732666,0.9041980864543387,3.9321606999997454,3.1739187044154877,3.281382948519931,7.494527344600755,11.834053993225098
3575-170457-0033.wav,3.099162340164185,0.9913167112154888,4.367437466975378,3.856119579907546,3.7277034583117454,14.638374981129036,19.633760452270508
8455-210777-0021.wav,1.5885159969329834,0.7392785982395194,2.943086558004022,2.068221591941272,2.224401367848688,-0.8797532791587387,4.855426788330078
61-70970-0002.wav,1.6255967617034912,0.8474704402030792,2.7956340919139664,2.276640804220247,2.161039056408633,2.531288033392118,10.629292488098145
8455-210777-0034.wav,2.6613779067993164,0.9795731307596218,3.855095101234545,3.098231006016572,3.215614017592654,7.520409546829326,15.258837699890137
7176-92135-0025.wav,2.260188579559326,0.9768318935119428,3.867042712017098,3.0721453011267545,3.0673898753210493,8.017057478289749,10.293179512023926
8230-279154-0004.wav,1.3904885053634644,0.7289186888901842,2.1944738556623724,1.4229264263600423,1.638420655009463,-4.619500610997791,-1.3874648809432983
1580-141083-0033.wav,1.6503658294677734,0.8311064925397849,3.098979374402911,2.300186160584514,2.3023910998145087,3.690408062331502,7.982943534851074
8463-294828-0015.wav,2.206580400466919,0.9629563167798336,3.342701070243129,2.576227230096817,2.70457860885488,3.849646333738613,17.13953399658203
6829-68769-0007.wav,3.0186972618103027,0.9848159255247074,4.342291374296365,3.574346317266391,3.680235734844445,10.526204659520683,17.78280258178711
908-31957-0020.wav,2.5416150093078613,0.9598932169942594,3.9132862817264,2.593976745090657,3.1875318616606045,0.2735006121718308,8.2740478515625
237-134500-0042.wav,1.4733492136001587,0.9056587760192114,2.8239538133527646,2.143011632155761,2.108916655580544,1.0953938588802372,15.165809631347656
4446-2273-0031.wav,2.6772055625915527,0.975461753390134,4.065690289545003,3.1473741744407486,3.3557097223906305,6.9767931879840654,16.792503356933594
1284-1181-0003.wav,3.6819214820861816,0.9741470053417084,4.978755861447684,4.082820042150672,4.363847406834991,12.15433033905106,14.537734031677246
7127-75946-0017.wav,1.872891902923584,0.908288380100292,3.4668286295886634,2.248237983746318,2.644633030969605,-0.8864040713735184,8.2872314453125
2961-961-0014.wav,2.124502182006836,0.9438343013723132,2.7425216843419804,2.0975157085950364,2.3204921767554207,-1.1872327139118917,9.820091247558594
121-123852-0002.wav,3.3548498153686523,0.9834538826223022,4.611186375508735,3.617663669289693,3.992590067785742,8.274916829587815,15.24517822265625
2830-3980-0056.wav,2.5536444187164307,0.9620071385976742,3.882112131805722,3.034045956938627,3.1769247693738083,7.219012819412424,12.163677215576172
1188-133604-0025.wav,2.062931776046753,0.8977626741162453,2.982522612167661,2.0434049535884387,2.466734321157257,-4.130692127790556,8.779986381530762
4446-2271-0010.wav,1.2514938116073608,0.7876783981556773,1.6688239927940076,1.4715519391835663,1.2560026775580924,-0.5600398645950684,5.073722839355469
1320-122612-0002.wav,1.7929258346557615,0.9108543316713364,3.2700424136415185,2.21729838579199,2.465982787701311,1.0072298215802074,1.5816829204559326
237-134500-0030.wav,3.0530006885528564,0.9830239506881786,4.126313870147469,3.510413069716825,3.577956632324346,9.785870650221172,17.439008712768555
7127-75946-0013.wav,1.75073504447937,0.8488706325063672,3.17652566416278,2.103799329600333,2.410319344741086,-1.010541982030527,6.432783126831055
8455-210777-0033.wav,2.086199760437012,0.9560345282216738,2.843040473374977,2.5068368537644,2.430677300204083,2.0973438121372427,11.180694580078123
8463-287645-0010.wav,1.6632733345031738,0.683754833957053,2.591981334515335,2.187868711714711,2.022648960310163,3.3073470368074567,8.863869667053223
7021-79730-0001.wav,2.124221086502075,0.9747127772628498,3.7247164341378474,2.708701470166805,2.9073676121821013,4.184975920304545,5.721460342407227
1580-141084-0002.wav,2.1846513748168945,0.907897167386016,3.888712506354281,2.473865775549314,3.0116317905601857,0.3448128244376572,9.590383529663086
8455-210777-0046.wav,1.8121622800827024,0.9441666344631838,3.1358685628295224,2.4663588864447084,2.4660158081309063,2.2997153931013403,10.746541023254396
61-70970-0031.wav,1.8480759859085083,0.9528411449371166,3.5365960853681786,2.777340533440733,2.683960001290407,6.94498966875383,10.559070587158203
5105-28240-0003.wav,2.8177521228790283,0.9448943518992914,4.2323103794924135,3.2362249111025867,3.5058077203076503,7.487223072544826,11.320022583007812
8230-279154-0001.wav,1.6288421154022217,0.8468880382709695,2.882698935171789,1.988052150837908,2.194657272829708,-1.574413005989299,2.60819411277771
4446-2273-0022.wav,2.3894689083099365,0.9454689686555504,3.903840626802314,2.723165558678444,3.123306373576398,2.7161473141184755,11.682727813720703
2300-131720-0029.wav,2.3953473567962646,0.9618760607832624,3.897026966522267,2.803040586203874,3.1225558113753387,3.953885421032488,4.547924518585205
4992-41797-0000.wav,3.0712673664093018,0.9576798643266496,4.07923183429065,3.4410630632020163,3.5335263013647307,9.87828849959938,16.97916030883789
61-70968-0013.wav,2.1738412380218506,0.9444896506932732,3.740563802139776,2.474028461452485,2.943694157841908,-0.0656121461951995,13.17003059387207
1580-141084-0041.wav,2.874405860900879,0.9232085621918562,4.326915446755367,3.0907405365899865,3.5844173660370884,4.6190578767162505,13.208520889282228
2830-3980-0018.wav,1.949434995651245,0.9651643632936816,3.511737550281935,2.4432680099830413,2.658737731561812,3.694584232855587,6.7894792556762695
7176-88083-0016.wav,2.433792352676392,0.9710663192383636,3.701976815091515,2.8625635366044,3.052252813576185,4.283835021418587,6.547388553619385
5105-28233-0005.wav,2.026069402694702,0.8501619923689524,3.2158085162194325,2.2294394072781203,2.567433112647815,-1.0406899735635404,7.570635795593262
2830-3980-0071.wav,1.337062120437622,0.7493775469572864,2.7928746037315606,1.9660513560760564,1.9994493817486048,0.4300902627969276,5.653346061706543
4970-29093-0013.wav,2.9271585941314697,0.8866427307746538,4.213397755287148,3.0382943082843665,3.536223878106434,4.194755168769121,12.779431343078612
4992-41797-0020.wav,2.8664791584014893,0.9861741819345734,3.9043789503898583,3.2998986412066134,3.34908096114419,8.928465236926355,15.67853546142578
1995-1837-0006.wav,1.3270071744918823,0.691959191317705,2.5187458048766325,1.7033439151970498,1.8219118241288843,-2.074730509733425,-2.8256049156188965
908-157963-0006.wav,1.5542829036712646,0.8137640829552675,2.923229422534701,2.2179061202100003,2.1878912137148525,2.16758638672921,7.38709831237793
4077-13751-0014.wav,1.3662652969360352,0.9055057430730614,2.9558876794877094,2.282727757867125,2.1158926401459794,4.3281179541528365,0.124110147356987
7729-102255-0046.wav,2.333909273147583,0.9463741406500906,3.567053304835134,3.0980080031262194,2.9544167204520964,7.909371613890047,9.502614974975586
1284-1180-0003.wav,1.7962360382080078,0.8100942183256913,3.040941518231254,1.993556864264053,2.310085049849758,-0.6494443715007066,1.7479759454727173
4446-2275-0022.wav,2.47438907623291,0.925415228801008,4.023930833467957,2.98476070432448,3.250686032526408,5.133911509432356,11.065696716308594
6829-68771-0013.wav,2.8473711013793945,0.977974586446256,4.280177074781332,3.266797885892424,3.559886576299341,7.073444703046044,10.92503547668457
121-127105-0015.wav,3.344902276992798,0.9659663582494477,4.704204635861271,3.555212658532133,4.037826842071598,7.1838919637457925,10.243074417114258
4446-2273-0017.wav,2.636414766311645,0.956992451164139,4.1635987011061095,2.7239322381592896,3.4153483925628305,-0.8237693180661466,10.495964050292969
3575-170457-0013.wav,1.5880460739135742,0.8530081000304169,2.489264303291372,1.9310591853624195,1.8791394154645735,2.1991842420919707,6.20204496383667
4507-16021-0037.wav,2.7491440773010254,0.92722667565717,3.8184870141452776,3.374685488800812,3.279581976786731,9.574404700438317,12.9248628616333
7127-75946-0026.wav,2.070276975631714,0.9345533834704624,3.790491610458633,3.107426440918976,2.9315877601288616,10.09790800216592,8.273091316223145
1089-134686-0019.wav,1.547215700149536,0.8626740602612063,3.032620840815232,2.0487713055260706,2.2583360859850323,-1.3263088569454655,2.876767158508301
908-157963-0019.wav,1.8643808364868164,0.8883283169256564,2.937113098450077,2.155570623704772,2.294436212237714,1.334568172533487,6.240160942077637
5142-36377-0004.wav,2.274397850036621,0.9606493037074954,3.576563406616052,3.0513105241825658,2.9141431736154635,8.278545983223719,13.239935874938965
7127-75946-0003.wav,1.9073853492736816,0.8603154246760656,3.2210882402533096,2.689481431201328,2.53339782092952,6.136846557437407,10.627508163452148
237-134493-0009.wav,1.1153484582901,0.7231256322253782,1.719177856803368,1.362909129092275,1.2591448897776047,-3.315115845443688,0.0322539582848548
6930-76324-0014.wav,2.097857713699341,0.8742712648568286,3.221169404827107,2.506487047213803,2.627854484356725,1.8647933342636132,4.540943622589111
4446-2271-0022.wav,1.979946255683899,0.8721294412330755,3.030467985187191,2.45822437470548,2.45248120901604,2.916154298582734,13.25482177734375
1188-133604-0015.wav,2.627772569656372,0.928128209725958,3.774021744055605,3.194029009780332,3.1818994474858573,8.256427548296216,13.508000373840332
4446-2271-0021.wav,1.2092039585113523,0.7121791809276864,1.5824205226852202,1.5910686631699,1.2865385409424046,-2.5225228039796237,1.7523175477981567
8555-284447-0000.wav,2.4412026405334477,0.8768239842996433,3.2429112684172594,2.796977111936963,2.814122004931035,3.77938442386853,10.829700469970703
7176-92135-0045.wav,2.1170620918273926,0.9834171331329404,3.645290298494882,2.8153301828237973,2.866316602073061,5.839987738837911,7.438974857330322
7729-102255-0018.wav,2.6466269493103027,0.9699081522546832,3.9847720721012903,3.362568536581528,3.319765294946308,9.754012800422586,13.328009605407717
7127-75946-0022.wav,1.5969552993774414,0.8335427537248613,2.898454362849785,2.0617945465563468,2.1776300432660145,0.2242112933967428,1.327623724937439
4446-2275-0005.wav,1.345045566558838,0.8493354714777576,2.6912457252223,1.9874097150896863,1.9435857483954924,1.1194987032754111,7.123818874359131
5683-32865-0004.wav,2.9757580757141118,0.9703411062945668,4.004781284393029,3.2908856742962347,3.456784390807582,7.843295422368579,12.478890419006348
2094-142345-0027.wav,2.8302316665649414,0.9694563272913412,4.384838521878299,3.5218456177006976,3.6053338555687207,11.162615159707745,14.37869644165039
7127-75946-0014.wav,1.311276912689209,0.741624443308268,2.0230411168801297,1.3226509318223658,1.442338515728396,-2.491530084132145,-0.7311987280845642
237-134500-0041.wav,1.4598007202148438,0.8096344755201248,2.586605864893383,1.812844209760217,1.92291099924406,-1.3520142386163978,7.650668144226074
1580-141084-0040.wav,3.377657175064087,0.9746126040049898,4.759111986081011,3.833620229823822,4.079164681862063,11.465678099388976,19.18505096435547
5105-28240-0013.wav,3.2262930870056152,0.8735464406932657,4.415672966754069,3.456967199369819,3.7936039767038254,8.320412364940319,12.195995330810549
1995-1837-0013.wav,1.4089277982711792,0.8436243546895527,2.429535405886876,1.6780435698938498,1.803454738856082,-2.417797995764658,4.404853343963623
1995-1836-0011.wav,3.3043372631073,0.9760296175201923,4.602134274776327,3.423258312495081,3.9569076429344583,5.822243580491842,15.02131462097168
1580-141083-0012.wav,2.9718680381774902,0.9630106223881636,4.333550922417204,3.5258156855012253,3.6562559875746383,9.93422732500628,18.125003814697266
1188-133604-0034.wav,2.3331332206726074,0.947784450770001,3.801750812703777,3.1154094307971305,3.057156820038007,8.7927282031008,14.225939750671388
3570-5695-0000.wav,1.5281561613082886,0.8023995640537972,2.81042687378669,1.8283149125496567,2.110289044296247,-3.4532782374392417,5.563603401184082
4446-2273-0007.wav,3.376347541809082,0.9497059741039824,4.73726485581043,3.5101276009597617,4.076312192592773,5.958408288816377,12.755498886108398
1089-134686-0020.wav,1.8381073474884035,0.9456372401724804,3.4146912782883496,2.743550328005962,2.6273455413088755,6.084410304692835,11.300488471984863
8555-284447-0006.wav,3.136504888534546,0.9718467759529262,4.413718381661454,3.611435953457375,3.783167588674958,9.872881239682622,6.641736507415772
5142-36377-0018.wav,1.1421663761138916,0.8651796970726362,1.5688307011457288,1.7893784188783408,1.318591400024826,-2.067729268101211,8.110208511352539
1995-1826-0004.wav,1.5058917999267578,0.8550055318338848,1.9049632137344443,1.4185543798833695,1.474077630353293,-2.1029643042684523,2.519554853439331
3729-6852-0030.wav,1.6516865491867063,0.8073174203916302,2.2545190852677197,1.881675751133134,1.693440992732721,5.383853965892914,11.903160095214844
61-70970-0029.wav,2.834112405776977,0.9606390881089424,4.360742599058147,3.4080949616787546,3.596833657766632,9.260212776777609,14.86809253692627
5142-33396-0053.wav,1.7722086906433103,0.9298402884500953,3.1155422002868907,2.146844972621301,2.403123994660412,-1.0323422146616703,8.86857795715332
6829-68769-0022.wav,2.1515228748321533,0.9508304177879991,3.805155301930403,2.627581948707139,2.963142865163205,2.6036502330678566,9.745698928833008
1580-141084-0030.wav,2.0358269214630127,0.9408998545632746,3.50086171855352,2.679517070183265,2.710998451100745,6.170175963128751,14.019490242004396
1580-141083-0034.wav,3.521679401397705,0.97420257705001,4.786157549462064,3.981920965292024,4.174870301326079,12.307371440996931,17.026691436767578
7176-88083-0020.wav,1.3769147396087646,0.8508605455532835,2.454509524877998,1.7777728875973686,1.857592922724548,-3.1419201610637946,2.709213256835937
2830-3980-0030.wav,2.31272554397583,0.891276832672818,3.7582212814791593,2.6502189181341,2.978776432009337,3.608647177852051,9.452750205993652
7729-102255-0005.wav,3.180990219116211,0.9325701888781563,4.390221615587936,3.409776310587749,3.7879501926453383,6.598308763968212,10.268518447875977
6829-68769-0003.wav,2.2963428497314453,0.962347432943803,3.704124502225903,3.1797998862194814,2.9916378281658917,10.021909611558511,15.283823013305664
6829-68771-0011.wav,2.3358254432678223,0.9785485958414282,3.736185896496897,2.2142136034576083,2.9751843637932867,-3.298212051337174,7.171666622161865
1089-134691-0023.wav,2.131400346755981,0.9349823185869852,3.317557477918001,2.655112577578428,2.7237800424292624,2.6023721404365685,9.011573791503906
1580-141084-0023.wav,3.153994083404541,0.970982324424144,4.574929910505315,3.615873888645332,3.874171577409713,9.724340759054089,17.722244262695312
4446-2275-0044.wav,3.0741190910339355,0.9672674397010976,4.609558307865039,3.681585070670215,3.854511881169788,11.221657763179984,13.953603744506836
1995-1826-0016.wav,1.3151079416275024,0.7629732553434924,2.527367584372417,1.7946175356452172,1.8446782507462616,-1.6144545219532922,3.851127624511719
7127-75947-0026.wav,2.512738943099976,0.9140317948899364,3.907684213459456,2.830970888647765,3.191575624895262,3.310984646573558,10.31321907043457
1320-122617-0020.wav,1.6927404403686523,0.8772903010427191,2.932630627131662,2.18306149474429,2.245409999019328,1.316295233715726,2.0308189392089844
7127-75947-0021.wav,2.9298226833343506,0.974720647127982,4.186255454767609,3.3819994258424857,3.541442051916281,8.8645150809761,15.880380630493164
6930-76324-0018.wav,1.292080640792847,0.8413209346001799,2.612988386603849,1.8542471532127471,1.9018324175696688,-1.646694213247658,5.905179500579834
5683-32879-0016.wav,1.1271345615386963,0.6418315169701824,1.587058936865165,1.5227478810412232,1.186952645047154,-0.3208494113846188,3.878788709640503
7729-102255-0039.wav,2.149707794189453,0.9323486155560552,3.3941232834120503,2.748055301697499,2.7637828788904697,4.262084317412109,8.080914497375488
1995-1837-0012.wav,2.6115307807922363,0.9700845081716402,4.056070239080552,3.5525022576039538,3.3469066074569285,12.621501595674925,17.35209846496582
8224-274384-0000.wav,1.0739521980285645,0.486589047964941,1.0,1.0761180023856365,1.0,-2.548437135611,-6.0780534744262695
1284-1180-0019.wav,1.5073108673095703,0.8801914065131343,3.0988911225475846,2.1416317478185776,2.2120327337845938,3.055515561628727,3.976884365081787
5142-33396-0061.wav,2.292250633239746,0.9823609334937324,3.302720268359346,2.941867779598926,2.766464473320895,7.306361657407659,15.089102745056152
8463-294828-0034.wav,2.269019603729248,0.9800558934708008,3.9952155745497775,3.2612480869892195,3.152646574142001,10.20169786607857,15.733497619628906
3570-5695-0014.wav,1.591017246246338,0.8968558945063954,2.986321498918927,1.8819269976399235,2.24300693002426,-3.672065609972972,-0.4572184085845947
4507-16021-0020.wav,2.546088933944702,0.949931976685068,3.2916280215892275,2.3098196112123635,2.766977962915713,0.7295797974258028,11.520761489868164
1089-134686-0011.wav,3.2578020095825195,0.9823617274791766,4.552623746424138,3.601548093735797,3.922915113598576,8.382272179416153,13.686298370361328
1580-141083-0017.wav,2.3327362537384038,0.9363044812844044,3.753089592684602,3.0832068831713126,2.993557692360936,10.011100663161743,20.098297119140625
8463-294828-0016.wav,1.3798314332962036,0.8940744200872023,2.8375233939849327,1.849838044855403,2.049790459470181,-2.026693572692496,7.319368362426758
8463-294828-0007.wav,2.033921718597412,0.9377165150730224,3.63101541252514,2.712848975683248,2.8338645370201605,4.111248391089581,7.452094078063965
4077-13751-0002.wav,1.883605480194092,0.8914604945949207,3.317054989457369,2.5100883604937976,2.5484216115727727,4.382597520002351,5.891504764556885
8455-210777-0005.wav,2.4977121353149414,0.975999939855599,3.695362891144342,3.123922931592541,3.073549444556878,8.286220661631349,14.68217945098877
2094-142345-0035.wav,1.2269747257232666,0.7023215288615082,2.353351759132487,1.531553310730789,1.642273146201335,-1.97927561389116,0.029275469481945
4446-2275-0043.wav,3.045406579971313,0.9741757409724788,4.556772886394194,3.4503050124165986,3.8174088508739232,7.607128951506164,11.110915184020996
4992-41797-0002.wav,2.8413474559783936,0.9771498222565508,4.17802488521275,3.3814758125492275,3.49083505460774,9.608332249028226,16.009798049926758
672-122797-0034.wav,2.0056519508361816,0.9358411043356456,3.4756837700155394,2.634087585774505,2.6890877867261684,5.420078198914255,10.679065704345703
1995-1836-0008.wav,1.3458290100097656,0.768457448644727,2.708675520029227,2.0383063617533344,1.9819308525856727,0.631522411774691,7.714837074279785
6829-68771-0015.wav,2.604428291320801,0.971949135020638,4.116660701028783,2.996621946444008,3.355362050884416,4.649630328935641,13.063175201416016
6829-68771-0007.wav,2.547510862350464,0.9687006043871296,4.117191437222098,3.2506310148034867,3.334936542394949,8.758618420684048,12.757973670959473
237-134500-0020.wav,2.602729320526123,0.9931743494734764,3.640333026478707,2.907133855708831,3.0744723545985244,5.137725983313032,16.629804611206055
8463-294828-0011.wav,2.3625056743621826,0.948624598409686,4.113752014936007,2.6073590797237385,3.238970695287395,-0.0116406497803048,10.643473625183104
4970-29095-0033.wav,1.7349519729614258,0.8909477833152432,2.989028333572151,2.1595078639747824,2.297365833650276,0.5085432669830628,12.193363189697266
237-134500-0040.wav,2.983790636062622,0.9695012146286004,4.271008161934925,3.522315948533269,3.643438374024504,9.247111772570609,18.606914520263672
1320-122612-0004.wav,2.356795072555542,0.96902856634331,3.654939630705973,3.118129778865715,2.9967865478316678,8.624205576139763,8.261850357055664
8455-210777-0002.wav,1.2761704921722412,0.7487506156811414,2.07870003604343,1.630994465402964,1.5860897801018343,-3.2252503073594254,0.8874024152755737
4970-29095-0015.wav,2.7458748817443848,0.934557792041223,3.6464198290505614,2.370465656398408,3.1177635561695407,-3.0560932286414357,9.023900985717772
1320-122617-0029.wav,2.022663116455078,0.8772748118560378,3.102641431963882,2.3609313034893704,2.5092308648620443,1.079975923031905,-0.2810446918010711
1320-122617-0039.wav,2.7895171642303467,0.9680749376442718,4.240794913530575,3.0027448729652773,3.5072837480301904,3.4882078601340707,1.9966506958007808
237-134500-0022.wav,1.69610333442688,0.8774531977637454,3.034060063967176,2.1097176379538585,2.304713655418991,-0.1878677236645518,7.521603584289551
5683-32879-0006.wav,1.7594351768493652,0.8486799978408294,3.120435026363477,2.276622457551741,2.35490123223281,3.0722593387617905,8.522600173950195
1089-134691-0006.wav,3.11173677444458,0.9774459814338754,4.5414508586917455,3.5300483267641454,3.843206528695726,8.372843272145346,13.655778884887695
5639-40744-0033.wav,3.1979336738586426,0.97184396100003,4.171788321921951,3.524694216350836,3.67426290945195,8.89116445181761,13.533424377441406
7176-92135-0017.wav,1.686352014541626,0.9186555427417744,3.312214013513445,2.143543171132204,2.493270178863739,-2.00371691424356,5.775290489196777
5105-28241-0003.wav,1.4599251747131348,0.903502925203732,3.1073098705756546,2.325756830448048,2.274304817202069,2.7243232567882725,10.964288711547852
61-70970-0012.wav,2.8156826496124268,0.985208234093918,4.269126562129427,3.319431146116634,3.5445401894550645,7.878201938839635,12.569079399108888
8463-287645-0002.wav,1.6724328994750977,0.8576452159652581,3.217061555546385,2.64443891020586,2.40992669356388,7.328999148101733,5.472677230834961
5683-32866-0006.wav,1.079482078552246,0.5484959707613206,1.0,1.0,1.0,-4.2208717365007,2.633053064346313
2094-142345-0016.wav,2.061898946762085,0.809411402883475,3.633832776325287,2.549986911929257,2.7944210070099125,3.735919928784876,12.942596435546877
3575-170457-0009.wav,2.5641069412231445,0.9603282872329072,3.991788029463673,3.2564730618629354,3.260621259164121,9.619771708502164,9.962451934814451
3570-5694-0019.wav,2.7332968711853027,0.987994157311782,3.730967107807403,3.1818758213619835,3.180572540302574,8.7252082368887,16.125093460083008
1188-133604-0016.wav,1.7764623165130615,0.854427786241188,3.151344808325834,2.1579692544375684,2.4165927251123973,-0.6019412053585068,3.874635696411133
908-31957-0025.wav,1.5489623546600342,0.8437699159858553,2.853178422824428,1.923119669462667,2.1294924296223723,-1.5522640869658388,2.228672981262207
7176-92135-0029.wav,2.1831600666046143,0.8973332625955815,3.571207315272664,3.005535000254928,2.863848964311201,8.312811626673112,12.259716987609863
237-126133-0023.wav,2.209270477294922,0.9628952313952092,3.528227093032708,3.145961732594301,2.8784836200454382,9.337588486037934,16.163000106811523
1320-122617-0032.wav,1.1196999549865725,0.5873471294816582,1.19670588805073,1.1085030450296312,1.0,-3.8112505821747993,-7.871894359588623
7127-75947-0025.wav,1.932742714881897,0.9469970622846028,3.383799051726188,2.517758008409273,2.6448038960347544,2.4414199740845293,9.31651782989502
2094-142345-0046.wav,1.3747462034225464,0.749418755171677,1.5786585611216042,1.5324152573870615,1.1569687848662968,4.599738694676942,6.556914329528809
1284-1180-0004.wav,2.5172903537750244,0.9432767150514982,3.880714242874795,3.114872337516644,3.17096541428242,8.200902954762906,10.369182586669922
1580-141083-0001.wav,2.370092868804932,0.9288871608971244,3.4407706389081785,2.479526414567089,2.8753879492819565,-0.6638051206882373,12.745725631713867
4507-16021-0047.wav,1.3267767429351809,0.7504041951526351,2.2523957525866245,1.8117407735775648,1.6656930035107322,0.6862757870804858,3.878469467163086
2300-131720-0033.wav,1.7514512538909912,0.8750583028270179,3.0153548270343933,2.3591643062361185,2.348046084586455,2.2638059744939274,3.0028271675109863
1995-1837-0016.wav,2.213434219360352,0.9609819211205888,3.1763149803770614,3.040847476921233,2.647227900032715,10.204275482905851,16.797285079956055
4992-41797-0009.wav,1.9011629819869995,0.9072628022276412,3.067850034890728,2.0371612949186777,2.3705043615922583,-0.4910948057755384,2.1155831813812256
6829-68769-0030.wav,2.1100573539733887,0.9643534234783784,3.7196524154793567,2.595761299829488,2.897897330444531,2.490856396530323,9.1068754196167
4507-16021-0036.wav,2.0078532695770264,0.9242541159332498,2.7352372530865123,2.2078610959788496,2.226262805184475,2.846059308981906,13.977184295654297
237-126133-0021.wav,3.111509323120117,0.9825380258734654,4.189273269548898,3.5524331020204563,3.655804369493433,9.260977337331004,15.682162284851074
1995-1826-0015.wav,1.4917919635772705,0.852850362414817,2.760682580171164,1.7256708809544548,2.01632570933041,-2.5662644133749866,3.3208200931549072
4992-41797-0021.wav,1.840200662612915,0.9097926934478314,2.978501842911656,2.389884538278216,2.3194156016703205,4.506106870855333,9.544386863708496
3570-5694-0011.wav,2.2515103816986084,0.9595207162954976,3.514891194704317,3.039584515427345,2.864740986307788,8.581471987550486,13.565093994140623
5683-32866-0011.wav,2.8218865394592285,0.9300294663501372,3.844776889251075,3.2272032191742217,3.2805309828479974,8.834420730594886,15.102266311645508
4507-16021-0053.wav,1.3523836135864258,0.7076838693950822,1.4345995007174437,1.3565479112189196,1.1389496339273295,-0.8838918042552917,1.801914095878601
2830-3980-0069.wav,1.1790046691894531,0.7589886079767573,2.3877689110516704,1.94424548543535,1.7028227388861994,1.9548551981978493,5.53449821472168
2094-142345-0009.wav,2.0210752487182617,0.910549441380531,3.4013413611742074,2.691348147076558,2.684944524320273,5.107873777711779,7.202088356018066
7729-102255-0024.wav,2.626800537109375,0.9766642593278256,4.084637472946716,3.3524187019977787,3.3568661256801824,9.856899894321398,14.55502986907959
5105-28240-0002.wav,1.4301098585128784,0.8020340356792378,2.4145581788164563,1.8520273893655317,1.8873506259904709,-3.370314499932465,2.03521728515625
4507-16021-0000.wav,2.3998281955718994,0.9763117762648572,3.4884587016405835,2.4601013780327063,2.8263572608579524,2.6694994816404374,13.052175521850586
2830-3980-0004.wav,2.125546932220459,0.9787951407380648,3.768103452335783,2.9762840444722976,2.930710307815077,8.374450637786158,13.300923347473145
61-70970-0030.wav,2.594687938690185,0.964386570358508,4.31114277741515,3.3030457433400557,3.458481891321365,9.090864146245446,13.281201362609863
1580-141084-0032.wav,1.8027697801589968,0.84614277862608,3.384208248849964,2.148395629781726,2.5478608975992056,-1.0468169334299584,8.95743179321289
7127-75947-0039.wav,2.304372310638428,0.947533246565202,3.759832198519205,2.766644987139573,3.030537683385472,3.088975095972837,12.528087615966797
260-123286-0030.wav,1.714061260223389,0.8999105892402214,2.867973523179532,2.4732902814223165,2.237798983973132,5.1535748206752645,11.3401460647583
260-123288-0004.wav,2.858534336090088,0.9561810352629426,3.152911960507479,2.8252348244314973,2.93952386310174,2.848316659003854,14.878663063049316
5105-28241-0007.wav,1.1731778383255005,0.6385896924834706,1.853838928389019,1.3669307805680864,1.3615866423091652,-3.9648265486649943,4.6379828453063965
6829-68769-0045.wav,2.602565288543701,0.9637747665725824,3.8260419612526464,2.779514401511687,3.1854609953246023,2.290761423195052,9.615721702575684
3570-5695-0005.wav,2.3942856788635254,0.9409870339402042,3.7945195283584727,3.055336483861792,3.0760116420114185,7.746491238284551,7.932022094726562
1284-1180-0007.wav,3.135709762573242,0.9205871502780816,4.404869185608603,3.3493372350604984,3.766499137200999,6.241327048337143,7.136778354644775
8555-292519-0001.wav,1.1239478588104248,0.6630665305550484,1.4258125128526429,1.1617132648269508,1.06229353841793,-4.140836111577186,2.356672525405884
1284-1180-0012.wav,2.607484579086304,0.9370601292928552,3.765845618443288,2.808314691442482,3.129223719775301,3.9781392977290673,9.491291046142578
5142-33396-0044.wav,2.493895530700684,0.96872783287988,3.661750067724775,3.088407945699058,3.05050516144006,7.944968458319853,14.551348686218262
4446-2275-0039.wav,3.2730891704559326,0.9863086831398762,4.626147711380382,3.772703645935779,3.9566803149733984,11.447317169844672,17.289730072021484
6829-68769-0020.wav,1.793188452720642,0.9349127467737356,3.301496561267549,2.102410088209352,2.5042157702546435,-1.8075004813236977,6.945170879364014
1089-134686-0023.wav,2.101832866668701,0.918825064392471,3.514865451608104,2.631957088972352,2.7959500280300773,2.9470763955074326,5.42418909072876
7127-75946-0024.wav,2.2764904499053955,0.9161191655541168,3.4561962532422106,2.896093133364848,2.8486736394575978,6.0912364560411145,8.208927154541016
6829-68771-0008.wav,2.373335361480713,0.9648273726703044,4.052031925278583,3.328384952991972,3.2192754235535137,11.10668549731034,10.191821098327637
237-134500-0014.wav,2.194295883178711,0.8771664572903498,3.189011741641884,2.2320023485335128,2.6390171292072964,-2.2750193271959605,6.490757465362549
260-123288-0028.wav,1.85880708694458,0.9332696971232392,2.5746339246313177,2.2792245367771247,2.158959409048964,1.2381464856101394,11.17140769958496
1580-141083-0014.wav,3.1390209197998047,0.9494087704846598,4.446727843914603,3.430235595206745,3.784923733820842,7.679848402757698,15.562597274780272
6930-75918-0011.wav,2.1319234371185303,0.9199297351686282,3.676729686910424,2.9691112465345304,2.8964552487978272,7.860187855651463,8.979354858398438
2830-3980-0044.wav,1.1923898458480835,0.833493366124077,2.583364623379008,1.8051726084759203,1.8098133391901567,-0.4823719228724692,3.657107353210449
908-31957-0011.wav,2.601632595062256,0.8584599379336767,3.960707927501357,2.761223126030778,3.26028436061724,1.6423149834022102,9.422718048095703
5142-33396-0034.wav,3.153950929641724,0.9870179176840976,4.205720045713858,3.6249313796079146,3.6842689055466815,10.14041285030924,16.510019302368164
4970-29095-0028.wav,3.236971139907837,0.9762690490342004,4.628402558432696,3.513824826291289,3.937165759071272,7.7178286610993565,12.328516006469728
8455-210777-0050.wav,1.8275532722473145,0.910415794237114,3.062457002510222,2.21804211785344,2.398980091900295,-0.072005785764553,4.593823432922363
237-134500-0028.wav,2.450135946273804,0.9162399984498092,3.664004708977561,2.6881775497090565,3.003717040281756,3.0614152402685275,11.837773323059082
5683-32879-0012.wav,2.931643009185791,0.9490853337972998,4.254544719131856,3.2814726009643183,3.5631136869888804,7.837777942845302,15.290083885192873
908-31957-0023.wav,2.706786155700684,0.97358268049927,4.009273402246524,3.114095381647782,3.3239168695236856,7.046204211383823,11.935846328735352
7127-75947-0012.wav,1.3267017602920532,0.8570455731474164,2.499276517842188,1.5238422877616469,1.8442353601382824,-6.338810460451323,6.6382598876953125
8230-279154-0027.wav,1.920042872428894,0.8473597034613434,3.21756206217454,2.349209884874812,2.5313761386383518,0.9330536402817162,3.4903693199157715
5639-40744-0002.wav,2.765712022781372,0.9716036236965392,3.725290230259733,2.8797730817946245,3.1802946733602644,4.29295629099643,12.923942565917969
8455-210777-0049.wav,1.3378686904907229,0.8732626205103888,2.5801628560953693,2.140610013712604,1.8932279982270308,3.2295316084623638,8.808123588562012
1221-135767-0020.wav,1.5160527229309082,0.863268691435604,3.0542554968424964,2.110764165883725,2.2059884896133646,1.9814976149605623,0.1511352360248565
4507-16021-0029.wav,1.5537714958190918,0.8644059685610846,2.9746148650440607,2.2380716433696537,2.205292530617842,2.839987545587237,9.80300521850586
2961-960-0010.wav,1.5200340747833252,0.8749958131218536,2.4613058847069262,2.391100973629283,1.9574666036875412,4.440368249337214,7.767932415008545
7127-75946-0012.wav,2.0446627140045166,0.8899831225096906,3.4695699370914284,2.945714892266119,2.741966746828576,8.47465077903107,10.35391330718994
7176-88083-0006.wav,1.906947135925293,0.9447753551020583,3.428397251924741,2.2927075782899187,2.647060894025388,-0.6307351715466998,4.896636486053467
3729-6852-0014.wav,1.3695151805877686,0.6583651167076275,2.254597207097006,1.586149554498648,1.596201899018276,0.8420269423394039,5.247025489807129
8455-210777-0028.wav,2.072788953781128,0.9781832790602952,3.320746547817933,2.812196015178003,2.652319298037204,7.454866227736918,13.654830932617188
121-127105-0032.wav,2.799898624420166,0.9872875822124312,3.975531618451548,3.3605494695176787,3.389773206267218,8.682021022254665,15.703688621520996
3729-6852-0018.wav,1.2851067781448364,0.720642181383039,2.2955204529243947,1.628318478364264,1.653918127123719,-1.3719208399490488,6.357509613037109
7176-92135-0002.wav,1.7300868034362793,0.9409011189238112,3.2407558360156585,2.3841200730158163,2.4447537252626037,3.027208415244777,9.706151962280272
2300-131720-0019.wav,1.9228198528289795,0.9225064654498778,3.068063156395463,2.583839330024092,2.4710774127836888,4.077360873264498,4.862066268920898
8463-294825-0019.wav,2.588362216949463,0.9720893977400884,4.43985761535541,3.73860889359311,3.5511108077809,14.652429083059973,15.20537281036377
1995-1836-0004.wav,1.190602421760559,0.7854632201228379,1.908233377382432,1.257038158436973,1.3147450761375572,-2.1974331059863528,-2.557739019393921
1188-133604-0028.wav,1.9351539611816408,0.8892177084318682,3.2518844349465392,2.544770109618548,2.563875928270947,3.579248954295486,5.328469276428223
7729-102255-0006.wav,2.1246225833892822,0.9463455427920004,3.7844686636771967,2.9655085245108537,2.958407315056743,7.328320238770357,10.107757568359377
4970-29095-0006.wav,4.123282909393311,0.9617555154457352,5.0,4.518034151747668,4.72972641239616,16.131370125502464,23.56957244873047
1995-1837-0022.wav,1.0268077850341797,0.2777398168426768,1.0,1.0,1.0,-3.627257322102316,-9.202467918395996
4446-2273-0023.wav,2.05125093460083,0.9401233112893276,3.639157641870852,2.533078059976686,2.811961589654332,2.6553272788040907,12.358332633972168
5639-40744-0019.wav,1.5211572647094729,0.8698063115235888,2.61547205096149,2.2206604594892694,1.9828452032911184,4.01298025571399,8.013635635375977
61-70968-0002.wav,2.352701425552368,0.9618363221456728,4.042884159940784,3.0638346170649937,3.184237013858608,7.948178240372813,12.115154266357422
5142-36586-0001.wav,1.1203128099441528,0.8150146444933826,1.7168593168839994,1.4906350489756526,1.3045493728641215,-3.2662462579632536,1.814669609069824
8555-292519-0006.wav,2.394286155700684,0.9303761658342456,3.695103715489299,2.7109822273896262,2.978609894125337,4.392546619901384,9.519746780395508
2300-131720-0026.wav,1.7363717555999756,0.9032800234375942,3.15364741342438,2.369172139116188,2.42118852961274,2.010709872122745,2.8980824947357178
672-122797-0040.wav,1.966163992881775,0.9229250417378836,3.4872713123160963,2.632858489939097,2.674838419930905,5.703477938656121,8.04433822631836
2830-3980-0009.wav,1.448082685470581,0.7820016318715002,2.745707369965877,1.843242273922025,2.0127841243606466,-1.5131284464394823,6.651319980621338
61-70970-0024.wav,2.719379425048828,0.9787393674173732,3.8723502855583374,3.083500019416757,3.315455933517561,4.116277442989467,11.367733001708984
2961-960-0021.wav,1.476917743682861,0.8914908670682179,2.311701325583123,2.310831152333548,1.8512629377810923,3.933646359346472,8.970329284667969
908-157963-0012.wav,2.1851391792297363,0.8821156169690755,3.681908770597212,2.765495280637315,2.8929386977653824,5.676858697889865,10.598095893859863
5142-36377-0022.wav,1.543015718460083,0.8972546828761302,2.998006281119426,2.116777121371055,2.244216682770742,-0.4451770539776425,9.402301788330078
6829-68769-0024.wav,2.173830986022949,0.9573083458981232,3.804141546616473,2.7990166438066426,2.983950936020326,4.712886331708309,10.878246307373049
1284-1181-0018.wav,1.9596723318099976,0.9370230524626232,3.530907762974936,2.752118841436806,2.723961540624038,6.293625387231408,10.570804595947266
6930-75918-0010.wav,1.3593792915344238,0.8984557144869285,2.871038587167508,2.4334290258465905,2.094388628932577,5.706588722702745,11.226669311523438
3575-170457-0050.wav,2.144156217575073,0.9162348671071522,3.655685352910565,2.4257611582694167,2.864666673448852,0.3541592455086695,10.47580909729004
4992-41797-0004.wav,2.345604419708252,0.950463770664064,3.4994237803031853,2.8437992307536275,2.8726819590659023,6.164324992822385,13.881908416748049
2830-3980-0027.wav,1.5635524988174438,0.7947014831255704,2.367747130599885,2.2076290519424395,1.8630125158093889,4.27665811501777,8.676200866699219
237-134500-0027.wav,2.6120951175689697,0.958158745143278,3.9643834232224058,3.2031084813708106,3.28517043973157,7.793877355294952,12.372276306152344
6829-68769-0035.wav,1.2129740715026855,0.8573132365811729,1.9792701281909184,1.3753214357881394,1.39101122619489,-1.794843898656726,-0.9527480006217957
908-157963-0029.wav,2.2393572330474854,0.976565974518719,3.7138107919229855,2.715565762607259,2.943773175435223,4.138868713701401,12.168458938598633
1320-122612-0014.wav,2.4020543098449707,0.9417756295995844,3.835851321835388,2.844216029122583,3.109402885843937,3.944177294627033,4.104122638702393
5105-28233-0010.wav,2.21528959274292,0.9222164887847712,3.4093404580711453,2.965903992496719,2.798140009171126,7.501349251802922,9.331235885620115
7729-102255-0030.wav,1.0980558395385742,0.6053696559394461,1.5529057422118977,1.4091137070794533,1.2094075713366537,-4.288956498845427,0.0094608450308442
1995-1837-0005.wav,1.5753912925720217,0.9390991615925898,3.0108723154410844,2.106693620182948,2.19569377413156,2.2893562933669656,11.026351928710938
4077-13751-0005.wav,2.441819906234741,0.922810508237624,4.091879453737554,3.116289055181245,3.263164934732176,7.683961239461251,6.639220237731934
1089-134691-0002.wav,2.9508321285247803,0.9793851556065158,3.892694572773912,3.3167403808751734,3.415130474667263,7.266260928620292,15.159120559692385
1580-141083-0032.wav,2.798691272735596,0.8909598469463371,3.902602932302956,2.3711700206100645,3.249512217276525,-2.459123559077356,10.326133728027344
7021-79740-0006.wav,1.801660656929016,0.9302615480963832,2.588923010432791,2.117531672688922,2.13847584816787,-0.9504910162522616,7.192352294921875
3575-170457-0032.wav,3.383390426635742,0.9858673628998864,4.222553258472305,3.858228088372943,3.797650208237525,12.580896180143728,18.914596557617188
2300-131720-0006.wav,2.848086357116699,0.980243195114103,4.108726813133166,3.335617978449215,3.4607426599429267,8.78588556803568,10.972259521484377
260-123288-0023.wav,1.8209755420684812,0.9619761534023084,2.758308414919841,1.9863373574028775,2.2427676024648395,-3.631412961969563,10.336017608642578
5105-28241-0001.wav,2.1835896968841557,0.8925666628806196,3.595198299401106,2.7135424932236747,2.877712589702928,3.5994324071608306,5.742533206939697
7021-85628-0007.wav,2.5518245697021484,0.9788039950504422,4.0024866558730485,2.928655425147217,3.266655171867378,4.204937305010315,9.70639991760254
4970-29095-0032.wav,3.002525568008423,0.9803003721223736,4.044105114408167,3.236433661482207,3.476697674801088,7.356131420317816,18.98626708984375
61-70970-0017.wav,1.4706109762191772,0.809131554441468,2.692163818183301,1.990484595517472,2.0527512720276104,-1.780386166891296,4.3236494064331055
908-31957-0009.wav,1.552969217300415,0.8426467028823486,2.859579359669633,2.201093642011994,2.171190974123144,1.221890490639754,7.194967746734619
908-157963-0008.wav,1.8818122148513796,0.9099486795838608,3.2857018648357044,2.6014032933583757,2.5444608062071947,5.292920422845511,9.821099281311035
3575-170457-0048.wav,2.923978567123413,0.9830120258854472,4.2683509877522114,3.6664399618073897,3.593821094470393,12.785730177504478,16.659395217895508
1580-141084-0022.wav,2.506479501724243,0.9054244531430732,3.782319785308937,2.430766048383173,3.081474654577337,-1.030596187251022,9.922301292419434
2094-142345-0017.wav,2.896667718887329,0.9524243971430848,4.373169938099818,3.2861460908716444,3.6451630381364506,6.38472956101822,15.041990280151367
7729-102255-0012.wav,2.362499237060547,0.9590841988372948,3.391813873234109,2.866140930248682,2.8593141958221766,4.996543211949247,10.720662117004396
4077-13751-0017.wav,2.388968706130981,0.9468250489479,3.772574023905574,3.0172023600009426,3.0562162146314056,7.454303710347574,7.717990875244141
5683-32866-0016.wav,1.343368649482727,0.6689498355339797,2.2008805598349266,1.6487013603376186,1.6233002584730325,-0.9199536816107308,7.327856063842773
672-122797-0056.wav,2.3831675052642822,0.9001418833805493,3.66044126208346,2.6765235291485103,2.9966590965779343,2.1274536091497978,6.249125003814697
237-134500-0023.wav,3.5938215255737305,0.9889554274005268,4.334914828585171,3.746175781484139,3.95568441273157,9.387821382579862,18.857187271118164
2830-3980-0057.wav,2.277785539627075,0.907563257062436,3.723176221306274,2.8521903216748044,2.94800846248316,6.889620519640216,11.595081329345703
5142-36377-0010.wav,2.04629898071289,0.9480255216606892,3.4737188856040686,2.3141662594109103,2.735497852828665,-1.1499724985775026,11.199525833129885
5105-28240-0014.wav,1.4464764595031738,0.8568134668563201,2.903494594573662,2.125684900749846,2.116939234112478,1.8166503500335744,4.649707317352295
4970-29095-0026.wav,3.01612401008606,0.9353006639228636,4.356872067669779,3.392694143857424,3.678649105807511,7.994661079938895,12.8214693069458
1995-1837-0024.wav,2.8013436794281006,0.9675318494464678,4.183138813825447,3.6782671136564224,3.4990086664465494,13.484798277166744,17.07988929748535
1089-134686-0000.wav,1.9111425876617432,0.92575369916222,3.0815327777442025,2.158904348210455,2.4731085510328645,-2.6330414985078465,6.895331382751465
1089-134686-0009.wav,2.7986841201782227,0.9783990341609614,4.212196323408072,3.0806134479219414,3.507847849648898,4.206807284659067,11.83240795135498
672-122797-0024.wav,1.4841821193695068,0.8339029709010664,2.8786651708264155,2.481997925400976,2.1383528460686967,6.537427921716025,8.439129829406738
2094-142345-0057.wav,2.4562036991119385,0.9019478876869488,3.985395566940949,3.1044008871708595,3.2051172966335133,7.9292738251282575,10.21152687072754
3570-5694-0014.wav,1.8682576417922971,0.9079683155654416,3.106911842478925,2.2548953042380564,2.4604731982362025,-0.6250368868724822,6.817133903503418
7127-75946-0011.wav,1.2782893180847168,0.7900420683590461,2.3425453327390797,2.016785946420181,1.7429443404389822,1.802767876163248,5.092315196990967
4970-29093-0018.wav,2.4174976348876958,0.9197152198252684,3.579342167048115,2.773887142902433,2.956432082083801,4.170692320127927,13.687087059020996
6930-75918-0012.wav,3.2637531757354736,0.9343524695139448,4.496794111071629,3.5679433212806173,3.880930332490165,8.561999072687808,13.79008674621582
8224-274381-0003.wav,1.5959855318069458,0.8526983200969662,2.9720368854308927,1.946816302652632,2.246524544623224,-3.0373739626577803,4.659690856933594
1284-1180-0021.wav,1.765438675880432,0.8720519500260502,3.1584777095507617,2.397318823022132,2.4311953742691705,2.5486323669546067,6.527243614196777
1188-133604-0027.wav,2.424534797668457,0.9181665166168436,3.4526352851732054,2.9808173376305014,2.913666640540956,6.664945070137638,13.294787406921388
6930-81414-0022.wav,2.4503774642944336,0.9327614053196738,3.6574503347661023,3.2179990001754786,3.042896350187436,9.604927493552845,13.440313339233398
260-123286-0031.wav,2.2704110145568848,0.9622310425032355,2.5324302216287107,2.038625565228375,2.301394770866091,-3.747143939748641,10.882768630981444
2094-142345-0002.wav,2.3628950119018555,0.9428200014548144,3.674943962359568,2.808047518085787,2.9863374603731376,4.690618352898404,8.364239692687988
5142-36586-0000.wav,2.8970675468444824,0.9878581519649308,4.039892352794405,3.3035193392432904,3.456134170389843,7.688518758848112,17.540992736816406
8455-210777-0051.wav,1.8977859020233157,0.949296556212328,3.2088279890639635,2.858747012998613,2.5446578800684936,7.917981062639257,9.233515739440918
5142-36377-0009.wav,2.381311416625977,0.9476439251516358,3.6898200682323528,2.5706708296009326,3.029908920550647,-0.4008601063884367,10.51991081237793
1995-1836-0005.wav,2.93323278427124,0.9507446611062228,4.25820323024904,3.2469099968728354,3.5979507442287706,5.8577876080167215,9.899121284484863
7176-92135-0016.wav,2.7377026081085205,0.9799788925819845,4.256168858723704,3.437441541601353,3.506629493787087,9.994363126437344,14.213061332702637
121-127105-0029.wav,2.8911232948303223,0.9683276055862524,4.104643549375205,3.30601639536123,3.499320161278461,7.157778681948311,13.521713256835938
260-123288-0024.wav,1.6268725395202637,0.9036368499741358,3.178542317849904,2.07017439825044,2.359564927122071,-1.0798153497847736,3.5726943016052246
121-127105-0034.wav,1.7730467319488523,0.8985337740350395,2.6712110909889195,2.266516615612568,2.2039889836775437,-0.087647815999251,7.627927780151367
1089-134691-0005.wav,3.0502912998199463,0.9747978327313376,4.442043000665382,3.53291892619857,3.766453499409431,8.719956108947173,15.552979469299316
6829-68769-0052.wav,2.8510563373565674,0.9852105059443927,4.168116100999432,3.430445224782887,3.505759938392764,9.653164286708757,15.206828117370604
1284-1181-0002.wav,2.509232759475708,0.9505814421196708,3.9007262264362743,2.623507094120535,3.1818057167933333,0.2444211638722334,8.114892959594727
121-123859-0003.wav,1.77718186378479,0.9229696696545668,2.3281984229184225,2.058061074268559,1.9553184609446876,0.1006602626547988,5.1768059730529785
121-121726-0009.wav,2.507365703582764,0.9524582072419504,3.2808655022312143,2.7999446440267834,2.889651236059669,2.300807209455534,11.843225479125977
5683-32866-0009.wav,1.9425777196884155,0.938625801952464,3.357403300748646,2.788693355360856,2.6053465517202747,8.045965747143596,7.592516899108887
4992-23283-0001.wav,2.29018497467041,0.9289650355918012,3.4705920865329163,2.3795442434799647,2.836916364608004,-1.073569423575691,8.259800910949707
4446-2271-0005.wav,2.374061584472656,0.9687834379613552,3.586821773282767,2.650776520296907,2.931291662275416,2.851375313784956,12.202713012695312
8555-292519-0004.wav,1.7409512996673584,0.9264933190791858,2.6622823432745464,1.991027370478615,2.106670054109718,-0.839001190339851,2.0254268646240234
908-31957-0016.wav,2.002415180206299,0.9423121943067008,3.2806870264015915,2.50239304392142,2.560292280142905,4.682030704058829,10.045775413513184
4970-29093-0011.wav,2.6931352615356445,0.9861143636698294,3.381622685889239,2.5892331893998604,3.011856440354652,-1.4956526662225538,17.739826202392578
4970-29095-0034.wav,1.850696325302124,0.8987951323535659,2.902289157572014,2.288324241928173,2.3079016459649617,1.884437300336188,10.788031578063965
4992-23283-0000.wav,1.6892216205596924,0.9141507709303858,2.8625695847986337,2.620384276004906,2.249208258524397,6.503076189883886,12.025717735290527
121-121726-0011.wav,3.3270492553710938,0.9915410000046424,3.2508982858298605,3.3537552514051363,3.2854526493053062,5.0132237804593816,17.928712844848633
8230-279154-0033.wav,2.076406478881836,0.8764297014248132,3.438458285577352,2.229289167121468,2.7238195414582496,-2.314286783539591,3.541754722595215
2300-131720-0012.wav,1.708969235420227,0.8969999773193948,3.1638144565526125,2.2667097115233767,2.3874874158766404,1.690301226124524,1.8658758401870728
5142-33396-0019.wav,1.4484022855758667,0.91711354115941,2.449294621485498,2.5105857853821365,1.909937618402051,7.117525977980065,11.110115051269531
1995-1826-0007.wav,2.842538833618164,0.9723894350446822,4.0683777356035495,3.32917668861912,3.416373247045525,9.672633843319078,15.976773262023926
5683-32866-0015.wav,1.122158765792847,0.71047105216914,1.3675297329489966,1.2308172075916293,1.0,-1.4548960737498673,2.054727077484131
6829-68771-0000.wav,1.5018560886383057,0.9039264453463436,2.835402402537457,2.134681982306272,2.06663897106443,3.494814312156606,3.415472984313965
3570-5696-0008.wav,2.116169214248657,0.9757538513637968,3.648089284383657,3.082866813687084,2.8821108211009463,9.438992335923365,14.248008728027344
1221-135766-0013.wav,2.515242099761963,0.9752548491208805,4.106508825286706,3.300100192161963,3.318033815039403,9.581280431230944,11.297090530395508
4446-2275-0010.wav,1.6129369735717771,0.856132326854601,2.739862890151908,2.0547459282256417,2.0819453364857363,1.0856950011295112,0.1774003207683563
3570-5694-0006.wav,1.9855608940124512,0.9629135147057154,3.549130875390885,2.5384562192237907,2.7306489445911284,3.3865625830699866,4.728097915649414
5142-33396-0033.wav,2.752716541290283,0.9558254886122204,3.990404896372188,3.329927230276708,3.3581284929335946,9.224514033131696,17.005115509033203
1284-1180-0026.wav,2.939385175704956,0.9518949123094196,4.354054988171915,3.4155690177444997,3.6493661219186695,8.461110676936068,9.617382049560549
5683-32865-0006.wav,1.9462480545043943,0.8531508941932953,3.17831604598084,1.948512551791295,2.449807308733313,-2.3095499643961084,6.706003665924072
5683-32866-0020.wav,2.322685480117798,0.8744127840967378,3.1711564946654445,2.559381289826321,2.6561699768959155,3.656620738757469,11.08027458190918
61-70968-0025.wav,2.654142379760742,0.9646821398827428,4.175595364032749,3.2295147743969794,3.40346268263049,8.247925171255995,14.067937850952148
5142-33396-0022.wav,3.5909409523010254,0.9920953335088032,4.5518581436900165,3.9321231936338377,4.06988994609728,12.021283830759373,20.46483612060547
908-157963-0014.wav,1.0907691717147827,0.4037247997534766,1.0,1.0,1.0,-5.209083928295595,-5.5006208419799805
2830-3980-0046.wav,2.075770378112793,0.9491254560399986,3.5674512775132765,2.460628702334476,2.758340789556861,2.6553176871166397,8.44264030456543
2300-131720-0021.wav,2.089686155319214,0.9139339803655266,3.3812544249139496,2.5489392048066293,2.701413509729018,2.687354284625528,3.4842586517333984
1995-1826-0001.wav,3.3293468952178955,0.983673729344808,4.542420770917491,3.7638730969664618,3.9221952079947338,11.815822492913057,15.414227485656738
4446-2275-0041.wav,1.4224961996078491,0.7715422777391738,2.8659783623349666,1.929433857916804,2.092300160548122,-1.3868945836427384,4.977840900421143
2830-3980-0054.wav,2.116767644882202,0.915436192388741,3.5656378546147542,2.542780261219694,2.796325744167354,2.847034244767259,9.1353759765625
1284-1180-0001.wav,2.0035572052001958,0.8438636564704605,3.167555951658517,2.437202708300719,2.506379077905571,3.559257170910907,7.096822261810303
8224-274381-0007.wav,2.429003953933716,0.9330383946551654,3.898632543777208,3.1346929479969923,3.15329611072308,8.392456588734426,11.980619430541992
3729-6852-0019.wav,1.1730105876922607,0.6424354957652616,1.0,1.0,1.0,-5.386085446043976,1.4487285614013672
5639-40744-0010.wav,1.5704212188720703,0.8813013187286493,2.540184496331177,2.161859887006853,2.018101523040709,0.598043740335051,6.287365913391113
908-157963-0009.wav,2.689046859741211,0.9699201798741036,4.170794417331506,3.025320011405165,3.4112410144481498,5.070517950599726,11.189045906066896
237-134493-0017.wav,2.968015432357788,0.9362770796134254,3.6463927636970928,3.047711318054307,3.260021731873764,4.682280905573298,11.724685668945312
1089-134691-0021.wav,3.106740951538086,0.9765799659081228,4.435907024421948,2.893523299889629,3.7889039563001576,-1.7252352727850762,8.571640014648438
7021-79730-0009.wav,1.3756828308105469,0.935155784557956,3.0225550451384,2.0713853041745818,2.165233641785462,0.3991420889080683,0.43194380402565
6829-68769-0044.wav,3.100481510162353,0.974216975744786,4.345286493434773,3.4176611803688486,3.714670005557464,7.786695504628237,17.19178581237793
237-126133-0024.wav,3.0589282512664795,0.9669233683293758,4.190967597450254,3.5488739147677726,3.628811147886759,9.660032025498207,16.303712844848633
7021-79730-0002.wav,1.285123348236084,0.8415104800183099,2.121306090275391,1.5369008009168987,1.6140397149978067,-4.884960140766087,-2.1323046684265137
7729-102255-0014.wav,1.7294262647628784,0.8688165397978961,3.0234947833990926,2.315195704619192,2.346489588458605,1.4900093739334908,8.492419242858887
2830-3980-0024.wav,1.831143021583557,0.8779395688054522,3.079675520357345,2.491191716887145,2.3888246696393773,5.141243047264558,10.133627891540527
2830-3980-0031.wav,2.128181934356689,0.906242091420418,3.4107110768928948,2.7886159636533447,2.723719088950771,6.719133752092219,11.76280117034912
2830-3980-0041.wav,1.2090766429901123,0.7183272001697266,2.3805710373262228,1.6822645324806973,1.694949546491916,-1.5735972403333611,2.11024022102356
5639-40744-0007.wav,2.028328418731689,0.961051945260969,3.0110187571318243,2.221034076328584,2.435319027702953,0.1903339909537379,11.631961822509766
1089-134686-0013.wav,2.1620922088623047,0.9569606588343323,3.5779567690674368,2.728981638667898,2.860410967292468,3.913639859078713,10.491026878356934
6829-68771-0004.wav,2.544397592544556,0.9627617122285852,4.05523421527477,3.398010312544063,3.303226939212095,11.091167681041652,13.348492622375488
6930-76324-0001.wav,1.3346055746078491,0.8960407911603664,2.7985903369755176,1.9947251264330776,2.0364264016804463,-0.6546565444818573,9.674159049987791
5142-33396-0045.wav,2.037409543991089,0.9128984961911516,3.3309478578871183,2.420481316493824,2.6383151873306065,1.5591217687874648,13.408016204833984
8224-274381-0010.wav,1.7351064682006836,0.8980203668630338,3.0910793128644536,2.553854024660604,2.382377827563141,5.261932917328036,7.991645812988281
8555-284449-0004.wav,2.1463077068328857,0.9485268948776036,3.835112260426925,3.059736575035492,2.980630383547674,9.273035244449478,10.252439498901367
121-121726-0014.wav,2.103961944580078,0.943498306434254,2.4948063916276464,2.1048374461410897,2.274236956602349,-4.764730827442994,9.70904541015625
8463-287645-0007.wav,1.6314454078674316,0.8461343985389016,3.0738899220729925,2.300236957904635,2.308963614916748,2.5742195822863208,7.784287452697754
5142-36377-0020.wav,3.7144408226013184,0.9886005713143424,4.741740398863647,4.111422018625126,4.257616381587586,12.569566383818517,18.32024383544922
4077-13754-0010.wav,3.291375637054444,0.9746847360542512,4.707024376276247,3.629304147582253,4.0046667708671375,9.098011724591707,11.861720085144045
3729-6852-0017.wav,1.5459758043289185,0.8422205474741166,2.5409191856590727,1.7318658879630968,1.8724418799086051,-0.1519147064388258,3.3222622871398926
7729-102255-0028.wav,2.049168586730957,0.9210383597438144,3.3398839964386347,2.582550237509267,2.674581711883576,2.9020761139375173,9.07350730895996
5142-36586-0003.wav,2.586366415023804,0.9783565406081132,3.805733997694513,3.235692092943648,3.1894121970705367,8.67489784613803,13.374547004699709
1284-1180-0013.wav,3.113577127456665,0.9562345922060608,4.427916013674872,3.543509273906797,3.760246603958276,9.779661431711231,15.855036735534668
672-122797-0012.wav,1.7655320167541504,0.8467826356720003,3.1214846068548328,2.143763490294056,2.3944195417370477,-0.6653586561331223,4.311641693115234
260-123440-0004.wav,2.358135938644409,0.9772808293801118,3.860059252736387,2.8256080945812228,3.1016974651860063,3.875118356169376,13.0674409866333
1320-122617-0038.wav,2.5173141956329346,0.8963063648563113,3.475941441843795,2.553625596435134,2.9184142288613626,1.5461170234230963,-0.7138030529022217
6930-81414-0013.wav,2.7779715061187744,0.9777355949402516,4.307459185932368,3.679353143424296,3.5629056249180198,13.06954920413778,15.273111343383787
3570-5694-0022.wav,1.724564552307129,0.8866246299114966,2.7980464918551733,2.151170253170457,2.2126756576368343,-0.2315173091160633,8.6714506149292
1284-1180-0030.wav,1.8394370079040527,0.8912138110854788,3.178312938251876,2.5618740187963773,2.495567278999802,3.844179279699079,8.625185012817383
4992-23283-0003.wav,2.5668833255767822,0.9069393535875296,3.756855300511554,2.8908603981619594,3.12273139665965,4.7820893640574,12.277751922607422
8555-284447-0003.wav,3.119141101837158,0.950258801514272,4.073857873583552,3.349759064076829,3.5612370838919207,7.792172873909023,15.980026245117188
2961-961-0021.wav,1.3085801601409912,0.8540096547013071,2.193014891361,1.4206676465351626,1.6224291658638714,-5.183625933550342,4.726456642150879
4446-2273-0001.wav,2.6421120166778564,0.9649389210717578,4.056940091655613,3.04092139911745,3.355252203938879,4.600891872294892,15.562344551086426
5142-36377-0015.wav,2.320785522460937,0.960251085781928,3.716726971285651,3.0386052170006272,3.003030992595897,7.913383523890388,13.167086601257324
4992-23283-0010.wav,2.261734962463379,0.9787317106367386,3.7403134543690766,3.0589437236178503,2.9953491160465022,8.226008076272285,14.358905792236328
4077-13751-0001.wav,1.5824891328811646,0.7895771893786571,2.7506554547494435,1.8857066357128671,2.068490177870294,-1.2144420349831238,2.6567270755767822
237-134500-0001.wav,2.0654072761535645,0.9238227775475918,3.123834191022668,2.5194266507730267,2.556187755408599,2.618167558146658,13.83307647705078
7729-102255-0031.wav,2.8241307735443115,0.9776658345985036,4.244805922671211,3.310577774659518,3.530185008717767,7.9608370875798995,12.787753105163574
121-127105-0026.wav,2.1940863132476807,0.994667744200608,4.074454237478412,3.3266024328495334,3.1516626209506464,11.92093344237274,18.55026054382324
4507-16021-0026.wav,2.49588680267334,0.9422104982443382,3.722733853833096,2.4983659564371665,3.0581869568714377,-0.393119188945128,5.485871315002441
7127-75946-0009.wav,2.1868884563446045,0.8553397609671919,3.4955318265575555,2.6389043532205827,2.808666949373703,3.3202127651212447,8.456661224365234
7021-79759-0001.wav,1.46635639667511,0.9807290307807855,3.1485814962498018,2.196489301712321,2.2883098691789066,1.0544732620548067,7.523730278015137
8463-294828-0030.wav,2.641254186630249,0.9741044843293876,4.171009818904564,3.2503326695586416,3.40004542266294,8.439448940298814,15.601874351501465
237-134500-0004.wav,1.309123396873474,0.8480207716831533,2.3851458908796053,1.641286064502231,1.7524426698426117,-3.1900663633615256,5.585002422332764
4992-23283-0013.wav,1.3736284971237185,0.8594274974849921,2.355930873676086,1.8519662969842117,1.7641695468677614,-0.0573683820710557,6.342651844024658
672-122797-0044.wav,2.004729747772217,0.7847449846742903,3.347098187633959,2.554032821560282,2.64718690820673,3.163044234963741,6.777087211608887
908-31957-0012.wav,2.574171304702759,0.9630675636229298,3.914110327886445,3.199535847464388,3.225384292682993,8.713179149831626,14.18213939666748
3729-6852-0027.wav,1.9901096820831297,0.8308520666761717,2.977946940331686,1.970889877076315,2.33063402271548,-0.4532246911202853,12.459696769714355
3570-5694-0016.wav,2.2922825813293457,0.9667918029383676,3.800327624839264,2.839880884333241,3.0297449160702925,4.996891786533018,5.949555397033691
1580-141084-0018.wav,2.59622859954834,0.9646011281368708,3.824553777824611,2.964775911233732,3.161213422275288,6.174219385504999,15.623929977416992
4446-2271-0015.wav,1.7538928985595703,0.9102452788647152,2.9624896398436977,2.5346914961559928,2.323043423633408,5.028406134412247,13.21115493774414
908-157963-0028.wav,1.8481351137161253,0.8887593299806004,3.301681366732447,2.064815633484132,2.5107289236960684,-1.881577260339058,3.104076385498047
2830-3980-0032.wav,1.4302372932434082,0.7633026103402988,2.664163467023091,2.011992752194736,1.963932028546644,1.268551874220674,4.386596202850342
4992-23283-0011.wav,2.3019356727600098,0.9585199587770044,3.5304860096926767,2.873765285383943,2.8847931849759543,6.147101483254933,11.258697509765623
2961-961-0006.wav,1.986996293067932,0.959895168096508,3.1216067506451224,2.721223645994212,2.5144053853477333,6.463773380041753,12.570023536682127
4446-2273-0004.wav,1.4463962316513062,0.8818300513170314,3.1203156639140914,2.015701368871125,2.268532331804868,-1.8560898386987024,11.310535430908203
2094-142345-0006.wav,1.465059518814087,0.8389084012542553,2.995961537508104,2.109252157994462,2.1752806268742018,1.2848973783399036,2.3658447265625
4446-2273-0020.wav,2.766679525375366,0.9728326118271492,4.316441954549494,3.4206554738747115,3.5580585254910124,9.208168829758266,16.650053024291992
4446-2271-0008.wav,2.5144357681274414,0.9621894190946464,3.7470562300011823,3.236555491701422,3.1112705975388955,9.790511847327478,15.090998649597168
4507-16021-0017.wav,2.265611171722412,0.8913059396929831,3.510763859019824,2.374610942387047,2.8237529892944355,-0.0515202121907213,8.663490295410156
4992-23283-0015.wav,1.4786174297332764,0.8699038514488303,2.559422632953159,2.119087542645742,1.958647790212216,1.6144079217036855,8.4616117477417
6829-68771-0033.wav,2.09158706665039,0.9511620341180178,3.469035510843001,2.753828098193327,2.743927077444817,6.018700078295743,13.837717056274414
8455-210777-0013.wav,2.245509386062622,0.9738478500765236,3.199956342642212,2.9218886000837045,2.677693323088561,7.962292268724069,14.294753074645996
4507-16021-0058.wav,1.807918190956116,0.9167619963639352,2.8432500890115566,1.679234040672474,2.1575321536651573,-3.07997252677554,9.833603858947754
2830-3980-0048.wav,1.7112085819244385,0.8689700196934268,3.0547796619830354,2.171023779527874,2.269499551344357,3.0124303226593385,4.54331636428833
5142-33396-0023.wav,2.517611265182495,0.9825973933650678,3.617843128792024,3.187956763796836,3.058245406257438,8.569226706777636,16.172321319580078
1580-141083-0050.wav,2.7010653018951416,0.9736698662686198,3.4883701938250637,3.033948031185671,3.0524044825168697,6.233237912163855,13.460350036621094
672-122797-0067.wav,1.4055629968643188,0.7503001994129173,2.704355370546476,1.8880675587139832,1.995792359512424,-1.5828945587876426,1.3613890409469604
1284-1181-0006.wav,2.6123056411743164,0.9499647724719852,4.073347166634813,3.061657629884572,3.334945744333369,5.7474154283387255,11.770743370056152
8455-210777-0054.wav,2.415239095687866,0.949713270888856,3.594577123616613,2.8586079504502457,2.955954040808584,5.837405014116603,13.09162139892578
4970-29093-0019.wav,2.567685127258301,0.8873381546032655,3.933412949963288,2.924908977939209,3.222342119433835,4.816125788073528,14.958967208862305
2094-142345-0060.wav,1.2355276346206665,0.6045394160039987,1.0,1.0,1.0,-4.1600036033023535,-3.099616527557373
1188-133604-0007.wav,1.7221189737319946,0.8113819854123414,3.135909208784676,2.429485746959416,2.4126790987801763,2.7451607038982573,6.8958420753479
61-70968-0038.wav,1.37708842754364,0.7951049470595118,3.2174050406312085,2.228433914776746,2.2338388306169006,4.1615017057077335,11.000572204589844
2830-3979-0009.wav,3.271670341491699,0.9737571145429726,4.702080178586858,3.784281723025383,3.995892884001711,11.547254248752152,15.008413314819336
7021-79759-0005.wav,1.528411865234375,0.8889090838886966,2.9515474969892823,1.7309288969916616,2.1403715296012917,-3.2270290631711998,-1.301939606666565
1580-141083-0048.wav,2.776081323623657,0.9365087041697808,4.052338329444336,2.9598621054483485,3.3910929810084616,3.598365861909957,14.854827880859377
8230-279154-0000.wav,2.187869071960449,0.9416929200464772,3.652970548767125,2.599754161334246,2.894754639738413,2.3716632972050924,3.968252658843994
5142-33396-0067.wav,2.8329169750213623,0.9828789899679512,4.012976368344671,3.383781021740892,3.4109681007758743,9.421912566946046,20.26555633544922
4446-2275-0040.wav,1.1720695495605469,0.7767185315748254,2.6305581594178205,1.7499108172355435,1.8248824820994285,-1.286791377861187,5.313946723937988
1580-141083-0047.wav,2.239358901977539,0.9617746218173876,3.622467250839581,2.625481390462609,2.8826444063745047,3.399781499376369,11.786518096923828
5683-32879-0024.wav,2.189103126525879,0.904395710947559,3.2696938488328477,2.6281879326712057,2.64539308130687,5.425344655278778,11.195565223693848
1995-1837-0029.wav,2.297281503677368,0.9619237584723396,3.6513963103452234,3.492791219032388,2.97402502242774,14.623857950594454,19.091796875
2830-3980-0035.wav,1.6941237449645996,0.7387815468098199,2.7436518803969507,2.0029800930027357,2.1601063050461,-1.9063428086530636,7.739479064941406
1188-133604-0018.wav,2.081716299057007,0.9092764650565396,3.215225829347567,2.675372547565041,2.6357243330339544,3.8318299477815847,10.574335098266602
7729-102255-0040.wav,2.264210700988769,0.9401787641054008,3.399967140169017,2.903304149403951,2.816614801528732,6.20546407287879,10.379694938659668
4446-2275-0006.wav,2.961297035217285,0.962412694040192,4.513483324358354,3.565989323239525,3.7536282248802095,10.071358884585228,15.499526977539062
1995-1826-0012.wav,1.1563032865524292,0.5659916512265207,1.893976525642496,1.5741280942674636,1.400865602280635,-1.774056698887297,3.117908000946045
8463-294825-0003.wav,1.5942201614379885,0.9390454355759478,3.253003344234481,2.454420160405601,2.422478531749961,3.4010631825370603,10.1646089553833
8455-210777-0030.wav,1.907967448234558,0.966629265851842,3.151644977401584,2.6746445853484837,2.525240539560712,4.746907629043198,6.931463241577148
3729-6852-0040.wav,1.9153473377227783,0.93894658233118,2.712433338802461,2.356129799148793,2.141580393689725,7.074412648101705,15.114538192749023
8555-284447-0001.wav,1.0482594966888428,0.4116751925792943,1.0,1.060391932574291,1.0,-3.094431789403558,-3.336620807647705
1320-122617-0014.wav,1.7103387117385864,0.8779017847006778,2.995975407740349,2.2749527788834847,2.317695258580021,1.236748614484046,2.520108699798584
1995-1837-0008.wav,2.7761435508728027,0.9820977289839194,4.275002779256334,3.495478139253196,3.529913758331064,10.866164659132195,19.34613037109375
237-126133-0003.wav,3.3764402866363525,0.9796735152323024,4.449962765780679,3.8923683293488023,3.93561016065929,11.927904152273497,17.048465728759766
237-126133-0022.wav,1.4559160470962524,0.8947180358575911,2.620969918210041,1.9042597464706192,1.9955216417200357,-2.403739860675781,9.883427619934082
3729-6852-0004.wav,1.8017055988311768,0.9194242339200568,3.1658128808438986,2.264625082475032,2.386598137723207,3.0998106102840253,8.765161514282227
8463-294825-0004.wav,3.18863296508789,0.9686687855507014,4.5524669845461085,3.5301177404638624,3.878661939288599,8.180687822681012,16.280113220214844
4970-29093-0007.wav,4.198825836181641,0.9896282264012272,5.0,4.121594275086765,4.710363794960289,10.255085083691082,20.76118469238281
7127-75947-0024.wav,1.2913954257965088,0.7830818205777418,2.4765504271343657,1.7677617285502727,1.8224703065378232,-2.5239636728004102,1.86028265953064
1284-1180-0002.wav,1.9810121059417725,0.8847409191546253,3.2587477758911305,2.447457442194779,2.583315109191706,2.0009185487614056,6.600712776184082
2300-131720-0039.wav,2.013889074325561,0.9247526354435152,3.359949103147914,2.3572378813811605,2.6127002569007365,1.9747744861894336,2.9936394691467285
6829-68769-0021.wav,2.87166166305542,0.9788050648389944,4.471744029876203,3.6011439266830645,3.690664956802456,11.174299055265944,10.357937812805176
4507-16021-0004.wav,1.6643850803375244,0.9413648152809502,3.075076684176344,1.7740253161529207,2.268736353022221,-3.497024475346181,9.353856086730955
908-31957-0017.wav,1.756148099899292,0.9107684188139644,3.2163869663397544,2.1329357990510824,2.387685203133723,1.402401501146593,5.869316101074219
1320-122617-0019.wav,2.071053981781006,0.9251082299405547,3.460164455658272,2.475653958047051,2.71130793622758,2.5448959534993114,1.237411379814148
672-122797-0037.wav,2.727566957473755,0.9088754345896242,4.0778491267181485,3.3093287882345668,3.357532290282756,10.472101008910302,16.950809478759766
8224-274381-0000.wav,1.2926781177520752,0.7559419317611388,2.5761933370802383,1.537394946542171,1.782248205962888,-2.205202903078333,-0.6321419477462769
8230-279154-0023.wav,1.314753174781799,0.7428685894234199,2.402163201477544,1.725134101875348,1.7676493612253092,-2.0735379344195226,0.2040681838989257
8463-294828-0036.wav,3.1674041748046875,0.9552441559026474,4.533174696959426,3.55803400941895,3.855380892347189,8.915374495281466,16.263792037963867
7729-102255-0038.wav,2.904983758926392,0.971506674832202,4.191929075643179,3.3362900210100626,3.531346394630207,8.343991000023786,14.092144966125488
7176-92135-0014.wav,1.1458042860031128,0.6936530257704545,2.277799081517617,1.6749336226458351,1.6167926554980951,-1.4270936068035285,-5.556675910949707
6829-68769-0036.wav,1.9943766593933103,0.9391211826156752,3.32216323451362,2.5502195132368337,2.6362942618879104,2.884012479215911,9.436378479003906
6930-76324-0028.wav,2.161900281906128,0.9102590360674032,3.537220750578028,2.782843462804659,2.8300064906891578,5.212333730943429,8.101877212524414
121-127105-0027.wav,1.8009284734725952,0.9473362488923962,3.222484228763727,2.705249952365775,2.496585986345493,6.478876086858163,10.516752243041992
7021-85628-0017.wav,2.421023368835449,0.9591622136098408,3.622881331222889,2.2613215503734088,2.957934001503582,-3.02526454320038,7.675701141357422
7176-92135-0022.wav,1.1583762168884275,0.7494847319102956,2.2170895886632853,1.9661147939739283,1.6410732979606288,0.9784599290383256,2.74775767326355
7021-79730-0003.wav,1.4776535034179688,0.9426403490299492,3.0217433361902843,2.1457340676543564,2.2176742149809785,0.7459943394740547,4.030455589294434
1089-134691-0004.wav,3.1696794033050537,0.9725902339168496,4.397546127026877,3.6498039520426486,3.789798222885085,10.321592575610431,16.6683406829834
4507-16021-0023.wav,1.811944603919983,0.8389816210541763,2.806803014880631,2.0522626246622604,2.2364401069468336,-1.3754761248302234,8.376593589782715
2961-960-0009.wav,1.5103387832641602,0.8806809617290872,2.4452027169482795,2.171599569799929,1.9180724664078408,2.196724404812836,7.677290439605713
2961-961-0022.wav,1.6439695358276367,0.9284875349161776,2.737906509678393,2.2160940861505445,2.115478797581757,2.5814026921351023,6.90797233581543
260-123286-0011.wav,2.071563482284546,0.9604240009114386,3.2899486573934404,2.6812844933158946,2.6244995974942498,5.909482794788001,13.560839653015137
61-70968-0012.wav,1.919523358345032,0.956456984801759,3.6722429772341374,2.324173673854042,2.766634499885044,0.1305106364852089,7.7266364097595215
1221-135767-0010.wav,1.1488701105117798,0.6632395646989366,2.2342702256272644,1.43149331732394,1.5289307266278864,-2.3294223066730084,1.2773940563201904
5142-33396-0024.wav,1.6240665912628174,0.9604263564506368,2.9628154078607087,2.6112126764671566,2.271664314891665,6.610503339807585,14.558748245239258
260-123288-0011.wav,2.25689697265625,0.94434142906354,3.581106924588426,3.068905587411072,2.903701787957965,8.860895605085995,14.619339942932127
4992-23283-0020.wav,2.739213466644287,0.9646068939525893,3.9345199197407945,2.68937408230333,3.3274093708670107,-1.0126467092404188,13.786169052124023
3570-5696-0006.wav,1.065082550048828,0.5887084625019195,1.211441679206216,1.4773362695280166,1.0,0.7898157856562974,0.4740932285785675
8463-287645-0000.wav,2.719862699508667,0.9181911901409232,4.243918491000806,3.329404282670553,3.472704046619792,9.244100733278662,14.455976486206056
8455-210777-0027.wav,2.4770097732543945,0.9901383693849676,3.929330205293621,3.312882939068496,3.210452912946521,10.079375213355426,2.9651646614074707
7729-102255-0033.wav,1.7573593854904177,0.8584364590641996,2.774264991895694,1.9897803221161985,2.2178777606342237,-3.0630071738186477,6.019967079162598
3575-170457-0017.wav,2.630236864089966,0.9609725293922304,3.996731039880455,3.0123137474919703,3.2876095510452847,5.633041220287238,1.0511137247085571
672-122797-0031.wav,1.949448108673096,0.8312317780169681,3.313266811365786,2.391315948704739,2.561792001538176,2.7905061587407496,15.466136932373049
2094-142345-0028.wav,2.47461485862732,0.9377194948618144,3.858463312680239,3.241352891123448,3.151955389122811,9.932633850232058,12.419461250305176
237-134493-0018.wav,1.3624866008758545,0.7550395807343772,2.378661902183283,1.7329804886641804,1.7717734050700344,-1.946081380199572,5.635625839233398
1089-134686-0006.wav,2.157675266265869,0.9403122618044784,3.0949407937813977,2.590089921930365,2.619896676300315,1.6521749879549084,10.823553085327148
5683-32866-0013.wav,2.314671754837036,0.8959017288680231,3.266675809802249,2.855611541465805,2.742454227224075,6.533615887307291,11.494392395019531
5683-32879-0009.wav,3.0258595943450928,0.9070087611688544,4.204879335258255,3.568616363756923,3.5907992504537853,11.468334384078084,16.63964080810547
5683-32879-0021.wav,2.593046188354492,0.9448238313719446,3.768710829192506,2.521696929705897,3.1095137203212144,0.1481870057501918,10.979312896728516
7127-75946-0007.wav,2.389599084854126,0.8863278565768421,3.924264609284942,2.738132523587515,3.1280463787323063,3.194531166210342,9.158441543579102
6829-68771-0029.wav,2.3920094966888428,0.9696840210408396,4.007315490327045,3.191637609952225,3.1984428000241105,9.147444504092908,13.351935386657717
3570-5696-0010.wav,2.274397373199463,0.965852365736732,3.5722519836438,3.2390752556131823,2.9168409800943707,11.045551489256422,15.507983207702637
3570-5696-0003.wav,2.078596353530884,0.9535487167852658,3.591541705156021,2.464716497900535,2.8244871100101703,0.3754108063576157,6.405521392822266
908-31957-0005.wav,2.186584234237671,0.938844773741441,3.32726320019875,2.3922424733466485,2.6694644605883573,1.8447502817641048,6.1025166511535645
7127-75947-0014.wav,2.247591257095337,0.9143843981598568,3.7072924464749226,2.8176543883986382,2.9604934269539425,5.000464623996526,9.931493759155272
8555-284449-0013.wav,2.3372244834899902,0.9336329482819984,3.684394677453488,3.084796377161182,2.954194551307826,10.33047242611086,16.953227996826172
1995-1826-0010.wav,2.786137580871582,0.9709472828046978,3.759624781444965,2.4366053266706684,3.2179770681780715,-3.3495462186299068,12.165108680725098
8555-284449-0010.wav,3.4160923957824707,0.9879663489046,4.657155391278543,3.287311827953784,4.010098311664763,4.165472575890662,21.720115661621094
3729-6852-0022.wav,2.464805603027344,0.9657504232798868,3.4449682728269195,2.7741656104865187,2.834816506778437,7.281153957439591,13.847356796264648
5142-33396-0030.wav,2.278773307800293,0.9908055117448872,3.646476983403177,3.3547854740363707,2.977525584104386,11.899866473734749,20.65786361694336
7176-88083-0017.wav,1.4082112312316897,0.8632801698203963,2.7118949163778256,1.9561135565654948,2.0469496965451155,-2.552633516331844,0.6316501498222351
8463-287645-0004.wav,2.7019460201263428,0.932342517816148,4.110366759792659,2.9196690122610147,3.37767827948478,3.7366506466234872,9.287131309509276
4992-41806-0015.wav,3.436473846435547,0.9889668746026395,4.498585213000301,3.788016461211706,3.9504119365488974,11.565449977223116,19.680126190185547
4970-29095-0025.wav,3.5646772384643555,0.936917521081652,4.571769095949328,3.516286425260531,4.037379222217958,6.904538696776613,21.162830352783203
2830-3980-0011.wav,1.711584210395813,0.8641231626669755,3.335591942169896,2.10589565818456,2.4798314728162683,-1.1267675660146463,7.764859199523926
5142-33396-0016.wav,2.176397562026977,0.9693987484678434,3.2358894357534638,2.717976268256194,2.6975664687154364,3.624490965195576,14.277048110961914
4992-23283-0019.wav,2.8689706325531006,0.9619508352705336,4.037395196194113,3.181542753196472,3.425651434925031,6.6287513196094245,13.866077423095703
5683-32879-0018.wav,2.9624314308166504,0.97353852334567,4.309995926529171,3.5953414263639787,3.61353703756918,12.265234013710472,21.05161476135254
5142-33396-0025.wav,1.10000741481781,0.5373130677156492,1.0,1.3756609654921903,1.0,-3.4106614229783885,-0.4287819564342499
7729-102255-0026.wav,1.2991154193878174,0.7625838890031942,2.3305432324060416,2.004856870684654,1.7520465747514975,1.2545966708923766,2.1489992141723637
8230-279154-0034.wav,2.2335245609283447,0.9404334395395404,3.636653390904321,2.606701837396444,2.897541091824288,2.6708173903984767,4.395985126495361
4446-2271-0003.wav,2.4762213230133057,0.9677580506649628,3.766899487236764,3.262603748358021,3.110165263502801,10.12742822254863,14.119474411010742
7176-92135-0000.wav,1.7492387294769287,0.917552603029454,3.381107323377865,2.235841733572398,2.550046006961471,-0.6078560484072719,5.8152031898498535
237-134500-0000.wav,2.276292562484741,0.905671396356812,3.3914957898534164,2.633470864578109,2.7894110135310566,3.1123890951456006,11.28557586669922
7127-75946-0015.wav,1.7901647090911863,0.91979364184521,3.475382778556491,2.769297718932866,2.621740103005744,7.367692146106483,11.451269149780272
1188-133604-0003.wav,2.519005298614502,0.8768130825635144,3.675840243132634,3.199348477040083,3.0748945561882923,9.30838087948238,-1.242753982543945
121-121726-0003.wav,2.418426275253296,0.9005336898045143,3.1055436938812586,2.319718548096559,2.734375846286295,-3.627970251090263,7.495092868804932
4077-13754-0011.wav,1.890122413635254,0.9213749071964936,3.502093469744615,2.4659991983845773,2.6656077115054475,2.671707782902676,7.283544540405273
4992-41797-0011.wav,2.7074978351593018,0.9741348472093478,3.73552080548472,3.1173962601703677,3.168011767829728,7.976728183117019,11.150501251220703
8455-210777-0059.wav,1.802173614501953,0.9716336194162458,3.328556570853843,2.8859558413478714,2.577926956662022,8.107040547091206,11.295939445495604
3575-170457-0054.wav,2.514545202255249,0.9552927199870754,3.465413308921549,2.3557452553809326,2.934604506173613,-2.579568825391187,9.847686767578123
2094-142345-0021.wav,1.6468254327774048,0.7423984070846197,2.4119502994310285,1.851411897178088,1.8709070278795517,0.4645007404371022,0.1005060151219368
6930-81414-0021.wav,1.13692307472229,0.7060105509377942,2.117156821827032,1.8866947630038184,1.5497581972030057,1.2357840008997107,-1.1459378004074097
61-70968-0007.wav,1.960261583328247,0.915710803198388,3.629985185827561,3.0020593845227133,2.8014510419061867,9.027482709589377,13.180978775024414
4446-2273-0008.wav,1.622985601425171,0.8733979472102448,3.217049622071715,2.107443346854693,2.380322058752105,-0.6155950140118673,8.925264358520508
672-122797-0036.wav,1.202175855636597,0.6506168074180766,2.1314761730699296,1.7602846412947115,1.544342818535461,0.7384575504885758,3.770995616912842
8463-294828-0004.wav,3.1047892570495605,0.9590365971017996,4.481155400692475,3.405203220731964,3.797828296820216,6.966813695521107,14.395612716674805
1320-122617-0021.wav,2.49110746383667,0.949645702460954,3.523329644670338,2.6659794705766022,2.955170540318344,2.3647133911432747,0.9741414785385132
908-157963-0003.wav,1.267678141593933,0.7506149884662355,2.4615117076002124,1.8961273022740803,1.7931157519979728,0.1295146619741564,-6.33469295501709
5639-40744-0040.wav,2.3306941986083984,0.9441338276291192,3.507020591313233,2.5141115095467224,2.856974625582477,1.5711797442390616,2.815404891967773
5683-32866-0023.wav,2.6802749633789062,0.9588206895760016,3.2158848347143647,2.800091226554101,2.86738013362747,4.394861698658183,17.38812828063965
1284-1181-0016.wav,3.556734323501587,0.99088612531958,4.869750130319448,3.914780300533853,4.238319591896844,10.792627213536598,15.504250526428224
2830-3980-0023.wav,1.2874536514282229,0.7898192649953081,2.680380275860351,1.84717164742816,1.9358014819345837,-1.846087370881379,5.315121650695801
672-122797-0060.wav,2.4084551334381104,0.9206405729558678,3.7727465454707256,2.7767910234291246,3.0356699401773906,4.832973408046296,11.103233337402344
121-121726-0002.wav,2.7913806438446045,0.9433255608761726,3.774273088416469,2.7106526770974124,3.223588115014374,1.1511901632856243,11.482610702514648
908-157963-0021.wav,2.7412843704223637,0.9666802012676248,4.089833876587281,3.2261456851436634,3.394555711031532,7.984362768305641,13.53239631652832
7127-75947-0001.wav,1.2118529081344604,0.6716865729959065,2.446176484007664,1.779279877869991,1.7693311718466758,-1.831919446033012,6.550422191619873
1284-1181-0017.wav,2.535470485687256,0.9218210199879102,3.889996862252988,3.0634609327946176,3.209904396518907,6.13926994416624,9.339746475219728
4077-13754-0003.wav,2.633336305618286,0.9603575368079272,4.043723712357156,2.974548844905518,3.31197292864867,5.0358079132128895,10.490419387817385
4446-2271-0014.wav,2.033468723297119,0.9599146314344869,3.1836502670443587,2.8718189440945365,2.5859014151751167,7.745606222875566,14.518555641174316
672-122797-0069.wav,1.914442777633667,0.7955737253090259,3.2979579096490976,2.2601307375120983,2.541427032272105,0.7566407527899932,5.983707427978516
8230-279154-0031.wav,1.6661607027053833,0.9540260008442454,3.422711391704898,2.3700022099963607,2.53581117447672,1.842907617314172,-2.213893413543701
5639-40744-0001.wav,1.9189214706420896,0.9461543394289724,3.044781880174268,2.492839961637096,2.42515447312448,4.088711335903091,8.704925537109375
5683-32866-0021.wav,2.7666707038879395,0.9436375568016496,3.737863314705733,3.296745877209063,3.2118294886324894,9.811865561176678,13.509321212768556
8455-210777-0044.wav,1.7194957733154297,0.862944837547478,3.251238473691602,2.1473842396915237,2.433171723804172,-0.1456802281116704,6.356748580932617
260-123440-0020.wav,1.3278497457504272,0.9041599937145453,2.5593694231833304,2.056427804592118,1.890214851459484,1.4233308082948624,8.440567016601562
5142-33396-0059.wav,3.20576286315918,0.9705541441411984,4.0618928808713095,3.349117259148341,3.623106187569397,6.063747984965121,16.66583824157715
4507-16021-0013.wav,2.9939520359039307,0.9747329645816606,4.237012095831872,3.606100483174903,3.6065211326956255,11.607262474270806,17.427186965942383
3575-170457-0031.wav,2.475105047225952,0.94164041048089,3.668945597176256,2.518019395674433,3.012176270184259,0.462174729646775,7.968561172485352
1089-134691-0003.wav,1.5125930309295654,0.8166287495170355,2.655055759997631,1.9475621284668927,2.000973694193618,-0.3784249815634974,4.60943078994751
7729-102255-0036.wav,1.8511666059494016,0.9480093012279672,3.315483879790737,2.792459409070404,2.581978573623572,6.876159640742277,10.26780128479004
4077-13754-0014.wav,2.2615017890930176,0.9680163555304984,4.08154821049516,3.105076801486184,3.181320008109415,8.241871826480434,11.850296020507812
5142-33396-0056.wav,3.0527148246765137,0.9564410373837064,4.402093070930495,3.035484197163036,3.734131779528581,1.4079611926414213,13.145833015441896
4446-2273-0036.wav,1.818806529045105,0.915604075384182,2.9620782761876803,2.3472007846862653,2.3604790241727973,1.34566506139519,11.60765266418457
8555-292519-0014.wav,2.6375746726989746,0.9268110678565036,3.2909307422249787,2.478236691778941,2.7728215608642324,4.471389175631801,13.946880340576172
4446-2275-0045.wav,3.4757213592529297,0.9917037934251538,4.932448805733969,3.834413187595043,4.230739134423566,10.037727763380127,12.598553657531738
4446-2271-0004.wav,1.8767421245574951,0.9261634235387723,3.147414469096143,2.099979051435287,2.473702324838022,-2.6545784544216398,11.465547561645508
1089-134686-0014.wav,2.5209736824035645,0.9665829597989368,3.931166989784764,2.8887609729301897,3.2148098363303546,3.840140065724212,11.467455863952637
5639-40744-0004.wav,1.9427666664123533,0.926210087065054,2.9563289923884883,2.456341465600776,2.3872562901490983,3.589615357377416,8.152897834777832
8455-210777-0066.wav,1.900761127471924,0.9800590850832562,3.1262045506466647,2.5020215456692227,2.478115055002305,3.4197956388178743,13.447687149047852
4077-13751-0003.wav,1.5969114303588867,0.8813572699252711,2.912253066827812,1.9557471910590527,2.2133283680528093,-2.730056764750735,4.084946632385254
5142-33396-0050.wav,1.1354981660842896,0.8826261256555349,1.285551298122325,1.8617455395262164,1.1179169346636717,1.6145336454851986,7.514348983764648
237-126133-0012.wav,2.7062950134277344,0.9108306377050716,3.805887625601463,3.1600593112239044,3.252139447887833,6.472312698198131,11.35456085205078
3570-5694-0009.wav,2.133000373840332,0.9680274718033112,3.707280962607079,3.131799589281448,2.929995558167407,9.65033638394726,1.98773193359375
61-70970-0014.wav,1.9391003847122192,0.9576001721928706,3.515685669333464,2.2886310282778286,2.6885011814944813,-0.1362845437441186,8.874493598937988
7021-85628-0000.wav,2.6427440643310547,0.9756111882357652,3.9325314280520898,2.639072020158068,3.2325318588972745,0.911194235776337,12.343608856201172
7729-102255-0041.wav,2.652289628982544,0.9708041121359466,4.065129042299719,3.2222974437480603,3.3569660060712163,7.733104361214437,11.16673469543457
5683-32866-0028.wav,2.0783278942108154,0.9247843590073554,3.033450375696389,2.803255062262829,2.503284826170496,7.662225148390965,14.761648178100586
3570-5696-0000.wav,1.276805758476257,0.8214303464237146,2.4948239799102243,1.6848243332359158,1.7903563679829908,-2.2388165104746083,1.1357368230819702
1580-141083-0004.wav,2.470402956008911,0.9446059889041124,3.9891412871907104,2.891984887155964,3.21561512752067,4.3853572391881706,14.512161254882812
7176-92135-0023.wav,2.252128839492798,0.934409995532709,3.31802857265408,2.838775291530607,2.7567400214460864,5.845794273253323,10.055914878845217
672-122797-0030.wav,1.7992576360702517,0.9255206770065876,3.603956821072821,2.871660545562378,2.7054652566390307,8.25562089290343,10.619924545288086
237-126133-0001.wav,1.3928662538528442,0.7958094426207942,2.3910009180947625,1.5863025787556055,1.7578210958817009,-2.9436780876992605,1.4458345174789429
672-122797-0059.wav,1.4348084926605225,0.8047295125586257,2.641697588797467,1.9694955813102808,1.9570573941117144,0.4713938405509585,7.594429969787598
5639-40744-0005.wav,2.928351402282715,0.9208619679198222,4.073750089755292,3.008336358718946,3.481361911622401,3.092462102076729,5.080521583557129
7021-85628-0020.wav,2.566479444503784,0.9786725197497677,3.946600511430772,3.1381108475290618,3.2450632722835704,7.470636988374905,12.43369197845459
1580-141084-0000.wav,1.4310098886489868,0.8367936799503755,2.6658564598699743,1.904928983518092,1.9856918029417276,-1.341147185049606,8.7882080078125
6930-81414-0020.wav,1.1583269834518433,0.6933290963670194,1.906407715520752,1.782580127390982,1.445798350335486,-0.1427979887636717,4.653476238250732
260-123286-0020.wav,2.2599880695343018,0.9697231419366844,2.051532736244244,2.4785069604630623,2.1353699928656997,-0.1452854089556382,11.700234413146973
8555-292519-0005.wav,1.7448115348815918,0.9150014556803532,2.734169964649789,2.499194785993092,2.1239988239073506,8.096209781740335,13.599786758422852
4446-2275-0015.wav,1.9628527164459229,0.8939726191295206,3.4080850419822672,2.227990053049858,2.664515325616565,-2.052686731600627,7.211545944213867
3575-170457-0023.wav,1.898570537567139,0.9285361356348696,3.2897754629595424,2.318843785895291,2.5139167704837244,2.4885883997334517,10.76540470123291
7176-88083-0001.wav,1.6994311809539795,0.936870832558004,3.1886131577235357,2.335482452319449,2.4180646841482947,1.8385376364378485,3.3230974674224854
1580-141084-0049.wav,2.7974777221679688,0.9765298652774342,4.2483023968308,3.5160116032720823,3.5225658843633134,11.243274346118367,18.074691772460938
1580-141083-0016.wav,1.9453095197677608,0.8800201499798964,2.756937604622067,1.898472896955255,2.240008618987427,-3.1117202288781414,6.948960304260254
3570-5695-0004.wav,1.569713115692139,0.8777367956045317,2.895505564754789,2.383708865400917,2.207155832016705,3.569040476289996,10.456789016723633
1089-134686-0007.wav,2.629966974258423,0.9471894279999212,3.928348492727744,3.1524025563366838,3.2736478777785973,6.968738417242637,13.70172882080078
7176-92135-0043.wav,2.5052082538604736,0.989606277718484,4.372363584972635,3.5823108769449794,3.478060900874546,12.691262587424095,9.224638938903809
2300-131720-0015.wav,1.8195667266845703,0.8655383961397214,3.274237894604059,2.11293552489505,2.5086112454234635,-2.044937039285025,1.9863463640213013
237-134500-0033.wav,2.356922149658203,0.9062845340763488,3.583680728358744,2.637104387540267,2.9146885922879737,3.0457327034845463,13.251180648803713
1580-141083-0021.wav,2.3014557361602783,0.9581849135052872,3.7680094404154096,3.027120364121643,3.035353790306333,7.147817312603286,16.313859939575195
7729-102255-0002.wav,2.811218738555908,0.9793905498671994,4.113822297410112,3.356256928538495,3.466231646419655,8.442837945245124,13.363370895385742
2830-3980-0072.wav,1.883099675178528,0.9370840923269844,3.4660889975478857,2.163349809079206,2.6072739688083644,-0.4543876796269231,8.512804985046387
2094-142345-0058.wav,1.8779926300048828,0.7974055308261548,2.783797122039106,2.3896347160942435,2.2845916009677136,2.322108701638508,9.185810089111328
2961-961-0017.wav,1.5101885795593262,0.8594930832005653,2.6393666311220207,2.2155033984171992,2.006092481590504,3.2698853559657604,9.807156562805176
3575-170457-0025.wav,3.4223642349243164,0.9870236459948046,4.627426086279416,4.031397977340596,4.026000946569068,14.71591895194258,20.934249877929688
5683-32866-0000.wav,1.682387113571167,0.9017101611169248,2.790250445067776,2.027491376139157,2.1644475913309646,-0.8590615886994281,6.667876720428467
8463-294828-0035.wav,1.815690040588379,0.9177472710588508,3.485371536385168,2.5135521576567386,2.6356851595181454,3.2870376632036744,9.357484817504885
1284-1180-0022.wav,3.324183225631714,0.9559820135533668,4.679184759096717,3.664311512289504,4.002913223860464,9.601621778340698,13.03626823425293
672-122797-0020.wav,1.7818682193756104,0.8099792558480621,3.1772749862262124,2.568010033390584,2.450186824221342,5.074227480393154,5.683850765228272
4077-13754-0005.wav,2.419511318206787,0.9278693151324994,3.954689106991741,2.550750919240927,3.171170229413084,-0.5742533320851625,8.328346252441406
672-122797-0050.wav,1.102925181388855,0.5914351084813732,1.4810504619096652,1.3107917279021954,1.061991898152577,-0.8584807365517051,-0.9439324140548706
1320-122617-0024.wav,2.775940418243408,0.9830236803506116,4.233694401112039,3.358461998365017,3.5032276154087736,8.958511330344347,7.275265693664551
5142-33396-0015.wav,3.453594446182251,0.9843565588271168,4.5243766865099895,4.185347928660331,4.016878952460962,15.760241207843674,17.98494529724121
4970-29095-0005.wav,1.2640777826309204,0.7014191730375149,2.004879197282972,1.144535789667456,1.4125716100623809,-5.097392815841449,6.399961471557617
7176-88083-0012.wav,1.794223070144653,0.950516768798399,3.144555792127167,2.3270804335984927,2.436128349306184,1.33319957466944,3.8920722007751465
8455-210777-0056.wav,1.78606915473938,0.9167222714555248,3.2632632543213047,2.483089268127132,2.5056788943011346,3.228016578713274,10.056819915771484
4507-16021-0009.wav,3.404491662979126,0.9849358082630468,4.702868521777656,4.033123376625905,4.0691172694575,14.235497497504246,22.253772735595703
6930-81414-0024.wav,1.9793654680252075,0.8837660690476479,3.2689931957953173,2.3191767573684987,2.5961095213905856,-0.3985290598041988,9.666034698486328
4077-13754-0008.wav,1.5164014101028442,0.8688413522913055,2.801996069266574,2.207309234940129,2.1218335417046,1.6967039485704454,4.991062164306641
672-122797-0061.wav,1.9785478115081787,0.8438991814377165,3.5067407836171816,2.727357353503902,2.686058174706917,7.317506352689805,10.3814697265625
6829-68769-0027.wav,2.52053451538086,0.9770489146555832,3.9081516744168447,3.020375859901848,3.180356396734774,6.936260492821063,14.777661323547363
5105-28233-0008.wav,1.3588093519210815,0.7491854380578227,2.732855663541216,1.8937594090537688,2.0107300322700112,-2.211345299168378,7.888078689575195
1221-135767-0006.wav,1.3998656272888184,0.8764067846041539,2.9926404575561296,2.229980914968095,2.1794987749211043,1.9867653107670544,3.614635705947876
6829-68769-0009.wav,2.497718095779419,0.9574215186622684,3.921339835795461,3.0591281402661514,3.1793746851241123,7.549235401142641,13.657438278198242
4077-13751-0008.wav,2.588711977005005,0.9430172868051278,4.298412702742176,3.423148065365932,3.4538612989926434,10.834140672409756,10.105052947998049
8230-279154-0016.wav,1.3806254863739014,0.7324326188377587,2.2357075821441925,1.6071455422896823,1.6511167295115303,-1.495420418590662,-3.6998798847198486
3570-5694-0010.wav,1.645535230636597,0.908261350463538,2.764554416988778,2.300415142532072,2.158036444877073,2.651924439954547,5.293631076812744
3570-5695-0010.wav,2.191380023956299,0.9253862412426664,3.3411994349763923,3.1127127181002967,2.7417700885516103,10.470894058464934,14.893370628356934
5683-32865-0008.wav,3.0508854389190674,0.9598878396127264,4.026553777071181,3.524596457454294,3.529864290227997,9.911906159795842,16.324132919311523
1221-135767-0019.wav,1.4821767807006836,0.7439873598417737,2.735087892274235,1.8320572297178732,2.0144297002849365,-1.4961235022838746,6.715696334838867
908-157963-0013.wav,2.096111297607422,0.940889294656359,3.616116531006437,2.501977522779666,2.8114032878854425,2.3388450812349912,6.544893264770508
5105-28240-0021.wav,2.477626323699951,0.9239826152026224,3.8105597967794864,2.8511725785148374,3.11108950817467,4.533795225009816,5.60345458984375
8455-210777-0011.wav,2.361339569091797,0.9773929916332385,3.376938325503732,3.0638356131312805,2.8345751263314884,8.881423799808648,15.42173194885254
3575-170457-0034.wav,2.083737134933472,0.9502584138491108,3.5888041504508017,2.3505538231381413,2.810453690541164,-0.8030405458125066,5.738997936248779
260-123440-0018.wav,2.1072440147399902,0.9544905459871046,3.1868997090168616,2.386382850856163,2.555732293874704,2.522350556750017,13.008317947387695
8224-274384-0006.wav,2.0470993518829346,0.9268724516748256,3.239800287197233,2.705670839810942,2.604076016004767,5.738365832954759,12.229689598083496
5142-33396-0021.wav,3.079700231552124,0.9860171893176916,4.079941535911354,3.7334922248085416,3.591376437700884,12.110389616303642,19.33106231689453
1320-122617-0009.wav,1.5274128913879397,0.8082248132223394,2.644715458742329,1.7718801324038749,1.977050974504684,-2.1224262206001563,-0.5873709321022034
1995-1836-0001.wav,2.7006003856658936,0.9395022300670486,4.05261578468,3.0676211825478554,3.3773180063597885,4.815196974521851,8.156214714050293
1580-141083-0007.wav,2.586722612380981,0.9575848579924726,4.128714442900917,3.276958459996161,3.3645202152114844,8.70058115748723,14.850746154785156
8455-210777-0047.wav,1.546529769897461,0.9717434810031116,2.192702933557552,2.028935787847141,1.7207030269861674,3.62330671633648,10.827766418457031
7127-75947-0020.wav,1.5377461910247805,0.9669818591237664,2.9380116482734704,1.9664898570880445,2.1901806295568287,-1.8423988558334004,4.401724815368652
237-134500-0026.wav,1.6642041206359863,0.934046662828549,3.318682037853605,2.390692435265617,2.4616376281389147,3.130073687835109,11.898998260498049
4992-41797-0012.wav,1.3734582662582395,0.8949018491402586,2.180257895412097,2.418722192633912,1.7050761247222452,7.688672517499989,12.129999160766602
260-123288-0016.wav,2.695585966110229,0.9825076491058984,3.9173719126577455,3.1218628345237978,3.261914115158137,7.722365530169477,17.03997039794922
5142-36377-0002.wav,2.4282920360565186,0.9338779700478946,3.727580301511909,2.583795625843162,3.0690049727215203,-0.3984849823117923,10.294880867004396
4507-16021-0038.wav,1.935882806777954,0.7422147600333928,2.8585469491163344,2.29335806645027,2.3001696646939847,2.5949834318425697,13.58643627166748
7176-92135-0035.wav,2.766862154006958,0.9880374410931452,3.962452256910745,3.111099596234342,3.3513281293497093,5.645274365894844,13.137245178222656
260-123288-0003.wav,2.37453031539917,0.9864582107813692,3.975500844179287,3.245605834733792,3.185125285232262,9.637121737163742,15.180356979370115
7021-79740-0000.wav,3.0211243629455566,0.9777779265418304,4.155093418321091,2.6669432661033547,3.5472387784989445,-2.0855573418219064,12.903141975402832
6829-68771-0020.wav,1.8849130868911743,0.9397579200494114,2.986491915635507,2.4280187521914067,2.3899580769657938,2.834065793461899,11.526004791259766
8230-279154-0043.wav,2.8917720317840576,0.9748200996538806,4.261052093789191,2.997206954852241,3.553018318207577,3.328527238771571,8.049476623535156
237-126133-0016.wav,3.7273800373077393,0.9902538719175028,4.804484502120855,3.907821151569203,4.266656859109678,10.50470081241328,19.39974594116211
3729-6852-0042.wav,1.2689859867095947,0.7079980678036522,1.8061599217872448,1.2692035363765013,1.2863296075544062,-1.8408964579565683,1.9742250442504885
1221-135766-0008.wav,1.7338640689849854,0.8678427239845119,3.223926010191407,2.444800818021904,2.4621145813230427,2.911917970222556,4.905514240264893
672-122797-0019.wav,2.3024730682373047,0.8514094874690128,3.374714144654451,3.042397540960706,2.80739821795322,8.826725573241164,11.964435577392578
672-122797-0058.wav,1.716649293899536,0.7971983075165345,3.1599912657145706,2.478480333242905,2.347087206477583,6.860519453523653,11.218667984008787
4446-2271-0009.wav,1.13987398147583,0.6834355091769534,1.4476840468961494,1.6729280436748255,1.250094841176021,-3.5876983910243654,4.389285564422607
1089-134691-0019.wav,2.729816198348999,0.9548756032159524,3.941542495518351,2.842126656138375,3.3089199310814843,2.242804278669681,9.190385818481444
4507-16021-0028.wav,2.6491787433624268,0.9604200840717178,3.8489274143691534,2.884999060578182,3.1879089232957525,5.04237366953904,11.98603057861328
8455-210777-0007.wav,2.191197395324707,0.9740850842677158,3.0059240695582465,2.6086800564235832,2.548515350158301,3.632251246915153,13.83401870727539
4970-29095-0038.wav,1.4888222217559814,0.8323437973124458,2.565256911507411,1.792785795630693,1.945075945453905,-2.689507391612532,6.168306350708008
1995-1837-0011.wav,1.5849648714065552,0.834005607892146,2.677072251038946,1.958355996793855,2.02390400689799,0.3263174275488888,6.362577438354492
5105-28241-0018.wav,2.024165153503418,0.8578721560524346,3.562850333753608,2.8884551429915297,2.7887128578528237,7.250599735707841,7.010526657104492
4507-16021-0035.wav,2.4382436275482178,0.9325623093218488,3.735330386085245,3.135650832858479,3.066345159745774,8.794111892640238,13.63982391357422
672-122797-0038.wav,1.811183333396912,0.8267775440896349,3.1855765010921804,2.1642842997049234,2.446154140901224,-0.5446624036485082,4.450318336486816
1580-141083-0019.wav,3.1221249103546143,0.9494633268146344,4.251628811651468,3.2006155046700586,3.6621558721911858,4.919354105531016,13.42672348022461
7729-102255-0008.wav,2.218798875808716,0.9639375932048642,3.5083725965731927,2.775764790382935,2.844761681947658,4.651639991264074,7.552309036254883
1188-133604-0032.wav,2.9655048847198486,0.9536920675427604,4.22338937284401,3.479129777935721,3.5903801462626235,9.58730386238416,15.22203254699707
3575-170457-0043.wav,1.9628455638885496,0.8434949769783663,3.4408499492567355,2.150502699017532,2.6275666088069016,-0.9365341334465856,0.1825675219297409
8230-279154-0028.wav,1.8344886302948,0.8224773161872646,2.862789574188032,2.239382765099473,2.279436157221716,1.2582013386121351,4.673826694488525
5105-28240-0012.wav,1.734874248504639,0.8078873517026363,3.150970489441162,2.313912803213137,2.394967240431948,2.2082238298008114,5.443893432617188
6829-68769-0051.wav,2.4241769313812256,0.9840176288871209,4.006954634656502,3.33122069181864,3.2113158192287203,11.25957127862305,15.76675510406494
61-70968-0036.wav,1.6560688018798828,0.9392466856743708,3.335807991276232,2.184744679016262,2.4714052080722464,-0.3131171359511468,6.583278179168701
8555-284449-0000.wav,2.4560210704803467,0.9098669831841656,3.626642931206173,2.91298018803598,3.019158921079052,5.2165740936961145,12.28623390197754
6829-68771-0005.wav,2.877734661102295,0.9830007700655824,4.343804538441468,3.365546922372993,3.605815529301879,8.457335091523518,14.543176651000977
5639-40744-0039.wav,2.3011891841888428,0.941311434405798,3.4069140844969312,2.9461398523628235,2.81132776171094,7.812773819036667,11.639263153076172
5142-33396-0009.wav,2.810344219207764,0.982155412428144,4.15800851520962,2.833896014593186,3.487519940273078,0.1693031130342275,19.72038078308105
8555-284449-0008.wav,1.7902652025222778,0.853104519489716,3.054046069954323,2.538431744070433,2.394585023032312,4.476117632433881,11.205791473388672
1580-141083-0052.wav,2.8490512371063232,0.9170181454122128,4.195882707067336,3.4896417639815223,3.5166167192823927,10.693768697325869,15.676309585571287
1580-141084-0006.wav,3.512712955474853,0.8980344599609243,4.804760767905755,3.956292260345852,4.163385800711526,12.6829352583745,19.169708251953125
5142-36377-0024.wav,1.9947962760925293,0.9390003779580558,3.388006801187213,2.311794204955657,2.6707780911845123,-0.9702346682933004,12.265543937683104
4446-2275-0038.wav,1.6185598373413086,0.8363286649596191,2.9080264760920405,2.188315307990882,2.1592625537437096,3.568320896383784,7.349266052246094
7176-92135-0009.wav,2.4505231380462646,0.9642033696483776,3.573461717261186,2.984590503504266,2.984886816431961,6.616773083119837,9.907268524169922
1320-122617-0025.wav,1.8070502281188965,0.9351253431320142,3.108427622061684,2.423819678694816,2.4138375671671373,3.246893768814846,3.5286102294921875
6930-75918-0003.wav,1.1942400932312012,0.7414506845800046,2.338125424106736,1.7201695704131426,1.66835198824792,-0.9480983940278204,3.272688150405884
61-70970-0032.wav,1.8876185417175293,0.9563858918998118,3.566447342816608,2.6006503698310364,2.714892496139494,4.011673861484388,10.355230331420898
6930-76324-0023.wav,2.326589345932007,0.967295742729118,3.81262605048268,3.046560196353587,3.078252326531084,6.91290711703984,11.737042427062988
8230-279154-0007.wav,2.881563425064087,0.9781284657199664,4.325094482805212,3.157222526425488,3.5961353355434027,5.223061446518176,6.320716857910156
4446-2271-0013.wav,1.185401201248169,0.6957804525565779,1.908546369366086,1.5549826224321193,1.4801071630048117,-4.8232521435543045,4.702367782592773
3575-170457-0024.wav,2.462024688720703,0.9163751575171504,3.814828626881424,2.8611800012575563,3.106877340077226,4.743075405477004,11.771621704101562
7176-88083-0022.wav,2.693502187728882,0.9774842483928172,4.163025783430041,2.8117132174827857,3.400190462480621,2.06182282838006,4.807093620300293
61-70970-0006.wav,1.887758493423462,0.9830775185341376,3.646317460200236,2.7549446993658027,2.735276842525499,7.315679014822394,14.243979454040527
1221-135767-0002.wav,2.1134748458862305,0.936825279515998,3.7356046929224687,2.445305010862704,2.9094717240807157,-0.0074782465889757,8.924880981445312
1995-1836-0006.wav,2.151210308074951,0.9375031884048328,3.5144257062355257,2.781710005536543,2.8211089204054947,4.929911137872278,7.866204261779785
8555-284447-0014.wav,3.3160240650177,0.9555399707487952,4.46980441908575,3.5515631381724857,3.874346120835217,8.766752310577314,15.067954063415527
8555-284447-0016.wav,2.202073335647583,0.92361569791144,3.242720924163322,2.648254115245384,2.634231431445685,5.834469837151807,11.545860290527344
5683-32879-0005.wav,1.5825810432434082,0.8098035167654527,2.569551563904516,1.754210983029563,1.962264085003527,-2.5903524913221787,9.782049179077148
1995-1837-0028.wav,3.384471893310547,0.977856442082636,4.464499662198136,3.190429079694082,3.8847105344580175,3.4650388862600785,12.678617477416992
8455-210777-0010.wav,2.3294920921325684,0.9522889089752716,3.3235005416474404,2.84460533538591,2.7890785041442614,5.767712210563508,13.501023292541504
1089-134686-0027.wav,2.155529499053955,0.9842083841141996,3.7670873556159994,2.9863785754489864,2.9640481700058143,7.483144408734435,8.257741928100586
8224-274384-0009.wav,1.6969404220581057,0.8860405764461157,2.696980205752324,2.0279272621222235,2.146144343984068,-1.8770692458788616,7.52283763885498
4992-41806-0017.wav,1.2841094732284546,0.8242538728882844,1.954882413102487,1.9147421681375871,1.5130623477003462,1.898205019584667,7.049173355102539
6930-81414-0008.wav,1.9633692502975464,0.8709163585837175,3.3092459429854792,2.648817922773966,2.604011960343961,5.13361651885048,11.020559310913086
6829-68771-0026.wav,2.939381599426269,0.9889795569914428,4.276463451491045,3.4309450256960683,3.5932034919752613,9.478595613402184,17.114789962768555
4507-16021-0056.wav,1.172740817070007,0.5930451383173181,1.39461797197209,1.1774661675547784,1.059816824220479,-3.750177220483772,-0.1086322963237762
237-134493-0008.wav,2.3367159366607666,0.8994799635226012,3.2929468471823404,2.5008255183533707,2.730050374311588,2.347710659664847,10.358846664428713
5105-28241-0002.wav,1.786388874053955,0.8639762935810847,3.357569125885485,2.75552195176479,2.568196016836043,6.870005411359043,11.931303024291992
1580-141084-0011.wav,2.1581923961639404,0.95896371270016,3.639009471554025,2.931243122525473,2.860598876584683,8.397113253732678,18.960060119628903
2094-142345-0019.wav,1.859145164489746,0.7725902998175316,2.914755506298113,1.802565767734387,2.2337394693225545,-2.161334867079193,4.890713214874268
4970-29095-0037.wav,2.535319805145264,0.9099396276403372,3.784541334327044,2.5925492441629654,3.0990003263874675,1.236755425781769,10.278202056884766
5683-32865-0015.wav,3.1124746799468994,0.9768731526472748,4.237093058640311,3.2795675167400584,3.6543754154337615,6.055218428557422,11.558235168457031
6930-75918-0015.wav,2.0506033897399902,0.9332886224691422,3.878223480650074,3.0474633598536496,2.9773233786039763,8.765911024828641,8.499719619750977
1995-1836-0012.wav,1.3027584552764893,0.70918675187293,2.194238127577254,1.419268758323741,1.6141712376448163,-4.900529319899729,2.756134510040283
1320-122617-0022.wav,1.7647583484649658,0.8331546869865847,2.8758978163719724,2.0538971889326847,2.2213250911512605,0.1393564509785897,0.3805449306964874
908-157963-0007.wav,1.6269652843475342,0.8788420592371664,3.0958289240334045,2.389464805979904,2.312222896403517,4.262208368616581,7.374542236328125
7021-85628-0023.wav,2.604942321777344,0.976124750654448,4.119349788435906,3.2161390628407824,3.3538735728201687,8.266097706709672,12.803295135498049
3575-170457-0053.wav,1.6339313983917236,0.8634634032407094,2.9340747348857423,1.941955656799509,2.206057276847194,-1.6074772112164104,8.016332626342773
8224-274381-0017.wav,1.419281244277954,0.7912515914590232,2.76251906371847,2.198658556598483,2.038347433742138,2.948400291689058,4.554588317871094
1580-141084-0025.wav,3.1262803077697754,0.97016716598908,4.141039005702565,3.1864542424678355,3.5685909427053533,6.45347481331179,18.134031295776367
121-127105-0036.wav,3.067636728286743,0.9462512678989372,3.4639410702354376,3.2131382834401383,3.25371128143573,5.046888559645656,12.222851753234863
3575-170457-0001.wav,1.7990505695343018,0.8345357421289945,2.7587325419972246,2.209229302599826,2.237359644924505,-0.1673199185650387,9.43647003173828
1221-135766-0001.wav,1.36057448387146,0.8095962049210224,2.831219948564741,1.9964653105875187,2.0217876366905703,1.1139888242910736,2.9212722778320312
260-123440-0000.wav,1.4776041507720947,0.9608318862271136,2.993160613189808,2.060719223306674,2.1436694512629053,2.029806442774151,8.38964557647705
260-123286-0006.wav,2.7610883712768555,0.9896708744027272,4.236566240529943,3.425462489245859,3.4999913096791326,10.009811958244333,16.19908905029297
2830-3980-0015.wav,1.084778070449829,0.7812330229878173,1.884211931206704,1.6275977483170876,1.3636806544552045,-0.5496924073846606,-3.3989787101745605
1284-1181-0004.wav,1.7971092462539673,0.8666594679490909,2.89783712383388,2.367254416637659,2.31281734614133,2.037476263577165,4.250133514404297
8463-294825-0006.wav,3.098527193069458,0.9811215454259268,4.630449037555934,3.5093897483247662,3.867179881965324,8.746082246059995,16.678686141967773
1221-135767-0014.wav,2.0822203159332275,0.9253060841560812,3.822844406596952,3.117415538636194,2.961737271250961,9.812460605494254,9.175349235534668
4970-29095-0024.wav,1.6474263668060305,0.8688693686435685,2.5926483490647265,2.00673091268305,2.0681417792432564,-1.789937944585393,10.035468101501465
6930-75918-0016.wav,2.3320469856262207,0.8857576731770742,3.720479324493082,2.795566613372215,3.0083897953720893,4.066889184072593,9.273222923278809
237-134493-0002.wav,2.923917055130005,0.963559354276208,3.820475921064422,3.3476336368671733,3.3695754822884347,7.785926263456162,15.748754501342772
672-122797-0033.wav,3.585213184356689,0.9035899950245898,4.746598053687854,3.8083011492571694,4.136387239623863,11.311255444192565,20.81349372863769
3575-170457-0022.wav,1.5718932151794434,0.9161075247447248,2.9959872460149444,1.9624295390261488,2.2131075348047387,-1.1453874130691857,9.619799613952637
8463-294825-0009.wav,2.004969835281372,0.9201950889214632,3.606961987255819,2.618914276426376,2.789935493940564,3.603920307068421,9.254697799682615
7127-75947-0011.wav,1.8360984325408936,0.899224500889031,3.4716675773272074,2.6227512973852405,2.6335010432878025,5.115369822211864,7.616733551025391
8455-210777-0062.wav,2.2088463306427,0.974686111711206,3.3677260188819056,2.851473505348419,2.741177831880197,7.18793668629409,14.488142013549805
5142-33396-0038.wav,2.0754928588867188,0.952201128553264,3.251627033727271,2.278401204249332,2.628669614966098,-1.4517144532773,12.415363311767578
2830-3979-0004.wav,1.5862820148468018,0.788354581522794,2.735307045981473,2.265478945257597,2.0788138517640293,4.077970135586535,9.651406288146973
5683-32879-0011.wav,2.924977779388428,0.9455500397737218,4.300341172614532,3.3600142202880026,3.591427096933952,8.743261158779639,14.347394943237305
5105-28240-0023.wav,2.0612409114837646,0.9415652283520076,3.6176744802861065,2.880890948055022,2.8377513850540392,6.715390301352041,8.455674171447754
6829-68769-0047.wav,2.2166056632995605,0.936049088356272,3.56849839725637,2.3953351575795883,2.8649467844532843,-0.9903095992574518,9.851089477539062
1995-1826-0025.wav,2.178433895111084,0.9352379960138084,3.106570252910132,2.090808978416492,2.470016434216625,0.889956427544095,12.442279815673828
260-123286-0015.wav,2.7074129581451416,0.9767738981275358,3.9427516509585327,2.963404577523055,3.277609506042673,5.245413307957278,12.211495399475098
1089-134686-0034.wav,2.858558654785156,0.9803579452736322,4.032447543952527,3.303714817792526,3.4482517809904314,7.311124926575236,13.021363258361816
7127-75946-0004.wav,1.4708826541900637,0.7017088676625499,2.407677050875067,1.518143379757099,1.766667922800916,-2.905972564979474,-1.2034536600112915
3570-5694-0020.wav,1.8956520557403564,0.9602829004150044,2.9663905735433564,2.2322215172887625,2.3475422742817957,1.3117470596653955,8.422880172729492
6829-68769-0015.wav,2.7552785873413086,0.9701762903038368,4.270928278742366,3.369582147158244,3.5162613837765715,9.074102354652814,17.3874454498291
8555-284449-0009.wav,2.981654167175293,0.9398598568802076,4.115493837339808,3.1870506255309285,3.526176880099271,5.651288830658391,16.837892532348633
1188-133604-0038.wav,1.6921536922454834,0.8858004991657268,3.03092793932964,2.1774527246521576,2.345584867075062,-1.0400256218749695,8.602795600891113
2830-3980-0063.wav,1.9219080209732056,0.8680829403708009,3.3176068629644098,2.280256368493604,2.5300127863860022,2.1191985721054665,7.947053909301758
2961-961-0009.wav,1.314266800880432,0.8298584032668531,1.8960641980581632,1.846949893916788,1.503222816600939,0.4083520633001425,8.09092903137207
1188-133604-0042.wav,2.060140371322632,0.91141277153942,3.1586576495178704,2.9133784287284707,2.5812375657526534,8.45389779938117,15.399025917053224
1188-133604-0006.wav,1.222148299217224,0.7054314939819982,1.918329636456112,1.243538708003199,1.4214556274795844,-6.4294504265512815,-1.4522958993911743
8463-294828-0014.wav,2.2499473094940186,0.9614979393058882,3.8249593573421423,2.876674760974719,3.040815324814869,5.012481361622169,13.423562049865724
1580-141083-0036.wav,3.024059534072876,0.9263178721626936,4.497463610608263,3.425120870353493,3.769291402556364,7.714214960363471,15.59136962890625
8455-210777-0036.wav,2.6640493869781494,0.9850680266806466,3.892584257247649,3.3083521648168523,3.2544482273463755,10.005688775276663,15.161508560180664
237-134500-0002.wav,1.5703582763671875,0.8956655267916378,2.747672936320148,2.032104893283776,2.0963759240368383,-0.3625154185950585,4.47169828414917
5142-33396-0052.wav,1.491253137588501,0.8846064592076106,2.766694460065715,2.29053042459334,2.067023783199589,4.28994490563051,6.780600070953369
4970-29093-0008.wav,2.637135505676269,0.934331653324289,3.72168783788807,2.634940651196725,3.1206554958443387,1.070341697808724,15.094415664672852
61-70968-0045.wav,2.773927927017212,0.9665905321942873,4.226747399638682,3.3389957784746023,3.492066414229055,8.959475287700611,14.71875
8555-284449-0011.wav,2.0174248218536377,0.8764530792421289,3.259688954014537,2.2343307991051,2.5816233772263693,-0.7530281968458589,7.41540002822876
1284-1180-0025.wav,1.7877111434936523,0.8798075857381439,2.7636419093004023,2.0134099644061783,2.1723594335380447,-0.470335026404049,7.814972400665283
4446-2275-0014.wav,2.541747808456421,0.8997888217614287,4.036948191551211,3.042394820306216,3.2817273851856545,5.954004230749606,11.509149551391602
2830-3980-0017.wav,2.338874101638794,0.9892404229055364,3.9361784498874655,2.8896772723411868,3.116955558952835,5.606157152766532,8.696413040161133
8555-284449-0002.wav,2.169227361679077,0.8850810405731839,3.2467954428524743,2.2862303280242378,2.6571677350905776,-1.314723172943585,9.250638961791992
237-134500-0038.wav,1.6742048263549805,0.8821591759233021,3.1626198120479776,2.295453998433539,2.3571846522597046,2.9458014053384134,14.73210906982422
7021-79740-0013.wav,1.8348119258880613,0.9269933224568462,3.1963880542576195,2.574036927011159,2.482155694581033,4.956586922266022,9.373980522155762
61-70970-0007.wav,2.602389335632324,0.9765957947722528,4.289612973727356,3.3269080585581614,3.4497461394269364,9.4954433359843,14.998541831970217
4970-29095-0030.wav,1.2101154327392578,0.8458228085717051,2.243930947757148,1.4655255379390886,1.6195122502575852,-4.670463012413649,6.776088714599609
2830-3980-0005.wav,1.2039399147033691,0.8113927517444947,2.336018169151864,1.8809051860642887,1.67259210945543,1.5124574612115065,3.4416792392730717
1284-1180-0011.wav,2.191770076751709,0.9497222090958062,3.249869542568363,2.8487152096416564,2.6734113485470683,7.295820104432487,12.67752742767334
6930-75918-0019.wav,2.393725872039795,0.9187157996773386,3.831090324774048,3.136635738773977,3.098123547577013,8.856241187189212,10.66011905670166
6829-68771-0018.wav,1.6792510747909546,0.9211488789885102,3.0723207775919605,1.867071355967459,2.3072203040325108,-3.558137064287894,10.593499183654783
2830-3980-0028.wav,1.6727230548858645,0.8511950297524776,2.8954272838348216,2.264079579676521,2.2377683214615414,1.8299167954823992,9.427736282348633
260-123286-0019.wav,1.8201643228530884,0.9489592830108724,3.167956638177418,2.2912923555856244,2.4384001157247432,1.558372560972744,7.362785816192627
61-70970-0019.wav,2.556614637374878,0.985983815044644,4.193047519727672,3.24872409453215,3.3814538606180333,8.47526465069639,13.708809852600098
1580-141083-0022.wav,1.675955057144165,0.7377105191107005,2.924934479430864,1.9102065917035955,2.200774895069883,-1.462962246421122,10.25251007080078
2830-3979-0005.wav,2.8715381622314453,0.9588401017010244,4.281823889907669,2.849168477426724,3.542543400829613,1.5989464656369765,2.877819061279297
672-122797-0010.wav,1.9396624565124512,0.8921662962738136,3.150521188318294,2.543247450637927,2.5066900031741377,3.918602675194131,3.811595916748047
4446-2273-0019.wav,3.219912052154541,0.9869456501086292,4.659253686012106,3.8399237532334896,3.9634493037285488,12.162203734252838,17.800662994384766
1221-135767-0023.wav,1.498448133468628,0.835280166125012,3.0241615195748848,2.072114231531044,2.2124993140402056,0.1633095513137355,5.105342864990234
6930-76324-0006.wav,1.7734315395355225,0.9137467122921632,3.278870636696816,2.4013836910933457,2.5082462912256727,1.974858307737336,5.003890514373779
260-123288-0010.wav,2.799374580383301,0.9779125651115692,4.208694538766341,3.359885272602741,3.5195567556954424,8.057164627848831,12.868453025817873
4970-29095-0017.wav,3.032857179641724,0.9558549324624708,4.153203104425767,3.3508320402201,3.566387511949128,8.056718669354053,19.25045394897461
8555-284449-0020.wav,1.6246929168701172,0.8944069977035041,2.935442634697752,2.005898524506386,2.205717009112938,-0.6829767312645648,3.1677982807159424
5142-33396-0062.wav,2.584390878677368,0.9568414559842082,3.6530242521900154,2.94114532283189,3.110038892978169,4.119924868988003,13.622030258178713
6829-68769-0004.wav,2.599912405014038,0.9729523638138302,4.173721850717867,3.289261075690411,3.3892882066131915,8.984656083737063,14.433427810668944
6829-68769-0040.wav,3.337331771850586,0.987669114553694,4.747909028807662,3.928778559017033,4.060085929513647,12.979912768538146,18.59078788757324
2094-142345-0000.wav,1.3098376989364624,0.7746683660697712,2.5938455992015603,1.6952802521397574,1.8457306613455928,-1.8575077445776715,1.348643779754639
7729-102255-0021.wav,2.1278467178344727,0.9414788189786304,3.583491033066976,2.5207397166642806,2.820148492452514,2.0013923314194155,8.825896263122559
672-122797-0005.wav,2.0544137954711914,0.8426724216133155,2.952570299375864,2.4782053004192672,2.421412779552478,3.986214792495408,7.473409175872803
4446-2273-0030.wav,3.894062995910645,0.9879453211829752,5.0,4.271232039137274,4.546334921270216,13.883415329363336,17.84397315979004
1089-134686-0015.wav,1.717376708984375,0.8995728789617666,3.2984170874893137,1.971204108596685,2.477926792339568,-3.910852156420957,6.541614532470703
8555-284449-0018.wav,1.2362425327301023,0.6347698621388626,1.3546411692215754,1.3733111811143224,1.035091501937155,0.5024558848225353,3.569734573364258
5683-32866-0012.wav,2.486593008041382,0.9310025016763902,3.473052567611577,2.890424453480622,2.9049670092454454,6.97086829134278,14.407929420471191
1284-1180-0016.wav,1.9476988315582275,0.9492828294398206,3.459770225509338,2.650113682029763,2.680208531372604,4.867157409748112,11.097835540771484
3575-170457-0052.wav,1.4361140727996826,0.8714411390777524,2.8541848440574573,1.930660331679392,2.095032386380597,-1.54669794511642,8.290801048278809
237-134500-0005.wav,1.7782132625579834,0.8581369203677659,2.962592541505535,2.12518534480654,2.2898936151968274,0.3476754519861086,8.859216690063477
4970-29095-0022.wav,2.9250073432922363,0.9098870945743824,3.89335454583575,3.312332960180244,3.382392911430738,8.27454022509398,15.92989730834961
237-126133-0025.wav,2.621497869491577,0.948154857609086,3.925334901739826,3.165111357374488,3.272042986918381,7.050944480739713,13.010955810546877
7021-85628-0011.wav,1.2587356567382812,0.7990093068801898,2.804796001481485,1.6821831625528465,1.965678513670563,-3.4748375861679506,3.416486978530884
61-70968-0044.wav,1.6209533214569092,0.9239351122734718,3.1781064413332727,2.3494183307846264,2.3701507233821544,2.7898903568942464,9.371803283691406
237-126133-0006.wav,1.8921527862548828,0.9112982981475034,2.832544708090379,2.350835170331284,2.2917663777286723,2.666399756670952,14.050878524780272
1580-141084-0010.wav,2.7826831340789795,0.9780436560250342,4.238544313265523,3.349987363691805,3.516549956589546,8.442200251863923,20.358154296875
2300-131720-0032.wav,1.3620878458023071,0.8466649175648208,2.257075444591988,1.866030811079341,1.757098033877995,-1.8589133582886388,1.7136143445968628
3575-170457-0028.wav,1.832188963890076,0.8538228542642652,2.9468336176576706,2.2969757280862706,2.2760981001833325,4.1281872900586745,14.642786026000977
908-31957-0006.wav,1.9045259952545168,0.8965781951078792,3.1483225120773977,2.3521725796272035,2.448286989993578,2.89551569745247,7.57371187210083
61-70970-0026.wav,3.3462884426116943,0.9886680392295636,4.879986948177429,3.896650404608261,4.145039341657824,11.753764179002406,17.145877838134766
672-122797-0045.wav,1.1903536319732666,0.7627722650326278,2.458739307947684,1.7506434113049083,1.7664836384607567,-2.2007991066830352,1.7390061616897583
1995-1826-0026.wav,1.6823832988739014,0.8756036939517485,2.90998610601574,1.9815445768657625,2.192886531193162,-0.2165204526499216,3.302302360534668
5639-40744-0028.wav,2.3152458667755127,0.962826164855384,3.33117738936937,2.694594422082415,2.7533609278382647,4.919702279127493,12.138956069946287
3575-170457-0038.wav,2.1097748279571533,0.8569024813181574,3.4945611530023326,2.976906666634511,2.764563586024211,9.476640596128783,16.213743209838867
260-123288-0002.wav,1.4871068000793457,0.8444294531949342,2.811356734229521,1.9218403327807672,2.0944211315750434,-1.851061666818132,7.5492424964904785
237-134500-0008.wav,1.2280678749084473,0.8925139468991627,2.928126140254617,2.157314951639936,2.0294877594770213,3.509644461835253,5.9536309242248535
672-122797-0073.wav,1.5941002368927002,0.8909498514466395,3.0103982290570377,2.262435534296634,2.2626154592959877,2.076840359838343,2.55098819732666
3575-170457-0056.wav,3.567702293395996,0.9793188965304016,4.729512465739636,4.0671145910647954,4.158136460543363,13.829868555300092,17.682954788208008
4992-23283-0012.wav,1.4640637636184692,0.8260634195787184,2.6230996771433563,1.9001317594229488,1.9654281170390884,-0.977226928635598,3.4423460960388184
8555-284447-0007.wav,2.2506215572357178,0.8557972430188069,3.653351503804375,2.690189199901899,2.923108696742951,3.486251656518556,6.295437812805176
3575-170457-0051.wav,3.3916354179382324,0.9861344091583708,4.766521950346326,3.9599804952228825,4.099550433311965,12.94059889525059,16.849853515625
61-70968-0003.wav,2.3223562240600586,0.9791678418468726,3.858058992456429,3.070086562684911,3.0857670899899383,7.889189788914453,10.598098754882812
260-123286-0008.wav,1.4688879251480105,0.8597352842065685,2.5393689236735866,1.8064914961885912,1.9262429850556133,-2.501979608192013,4.807518005371094
2094-142345-0003.wav,1.5557003021240234,0.9142765142348656,3.0492989910682,2.123878476261134,2.2656806811431296,0.0322917690245524,4.937876224517822
61-70968-0029.wav,2.456017017364502,0.9795235641658556,4.2133477826476105,3.150337261929751,3.3438762969923066,7.539373255052861,12.442952156066896
3575-170457-0014.wav,3.3331398963928223,0.9789823519774088,4.594063537675553,3.8679757857238055,3.965185236845487,12.761892418712709,16.42377281188965
1580-141084-0021.wav,1.7705070972442627,0.8722772162022361,3.024716557878175,2.0041277033932463,2.3301881782499674,-2.100282390693059,8.59199047088623
1995-1836-0007.wav,2.0701844692230225,0.9516652774669998,3.1763027357147413,1.8981747709908612,2.4357113579546263,-0.7146130850759854,4.790891170501709
1580-141083-0053.wav,3.0374321937561035,0.9387810387481916,4.17120974956953,3.2303322440030264,3.5709817692969628,6.403429655931302,13.697129249572754
7176-92135-0039.wav,2.099062204360962,0.977557956889135,3.3275450369569977,2.756167390582576,2.674263795005393,6.132900371905701,11.365121841430664
237-126133-0018.wav,2.1940717697143555,0.9180751320102162,3.2313552779405947,2.3737356572207746,2.678625506582372,-0.8454027820941481,9.942272186279297
6930-75918-0001.wav,1.1889359951019287,0.8121102525393282,2.608687494029033,2.055692639946306,1.8725997143417972,1.2323298377514695,1.6764293909072876
4992-41806-0001.wav,2.826212882995605,0.9689280704756668,3.735845349267779,3.082226839351572,3.199681939840607,7.770720215725157,14.96366024017334
8455-210777-0020.wav,1.4470698833465576,0.9772397193551796,2.342537569560686,2.421158668831787,1.8747925714413851,4.886590781665197,14.582818984985352
7127-75946-0025.wav,1.3541213274002075,0.7079411059387438,2.778771992186506,1.9224896454804417,2.018608420310598,-1.1645547636534197,4.024447441101074
4970-29093-0017.wav,1.2800514698028564,0.8487517439006114,1.867990647351208,1.5096485635406005,1.3898915952333637,-1.0694403304275293,3.88779616355896
6930-81414-0018.wav,2.366035223007202,0.8859006828158146,3.690099673860381,2.871996605752564,2.9692521731017782,6.836735128983599,12.57408046722412
2094-142345-0024.wav,1.553429365158081,0.8846802801291712,2.709181885971704,2.2724582377699933,2.0257813822176822,5.47093338464688,5.188996315002441
4446-2273-0028.wav,1.9553487300872805,0.9609136175612664,3.545916464682757,2.2833732164613827,2.7352134850172964,-1.376891804651241,12.445789337158203
2300-131720-0013.wav,1.3681654930114746,0.8715270936269827,2.438945649407775,1.7605782577984248,1.8002465747823866,-1.3576947443014236,0.9134128093719482
7176-92135-0044.wav,2.254083633422852,0.9746195192016452,3.862614290619925,3.03764154943638,3.061674252990217,7.534617323308843,10.560832977294922
8224-274384-0011.wav,2.2379491329193115,0.9583885635430508,3.669473208165484,2.9466310608745188,2.932941511686084,7.2911702324045615,10.359918594360352
5142-36377-0001.wav,1.2705323696136477,0.8470320111485129,2.3056369161974724,1.8209943894815623,1.7280117576577745,-1.5699680114198409,6.272793292999268
1284-1180-0027.wav,2.325724601745605,0.906720510098529,3.729128822917572,2.674020860576245,2.9955857404038886,2.798652691503721,4.611808300018311
7127-75946-0006.wav,2.0286216735839844,0.9470791966355194,3.694611239595461,2.8826567265023137,2.844532933665056,7.653045300725032,8.74407958984375
6829-68769-0016.wav,3.3529090881347656,0.9895798221045272,4.284713187724153,3.4844368472078235,3.7723111171647408,8.6799334066925,17.01689910888672
5639-40744-0027.wav,1.0853965282440186,0.8091934406383473,1.0,1.558643973323517,1.0,-2.932134174829061,4.664104461669922
4446-2271-0011.wav,1.8398479223251345,0.8705011763198629,2.871095223059242,2.4934895435778497,2.332148978080708,3.2298166075313746,10.696344375610352
3729-6852-0045.wav,1.909984111785889,0.9173600240444646,2.9339218203454083,2.325135932876561,2.289136353907989,4.85821660103197,6.259049892425537
2094-142345-0043.wav,2.0161004066467285,0.8537386140215887,3.5904398864373475,2.822884674617383,2.772507955627508,7.410366622081863,7.943163394927978
7127-75947-0036.wav,2.603286027908325,0.9164550447910096,3.956698201363495,2.4310054136027324,3.2432904264392755,-2.914161016644265,10.846872329711914
61-70968-0000.wav,1.764794945716858,0.962742602321127,3.617610484410887,2.4657053810271785,2.673230001718625,3.0262091172962635,7.175821304321289
1089-134691-0013.wav,3.531836986541748,0.9859978666885604,4.772811068423258,3.874050235048072,4.18699585096782,9.917229050744975,14.116357803344728
672-122797-0002.wav,2.601112127304077,0.9655472398579176,3.9654495509147902,3.1166730989509537,3.273467831154685,6.799844023086496,8.0679931640625
5142-33396-0008.wav,2.1082777976989746,0.9418024248232596,3.2589643215273525,2.2568523656111315,2.633806758619163,-1.3785858089166052,9.468844413757324
2094-142345-0053.wav,2.3926515579223637,0.9371370577775556,3.9281021882634177,2.831397270933698,3.1417280977635045,4.201001542523195,12.349924087524414
1320-122612-0012.wav,2.151397466659546,0.9560220268232176,3.5975717447525506,2.7712155905867126,2.8575532952791884,4.983140208734733,4.239838600158691
1284-1181-0007.wav,3.4048714637756348,0.97723046906189,4.500777192164441,3.6152080833449887,3.945283460007513,8.633147096849887,13.077445030212402
2830-3980-0065.wav,1.580998182296753,0.8230457136458788,3.0543276292231805,1.94682562398993,2.249280376312956,-1.57435603853534,6.3666863441467285
6829-68771-0006.wav,2.1550967693328857,0.9425867064912344,3.8570987805635606,2.6798228142570326,3.001277876422209,2.943804297234976,6.344780921936035
3729-6852-0038.wav,1.960402011871338,0.9183518778644963,3.078020254580951,2.3767333893583595,2.3704654406120103,5.9921131139530495,12.522788047790527
8555-284447-0013.wav,2.579907178878784,0.9423194010016446,3.782667075185338,3.3050537746841178,3.159671621731334,10.485836088056338,18.52398109436035
121-127105-0003.wav,2.5388357639312744,0.9086117057436488,3.635507688250791,2.4813412939158344,3.0606204849434127,-2.0531120491727566,5.160972595214844
1580-141084-0027.wav,1.843111991882324,0.8717033785200837,3.0329554267775247,2.214052068932495,2.3309586129168745,2.442982455205988,11.062267303466797
4507-16021-0001.wav,2.33835768699646,0.9482523870658988,3.5183187447253736,2.67490528523943,2.8436347236580577,5.071243960813534,15.22523021697998
6930-76324-0002.wav,2.4103262424468994,0.9312871381650109,3.787562391453667,3.159933088939429,3.1053429003820487,8.197099125323074,10.686912536621094
4446-2271-0019.wav,1.1979362964630127,0.6388946896215382,1.8406701111371544,1.3209104684333552,1.3836832312575147,-5.594572987500375,5.121206283569336
8555-284447-0011.wav,2.09270453453064,0.95671956908223,3.230463366977555,2.157770992243791,2.5208978931893675,1.170223868737472,7.438337802886963
6829-68769-0011.wav,3.0563299655914307,0.9800955827804604,4.506351194803887,3.463764387034465,3.7895951806182895,8.100992920180685,13.066774368286133
121-121726-0006.wav,4.093292236328125,0.9809159201893218,4.219985202728338,3.843200691644064,4.154529602238313,6.970155139565838,18.5078067779541
672-122797-0006.wav,1.3469598293304443,0.7633829848497892,2.8767898319618577,1.963729174448207,2.054288502428616,-0.0381894959094812,4.874786853790283
2830-3980-0066.wav,1.7607834339141846,0.8970803539956606,3.088008359799659,2.366230513635621,2.364895725172865,3.3631543683749823,8.601713180541992
7729-102255-0001.wav,3.08148193359375,0.9724594362954316,4.564493120694626,3.692630859327397,3.853154829234968,10.576783231028196,15.576271057128906
2961-961-0015.wav,2.1319563388824463,0.9612042932987932,3.25461451338077,2.8464172968207824,2.6650870537731577,6.8531987619534895,12.751022338867188
1089-134691-0014.wav,1.8169608116149905,0.8824463785953691,2.850897033909611,2.21276570905372,2.319777260766044,-1.4593733527206691,8.738872528076172
2300-131720-0036.wav,1.3696991205215454,0.7643777571738811,2.2826975644377616,2.0142426474257022,1.7922460559271465,-0.3816445160667592,1.3120501041412354
7176-92135-0031.wav,2.642848491668701,0.9843782412846458,4.101587381521973,3.209203286823485,3.3899447694012914,6.733087845892904,10.278604507446287
61-70968-0010.wav,2.2679436206817627,0.9615594698170556,3.9601633774726497,3.1277513228682405,3.11497586135104,8.9582320668897,13.815650939941406
2830-3980-0001.wav,1.9011086225509644,0.9513875652568308,3.601778448897238,2.304219191683428,2.744177593366913,-1.0115333912501772,7.493808269500732
908-157963-0030.wav,1.9287642240524288,0.8948066509224193,3.279909323257327,2.4424160888989954,2.575050659080856,1.982929226537544,7.807865142822266
8463-294825-0014.wav,3.5487754344940186,0.9817599943080638,4.897393582212608,3.875022014495775,4.2319653005078415,10.930835937253168,20.961658477783203
5683-32865-0001.wav,2.548805952072144,0.9609522050957774,3.564236871725079,3.1369320024483334,3.0312607051319658,8.230393174863345,13.693594932556152
121-123859-0002.wav,2.197791337966919,0.9170904370394968,3.5811211081616925,2.304024865835814,2.8463155449556767,-1.6179192588939224,8.469640731811523
1995-1837-0002.wav,1.464963674545288,0.7518055856381848,3.00545343545503,2.124557873409904,2.184879327253353,1.3116162228248671,2.8770031929016118
7127-75946-0016.wav,2.3163809776306152,0.9110364807751722,3.6851739663040894,2.5416029756843552,2.935250886125181,2.254492948906357,6.3821120262146
2961-960-0007.wav,1.4385435581207275,0.8624293634888427,2.534651527228123,2.48774666216095,1.958689503699596,6.333734652459932,11.682868003845217
5683-32865-0012.wav,1.8675298690795896,0.9097487972327236,3.242078941040168,2.136284056989627,2.508293457551958,-1.662141192633517,7.695362091064453
8555-292519-0008.wav,1.0981894731521606,0.4862063983107476,1.0,1.1938393928329616,1.0,-1.1043893672464185,-0.2908826172351837
1284-134647-0006.wav,1.669605016708374,0.8057934024486437,3.0457260197117515,2.477539519376065,2.315784461582535,5.030060395518386,7.852117538452148
1995-1837-0019.wav,1.8879953622817995,0.8537152509293354,3.0861040299096474,2.7376948634076315,2.451934360767375,7.247876937962471,12.065067291259766
3575-170457-0049.wav,1.6279902458190918,0.8604252791023848,2.889069297943116,2.0584852778551146,2.2061129394663777,-0.8339880628310562,8.230596542358398
6930-76324-0005.wav,1.883725643157959,0.8992254909034809,3.3299897588013083,2.427541715080385,2.588051582112097,1.6115971447174804,6.348137378692627
1284-1181-0010.wav,2.2983322143554688,0.9278832394236494,3.763149169590221,2.9258776399058197,3.011995355090728,6.41759806479488,8.613195419311523
2094-142345-0001.wav,2.4107935428619385,0.9583352769769812,3.879438320499206,2.906774070176474,3.1092087683564738,6.029376578246877,6.867103099822998
8463-294825-0018.wav,2.8466031551361084,0.9639129867024548,3.999356713031187,2.481521734753261,3.348854668784481,-2.2609261147425297,8.589400291442871
1089-134691-0008.wav,2.3782246112823486,0.9368617344461724,3.9339706854824974,2.826452737730022,3.149356951067247,3.703535289887375,6.452502250671387
8463-294828-0001.wav,2.6985280513763428,0.9464983264421224,4.235356785171332,3.266195418330801,3.477681324026848,7.521009922516676,14.624536514282228
5639-40744-0034.wav,2.9841015338897705,0.985323320997346,4.224942811036756,3.4166947740864484,3.596152084501893,8.648666377045148,7.31812858581543
260-123286-0026.wav,1.251722812652588,0.805074712367646,2.572716377467226,1.732961433662242,1.858945903059923,-3.1568727642889223,2.828983783721924
237-134500-0011.wav,3.1293511390686035,0.928198877803909,4.260968317875629,3.1837619282399,3.6852788699270023,3.943747871025467,14.72905731201172
4507-16021-0054.wav,2.3136467933654785,0.911651653993527,3.4206572705173173,2.766333058986953,2.786921693884398,6.517932790007157,14.474764823913574
4446-2275-0037.wav,2.4657320976257324,0.9814451557283496,3.791717836210124,3.168926075192972,3.1076325243429137,9.142368979731277,18.29534912109375
8555-292519-0013.wav,1.4733729362487793,0.8074418315855243,2.221245481354944,1.4501970803015949,1.6729188070808274,-3.904520882513645,-1.6794071197509766
8230-279154-0025.wav,1.8572115898132324,0.8797717837039263,3.1181428276472096,2.173562928951728,2.43607961625141,-0.7570028459060578,1.2513238191604614
8230-279154-0020.wav,2.170586347579956,0.9147276673289536,3.4396502524993617,2.5337550193379808,2.7632280249962764,2.1891042912050467,3.404052734375
8463-294828-0027.wav,2.3038668632507324,0.9697883468577824,3.930736149628914,3.040214745475567,3.1116385373839184,7.597354147388859,12.376684188842772
2830-3980-0067.wav,1.6084835529327393,0.8491435135065462,3.02542379340171,2.0406296495352434,2.253620316184144,-0.507298480479609,5.098334312438965
1580-141083-0025.wav,2.2287511825561523,0.9242919419923756,3.79450324033629,2.7342478429470143,2.9889359303336738,4.059064854773072,12.751401901245115
6930-81414-0016.wav,1.5260883569717407,0.9116830820041514,3.1414050949089614,2.474970654202127,2.30161205320504,5.6071354879354205,8.528878211975098
8555-284447-0012.wav,3.2790493965148926,0.9650487389055912,4.321739024427591,3.282725461297382,3.7545297139031457,5.9904400376532285,15.406718254089355
3575-170457-0045.wav,2.385974884033203,0.9550440094520803,3.768019994126454,2.4846625425759434,3.050396026847441,-0.8860052342948812,13.212308883666992
4992-41806-0004.wav,2.5983872413635254,0.9801861076304416,3.766114074796157,2.7024618055672924,3.103276422606556,3.3136582078197945,12.680992126464844
4446-2271-0012.wav,2.041815280914306,0.949546112224388,3.213536122712662,2.8001968058425795,2.5893541617839086,7.23416355714275,12.65175724029541
7127-75946-0020.wav,2.4698526859283447,0.9321368206546312,4.179504336891975,3.4358778709744637,3.3363805076485225,11.862933246675093,11.750528335571287
4446-2275-0007.wav,1.5359677076339722,0.8594167973786411,3.15421052588086,2.0178311239624547,2.289577796877229,-0.6932609812613042,6.472337245941162
6829-68771-0032.wav,1.764357566833496,0.918149983674852,3.2314470519742864,2.402103477103844,2.4640850689943936,2.759309615752322,8.111652374267578
4446-2275-0017.wav,2.967790365219116,0.9738554025082804,4.399789367817887,3.3944573965542624,3.682549273314647,8.083046535637864,13.169256210327148
6930-75918-0009.wav,3.598341703414917,0.9683705364601874,4.869413137251346,4.114515371549386,4.252891190813226,13.923631724665729,18.120040893554688
2830-3980-0040.wav,1.5760185718536377,0.833349428370642,3.1167609842669366,1.9794989180600604,2.268331435709124,-0.5994154168954493,6.58827018737793
61-70970-0023.wav,1.5093318223953247,0.873116862174036,2.913037974085729,2.2695656594483213,2.158754569477715,3.388863369406182,10.299819946289062
1580-141084-0031.wav,3.6952521800994873,0.9817334451154583,5.0,4.147369023852296,4.43247360706274,13.003095687266846,20.432392120361328
7021-85628-0013.wav,2.9944210052490234,0.986625834625568,4.459169299173116,3.474256226310925,3.726698780339301,9.096695907413256,14.91617202758789
1221-135767-0024.wav,2.0472567081451416,0.89324518837064,3.7033922768857104,2.415726606592344,2.86071743537881,-0.0059078195567961,6.549090385437012
1320-122617-0026.wav,1.767202377319336,0.8689990182394565,2.793629086719797,2.049835412626247,2.199844298264713,-0.7463964164717628,-2.1713201999664307
8455-210777-0003.wav,1.6537840366363523,0.9206440424984514,3.0439976566898013,2.535726226924051,2.318832723692335,5.549513908017399,9.702810287475586
2961-960-0012.wav,1.8294832706451416,0.9480664739411384,2.777021435292334,2.612691817301223,2.249649123725466,6.542495748756687,13.774262428283691
4507-16021-0027.wav,1.049297332763672,0.2116752154472469,1.0,1.0,1.0,-4.59110203531926,-7.479060173034668
4507-16021-0022.wav,1.4068291187286377,0.7483505727465644,1.8314725091203232,1.5086521464823135,1.367268969494233,0.969593536128524,3.740086555480957
8224-274381-0015.wav,2.2672739028930664,0.9153877664945184,3.069496710748996,2.650209041982449,2.633220458076412,3.068440356701964,3.16774582862854
3575-170457-0000.wav,3.6026408672332764,0.98814546151226,4.891694332872806,4.113476785201131,4.261429104903183,14.082463067230206,16.999174118041992
6930-76324-0013.wav,1.3722262382507324,0.8318586830642511,2.8560098960114058,1.9061486768723248,2.063004150827474,-1.421286593826664,8.233514785766602
4992-41806-0007.wav,1.858715295791626,0.8977191863314105,2.6609185672890607,2.066640214854721,2.1333779551514183,0.881117072638938,10.108894348144531
3570-5695-0015.wav,1.9990429878234863,0.9444725361899092,3.5568590572798064,2.866619018276596,2.76300975561203,7.536790081896375,8.456375122070312
3729-6852-0037.wav,2.332441568374634,0.972038164418382,3.116599756649409,2.793203227982831,2.5796200510132827,9.68781385131176,16.12837791442871
4992-41806-0006.wav,1.491957664489746,0.8308168507112454,1.892809674385068,1.6073111057991192,1.5534843610490752,-3.0761382150438648,7.922396183013916
260-123286-0027.wav,1.5555384159088137,0.8840668180597337,3.0963909138983774,2.3437037493562203,2.287084267970056,3.608558593076754,8.820070266723633
1320-122617-0033.wav,1.9892573356628416,0.8974995244930539,3.0921785213700868,2.238896085676987,2.4632220367066395,0.4508807858809089,-0.0744312107563018
1580-141083-0051.wav,2.7227139472961426,0.9798445024124056,4.045858668056583,3.535946710532388,3.384867817485112,12.09237167642096,16.659236907958984
3729-6852-0010.wav,2.048093795776367,0.7982890704095563,3.043419233460237,1.7961960996295852,2.3545650658968578,-1.9951004661395877,8.39658260345459
1320-122617-0001.wav,1.388352632522583,0.8222296909348158,2.747331253022284,1.909946319187297,2.0172526920826344,-1.491317610965297,-1.727211594581604
7021-85628-0002.wav,2.2033190727233887,0.9672225303955888,3.6466159047462,2.7280160016922017,2.899987323166084,4.264220984497766,10.364827156066896
672-122797-0025.wav,2.8923563957214355,0.9549733471306948,4.05136353635648,3.2436557117938447,3.4574683265832418,6.861927603031942,11.414557456970217
1320-122617-0037.wav,1.6857354640960691,0.8330847757330068,2.940275987690068,1.894079586674835,2.228364161684806,-2.4547896442376893,0.4915529489517212
1995-1826-0003.wav,2.981448173522949,0.9655568437918396,4.392542555741128,3.238232543722187,3.684515784790392,5.558013101771382,12.781715393066406
5683-32866-0018.wav,2.755671977996826,0.9653270484290196,4.024651314600185,3.2749176776629785,3.3459454165960185,9.682218532580974,17.752534866333008
4992-41797-0018.wav,3.023338556289673,0.9857833667380478,4.220570694369028,3.495292754883374,3.591479470247919,10.581530611394095,15.826812744140623
908-31957-0004.wav,1.408584713935852,0.7960091727983244,2.184129457347036,1.5279052778336912,1.6211406475690944,-2.1532948954258453,-0.4993696510791778
2961-961-0005.wav,2.2373263835906982,0.9681046824257734,3.024785932347131,2.3747341438861427,2.5390768198352887,1.424473230764858,9.19294548034668
1995-1826-0023.wav,2.077894449234009,0.9511051234538738,3.218795694711087,2.7764319820936687,2.554231487035488,9.04867667731516,14.68238925933838
8455-210777-0063.wav,2.4024646282196045,0.9882028314611436,3.360139902206345,2.876340655146854,2.8209134909835845,6.741903450475069,13.803035736083984
7176-92135-0004.wav,1.0880341529846191,0.7328628242637147,1.0,1.0122228609778072,1.0,-3.1794800950882336,-0.6013097763061523
6829-68771-0009.wav,2.619077682495117,0.9634981151595834,4.144700438187013,2.9886891266729627,3.379800269674834,4.276462747238194,3.633931636810303
1580-141083-0024.wav,3.2880873680114746,0.9249320399505968,4.525305629618613,3.4887969731160693,3.877589662564701,8.43470198866058,16.751590728759766
61-70968-0050.wav,2.5521950721740723,0.9759804152397666,4.229820307182743,3.3037203832731614,3.40016725547584,9.265082727283684,14.742908477783203
7176-92135-0001.wav,2.0629587173461914,0.9640732700983162,3.503750236700601,2.1841284352027825,2.748968506851769,-2.904959027554475,5.46112585067749
1221-135767-0008.wav,1.7731008529663086,0.8857596398257847,3.290673542322424,2.44267972775118,2.477801662262614,4.2256145496842334,10.276875495910645
1995-1836-0013.wav,2.8672444820404053,0.9333588840609188,3.813560276242075,3.400910361981597,3.3346934032599687,9.185976537445535,12.404216766357422
2961-960-0006.wav,1.3517086505889893,0.8616781075349169,2.5827704310577784,2.41357064429242,1.9399667476531623,5.763045525854663,10.103033065795898
3570-5695-0009.wav,2.275251626968384,0.9037499557795492,3.423805150110478,2.3828514915108703,2.819086501918553,-1.4801303299912405,5.672463417053223
1089-134686-0008.wav,1.5915148258209229,0.853213998426672,3.0914647631840317,2.2572575222490405,2.2980272295903825,2.17371582445889,4.714725017547607
1284-1180-0010.wav,2.9854660034179688,0.9666064992324324,4.360809560912869,3.4060962896651485,3.680430072123513,7.765768573125892,12.374298095703123
5142-33396-0066.wav,3.484867572784424,0.9856595095575938,4.299376323573823,3.991289266327239,3.874814645582837,14.465093397593972,17.480571746826172
4970-29095-0023.wav,1.5359086990356443,0.8343815952367886,2.580232764767969,1.8220284592755336,1.979317164989821,-2.715332205790016,7.197140693664551
2830-3980-0060.wav,1.4510806798934937,0.8771888189953974,2.8402989395936955,2.209803597713482,2.0906243387750942,2.993373729810389,9.73188018798828
1995-1837-0027.wav,3.085978746414185,0.960491438075722,4.239532973492063,3.5009609410553644,3.665954405705345,8.724272263618715,12.081609725952148
4970-29093-0022.wav,3.946531057357788,0.9410010905821664,5.0,3.8995068883106976,4.506286600930179,8.5850992376214,15.502424240112305
1580-141084-0004.wav,1.2931081056594849,0.6887503991119908,2.826160243005112,1.948691895690834,2.020312200138919,-0.6793586872088724,7.525086402893066
6829-68769-0042.wav,2.9813146591186523,0.973180114243564,4.079311223078676,2.916395948717561,3.494712141040827,1.9432996493347336,12.41501808166504
237-126133-0017.wav,2.189247369766236,0.9580734955865776,3.5751165645512506,2.84743046552743,2.872371678672458,5.602659264666249,16.696718215942383
5142-36377-0021.wav,1.6590759754180908,0.9629160803817386,3.083930122385027,2.970390388309483,2.372949741896845,11.01760317042448,3.866037368774414
6829-68769-0033.wav,1.9287822246551516,0.9059810313614116,3.5951322968997426,2.099675214042997,2.717322270990288,-2.8150198727798297,4.329803943634033
260-123440-0008.wav,1.6838313341140747,0.9471729156161895,2.78572821041162,2.1524414758868717,2.1569777315128884,1.375423559468226,9.926825523376465
8555-284447-0004.wav,1.3950799703598022,0.8226616984251618,2.547986345659544,2.3026647032019456,1.9188694052050268,4.805476062989565,10.756721496582031
5683-32865-0009.wav,2.81095290184021,0.9712532011746784,4.161103390005718,3.552936642986936,3.467975003229546,12.520549810096249,17.946537017822266
4446-2275-0030.wav,2.2917792797088623,0.9386447364968304,3.974159397839636,2.446614124629074,3.116040801769235,-1.2441075203600855,8.682516098022461
8463-294825-0017.wav,2.0870392322540283,0.9656387140353954,3.550640774712296,2.388444575513018,2.7437122815259123,1.950740992383224,12.536319732666016
3570-5694-0015.wav,2.508639335632324,0.9687211306824296,3.834782551593546,3.1593411246859,3.1575657122174854,8.363365298938623,13.813215255737305
7127-75946-0000.wav,2.0237903594970703,0.9441805264376876,3.5802529270903007,2.8906697350237085,2.7832871194142,7.900818585615279,7.576570510864258
5639-40744-0000.wav,2.488278150558472,0.9413407471558476,3.385375474077601,2.1712984146219663,2.831348734742229,-3.097671965682676,9.095867156982422
1320-122617-0012.wav,1.2049694061279297,0.628729115390532,1.413519649678482,1.507683803615884,1.1346741955564068,-0.9198996836159324,-0.484546959400177
8555-292519-0000.wav,2.153543472290039,0.8788354923085749,2.978159794545838,2.734494748093404,2.4966084235781287,6.755575325627445,11.27723217010498
3570-5694-0002.wav,2.223568916320801,0.989316563872948,3.71079676832836,3.266136030452115,2.967113368492318,11.552184305912943,17.227460861206055
5683-32866-0024.wav,1.285660743713379,0.6435933376475733,2.172418173837809,1.7984851030923856,1.6588374059665694,-1.5781903359091616,5.93501615524292
7021-85628-0004.wav,1.2017085552215576,0.7445045597155775,1.5742645167778704,1.4188227559389952,1.253767460183774,-4.101411017534869,2.003145694732666
1089-134686-0025.wav,2.9865477085113525,0.978200191362053,4.387903617931373,3.250775465971369,3.6817961518770654,5.849998799154715,11.838783264160156
1221-135767-0007.wav,1.5348210334777832,0.9114758455003288,3.3586762417254423,2.5394942109852643,2.428368569922381,5.93769897699579,4.685393333435059
260-123288-0015.wav,2.076657772064209,0.952390105391322,3.408481580275463,2.240432332738892,2.703482685119208,-1.894867925519493,7.954535007476807
5683-32879-0002.wav,1.337639093399048,0.803411682675391,2.00584669666575,1.552201952194844,1.5145002907983027,-2.017693940690073,5.77617073059082
4507-16021-0039.wav,2.074715137481689,0.887686833719496,3.36282256215864,2.7570404908790995,2.684975811879464,6.091216717487574,10.622655868530272
6829-68771-0014.wav,2.226814985275269,0.9585451429011408,3.8044944069375632,3.046157631351366,3.0020896543563467,8.621117566714016,10.191534042358398
6829-68769-0001.wav,1.7279179096221924,0.9164567533413036,3.282116317719737,2.1202325956088863,2.4780280047970638,-1.752589074281854,11.237778663635254
8230-279154-0012.wav,1.7722164392471311,0.8438870514598558,3.2130369373271623,2.109063823502085,2.4434993641187583,-1.273502922715516,4.509303569793701
260-123286-0010.wav,2.179716825485229,0.9748390359260012,3.226534802170025,2.46745319788202,2.625573405910452,2.663469731308537,9.870041847229004
1284-1180-0031.wav,2.954976320266724,0.9702528533901672,4.374026834258952,3.611852655851447,3.678919909298206,10.941025582798828,14.146808624267578
61-70970-0010.wav,1.50840425491333,0.890439237794979,3.0929080134920497,2.014313256707852,2.2566330701633888,-1.0455975733108778,7.956071376800537
3575-170457-0012.wav,2.410292387008667,0.9511932284908776,3.518958861884886,2.543475881098172,2.90220754250483,1.4730653115685626,9.841510772705078
2094-142345-0004.wav,2.3113551139831543,0.8460955147284608,3.8483169382644737,2.8423514224665416,3.055891317851056,5.215788143103431,7.900135993957519
5142-33396-0048.wav,3.476884126663208,0.9715184064542132,4.53481760075268,4.038135897220156,4.011958430991806,14.210676854726929,19.572416305541992
2830-3980-0052.wav,1.609081506729126,0.7811046823645863,2.299993481167973,2.00558239216358,1.9279145124058592,-2.6077832953523186,5.95086145401001
2300-131720-0014.wav,1.9578323364257808,0.8879377666991615,3.156552787645559,2.246254030698368,2.5054304497944027,-0.3414675366302205,-0.1462864428758621
5142-36377-0008.wav,2.58315110206604,0.9627625707532614,3.9558033033868263,3.151961002438916,3.2562396895019523,7.644229290914199,10.762123107910156
8463-294828-0024.wav,2.1901957988739014,0.9640127895667296,3.4887183367313246,2.9779128741662424,2.8248503270549867,7.887395740573813,15.498537063598633
4970-29095-0035.wav,2.629610061645508,0.8864433263619795,3.798738441951744,2.3997364274537523,3.1665883214951744,-3.1080056852125946,6.389986038208008
2961-960-0008.wav,1.336196780204773,0.8097677456921715,2.3870084908495146,2.080221719678524,1.8015362604923464,2.051903053296709,3.4787609577178955
1188-133604-0040.wav,3.0997586250305176,0.93740106324588,4.372311250522029,3.418674570951368,3.729371571790231,7.736895504572216,13.741756439208984
2961-960-0017.wav,1.281021237373352,0.8280018476638233,2.43180703520831,2.347644655892556,1.818370122625889,5.728194628348259,9.77944564819336
5142-33396-0011.wav,2.366843938827514,0.9387036970069608,3.628555432352752,2.5464600163437687,2.981041233867721,-0.1872746751952916,13.067584037780762
1188-133604-0019.wav,2.0876495838165283,0.881251102868919,3.0115392299495145,2.610144770586578,2.533063586165077,2.941275570135362,10.513904571533203
237-134500-0006.wav,2.5347132682800293,0.9282841317295762,3.81578805883811,3.255891465737677,3.1662327926643368,9.47990979062688,14.280396461486816
61-70970-0020.wav,1.9952104091644287,0.9415781679423604,3.7578213158321216,2.845323527773603,2.854608119929219,7.512431828618223,13.990416526794434
260-123288-0020.wav,1.855999231338501,0.934594461894136,2.547069989871391,1.991467382741555,2.150350498272012,-3.595562966073466,8.588479995727539
2094-142345-0025.wav,1.940690040588379,0.9220795798945464,3.450899056603508,2.3873412897369515,2.634603562866227,2.4082463116696213,8.241065979003906
61-70968-0046.wav,2.2507896423339844,0.9739063852123288,3.965010578502064,2.972375933204055,3.103093276848853,6.870260228588342,11.735453605651855
5683-32879-0019.wav,2.898778915405273,0.9250430610995756,4.28078353526677,3.542884186340624,3.5712272608116598,11.723091623387598,17.632415771484375
2830-3980-0029.wav,1.497368335723877,0.7186923721735027,2.5698386642603883,1.8884002831424784,1.939215491036468,-0.6878728133280367,4.068940162658691
7176-92135-0027.wav,2.5334131717681885,0.9719728997128414,4.054601179246776,2.944854530199553,3.305770798270636,3.611218358485453,7.6927666664123535
2830-3980-0068.wav,1.7501256465911863,0.849838592672327,3.3468099511099774,2.481696238352143,2.485648374058581,5.393016309551561,11.004791259765623
8455-210777-0069.wav,1.8788917064666748,0.9774336434386864,3.176582416718478,2.9463043890932537,2.5297651004609194,8.980031659881867,14.752676010131836
1089-134691-0000.wav,1.362454533576965,0.8463326001647027,1.6093118817163354,1.4525666010745208,1.329299608763194,-3.768649918304469,4.528393268585205
61-70968-0014.wav,1.850216031074524,0.929554127058278,3.558914864975823,2.5217381507789525,2.694058348254213,2.9635436865688027,9.213845252990724
4446-2275-0028.wav,1.340277075767517,0.9205175781102812,3.299007533487737,2.524955839005526,2.3081530218803232,6.843223020583052,10.435169219970703
3575-170457-0006.wav,3.0358147621154785,0.9789804341140808,4.456097743589975,3.706000778673239,3.751911583092284,12.20386531296802,15.607782363891602
260-123440-0010.wav,2.533374547958374,0.9449313748358488,3.935501372805564,2.735650955856296,3.227774723402665,1.1154307937150396,15.890857696533203
5683-32879-0014.wav,2.8021836280822754,0.9318216814357314,4.0235514354003055,2.828239288556916,3.3704818843149544,2.168826015103301,12.028409957885742
5142-33396-0047.wav,1.7204840183258057,0.9543627663987758,2.9071938063527907,2.680717046481723,2.293943878329073,6.926341026763433,15.402750968933104
5105-28241-0006.wav,3.1787359714508057,0.970285210902512,4.54276017662728,3.750840200775128,3.875455037875071,11.467614800191331,15.04529094696045
1188-133604-0037.wav,1.7179887294769287,0.8942401734453488,3.168294931641129,2.1153321262183686,2.405528405313605,-1.2769291416487931,4.962061405181885
3729-6852-0023.wav,2.1095967292785645,0.9244714786597148,3.4664501015510494,2.484153362814525,2.6989378279493965,3.927694987947916,11.36771011352539
1320-122617-0034.wav,2.1413722038269043,0.8994351049517599,3.5071181716991444,2.452985224117066,2.763312590831465,1.9540751937707368,1.350149154663086
7729-102255-0003.wav,2.03767991065979,0.9273487830379528,3.2605104483764507,2.737203497343,2.621933110878588,5.768037017661974,9.701371192932127
8555-292519-0003.wav,1.3047702312469482,0.7312454088371549,1.9638591410975903,1.400530951917843,1.440448705681045,-2.5648873109157293,1.880465030670166
7127-75946-0002.wav,1.5247459411621094,0.8752140411109105,3.223714250144813,2.36614378505437,2.354305921056568,3.34282245268295,3.8254261016845694
237-126133-0019.wav,2.0545732975006104,0.9060556391926926,3.213305737212927,2.7394940744070184,2.6095162334247792,5.564300258328827,13.107183456420898
7176-88083-0015.wav,2.672483444213867,0.990844092026878,4.283105624567293,3.386426001194904,3.4958143504795887,9.295441329539836,12.637815475463867
1580-141083-0008.wav,1.952967882156372,0.8859815762718037,3.463168218380435,2.226135930407384,2.657049140832368,-0.6905245134584593,10.77907371520996
6930-76324-0011.wav,1.7922544479370115,0.8822272740567199,3.204071153509846,2.422171059771009,2.465710600290482,2.815071172853094,5.334099769592285
8555-284447-0018.wav,1.9762616157531736,0.8631147727302648,3.415380328709167,2.748896100966908,2.6605183785765543,6.748283828600203,9.340686798095703
4507-16021-0041.wav,2.99483585357666,0.9487261301203136,4.218975494072146,3.3602699539794765,3.569032959022528,8.97443556072316,17.301376342773438
5142-33396-0032.wav,2.5130176544189453,0.9412594666603116,3.659023586892973,2.5557876340435075,3.071105699650197,-1.1963850186013494,12.023117065429688
6829-68771-0023.wav,2.4369165897369385,0.9764632801487868,3.8143872843185855,2.572531109251977,3.077107448174641,1.095196165798118,14.461238861083984
5683-32866-0022.wav,2.6548714637756348,0.9776465821354984,3.7813523566253058,3.223027633447572,3.1768207722555357,9.498487108602934,16.157424926757812
260-123286-0025.wav,2.0491607189178467,0.9621719747563718,3.346831707073494,2.7923757136108924,2.6766304871631723,6.294567896478204,7.371931076049805
7176-88083-0021.wav,1.126181721687317,0.5660252224391563,1.511009156979981,1.0880506158624286,1.0576503747134556,-3.2050368175083648,-8.789697647094727
7021-85628-0012.wav,1.632697582244873,0.9064072957618836,3.0365246294494384,2.26290987013003,2.305156260911958,1.3486921471801894,6.149880409240723
6930-76324-0024.wav,1.2395793199539185,0.8147961188154016,2.569141331354387,2.2490439444646277,1.8806558080773663,3.821984852726982,4.857546806335449
1995-1837-0001.wav,2.07600998878479,0.9515794540631998,3.620460828266695,3.080710234045676,2.842288006340058,9.964858707757369,13.723793983459473
672-122797-0042.wav,1.4638036489486694,0.6445770895561735,2.630992986325292,1.779935620934065,1.9578771340667236,-2.383185185034065,2.0547263622283936
7176-92135-0040.wav,2.077641725540161,0.9531494124063296,3.3617030111391486,2.4771477349258686,2.68570520917532,1.6347013190911766,10.44753646850586
1320-122617-0028.wav,1.5866761207580566,0.8595268235269964,2.572210079914021,2.075263089347969,1.99885847532357,1.011716460724035,0.3771695494651794
61-70968-0009.wav,1.9865039587020876,0.9382805213093728,3.5488339785605723,2.8572082431784174,2.7371596498889508,8.166580328384553,10.820911407470703
7021-85628-0005.wav,1.6278717517852783,0.8918845436886478,3.1528064920640277,2.085151412108214,2.360248897162816,-1.4217642744207304,4.95888614654541
4077-13751-0006.wav,1.9344862699508667,0.8718348526486611,3.3152975709172745,2.331878609131853,2.561495562405553,1.6852810254642203,2.845266819000244
908-157963-0022.wav,1.8682693243026731,0.933100483166387,3.3700423148577947,2.4593210791501523,2.56108838277492,3.955452613267713,7.680736541748047
1089-134691-0015.wav,2.4069857597351074,0.7726804466954941,3.6853450161774175,2.8363985558994447,2.999824518070565,5.420838768419214,14.703914642333984
1580-141084-0050.wav,1.894519329071045,0.89409396949706,3.4420695821948195,2.1638997313688555,2.6105826455198184,-0.9505781738319504,10.242606163024902
1284-1181-0019.wav,1.5777952671051023,0.8676888228328511,3.153430081425862,2.387591752718538,2.357265242295512,2.789832640468497,4.767263889312744
7021-79740-0003.wav,1.3149659633636477,0.8988661913001006,2.559786125889928,2.247850142227221,1.904766698574221,3.640885577423455,7.300803184509277
61-70968-0023.wav,2.6912670135498047,0.9875442985808076,4.384969667976728,3.437045006322177,3.547242695159423,10.34153202697011,15.132855415344238
7729-102255-0016.wav,1.4017868041992188,0.7850056031726719,2.551193702247658,1.6910114631051365,1.887004125098494,-3.33070820237762,1.1056568622589111
5105-28233-0009.wav,2.069020748138428,0.9060467648339516,3.500560974356566,2.561196036907994,2.76070740309625,2.5819947432836177,9.905387878417969
4992-23283-0005.wav,2.5937960147857666,0.9536526156950674,3.840663638498108,3.057132668944065,3.190918723047772,6.648915518862723,10.877639770507812
1221-135767-0004.wav,1.1790740489959717,0.9269009465188078,3.2319183419709163,2.553476061816403,2.1987040787599845,8.283985749685305,5.226316928863525
4970-29095-0014.wav,1.4666849374771118,0.8709427026502102,2.7445089536825176,1.7543639697779587,2.020565243745746,-3.0202689340418853,5.964236259460449
3570-5696-0005.wav,1.6165707111358645,0.9492638973902288,3.181562000219771,2.4273236440444736,2.373348034580697,3.897113072737178,6.557599067687988
8455-210777-0014.wav,1.9173426628112795,0.961957646584782,3.4773916908595024,2.745154603120378,2.692270065158146,5.785578182652307,12.063905715942385
1188-133604-0030.wav,2.6652603149414062,0.9529687292653536,3.822900991891175,3.055658159749931,3.210306814757248,6.429625191551776,14.667863845825195
2300-131720-0010.wav,1.188509821891785,0.6404457815320795,2.206811773917124,1.6592097502933276,1.6019568734076437,-1.9531414337358723,-2.221534490585327
260-123286-0018.wav,1.9367612600326536,0.9361880125508696,3.1825913187614243,2.365551184910136,2.494182210191451,2.3096320008977806,8.38265609741211
5683-32866-0008.wav,2.496817350387573,0.9065696415392296,3.532604116466141,2.868083961320494,2.930955150008982,6.926661432272938,13.498931884765623
8455-210777-0019.wav,2.005519151687622,0.9653730045850902,3.4127590997535777,2.933475761840372,2.7046358171301663,8.105826344826342,13.38727569580078
4077-13751-0012.wav,1.3345847129821775,0.7731108140263518,2.291338163691069,1.6662156677104112,1.7069434115062825,-2.472914234559557,0.7671310901641846
8463-294828-0031.wav,2.500049352645874,0.9731580298605186,4.155367578499147,2.948604526589736,3.3308776907204347,4.2844599358921975,12.607478141784668
61-70968-0004.wav,1.5435142517089844,0.9295189030178952,3.192895153058606,2.4580417728346164,2.334627927274735,5.268045592313605,10.756855010986328
121-127105-0025.wav,2.623600721359253,0.9636548112992848,4.127077082146464,3.2964495729914787,3.3754097075501264,9.034957584086245,11.071741104125977
3729-6852-0012.wav,2.379479169845581,0.947292964925257,2.8664485890096816,1.8648417032237927,2.4069383366930523,-2.234205521251013,9.635242462158203
5683-32879-0022.wav,2.7048938274383545,0.9280535190031224,3.888658056809053,2.8569329388523808,3.241772916141375,3.911514952052835,15.912398338317873
5105-28233-0002.wav,1.819197654724121,0.8970430378819931,3.098533813815541,2.630656640797388,2.431349732787866,5.719646466841579,12.178190231323242
3729-6852-0009.wav,1.9754834175109863,0.9101755958618272,3.3684492273027367,2.68592132412548,2.6401542969328733,5.605650803820549,9.271668434143066
5142-33396-0058.wav,2.132700204849243,0.921012579765364,3.1133614540680323,2.247922123741904,2.576518673865465,-1.830197028897785,10.559210777282717
8455-210777-0016.wav,1.5294814109802246,0.9229008754651528,2.8646744532086093,2.312094648710967,2.170314437942028,2.789773163044775,9.192885398864746
8463-287645-0005.wav,2.0562994480133057,0.9213926674116014,3.441474440649899,2.7651840353822514,2.719471162121311,6.1548991480283615,9.885623931884766
6930-81414-0023.wav,1.0846248865127563,0.7530495239697078,1.6455497248614377,1.845841314681389,1.295197784602996,0.6974657988132011,-1.3104528188705444
7127-75947-0016.wav,2.759702444076538,0.9571592096726927,4.103405723824535,2.7231919659873847,3.421594161570705,-0.6227629304046612,10.559941291809082
908-31957-0003.wav,2.028505086898804,0.9335786938177698,3.514103541107953,2.394209591156341,2.717647366018185,1.5314891641513173,7.658830165863037
4992-41797-0005.wav,2.51181435585022,0.9380239153766252,3.5053007829954232,2.932415416161852,2.9278880992619056,7.70424079563731,15.29579257965088
260-123288-0008.wav,2.096574306488037,0.976304444473196,3.900592714246117,3.3570573211419954,3.0253922753125444,12.72659811832324,17.09624671936035
61-70968-0034.wav,2.1065289974212646,0.9207299390163652,3.64422459823054,2.3357452838475408,2.8217564989310664,0.0130180560804269,9.865842819213867
2094-142345-0049.wav,1.7640986442565918,0.8258828841285653,3.187382593077156,2.296227175727201,2.41395765157008,2.317502511690191,6.226834297180176
237-126133-0011.wav,2.799363851547241,0.9299847591674812,3.763314373909147,2.997812696361656,3.2387015144202955,4.920202467823082,12.692634582519531
7176-88083-0003.wav,2.1432392597198486,0.9425522970070528,3.575343982344541,2.91873019133796,2.8619208856250697,6.525314184572088,7.564492702484131
4507-16021-0003.wav,1.8382080793380735,0.9244086874988507,2.931697847861206,1.951918506121496,2.28156783997682,-1.8334709095482031,4.152176856994629
8463-294828-0032.wav,1.69071364402771,0.9462612374993792,3.130564109148989,2.3362761264644902,2.3854970884630493,1.8856461265237363,11.12238311767578
4970-29095-0036.wav,3.1392035484313965,0.9320795003914144,4.492342155973316,3.445567245510864,3.806664233010812,7.967998662878038,12.592358589172363
61-70968-0056.wav,2.023382663726806,0.9587813514825996,3.4770933369714085,2.903484006443233,2.732236328091145,8.085977630282843,14.008851051330566
5142-33396-0039.wav,3.260506153106689,0.991177794376954,4.299473007636832,3.0423973683641243,3.7845557397530274,0.0927998986235982,17.46521759033203
5639-40744-0025.wav,2.750651836395264,0.966988911376765,3.8771887509619,2.793860504661372,3.285153719066214,1.4184687318669678,6.711060523986816
7127-75946-0028.wav,2.1360113620758057,0.8674385283709103,3.384969085373112,2.9085630617303004,2.741614001617016,7.385080800963266,9.028550148010254
8230-279154-0017.wav,2.6601755619049072,0.9580597946263286,4.02260515378369,2.985655895575124,3.3208983532205854,4.749382866983408,7.173492908477783
1221-135767-0011.wav,1.3442707061767578,0.7625806447360807,2.7981279744508094,1.9267262713424955,2.0169259665298838,-0.7432677458934558,4.332245826721191
672-122797-0009.wav,1.4537389278411863,0.7731922896549429,2.564162987717343,2.198117294591929,1.910682962132322,4.721311812208033,11.341068267822266
8455-210777-0029.wav,2.7423760890960693,0.9644054091454572,3.724809171696437,2.896058757627267,3.1671364507763893,4.77852432173373,16.14780616760254
5105-28241-0005.wav,2.611891984939575,0.927860188929467,3.910501282564877,3.488965252180364,3.2755927992811333,11.569059134947793,16.154327392578125
8230-279154-0019.wav,1.5091878175735474,0.79049472171454,2.741376591288676,1.6145217106459904,2.0034939893422776,-3.933378076354754,-0.505963921546936
6829-68771-0001.wav,2.0936734676361084,0.9526283254671364,3.6363183134336072,2.615011525152629,2.8391058782491982,3.319617298297449,10.84565258026123
7176-92135-0018.wav,2.344241142272949,0.972584339256896,3.8281429409717114,2.9932773989306027,3.087765206893041,6.2469815579245855,9.270888328552246
6930-81414-0026.wav,3.115739583969116,0.9082955973420246,4.37358387541227,3.628437330275727,3.74964663086026,10.435358402983546,13.504761695861816
3570-5694-0005.wav,2.3627817630767822,0.959277842973654,3.407660786434945,2.2616453218596058,2.8228548523919934,-2.6407136789010157,10.6062650680542
8230-279154-0035.wav,1.3821680545806885,0.7037673602591051,2.2440070029170087,1.8625799908911915,1.761885020952736,-2.1166956172093183,2.3773319721221924
8463-294828-0002.wav,2.603700876235962,0.971811948744063,4.188393437944728,3.275678066229734,3.402537788143256,8.562468922365882,13.825663566589355
7127-75947-0031.wav,2.23340392112732,0.9554131105099528,3.661672222366394,2.911251530255197,2.925656016112545,6.812928222653532,16.02509307861328
908-157963-0005.wav,1.455593824386597,0.8067965521121766,2.902808629484986,1.79989383074938,2.1005124695997885,-2.5122566284121333,3.328410625457764
1089-134686-0030.wav,1.9167803525924685,0.966025005200616,3.226287117928821,2.587152058488784,2.576088723803577,2.883361062668992,12.651037216186523
8224-274384-0007.wav,2.244106769561768,0.9676112370927892,3.539915605869239,2.958635977625721,2.8757235290095924,7.252747082988877,13.169212341308594
8455-210777-0048.wav,2.059576988220215,0.9876442148872622,3.41529982000583,2.8334371438817594,2.709121196571678,7.168530735632304,13.592390060424805
1580-141084-0045.wav,2.242881298065185,0.9084745859644696,3.294161843141929,2.2442875207008486,2.7027969424896408,-1.8726332495462457,9.660116195678713
7729-102255-0023.wav,2.125252485275269,0.94374224758595,3.258288794751369,2.54036222845796,2.6661653548712665,1.9299371024195509,10.151076316833496
4992-41797-0001.wav,1.601430892944336,0.9324734467274256,2.424021285836776,2.384742580652504,1.939153324933046,5.522294557823851,11.958978652954102
2300-131720-0038.wav,2.9016265869140625,0.990852390057554,4.100684084831554,3.2685431023466958,3.5060316838508974,6.334448307628745,9.480037689208984
1320-122617-0002.wav,1.603398084640503,0.8411475440828813,2.84659524730215,1.8328134823708495,2.146450593838516,-3.0790945039038804,-1.92823338508606
5142-33396-0007.wav,2.2683427333831787,0.9499001358113492,3.3936060166502555,2.507833958539312,2.796829536841697,0.7210081521299263,15.062294006347656
6829-68769-0019.wav,2.498010635375977,0.9691723608199804,3.99249453218993,3.335062858315027,3.253217017868413,10.239903516670289,15.20296573638916
7729-102255-0035.wav,3.3051888942718506,0.9723388821010976,4.679436364987013,3.706835071356269,4.018736812870739,9.30646601203294,13.51821517944336
7021-85628-0009.wav,1.7033202648162842,0.879474526492678,3.192897925549828,2.0202731880305542,2.410078386019988,-2.661964337440118,4.42625904083252
7021-79740-0007.wav,2.276686429977417,0.9629927552056554,3.534281329469586,2.5143704537231404,2.849592981184609,1.7063343334769143,9.55902099609375
5639-40744-0003.wav,2.475886106491089,0.949638130513532,3.5367227759784967,2.698796626810233,2.942858207482393,3.4985414514193645,6.176037788391113
3575-170457-0002.wav,3.2144479751586914,0.9778020911914548,4.240418849263159,3.724012515448032,3.69254370672609,12.996180606182923,18.82454490661621
908-31957-0007.wav,1.6058796644210815,0.8086695701847083,2.696522256498251,1.9249451454326636,2.092767949411569,-2.5050715883253742,6.603283882141113
6930-76324-0007.wav,2.669752597808838,0.9100360918810612,3.885543195294799,2.942858300432412,3.26346663172004,3.736113261737348,4.548072338104248
1995-1836-0003.wav,2.281507968902588,0.934440835457384,3.746391986914552,2.848703660425001,3.001337143371884,5.048185802887271,5.993544578552246
8463-294828-0013.wav,2.5890188217163086,0.9710381716502424,4.101412658463523,3.2668053617055945,3.347141210518008,8.740265297031987,16.39651107788086
1089-134686-0021.wav,1.9298830032348635,0.8619379245931733,3.302211026464927,2.169416669722013,2.583405579559752,-2.21319354581448,5.694013595581055
1320-122612-0001.wav,1.6295846700668335,0.8598586396455533,2.8711516705451943,2.153557848956486,2.2029894776399,0.443293898764801,0.6488394737243652
1995-1826-0011.wav,2.7647063732147217,0.9713118603521116,4.1332929106008045,3.354564763951089,3.445759969022354,9.06286853189692,14.45083999633789
4446-2275-0031.wav,3.2015573978424072,0.974048260131972,4.521347361594455,3.6155113876972846,3.861082606255138,9.817937033146729,13.30174446105957
8463-287645-0011.wav,2.3189239501953125,0.834578523810833,3.749872709063552,2.3865519373852475,2.9879464779013007,-1.0727136234338797,7.408084392547607
1320-122617-0011.wav,2.045615196228028,0.8964496870729755,3.385318090832629,2.3289540256398915,2.669211212840084,0.0572914207252981,-1.281566858291626
5683-32866-0004.wav,3.1036911010742188,0.9504482369158828,4.270004062004257,3.373034338524471,3.661386994813317,7.822610451949627,12.036088943481444
2300-131720-0005.wav,2.889714479446411,0.973614718569432,3.997215966770796,3.162938277312198,3.4295071824884555,5.586857743963735,9.37189769744873
121-121726-0008.wav,3.596245050430298,0.9639588436443984,3.070677183504157,2.764095377445668,3.287538203661396,-4.442563005557732,10.250261306762695
6930-75918-0000.wav,2.716869354248047,0.9364943359473946,4.080844379540344,3.06099963652364,3.3996287414666515,4.584463104288742,10.02944564819336
4970-29093-0012.wav,3.504305839538574,0.9619324314961072,4.760148626951005,3.5972935672932302,4.126050558668658,7.528233638826438,15.748884201049805
1580-141084-0024.wav,3.024815320968628,0.9487746213542012,4.434627459310044,3.687304344969027,3.7433961135586857,11.650335259554282,15.060614585876465
1320-122617-0016.wav,1.6766901016235352,0.8975942460318234,3.2991641462750505,2.2001214494019634,2.4461713515587853,0.54174337900495,-1.5781878232955933
7021-79730-0000.wav,2.2933690547943115,0.9697679761456458,3.850616308047112,2.507174962740196,3.041758728474889,0.3049102623356595,7.071812152862549
260-123288-0017.wav,2.166421175003052,0.9760175330339136,3.457489813289069,2.8518226340683066,2.7827835508019065,6.706220157070916,13.792673110961914
4507-16021-0033.wav,2.3069236278533936,0.9303268127913396,3.722011736569148,3.1352822061638497,2.982895535009104,10.24771488748038,15.180660247802734
2830-3980-0058.wav,1.4013354778289795,0.7628947725619118,2.8104907907220924,1.8670286194674344,2.030717837357511,-1.190856512703642,3.799814939498901
3729-6852-0025.wav,1.6033451557159424,0.7884159393073908,2.534558868444556,1.6895954830294388,1.849841845089404,0.8745212056208825,9.182673454284668
2094-142345-0038.wav,2.280609369277954,0.880866250592718,3.82076416118618,2.9900928237494373,3.0275424268018325,7.755127012566517,8.657155990600586
5683-32879-0025.wav,1.679679274559021,0.97141872468998,2.6493884664666325,2.5544378054515624,2.0935546361593307,7.500899978421083,16.97381591796875
7176-92135-0041.wav,1.5261638164520264,0.9227066078353912,3.1731211483473336,2.011771313025666,2.321798964936041,-1.9382504174778743,3.558058977127075
5142-33396-0014.wav,2.7395131587982178,0.9818233750916256,4.044565464485454,3.213099840228568,3.408319902934811,6.152483606903057,15.346478462219238
5639-40744-0031.wav,2.2374062538146973,0.9579313989204667,3.574512398692172,2.8867419333742905,2.875876331740195,6.765051400244212,9.986968994140623
7729-102255-0045.wav,2.225266933441162,0.9659443577190004,3.7129417829150713,2.897204883530208,2.962244766468668,5.982559226069312,10.988469123840332
8224-274381-0014.wav,1.265722632408142,0.7224739539376438,2.305046111136236,1.8544929595297337,1.7318673033531595,-1.2915839685936017,4.089778900146484
237-134500-0015.wav,1.7437169551849363,0.8655368114600255,2.7866034301635776,2.2108255481018784,2.190807569607917,1.7088129328727024,8.207934379577637
908-31957-0022.wav,1.7121821641921997,0.8617266949551494,3.115848367331292,2.2945675259335427,2.347648735339023,2.8833128082483364,2.646802425384521
3729-6852-0013.wav,1.986003279685974,0.8416622958145169,3.3552485034316257,2.5892564224639885,2.5951415489053065,5.919346696964511,10.762100219726562
6829-68769-0012.wav,1.5033111572265625,0.8784603150045857,2.742571092982269,1.8894623872669445,2.0686654115151417,-2.5006050084438063,8.173285484313965
1089-134686-0031.wav,2.623874425888061,0.951345923919546,3.8837339357478857,2.95079240826722,3.2502145638974844,3.733642295827503,10.424816131591797
5639-40744-0024.wav,2.090979814529419,0.9702444809595624,3.4625302160752103,2.842707445766548,2.755949792008499,6.7482582850708495,10.987775802612305
5142-33396-0041.wav,2.928386211395264,0.9903667312622518,4.102450417341598,3.672700703108286,3.5287510496744594,12.179698965987876,20.52412796020508
121-127105-0001.wav,1.7177879810333252,0.8708290111051578,3.2425995646373105,2.088730220232125,2.449855245985922,-2.02618160669444,4.465667724609375
8463-294828-0026.wav,2.284099578857422,0.9724666212494482,3.918644430555173,2.844289161424725,3.1048071379420787,4.233520667298257,12.852343559265137
1580-141083-0044.wav,3.048306941986084,0.952431713784772,4.359696979431195,3.352079665801544,3.6810112728444544,7.77967487878386,15.558908462524414
5142-36586-0002.wav,1.3383105993270874,0.96525135160868,2.350417522550099,2.6598494345738275,1.8452162873536424,8.556665997854715,16.06521987915039
5105-28240-0011.wav,1.333173751831055,0.6548596182351947,2.2504605118436665,1.5481292036845844,1.6500323162564448,-2.7566780401165385,2.534470796585083
6930-76324-0004.wav,2.029698610305786,0.892207340956884,3.30272175242928,2.4876122446543976,2.635676013739426,2.0091348553498527,7.194214344024658
2961-960-0016.wav,1.222614288330078,0.626495045669781,1.891674489750366,1.9632380672279888,1.4766778894882842,1.983790822183355,3.6805927753448486
7176-92135-0024.wav,2.3767125606536865,0.9800496872853076,3.906185416148633,3.169048881760536,3.142259178561835,8.822999954765661,13.389461517333984
61-70970-0009.wav,2.2630040645599365,0.9561983254611508,3.867163596180448,2.506680432922993,3.0553279847763566,-0.3832115548553769,8.809989929199219
6829-68769-0032.wav,2.7955691814422607,0.9700512311833976,4.270831708629133,3.1113492846277637,3.5338239621433285,4.789960040767621,10.51201629638672
8463-294825-0005.wav,1.560570240020752,0.9375577095730416,2.9915595970565105,2.421206961497867,2.248279805361974,4.324064497780579,10.48061752319336
6829-68769-0050.wav,2.49101996421814,0.9795693907609008,4.134486506234155,3.3457029896583137,3.3145865155346104,10.715239314963933,11.668354034423828
1284-134647-0001.wav,1.768061637878418,0.8225136999447799,3.039435427208518,1.992531985914314,2.305554733560314,-0.9121927414635378,2.9832019805908203
672-122797-0055.wav,2.565845251083374,0.8616561049623475,3.925033905509396,3.085026355163727,3.228780469153183,6.863339616968588,11.548093795776367
5683-32879-0007.wav,2.7719764709472656,0.9128613289645796,3.985754626928837,3.092629664195424,3.337506639268263,6.546890290669785,9.62370491027832
8555-284449-0014.wav,3.4298110008239746,0.9676264197577432,4.552047278733554,3.7027518469036047,3.984742582819133,9.773804645121263,14.659759521484377
8463-294828-0028.wav,1.3019787073135376,0.818449002553028,2.3668369961921245,1.611327315042569,1.7055357210758886,-2.1050497076857826,2.9353952407836914
8230-279154-0030.wav,1.8487868309021,0.9003013124123396,2.923024466765364,1.9351049548150665,2.28110071730361,-2.1148188402455976,2.5266895294189453
8455-210777-0032.wav,2.0701050758361816,0.9380599405896124,2.960168766149697,2.512071405402612,2.454360186206713,3.468766522840144,10.03130054473877
672-122797-0016.wav,2.4752602577209477,0.896329691393404,4.031760510901474,3.2314589671604605,3.2591008476633183,8.86342636714454,12.254343032836914
6829-68771-0036.wav,1.3418601751327517,0.7934189157888872,2.525392834811772,1.653616400861566,1.8396197590648968,-3.280772291010421,5.652844905853272
8463-294828-0020.wav,1.6226441860198977,0.9204690004195156,3.0793231218747388,2.205172796556242,2.2935643296569475,1.733817748037246,11.665332794189451
2830-3979-0010.wav,1.4066171646118164,0.810107133021369,2.678008186059107,2.191800152772819,1.9890112502808857,2.9748861997089087,8.832366943359375
672-122797-0070.wav,2.294042587280273,0.924256950235392,3.608552149926235,2.929310183174418,2.909323227488295,7.543679729183354,10.37708854675293
1580-141084-0026.wav,1.3311623334884644,0.7303059469180864,2.6241984713667392,1.7049288976523411,1.86906865992326,-1.7545543268935668,5.64228630065918
1995-1837-0018.wav,1.2480199337005615,0.868066916016364,2.7273129559679554,1.947168901982324,1.904084729242684,1.5893259457945643,2.108593225479126
5683-32865-0010.wav,1.7666575908660889,0.7916694168659304,2.9466000873755567,2.403264376153809,2.27503748455628,4.89616365204393,8.599575996398926
5142-36377-0013.wav,2.522662401199341,0.9862250578254148,3.923172746919688,3.382369405257589,3.238678033185613,10.47308806844346,14.294270515441896
2830-3979-0012.wav,1.3461909294128418,0.664863847253307,1.989811081997052,1.6997513638117936,1.584295771098152,-2.976927329816141,4.003926753997803
4992-41797-0014.wav,2.5729002952575684,0.9582744489328316,3.756056221567098,2.817903736911401,3.0991027611651965,4.735800214684202,10.31365966796875
260-123286-0021.wav,1.75968599319458,0.9654798872729062,2.911850060816005,2.13514670752806,2.2520532878073736,0.7889723446785789,10.81132984161377
61-70968-0018.wav,2.076488971710205,0.9768800905155984,3.742089893322421,2.8849610144882263,2.8743374700849587,8.119093706169187,14.70125675201416
2830-3980-0064.wav,1.1138403415679932,0.5647394219151842,1.88809962772199,1.549054594828262,1.375773627731156,-1.817904621245346,1.51816987991333
1284-134647-0000.wav,1.1734203100204468,0.6055830033148236,1.6206288776575333,1.599028587940054,1.2567169584524849,-0.7692643249886478,0.7392244338989258
4446-2275-0008.wav,1.9587669372558596,0.9555630981698574,3.432891357941952,2.433520353708176,2.6641535304121198,1.709554240699139,9.634958267211914
61-70968-0020.wav,2.569984436035156,0.9706072592994096,4.077149807300641,3.226257143212808,3.3271152216548883,8.168004158710284,7.231828689575195
5683-32866-0019.wav,1.5886062383651731,0.854827237695721,3.175334737374388,2.0541240283705684,2.322193798157257,-0.3193855553170501,2.9199414253234863
8230-279154-0014.wav,1.9066734313964844,0.9037966402740688,2.9648946638078533,1.942820778766048,2.3436643537307407,-2.9822675467127118,1.59982430934906
3729-6852-0046.wav,1.867774248123169,0.9089430200174372,3.261434265772188,2.482278031516949,2.5068048754744496,4.323312182819874,-0.1193547993898391
6930-81414-0017.wav,1.683318853378296,0.8203235576301439,3.240524798971689,2.6891181659502483,2.429881709405558,7.832965782692775,9.324298858642578
5105-28233-0000.wav,2.040327548980713,0.893544261624195,3.365609770767966,2.2580986542017825,2.6460142327369947,-0.554937061880227,8.990717887878418
5105-28240-0016.wav,2.1033201217651367,0.9001753122916678,3.3876887823881194,2.4197114486575737,2.685996679327203,1.6563162856819726,4.524799346923828
7021-79730-0005.wav,3.164886474609375,0.9736037372273754,4.455132898884004,3.257055360458911,3.782662335504763,5.594065563674029,10.989303588867188
5105-28240-0018.wav,2.966834306716919,0.9496973802415796,4.092263174730177,3.338432897236065,3.521642917656557,7.5273961478895695,11.568817138671877
5142-33396-0035.wav,1.8767362833023071,0.9075901755811956,2.947571896788225,2.0529301595703853,2.347715940578049,-2.231675609184657,10.945304870605469
4970-29095-0021.wav,2.039180040359497,0.9198256904720024,3.284602449442779,2.436783362377637,2.611553268778875,2.0069401256043884,7.533263683319092
3570-5695-0001.wav,1.980442762374878,0.9220829813697076,3.3556899247254304,2.7755577629485444,2.639604420667597,6.845671586538383,7.563202381134033
4970-29095-0013.wav,3.3470335006713867,0.9762438904426736,4.471970853370742,3.379152335274015,3.88413977913617,6.100696128597077,13.729719161987305
7729-102255-0042.wav,1.796587586402893,0.8716951631493487,3.179423795482003,2.1476260385493804,2.467056412838262,-2.078885172329741,5.032176971435547
2300-131720-0024.wav,2.0869619846343994,0.9438308996059156,3.5378846950982155,2.442375968560437,2.7794081258055203,0.9532908170541152,1.891507625579834
2961-960-0018.wav,1.6983013153076172,0.9373590337467088,2.3405740485910917,2.197933380983425,1.921675273406336,2.9179809888101915,11.98588752746582
2961-961-0002.wav,1.5300331115722656,0.9092087941350006,2.508350955954161,2.388372659782603,1.979986356148288,4.582803367347304,5.349881172180176
2300-131720-0018.wav,1.957473635673523,0.9351079462218982,3.56735047221414,2.3335577520093618,2.7362354766298527,-0.1242996189257003,2.7954678535461426
5142-33396-0068.wav,1.6809494495391846,0.8641524026131038,2.584845434813104,1.9427390636030784,2.0254122020285803,-0.6026329743729738,13.370538711547852
4446-2275-0024.wav,2.800835132598877,0.9664724144860444,4.3654252335711226,3.3006495418825024,3.581706151839477,7.836011112207605,14.741336822509766
1188-133604-0004.wav,2.026599884033203,0.8804822316850311,3.468348203471756,2.994805041087444,2.740489966520576,9.02732254250616,15.2982759475708
8463-294825-0015.wav,2.172020196914673,0.9071867864014505,3.544391040479554,2.3315055299363383,2.821480538002622,-1.270556020025342,10.064247131347656
2300-131720-0008.wav,1.8392269611358645,0.9484143707462244,3.4172637323086743,2.3700785218421445,2.5929355713010334,1.7451675699464275,3.43685245513916
1221-135767-0022.wav,1.8906283378601076,0.919184161442331,3.457600244141754,2.7670555518302247,2.6459515887751985,7.348425491884531,6.978795051574707
260-123286-0017.wav,2.677241086959839,0.9817421514753824,3.692965951364924,3.155745488662698,3.168468002300634,7.188841931694475,13.38516616821289
8463-294828-0006.wav,1.2084311246871948,0.7511411285084623,2.1338887071698664,1.4160046898083112,1.4771131099658077,-1.6196266815577316,1.2690424919128418
4077-13754-0009.wav,1.4284124374389648,0.875084596173129,3.4974379222741714,2.345392357678366,2.4563966547950984,3.103772291218113,9.064482688903809
4970-29093-0020.wav,2.008028745651245,0.8757914553956039,3.0345429013734524,2.3440657076190483,2.459006691180207,1.3176548082287445,14.587766647338867
1089-134686-0001.wav,2.2195258140563965,0.9728402244936782,3.5083652960362324,2.851263276148853,2.841197181611103,6.017574881205451,11.39050579071045
4507-16021-0034.wav,1.9671530723571775,0.9294227885162012,3.2279307095550074,2.1833229563350867,2.5337076762414217,-0.8848084796387712,11.298450469970703
4446-2273-0033.wav,2.0533626079559326,0.9219802969304688,2.663245649396721,2.281829932300366,2.274272642690703,0.993874443668624,9.307328224182127
7729-102255-0007.wav,2.234182596206665,0.9372981246136664,3.0629643445404047,2.8212886508635604,2.6316944516582765,5.222866824448205,10.55626392364502
6930-75918-0004.wav,2.956129550933838,0.9467103335963176,4.199797568048307,3.414696641970755,3.578247638644278,8.44445980480736,12.198541641235352
3729-6852-0006.wav,1.5581262111663818,0.8349488396047964,2.7660452872788808,1.9049284302797964,2.0409564165385734,0.2839771322691115,6.565051555633545
4970-29095-0003.wav,2.3169565200805664,0.9366239906687877,3.3241005991842365,2.498982893788403,2.7775923424049864,0.6170823044240271,12.281177520751951
6829-68769-0005.wav,2.3293256759643555,0.960872458444254,3.717365952259881,2.89396171896166,2.996846940981293,6.029133878514025,12.400480270385742
4992-41806-0016.wav,3.2199926376342773,0.9805703041927044,4.123358920421533,3.415417062556702,3.6132237641415017,9.107648337803566,12.67829704284668
2094-142345-0031.wav,1.2549694776535034,0.7083113790078445,2.3241863280731865,1.8015870622540109,1.709591614735584,-0.8879641383289997,6.529036521911621
4970-29093-0004.wav,1.357755422592163,0.8696043996237909,2.582500708393915,1.9051239929408077,1.8925952938767143,-0.1376544840351856,11.065911293029783
1580-141083-0023.wav,2.737524509429932,0.948765652161838,3.833121262086944,3.1387868804099104,3.269324467808882,6.432383700991609,15.809164047241213
4446-2271-0001.wav,2.382818460464477,0.9702699134034664,3.775235955399429,3.128521030767043,3.0691822289303,8.618183438399516,14.10805606842041
1320-122617-0010.wav,1.7146260738372805,0.8343073338782527,3.036522962272393,2.001804980350865,2.306891407964438,-1.6711621360858195,1.370481014251709
2961-960-0014.wav,1.6996445655822754,0.897134638653345,2.8494708050881625,2.35983543971641,2.235456994301186,2.838901290627206,9.752057075500488
4970-29093-0010.wav,1.9656779766082764,0.931690006742222,2.976970699903199,2.045230838878955,2.346051188371641,-0.3320704604672816,9.851363182067873
5105-28240-0007.wav,2.641288995742798,0.9452723240027092,3.755081878935492,2.8803954340507216,3.151440552065861,4.403063047063257,8.906734466552734
121-127105-0004.wav,1.0966954231262207,0.7579424531788604,1.0,1.176495234785612,1.0,-5.599991473770849,-3.790329933166504
1188-133604-0009.wav,1.7666537761688232,0.7822263915532853,2.6094828616990835,2.448578407684859,2.160145736518205,3.286951142322928,8.963279724121094
1089-134691-0011.wav,2.6008758544921875,0.970792851646496,3.998811626464287,3.117527809974936,3.298339387793625,6.445508886580668,9.921905517578123
1580-141084-0046.wav,2.7989420890808105,0.9682550485822776,4.185000531892982,3.3463022501323514,3.473685576003904,9.336830806993856,18.913070678710938
8463-287645-0012.wav,1.0839993953704834,0.5765023184691834,1.7259474180827568,1.3950061069890145,1.254357776434114,-2.9059269463125106,1.368077039718628
4992-41806-0008.wav,3.077347755432129,0.9761888296370907,3.823150465854103,2.383201910554108,3.2796133844517588,-1.2507861947349417,6.414797782897949
61-70968-0006.wav,1.4431264400482178,0.943246714436758,3.3616766394237296,2.397108072494558,2.3642164166741257,5.225529019317919,9.701552391052246
908-31957-0014.wav,2.2515103816986084,0.9622684561900398,3.546371100481452,2.7179466718924954,2.835306685742778,5.463076081516824,9.174830436706545
5683-32865-0017.wav,1.604870319366455,0.846450690861718,2.867981620631851,2.099982790883857,2.1796606218823324,0.1889118319978688,8.858837127685547
4992-41797-0006.wav,2.802267074584961,0.9667110082137216,3.852951459607494,2.827187634108064,3.256994604937234,3.4135244634124104,16.140840530395508
4507-16021-0030.wav,2.1709563732147217,0.9197005191769994,3.4966371545506383,2.9526677404587645,2.7926808791213933,8.79556700674322,7.169131755828857
7127-75947-0033.wav,2.521453380584717,0.9664291063225824,3.799876344597925,3.1761997390525023,3.161219996979808,7.892593224144515,14.018381118774414
5142-33396-0040.wav,2.7637388706207275,0.9669749485640838,4.145863819095396,2.7645325409142787,3.458437858485188,-0.5998973611918165,16.798294067382812
4970-29093-0014.wav,2.5807173252105717,0.8910641001345811,3.500816245655926,2.3165345080207405,2.919810405189648,-0.8038768862797105,10.301050186157228
3570-5694-0007.wav,3.0250906944274902,0.9913671995522844,4.44568555873213,3.639267042975432,3.747261313377847,10.963999663376942,17.252275466918945
7176-92135-0012.wav,2.0038633346557617,0.9644000775816708,3.535921356621471,2.9680503752478757,2.7751112110517107,8.225296864873151,11.294048309326172
260-123440-0006.wav,2.1458616256713867,0.9646444778642844,3.5691374557545434,2.410737021444348,2.833241485076605,-0.3720973169347374,13.455891609191896
260-123440-0017.wav,2.6263160705566406,0.970189206475576,4.170644464758678,2.998912525647187,3.4023163928751474,4.121578986033956,14.511481285095217
3575-170457-0026.wav,2.522185802459717,0.9161732967244226,3.920857201152661,3.119943462686337,3.189840368519232,8.401589915534407,11.042771339416504
7176-92135-0034.wav,2.1359171867370605,0.9783765339048012,3.639309439176201,2.88524502533234,2.8960370281091268,5.785611365306742,7.964416027069092
3729-6852-0033.wav,1.8386181592941284,0.9110630307301024,3.1890585634491218,2.0244549010783435,2.4087833960911342,-0.6390983355406964,6.341717720031738
2094-142345-0039.wav,2.3370361328125,0.9220751955824764,3.816881086721854,2.732540540658999,3.06208861988308,2.8870676505088664,3.681877851486206
1580-141084-0009.wav,2.550412654876709,0.9604331526847952,4.034253803097196,2.972987819243036,3.262270606969859,5.777521254618694,14.603224754333496
5142-33396-0046.wav,3.179215908050537,0.9804075393691788,4.406785974939288,3.8111000842527862,3.8073037157705674,12.452947823847197,18.96161651611328
8555-292519-0007.wav,1.0828750133514404,0.5741690820699592,1.231867780199957,1.0,1.0,-3.2160525661412973,-3.964329957962036
4992-23283-0016.wav,2.80188250541687,0.9873958784296756,4.109083424885922,3.019721549106424,3.444014887225602,3.8390902577744064,12.999040603637695
237-134493-0016.wav,2.823305368423462,0.9430758748094829,3.838906458415831,3.2179160893555245,3.326790623922821,6.540955298319278,11.919955253601074
8230-279154-0036.wav,2.5246353149414062,0.9648289407202236,3.818461938823485,2.814482037162841,3.1346342345579834,3.776479873890834,10.014270782470703
61-70968-0052.wav,1.7454241514205933,0.9107666383915266,3.416073443466585,2.0744683492731544,2.527208506807534,-1.452519638998608,8.026819229125977
5683-32865-0003.wav,1.895316481590271,0.8562057625051919,3.0563362741238818,2.3116461986079666,2.380746468624748,3.0764245844737514,9.12548828125
1089-134686-0024.wav,1.8412652015686035,0.9375738748346892,2.864441714215714,2.540814452218893,2.3327953747915338,3.8274431587548894,11.146507263183594
61-70968-0058.wav,2.867910385131836,0.9899703631805962,4.515949653003018,3.547645793207792,3.7179204185880583,10.03837186886654,15.734580993652344
1221-135766-0007.wav,1.9673779010772705,0.8301457225724201,3.4812189875315056,2.251835181340587,2.679682407605033,-0.672817755491672,5.729445457458496
672-122797-0052.wav,1.8025848865509035,0.8334327409584757,3.135649779558816,2.364043955863385,2.404306287054653,3.249323686171855,8.000848770141602
4507-16021-0025.wav,2.369265079498291,0.9506561806747772,3.7206805780127,2.946792488550707,3.0010068969295647,7.342649994761971,13.474557876586914
4446-2273-0021.wav,3.781888484954834,0.9890782906794572,5.0,4.299711917501001,4.4436997515060686,15.192879944887492,20.816341400146484
1995-1836-0014.wav,2.897684335708618,0.9405287558075588,4.199547422929101,2.82320405722744,3.5445245257822804,-0.3208506825118736,12.092613220214844
4446-2275-0032.wav,2.291640281677246,0.9059672865947892,3.81102580605159,2.7457082201579466,3.041471407855159,3.2105431903661565,7.3978400230407715
260-123440-0001.wav,2.374486207962036,0.9730443499186692,2.5298482584690483,2.461034155219493,2.3685576584886654,1.467861688021718,12.521772384643556
2300-131720-0028.wav,2.4775869846343994,0.958628071103508,4.017918635850294,3.02740920554813,3.2372786075957096,6.316672879193015,6.28189754486084
6829-68769-0002.wav,1.9664793014526367,0.9470743215717672,3.4275997118637163,2.0523970337064883,2.6408613902284226,-3.316726983532261,9.434381484985352
1580-141083-0015.wav,2.594568967819214,0.9538605165225512,3.7536498408249113,2.675447513110804,3.1128239579578785,2.134977344054863,15.830212593078612
5105-28240-0006.wav,2.025243759155273,0.9167769836408106,3.4780784134272125,2.5368323327133004,2.7069561623317955,3.4288116934325363,5.799097061157227
1580-141083-0010.wav,3.383233070373535,0.9645266596540008,4.7751172530019605,3.964968252748725,4.097689115350401,13.1670213609631,19.364227294921875
61-70968-0041.wav,1.3517011404037476,0.8076834769352983,2.8114616282921063,1.908346292210628,2.0154315141176653,-0.5679246329871862,5.593653678894043
4507-16021-0045.wav,1.2651982307434082,0.6519321903200335,2.0577075069861888,1.4772844385313166,1.46383510444595,-0.8997355068959144,3.706132173538208
5142-33396-0064.wav,2.072169542312622,0.9753671015460786,3.372693074559621,2.93339125981782,2.720768123333287,7.492524024099416,16.25804901123047
3575-170457-0036.wav,2.7882192134857178,0.9807566965084524,4.0594143196806245,3.423436860707078,3.3983480142318654,10.970122122879667,15.462169647216797
1580-141083-0000.wav,2.8243284225463867,0.959851820636572,4.265391633429974,2.892352379591696,3.553159437764936,0.7642943487061403,17.180505752563477
1089-134691-0017.wav,2.3121562004089355,0.933873193180604,3.5567072064968905,2.72065596916928,2.9307741710324766,2.4155918864175385,9.48517608642578
8463-294825-0000.wav,3.090381383895874,0.9910979769584845,4.409202548463455,3.534382857380871,3.7456443463864666,9.52784116408013,15.460662841796877
4970-29095-0007.wav,2.714861869812012,0.9576890863841612,3.903405864019881,3.0581130759120057,3.2883327276231507,5.522917875119349,11.284530639648438
3575-170457-0007.wav,1.7488369941711426,0.950273832012438,3.106955262621539,1.8997761358402223,2.357268471427946,-3.4646167536130923,9.33836555480957
1089-134686-0018.wav,1.6220988035202026,0.8736317028405268,2.9121388652475697,2.258402640155607,2.232911253263512,1.5779623238084723,5.245907783508301
4992-23283-0008.wav,2.8177733421325684,0.9614943159627422,3.9812499626034192,3.134350093828801,3.3658098131006406,6.534781564687632,11.986104011535645
5142-36586-0004.wav,3.557823419570923,0.9954814044131972,4.520408131434616,3.8670293635250528,3.99422797265726,13.146647038124309,21.246509552001957
7729-102255-0017.wav,1.3877687454223633,0.7740465987304074,2.338681287307196,1.7457672273992295,1.779520242548991,-2.590249487711805,0.7962080240249634
7021-79740-0010.wav,1.8429808616638184,0.9279627467408216,3.3079839914522826,2.3102364509837776,2.521481299094328,1.6028542405294122,9.659143447875977
3570-5694-0008.wav,2.248365640640259,0.95505420383892,3.476979325757627,2.8102582418447137,2.835270964096146,5.362566703877134,8.543790817260742
7176-88083-0024.wav,2.852855443954468,0.9896501597942358,4.293406791294309,3.329744815527823,3.5811137287859647,7.507787731331937,9.643320083618164
7176-92135-0020.wav,1.8023992776870728,0.8764115588509982,3.2409127142626284,2.146217666318828,2.483814573124332,-1.4063935056907453,6.755311012268066
4446-2275-0029.wav,2.828621864318848,0.9362175223711768,4.408777688817703,3.0307994603314623,3.6246837013932702,3.016900244703141,10.450152397155762
237-134493-0001.wav,2.8214991092681885,0.9280712217067396,3.4812285323890797,2.830038930621907,3.089334964930362,2.978578690397895,12.263498306274414
1089-134691-0012.wav,2.7441766262054443,0.9777201263428564,3.8721389839930622,3.3610300265066204,3.323551724621892,8.523741896900205,12.89000129699707
1221-135766-0000.wav,1.6727228164672852,0.8980076424521131,3.3416098955962994,2.2536352967484885,2.4804052739869475,0.7552067355998554,8.295613288879395
260-123286-0004.wav,1.5361967086791992,0.9447167051584432,2.874287776611811,1.9528242433333485,2.1190796476162554,-0.346372506133579,9.01339626312256
8455-210777-0064.wav,2.2153778076171875,0.9662438819327642,3.650094669771639,2.967095058160333,2.919206836180197,7.465388724973736,13.611648559570312
7021-79740-0009.wav,2.848788261413574,0.9862832875569952,4.280397872870206,3.325351519746834,3.5559763745451423,8.200764810197308,12.969463348388672
8463-294825-0002.wav,1.6246448755264282,0.8640039962432151,3.180307309649232,2.045489941501399,2.359580867211294,-1.466301169549692,9.999266624450684
260-123288-0027.wav,2.120561122894287,0.9581923242233518,3.399860528613647,2.6053947742290195,2.7205594593416564,3.6004714630101127,12.352367401123049
1188-133604-0005.wav,1.7407431602478027,0.8287412805400922,3.270588544359285,2.5757199258183525,2.490023180140773,4.884185398034945,11.887660026550291
672-122797-0007.wav,1.9915828704833984,0.8383937345367148,3.253131837227758,2.710175738309488,2.5969197828033828,5.603503244159304,8.756083488464355
4077-13751-0019.wav,1.724156618118286,0.776339449429783,2.0936639309878515,1.450113150899459,1.677746109240439,-3.238707569548633,2.392932891845703
5142-33396-0042.wav,2.7271852493286133,0.9573455047914058,3.9673350088114594,3.011294276047731,3.35195241352643,3.5588967165323693,15.188298225402832
8555-284447-0017.wav,1.7434775829315186,0.872228252749477,3.002870565672981,2.6497690557442355,2.336256797030813,7.0054168461784085,12.505226135253906
1320-122617-0018.wav,2.394128561019897,0.9449947278511592,3.6861608699104473,2.689096699351074,2.987223232608464,3.4673014158029174,2.848937511444092
7021-85628-0014.wav,1.6283698081970217,0.9166959612655116,3.035736503121352,1.7458581424956614,2.2649881529234124,-5.169435108161082,4.873557567596436
1089-134691-0016.wav,2.682572841644287,0.9574297507473708,4.064235968691985,2.8844167104148792,3.357310719482192,2.779134025152753,9.932574272155762
8455-210777-0045.wav,2.2111270427703857,0.9873737413652364,3.586497507026136,3.015529877887431,2.893369195201396,7.916049002105536,15.69565773010254
1995-1836-0000.wav,3.4778473377227783,0.9842576592037766,4.867129097832814,3.7365868402205367,4.188564648161492,8.942295631163306,9.314679145812988
4446-2271-0002.wav,2.0921530723571777,0.9308291363663526,3.363036707598841,2.195400749082376,2.666868203760598,-1.7655430152372438,8.479634284973145
2830-3980-0007.wav,1.9741387367248533,0.9037471580526308,3.3789530521161764,2.526960869181518,2.648616402456477,2.92019207237111,10.257314682006836
4992-41806-0013.wav,1.706364989280701,0.9482990239116438,3.151229559459151,2.648288665445408,2.387792832297273,7.41958039298768,12.471619606018066
7176-88083-0009.wav,1.9165407419204712,0.9568085322592562,3.3440768984851497,2.621147633053582,2.6123118824846667,4.405747617836965,7.249288082122803
8455-210777-0070.wav,1.4321078062057495,0.8271543133808233,2.611868572066937,1.9262721779277867,1.978635790852369,-1.8589377977883776,6.563029766082764
61-70968-0043.wav,2.373119354248047,0.934619773652339,3.842844918597653,2.792423141668362,3.082487479685981,4.037038066445,10.01731300354004
4970-29095-0027.wav,2.8574106693267822,0.9237862026686084,4.109701322439849,3.2262057626657943,3.463811471240744,7.072042091953318,13.16742706298828
1284-1181-0000.wav,3.3391871452331543,0.9859998824254544,4.575632622944875,3.821794793912007,3.974908060419243,11.285089018869074,16.906007766723633
3570-5695-0003.wav,1.7436728477478027,0.8743034687836583,3.042549512806473,1.9708588921079253,2.343335867463795,-3.2101078281211555,7.482532978057861
237-126133-0013.wav,1.5595228672027588,0.8330157167185889,2.1900197286165946,1.7597896436201823,1.71148067268543,-0.1108565921850247,8.657910346984863
260-123286-0013.wav,1.9507496356964111,0.9590270784723024,3.2632294455826107,2.734347927319836,2.5984652094247007,5.541807611981434,12.844533920288086
3729-6852-0026.wav,1.821061134338379,0.9252715886604772,3.23195310397518,2.6040557974889733,2.4520514669817857,7.337516258271253,10.491122245788574
4077-13754-0007.wav,1.547508716583252,0.883998678961384,2.991257570429897,1.9638858557926184,2.2195572328053723,-1.8676264478440443,4.40118408203125
8230-279154-0026.wav,1.5151748657226562,0.8005148073944025,2.772285722147506,2.0051164724608634,2.078798778890211,-0.2859400416040759,4.765491962432861
61-70970-0021.wav,2.0435538291931152,0.942820947197654,3.526611850349357,2.8663242109743376,2.7775644875186547,6.880321263092299,10.688238143920898
1995-1826-0006.wav,2.7570290565490723,0.972151141678806,3.9207568099004457,3.270682042693613,3.2643250562486434,10.95337365869014,14.820198059082031
61-70968-0042.wav,2.3610212802886963,0.9492702566197728,3.955752432118682,2.6270365396981408,3.156671180975497,0.4412328922367882,8.433029174804688
61-70970-0039.wav,2.156585931777954,0.9470379361841352,3.953993671463236,2.7376997873332183,3.052994838828997,3.7298951151999375,7.225710868835449
6829-68771-0025.wav,2.359815120697021,0.9606476224712784,3.671787865823261,3.0519378907309376,2.991544635013271,8.218126941583517,13.957096099853516
1995-1837-0025.wav,2.924379348754883,0.9636890537043352,4.092650816936751,3.615824763673648,3.504444111945208,12.074271440770026,17.49260711669922
2094-142345-0018.wav,1.659895420074463,0.9344843050123112,3.174177424544101,1.9566652013699823,2.372139510622288,-3.0471143566654044,7.051934719085693
1320-122612-0008.wav,1.7230093479156494,0.8674498298660701,2.848474004625964,2.2220682292340475,2.2453238377777858,0.5380946784603392,2.065453290939331
1580-141083-0011.wav,2.193502902984619,0.9660160656711786,3.79735516654642,2.8766860934122724,2.9941111893049945,5.637718728144672,15.64963436126709
1995-1826-0002.wav,2.7523696422576904,0.9808463342751887,4.123906328567838,3.279485435963488,3.411825365486313,8.979614732047228,16.245424270629883
1284-1180-0020.wav,1.0903326272964478,0.5716872968042226,1.8746357688643005,1.5433301975321732,1.3796903544951002,-2.721143447344952,0.1659722328186035
4970-29095-0029.wav,3.058758020401001,0.932585804101507,4.3441101307853645,3.081898973096488,3.683395304891103,3.1975747026437857,12.350262641906738
4446-2275-0003.wav,3.308700561523437,0.9681361022800244,4.750433161361313,3.761611969448453,4.039734354935978,10.85871987902848,15.712974548339844
5105-28241-0017.wav,3.2973616123199463,0.9173974931069354,4.800228641872451,4.0327674036450105,4.06833946516109,14.82786047617969,1.6409577131271362
7176-88083-0002.wav,1.380642294883728,0.8602431584021256,2.529627793044491,1.4786033708834334,1.8333264824046511,-5.120055470702416,0.2746346890926361
7021-85628-0022.wav,1.166494846343994,0.7638165856692913,2.085439519243552,1.836889790333296,1.5614081522502967,-0.3298284602926971,1.8249731063842771
1580-141084-0033.wav,3.242438793182373,0.974171093808321,4.680901883965009,3.5540201882024105,3.9574452902789887,8.693430366038765,16.0819034576416
4446-2271-0017.wav,1.6777973175048828,0.9209141903823068,2.8595651226328838,2.7702516269856026,2.261707470736364,8.097862150554471,14.20806884765625
8224-274381-0008.wav,1.0691249370574951,0.4416409011363469,1.0,1.0499500443345475,1.0,-3.1268051026804398,-4.045740604400635
4446-2275-0036.wav,2.444401979446411,0.9317192268227495,3.483909900770864,2.821695409023685,2.9476894800453013,3.6170753503685553,13.144879341125488
237-134493-0010.wav,2.4438793659210205,0.8874525052826021,3.5636302194021825,2.8364652530347643,2.9735871590180643,4.450495895044916,12.568120956420898
1580-141084-0029.wav,3.229177474975586,0.9745045782015116,4.651231252409801,3.825854245071024,3.95578445950973,12.23655277961347,18.433992385864254
3729-6852-0002.wav,1.4833682775497437,0.8254691301825119,2.2831127297107927,1.5128564956879509,1.685101402239782,-1.9438545713031596,8.202162742614746
2094-142345-0033.wav,1.5716822147369385,0.8068985563431875,3.1533898754376164,2.247921071430824,2.324524067106748,1.9248791632282949,1.5893449783325195
7729-102255-0034.wav,2.8364648818969727,0.9592461667403448,3.964020086338382,3.228878729949604,3.3957895923967816,6.610668998326313,11.49503231048584
7176-92135-0010.wav,1.9493529796600344,0.9699011834731416,3.4191202036643267,2.7990842611922133,2.6615102119489604,7.188702011899985,11.449116706848145
1284-134647-0004.wav,1.4941258430480957,0.7387052178573954,2.648871191472602,1.657126281555237,1.924250369110713,-2.01448664124209,-1.5826716423034668
8455-210777-0053.wav,1.801180362701416,0.9333389726233686,3.0306806224433096,2.476695167162212,2.399878927821219,2.910725439083114,10.200066566467283
8463-294828-0023.wav,2.633176803588867,0.9528858863478432,4.116900702000822,3.202015460311445,3.3755129061692264,7.448759785635369,15.693178176879885
4446-2271-0023.wav,2.75911808013916,0.9667531510717404,3.8930293453897886,3.4322500092821158,3.3258698241994606,10.229110022272137,15.852338790893556
4970-29093-0006.wav,1.6146557331085205,0.8200212244288915,2.510683968633224,1.7604093413058803,1.9593522165374335,-3.183949558556106,6.871208667755127
1995-1837-0004.wav,1.3542628288269043,0.8828215927080736,3.034398579166935,2.277454978846018,2.1606574476106344,3.817313556366424,5.1142778396606445
1320-122617-0040.wav,2.4617691040039062,0.9168950921285848,3.8040858056832354,2.758210918358412,3.114939001732264,2.5141994279008606,1.1412816047668457
5142-33396-0006.wav,3.572164535522461,0.9879787777489616,4.429552214249873,4.006695310638196,4.020382143162523,12.429704090519772,21.091745376586918
4446-2271-0020.wav,2.056790590286255,0.9342149379119762,3.293089071966092,2.182567463495152,2.6198445782268003,-1.949304208776776,9.18308162689209
237-134493-0012.wav,2.0550124645233154,0.868078548972165,3.0554049099153944,2.442330724855993,2.502745116257198,2.0965173952814,7.998522758483887
61-70970-0035.wav,1.9702577590942385,0.9533153145585428,3.7021087842772,2.7789323948212403,2.818522548362405,6.461312978037762,11.482510566711426
260-123440-0015.wav,2.421788692474365,0.9762902994259108,3.8220565394063537,3.2597723451195626,3.126244165173922,9.78520747464988,12.703604698181152
1995-1826-0022.wav,2.0378520488739014,0.9144990273656046,3.4052276450006342,2.220004514130337,2.6486468590933043,-0.4433674973179021,10.888129234313965
1284-1180-0029.wav,1.579092264175415,0.8925920551787312,3.268653815355548,2.412802937999013,2.396688971017836,3.998044290093204,8.030207633972168
237-134500-0037.wav,2.0192878246307373,0.9074050340883502,3.3797152558318007,2.891981414908816,2.6705987067654395,8.424288736506401,15.196739196777344
672-122797-0053.wav,1.8533339500427248,0.8615381154711991,3.215109854168924,2.569303716591381,2.4778970942475853,5.751066643376804,10.700779914855955
4077-13751-0010.wav,1.5231571197509766,0.8498075871961196,2.895501172869346,1.9270153569139377,2.1674852554822843,-2.614866981906606,3.2373263835906982
2094-142345-0005.wav,1.2322367429733276,0.6670803417988739,1.8550112152361211,1.870173119098408,1.4831319827164466,-0.4404679202011655,0.0823080167174339
8455-210777-0001.wav,2.409887313842773,0.9831870568411272,3.611110573985424,3.0714317992885056,3.00095126566798,7.517016775587787,15.065563201904297
4507-16021-0019.wav,2.445993661880493,0.983389584662084,3.549066957663303,2.9320477785202046,2.8855916681131304,9.556414487968778,16.40536117553711
6829-68769-0010.wav,2.150786161422729,0.966824568289874,3.7451015825316207,2.2624801770108083,2.9218442830130176,-2.699366767849249,8.291385650634766
4992-23283-0004.wav,1.6780474185943604,0.9318671186237496,3.060032915635817,2.367805914614548,2.331746617880539,3.0223960538896195,10.963858604431152
2300-131720-0030.wav,2.232348680496216,0.9330531987375812,3.6653782043842735,2.6149396627946,2.9211441215793874,2.3741287189791,2.0995261669158936
1320-122617-0030.wav,2.603925943374634,0.9706574759850062,3.856345347054493,2.961769734189345,3.197056029251646,5.357111138761164,5.0472517013549805
7176-92135-0030.wav,1.1305283308029177,0.806103594953538,2.205293784696283,1.647617474682774,1.6135494090269673,-3.531246908266847,6.573606014251709
7176-92135-0042.wav,1.7373833656311035,0.9263419171868924,3.2075162306769505,2.446876561032671,2.4601740391087,2.722217787497413,6.920945644378662
4970-29095-0012.wav,3.19251561164856,0.9305175981924564,4.3324958359889205,3.360272124082762,3.725668601299104,7.460078443577686,14.806516647338867
1089-134686-0028.wav,3.106079578399658,0.9936865560535136,4.62750996381523,3.992261329154513,3.906129908304195,14.740901524180131,17.872617721557617
3575-170457-0003.wav,1.787966012954712,0.8250051772231742,3.0596278152543737,2.1867996403849026,2.3860938146287265,-0.6425720283308971,8.024739265441895
5105-28241-0004.wav,2.352464199066162,0.9168326438457683,3.699961152210999,2.8757427227012,3.0250247754865742,4.456130837865065,11.829477310180664
61-70970-0003.wav,2.468103408813477,0.9684035436454967,3.742037386044165,3.0505174914839257,3.103584140112151,6.386881857540824,12.437559127807615
7176-88083-0027.wav,2.0554933547973637,0.955255415984244,3.661957164593893,2.8982453370150743,2.8705086671410966,6.434123081429122,8.243611335754395
2961-960-0001.wav,1.1715184450149536,0.7131358353112497,1.9532938322639577,1.7028994581949382,1.4793432448600186,-1.6642670849766026,5.242181301116943
2830-3980-0045.wav,1.893165111541748,0.8840920983512308,3.318115698603445,2.3798219511827967,2.539676478240963,2.863586454039367,9.63083267211914
260-123288-0007.wav,2.318985939025879,0.9705439143295114,3.7407620448472585,2.9962359041590627,3.023949727126017,6.819719610047629,11.975933074951172
260-123286-0009.wav,2.377912998199463,0.9796111356793664,3.7686996540865865,3.167824258722958,3.0792472039095924,8.583379547634259,13.437670707702637
4446-2273-0016.wav,1.2834601402282717,0.794776356136183,2.3420901400669707,1.3427284713895382,1.646694712635996,-4.590055860627271,1.99979305267334
4992-23283-0017.wav,1.330355525016785,0.8920281210853466,2.7392668751024725,1.9991121425560276,1.9830156708231037,0.4053781360026692,6.894073486328125
8555-284447-0022.wav,3.513857841491699,0.9660097813932986,4.515371347090863,3.820636666945475,4.0169061551370895,10.656076901230154,15.627370834350586
2300-131720-0020.wav,2.7724878787994385,0.9789814962577094,4.124715905218098,3.2185725375233587,3.453149818519927,6.504726954398342,7.854426383972168
5639-40744-0016.wav,1.5310323238372805,0.8326346933760801,2.5306095822490966,1.85923284128308,1.961363292489434,-2.4931119760509017,5.533408164978027
4992-41806-0012.wav,1.4887218475341797,0.8466933536049682,2.3320837562465018,2.00142769357485,1.795378531583364,2.1045900886752364,8.34107780456543
61-70970-0001.wav,1.9161466360092163,0.9491017215101708,3.2878046136140675,2.748909819360458,2.589655938232715,6.192511889785363,11.886767387390137
5683-32866-0025.wav,2.5616466999053955,0.9513178583842956,3.887949734800575,3.254172392832422,3.1795375760247024,10.843261622948985,17.039478302001953
5142-33396-0065.wav,1.374056339263916,0.8451718737789781,2.276379531455292,1.790352210418582,1.7768055872883,-3.3297939231849947,10.054681777954102
61-70968-0037.wav,1.4532467126846311,0.8515007239477953,3.1602276335219948,2.31786157967212,2.278700313391492,3.467517041143632,9.03841781616211
4992-41797-0015.wav,3.35356879234314,0.9782989849875748,4.393676476805301,3.749941357784919,3.8474956418474697,11.980148813216967,18.49033737182617
2830-3980-0034.wav,2.282312393188477,0.9131912877081974,3.8770158689649032,2.826654813725256,3.020454912718881,6.731288413151874,12.426172256469728
237-134500-0016.wav,1.1483612060546875,0.7260811376952219,1.16172145110909,1.0,1.0,-2.119698973667389,-0.6745434999465942
4970-29095-0011.wav,1.5068681240081787,0.8868971798350103,2.7174862453807864,2.0982391559587583,2.039596531714292,1.596286380114685,9.415684700012209
4970-29095-0031.wav,2.94606614112854,0.9366196753783802,4.192170578851597,3.2199208345066466,3.548520715571473,6.347779150686105,12.58527660369873
1221-135767-0021.wav,1.6909477710723877,0.9361346253672532,3.6054334890786346,2.7548953840783192,2.645471251618263,7.489928489298027,5.174674034118652
1089-134686-0010.wav,2.550957679748535,0.94174854673403,3.664509642912564,2.618735116153599,3.1149889958502817,-1.4541700028384656,11.390618324279783
237-134500-0013.wav,1.9071465730667116,0.897953494240459,3.2845189030317266,2.4998852658075568,2.574706227332678,2.694430943840144,8.938396453857422
121-127105-0013.wav,2.8440346717834477,0.9446789677269268,4.217640318648027,3.1934735031071604,3.529787099590864,5.815843651789473,10.327982902526855
61-70968-0061.wav,1.7128136157989502,0.953848607674922,3.5545297979805706,2.754769081517637,2.6110994572135464,8.20695247674114,12.808876037597656
5683-32865-0007.wav,1.220329761505127,0.7240315385558725,1.6575803388512649,1.0926270398491194,1.1522152843202598,-2.705327952133729,0.2708631753921509
7021-79759-0003.wav,1.4846832752227783,0.9008237460265432,2.702775059207808,1.9020790912681549,2.022948664140305,-1.4316335534967943,1.4141650199890137
908-31957-0019.wav,1.9861433506011963,0.9043038276009276,3.302172346222659,2.499117047676592,2.582060368408403,3.903399347068967,8.765511512756348
2094-142345-0032.wav,2.773282051086426,0.9880316933893468,4.331914332047613,3.5049282898472827,3.545993985316189,11.513378022280287,15.203784942626951
1188-133604-0001.wav,1.4287669658660889,0.6446450247781148,2.479518701892488,1.8562071309022756,1.8820739754386309,-1.6670760276070742,7.471669197082519
3575-170457-0010.wav,2.4645047187805176,0.9685464671208162,4.016713112299858,2.9912096527086987,3.2484560123762445,5.0313833981033085,15.113407135009766
8455-210777-0042.wav,2.1496522426605225,0.9537167088959848,3.387157146345446,2.877726204686873,2.74059209920573,7.188587637173111,11.58383560180664
121-127105-0011.wav,3.280505418777466,0.9794710317729488,4.73109324285986,3.859404310845085,4.040767406143728,11.52811571160953,14.798259735107422
6930-75918-0014.wav,1.779129981994629,0.8614750535543463,3.263321318832611,2.15336728739044,2.466148484807549,-0.3644541325548521,5.10578727722168
1089-134686-0033.wav,2.237014055252075,0.9714771038978623,3.5833356732364923,2.533505101277979,2.875045742297609,1.38239078997689,9.57186508178711
8555-284449-0005.wav,2.434180974960327,0.9584604029915512,3.807297391182632,2.996378801284483,3.080587315719301,7.474082494309877,15.475473403930664
5683-32866-0014.wav,2.2935585975646973,0.9575541493352668,3.784904562618576,3.2633115259169343,3.001196721081551,12.656416096141838,14.83508014678955
1221-135767-0017.wav,1.3478087186813354,0.7593337562579004,2.8350841806368368,1.857442044858712,2.020800704979391,-1.151691576341917,4.183400630950928
7127-75946-0027.wav,1.4596166610717771,0.7840634686266873,2.699315487143493,2.099587684126901,2.0134029868942163,1.6806532989107543,3.726195812225342
908-157963-0020.wav,1.3972917795181274,0.8055821844084446,2.6615856777611047,2.102894794626717,1.9465953255718251,2.935755113139641,4.573699951171875
1995-1836-0002.wav,2.922417402267456,0.977437475920718,4.38233198339311,3.503910729815692,3.654458727804709,10.010122481281266,13.112616539001465
5639-40744-0036.wav,1.2215251922607422,0.7757576135978842,1.508314027622346,1.518543700056055,1.245547794060369,-3.3116558848038107,4.694526672363281
1221-135766-0010.wav,1.5307564735412598,0.8598692324852835,3.1617067928246168,2.323091127836349,2.304470941740169,3.5838925573667537,6.718791961669922
5142-33396-0037.wav,2.380549192428589,0.9696678575671662,3.656226833161643,3.0660722481409253,3.0077315957999784,7.69214449613011,17.225093841552734
4077-13751-0000.wav,3.048032522201538,0.9733008058778188,4.616672934637047,3.4721099640183324,3.841879134665156,8.226758677003733,6.222318649291992
8463-294828-0033.wav,1.363065242767334,0.8768583450418691,3.2462181012833544,1.879623714428581,2.2645484633865696,-2.3021460776776914,7.408651351928711
2961-960-0003.wav,1.5671534538269043,0.8645059767655603,2.679403954696627,2.263412377258808,2.075995306637848,2.66337068337938,9.400930404663086
7127-75947-0027.wav,2.2837862968444824,0.9422191598565351,3.612908080657093,2.8194238511777754,2.9358414970003097,4.576206923807732,10.617792129516602
6930-75918-0018.wav,3.21587347984314,0.9526504222767852,4.5099889279724295,3.635852179920487,3.8754963737655865,9.466632059796316,11.532949447631836
2830-3979-0007.wav,1.548839807510376,0.8122334141057054,3.0181075423441093,1.945805894538249,2.217530432458109,-1.4571773420010905,4.546870708465576
4446-2275-0019.wav,2.598254442214966,0.9431965678729558,4.0320594367019975,2.9735573576062,3.3138562844362105,4.167045918098232,11.879105567932127
1995-1837-0023.wav,1.873584747314453,0.9307412430364114,3.4698183543896044,2.708077709840923,2.653494030366029,6.097931680569615,8.92464542388916
4507-16021-0044.wav,3.1861884593963623,0.9335915609253024,4.228995678809561,3.342628564421948,3.6630918396408094,7.575352381351276,17.2961483001709
7176-92135-0036.wav,1.2427891492843628,0.7791693906621864,2.5731251445461885,1.858193465242384,1.8830472630568416,-2.3529618901503517,4.427667140960693
7021-79740-0004.wav,1.808488607406616,0.9018141625972096,3.0696676435105643,2.318984044048987,2.40004522006412,1.3618867336789584,6.801605224609375
121-127105-0017.wav,2.122030735015869,0.949245048437596,3.881340977459609,2.918272282651767,3.0057990953258416,6.576184276108074,11.4408540725708
1580-141083-0027.wav,3.703059196472168,0.9436513487204512,4.977767218441069,4.242092616970422,4.366316950544785,14.86188703183077,20.096044540405277
237-134493-0003.wav,1.7622746229171753,0.9096126942308428,3.20628685597305,2.1885309458154256,2.475695482610278,-1.724387242135289,3.085292339324951
5105-28240-0008.wav,2.002884864807129,0.8937761175071127,3.198109095945004,2.446383728289162,2.573599324957879,1.4032690092254887,5.787039756774902
2961-961-0004.wav,1.7399684190750122,0.939367941263756,2.892579637002006,2.583800395151814,2.286746037913256,5.670393360309297,10.773640632629396
121-127105-0021.wav,2.236858606338501,0.9779966336713406,3.827245700358689,3.034240575671858,3.0258601610903586,8.030665839669789,13.498330116271973
1284-1180-0018.wav,2.572603464126587,0.9237224597442996,3.968859717843217,2.5920148617020984,3.262396744761894,-1.3834885576700322,5.902378559112549
8555-284449-0012.wav,1.5787909030914309,0.7626858149682478,2.674001902931967,2.087498235094857,2.0207059495614117,2.3592714801717687,4.842263698577881
4507-16021-0018.wav,3.108462333679199,0.9852276430835266,4.413514886992193,3.893248386457468,3.763899897091629,14.779418472349972,22.131092071533203
237-134500-0039.wav,2.8393394947052,0.9628409472781496,4.162686504577628,3.3907486532290068,3.4883745330642424,9.498234160787808,15.692720413208008
8555-292519-0010.wav,1.080763339996338,0.3733393727171135,1.0,1.2932707133192674,1.0,-3.0513646614094245,-1.668148159980774
237-134500-0036.wav,1.958688497543335,0.910192680381922,3.100786528926839,2.3698370094391468,2.480597437986889,1.5043032373064826,6.245876312255859
2094-142345-0013.wav,1.8755202293396,0.906538663894142,3.48590614474126,2.7695156012109923,2.6610031262949803,7.123353074873911,9.007061958312988
121-123859-0000.wav,2.7021656036376958,0.97736872637254,3.9658837839835055,3.300817057135235,3.331087816675373,8.675144111850827,13.022102355957031
1188-133604-0039.wav,1.6971577405929563,0.8435008092068839,2.99111007168659,2.1574509200845875,2.326133776846099,-1.3000601771707236,9.529363632202148
908-31957-0010.wav,2.0484132766723637,0.8239988321845433,3.1274143147681968,2.1558131486645413,2.46212748873738,0.8200705322833032,7.415657520294189
7176-92135-0006.wav,2.8832716941833496,0.9846092861486548,4.414639284834228,3.5318611030034086,3.6669562286413018,10.037492456524229,13.663750648498535
4992-23283-0009.wav,3.182011842727661,0.9846912039011696,4.331543728751415,3.4916349847233263,3.743783848995464,8.572193633453212,15.06333351135254
5639-40744-0041.wav,1.5217328071594238,0.8601034745437813,2.453194875308697,1.6932155021530984,1.8687121442698644,-2.8796468785740656,2.3989200592041016
1188-133604-0011.wav,1.7175750732421875,0.7794508979304622,2.9278109692565333,2.458032754989465,2.2907495234881705,3.941741825571403,4.523974418640137
4446-2273-0026.wav,2.691158533096313,0.98076632284014,4.432894774234427,3.436516313144113,3.578486836472357,10.005599436537146,18.591157913208008
8555-292519-0002.wav,3.506567001342773,0.9857342102712028,3.857561151170839,2.6981583813632164,3.420874504866733,4.571836827526635,15.229817390441896
7127-75947-0037.wav,1.3380032777786257,0.7967956594658232,2.875008635915207,1.89809216266287,2.0717647511569,-2.0203946478231427,6.313421726226807
1284-1181-0021.wav,2.593114852905273,0.9554760520312868,4.020789447863417,2.8150732938342413,3.28883148675344,2.4315777844321023,4.698577880859375
1580-141083-0020.wav,2.762516975402832,0.967685411370228,3.868455795120701,2.937339059582555,3.2500598323966123,5.224617283675735,16.678449630737305
5683-32879-0023.wav,3.478646278381348,0.966940316480616,4.636952902376473,3.853087947305193,4.044534255479593,12.103042795558755,16.405637741088867
5142-33396-0010.wav,1.81955885887146,0.9692835455089556,3.252636197663429,2.265339070254734,2.537479945020228,-1.3714402830920314,8.359108924865723
5683-32879-0000.wav,2.208010673522949,0.908623138783762,3.4207656482618995,2.60409266336498,2.7640610332827915,3.4035534081556493,12.445219039916992
121-121726-0001.wav,3.461202621459961,0.9390694767923108,3.429616409998854,3.232965962409709,3.422352173732632,2.949035479384143,13.626581192016602
5105-28240-0000.wav,3.465712547302246,0.9697447121392454,4.782130789653608,3.8378336892792366,4.142390127338286,10.542512173713222,17.37734603881836
5142-33396-0029.wav,1.5573208332061768,0.918368620198232,2.4130638102371336,1.833237033490168,1.884899031588894,-1.7282797547494144,8.668768882751465
672-122797-0029.wav,2.867241621017456,0.9157108256714434,4.150136439907337,3.038286066243145,3.4830644262441184,4.271492561109743,14.203155517578123
672-122797-0049.wav,2.0574004650115967,0.8472402542655436,3.5206151334799256,2.5941215476053765,2.723293416224285,5.0223204216223145,11.628713607788086
672-122797-0014.wav,3.2536191940307617,0.9757751230752756,4.499392956502035,3.6161497486530743,3.885150202327914,9.049655763894403,11.972131729125977
5142-33396-0005.wav,1.1508839130401611,0.7989352861111206,1.6538136478280825,1.3768034963696894,1.2392708008609423,-3.1308978321199192,1.31367027759552
2094-142345-0026.wav,1.62544846534729,0.8455462891125374,3.2444919549220628,2.142163048902433,2.373763340236549,0.8621951196236824,2.8872761726379395
1284-134647-0003.wav,1.5656639337539673,0.7643615814660775,2.8614543449252365,2.430533460211443,2.1684657893450643,5.211083080516515,5.433347225189209
8555-284449-0016.wav,3.3986730575561523,0.9725612820897032,4.40922611587713,3.762970060094592,3.888711061471725,11.373200253790303,18.29306030273437
6930-76324-0008.wav,1.3949906826019287,0.7981790004539969,2.7979545837515363,1.9241310672226608,2.0528602784994057,-1.627890239816649,6.664988517761231
4992-41797-0003.wav,1.19928240776062,0.9496441278689663,2.756718916464894,2.050640845599331,1.9026738655443305,3.2240106083915907,9.27989673614502
5639-40744-0013.wav,1.6848461627960205,0.9309274527290244,2.5166599626567363,2.187432606444331,2.0059507366425837,2.7011795802941303,6.725666522979736
8463-294828-0038.wav,1.948785901069641,0.9491464069403605,3.5773031292862254,2.904934117667181,2.748317811931337,8.503646112507079,8.39850902557373
4970-29095-0016.wav,1.7911148071289062,0.8553720703103654,2.571413813674778,1.779701114607202,2.063571587470996,-3.551125455706344,7.283258438110352
1995-1837-0010.wav,1.0654011964797974,0.6958651340717683,1.6614282081065266,1.6123758665607917,1.1859264100826126,1.872319746399833,1.871983766555786
3575-170457-0019.wav,2.6908507347106934,0.9692404750007496,4.08892634440872,3.292847154284101,3.3762468498118525,9.090485246822992,12.986993789672852
2094-142345-0059.wav,2.184385061264038,0.9366609654649454,3.7506362992120543,2.970286346568048,2.9551899970870124,7.680398225820292,6.151812076568604
1284-1181-0008.wav,1.0856717824935913,0.6426778285480208,1.483628048559665,1.5435191041217022,1.1920019422692882,-3.0889642477714405,1.1831759214401243
5142-36377-0003.wav,2.213876724243164,0.9577287850256904,3.4129702789913523,2.6984433742292264,2.7761741159713784,4.282600524943647,10.013147354125977
5142-33396-0031.wav,2.9077818393707275,0.968087322412923,4.000211137876689,3.4136470366446057,3.456788614108871,8.69491400347348,16.061758041381836
6930-81414-0027.wav,1.5117905139923096,0.9081043752054412,2.9910553420448944,2.6378063137923715,2.2246848158777297,8.0755092531231,11.45978832244873
5683-32866-0030.wav,1.6056737899780271,0.7609079931247209,2.7888939407151634,1.9265088463811677,2.100149953292425,-0.7834953246650068,6.531599044799805
5639-40744-0008.wav,1.3553264141082764,0.8507907625830566,2.506401622067892,1.9501990731424368,1.851637317864219,0.6785001030959897,9.205280303955078
8555-284447-0024.wav,2.8228416442871094,0.9178180832472898,4.012234420936154,3.056834725670569,3.3576298765335166,6.418342604605156,13.632314682006836
1089-134686-0005.wav,2.896028995513916,0.9703943229899478,4.235265340812177,3.535753683608221,3.575381704211232,10.388678845063373,14.537005424499512
4507-16021-0048.wav,1.366724133491516,0.630532255018976,2.415254446456884,1.602880387095828,1.7423527635688816,-1.8505892029236293,2.237358331680298
4446-2275-0011.wav,1.7700610160827637,0.9033218737988832,2.8088369056159666,2.2574855614176044,2.242208796198204,1.058400459807721,8.606851577758789
8555-292519-0012.wav,3.392119646072388,0.9594428469209196,4.06051787317988,3.032192870994646,3.6141958540242487,4.127815831536053,10.308870315551758
7021-79740-0014.wav,2.3912675380706787,0.983365264573654,3.90495302521021,3.108645019359886,3.1420649222359995,8.059140625462344,10.326875686645508
4970-29093-0023.wav,1.0844343900680542,0.5178286835343672,1.0,1.0,1.0,-4.608528961526785,0.515164315700531
672-122797-0004.wav,2.294361114501953,0.8740773107040924,3.422034385619533,2.5390385626532166,2.8129223275942703,1.5119619711981327,4.81139612197876
8455-210777-0022.wav,1.590925693511963,0.92202735201013,2.705899204090421,2.4438070722711878,2.115792467586206,4.702718764728199,8.67410945892334
7127-75946-0005.wav,2.437508106231689,0.931467914632107,3.850019982520171,3.205214804909673,3.1241161884776747,9.856462350882031,10.957090377807615
1188-133604-0000.wav,1.7668113708496094,0.7183694837596974,2.263008869841176,1.6989064050625466,1.912606725927977,-5.29952718326537,3.763761997222901
5683-32879-0003.wav,2.2148237228393555,0.8494976924621928,3.374263328652412,2.433216693566516,2.703839403380237,2.424985483109681,6.442893981933594
4970-29095-0000.wav,3.3482937812805176,0.982137173813288,4.5205601910617865,3.6444484847609977,3.91873816707539,9.871049452975836,19.38171768188477
4992-41806-0005.wav,3.041243076324463,0.9867905053031576,3.972383436584672,3.3930101095146297,3.441342910546374,10.394489264837247,16.441967010498047
5639-40744-0021.wav,1.5333731174468994,0.8530079018214576,2.3634624069993078,1.6414083533889112,1.82233196783448,-3.455015835765128,5.958829402923584
4970-29095-0008.wav,1.5879265069961548,0.9288980862051016,2.6678234616865857,2.062721981700681,2.087924406046858,-0.9970960974050944,10.790470123291016
1580-141084-0017.wav,1.8597803115844729,0.8921081869645376,3.2206608488561868,2.566582131975637,2.5156086612849675,4.26253140473994,13.836570739746094
1580-141084-0044.wav,3.488881349563598,0.9735567879601577,4.713751760359029,3.7538495224722,4.088028356191325,10.445198639884794,21.665990829467773
1089-134691-0024.wav,1.3519320487976074,0.8195105452613943,2.129996535174404,1.6092634076323395,1.6484453550647644,-4.082230055991801,3.363800287246704
3570-5696-0002.wav,1.8982536792755127,0.931717012876928,3.279430017250484,2.6290284366161965,2.5575121080277663,5.25993997402402,10.660714149475098
1995-1836-0010.wav,2.3733372688293457,0.9460986945338566,3.3719719464348445,2.5686199772883525,2.763401059010498,4.223745431315228,7.179694652557373
2830-3979-0006.wav,2.971665859222412,0.9034858266695426,3.935418847475808,3.540927654071228,3.4417685292340656,10.893206870783091,13.768773078918455
5105-28233-0001.wav,1.730372428894043,0.8700266041990838,2.8981784473941654,1.975680205163752,2.272069487218173,-3.353619483499429,6.99581241607666
908-157963-0001.wav,1.9448816776275637,0.945720108621256,3.237764712924105,2.289176185014322,2.514092119640796,1.5487101393165374,10.594400405883787
7729-102255-0029.wav,2.2309412956237797,0.9472376756996428,3.522482573721128,2.7812095682568763,2.8533570134531807,4.846708524816332,8.814666748046875
8555-284447-0021.wav,2.7770469188690186,0.9696732027070044,4.2560732664892384,3.769751559762364,3.540763602089309,14.339938816793186,9.468376159667969
672-122797-0028.wav,1.0741500854492188,0.4275116158853491,1.432315511475609,1.0167299173508904,1.0,-3.824143153422548,-1.415563702583313
3575-170457-0037.wav,1.6472468376159668,0.7885047803061745,2.871274086411441,2.273999139846357,2.176720871138037,3.7740599031896886,4.9304962158203125
4446-2271-0024.wav,2.2948498725891118,0.9108598560820766,3.632841165205869,2.905687396099601,2.944981072517324,6.141974280813831,10.744630813598633
6829-68771-0021.wav,2.6036055088043213,0.9869628576901216,3.861169866092265,3.1662442038816154,3.208713789141123,8.190175004178512,12.723230361938477
5683-32865-0002.wav,2.0107128620147705,0.9152043462972484,3.530067782558135,2.30364481784084,2.7163874360563725,0.2385887912039316,8.20245361328125
4970-29093-0002.wav,1.6848366260528564,0.8677155348046569,2.8063359316143823,2.122281927447394,2.183240488233604,0.2060988197691119,9.717758178710938
7729-102255-0015.wav,2.3070428371429443,0.9442412733705124,3.625375268203916,2.8455856258642998,2.94182662739089,5.342049781929128,8.163139343261719
121-127105-0016.wav,2.638150215148926,0.9866343455132752,4.314112470948451,3.410772028071696,3.485916748293641,10.2943537841181,15.949956893920898
4507-16021-0040.wav,1.152101755142212,0.6590139892810033,1.2244367598387782,1.0,1.0,-4.08874050612097,-2.201993942260742
8463-294825-0011.wav,2.2380447387695312,0.9457013572064246,3.678629783782217,2.6969213781455115,2.915018272745286,4.319342747241299,11.937273025512695
121-127105-0006.wav,2.070694923400879,0.9484127188563382,3.3830886239651883,2.6908810918198687,2.712612512549629,4.208762106046348,11.04124927520752
1221-135766-0005.wav,2.253493547439575,0.9637030598056914,3.9567467334745543,3.134434592118227,3.111965209538424,8.910208426923113,10.849302291870115
6930-81414-0000.wav,1.2280426025390625,0.8462624908734536,2.9388292317013387,2.01549598839004,2.067614875403202,-0.1870281384588976,2.228994846343994
2094-142345-0048.wav,2.0222649574279785,0.9101148204002286,3.497690120041928,2.4674021519494893,2.718746979535446,2.193518126748641,4.404029846191406
61-70968-0011.wav,2.154613971710205,0.9689535454328612,3.8710336196988537,3.00108607213681,3.0148007991099264,7.745821672584231,12.006473541259766
1089-134686-0035.wav,3.784297227859497,0.993330258689282,4.998653601550045,4.029803982187202,4.417093810597902,10.90395624969374,19.028623580932617
4446-2273-0002.wav,2.7439095973968506,0.9646124988068132,4.1881643094107215,2.719902579597673,3.471878451867259,-1.2638741142394958,13.612289428710938
4507-16021-0059.wav,1.5632257461547852,0.7347270148997174,1.3372614979410948,1.2969050840704024,1.1239819014581298,-0.2138753712634135,4.286733627319336
1580-141084-0042.wav,3.0523781776428223,0.9384469423775504,4.455715940641954,3.41628394618052,3.7531021219458287,7.787197476472698,15.435169219970703
3729-6852-0007.wav,2.365931510925293,0.9563389489736432,3.612870898562177,3.0526974590528986,2.924912757612443,9.963988459874075,14.74840259552002
8463-287645-0003.wav,1.3874441385269165,0.7580283576713489,2.302278430960797,1.6853103256414688,1.728339112412343,-2.0976896311119777,5.392648696899414
1580-141083-0026.wav,3.183366537094116,0.9771452452050772,4.573261845114187,3.3776437012248026,3.87964143683523,6.095973468985468,17.525346755981445
3729-6852-0008.wav,1.5372052192687988,0.85562247059073,2.801431637461369,2.286020813913533,2.091624635441424,4.569701765315877,8.440315246582031
7021-79740-0008.wav,2.316354751586914,0.9715253638883492,3.638140085607629,2.885744595726257,2.954654730828712,5.830657870590673,11.589052200317385
6930-75918-0020.wav,1.3943809270858765,0.8053181852005424,2.6554614156678373,1.7997788942046693,1.934656643759384,-1.5265360892781232,4.834702491760254
237-126133-0000.wav,1.3674585819244385,0.8793024224303992,2.741939350546569,2.1412619732894917,2.0116793280475083,2.0013851887345555,6.689786911010742
1284-1181-0013.wav,2.5186097621917725,0.9322426225817316,4.056287503257932,2.9813428572874727,3.277584997210312,5.252174546717919,-3.06488299369812
61-70968-0051.wav,2.432408094406128,0.9768867531988126,4.001604208298867,3.2127822028130275,3.21012873787816,9.435279311301803,15.07288932800293
5142-33396-0026.wav,1.61232590675354,0.8518270272547679,3.0405557608555926,2.0931508011399504,2.299727913412456,-1.3170247904416974,6.382284641265869
61-70968-0062.wav,2.061335563659668,0.9271876204306538,3.63253422217578,2.5883304655375228,2.810883250140992,3.582509033530102,11.431836128234863
121-127105-0010.wav,3.0679752826690674,0.9573884010755128,4.500081334261441,3.289491737665269,3.775030728150533,6.0097378142171936,10.634119033813477
61-70968-0024.wav,2.646937608718872,0.956123352706365,4.296236819160765,3.3985543421877304,3.472775504518036,10.41636643775631,14.595271110534668
2961-960-0005.wav,1.1317366361618042,0.4826912505553944,1.0973084517931928,1.0,1.0,-4.828846179337372,1.155552625656128
908-157963-0027.wav,1.1910947561264038,0.743943020649654,2.3638643650202478,1.606532095048936,1.596194937321192,0.9454541815203368,0.7025303840637207
5639-40744-0014.wav,2.1941676139831543,0.9470446959481732,3.0676555425937893,2.725250146992435,2.570916140471106,5.8924663691867565,12.686725616455078
6930-75918-0013.wav,1.5887045860290527,0.9208921886998436,3.21730467486511,2.735894766816761,2.388321302783369,8.510382504786005,11.703603744506836
61-70968-0028.wav,1.449161171913147,0.8620454697449388,2.7036938327710214,2.046126873981637,2.041798204198234,-0.4763019715732018,7.519869804382324
1284-1180-0032.wav,1.112725019454956,0.6360029338446286,1.0,1.3181898098645082,1.0,0.0500792162868027,0.5999311208724976
61-70968-0060.wav,2.6644816398620605,0.970528116525758,4.288612310713176,3.25243056635115,3.468928842466718,8.356486533552248,13.666739463806152
7127-75946-0021.wav,2.122185230255127,0.7601289895898619,3.565592634107275,2.9081155074703022,2.820862871024704,7.643358829419566,12.777050018310549
8463-294828-0025.wav,1.3386147022247314,0.9041497309764244,2.396337587232804,1.6384617843726017,1.7409086311168496,-2.0489950880749994,3.41353702545166
4970-29095-0009.wav,2.26763129234314,0.9042430326728246,3.1941458168583114,2.307696143620203,2.65524691957232,-0.6008783400206006,8.672152519226074
260-123440-0005.wav,2.4165728092193604,0.96203704462434,3.960428780634952,3.13341322799472,3.1768837659008646,8.505368065289707,10.409080505371094
237-134500-0007.wav,2.931466579437256,0.9699203885683872,4.161717878728665,3.673789200445949,3.5578626732146272,12.258797337246463,18.10367584228516
672-122797-0022.wav,1.511449933052063,0.73894115808766,2.928124058055098,2.0453259012315708,2.1722266274428206,-0.402286162764798,3.006004095077514
6930-76324-0022.wav,1.2642358541488647,0.8378096333002095,2.794286024086752,1.9569282221745012,2.0051691640809715,-1.003493545470327,-1.4668238162994385
4077-13751-0015.wav,1.7521467208862305,0.882702513191897,3.23665543958125,2.4057048120599056,2.4497361650426246,3.383830995803648,4.324419021606445
2830-3980-0043.wav,1.303668737411499,0.9593033647308506,3.0238287958546346,2.2367093830979488,2.0814041320769743,5.688910997355764,11.201120376586914
61-70970-0040.wav,1.3465479612350464,0.8446728365523475,2.7043839687816686,2.04190237313892,2.0071167850110028,-0.5046082484335275,6.211464405059815
260-123286-0024.wav,1.1427254676818848,0.6999627356871989,1.2639196693781214,1.2861681295470366,1.0,-0.7667082935903973,2.534686088562012
7127-75946-0023.wav,2.5979995727539062,0.9685955371253592,4.19148837403317,3.317666450858644,3.393890251138765,9.594215759944086,10.839899063110352
5105-28241-0008.wav,2.7531018257141118,0.9353496184816902,3.990488553765045,3.5118513633687884,3.3858445481985195,10.898537200540348,16.27756118774414
121-127105-0005.wav,1.1650563478469849,0.6859517953611223,1.4146670790722844,1.2484286130336448,1.0839344200357055,-3.35952388778003,-0.1167371794581413
61-70968-0040.wav,1.5847710371017456,0.9091784128247308,3.267483732743457,2.360056383420348,2.3973721531107257,3.188302344938246,8.864201545715332
2300-131720-0041.wav,2.2383108139038086,0.9530986123996528,3.105484794899104,2.7688259689222603,2.6506557479476296,4.54738680027319,8.276328086853027
3575-170457-0018.wav,2.6446855068206787,0.9617816205663328,3.4255997538716048,2.758453216344121,2.880558736488472,7.229002210857414,18.491405487060547
61-70968-0001.wav,1.4230142831802368,0.8921502769300754,2.734401247045737,2.058222082142655,2.074824865281524,-1.4495952434003463,6.8443145751953125
1188-133604-0033.wav,2.147372007369995,0.8922944237657424,3.295391586183838,2.616938745728565,2.693054855006003,3.098390723436748,11.765220642089844
4077-13751-0011.wav,2.5378849506378174,0.9146276227238014,3.9478036699089016,2.8973132891200244,3.199193976374396,5.276565336185574,5.67232608795166
1221-135767-0012.wav,1.4893875122070312,0.8895845184437122,3.0984582554652755,2.4673973448289943,2.27397230847309,5.225133108744406,5.020380973815918
2830-3980-0016.wav,1.120847463607788,0.6942672470607734,1.458429140233184,1.2199803846026367,1.0567559469154602,-2.3023968150091174,-1.537784218788147
61-70968-0039.wav,1.6706712245941162,0.8695521393457826,3.0908497921657423,2.256053235276745,2.311224263135179,2.720180872768504,9.033084869384766
6829-68771-0010.wav,2.3528590202331543,0.9600922796198774,3.8229250640082695,3.089289593172128,3.0840300553305853,7.947509779881949,11.409896850585938
3570-5695-0008.wav,2.406087636947632,0.9865230688687102,3.987246010254302,3.4212534787063587,3.196148897884901,12.659634446036742,14.94275951385498
1995-1826-0021.wav,2.1838831901550293,0.9322108009559836,3.3277078806554528,2.1439458625687227,2.6727556785818054,-2.2713253155770308,5.536832809448242
6829-68771-0028.wav,2.0007593631744385,0.9692943985051296,3.7407448489724575,2.716319421842477,2.8696686742826345,4.508187659072345,15.242265701293944
3575-170457-0040.wav,2.0629961490631104,0.9224494944279088,3.3619533536859945,3.0110647253865817,2.6866626030435925,9.858161673157502,15.113831520080566
260-123440-0003.wav,2.337341547012329,0.9761122948764216,3.721397275098425,3.1397771405219013,3.009676927078411,9.571585814248618,16.56026840209961
5683-32866-0007.wav,2.9949536323547363,0.9161376919748736,4.0440848565043925,2.785321927219624,3.4753155326277447,0.1450674000634489,19.525718688964844
6829-68771-0022.wav,1.7991286516189575,0.9229609085670132,3.610179642221216,2.568733193887241,2.696449149507941,3.979020448184135,9.532522201538086
5142-36377-0012.wav,2.28393292427063,0.9678854966863634,3.601533793535603,2.894455702083308,2.9068515255417897,6.797257276185034,14.186042785644531
7176-88083-0014.wav,2.7164363861083984,0.984815399026855,4.287600953299882,3.188478137806827,3.516679884634151,5.977038117067495,5.730009078979492
7729-102255-0022.wav,1.4796520471572876,0.8479308713366942,2.5071941192901064,1.925356816915069,1.962832575529405,-2.774871883798939,5.790541172027588
1995-1826-0018.wav,2.1708991527557373,0.9062943767465445,3.230641679646279,2.519083617028463,2.6346078686982493,3.0457071583796003,8.945733070373535
7021-79759-0000.wav,2.273921012878418,0.9421142117116416,3.032734203885544,2.325991699962647,2.5697594290666936,0.0096955808920655,8.728140830993652
1089-134686-0002.wav,3.0272774696350098,0.9710353040675538,4.162002822331908,3.5354686851714567,3.6093955859600335,9.203670260356867,13.43006706237793
1995-1826-0013.wav,1.7577269077301023,0.8674746207106434,3.199017057685125,1.9001624931963963,2.3876420748239218,-2.648157619322571,-1.3498320579528809
7176-92135-0013.wav,2.9400858879089355,0.9723840194612332,4.523371328292418,3.1869755608956263,3.759015869178061,3.7236859413817993,9.918715476989746
8555-284447-0009.wav,1.925546646118164,0.8581407282812815,3.005965034934229,2.178563843618904,2.324614180372781,2.7760844943478165,10.042469024658203
5142-33396-0012.wav,3.569561719894409,0.983186651376488,4.573808726370787,4.020614496552703,4.093215059682465,12.56599526555003,19.91663932800293
260-123286-0016.wav,1.853631854057312,0.9472090438751656,3.449237702090455,2.1664807864902613,2.6162479873402784,-1.6015268512999628,8.181289672851562
8463-294828-0021.wav,2.436485528945923,0.9649095138458536,3.872673403186736,2.797467975302327,3.135896184090547,3.346902213886364,13.66502857208252
1221-135767-0016.wav,1.6983673572540283,0.8984405890164815,3.291323929693666,2.571640850318216,2.476370702870515,5.254253865234984,5.952470302581787
1188-133604-0012.wav,2.3926587104797363,0.8709528658003605,3.669131753946147,3.0643968670602613,3.0084856043038606,8.092775952247315,10.931631088256836
237-126133-0002.wav,1.6016790866851809,0.8727288848160102,2.78320579621362,1.9843711049697357,2.130805537800816,-1.3989685524333335,8.512335777282715
8555-284447-0015.wav,2.1496450901031494,0.9177211451961922,3.460745858212233,2.356884183539164,2.723640994928132,1.2812478747190388,5.923515319824219
2830-3980-0055.wav,2.5275228023529053,0.9405509826929106,4.071046775376815,3.0299220841268526,3.2761531571539955,6.540593153301099,10.797599792480469
4507-16021-0014.wav,2.1420562267303467,0.987634371090688,3.609718937424513,2.935822292126022,2.81041583289074,9.802123550734342,21.27840232849121
4992-23283-0002.wav,1.7102813720703125,0.8765759727650242,2.8258333246166285,1.9590280504977335,2.2013441046815263,-2.382384451555644,5.495838165283203
1089-134686-0004.wav,2.436437129974365,0.9594323741289992,3.754554384564715,2.8047861887559025,3.0742896513814206,3.5872181514608803,12.030767440795898
4507-16021-0012.wav,2.430248022079468,0.9209552013096812,3.4840383010698592,2.7166448865797905,2.8560989019725365,5.78030781579958,14.86493968963623
121-127105-0031.wav,3.381150722503662,0.950732749647614,4.024915369983569,3.462644391622719,3.698453046563418,6.306773346611866,13.81004524230957
7127-75947-0000.wav,2.100165605545044,0.9041358769308562,3.677044462605784,2.295320656092781,2.8598406972849064,-1.6803979194166363,6.709537506103516
2830-3980-0019.wav,1.8566603660583496,0.9762488681584643,3.4256184907034126,2.365193909826818,2.599396648975451,1.8217131386947008,5.979379653930664
2300-131720-0011.wav,1.586524248123169,0.8533594306625959,2.843951196439628,2.370378276302347,2.173113829289316,3.9735707028781495,4.842308044433594
237-134493-0011.wav,2.908449411392212,0.964881047921242,4.086345089692525,3.5692008546352945,3.511832900227966,10.636880055896391,16.570079803466797
61-70970-0018.wav,1.7588262557983398,0.8911396995410404,3.443459881464539,2.1691093378664594,2.5718868478363883,-1.1219012774512311,6.605498313903809
5142-33396-0057.wav,1.7922452688217163,0.9607834902008374,3.2496917534058887,2.5635806238010983,2.502773167939806,4.426707548773719,14.170358657836914
8455-210777-0060.wav,1.779714584350586,0.952046115163078,3.032069582126938,2.60975372589984,2.3799374052148616,5.617111122946063,10.278905868530272
237-134493-0005.wav,3.030682325363159,0.955647720368236,4.130655289442959,3.475499632609557,3.5826901886645417,8.791098257505803,13.905027389526367
8463-287645-0006.wav,2.462613105773926,0.9124495347090544,4.111819363722496,2.5800554195076533,3.2770971868215346,-0.6995443805741692,9.499160766601562
1089-134691-0009.wav,1.957671403884888,0.8670674040057758,3.356725669766782,2.5090546438827435,2.649159389016348,1.8833354720666575,6.8724799156188965
4507-16021-0043.wav,2.7288506031036377,0.9758676092368986,4.039232836379136,3.2401997335063086,3.346933168318448,9.014055951522655,14.715867042541504
121-127105-0033.wav,3.2381246089935303,0.9692064588739848,3.952585909285086,3.447712754256749,3.605478783562284,6.4835764847836455,14.97219181060791
4970-29095-0020.wav,2.8828341960906982,0.93015530070235,4.177626706248352,2.6722989508723693,3.51523978468678,-2.124185613288058,10.81068992614746
3729-6852-0044.wav,1.872018814086914,0.8671371831239824,3.3613088546521195,2.457454760717253,2.556255231594581,4.002284714557066,10.076833724975586
8463-287645-0009.wav,1.8856550455093384,0.8794204129938626,3.281492427415201,2.6583105519077765,2.5442525979322315,6.169442040218342,11.67711067199707
61-70970-0015.wav,2.081822872161865,0.9759978144908932,3.734572465270734,2.9696519183869303,2.898400222902253,8.316610299350112,13.070775032043455
4507-16021-0055.wav,2.1963706016540527,0.8767427800274253,3.2735312525475324,2.255617759945067,2.6618406628757407,-1.0224591419386089,9.793464660644531
121-127105-0028.wav,3.7430148124694815,0.9838422246381876,4.277560611783489,3.498752486386934,4.019416037678663,3.5824846176629315,12.942801475524902
7021-85628-0003.wav,2.1544294357299805,0.9644050920160168,3.680134886563717,2.712446789195204,2.870254562494586,5.345138049821834,7.449805736541748
8455-210777-0015.wav,2.124202013015747,0.9711588373543408,3.0472557899870685,2.827252150845896,2.54782598113695,7.055898144368821,14.72408676147461
4507-16021-0005.wav,2.0754499435424805,0.8902121464780066,3.0210506936448214,2.091532698851703,2.451149256752602,-1.651935243699148,8.707520484924316
2961-961-0012.wav,1.7408125400543213,0.9426310789047404,3.024594046648787,2.3754717224481143,2.342638470063216,2.8074810664194594,4.061394691467285
2300-131720-0001.wav,1.9906235933303835,0.9388759560591576,3.1465808114115457,2.4988879006655877,2.5362437633592574,2.573129243625753,3.3313140869140625
672-122797-0017.wav,2.76928186416626,0.9351739712482188,4.175107374757036,3.3570225419281883,3.46687340322243,9.155401094866166,11.656275749206545
3575-170457-0005.wav,1.4877676963806152,0.8540583102076595,2.6275758767768886,1.6949420065623777,1.9578953069852167,-3.4566656295305984,5.117520332336426
8463-287645-0013.wav,1.45555579662323,0.8645960314163859,2.8131967806746183,2.1988239499179474,2.0833209241847657,2.6123379690847104,10.68173885345459
1580-141084-0043.wav,2.3814401626586914,0.9396528744091872,3.665835976130496,2.674250237778609,2.948061948670694,4.325456692669985,14.617912292480469
8230-279154-0040.wav,1.875107765197754,0.9265281387177507,3.3782325549390926,2.542114829518401,2.584730245503817,4.507809116894501,6.178225517272949
4446-2275-0002.wav,1.8812220096588133,0.9324270262653388,3.1381141189683928,2.1997243864499603,2.4845961923167588,-1.6895003854817958,10.74546241760254
1089-134691-0018.wav,2.819342851638794,0.8951805652500636,4.105305461527863,2.868790560213242,3.4249636702428456,2.4559031904395057,14.499696731567385
2830-3980-0049.wav,2.26888108253479,0.8898301094954718,3.5266101512814663,2.7023250971050947,2.843555031982776,4.673162327585547,9.64610481262207
2830-3980-0033.wav,2.1246044635772705,0.8617090183366891,3.5006505097187075,2.772930194738598,2.7675596861038403,6.457824543604135,12.371220588684082
3729-6852-0016.wav,1.630159616470337,0.837629307428589,2.865791691623271,1.9870537506661692,2.1666306088764564,-0.7067645518843985,6.015451431274414
8455-210777-0008.wav,2.5058703422546387,0.9665192893523208,3.614581023038464,2.87283546966359,3.031542308684888,4.500168384461444,12.442564964294434
8224-274384-0001.wav,2.393821477890014,0.9573743093961652,3.696347738375433,3.0460082501030943,3.034368654582116,7.274199315810135,10.382546424865724
1320-122617-0003.wav,2.527528762817383,0.9633756070407864,4.059424873023461,2.982648540981959,3.2833962032602804,5.216403672664782,3.852199077606201
1995-1826-0005.wav,1.2383339405059814,0.7892020838199658,2.3513989803451345,1.5804472527686084,1.6829101685434462,-2.8698838255702657,4.929076194763184
8230-279154-0011.wav,2.0761966705322266,0.9036707068273272,3.186232470731293,2.1863651566618776,2.5283396336148525,0.084549616575992,3.229654312133789
2094-142345-0052.wav,2.32915472984314,0.8180167974761909,3.889241942822803,2.947251460825706,3.0849148027858893,6.760258379310598,11.859599113464355
7127-75947-0010.wav,2.8107526302337646,0.9755473701879523,4.2259666782619565,3.516488705409758,3.5273065691359147,10.746945725766103,14.9318208694458
8455-210777-0018.wav,1.2387733459472656,0.7890314437637913,1.791933160474415,1.2226720772337611,1.278249801332402,-2.9783357548499088,0.3063294887542724
2961-961-0016.wav,1.826162576675415,0.9295293517802744,2.6688404069431813,2.076096413251837,2.148234870361707,0.0730445609670728,9.42153263092041
260-123288-0006.wav,2.053546667098999,0.9561501272756948,2.960295750265983,2.7101448831680592,2.504314065848656,4.171888638974612,10.368781089782717
8230-279154-0018.wav,2.809239149093628,0.958803148597732,4.179665494595347,3.197629557594775,3.487371504741226,6.407965061991136,7.706382274627685
8455-210777-0058.wav,1.588197946548462,0.8480721489828259,2.722135784565616,2.034721976830944,2.11312390421865,-1.357166024705303,4.904393672943115
5105-28241-0014.wav,2.605196714401245,0.9421751629501338,4.08295260377313,3.021659768726539,3.3316977600154973,5.3619832209646665,11.31504249572754
61-70970-0004.wav,2.596801280975342,0.9561985948219396,3.9531757099391465,3.200492123987215,3.2824294428900678,7.403189710011086,12.69521141052246
1188-133604-0013.wav,3.110958814620972,0.9800340196612988,4.25739010718852,3.523541848224137,3.679299447859669,9.2524346886431,15.164937019348145
5683-32866-0027.wav,1.5055863857269287,0.8179691823582533,2.88832822210454,1.8928117601712544,2.105922498138246,-0.8602357588400138,4.117764472961426
1580-141084-0005.wav,1.6078531742095947,0.8249761843383633,3.0903883897672384,2.1705096936642825,2.2674404971361435,2.3603293713597235,13.07143211364746
7127-75946-0010.wav,2.2196974754333496,0.9408069621597092,3.605272474096338,2.899056933257793,2.8892067641331862,6.787910328157082,7.342222213745117
8463-294828-0009.wav,2.252037525177002,0.9609596309608284,3.875781312120978,3.0847198610861315,3.050230259346254,9.044760084546624,15.242890357971191
7729-102255-0025.wav,1.3002731800079346,0.7753012832512589,2.3019659647820903,1.7017239821675278,1.7228083246715613,-2.87833708770807,1.1500027179718018
237-134493-0007.wav,2.0557260513305664,0.899740059817088,3.4542598050976228,2.4625501682686743,2.710046253327345,2.0383204497051466,9.175152778625488
6829-68771-0031.wav,1.8577913045883176,0.9591240919958124,3.099655750660948,2.2584221001914813,2.3796298440068857,2.68030984959206,9.796643257141112
6930-76324-0021.wav,2.969919204711914,0.9450610582525492,4.232983548914753,3.485075774595616,3.6130921287075504,8.95606218843914,10.410717010498049
4446-2275-0023.wav,1.7163442373275757,0.8907709953389438,3.167391926203155,2.0093701851412167,2.3832341851330763,-2.0205077364202846,7.382951259613037
2094-142345-0040.wav,1.295032262802124,0.7854095691890142,2.278657402754853,1.851080239730145,1.720137702734491,-0.97775670568773,-0.1733131408691406
908-157963-0015.wav,2.079913854598999,0.9428621640912068,3.539224932058429,2.7273766976139053,2.7843771057933453,5.18423192288714,11.470507621765137
237-134500-0025.wav,2.1543753147125244,0.9805101596045908,3.456174908184298,2.643117430930112,2.7449396261809937,4.855377637147909,15.27759075164795
8224-274381-0013.wav,1.959073781967163,0.908003520035155,3.4177678709474115,2.2513927301730248,2.6689479647213443,-1.7196448241978088,5.049267768859863
260-123286-0014.wav,1.4884647130966189,0.8711589040996505,2.0564514146886315,2.0490865369947557,1.7239381606276032,-0.0376427456672365,5.636537551879883
4077-13754-0006.wav,2.486085891723633,0.9470977491876468,3.913364632316011,2.944309707724676,3.1706031979957925,5.767808217499411,3.717228889465332
5105-28241-0019.wav,3.505902051925659,0.9859070493939814,4.91395351270552,4.208979779868691,4.243180418029613,15.47209357490108,17.954090118408203
1188-133604-0021.wav,1.9099712371826167,0.8684158194608113,3.2182333399669183,2.279892938371584,2.5295289008028865,-0.2187718580458696,4.506880760192871
8455-210777-0009.wav,1.5850075483322144,0.9308704169565972,2.768798313689301,1.9319325162029504,2.123778140487082,-2.4819757951899404,9.185928344726562
2830-3980-0002.wav,1.517830729484558,0.9005190247326977,3.112581063694374,2.419967992971745,2.280563396483454,4.908502104959153,7.061629772186279
121-121726-0007.wav,2.881092071533203,0.9801415980066056,3.279442519653803,3.2271273145774044,3.089930741710412,5.705357764676105,15.934200286865234
5105-28241-0009.wav,1.4975723028182983,0.6544835488252354,2.002901997298407,1.728332559287739,1.6632229776755607,-3.49433092822548,4.77768611907959
1995-1826-0000.wav,1.7063794136047363,0.8240548698449882,3.2088826113273834,2.390972087561761,2.412227107402732,3.522748926415203,6.367464542388916
5639-40744-0011.wav,2.7785756587982178,0.9354669039858832,3.6873546219698334,2.954217018446461,3.1831771083292404,4.704558951771836,9.626304626464844
1580-141083-0028.wav,3.0823631286621094,0.968857991833379,4.5034566933736455,3.6086330459325904,3.7813447697665015,11.08221842151433,21.204185485839844
1580-141083-0006.wav,1.883583068847656,0.8976128483425221,3.012484418573889,1.972066699084844,2.3679609799577856,-2.883775080436911,7.438444137573242
672-122797-0057.wav,1.2600678205490112,0.5988284261690651,2.112897907163104,1.6014132076600447,1.53787883639981,-1.0570422335448977,3.725752592086792
672-122797-0048.wav,2.3357205390930176,0.7493003828784178,3.509728272341289,2.79673338585909,2.8867318053553945,4.879217369711811,10.737982749938965
4446-2273-0029.wav,3.423939943313598,0.983727028642877,4.773711992029354,3.9503053652527127,4.113992897052398,12.781943846509504,17.2232723236084
1580-141083-0043.wav,3.104207992553711,0.9131367004282156,4.475697868069945,2.927240422093629,3.775630561158674,0.2299499161761427,13.747859001159668
6930-81414-0025.wav,1.0867384672164917,0.6500767948362969,1.5168983858765543,1.224160341808464,1.0929448936614474,-3.048780081999081,-4.175867557525635
7729-102255-0044.wav,1.7899718284606934,0.8855896664195508,2.9377311584003607,2.484973001442613,2.333862216039646,3.748742791561344,8.741691589355469
6930-75918-0008.wav,2.6868975162506104,0.9483002861844584,4.159472640751206,3.4037879866472065,3.4281971247213714,10.051162204187603,11.111906051635742
7176-92135-0007.wav,1.5395827293395996,0.8554409186916189,2.7911755352023,1.819575071346063,2.103632889238548,-3.5532543616317875,3.3098788261413574
2300-131720-0009.wav,1.4428225755691528,0.8271735298280581,2.5021670506378726,1.9258362288214157,1.899575403065891,-0.6303715098342311,-0.481751799583435
260-123440-0007.wav,2.123985767364502,0.966830238218772,3.708909816602692,2.890623889920386,2.888349679969412,7.560575531043699,13.05592918395996
5105-28240-0010.wav,2.6676700115203857,0.9796963505618692,3.8709681356959016,2.973005581081475,3.2413182090219035,4.840426288518451,9.6483736038208
3575-170457-0020.wav,2.4514639377593994,0.9091619621629388,3.884902697435528,2.596812544816586,3.14429557856727,0.2795208282005108,8.266701698303223
672-122797-0003.wav,1.2212162017822266,0.7006066323863489,2.166942336124117,1.5227972823871705,1.5281710349256774,-1.2620116048308585,-0.0132741406559944
2300-131720-0003.wav,1.504183292388916,0.9104416819310654,2.6818442970056373,2.212839853310463,2.056839598951276,1.8349083125367207,2.8202178478240967
260-123288-0012.wav,2.630685806274414,0.9681554203894874,3.763030635435123,3.038361422759921,3.150360666379932,6.976841767459283,16.608274459838867
4507-16021-0002.wav,1.3351658582687378,0.7725032143491825,2.6154137273601363,1.5846306135228527,1.8543387820604853,-3.148953808252406,5.918773651123047
4446-2275-0025.wav,2.117300748825073,0.9403850085333816,3.197405688001971,2.392978996267943,2.6238646570240904,0.0029605669846051,7.776655673980713
8224-274381-0012.wav,1.8264293670654297,0.8559561462697759,3.139973042957103,2.6364843359422734,2.4582343757350174,5.642112346992097,7.4909281730651855
237-134500-0012.wav,2.0000200271606445,0.9309028819457325,3.427038280472259,2.950432680195264,2.69827519874232,8.887639526185454,14.06550407409668
4446-2275-0000.wav,1.2414984703063965,0.7484930192360283,2.559699998480837,1.6928144025079337,1.8099351210206411,-2.070007490589189,5.050353050231934
1221-135766-0003.wav,1.436232089996338,0.816301859549687,3.016942116667704,2.166247060521645,2.1794280184382147,2.044156008100149,3.377426147460937
6829-68769-0014.wav,2.290719747543335,0.962650790456332,3.860625789700433,3.07628211925868,3.0666501235789827,8.422256406897887,14.260980606079102
908-31957-0018.wav,2.0542538166046143,0.9661308319931872,3.6697302312025006,2.812961688970457,2.840954582509496,6.534772589426687,10.625328063964844
3570-5694-0018.wav,1.7732614278793335,0.954094038801747,3.006674833582743,2.1047568509161967,2.3540209713837474,-1.9081839434332504,14.823266983032228
4992-41806-0011.wav,2.2438058853149414,0.95257291993165,2.884105053089165,1.948760436286197,2.384671755930248,-1.5231485940395295,12.183921813964844
7176-92135-0019.wav,2.091871500015259,0.9778263730455896,3.39384334794707,2.8266669513083063,2.712805659738677,6.901823476256157,11.832054138183594
7021-79759-0004.wav,2.3471386432647705,0.9631845090516352,3.630155343745741,2.814897632265507,2.949407767241878,5.213556343368373,9.14743995666504
121-127105-0002.wav,2.3055222034454346,0.9221042589632752,3.779026121272613,2.322675867280412,2.9994307391286577,-2.1499728404147125,6.86837100982666
1089-134691-0010.wav,1.7136693000793457,0.9810369876449384,2.8823785029211457,1.726477460040326,2.19998189421803,-4.724363812431465,10.604972839355469
260-123286-0022.wav,1.9789494276046755,0.930095718659702,2.659700803797632,2.61500163773346,2.3005436934934345,3.956152423148208,11.58504867553711
5105-28241-0000.wav,3.222496747970581,0.9693039528336151,4.716390625933632,3.843094696345109,3.990576826728409,12.30780105392234,15.22648811340332
1320-122617-0031.wav,1.1741695404052734,0.6979530285493757,2.2049047101161987,1.555567860876161,1.6082670927790783,-4.1283237228406495,-2.564789295196533
2830-3980-0013.wav,1.6169607639312744,0.9206644207969868,3.0908181609432965,2.17051362410221,2.2715602842026703,2.3218256975572453,6.383553504943848
1089-134691-0025.wav,2.928891658782959,0.9812571992509024,4.361651189070649,3.346929950923043,3.6520209564775343,7.267314394566696,12.247329711914062
237-134493-0015.wav,2.3731515407562256,0.9412630568307208,3.5905143614548893,3.2762663568773767,2.988695007406202,10.318255002724529,15.434865951538086
7127-75947-0013.wav,2.021552801132202,0.8363601586371222,3.421445399606664,2.129699274593111,2.675802271280503,-2.956656171648345,6.389132022857666
1089-134686-0036.wav,2.057839155197144,0.9534939826607728,3.315185862496191,2.374083616336698,2.63783825557496,0.7976396203038717,10.73090648651123
1320-122617-0015.wav,2.1271183490753174,0.9037283168200554,3.121641401572815,2.3281246485668987,2.5227854637390816,1.9099767397112009,1.415705680847168
6829-68769-0034.wav,1.7583681344985962,0.953839157520172,3.402269550161702,2.706361164303405,2.553613314451788,7.3013091318959615,12.285452842712402
61-70968-0033.wav,1.8715180158615112,0.9565465954170532,3.629209603891601,2.235580114278948,2.732869803898983,-1.435299934007952,7.436120510101318
8463-294825-0008.wav,2.631335496902466,0.9368056660550717,4.186299555513054,3.012386464912943,3.409497107966355,4.435863806975493,14.992365837097168
8463-294828-0005.wav,2.502382278442383,0.972091585437902,4.028931528643237,3.217059563959124,3.268554380974187,8.553967839286054,17.296001434326172
4507-16021-0050.wav,3.68418288230896,0.991093991442366,4.6916549299324,3.882140926161164,4.129005405392296,13.055056006582328,21.72010803222656
1221-135766-0014.wav,1.1290640830993652,0.5604064248583404,2.1472789190289823,1.539638117288776,1.509661804543263,-1.9613101091348493,-1.3422324657440186
260-123440-0009.wav,1.8874671459198,0.9544127432767076,3.2058163055778346,2.433019497960145,2.4964799123423056,3.0657718989217457,11.84083366394043
6829-68769-0053.wav,2.852226734161377,0.973569320474456,4.2648393701232985,3.3024365839549072,3.5473637833380653,7.925828736310381,12.526055335998535
1188-133604-0020.wav,2.549027442932129,0.9375430612652058,3.5702658375468355,3.202325332845314,3.033580173998699,9.30160614651512,15.513757705688477
8463-294828-0012.wav,1.656719446182251,0.8966025410455113,3.3030821728837068,2.144476997318475,2.451647995500512,-0.7896945970166667,8.83053970336914
8224-274381-0005.wav,1.794355034828186,0.8597214303632159,2.987680665453833,2.455515413192052,2.362842876302602,3.1635808331364443,6.166064262390137
8455-210777-0037.wav,2.5212836265563965,0.9758236734183272,3.633306950410522,2.8875318518265614,3.0170778924078108,6.007226540112884,13.304852485656738
8463-294828-0008.wav,2.7482399940490723,0.9840064627973768,4.0927140824323285,3.4015421451312062,3.4304164206200625,9.3535610899051,19.3551082611084
4970-29093-0015.wav,1.2521138191223145,0.7516729767826749,1.8787947578621824,1.2559668499715844,1.3652000268582078,-4.180986891155578,4.5624613761901855
8463-294828-0017.wav,2.8436472415924072,0.970840310198468,4.378351657971118,3.1408462446782472,3.6143449381865422,4.772463402167585,16.30601692199707
8555-284447-0008.wav,2.501485586166382,0.8802857609060123,3.434184119583332,3.1513191634129347,2.931199579878488,9.322517487464497,15.866446495056152
2961-961-0010.wav,1.3980515003204346,0.9178792914755964,2.3378364524851154,2.3627899293826538,1.8290477426628071,5.153859710383083,6.810968399047852
6930-76324-0025.wav,1.3229624032974243,0.7832618449418867,2.468918323808156,1.772421156338044,1.8152771952393696,-1.8375940230166867,7.7760844230651855
1995-1826-0024.wav,1.7367911338806152,0.8232908507329915,2.759185434373383,1.9454156721404463,2.105918790132513,0.5334694943837544,10.59941291809082
4507-16021-0049.wav,2.5345375537872314,0.9513212229002144,3.706852923040774,3.186959507107191,3.08190389895504,9.710499142769873,15.296028137207031
2961-961-0000.wav,1.752938151359558,0.9165749954402465,2.6520806118893563,2.4371813053338607,2.1440673728715804,4.547207269531995,10.466712951660156
3729-6852-0043.wav,2.0468664169311523,0.8767483137744516,3.375179517886928,2.304631279288775,2.646315513633302,0.4760609791793089,9.534331321716309
3570-5694-0021.wav,2.5890936851501465,0.9659973448637416,4.027320945376176,3.006425739225669,3.2869234575506527,5.637216645653512,10.906180381774902
8455-210777-0012.wav,1.9992578029632568,0.9705290569236832,3.395594794974537,2.8392566705518143,2.6784603168316523,7.29547179214119,11.233856201171877
2830-3980-0051.wav,2.4291319847106934,0.9430495168264668,3.848721967186553,3.035142868679234,3.111695550453385,7.552891761649462,12.953129768371582
61-70968-0035.wav,1.799826741218567,0.9446516600848118,3.408755736430567,2.3089765427982423,2.6039671282959223,-0.4749084810043096,8.468428611755371
8555-284447-0005.wav,2.2655246257781982,0.8703052407662619,3.479698947901701,2.617919364596094,2.832235319826085,2.754505107928064,10.824432373046877
2094-142345-0051.wav,1.990492820739746,0.8826587922080686,3.565175286709888,2.650253132835674,2.748974534463766,4.777748566552455,7.009950160980225
3570-5694-0000.wav,2.989708423614502,0.9908190207691188,4.1465978402504335,3.689754292896371,3.577685219810568,12.161262595918965,17.17043685913086
3729-6852-0015.wav,1.327702283859253,0.8543072832941758,1.545957802177696,1.21642428960352,1.1961170773310736,-3.5474221568634663,6.347560405731201
5142-33396-0036.wav,2.429072618484497,0.9742392299671856,3.623340020141852,2.8381175318279537,3.013055683322388,3.829681824896468,17.098567962646484
4970-29093-0021.wav,3.029644727706909,0.9000485232744279,3.763959775291976,2.964774436292564,3.3649732405739887,2.222664461630706,16.03299903869629
1580-141083-0031.wav,3.3188016414642334,0.9744092899143876,4.77248534915629,3.967166807181798,4.066721799242748,13.563983893420684,22.198774337768555
7176-88083-0010.wav,1.429269790649414,0.8721993074825615,2.878201432955556,1.9036050397350068,2.1210040547942945,-2.694275360619187,1.3479303121566772
6829-68769-0026.wav,1.959428310394287,0.96087692833878,3.612509815088835,2.441155085119964,2.7544085544905395,1.8015685183522263,10.003873825073242
1320-122617-0008.wav,1.9178779125213623,0.8970951142251586,3.3934575034696435,2.352836131103534,2.6001442824615504,1.7850788411101624,0.7330780625343323
6829-68771-0030.wav,3.1572086811065674,0.9821079729020712,4.496740224064318,3.871797475193772,3.8461541259503687,13.354059032266994,18.05393409729004
1995-1826-0009.wav,1.4723966121673584,0.7352702732678834,2.087723063181607,1.81442685460348,1.684576430398845,-1.578179312847062,4.921388626098633
3570-5695-0013.wav,1.5816364288330078,0.8689157803130734,3.077631512939452,2.077989311995377,2.2803513404832607,-0.3411143477398277,0.4230461716651916
7021-79730-0007.wav,1.798633098602295,0.9294190393062752,3.162399374171712,2.2745808960850487,2.4318781819553483,1.1429634280328398,3.60180401802063
672-122797-0023.wav,2.7737467288970947,0.932592991062547,4.057972287461984,3.537680833864863,3.420139761621265,11.57960000967848,12.913232803344728
1221-135766-0012.wav,1.5640509128570557,0.8696681189021477,3.2683675735957305,2.0991713456156016,2.387701331792903,-0.8110440996453687,3.8059780597686768
1580-141084-0008.wav,3.0105133056640625,0.9360590113730404,4.476658551694016,3.217698546861276,3.735142933640473,5.271647402421446,12.751723289489746
4992-41806-0010.wav,2.467357873916626,0.984337455758065,3.055470862433085,2.6595003519244216,2.6508467331569667,5.0652725781882655,15.057121276855469
1188-133604-0026.wav,2.542105197906494,0.9687228063050436,3.776626255577563,3.162611046468284,3.1446200896674386,8.201352598821908,11.217836380004885
7729-102255-0013.wav,2.1772782802581787,0.9281482407777798,3.694718509756648,2.3989515262357006,2.916154986190449,-0.9986117265111292,5.218749523162842
1580-141084-0048.wav,2.597524404525757,0.927309890100796,4.144951605150709,2.951322854710555,3.361192851780626,4.192686858237498,12.11511516571045
4970-29093-0005.wav,1.6152148246765137,0.8634509733451511,2.746048691686924,2.143112957444216,2.094029616288188,2.1249277158163298,9.98210906982422
8463-294825-0012.wav,3.245124101638794,0.9839036734868905,4.770220671546851,3.8926013756926334,4.024527290312314,13.109623653619291,18.54772186279297
8230-279154-0042.wav,1.1278748512268066,0.555563707319414,1.862096606990246,1.239149492353163,1.3441624919382034,-5.708566758625272,-2.9255194664001465
61-70968-0016.wav,1.940590500831604,0.9607165917589058,3.4617631202572325,2.4276958412136844,2.653924315854227,2.434248081127737,10.238042831420898
8230-279154-0013.wav,1.6526448726654053,0.8398781550180081,2.9573765155747047,2.194080875945002,2.246935181272191,1.378658685360286,1.4846644401550293
6829-68769-0017.wav,2.701451539993286,0.968664578101395,3.943321516170874,3.3996626030566213,3.3165461881721288,10.379721708242558,17.035770416259766
3570-5695-0011.wav,1.2383413314819336,0.74368046304892,2.510579554078461,1.886473475682909,1.8210917664186204,-0.6107353390984133,3.150768756866455
61-70970-0027.wav,2.247997760772705,0.9621490105871254,3.859948360665716,2.8160581925570525,3.0532752853762624,4.239803227498583,9.47600269317627
7021-85628-0010.wav,2.7805874347686768,0.9738991730240842,4.2244516196357615,3.305581352693125,3.4971418975019457,8.252772193744532,11.84336757659912
4077-13754-0002.wav,2.976469039916992,0.9754466356970888,4.5421896192735245,3.549632481885764,3.7753096443183263,9.708213387632702,12.936712265014648
2300-131720-0040.wav,2.40312123298645,0.9363120705978036,3.495227384243996,2.530188346292442,2.919806985967252,-0.1386529621401034,8.916618347167969
1320-122612-0016.wav,2.4452967643737797,0.9488714141609448,4.029632229984459,2.86800975176619,3.2301516651267006,3.8839138744810247,6.264908790588379
5142-36377-0017.wav,2.2791523933410645,0.95972494088794,3.7442583771511937,3.129594194585942,3.0105994500688853,9.017367778395116,15.055095672607422
2830-3980-0059.wav,2.108579635620117,0.940409146068372,3.4948298743973787,2.5986679850886385,2.7090945692048294,5.90513462726134,11.383081436157228
2300-131720-0037.wav,1.1588648557662964,0.6240926050797138,2.062621833697737,1.5942431197035702,1.5114768065580213,-2.593517349579196,-2.657891273498535
260-123288-0025.wav,2.0036232471466064,0.9353096138108594,3.3927653401451083,2.527949841496433,2.667492687624541,2.839290329980273,5.898021697998047
4446-2273-0015.wav,2.93999457359314,0.9459442272075672,4.254358212492611,3.3848650858278835,3.590927154053685,8.37184606752067,15.828877449035645
121-127105-0012.wav,2.7686007022857666,0.983897950729854,4.307732220625404,3.4303143970251018,3.536211184068383,10.161286229518144,16.060287475585938
1221-135766-0009.wav,1.5484331846237185,0.9194676709384024,3.353365806947153,2.1850889046479405,2.438859229487321,-0.0668412788467415,6.795870780944824
121-127105-0022.wav,2.133351325988769,0.8735288644662306,2.74707764482834,2.233929209965264,2.3426614384175943,0.230918822845277,3.766270160675049
8224-274381-0006.wav,1.968746900558472,0.859181557225631,3.217442312567185,2.744151963163162,2.564264293891964,6.464377763034268,11.190510749816896
7021-85628-0008.wav,3.244925022125244,0.9835372639752652,4.428881043631405,3.5087762156503954,3.8112834803411615,8.926551702885886,16.555898666381836
4077-13754-0013.wav,1.0722980499267578,0.5049771579696859,1.8245396358335837,1.447305468373681,1.2998484747508434,-2.090222470024531,-3.8048524856567374
6829-68771-0027.wav,1.808885097503662,0.895630335665077,3.186124628109258,2.386926198832011,2.452496311759078,2.6882276179402247,9.68283462524414
7021-85628-0016.wav,2.195154905319214,0.9781704645265512,3.5614515070911152,2.696989287273076,2.8525047749437897,3.877059841864068,11.848543167114258
672-122797-0011.wav,2.7900094985961914,0.945410832886442,4.045978107058624,3.540754601076994,3.4208140769166384,11.574166230548013,15.084728240966797
1995-1826-0019.wav,1.9758919477462769,0.918398885250938,3.4662228231485543,2.2020295802825,2.6636192109536907,-0.9595820709571048,10.862079620361328
3729-6852-0035.wav,1.625763177871704,0.8646395623776698,2.708705839048028,1.970196558718485,2.0160537162589023,2.151770676092961,8.138834953308105
2830-3980-0014.wav,1.3146023750305176,0.7791876556947224,2.4816599819477743,1.98814495730967,1.796283506371117,2.580200565968021,5.606193065643311
7176-88083-0025.wav,2.6412274837493896,0.988871130955614,4.263027142019347,3.1468031849050013,3.4638767852566383,6.000630490439063,6.920310974121094
6829-68769-0043.wav,2.209268808364868,0.9508961233245478,3.596961335606364,2.2721412101200014,2.8608735799518987,-2.249894229948654,8.804770469665527
7176-92135-0028.wav,2.3101837635040283,0.9655193177535522,3.6932210919785806,2.8417459005054133,2.9970620482961965,4.380878708696207,10.899559020996094
6930-81414-0009.wav,2.733570337295532,0.908258831543952,4.055984868284462,3.251300447636223,3.3658090028095797,8.79504814489354,13.662534713745115
8224-274381-0016.wav,2.832706928253174,0.9646338919005704,4.333736224663356,3.5221454832813173,3.595641502872541,10.51041081580559,14.023089408874512
7127-75947-0029.wav,1.105141520500183,0.592736901314115,1.2740576826094507,1.0,1.0,-4.78720553190939,-2.088141202926636
672-122797-0026.wav,1.1515343189239502,0.6122453462408042,2.292320492148348,1.7668257747740348,1.6317494123858018,-0.2251154607505395,1.229865312576294
1580-141084-0003.wav,2.632713556289673,0.9379996723941344,4.055159448779942,3.056250145576933,3.313711907813726,6.497605931741487,15.318602561950684
6930-81414-0014.wav,1.7025463581085205,0.8677479700470766,3.0266838143217925,2.527625744393859,2.274481686590257,7.710342568389955,12.942806243896484
2961-961-0013.wav,2.1306231021881104,0.9560156583787146,3.143591773263089,2.194236264792717,2.5707317400374694,-1.795114699385268,11.171157836914062
6829-68771-0003.wav,2.190807342529297,0.969281206187102,3.6193452366989,2.544460962356514,2.8621831641717868,2.234990032590205,13.398519515991213
260-123440-0016.wav,2.161373376846313,0.9770310173824448,3.534932569235862,3.02398918882361,2.8339292684264072,8.809322048367767,13.44286823272705
8224-274384-0013.wav,2.5353007316589355,0.9817579394647454,3.676497953727293,2.980552684807349,3.0715715710147564,6.235165438990225,13.729390144348145
4507-16021-0046.wav,3.010850191116333,0.9620505410693896,3.9606097751628897,2.63728663536407,3.417719227092622,-1.2639815681367557,15.339462280273438
6829-68769-0028.wav,2.6086995601654053,0.9550420781831545,3.960005736558583,2.939109652556797,3.272979758359561,3.994777965122556,14.3064546585083
8455-210777-0026.wav,2.29136061668396,0.988907616750884,3.740614846371742,3.011352903557864,3.0112387440045603,7.21146459458016,13.38675308227539
3729-6852-0036.wav,2.864086389541626,0.9567227797645876,4.0861083151331545,3.4102677837635462,3.4292163463698384,11.098546120033628,15.50974464416504
3570-5696-0004.wav,1.1185715198516846,0.7015828377818668,2.060948476955141,1.7539526016622884,1.5392338628035305,-1.9088214085811857,4.572147369384766
5105-28240-0001.wav,1.949573278427124,0.8979299270864236,3.348657253657232,2.399651460979761,2.5960646492401604,2.1904763800410514,4.843595504760742
1089-134686-0012.wav,2.860851764678955,0.975000368302514,4.106857952083804,3.331199937155738,3.4842546854296845,7.826023015955714,13.775121688842772
3570-5696-0009.wav,2.575640916824341,0.9820779450551054,4.104090404257535,3.423968422689675,3.344937744799517,11.19456921650897,15.380759239196776
2300-131720-0022.wav,1.642999529838562,0.8706998186778084,2.819050086740148,1.9711896564396856,2.19025349240428,-2.835825209396602,-0.3557859063148498
61-70968-0015.wav,1.7946929931640625,0.9128778473305392,3.0307663549470427,2.507661764724476,2.3991435981193354,3.341424859044609,10.095205307006836
672-122797-0068.wav,1.334349513053894,0.826394846589225,2.565119471100146,1.9821176656933324,1.876854351260954,1.0538047415740617,2.479757785797119
5639-40744-0038.wav,2.1696388721466064,0.9644476203404716,3.155038740300693,2.7224357569135127,2.594042759341156,6.384898177295273,8.40780258178711
6930-75918-0017.wav,2.1917037963867188,0.9276146279910428,3.664179097098412,2.488532327164736,2.9120001865013414,0.1483545836311292,10.409358978271484
2830-3979-0011.wav,2.584660053253174,0.8138686217690124,3.7617099661108657,2.834185477631124,3.1230900318557686,4.233737261259705,11.11701488494873
61-70970-0005.wav,1.7633661031723022,0.878468298628775,3.427752079718497,2.483837320393106,2.5659343067497686,3.858248910294288,10.883794784545898
6930-76324-0017.wav,2.63627290725708,0.9183781958304382,3.8077375249250993,3.3453884524275987,3.2275908857458915,9.509592928595106,11.240522384643556
1284-1180-0009.wav,1.146561622619629,0.5717049747438058,1.9179114760515077,1.327883398168443,1.3501028313667334,-3.0642498153233726,-2.914097547531128
7021-79740-0012.wav,2.32250452041626,0.9651360824749728,3.5423064513671547,2.378396489599208,2.850390229855144,0.3605609923632384,8.203963279724121
3570-5695-0006.wav,2.7376608848571777,0.9638911108259516,3.946176144150542,3.283109923525621,3.3333343315515367,8.38345454856035,11.391201972961426
5639-40744-0018.wav,2.7365546226501465,0.9729927677681736,3.743554784968591,3.149352977920607,3.2325066012032373,6.244520509694199,9.22218132019043
6829-68769-0031.wav,1.590364933013916,0.892775333195718,2.694950624632963,2.079319670006758,2.1072384554351884,-0.9541551295738174,7.901582717895508
8463-287645-0014.wav,2.7684035301208496,0.9098620163952668,3.979613253103412,2.7853233371737667,3.3192541370033863,2.2861835436517914,13.937935829162598
1580-141084-0007.wav,2.9908559322357178,0.914459094453536,4.537970882938761,3.583947923959534,3.768754934803909,10.66013839484931,15.237107276916504
5105-28240-0004.wav,3.079543352127075,0.9906161140003834,4.416387390943083,3.60372528434143,3.762496432624416,9.88464042565486,15.272960662841797
2094-142345-0012.wav,1.3749589920043943,0.8123115656559045,2.680808477555161,1.788621167263834,1.9623645883373957,-2.653503577234608,0.9382511377334596
8455-210777-0006.wav,1.9992022514343264,0.937933111136082,3.1381548454394115,2.5116898672009254,2.535205873586049,2.763116970719398,13.298258781433104
8455-210777-0031.wav,2.6003172397613525,0.9857240859999084,3.9306262126649703,3.078660564325597,3.247260748045214,6.576062143439615,13.769940376281738
672-122797-0001.wav,2.931236982345581,0.946224659336247,4.19469473840101,3.162166307113383,3.5465802097123573,5.354463184244995,8.756312370300293
260-123288-0014.wav,1.4309651851654053,0.8545516586947555,2.4287813580357964,1.8219370193019653,1.882918327613464,-3.328308802346586,8.033504486083984
4992-23283-0014.wav,2.302898645401001,0.9754160308873852,3.701260715867951,2.663827119043813,2.966983553293629,2.951443692942763,13.49953842163086
1089-134691-0001.wav,2.223784923553467,0.8752367335677887,3.6114119475894007,2.692883467087165,2.884833552551309,3.9025140141201047,10.87978744506836
237-134500-0018.wav,2.9131314754486084,0.9690773477714928,4.058951140817906,3.4144895807786604,3.492198665858395,8.514311875446754,5.39040994644165
4446-2273-0012.wav,1.3970662355422974,0.8889345717398996,2.5529368831541346,1.8383359687242435,1.9122315465564572,-2.134714523803835,8.445802688598633
61-70970-0033.wav,1.9749526977539065,0.9592927571801536,3.5478718794370137,2.524324715906017,2.741594970466447,2.4968540225592566,9.700956344604492
4507-16021-0011.wav,2.6079063415527344,0.9436432629136432,3.747171319929842,3.1427766772806467,3.143381811089128,8.260063255751534,14.2470121383667
1221-135766-0006.wav,1.7359272241592407,0.9406270754177242,3.531020593500332,2.726996573365476,2.6248990514201007,6.981609460301315,7.738391876220703
61-70968-0032.wav,1.960407018661499,0.9159967601071564,3.489493424160553,2.3298209796458087,2.6991528681759127,-0.2136024173406405,8.38408088684082
7176-92135-0032.wav,3.1839380264282227,0.9814316378850328,4.564117000722066,3.381966458096425,3.9061692951932208,4.80369615885189,7.467300891876221
7176-92135-0005.wav,2.1915462017059326,0.9846911136803376,3.763118278520101,2.897646355662868,2.9870871957119927,5.500646668778024,8.196377754211426
61-70968-0054.wav,2.421499967575073,0.9698289397852072,3.9882197753145854,3.300795362542952,3.214814236881742,10.17253053215569,14.75888729095459
260-123440-0011.wav,1.6169928312301636,0.9007900503156134,2.6032815681179056,2.017148323176131,2.0341359364714178,-0.3393950094166312,7.7062788009643555
6829-68769-0029.wav,1.794501543045044,0.9339224057415608,3.0970848517450107,2.281416123273793,2.406003430305686,0.8990466832425251,13.113431930541992
1221-135767-0000.wav,1.6452875137329102,0.8750278937397403,3.245362120633496,2.5405650198658427,2.4317075672479325,4.943002557841557,6.095805644989014
8230-279154-0037.wav,2.7464845180511475,0.967004515996261,4.202164991900424,3.05215907291663,3.461804315406746,4.798576614731807,6.1107611656188965
1284-1180-0023.wav,2.44160532951355,0.913777518264802,3.877354475070167,2.5454459813468584,3.1275775975442173,-0.109255381251367,11.050252914428713
2961-961-0007.wav,1.6750563383102417,0.919304050329554,2.9642796723273324,2.2838542015186203,2.2720944826962257,2.175045107190157,10.41976833343506
121-123859-0004.wav,2.850581407546997,0.9772940050487474,3.8528146470439766,3.0416655118093896,3.325549916897542,4.502787687929925,15.65389633178711
260-123286-0007.wav,2.3192713260650635,0.9755184981927342,3.915580873186108,3.2027727277808533,3.112479322988165,10.034198552158298,15.75868034362793
3575-170457-0030.wav,1.193071961402893,0.7925629526451303,2.648304771414001,1.6994618171795524,1.836056704065032,-1.8829287894748248,2.731565475463867
260-123288-0018.wav,2.156348705291748,0.9370058483273352,3.558001501430674,2.6600956104622155,2.8331004686194112,3.5018116532771346,11.833044052124023
3729-6852-0034.wav,1.9605445861816408,0.9408255087121824,3.2704364774970665,2.5886180489712167,2.546748350982452,5.808832451456836,3.873594045639038
908-157963-0025.wav,2.2826943397521973,0.9470255680152684,3.5933933193697385,2.7880670023465166,2.882420758730926,5.988326628678873,10.789972305297852
7127-75947-0009.wav,1.323032259941101,0.8116185466540972,2.652384285547749,1.8059781915932265,1.946569939948526,-3.066524448879498,4.573934078216553
5683-32879-0008.wav,1.815104603767395,0.8464818799106494,3.1804235347886123,2.2805871603567174,2.4113709815883158,2.778452850604804,9.262701988220217
121-127105-0035.wav,2.044975757598877,0.9105229851946184,2.046719084367318,2.3742033747185203,2.0123423895926758,0.3617640949269211,6.797322750091553
5142-36377-0025.wav,2.925065517425537,0.9844722900662524,4.066463396451626,3.5546278973567285,3.4965774151688818,10.885458272623378,18.051258087158203
7021-85628-0018.wav,1.6711044311523438,0.922202614294705,3.107488478830589,1.9152130188606276,2.3086666606068995,-2.206182800615029,5.747953414916992
1089-134686-0003.wav,1.9256970882415767,0.8354676604758294,2.981436480223673,2.191430498499125,2.3765508998224494,0.1565109970264082,7.32543420791626
5683-32879-0010.wav,2.259361743927002,0.9187352646132464,3.6844970191617463,3.101418304050128,2.948543367514016,9.703996779514917,16.13862419128418
3575-170457-0015.wav,1.8789101839065552,0.9345428791870574,3.2879984794356583,2.872461736593022,2.5534853717748653,9.205622135907984,11.489917755126951
8555-284449-0017.wav,2.544294595718384,0.9326454361753452,3.716788437057988,2.632222398646646,3.1273901196455784,-0.7380739167008193,7.5215582847595215
8230-279154-0015.wav,2.44925308227539,0.9641065994424768,3.887575538214944,2.7349541290083144,3.1533286650324515,2.10043684448853,5.97029447555542
237-126133-0005.wav,2.808668613433838,0.9307053294202184,3.655716273878301,3.0005830098488806,3.1874183142833648,5.001264400216179,13.849706649780272
7127-75947-0034.wav,2.158414840698242,0.9893091769375486,3.667824955438698,2.975856370803991,2.8799727505182267,8.886633554870295,16.71866226196289
