Filename,PESQ,STOI,C_sig,C_bak,C_ovl,SSNR,SISDR
5639-40744-0023.wav,1.67496919631958,0.8478635184272958,2.442931740348145,2.004073657834488,1.9963225126228512,-1.5461823153682417,3.833198308944702
4992-41806-0002.wav,1.811129093170166,0.9053354820231532,2.988953613960564,2.4318882578954293,2.348155193388607,3.709503159600936,10.598565101623535
237-134500-0034.wav,1.630711317062378,0.8073242631363343,2.5404217542693464,1.9288376263040568,1.950558156198109,0.7642910413817865,9.770428657531738
7127-75947-0006.wav,1.7971580028533936,0.982956659216209,3.362288755373804,2.337356156979958,2.533662657364953,2.0153136754816128,14.192042350769045
6930-81414-0004.wav,1.4326541423797607,0.8100158966003781,2.784777605131934,2.037849662626326,2.0571743110781315,0.2504060172966514,8.127034187316895
61-70968-0005.wav,1.5545604228973389,0.8726404130989933,3.3597505285362352,2.3267617213348872,2.4108906877217997,3.644002512649698,7.897114753723144
4970-29093-0001.wav,2.8648176193237305,0.925125522417445,3.877108038899837,3.090422316985628,3.3545505232748805,4.740253908154887,14.709671020507812
4446-2271-0006.wav,3.6482396125793457,0.9859600509629798,4.725091670244868,4.15305571652578,4.218661582391419,13.611174191554364,18.171592712402344
6829-68769-0000.wav,2.473273992538452,0.9260702039702458,4.060323709656842,2.608401713447954,3.2566784816091663,-0.3225879584395644,8.73240852355957
6829-68771-0016.wav,2.0448429584503174,0.931472622188484,3.527890006530449,2.7088333489738465,2.7752939314950225,4.527425237325329,12.03456687927246
2830-3980-0010.wav,2.907934188842773,0.958030082437101,4.416698728538103,3.419255617148472,3.6675617260470186,8.630151030336386,14.40791130065918
1320-122617-0004.wav,1.998753547668457,0.9311867196116868,3.513509089743238,2.6889595299572555,2.7316780774874285,5.142660199569877,4.92117977142334
1188-133604-0014.wav,2.037281274795532,0.8601595220467951,2.9895052938194326,2.139213665990535,2.454885943165644,-2.3108742514013465,9.470636367797852
1284-1181-0005.wav,3.1363677978515625,0.9738481593246044,4.6110305656934845,3.441401216343685,3.894259164013105,6.602890239806867,16.68346405029297
260-123288-0021.wav,2.169182300567627,0.9552952460628008,3.40955033872999,2.772620006759265,2.757188542325633,5.566256022506405,13.155851364135742
61-70970-0037.wav,2.892961263656616,0.977589285358882,4.501038324622371,3.5139761147159563,3.711550584481175,9.824958845127902,12.146690368652344
5683-32866-0005.wav,1.325822353363037,0.8017823615509476,2.306505703729063,1.7648219674137324,1.7213318142306315,-1.3376292942739996,8.259050369262695
3575-170457-0042.wav,1.943342924118042,0.8810759924318274,3.2832731220546614,2.524706559530927,2.558272597814689,4.315834401128893,11.30506420135498
7021-79730-0006.wav,2.3122949600219727,0.9597966877568757,3.6354394341218295,2.6189555760705963,2.926540458349293,2.7158751085385378,5.925082683563232
8455-210777-0000.wav,2.396392345428467,0.9579837388299774,3.697783100895362,3.235577922660989,3.0551384678695213,9.437300921597377,14.00844669342041
5683-32879-0013.wav,2.147177219390869,0.8592192551982799,3.613536739089724,2.3445077739506344,2.8332654726422257,-0.4317808564322121,9.190205574035645
5639-40744-0017.wav,1.4334065914154053,0.9725162475521396,2.849990550366685,2.318357427582839,2.1120742469471754,3.724731597302197,12.369345664978027
6930-76324-0019.wav,1.5325709581375122,0.8651818113345358,3.354366323550152,2.58775274231591,2.4234531005729942,6.792805977374228,8.658072471618652
237-126133-0008.wav,3.177703380584717,0.959681621766742,4.190950778581478,3.486857757128845,3.686763664587727,7.863306572618905,12.951583862304688
2094-142345-0008.wav,1.2526826858520508,0.716550044117258,2.4407506997938158,1.5876432160092284,1.718666753044554,-2.161884667965808,-0.8099995851516724
1284-1180-0006.wav,2.021658420562744,0.910458277496051,3.5852996433707904,2.452636828020907,2.750694656098297,2.4632898001664403,6.173739910125732
1320-122612-0003.wav,2.4885265827178955,0.9458746863537404,3.943734604798907,2.9413104659077614,3.1987669582209985,5.180900314592841,5.116971015930176
6829-68771-0002.wav,2.618067741394043,0.9741621078978818,4.191396669392359,3.4755080689297206,3.416642058096778,11.389423357906178,14.06899356842041
121-123852-0001.wav,3.050819635391236,0.8909858100166305,2.769495199279026,2.6212503617537446,2.9029650685716946,-4.365144878175555,15.328072547912598
2830-3980-0000.wav,2.622536420822144,0.953348296930966,3.772569506252768,2.9386646823116767,3.1746126643906725,4.41547069920498,10.5167818069458
5105-28240-0009.wav,1.4101147651672363,0.8590621765932059,2.9505767038032693,2.343406114270698,2.1590816896048355,3.914843367741,7.568742752075195
1320-122617-0023.wav,3.133264303207397,0.930549939819226,4.198488602134269,3.0542710077009545,3.6177536978103744,3.5510932173632512,2.3692634105682373
672-122797-0021.wav,1.7814898490905762,0.8951834130418631,3.224536508489873,2.243235922909906,2.461275606196711,0.4610647105624331,5.242664813995361
6829-68769-0046.wav,2.409944772720337,0.9626380891098052,3.882434315739584,2.7098593909722744,3.10753099522644,3.030903794823572,11.281730651855469
237-126133-0020.wav,2.963568210601806,0.9607366745980056,4.146351009173213,3.213882695593768,3.5458067133598057,5.623630375248576,12.288178443908691
8455-210777-0057.wav,1.803781270980835,0.9318709408975364,3.1217425751937946,2.7657875221168435,2.451686236110105,7.251347838522877,11.71658706665039
1089-134686-0022.wav,2.344101428985596,0.9651317545429808,3.925508968995299,2.5985791907499887,3.145279134455484,-0.4196220952323393,12.528528213500977
8224-274381-0011.wav,2.026818990707397,0.8771933066140206,3.397696987433432,2.5470380035045626,2.6672513768305657,3.601095715687625,10.299026489257812
1221-135767-0013.wav,2.0532915592193604,0.8779796000473027,3.6938696017644927,2.765109534030829,2.8687436842094445,5.065939809541653,6.234617710113525
7176-88083-0026.wav,2.2548367977142334,0.981128493584605,3.787258638446308,2.840729696202855,3.0136392168791133,4.8844700478299234,6.280159950256348
4992-41797-0010.wav,1.4023422002792358,0.8043038659929204,2.484170836415089,1.8845807108403263,1.8797942190322712,-1.4016847269244057,7.550663948059082
672-122797-0027.wav,1.5582177639007568,0.7857499871125593,3.065680955162247,2.2728737285730958,2.23949760394914,3.946940390628133,6.386044025421143
61-70970-0013.wav,2.5320611000061035,0.986474452516305,4.268445807827681,3.3519876245437503,3.423622121535827,9.54941287124697,14.659896850585938
1284-1181-0011.wav,3.456074476242065,0.9807866810027132,4.806227848799158,3.9182034555241607,4.150097495463172,11.86560720533608,14.573654174804688
8224-274381-0009.wav,1.3326917886734009,0.7814066194392861,2.687168672364586,1.9136104411350268,1.9770610213990265,-1.797306229194776,6.348578929901123
2830-3979-0008.wav,3.248739719390869,0.9474289276171584,4.53995801225838,3.391651901780272,3.884661566786592,6.325476209628924,10.850275993347168
8455-210777-0039.wav,2.864670753479004,0.9661055534802566,4.149053428155618,3.2103639138045788,3.4771322051302898,7.20282141338687,12.686939239501951
7021-85628-0001.wav,2.7156660556793213,0.9840651992866942,4.216374839213891,3.2027125970704216,3.4495254805969333,7.588995375439761,13.765094757080078
5639-40744-0032.wav,1.3050575256347656,0.8057841020746637,2.1772388910879754,1.7158171581673594,1.6424192409076974,-1.7769522320963838,2.3416411876678467
4992-41797-0016.wav,2.7092247009277344,0.9781704216150204,3.8556812042792337,2.893197526713458,3.2069145471062663,5.363531132792044,13.75644588470459
7729-102255-0011.wav,2.140657424926758,0.90981139934606,3.41254164081282,2.7891323900332785,2.7636222619157205,5.192267248607182,6.949343681335449
3575-170457-0035.wav,2.6776857376098637,0.956116009010149,4.043070832152004,3.495949508647485,3.332779037065691,13.031204860606458,13.149127006530762
1995-1837-0003.wav,1.133348822593689,0.677812389064726,1.8119003658878328,1.2933220246330317,1.213273098676772,-0.1019912470497433,-5.635948657989502
237-134500-0019.wav,1.9357657432556152,0.8911094594565666,3.325391995360398,2.436095238026064,2.5906051169404183,2.297026184340579,8.700298309326172
672-122797-0018.wav,2.2700819969177246,0.927179882834216,3.792206738966538,2.9689684314258,3.0268327926111915,6.670693160753901,9.675508499145508
121-123852-0004.wav,3.4285802841186523,0.9895438973954004,4.679661489987538,3.6609688987906273,4.05844459400521,8.642918931939542,14.704137802124023
1188-133604-0031.wav,2.5220603942871094,0.9343376116360264,4.056756369291768,2.7057238636628718,3.2780140295267293,0.9192355341105366,11.550395965576172
7729-102255-0043.wav,1.773179531097412,0.8708833274475953,3.228995327597186,2.447061020009477,2.475048752269136,3.065462379348256,5.031246662139893
3729-6852-0029.wav,2.255838632583618,0.9243907691613984,3.470317444185924,2.7718036577931544,2.7923979145848943,6.604640347460244,13.8739013671875
2094-142345-0037.wav,2.6000633239746094,0.8912385715591497,4.021180691053666,3.175815383285132,3.288097729676045,8.300419902518405,12.658212661743164
8555-284449-0001.wav,1.9805142879486084,0.856791251411422,2.9642783465147486,2.222744393144817,2.4171110839106964,-0.705962202505421,6.608783721923828
2300-131720-0034.wav,2.663158178329468,0.9486945848260984,3.973950608038165,2.856564518919793,3.316767445624596,1.8594162410936648,6.012088775634766
1221-135766-0002.wav,1.940061926841736,0.9526017473381464,3.746096892251951,2.7340737746375017,2.8367814574735637,5.466428836710573,8.283364295959473
4446-2273-0003.wav,3.2177536487579346,0.9843014750731376,4.664609119694059,3.8399814259163705,3.957209632008716,12.52379357227946,17.532787322998047
8555-284449-0006.wav,1.821831464767456,0.86669054376608,3.210014809854769,1.9984637874946884,2.4170968356803675,-1.2046346057143211,5.52325963973999
5142-33396-0004.wav,2.279136657714844,0.9687304506706264,3.6264896672484808,2.721470631891335,2.9365952859737234,3.217756661232755,14.696799278259276
2830-3979-0002.wav,2.620925188064575,0.8564295089565076,3.736381871902298,3.0799595678121223,3.120870853791865,8.209116110319783,9.891962051391602
672-122797-0008.wav,2.1726717948913574,0.8353490324279887,3.5058523991409145,2.7025957060726107,2.812320889997367,4.18801966375609,6.7936110496521
5683-32866-0002.wav,1.8857614994049072,0.8723905065204048,3.007967380188058,2.090110281765404,2.345417060165559,-0.0838896869079338,9.43769359588623
6829-68769-0025.wav,2.115243673324585,0.9508641205069804,3.5134571326680493,2.7593862848354136,2.81213276229599,4.422507446868064,11.83631420135498
2830-3980-0038.wav,1.8892052173614504,0.8508107313377494,3.235028848720644,2.535095834399468,2.4990315465057584,5.239502385227243,9.708056449890137
7127-75947-0018.wav,1.886211633682251,0.9423435071999562,3.67571039591251,2.8052378122710184,2.787637039037115,6.42872803275895,14.32244873046875
672-122797-0047.wav,2.231785535812378,0.7934158390262321,3.6649666781375383,2.4262919813951087,2.8955719553618677,0.4891294526239314,7.516947269439697
4970-29095-0002.wav,1.84180748462677,0.8758228896007422,3.154631766261066,2.190471765158826,2.440684927657199,-0.1174251955705821,9.522150039672852
4446-2273-0010.wav,2.7223362922668457,0.952540748322064,4.257695735089277,3.4141501754646413,3.4978538724485597,9.819492221135931,15.39024257659912
8230-279154-0029.wav,2.7431674003601074,0.9822430160140476,4.313465864461292,3.293574087233797,3.543322796026314,7.430292246253532,10.24244785308838
3729-6852-0003.wav,2.018483161926269,0.9069463578132516,3.3259607901298933,2.17558297768712,2.5807389348130907,-0.1782048898835494,7.554865837097168
4992-41797-0017.wav,1.9254348278045652,0.9186083645301384,2.993841101355719,2.460373124144169,2.4129583943493382,3.089455872053022,9.58791160583496
1284-1181-0015.wav,2.4257166385650635,0.9588696166430511,3.859761071141344,3.0596075500258086,3.125361715871265,7.531033637100738,11.506814002990724
6930-76324-0016.wav,1.8809069395065308,0.9001546891181681,3.3303405631778817,2.7153704710303703,2.586362612051359,6.221087542125858,7.216349601745605
5639-40744-0026.wav,1.234103083610535,0.7725167302698218,2.12274415570289,1.805257945264972,1.598984367296218,-0.6784799667965824,0.5761421918869019
7729-102255-0020.wav,1.390509843826294,0.8659570732227864,2.703938228242501,2.128591742778855,2.0237812264390733,0.7719466568565267,6.1725897789001465
1221-135766-0004.wav,2.565812349319458,0.9275181335564104,4.09103796414719,3.0674204242686867,3.318810147414405,6.255996571906937,11.292987823486328
4446-2273-0005.wav,2.7188546657562256,0.9772862198393896,4.4357929244453365,3.6371546589328343,3.602049003744126,12.621795084293108,14.805147171020508
3729-6852-0041.wav,1.956587791442871,0.9125523568732647,3.3754867100398527,2.1845129831835943,2.596034329295241,-0.5320757016615649,10.320524215698242
237-134500-0035.wav,1.3513243198394775,0.7631705852012864,1.2391764675625814,1.2972021270164014,1.001232641171513,-0.0578951281545157,4.183020114898682
3575-170457-0016.wav,3.605886697769165,0.9830510536035472,4.836310635484959,3.745245405324072,4.2069389794867975,9.47174373403539,19.96271133422852
1089-134691-0007.wav,3.2924182415008545,0.96213931852136,4.6475628333662655,3.6614291641530583,3.985080167990152,9.182640395907038,15.248176574707031
4446-2273-0032.wav,2.621990203857422,0.9503347202638316,4.034444301527741,2.612264432064922,3.3085435687794544,-0.9334169003164564,9.841291427612305
4446-2275-0004.wav,1.805321455001831,0.9489639702782614,3.4628022591389973,2.4388878179929967,2.604920256759588,2.810574183516436,10.641894340515137
1995-1837-0007.wav,1.2715702056884766,0.7820591301730602,2.5874673935316004,2.0548807324120832,1.823303214831288,4.137703427298462,4.694835186004639
7127-75947-0004.wav,2.66074800491333,0.9958405551858656,4.008237898558506,2.9848423376804,3.3135893746161336,4.751922605589796,17.43277359008789
8224-274381-0001.wav,1.3694138526916504,0.6889212250216613,2.420932079097408,1.919165653458318,1.8206749575241328,-0.1170907164042285,3.854623317718506
6930-81414-0003.wav,1.5153448581695557,0.844839916282285,2.811739528992847,2.286705464123424,2.1025695718023685,4.003825396559093,6.931587219238281
672-122797-0046.wav,2.263381004333496,0.8911748005617364,3.593893185797848,2.8355060702104504,2.905955784855481,5.432201499595251,8.552828788757324
1580-141083-0038.wav,3.0766143798828125,0.958861240181868,4.535714883065298,3.6721576825404254,3.817170141392204,11.135010581494631,18.07799530029297
121-121726-0005.wav,2.878777265548706,0.9673135148404892,1.7953853793675103,2.2612600975467427,2.2650041801405005,-5.848536755683141,11.36674976348877
1089-134691-0020.wav,3.398545503616333,0.9720149706889668,4.508048942890845,3.2844566660945422,3.934037725828118,3.945271472462404,12.624300956726074
7127-75946-0018.wav,2.3791985511779785,0.9329873367426348,4.086788168390823,3.2034162031946574,3.2275862607199186,9.604790603565217,9.081308364868164
7127-75947-0040.wav,3.1915760040283203,0.9846258951303372,4.643790911551024,3.6706590818129152,3.934596297523854,9.992282675611582,14.160253524780272
8224-274384-0012.wav,1.1936304569244385,0.7257304260658217,1.895134687491482,1.505230215988527,1.3844745619159822,-1.5728562097465002,-1.5753291845321655
237-134493-0000.wav,2.471309900283813,0.9287711606496224,3.5316350816797657,2.822171775456816,2.967244460402961,4.203814357238573,5.159135818481445
5105-28240-0005.wav,3.146766662597656,0.9478557381006528,4.424783726014466,3.301735204719249,3.787222247401225,5.1713796238092575,8.979626655578613
260-123286-0028.wav,2.495197296142578,0.9547748294414172,4.103160502334948,3.325846054543282,3.311564900990124,9.907678960929948,16.32211685180664
1995-1837-0017.wav,1.4668136835098269,0.8654493003327508,2.6558003597732505,1.9281505249951087,1.9874219440803564,-0.7443152806654496,4.116365432739258
7176-88083-0008.wav,1.1235642433166504,0.6727873500251154,1.2743293816713572,1.373682347005352,1.0022921159266227,-1.459152762297366,-5.952373027801514
8463-294828-0010.wav,2.66280460357666,0.9618445604187552,4.046816692589476,3.097580263715773,3.344075453676965,6.074120073673194,13.997074127197266
672-122797-0051.wav,2.324918031692505,0.8701028013103754,3.8057601490758746,3.019322664528209,3.046970383356626,7.683798369496496,12.66969871520996
1320-122612-0011.wav,1.3084447383880615,0.7998363536941991,2.5824607208036747,1.821408845986601,1.9003706817970356,-2.532863233622699,0.9141146540641784
8555-284447-0002.wav,2.414445638656616,0.8715998513536363,3.707509406839391,2.5123406572542244,2.974845625481257,1.97287795025001,10.067773818969728
3570-5695-0012.wav,2.335186243057251,0.94679939488965,3.8607755514745294,3.2718589440279464,3.102299849882597,10.611162307021344,11.512595176696776
4507-16021-0051.wav,2.68172287940979,0.9754799375212654,3.8994757544836256,3.264148865279868,3.247679600967973,10.012458466405205,18.635723114013672
5142-33396-0002.wav,2.20300841331482,0.9223513609842116,3.506374485539352,2.395333980640192,2.8347401205708014,-1.2207109401980567,12.778318405151367
5142-36600-0001.wav,1.4958845376968384,0.915079065531992,2.49460726831935,2.182974090120742,1.930929759594092,2.681949395944077,9.243154525756836
61-70968-0030.wav,2.454852342605591,0.9699790030028266,4.157678729532348,3.165484636982165,3.314938580543965,7.817297035726296,12.635169982910156
7176-88083-0005.wav,3.079491138458252,0.9855017670452576,4.549663262940424,3.496378529867985,3.8296496681600503,8.142988245503487,10.190987586975098
2961-961-0001.wav,1.7278985977172852,0.885822663593149,3.143390326988097,2.07188983633271,2.3648257673553577,-0.5738508573719279,8.393660545349121
4446-2273-0014.wav,2.489645481109619,0.9634305010237608,4.024926382206276,2.9970486652201616,3.2652573657468618,4.932457870342859,13.89532470703125
6930-76324-0020.wav,2.4564340114593506,0.9452815559797269,4.006937709870115,3.108594988038893,3.233460832029581,7.222690783220027,8.279502868652344
672-122797-0043.wav,3.013803005218506,0.9009071390164184,4.410429334198121,3.619054581144124,3.69642084238981,11.944758348278162,18.575244903564453
2830-3980-0076.wav,1.25320303440094,0.7319301833542626,2.602416921413948,1.811163434728804,1.850125019524304,-0.8541193598906922,3.469547748565674
5683-32865-0011.wav,2.6111156940460205,0.8943422872990229,4.041949787582747,2.93107230196875,3.293580684272257,4.7913843968174055,11.080775260925291
672-122797-0066.wav,2.3693301677703857,0.9334548100878032,3.76150982007964,2.8481085488139413,3.032492852687949,5.285029097698639,7.209924697875977
7176-88083-0004.wav,2.0654375553131104,0.9576966683674158,3.459687788209354,2.7656726309020123,2.755448274899228,5.110791735014268,6.859893321990967
6930-81414-0005.wav,2.0999538898468018,0.8340457413051348,3.3451689365297,2.252856115949916,2.6597106125536434,-0.815534587701854,8.121537208557129
1188-133604-0008.wav,1.7623186111450195,0.8064883283465755,3.136904732498057,2.2995312767402343,2.41326778151618,1.2676456202812223,6.5729169845581055
5105-28240-0022.wav,2.7009994983673096,0.9396662135656336,4.146811382573021,3.0667204708973266,3.418329581309067,5.064821810020753,6.9626312255859375
2300-131720-0027.wav,2.6903576850891118,0.9801795852279526,4.281487272674156,3.2492861305464387,3.487703387134488,7.702555494885508,7.887762069702148
8455-210777-0043.wav,1.350775122642517,0.7883635547079058,2.60696696797866,1.694606408720046,1.89848495631243,-3.3046731591479777,4.669509410858154
121-121726-0004.wav,2.9901692867279053,0.9621529974486804,3.1334453915894382,2.7346430835476987,3.024656983111513,-0.837391434613346,12.36907196044922
5142-36377-0014.wav,2.7741570472717285,0.9730371322458152,4.184458478598908,3.348220873352237,3.475369075539289,8.917855116753412,10.49560546875
672-122797-0054.wav,2.7269980907440186,0.8550464269832514,3.928118992159159,3.1355401432569385,3.302127385696612,6.863841546756962,12.544655799865724
121-127105-0018.wav,2.022125244140625,0.8551286041650529,3.653606698872607,2.2926915254079847,2.806629331386707,-1.035649747628937,5.589753150939941
2094-142345-0014.wav,1.9791743755340576,0.8659642267357709,3.6017590477900856,2.57888221221322,2.7737687655300327,3.188533439655496,2.5123085975646973
7176-92135-0021.wav,2.681761741638184,0.9499180105429282,4.100077010868192,3.265140796072456,3.3865121291714155,8.309619733116946,9.330238342285156
4507-16021-0007.wav,3.329216480255127,0.9756598173498672,4.296484729800784,3.507348544295676,3.749823265098764,9.945109789251882,16.798173904418945
237-126133-0014.wav,1.18533456325531,0.6555944359330342,2.198200950270505,1.573634265611103,1.5777796510160085,-2.481579333246628,1.7383902072906494
1580-141083-0018.wav,2.3983805179595947,0.9351106589635098,3.663821214677224,2.4782523079435594,2.948746514282863,1.3884109841897017,15.62690258026123
6930-81414-0011.wav,1.7622169256210327,0.7921788699074048,3.158741493069088,2.532903855248066,2.439073116701736,4.312238313920482,7.915232181549072
1320-122612-0007.wav,2.396106004714966,0.9470574600013206,3.795004957586222,3.0822703760458023,3.093435714334329,7.443654214128453,7.351864814758301
908-157963-0026.wav,1.6426753997802734,0.7845502737594905,2.9661173506341987,2.096549714461813,2.256911646765732,-0.5635504050074824,5.18317174911499
3729-6852-0021.wav,1.958877444267273,0.9063034627038434,3.515510761242011,2.4133205078757807,2.6688717139829654,2.993886958033231,7.856456756591797
6829-68769-0013.wav,2.1904830932617188,0.9781651718539152,3.589773956228982,2.791634402193937,2.863488275241484,5.447845733780834,11.387367248535156
4507-16021-0042.wav,3.492473125457764,0.9890050087728834,4.818818314597093,4.033784867748615,4.179146422005199,13.230018544777844,20.990535736083984
4992-41797-0019.wav,2.075638055801392,0.9379619149005234,3.154409165494273,2.265243786896342,2.54893956071156,-0.2768589088671546,10.894941329956056
908-157963-0000.wav,1.3263118267059326,0.8238793173592047,2.728016496291894,2.127016804483708,1.984123552033112,2.080877547337428,1.0839686393737793
2094-142345-0044.wav,2.259517908096313,0.9334793225160304,3.7648993238698383,2.8310871276234377,2.988341469943076,5.424466718700325,8.314810752868652
61-70968-0008.wav,2.3638455867767334,0.9811977925461566,4.076913363669537,3.177354032854167,3.2272717918034743,8.763390405788513,9.06339168548584
237-134500-0024.wav,2.2254881858825684,0.8520073550792788,3.377365412441636,2.375921267770622,2.7525661413372484,-0.4069642670545975,7.645062923431396
1995-1837-0021.wav,1.602726936340332,0.801988319112531,2.996906727183715,2.429570083934001,2.2702028834333583,4.226183284171796,7.664669990539551
4077-13754-0000.wav,3.306450128555298,0.9804152219309348,4.551435727477505,3.4770519992328928,3.927899308679725,6.87373015779322,13.687186241149902
908-31957-0000.wav,2.511185646057129,0.973153989389338,3.787629013325176,3.1600933257216504,3.142013836632682,8.064114432815643,13.747769355773926
7729-102255-0010.wav,1.5140628814697266,0.8607713395475498,3.0016685820862783,2.040065592402577,2.223571409545705,-1.0973991059512775,4.860152244567871
4446-2275-0035.wav,1.825426697731018,0.9277025690633994,3.489996698364287,2.5673975463202323,2.648839825874433,3.806287981171096,11.780810356140137
2094-142345-0011.wav,1.5573830604553225,0.9160273840629238,3.3187771295087334,2.365204694867084,2.4021325743605875,3.7832262459650434,5.183643817901611
8463-294828-0003.wav,3.429213047027588,0.9857685045328204,4.931734685395204,3.995031197234137,4.208574337448159,12.866267217464168,18.52518844604492
4446-2273-0011.wav,2.1257948875427246,0.9558683818877776,3.575611004249389,2.3553471004683013,2.822146498062027,-0.9147494082288106,11.492839813232422
5639-40744-0035.wav,2.1071343421936035,0.928042534759467,3.256015818905841,2.4337761054885005,2.633503359103125,1.361692281072547,6.6595659255981445
61-70968-0027.wav,2.4759790897369385,0.9575787677864968,4.052806097142464,3.164877711365751,3.270422576559059,7.779666656702833,13.130146026611328
1089-134686-0032.wav,3.6358892917633057,0.9891508349556176,4.955510895278878,3.9067040626928753,4.327626185122446,9.77024703527107,15.971311569213867
1580-141084-0012.wav,3.192233085632324,0.8920022194397125,4.506122522048909,2.8646951357380246,3.8177135193973712,-0.6594490990531575,12.034095764160156
2830-3980-0061.wav,1.7783138751983645,0.8467202185441521,3.1640101398648186,2.3239609756416866,2.40109941035386,3.020270771004447,7.897253036499023
8230-279154-0038.wav,2.112936019897461,0.9121508538316512,3.5399139427424275,2.5645643574945507,2.782027069614927,3.202692198979663,4.586964130401611
1284-1180-0017.wav,2.128643274307251,0.9075264913847456,3.5543961185649606,3.1693322643817226,2.844023835760904,10.618431317703472,14.636049270629885
4507-16021-0032.wav,1.7409913539886477,0.8053024341113135,2.93534006163792,2.042211856837564,2.255124421204179,-0.5806178349583646,7.745876312255859
4446-2275-0026.wav,2.103675127029419,0.9383171913758092,3.71644560293435,2.748268565252232,2.908247444964059,4.291718878893956,11.03041172027588
8455-210777-0023.wav,2.939185619354248,0.9915727385771524,4.176103357100812,3.448207862291381,3.566928871318267,8.707227229996974,16.179805755615234
1580-141083-0009.wav,3.2842299938201904,0.9504322920452118,4.7217185228464125,3.86676564856931,4.020081186823091,12.405466976236925,18.72290802001953
3729-6852-0020.wav,1.1393359899520874,0.7516528495109654,2.0266216213216093,1.569147229821117,1.461297960558751,-1.856557923831588,4.602926731109619
5105-28233-0006.wav,1.7933859825134275,0.880452157176346,3.127339641489497,2.4063043566714453,2.418584050023627,2.9740143786024893,10.911958694458008
5142-33396-0060.wav,3.805865049362183,0.9927907730009112,4.872835707486875,4.1360939031870725,4.373381018773657,12.07500649806193,20.709068298339844
672-122797-0032.wav,1.3872349262237549,0.8568879394344585,3.1707142338535874,2.429860786136323,2.2269926259520347,6.785569710044944,2.651323080062866
7729-102255-0037.wav,2.212729454040528,0.9025556537051054,3.707499014560829,2.3972434411000973,2.9342673304537144,-1.023807403198702,6.872129440307617
2961-961-0003.wav,1.5668056011199951,0.8995285374868692,2.7840126725435725,1.817976889811885,2.05352285033422,-1.12873314394664,7.14954948425293
1284-1181-0001.wav,2.738667726516724,0.966936412077086,4.186461468826221,3.3564937474188588,3.4692134397788936,8.843984025461243,14.431448936462402
908-157963-0023.wav,2.042152643203736,0.8798671907599607,3.686250747314987,2.7744645419998903,2.8439516808497896,5.976413108397708,10.825323104858398
5683-32879-0020.wav,1.812959909439087,0.811890328126123,2.94439485624796,1.982100818787545,2.279692936239853,-1.3635931881854355,10.076396942138672
4446-2273-0018.wav,1.348239779472351,0.9009919810565028,2.744611139867035,2.0551564157283133,1.9816208931017885,1.7357830457466463,5.818179130554199
7021-79740-0002.wav,2.200425386428833,0.9461287776151918,3.3234569611878904,2.634676910868619,2.7092466074403663,4.059633654137184,11.58599853515625
6930-76324-0015.wav,2.476588726043701,0.9458296064588017,3.968080757945776,3.1205802932620856,3.2246435070416024,7.245063669793154,6.420010566711426
7176-88083-0007.wav,1.0822646617889404,0.6481800824128191,1.5891224604935403,1.3572079220839712,1.1762724344271664,-3.0905073099019447,-1.7224252223968506
1320-122612-0000.wav,1.8622729778289795,0.8808036663288339,3.5121144679483103,2.436791523552323,2.6548773662714797,2.4922479812819653,2.7098398208618164
6829-68769-0037.wav,1.9467432498931885,0.9720035658907528,3.7145537833230775,2.895363190286319,2.81398024104692,8.437630123241773,12.486312866210938
237-134500-0021.wav,3.1642329692840576,0.9252592811565244,4.406133110997277,3.5923220187396927,3.779258820092677,9.981935421864964,17.058713912963867
4446-2273-0034.wav,2.592127084732056,0.9568231817560928,4.065285224182947,2.6911333685196155,3.3178614123936363,0.1462223490228664,10.875906944274902
121-127105-0014.wav,2.3826794624328613,0.9245371372810444,3.1419396824383368,2.4379129909562502,2.7073070215296857,-0.2854330679711615,11.437667846679688
1580-141083-0005.wav,3.2237908840179443,0.9468678327584684,4.439984520338824,3.3344327718384945,3.804143108985877,6.407362152619674,20.31410026550293
5105-28240-0019.wav,2.856510639190674,0.9454662250735798,4.24036917722669,3.39569831677004,3.5611009108935097,8.327286889371164,12.157283782958984
4446-2273-0035.wav,1.9503262042999268,0.9024973434305136,3.125832357427526,2.0967011861485165,2.476326000220019,-2.2165227314692264,9.701971054077148
2830-3980-0003.wav,1.108507752418518,0.7175716419095128,1.7520651133037397,1.5823274635260798,1.2522791837206897,1.0908909410541343,2.279481649398804
5683-32866-0003.wav,3.5091257095336914,0.9744610668476552,4.593041531867286,3.832218973387148,4.056648843394871,10.72224333395542,15.90407371520996
3729-6852-0011.wav,2.838780403137207,0.9248397318992996,4.259759467087828,3.351404422681348,3.520708049231222,9.569022564082374,14.459399223327637
61-70970-0016.wav,1.3192871809005735,0.9355152617432012,3.113515011891924,2.0751787186231656,2.214055292463604,-0.5244288880599771,9.766275405883787
908-31957-0013.wav,2.0942163467407227,0.8821814702421349,3.4350701722663093,2.417000736484701,2.703874614688644,1.7308517130775976,7.238649368286133
8555-284447-0010.wav,1.69945228099823,0.8462420249463501,3.133926802438025,2.5237347361610425,2.373085935809407,5.609839451375258,6.30601692199707
6829-68771-0024.wav,2.8767411708831787,0.9814752779987842,4.220532436794601,3.494261730286381,3.5517752755691507,10.16439330394396,17.1921329498291
2830-3980-0022.wav,1.4489080905914309,0.8266845617707288,2.744120261207433,1.955214176617648,2.0231291984453224,-0.2142833180602272,6.578404903411865
5105-28240-0020.wav,1.5992026329040527,0.9590708423134212,3.0057978320563925,2.1065789943051447,2.2567426726025066,-0.1643693437313102,7.345682144165039
5105-28233-0004.wav,2.7822012901306152,0.977208485313811,4.258788541014153,3.2984215145265576,3.5131037383949577,8.21227172147719,15.437227249145508
7176-88083-0019.wav,2.3459129333496094,0.9578067896400212,3.916394943303711,2.958602302928152,3.1353452141179265,5.559466175156429,6.676549434661865
672-122797-0035.wav,1.6765140295028689,0.8157000434870245,1.97399942976194,1.8143908475678836,1.702830443621051,-1.8835477171663504,4.175410747528076
4077-13751-0004.wav,2.318207263946533,0.9044633604173248,3.7239698812284927,2.607188905238504,2.9745191933716666,2.442692288422574,4.311273097991943
4446-2271-0007.wav,1.185941219329834,0.8712474751441246,2.3859263022302266,2.377292672318956,1.7651211296560696,6.145111932730973,13.215065956115724
2830-3980-0006.wav,3.0514516830444336,0.9773928095396348,4.444547447103083,3.528163249704176,3.741392182252137,9.820564060909202,15.054388046264648
4446-2275-0009.wav,1.7095211744308472,0.934940819096309,3.328970317679211,2.2441166309210323,2.4953732662875003,0.2070501528067211,7.339303970336914
5639-40744-0006.wav,2.112736463546753,0.9411169401403444,3.15285338467377,2.4721129048810973,2.576482571534612,2.303050964521849,8.080526351928711
2830-3979-0000.wav,2.4634737968444824,0.8410278531760377,3.703322694761708,3.1157732204009543,3.060156961548446,8.419451395058106,13.149949073791504
4992-41797-0013.wav,2.7581236362457275,0.959742080405316,3.969509768459378,3.3577632581837364,3.3430813026997246,9.9505211713954,17.30731964111328
1320-122617-0041.wav,1.2621536254882812,0.8601013101076337,2.8070793641896223,1.888562824334859,1.9559076696809523,0.3316923840421292,1.411046028137207
5683-32866-0029.wav,2.095175266265869,0.8091777339612388,2.9822033112959385,2.331541967182269,2.4436221492617776,1.926934298958285,6.918607711791992
7021-79730-0008.wav,3.2609617710113525,0.9828728106537258,4.501931338724904,3.3710850520141853,3.87131998222828,5.93238400899435,10.323160171508787
1221-135766-0011.wav,1.471904754638672,0.9243515480262828,3.3476049954975244,2.644134166238885,2.402622173110836,7.567888669943124,4.806488990783691
6930-81414-0019.wav,1.9377977848052976,0.8921576007508534,3.140281394785139,2.3270931206917718,2.519025106399748,-0.3077116578790963,9.112390518188477
2094-142345-0055.wav,1.8459644317626955,0.8808798662578317,3.500015236364276,2.375456654147149,2.64261161064858,1.554751685496586,4.182826042175293
7127-75946-0019.wav,2.977829933166504,0.8910201407577774,4.223476956810629,3.46196274642468,3.5753349405089345,10.16030689357078,15.24503231048584
6930-81414-0007.wav,2.338698625564575,0.9279492463468229,3.7423043638565887,3.08777237966847,3.004951981566072,9.432521998113616,13.31651496887207
908-157963-0004.wav,1.6448158025741575,0.8607047962892368,3.1082125005294783,2.034222968217089,2.311268547002661,-0.8013178505177339,6.737375259399414
1580-141083-0002.wav,2.0978033542633057,0.8954987670791686,3.5818343355117945,2.5591977733685694,2.805837998784367,2.76556037678065,10.93795680999756
7176-92135-0008.wav,2.744135618209839,0.9869730414652522,4.351969151306916,3.423690698493168,3.559466078208513,9.642660356919292,13.222137451171877
5639-40744-0030.wav,3.1898610591888428,0.9885559934120354,4.348931501898201,3.5994307496657205,3.763053382946814,9.930500230111347,15.33260440826416
1580-141084-0015.wav,1.357572317123413,0.8518101646953962,1.938953447063377,1.347618387783902,1.4078230871574688,-1.7391781827487036,0.7029495239257812
5683-32866-0010.wav,2.1810944080352783,0.883898232505776,3.661391040459942,2.645461886553821,2.8657864612478194,4.458769180231444,9.454360008239746
6930-81414-0012.wav,3.473372220993042,0.9082952624086488,4.567147710170291,3.710552610639189,4.025573322519327,9.068351247858445,14.65896701812744
4446-2271-0000.wav,2.8692641258239746,0.977011591328492,4.1783422033932975,3.498876170493392,3.519637860834964,10.619047224951863,16.281949996948242
7021-79740-0005.wav,1.6158076524734497,0.8626802168179317,2.441202906556111,2.031713060658461,1.9891618619072904,-1.6972374380429796,5.998501300811768
121-123852-0003.wav,2.55701231956482,0.9533566507970586,3.929241139116972,2.7970571218749933,3.212036717327235,2.992847344641163,8.793571472167969
1221-135767-0009.wav,1.7967684268951416,0.8706499493252966,3.442215678805025,2.6336237643393137,2.6015957663789586,5.471389732262864,6.653292655944824
5142-36377-0000.wav,3.118903875350952,0.9876468405568298,4.449008070940021,3.891391317079649,3.810656917106863,13.621052270829406,15.189178466796877
908-157963-0024.wav,1.5421276092529297,0.8635489164152214,3.127018204078113,2.0108468620197644,2.2708368703809527,-0.4842275461115279,2.497086763381958
1580-141083-0039.wav,2.4373788833618164,0.8568881714211988,3.50870372603736,2.6056143632339634,2.905261328845409,2.4971401887572027,13.271050453186035
8555-292519-0009.wav,1.9795811176300049,0.8870592401444425,3.123330907175475,2.5668302954597797,2.4489491225433184,6.826112480596597,11.508411407470703
5142-33396-0051.wav,3.836913824081421,0.9863796774048093,4.880033711097076,4.2954227475165325,4.380212866559205,14.91603500347064,19.696691513061523
260-123288-0026.wav,1.435995101928711,0.8606938408412151,2.816408780108073,1.8922991810762155,2.069387634838627,-1.8556107465478573,4.900420188903809
8230-279154-0002.wav,1.0783073902130127,0.5519417431129864,1.0,1.0,1.0,-3.170394949448788,-3.0375194549560547
8230-279154-0021.wav,2.3607819080352783,0.9160219409906242,3.789852969596038,2.6711234337310854,3.040254079072641,2.6298157055645306,2.7425649166107178
2830-3980-0053.wav,2.443007230758667,0.9450836664001098,3.949205035420089,2.938531361200362,3.151913628255877,6.653668991033164,11.583720207214355
8224-274381-0004.wav,1.3688335418701172,0.7387322173103716,2.497440874852053,1.963968556654513,1.8803728939462985,-0.3674139754408643,4.63399076461792
4446-2275-0027.wav,2.5870485305786133,0.945090860714842,4.055642624566786,3.011514488751688,3.3177079110626955,4.952553525010439,10.477916717529297
1320-122617-0007.wav,1.99799919128418,0.8995942202338162,3.412665533497796,2.510078842407829,2.6675946772128287,2.904937846086629,2.3206117153167725
5105-28241-0016.wav,3.0220913887023926,0.9601700603497912,4.573511579502845,3.778507898676848,3.818967369915253,12.773161719977695,15.801475524902344
672-122797-0062.wav,1.7492804527282717,0.7071793681229201,3.13227054728546,2.194679498665173,2.3498268219652507,2.1057371798919107,5.728456497192383
4970-29093-0000.wav,1.2626442909240725,0.9063635351892844,2.7068821512877514,2.0289306796180657,1.9296762118002653,1.5261078806074548,7.81797456741333
237-126133-0010.wav,2.4137299060821533,0.9030822445954252,3.653621253699894,2.958163725201263,2.995630685120008,6.941807394079042,13.805333137512209
2300-131720-0017.wav,1.669236183166504,0.8992731034447167,3.235974457747784,2.564503554198269,2.42719514424067,5.66710284783439,3.7642922401428223
1580-141084-0013.wav,2.0944418907165527,0.9236296707493202,3.5608680215125754,2.260505552165169,2.781150715166105,-1.396803225263045,9.518783569335938
4992-23283-0018.wav,1.71919846534729,0.8970377684461226,2.937578216327029,1.9859768020490003,2.2510536327808723,-1.5643220419264448,6.4005045890808105
2094-142345-0022.wav,2.775003433227539,0.830749461699034,4.087735815828766,3.0369735336216417,3.3833141583976585,5.925283082128956,9.191986083984377
1221-135767-0001.wav,1.7938687801361084,0.9436109279215558,3.591306810686673,2.7614256353644078,2.6900310750349865,6.8295505218841885,6.301641941070557
6829-68769-0039.wav,1.7521306276321411,0.9333477054280888,3.3600325247517566,2.156591713187381,2.5247784236794897,-1.1721403804620365,9.98272705078125
8230-279154-0010.wav,1.9280970096588133,0.9067835060642,3.424365922618685,2.2200528489537747,2.618281952749568,-0.29430953336983,1.3386142253875732
4970-29095-0004.wav,3.721337556838989,0.9765683924876006,5.0,4.034783835173603,4.399205768459631,11.634379872065582,18.26122665405273
7127-75947-0003.wav,2.9858081340789795,0.9803793627690608,4.279616377943836,3.5063376871867025,3.638693584690983,9.42083181859287,14.89601707458496
1995-1826-0017.wav,1.4270861148834229,0.7960757282436105,2.632837730861556,1.7343053310095682,1.9216951650554,-2.011205167444855,5.623498916625977
7176-92135-0003.wav,1.4194189310073853,0.8880596677189398,3.030878817580588,2.102784543982481,2.163541946440313,1.7957699891466257,1.6724203824996948
8555-284449-0003.wav,1.9904969930648804,0.8917232252305929,3.4567709846616705,2.840335157383514,2.6958247671109032,7.760221636580409,11.739786148071287
260-123288-0009.wav,1.9925824403762815,0.9638077228736268,3.44545263244235,2.862554556151164,2.7059977693056707,7.447145460073504,17.033798217773438
6930-81414-0002.wav,2.3970603942871094,0.8560550946801678,3.542529863588406,2.4774974289820464,2.9095441041589374,0.4252871779103557,7.287113189697266
1320-122617-0006.wav,1.3738813400268557,0.7709356544873772,2.522457962225828,1.774680043453997,1.8478353693919056,-1.315977030687934,-2.349442720413208
3570-5694-0012.wav,2.243574857711792,0.9638038956815264,3.5384851164221587,3.00252775697961,2.883004667846439,7.589483393291662,13.47821807861328
1188-133604-0022.wav,3.064765214920044,0.913638221846184,4.316726434693025,3.5348428129879057,3.709531427221068,8.723378114486419,17.407310485839844
5683-32865-0000.wav,2.649299144744873,0.9352368962716404,3.812675034167136,2.325486100230175,3.1584398222512515,-3.33338033546967,10.98233699798584
4446-2275-0001.wav,2.637150287628174,0.9448929484897048,4.256586992050154,3.1116180028769653,3.454108594261222,5.671553175290392,11.796213150024414
4507-16021-0006.wav,1.865875482559204,0.8249055294093209,3.051334703999113,2.59030603713401,2.370550951350762,7.407520512062375,13.131114959716797
4446-2273-0000.wav,3.271449327468872,0.968773947500259,4.735522018188067,3.903230702306519,4.023260782523381,12.959417096658894,14.05694580078125
8455-210777-0055.wav,2.4157867431640625,0.9589803161685224,3.879848379637052,2.672490303828692,3.147795606448029,0.6926805549286421,7.731178283691406
1580-141083-0049.wav,2.525979995727539,0.8962221553746068,3.92185318933673,2.741329902492485,3.170615081618603,3.3163606774418595,12.737451553344728
121-127105-0024.wav,2.571051359176636,0.9255109855890364,4.075858889412206,3.0049015924226765,3.3209954877132413,4.911395891906399,7.118204116821289
5639-40744-0009.wav,3.058478832244873,0.9897035243142148,3.7780529663027007,3.0941002214904403,3.349624069967483,5.683419852117417,18.06393051147461
260-123440-0012.wav,1.892716884613037,0.921719751927815,3.464672686940204,2.235152514690178,2.637206764033776,-0.5235250493022086,6.240626335144043
8230-279154-0032.wav,2.480053424835205,0.9041171759646884,3.717692679881795,2.558426403483834,3.0558255144009574,0.3216160074829143,5.048053741455078
2300-131720-0007.wav,1.2691575288772583,0.9570693883581084,3.195547464526348,2.384284910269419,2.216682559948392,5.329669426952641,5.241867065429688
121-127105-0023.wav,3.608037233352661,0.9658824890354404,4.963759091047031,3.86714928359812,4.310215756287309,9.68196316227923,12.237192153930664
1188-133604-0044.wav,2.4366297721862797,0.8868719637828271,3.5225368323304966,2.4391457760223028,2.927250971070803,-0.8217883562321795,9.57199001312256
3575-170457-0055.wav,2.7647740840911865,0.9402989945634932,4.111658606464811,3.078136914485225,3.416842769085114,5.475905010950089,12.81089210510254
1188-133604-0017.wav,3.313174247741699,0.982452017256368,4.440746434798868,3.596524178236613,3.886494976872421,8.266347259097435,15.95940113067627
2094-142345-0015.wav,2.311845302581787,0.963858224765252,3.782351716490157,3.028204880580452,3.025963322728278,8.045507247908231,10.274291038513184
8230-279154-0005.wav,1.6987468004226685,0.801916930878586,3.016837191743221,1.941084849485209,2.279583660960431,-2.0961865947498857,1.922720432281494
4077-13754-0012.wav,1.7751059532165527,0.9015359496622128,3.3456321332540573,2.422034220173468,2.5203661691816825,3.256781231317781,7.375317096710205
1580-141084-0020.wav,2.796162366867065,0.9438275963359268,4.1598709164516565,3.051450258476413,3.4656952569960287,4.417029126091462,18.088172912597656
121-127105-0030.wav,2.1944284439086914,0.9582625868534208,3.9073438339494415,2.856106083104065,3.0416189740519157,5.642698201680808,11.184530258178713
260-123286-0005.wav,2.132180690765381,0.9541180815331284,3.3987250324778318,1.8328028111816037,2.639818163632293,-4.960043649408347,5.128116130828857
5142-33396-0001.wav,1.8432791233062744,0.9116466173941292,3.223132849531473,2.4753460418028137,2.514408645441052,2.679479674717677,11.795570373535156
6930-75918-0007.wav,1.9916956424713133,0.8888614673910901,3.4947401250673296,2.6284469963490475,2.7126915073591173,4.503736196003693,10.90188217163086
7127-75947-0017.wav,3.4811928272247314,0.9717635707373274,4.733777458594213,3.99770213172616,4.122302754859519,13.132068212313108,19.87586212158203
8455-210777-0035.wav,1.3847086429595947,0.7738663114401868,2.691492402384813,1.801464940913553,1.9807532268087509,-2.882662849080712,6.255598068237305
4077-13754-0016.wav,2.8656725883483887,0.9592601486819676,4.4134399334691015,3.126293833635601,3.64117580476786,4.451465507510494,9.709393501281738
8455-210777-0067.wav,2.6115970611572266,0.9894899540110536,3.789180205429986,2.973883190799308,3.155486173305253,6.020956545820194,16.083621978759766
5105-28241-0010.wav,2.544428825378418,0.9103057449948144,4.095323418331527,3.495606761238893,3.328306061921184,12.414667866113565,15.59998607635498
8463-294828-0022.wav,1.2907956838607788,0.6923237060408512,2.423709781201301,1.794482094713861,1.78701618170634,-1.704946374126514,3.2265164852142334
1284-1181-0009.wav,2.794294834136963,0.957410504870657,4.159238381121034,2.9541876642625886,3.4680950810423186,2.7261977186718416,8.330778121948242
8463-294828-0019.wav,3.2536463737487797,0.9608847963958502,4.695788574762438,3.661188910372926,3.979668675239517,9.906046906290896,14.47701358795166
8463-294828-0018.wav,1.8694376945495603,0.9765822641946296,3.646268197165026,2.792881909837564,2.7500238567182005,6.998435827268146,17.73245620727539
4992-41806-0014.wav,2.449841260910034,0.9537278671236272,3.741394316982623,2.4657462603016347,3.0409820110389587,-0.4188474308294693,10.673425674438477
4970-29095-0019.wav,2.054267644882202,0.850383936236917,2.42681908077098,1.8463510941754075,2.0622192814175184,-1.7454031974992343,9.5639066696167
1284-1180-0000.wav,2.6852729320526123,0.9365436959327164,4.095428170623909,3.264671296507814,3.381915705129709,8.45424495772501,12.918730735778809
4077-13754-0015.wav,2.853415012359619,0.970573573532309,4.401273816253427,3.328464218977865,3.630670690500109,7.676945008084843,11.682985305786133
8463-294825-0016.wav,1.8813049793243408,0.9334768712345528,3.4580598736037644,2.26931640299381,2.64438154468889,-0.6096347066749841,10.853795051574709
1284-134647-0007.wav,1.7550373077392578,0.8306624591627556,3.1237219435829844,2.4046441426767515,2.391011451898444,3.5209465344824484,3.957314968109131
4077-13751-0009.wav,2.5008463859558105,0.9345364210388007,4.035293354847118,3.106440961272828,3.253174148320957,7.592705450876569,7.961658477783203
3575-170457-0044.wav,2.911074161529541,0.958888134293188,4.326725007376533,3.586296908450924,3.62858701796842,11.072376369242924,14.545185089111328
1995-1836-0009.wav,1.301262617111206,0.7911667021396556,2.428698372969808,1.8764184187700217,1.7912871292121224,-0.3297257771176087,3.359008312225342
2961-960-0013.wav,1.4486669301986694,0.828544773461852,2.446847016982596,2.0259063409590525,1.8602543763378443,1.563422139892628,9.865537643432615
2961-960-0019.wav,1.5067269802093506,0.8886360254390594,2.832025219875878,2.452806063610197,2.148951929845433,4.915144845843241,10.951147079467772
5142-33396-0055.wav,2.209508180618286,0.9705918331496102,3.811640700590593,3.404613575453134,3.025602536433332,13.17786794218285,17.599590301513672
6930-76324-0000.wav,1.141895055770874,0.7092861492084522,2.3050281885964297,1.686981875991446,1.6625825236827911,-2.7136944175315945,3.452545642852783
7176-92135-0015.wav,1.470373511314392,0.8294317851674046,3.1268843056779105,2.2276107415071467,2.2735618193531084,1.7814882262878664,6.853857040405273
2300-131720-0000.wav,2.701887607574463,0.9759770396906676,4.1803651124370935,3.2048374668309894,3.4357291197629185,7.239149509902049,9.170085906982422
5105-28233-0007.wav,3.0365090370178223,0.9605242899935598,4.48941739290009,3.580298581020333,3.7662341161884094,10.318183380125706,13.776063919067385
1995-1826-0014.wav,2.2487964630126958,0.9253092652624488,3.4053364087866527,2.0968233963127467,2.711562654681664,-2.0755962344417265,8.572539329528809
2300-131720-0023.wav,1.7787271738052368,0.9003930266333947,3.09838822756818,2.2599656690497207,2.391564023774855,0.9920556519234444,2.3639307022094727
61-70968-0026.wav,2.138124227523804,0.974394955813754,3.865180092096333,2.9883638908812347,3.006906047663736,7.521637793689225,12.835031509399414
1320-122617-0027.wav,2.1680362224578857,0.965106928035346,3.695795637807968,2.7514635345022125,2.888966364046723,5.682838435424099,4.757941246032715
1089-134686-0037.wav,1.8925812244415283,0.8729218219173662,3.292226336657168,2.216690319026645,2.566932678650245,-1.502807782475012,6.678056716918945
5639-40744-0029.wav,1.8703525066375728,0.9322649376557584,2.852274188944804,2.148886255798335,2.276325311645444,0.2540864530967157,5.31305742263794
1580-141084-0038.wav,2.4717588424682617,0.938886416693068,4.014368162352278,3.1590343269326784,3.2335397453871373,8.407409750643147,18.29438781738281
121-127105-0019.wav,3.3333933353424072,0.982771496976256,4.540818119919172,3.655412631328101,3.9510348120364895,8.847771874993763,13.130327224731444
672-122797-0072.wav,1.6799707412719729,0.7694118954359818,2.8324687837801106,1.8923028971377769,2.143966973189836,-1.2124479775880737,2.4525907039642334
2830-3980-0021.wav,2.4966514110565186,0.9045350464039768,3.8269784461531806,2.7493400051489467,3.118588745577015,3.22586019835658,8.849743843078613
1580-141084-0037.wav,3.0073704719543457,0.9778930358209934,4.406540221641317,3.4677318627293108,3.7142870752702457,8.576074091131645,14.764748573303224
260-123440-0002.wav,1.972143292427063,0.945532082187442,3.4040806516765127,2.8354149343973725,2.6761903402895357,7.123010405529347,13.470640182495115
237-126133-0015.wav,1.4290409088134766,0.8109022197229353,1.8973066648057908,1.3898586520883591,1.459738812150471,-3.221258131781433,4.5279459953308105
61-70968-0022.wav,1.815885066986084,0.9028055252127054,3.3938606605186825,2.534003189575526,2.592025898538078,3.5319564947149145,9.732610702514648
260-123440-0013.wav,2.8097286224365234,0.9690863186901104,4.095369710264466,3.501113740878906,3.445493093585024,11.229500712288756,16.29533576965332
6930-76324-0009.wav,2.264532327651977,0.951280234302195,3.6819829422683377,2.937755628937989,2.964752470219725,6.4127093147429415,11.03216552734375
7127-75947-0038.wav,1.566530704498291,0.8596061314859847,3.051947984968668,2.0466635299048344,2.276768362977558,-1.4649983890127944,5.048253059387207
1188-133604-0029.wav,2.474691152572632,0.9088048197955036,3.616366721595937,2.8151011597604105,3.025702746213455,3.423065552923879,10.832836151123049
7176-88083-0013.wav,1.9940803050994875,0.9493330338014424,3.656605669765309,2.5727805699873074,2.802838468712327,3.231808245035697,4.873449325561523
2830-3980-0047.wav,2.1352334022521973,0.9275276843554318,3.726100733549336,2.8946294260287493,2.9096900199730915,7.225688972123637,10.351516723632812
4507-16021-0031.wav,1.9277423620224,0.9261149187371922,2.849363548342575,1.4869703960280265,2.1711167757470715,-4.839538410943894,3.1148486137390137
6930-81414-0015.wav,2.766848564147949,0.8865768495484402,4.075930004624928,3.0271426112164943,3.4071594311877287,4.340264313918927,9.206853866577148
3575-170457-0027.wav,1.554912567138672,0.9055991627476668,2.831108637640829,2.375963319139419,2.1008471697008853,6.5012255460750525,8.778153419494629
6829-68769-0048.wav,2.7891323566436768,0.9713573215920271,4.259634163084606,3.4608238069992634,3.526068616152773,10.339019689441608,15.527816772460938
8455-210777-0024.wav,1.078505277633667,0.4754561443524904,1.0,1.050344152054132,1.0,-5.002479144991588,-3.198155403137207
2961-960-0000.wav,1.268340826034546,0.7518362444917357,2.110591356093601,1.851800555131809,1.5723256811951238,1.4703886782360107,4.050166130065918
908-157963-0011.wav,1.676079511642456,0.8512150087286326,3.2406992397383294,2.491529014505832,2.418873786253762,5.079317314724373,10.083356857299805
7021-85628-0019.wav,1.5034598112106323,0.9526348272187728,2.7026723251058677,2.3364713199840206,2.0722286699527404,3.5652796143255423,10.716766357421877
672-122797-0041.wav,1.872182846069336,0.7891209697852672,3.1472093173529947,2.166899571598401,2.4442172720105626,-0.3646044435347207,5.603701591491699
5142-33396-0043.wav,1.9159305095672607,0.9140417419903896,3.420164066789989,2.5114097771605093,2.644978694802659,2.8836813046524763,13.226358413696287
3570-5694-0003.wav,1.8955626487731931,0.9735613753572862,3.497986571667409,2.8398464344219554,2.686597129503343,7.67074207277954,7.427407264709473
237-134500-0009.wav,3.7220866680145264,0.9449012643734674,4.7065634997904695,4.003996448495846,4.228031925397267,11.50879288589088,18.367576599121094
4507-16021-0008.wav,2.185244560241699,0.9409762307248216,3.265315131748078,2.1086935224802734,2.627823132668293,-2.199045304702564,12.24751091003418
908-31957-0002.wav,1.911686897277832,0.8864118531894526,3.1900409391923623,2.173438314864484,2.471689868307071,0.0469126006911462,6.681564331054688
237-134500-0032.wav,2.521491765975952,0.961640264919026,3.638357827406512,3.077363278505401,3.07073326624416,6.770196336939377,14.082950592041016
1580-141084-0047.wav,3.267983675003052,0.9654579101513352,4.544793048928339,3.807231129661668,3.926228195789159,11.478715783980022,17.794918060302734
121-127105-0009.wav,2.212906837463379,0.910921812136048,3.7192486393990087,2.370454901117668,2.9365061118413576,-1.2874792151713657,3.856300354003906
7176-88083-0000.wav,1.761920690536499,0.9029489080281426,3.182608323438045,2.392363529994635,2.4559523317138665,1.85663418098007,3.79646635055542
1320-122617-0017.wav,1.89536452293396,0.936623416192634,3.621808829853614,2.593754153054924,2.741796844312858,4.044055091752703,6.1180267333984375
1320-122617-0036.wav,2.255160331726074,0.9121385939763668,3.4242254149227223,2.326252397518005,2.740824173536507,0.7842930130436331,1.4092106819152832
121-127105-0008.wav,3.428041458129883,0.9663617623531892,4.512213981417842,2.9344789219899217,3.955361692918757,-2.0256972143341883,12.125215530395508
7021-85628-0025.wav,2.785027265548706,0.9858437933058644,4.02232209840015,2.699476106895504,3.3538491180679952,0.5793109895611914,11.553092956542969
5142-33396-0018.wav,3.43171501159668,0.9811224129554816,4.5399643683227895,3.748189610931483,4.0006318306623605,9.558000311133313,16.48288345336914
6829-68769-0006.wav,3.0043435096740723,0.9772600690279176,4.384816915217556,3.606028775032653,3.705206690222319,10.650729179257562,16.817243576049805
1995-1837-0000.wav,1.7470606565475464,0.7558780290496606,3.14763038802206,2.3106523814679285,2.411818370122756,1.5194672074752116,7.742910385131836
61-70968-0048.wav,1.6815465688705444,0.9043800221604424,3.3785448562432943,2.4642856926829557,2.516325440348872,3.455325740541246,8.051424980163574
1284-1180-0028.wav,2.3059444427490234,0.9426733012695394,3.729924533457596,2.550505109146425,2.949719905683562,2.586339180625936,8.267345428466797
61-70968-0021.wav,2.406485319137573,0.936409584753836,3.869774001289703,3.155260331160631,3.1169505292017226,9.357479125148927,14.607285499572754
7729-102255-0000.wav,1.466236591339111,0.8352005643926281,2.80563176211696,1.924912693040454,2.082701907412511,-1.7174394749624229,5.096547603607178
5142-33396-0027.wav,1.828839898109436,0.9250783318047356,2.905256568678602,2.4271721888912774,2.3383376710950783,2.4920055278614184,12.42574691772461
8555-284449-0007.wav,2.089789867401123,0.9268119811764934,3.3035817218172103,2.676202329390396,2.6072097139278805,7.156677856613273,9.82486629486084
5683-32879-0001.wav,4.021047592163086,0.9927472745668346,5.0,4.262713937737415,4.610796451579925,13.335894036919196,23.2144832611084
4992-41806-0000.wav,1.2243188619613647,0.7439025729191556,1.7553175444381963,1.539254027439463,1.354157080350649,-2.3122539195959235,4.662528991699219
1580-141083-0045.wav,2.772611141204834,0.9348974553768644,3.98573893971466,3.0859025174975407,3.3724485297524662,4.909563352397337,14.368431091308594
6829-68769-0041.wav,2.6873881816864014,0.9787168367747822,3.781954013129545,3.09489208004402,3.203739031040545,6.768512803162843,15.95130443572998
3570-5694-0001.wav,2.937286138534546,0.9894350338061328,4.2943313612124605,3.4404251692495595,3.6084151900504975,9.319848254330816,15.438591003417969
908-31957-0024.wav,2.02965784072876,0.9260451414840308,3.489409171265756,2.2382130886730764,2.705239777566254,-0.922440580862922,5.191653251647949
8455-210777-0041.wav,2.0684943199157715,0.9713779798211124,3.190948715725786,2.530416137144577,2.574186851407592,3.516157436679768,9.109782218933104
7127-75947-0028.wav,2.489614486694336,0.9586825234583476,3.8480952916864126,3.0859460892766,3.166963851360768,6.797216607040704,13.557167053222656
4992-41797-0008.wav,2.590325355529785,0.9686173768343396,3.632728198127249,3.2243020867289287,3.094558249117147,8.938604814731983,15.715570449829102
8455-210777-0025.wav,1.723912239074707,0.9131301053807224,3.1286687518406398,2.14681515179284,2.404795834066457,-1.5267825508058286,8.520719528198242
7021-85628-0015.wav,1.529167413711548,0.9178526735212748,2.870107072725996,2.10656412883194,2.1527040045559858,0.4177766841536178,8.985956192016602
7127-75947-0022.wav,2.412243127822876,0.9401636451866788,3.840527843134504,2.940615488292013,3.126088272247784,4.991083797062062,13.711237907409668
2830-3980-0008.wav,3.5035829544067383,0.9944138445604846,4.770370137390034,3.7659239984918087,4.1301450315954025,10.237991258703238,12.203575134277344
4446-2273-0013.wav,2.2909529209136963,0.9426914376505404,3.565954707178446,2.507527877690352,2.903858494535539,0.1103536003014449,11.48142433166504
7021-79740-0001.wav,2.518393516540528,0.96705437905095,3.7941183243422993,2.62594623279106,3.1034929277812484,1.5307217483438065,11.81689167022705
5683-32866-0001.wav,2.097053289413452,0.9178170472157716,3.425843936965681,2.683473858543655,2.71738449032067,5.204681268107175,8.97568130493164
4507-16021-0021.wav,2.6583263874053955,0.9672435371928676,4.063037579675627,3.153778793712146,3.346314827292568,7.157442767739475,7.375125885009766
2094-142345-0042.wav,1.9203555583953855,0.8249866712429287,3.246041881923078,2.0453412124742885,2.484573607136131,-1.1992486149298474,3.1480188369750977
8224-274384-0005.wav,2.432424068450928,0.966218533050708,3.815873696129999,2.8083379874243346,3.105972406261295,3.5331197830673724,13.217459678649902
237-134500-0017.wav,3.454340934753418,0.9738899451343246,4.678066916856593,3.7413504864266742,4.078282422256069,9.38750030441518,14.817496299743652
2830-3979-0001.wav,3.6809511184692383,0.9599143438344264,4.905536425491866,3.943310915824057,4.288041565257694,11.660456385181874,13.978867530822754
260-123286-0001.wav,1.3812280893325806,0.852929533876846,2.639075751375732,1.8374994816140808,1.974019714623894,-3.214146050803945,9.385329246520996
1320-122617-0035.wav,1.5118532180786133,0.7768965033656682,2.4374353610050594,1.8414553197491172,1.8626951205106703,-0.751861902534709,-1.35427725315094
8224-274384-0002.wav,1.9571218490600584,0.8823325704369029,3.2228568837115907,2.7506605178308154,2.5583520091663705,6.776444127920544,12.383245468139648
1580-141083-0013.wav,3.2647063732147217,0.9445510113211626,4.53518618930466,3.57547180196397,3.88575810667566,9.324416618885268,18.19439125061035
7176-92135-0033.wav,2.462006092071533,0.9475608404107384,4.0946115777891,2.6441211689815445,3.2789176672550937,-0.1489735519177156,10.963330268859863
1320-122612-0015.wav,2.4064221382141118,0.9151469991578473,3.9772702370659703,2.8635482729715185,3.17608073030636,4.477566252890051,6.288896083831787
908-31957-0001.wav,2.781006336212158,0.9679015918971284,4.163808124443093,3.378014399853216,3.4816027909816407,8.763826419252554,12.367193222045898
2830-3980-0025.wav,2.757076978683472,0.9635879314255372,4.169089102986613,3.25514470328272,3.443083526609687,8.275581463385118,13.071691513061523
7729-102255-0009.wav,1.3716636896133425,0.808785416756022,2.058880924913902,1.576315601337554,1.5562106361021917,-1.811179998415112,-0.4617412090301513
4507-16021-0010.wav,2.338170528411865,0.9038795399602372,3.518799893305109,2.5130735720974706,2.8308588966044845,3.073181946306472,6.896996974945068
2094-142345-0045.wav,1.84446918964386,0.9322522624176912,3.564854176643515,2.6118236086001483,2.688075336933662,4.703027752271025,7.52529239654541
6930-76324-0012.wav,2.219681978225708,0.9538542589035424,3.786844537769264,3.058800617640306,3.0155427824734944,7.737561076192202,5.841326713562012
237-134500-0003.wav,2.165929317474365,0.8786825799239959,3.233251200007141,2.328865682013584,2.6499141440867406,-0.6636612033493088,8.894906997680664
4970-29093-0009.wav,2.4449141025543213,0.915932458495938,3.503219906984154,2.4772547463838723,2.9041230230109787,0.5000934654488827,12.212158203125
6930-75918-0006.wav,1.2707209587097168,0.7657728650797843,2.6221637554496056,2.2269400957500345,1.910427341968552,3.7783750548949966,6.300586700439453
61-70968-0059.wav,3.092612028121948,0.99177378212163,4.642362763661109,3.5705791026559965,3.891169142380606,8.83485335796186,14.705656051635742
1221-135767-0015.wav,1.4828462600708008,0.7156526642351856,2.876687404719911,1.6951790162231066,2.0891120802072445,-3.84520048400879,1.5322096347808838
4970-29095-0010.wav,2.991743326187134,0.9660033877079351,4.016856100042662,3.006403580180843,3.453582592589328,3.967844788836093,14.25174331665039
5142-36600-0000.wav,1.4420098066329956,0.9703363260252696,3.1775016994627308,2.801822840886341,2.3088338805050155,10.035730817839998,15.789491653442385
260-123288-0005.wav,2.529138565063477,0.9552234584512266,3.908928501954537,3.1107312417424278,3.2112956930950847,7.150489666029628,1.5274839401245115
2961-961-0018.wav,1.865284204483032,0.8860880417454272,3.218791612953913,2.1351403336912065,2.498992288141188,-1.8139346322763763,8.517602920532227
7127-75947-0030.wav,2.7479710578918457,0.9553101914606024,3.976021924176053,2.955386123895696,3.3424316585874267,3.5861210812754405,10.821105003356934
1580-141083-0040.wav,3.2051100730896,0.937097900636917,4.42533524884306,3.4896825734502808,3.807785207824941,8.116149200287358,17.620784759521484
1995-1837-0020.wav,3.896686553955078,0.9915774988570536,5.0,4.309247512785001,4.552626504487188,14.47405814043224,19.614654541015625
672-122797-0064.wav,1.736137628555298,0.7276334005541867,2.921800568854693,2.026114350038713,2.2547998612363074,-1.1898139887071573,4.703452110290527
3575-170457-0021.wav,1.540910243988037,0.8562350682390132,3.071765292408017,2.3460069796465977,2.2724496230584275,3.5355881354060643,12.017382621765137
4992-23283-0006.wav,2.0192205905914307,0.9262283157506926,2.6819785762272086,2.2936085995601405,2.2328098417526947,2.917767214931421,9.35986614227295
4077-13754-0001.wav,2.572772026062012,0.9809106448931476,4.254718699137848,3.2912116822360056,3.4317417967331263,8.522900083962362,13.938438415527344
237-126133-0004.wav,2.002962112426758,0.9389209911315368,3.2458694812180746,2.3172172252683128,2.5835731674883027,-0.0382717503439431,11.245223999023438
1580-141083-0003.wav,1.5157808065414429,0.8418047598958139,3.02252943671748,2.1929385962163126,2.2012186154651032,2.7965088214999563,8.184988021850586
7127-75947-0015.wav,2.9272866249084477,0.9809482896994244,4.292166922498539,2.906378371889765,3.5726829406017746,2.223192543082282,12.305522918701172
1580-141084-0019.wav,3.3261163234710693,0.9751102975091416,4.78357048121378,3.982100955520652,4.068421213624796,14.076413559454862,21.46367073059082
2830-3980-0042.wav,1.5133135318756104,0.7759216673060108,2.6928003304084758,1.7679752680545002,2.001207738116023,-2.4013032024201326,4.87985897064209
61-70968-0057.wav,2.2431557178497314,0.9753330590525914,4.062830376124823,2.886276682984185,3.16952653971385,4.609150115372961,10.343229293823242
4507-16021-0024.wav,2.7625925540924072,0.9713283451643486,3.904137700602854,2.97438025503361,3.2542496248162887,6.411318985076115,15.36995792388916
8463-294825-0007.wav,3.1480746269226074,0.9658524660985665,4.6658376205283165,3.719197637297543,3.92336058081369,11.103316823702066,16.665515899658203
2094-142345-0007.wav,1.7105695009231567,0.788460902124526,3.079332164407601,1.9257343167179968,2.284269628606503,-1.0029266644427417,1.6307392120361328
3575-170457-0039.wav,2.069697618484497,0.8901618222346072,3.3017068365568494,2.55952981751146,2.635787627722476,3.709941842581368,3.5814692974090576
2961-960-0020.wav,1.6109366416931152,0.933076411904232,2.7739654161730227,2.522491692737668,2.164588958572216,5.587314114902058,11.272173881530762
4077-13751-0018.wav,2.9561915397644043,0.9515249789522816,4.529400864885661,3.389044054013094,3.7514455498881687,7.632971127189913,7.001475811004639
6829-68769-0023.wav,2.2448251247406006,0.968994619153317,3.735262676527431,2.248385118798501,2.948759336299766,-2.945939069033295,9.909621238708496
1284-1180-0015.wav,2.575039863586426,0.9216605685559196,3.8582559040453672,2.928644334868716,3.1917603106741086,4.683021154564808,11.465306282043455
3729-6852-0032.wav,1.943587303161621,0.9220975647958384,2.625454549926693,2.159768583687295,2.0918631819241407,4.655296452586211,6.903188705444336
7021-85628-0024.wav,2.890611410140991,0.9940200026764212,4.46050701546058,3.281813872681124,3.6934264217567994,6.015379131630933,9.967728614807127
1284-1181-0012.wav,1.5539569854736328,0.8157596011563248,2.7754246055722467,1.9557713780701196,2.108358020762017,-1.7341520542097644,3.0119051933288574
121-127105-0000.wav,3.275887012481689,0.9658095035959536,4.362899345869819,3.24196771798492,3.8212660591754073,3.259122690495261,10.011014938354492
2830-3980-0070.wav,2.453444242477417,0.7790774138116204,3.7762416217737567,2.649777897797838,3.012230490447026,4.585818805684506,10.429221153259276
1995-1837-0014.wav,2.467634677886963,0.9600904616512764,4.0515460618271,3.5788816021639605,3.2777196329151943,13.879694821623165,17.84200668334961
1221-135767-0018.wav,1.5470335483551023,0.8157711241912484,3.173130382963708,2.0841968116785714,2.3056413948432906,0.2294219853024686,4.183884620666504
1089-134686-0016.wav,3.061945676803589,0.9774084640891046,4.266597843683186,3.0612239787176647,3.647752063841128,2.787279945982481,9.587675094604492
1580-141084-0028.wav,2.361755132675171,0.9261664923968996,3.959491653743764,2.9868306552727844,3.126343387770954,7.581197604393253,17.05909538269043
1580-141083-0030.wav,3.312535047531128,0.9719534671825008,4.658699377499613,3.768301392075709,4.001044543754636,10.714722445548906,16.492822647094727
1320-122617-0005.wav,1.2239577770233154,0.6988647119053523,2.4389864157601298,1.761588202522644,1.7704649129662116,-2.142846124925145,-0.8424755334854126
2094-142345-0010.wav,2.0188050270080566,0.9098827754307172,3.7086083899916993,2.690395104139939,2.836346406173841,5.124895168991392,7.324459075927734
3575-170457-0004.wav,2.550787925720215,0.9414576319326136,3.9664684576323648,3.067867025269695,3.217831912113281,7.760946336994591,13.76605987548828
61-70968-0055.wav,2.936627149581909,0.9669865663850866,4.553494288245776,3.5025112465475083,3.763365327242468,9.150217788133457,14.77338695526123
7176-92135-0037.wav,1.2664376497268677,0.7660597211386289,2.7078798412897496,1.8732783504389716,1.948549369890633,-1.6986118646349346,4.399293899536133
260-123288-0019.wav,2.5649123191833496,0.9845704327036442,3.341243854588926,3.0763548631142297,2.987266129248758,4.554783023646853,15.750144958496094
4446-2275-0013.wav,2.061281204223633,0.9273703338952072,3.6280472387267,2.8489832978727283,2.831894777293554,6.694943994358996,12.557567596435549
7729-102255-0032.wav,2.297673225402832,0.9391446363272256,3.726646675586709,3.026208201651458,3.011036666281796,7.242498239514225,9.7174654006958
8463-294825-0001.wav,1.2965095043182373,0.7745967704125081,2.874015368222291,1.9431174180330213,2.04764210880572,-0.8730014085056031,5.505451202392578
8555-292519-0015.wav,2.752788782119751,0.9338070304911856,3.905282722186554,2.919397462071129,3.2693181984335697,4.756037299227852,13.61491584777832
1284-1181-0014.wav,3.713279008865357,0.9954985568482942,5.0,4.217082691142945,4.417493026464556,14.080704574225273,20.057832717895508
61-70970-0036.wav,2.558043956756592,0.978069607579749,4.249582827895341,3.3005334638949275,3.431958482986542,8.332798562045957,11.297719955444336
4077-13751-0016.wav,1.4061481952667236,0.7807763215788328,2.4832167702988013,1.575446303472889,1.7955938919799126,-2.5639062996521176,-1.2759817838668823
3570-5694-0004.wav,2.143068790435791,0.9517591717505662,3.4711313456225104,2.5750892674952,2.7808479110726534,2.3555968313129574,5.351783752441406
2300-131720-0035.wav,2.340795993804932,0.9556148997697936,3.9494957410778864,2.9159147704020527,3.1298792458142923,5.773344696794576,4.994256019592285
3729-6852-0031.wav,1.8893117904663088,0.8058000395354751,3.12226406713598,2.4718121986077333,2.394702964420728,6.361098890995888,12.285370826721191
121-121726-0000.wav,2.0196754932403564,0.8994252362917169,3.6132404247446175,2.2301755434204247,2.7923497506959705,-2.319667075283565,6.069934844970703
237-126133-0009.wav,2.8558950424194336,0.9590087605522264,3.9959386904592273,2.944117907953906,3.3964310808578357,3.046993684040848,15.47212028503418
1580-141083-0041.wav,3.1957569122314453,0.955779251472772,4.4836463423106965,3.53350232645291,3.83853426968276,8.5981235331351,17.649595260620117
1188-133604-0010.wav,2.120971202850342,0.9117061088426618,3.5682860573391144,3.032035151405958,2.845726773174514,8.556104172806531,16.639850616455078
1089-134686-0029.wav,2.491178274154663,0.9444477793820096,3.7659222222526263,2.5258074125927474,3.1250968538063444,-2.027764246218765,11.596939086914062
5683-32865-0013.wav,2.620847702026367,0.8915411004349879,3.9828255035552833,2.8391236825706248,3.2536710705569734,3.936792469865933,13.118351936340332
1995-1826-0008.wav,2.5133461952209477,0.9731554777168354,3.974328653465443,3.052399110886959,3.2434756329116654,6.008967005921007,13.593570709228516
2094-142345-0030.wav,2.3149194717407227,0.940471785593844,3.815049259019046,3.0299847915380957,3.049994993155947,7.776828597507399,8.144288063049316
1221-135767-0005.wav,1.0743979215621948,0.5541072763746178,2.027640739647675,1.445247472315685,1.400241070448228,-2.0628250138667346,-2.8916680812835693
4446-2271-0016.wav,2.2466039657592773,0.9429653280688258,3.653604648996785,2.6612962584131754,2.92967762195612,2.6848603650411964,13.254783630371094
4446-2275-0018.wav,2.586581230163574,0.9599336174684242,4.090493026162271,3.215963009299234,3.3511092208321105,7.48329374869046,10.833621978759766
7127-75947-0002.wav,2.561870813369751,0.9898277848387772,4.123184429422149,3.224069372389173,3.3488499228538,8.065906760379823,15.514058113098145
8230-279154-0003.wav,1.7717965841293335,0.8380116071625058,3.058045116911167,2.1152937634695115,2.364375680981305,-1.0924614297041673,4.921304702758789
2961-961-0008.wav,1.7335587739944458,0.9409958962464464,3.0867246797768177,2.42602799144039,2.376733309590352,3.3634853916478,7.444828987121582
7729-102255-0004.wav,2.662038564682007,0.964621819114366,4.14795227504505,3.101436639742159,3.3973127651167294,5.995658969509888,9.278749465942385
5683-32866-0017.wav,1.8686349391937256,0.9454820659686064,2.6225199311758924,2.501924661387933,2.101392235141744,8.503293389738563,15.020994186401367
8455-210777-0017.wav,2.199805498123169,0.9308713825598636,3.491929736911801,2.229215555891833,2.7808739374983067,-1.847839371049863,6.974180221557617
5142-33396-0049.wav,1.829280138015747,0.9724621052956196,3.321084404813188,2.595069813016493,2.566244530881,4.238119107782882,15.856009483337402
2961-961-0020.wav,1.618924856185913,0.9353131222652992,2.9407612013562225,2.4814418676186203,2.2580795747972644,4.590314176775262,10.049790382385254
237-134493-0004.wav,2.973629713058472,0.9426709915779008,4.289950133017512,3.612487686894796,3.64985383889309,10.662035791131729,14.389873504638672
2830-3980-0012.wav,1.9509906768798828,0.8456781250008358,3.513612858389972,2.2196755781066355,2.6821634164027617,-0.8226970171033012,7.565805912017822
8230-279154-0008.wav,2.1609957218170166,0.8075140757607528,3.2768225010497023,2.4238663634590334,2.68902156682645,0.0041091837886551,5.467105865478516
237-126133-0007.wav,3.3750970363616943,0.968461936406014,4.478115491935858,3.7196159108175766,3.9346064251334942,9.827510709409488,18.421104431152344
4446-2275-0016.wav,3.1065919399261475,0.943554972911962,4.431180279419981,3.77010905146515,3.777748704621386,12.574507762750343,16.027618408203125
2094-142345-0050.wav,1.412527322769165,0.66501508598406,2.779265289332017,1.925553183758579,2.023546678623454,-0.4663979334130737,2.1426024436950684
4507-16021-0057.wav,2.0552351474761963,0.7929967372424722,3.305337135965238,2.5092575571110785,2.6017479025869754,4.279279705186663,12.358039855957031
3575-170457-0041.wav,2.5351593494415283,0.937146753112052,4.037064055310895,3.1633668464870084,3.264850585302475,8.523718182838069,10.874557495117188
3729-6852-0001.wav,2.651054859161377,0.9553891009159042,4.037508735608164,3.3212489438418293,3.320058327117057,10.306272623241089,14.306621551513672
3575-170457-0046.wav,1.353369116783142,0.7830634510027086,2.7397118180601057,1.889465191980152,1.9874612007045585,-1.1837591943603238,4.365442276000977
908-157963-0017.wav,1.609285593032837,0.8515009295902314,2.883964082849932,2.223219174838335,2.208704879352453,1.280489263121671,10.110405921936035
8463-294828-0029.wav,2.3595004081726074,0.9518147944707944,4.059383865213926,3.0476923588374256,3.2106666762290312,6.988879756930966,14.77898120880127
8455-210777-0038.wav,2.3325417041778564,0.9489900417758866,3.6674741159121216,3.1349628488177506,2.996177942859547,8.837420454338908,14.498088836669922
7176-88083-0011.wav,1.4292594194412231,0.8823770065883467,2.9092610521077,1.9474603311593144,2.131888483615674,-1.796965165644102,3.631891012191773
260-123440-0014.wav,1.9649946689605715,0.9723272506082064,3.4676353872750605,2.4745052287548943,2.6742716742886548,2.7672923754090197,14.919916152954102
6829-68771-0012.wav,3.129568099975586,0.9707813673851554,4.640878664099847,3.643357811383936,3.899760306801999,10.120829751421592,13.974172592163086
7176-92135-0038.wav,3.234869718551636,0.992608556553681,4.583000748393496,3.892689726257592,3.947306339087021,12.25864238894441,14.763670921325684
2300-131720-0025.wav,1.310537338256836,0.7444842551337049,2.0977888323699934,1.4812213546591533,1.5675727418571015,-3.8644310990563855,-0.8691472411155701
8463-294825-0010.wav,2.6972639560699463,0.9644002760149072,4.231712948503194,3.09315930516064,3.47375165329086,4.849127752218035,13.810283660888672
8224-274384-0003.wav,3.264222860336304,0.9686732820531484,4.565878663774006,3.4663593313302568,3.9107037432272014,7.159157652189319,12.541799545288086
5683-32879-0015.wav,2.871830940246582,0.9755481796913816,4.14638280990386,3.2826651417850687,3.4454572532033687,9.7924582893028,14.633923530578612
1320-122617-0000.wav,1.2252252101898191,0.8286135042664644,2.378138717105138,1.7554270967910817,1.7463033903587304,-2.491458676680825,1.32472026348114
1188-133604-0041.wav,2.638129234313965,0.9207846045411124,3.970315566705658,3.0419375042396792,3.292535895487816,5.422826124901,12.453697204589844
2961-961-0019.wav,2.00918960571289,0.9555524273188484,3.5066649125333536,2.757852154717979,2.735910562850691,6.052676011994549,11.132927894592283
6829-68769-0018.wav,3.006708860397339,0.9858837358396136,4.530409042071721,3.604148500496418,3.776068071614021,10.72521759126161,14.230741500854492
3575-170457-0008.wav,1.40751051902771,0.8349212437407512,3.033472868356704,1.993033188978404,2.167178107113851,-0.2242420398725174,3.422111988067627
1320-122617-0013.wav,1.6634821891784668,0.8039085941082146,2.9021479146246723,2.0855187361783543,2.210701103404362,0.2000273673732301,-0.0833837836980819
5142-33396-0017.wav,2.922415971755981,0.9747423164321682,4.155188066682487,3.339266560293015,3.5241605166883048,8.157959705145958,15.861604690551758
260-123288-0001.wav,2.5061023235321045,0.971364427461438,3.299431593668171,2.8117478755915304,2.866800201358073,3.883448579071104,15.365360260009766
4077-13751-0007.wav,1.9009876251220703,0.8956732987544951,3.550092951345571,2.2550195747357344,2.68067891970324,-0.129635332440087,5.247320175170898
908-157963-0010.wav,2.0742807388305664,0.8568676960641318,3.442503860253854,2.439617946686222,2.683578022906429,2.8547935254843404,8.271419525146484
4446-2273-0027.wav,3.0987417697906494,0.9598720181949107,4.542667649365503,3.5341531795394707,3.831314640322316,8.798100799078071,15.489995956420898
6930-76324-0010.wav,2.9109132289886475,0.9571737219915224,4.197407668488462,3.264069319716365,3.548615695989056,6.643797387886202,12.48420524597168
7127-75947-0032.wav,2.035506248474121,0.8851752278867547,3.2677185277042486,2.2129337616675584,2.6072524174197778,-1.7807357842087792,7.080142021179199
7021-79730-0004.wav,1.450836181640625,0.8746264969211769,2.824857626113288,2.053568796350487,2.104279013272432,-0.4302530483402769,3.3698556423187256
5639-40744-0015.wav,2.0237631797790527,0.9503997267970284,3.102583782745304,2.405338527670116,2.503555146435875,2.049783684304236,7.985296249389648
8555-284447-0020.wav,3.741366863250733,0.982314321346588,4.829505625511122,3.979822579946235,4.290268847715597,11.36084434033708,17.191204071044922
1580-141084-0001.wav,1.7707116603851318,0.8927536290224786,3.272129026889195,2.0148021831683374,2.444506799086436,-1.540721294294891,7.785306930541992
2961-960-0002.wav,1.2806086540222168,0.7515512291190118,2.4465239136730994,2.027951893398717,1.7895006779758875,2.2422496298305945,4.620364665985107
1284-1180-0014.wav,2.6066699028015137,0.9330782776463864,4.1443367849788135,3.196528748216666,3.3657624862495807,8.0041136928165,10.388004302978516
61-70970-0011.wav,2.5152437686920166,0.9568248497340331,4.202115915173306,3.2697903031413125,3.364473631261613,9.15004607992296,14.46417999267578
2830-3980-0075.wav,1.7023580074310305,0.8596233345429973,3.252844188860171,2.0734183138070383,2.415890195539985,-0.7743896020143023,5.671533584594727
260-123288-0000.wav,2.0347065925598145,0.9528944862450288,3.2046383952583053,2.30994061039107,2.5660123541122286,0.1814570535338451,11.75112533569336
2830-3980-0039.wav,2.706242799758911,0.9395390463860286,3.99385481060031,3.0457706842700127,3.306840064172468,6.3680934518057,11.946555137634276
1995-1837-0026.wav,3.0342018604278564,0.9674622439227756,4.313056905304105,3.600946342532961,3.676726325535152,10.689468859071694,16.068002700805664
6829-68769-0049.wav,2.0021891593933105,0.9280557403036188,3.752518176521261,2.3135905716882976,2.8578729379393635,-1.0855613697560316,6.040656566619873
7127-75947-0035.wav,1.8321564197540283,0.9071478936538068,3.2446260781413114,2.266094771805226,2.498816852783551,0.3531065079353337,5.906768321990967
61-70968-0031.wav,2.9972898960113525,0.988360281672676,4.5879167170178885,3.6347134553222,3.826656580471966,10.104112672955647,14.144245147705078
7021-85628-0006.wav,2.8645479679107666,0.9828292018190864,4.262361634171116,3.204199159929609,3.5482621459514023,6.453246904177713,13.853763580322266
1284-1180-0024.wav,1.054590106010437,0.4577962693307135,1.0,1.0,1.0,-2.394686813925706,-3.799233913421631
8230-279154-0006.wav,2.442456722259521,0.9700328702898596,4.004354942488616,2.5806947363695896,3.186820731679917,0.6367002880126053,4.572749137878418
908-31957-0015.wav,2.214019298553467,0.92703931722093,3.5245008312981545,2.637713628572895,2.8185775777193967,3.897497330043768,8.515722274780273
4446-2273-0025.wav,3.24141526222229,0.9653894672376614,4.63786221659489,3.781337345777264,3.961404805667284,11.168643464843408,14.91693878173828
2094-142345-0036.wav,1.4557125568389893,0.7686491544862639,3.0196485481664004,1.8921121464259485,2.1517689133931275,-0.743622091138498,1.8700664043426516
8224-274384-0010.wav,1.5876702070236206,0.844278413063632,2.7895387431606062,2.240185385967002,2.1414930132743835,2.124145066347287,6.302234649658203
4446-2275-0021.wav,2.17886734008789,0.9666742038825968,3.713760017176104,2.846460914539774,2.920431586144837,6.3570234607474045,12.899670600891112
7127-75947-0023.wav,3.158090353012085,0.9848324828092122,4.701375203601964,3.667911976846228,3.952671506901269,9.92375925805814,15.793645858764648
8463-287645-0001.wav,1.49953031539917,0.7625463087501829,2.450790229922756,1.600108680260243,1.8176469296654172,-2.485872648903958,6.035301208496094
260-123288-0013.wav,1.630016803741455,0.8869646686754815,3.0991108273502688,2.281358181719943,2.30805971507183,2.846342020505537,5.1610493659973145
7021-85628-0021.wav,2.2426319122314453,0.9571324284752104,3.729743602646901,2.871345402939852,2.9833438817520816,5.265409297384107,9.259031295776367
8555-292519-0011.wav,2.346925735473633,0.9229307576911115,3.7221221431214886,2.977748744810925,2.990017107093069,8.022304928204882,15.213251113891602
4992-41797-0007.wav,1.9074115753173828,0.9259402288635606,2.976978181777747,2.020994210146749,2.3369203629432724,-1.168562491506485,12.505592346191406
5142-36377-0016.wav,1.5268845558166504,0.915515492506116,2.9745826968223747,2.258853549429996,2.2297196967444277,1.6987258696206096,10.491378784179688
237-134500-0010.wav,2.1127634048461914,0.9064862744628756,3.4928098526246667,2.8117348716845423,2.7739452213055684,6.446942410374009,13.228017807006836
4970-29095-0018.wav,3.492675542831421,0.9688231860680964,4.783306500405202,3.6807143246202463,4.1455205613853945,8.331708835947682,14.983973503112791
7127-75946-0008.wav,1.8266196250915527,0.892273458153536,3.196395821190884,2.1645385134903896,2.484125911973993,-1.7501308990635978,6.202579021453857
2830-3980-0073.wav,2.506121873855591,0.9294739752223868,4.065075900129088,2.8938480155826203,3.266860929510478,4.345438926824942,10.031031608581545
4970-29093-0003.wav,2.8518729209899902,0.9345450517147345,4.000374586228654,2.976512079122698,3.398981421098497,3.487098831623986,11.231756210327148
1320-122612-0013.wav,2.7944529056549072,0.9810100694349284,4.378872155809331,3.449576383865996,3.5891224441357825,10.07439451766553,9.478418350219728
3729-6852-0028.wav,1.7917966842651367,0.8590374290557763,3.0245577952105736,1.8338465999079432,2.2663249439961994,-1.6807551074280145,6.877615451812744
5142-36377-0005.wav,2.155874252319336,0.94613962632536,3.68928673832082,2.811841687145375,2.9202072502866465,4.943778901817957,10.638317108154297
1284-1181-0020.wav,2.845791816711426,0.9759755515344262,4.30480351253599,3.3837220307341767,3.578122358216693,8.64265079799106,13.855600357055664
5683-32866-0026.wav,3.156658172607422,0.9803765337764648,4.221533777525324,3.6254424590656056,3.6808238634015815,10.686678061186262,19.30530548095703
2830-3979-0003.wav,1.401520013809204,0.7558346602961089,2.769529038543008,1.9635546977432992,2.031407822530669,-0.584375210250352,5.143986225128174
4507-16021-0016.wav,2.26054048538208,0.92603744385557,3.578843156536168,2.606687928539885,2.869231823435806,3.046612639618393,11.540420532226562
1221-135767-0003.wav,1.5424994230270386,0.8377109139461594,3.289763085797273,2.411536837178222,2.3954777888688934,3.95759151196075,4.9376068115234375
7127-75947-0007.wav,3.18236780166626,0.977052555041963,4.500291191428631,3.637944530847911,3.858164777384878,9.559633046789878,16.146114349365234
121-123859-0001.wav,1.2618063688278198,0.9045407081395062,2.717307217634155,1.8518438215831112,1.9521567443206824,-2.0590076385529064,5.653206825256348
61-70970-0038.wav,2.858214855194092,0.9860802346934252,4.555021007646854,3.149259491501878,3.732518299376975,3.786006127521664,11.86697769165039
4446-2271-0018.wav,1.8651130199432373,0.9161893826221426,3.362159536138362,2.631918613822338,2.59302273251894,5.069012907881106,13.197318077087402
1580-141084-0035.wav,3.566228151321411,0.9727115468352854,4.930686141427041,3.998718137017217,4.265384062120348,12.407596661225863,17.9365234375
5105-28233-0003.wav,2.457834243774414,0.9542121590078364,3.9874332332464975,2.6759648453400304,3.2223994987908693,0.4358398172042183,12.260712623596191
2094-142345-0047.wav,1.8587942123413088,0.8186826495862537,3.418975049158241,2.384903030171118,2.591031054957276,2.388780223585232,5.963776111602783
2830-3980-0074.wav,2.3632748126983643,0.9055370398024652,3.678146296634538,2.8671656925702296,2.984104017909537,5.803176945873012,9.70736312866211
237-134493-0006.wav,3.34907865524292,0.9683386056309892,4.573014807740785,3.627466882713099,3.964902576042726,8.728981854009053,15.138649940490724
2094-142345-0041.wav,1.2868198156356812,0.7083975338637309,1.4872305419956442,1.530932547656914,1.2762234861099455,-3.971469010624984,2.0262608528137207
61-70968-0017.wav,1.435152530670166,0.9273731537106976,3.1785677480557424,2.348799066341603,2.285346230402033,3.8025576486942287,9.135161399841309
6930-76324-0026.wav,1.1337014436721802,0.7502807762708799,2.333346819235385,1.9453774783686288,1.6615435837487904,1.934286504166563,3.0241942405700684
4077-13751-0020.wav,2.320932388305664,0.9505906292706382,4.025163190260027,3.055429271171754,3.176331498926023,7.308816120904615,7.854626178741455
4446-2275-0020.wav,1.306307077407837,0.8045888154411652,1.8449886749068165,1.3292318126672047,1.3605424015871626,-2.759426959590771,0.9984798431396484
4970-29093-0016.wav,3.07241153717041,0.9728916549973188,4.181329706631291,2.8411300998478195,3.6014278561753703,-0.3811221840416005,17.4685001373291
1284-1180-0008.wav,2.045083284378052,0.9237896388913408,3.514095913247855,2.666276981384662,2.725758521671,5.735534719324017,8.33143424987793
8555-284449-0019.wav,3.749131679534912,0.97972295210156,4.9755970929307285,4.098759470824075,4.38973995047934,12.182655644479995,15.900850296020508
7021-79759-0002.wav,1.9270334243774412,0.9589103175766684,3.3214660860366125,1.874275711098314,2.512631658964557,-3.399394883610222,5.733482360839844
7176-88083-0023.wav,1.273648977279663,0.8068666151312935,2.30220579192888,1.6454954745360602,1.6435825994639757,-0.6653196140632952,-0.738728940486908
1089-134691-0022.wav,3.3240342140197754,0.9822613247083224,4.624291320977895,3.6715170424004273,3.997878867937741,8.732218317486517,14.976325035095217
672-122797-0071.wav,2.235156536102295,0.9314586940133344,3.524388480419556,2.795347522086012,2.8628702606556224,4.75555736098625,8.362568855285645
2830-3980-0020.wav,1.1498268842697144,0.7258693013432058,2.5860009829929598,1.7374485223940324,1.7729089327891825,-0.4976027597558243,-2.066367626190185
2830-3980-0062.wav,2.056551694869995,0.908201414086196,3.5137696629463693,2.4589271349169244,2.7084529848681536,3.3677195865561385,9.69993495941162
5142-33396-0003.wav,2.896148443222046,0.977323522807668,4.067010101985676,3.306943496607419,3.468167112725879,7.793723894121784,17.670061111450195
4507-16021-0052.wav,3.130824565887451,0.9382519734867196,4.316719429682567,3.536843993342438,3.700190074524994,10.135056703204883,17.635639190673828
1188-133604-0024.wav,1.5453212261199951,0.8144546662483929,2.63918459404779,1.920124705603288,2.041128231879969,-2.4512196307564693,5.915088176727295
237-134500-0031.wav,2.0421717166900635,0.8908303558997854,3.175422671618549,2.4135473412478583,2.5684673772506064,1.1868066975360705,11.147266387939451
908-157963-0002.wav,2.897559881210327,0.955841902242936,4.269087081958662,3.211674974445844,3.5686221147591155,6.306295144970621,12.207337379455566
2300-131720-0002.wav,1.3715156316757202,0.9706524973135572,3.02240520872746,2.4652545210993293,2.1881739783086065,5.575924035256621,4.527844905853272
4446-2275-0033.wav,2.951266288757324,0.9447005978257912,4.311362967111687,2.536858063566428,3.581014484329104,-3.23689833032085,7.096889019012451
8455-210777-0040.wav,2.327910900115967,0.9595116522583812,3.59394110313626,2.709625025194082,2.904528357973087,4.444103839584719,12.270339965820312
3729-6852-0005.wav,2.2320001125335693,0.9345119296452878,3.593290425068158,2.8343217858008294,2.8690094507314208,6.567935955625495,12.327634811401367
3575-170457-0047.wav,3.4831581115722656,0.989160245093366,4.804484757095938,3.915737210480391,4.143986249335929,12.454576541322332,16.458877563476562
908-31957-0021.wav,1.3619515895843506,0.7811096069540225,2.4697789923746267,1.5558301370886176,1.8123311383004648,-4.555257799875251,0.9401199221611024
2094-142345-0056.wav,2.360881090164185,0.887071289281758,3.827110050530517,2.743654480538342,3.062109414853208,3.636398486185329,6.342279434204102
61-70968-0047.wav,2.591066837310791,0.961120964027498,4.217092906351255,3.251428990332604,3.4162626602065838,8.01679412188808,11.87611961364746
5105-28241-0011.wav,2.1329009532928467,0.933263293883686,3.8763946969096126,3.156069274725577,3.02017257837197,9.76839054486006,10.67471408843994
7127-75946-0029.wav,1.3166683912277222,0.7669398754337312,2.6213555599589324,1.853578401396976,1.920382998252666,-1.9307207045089552,2.950286865234375
237-134493-0013.wav,2.737915515899658,0.928549341121075,3.9850438211727153,2.911103399148194,3.340991234971263,2.9970427158773614,10.498961448669434
5142-36377-0006.wav,2.14971137046814,0.9794074598986324,3.7296645681809633,3.0751709723144534,2.937892325485424,9.139249548801049,14.23166275024414
5142-33396-0000.wav,3.750010013580322,0.9723879175061674,4.825179243451708,4.094961251757549,4.3063854833060935,12.51023012305723,20.16448974609375
8455-210777-0065.wav,1.8400092124938965,0.9000653912474857,2.9623791887732738,1.9675852933418765,2.33009999447425,-3.024056093334584,7.59057092666626
4970-29095-0001.wav,1.776728868484497,0.8745233338374401,2.805319905258449,2.0927658756805965,2.209421639374448,-0.0909695810811158,6.913647651672363
1188-133604-0036.wav,3.133532285690308,0.9743632473018852,4.453750395678711,3.38041893866035,3.7935678275070295,6.581739988112973,14.157318115234377
121-121726-0010.wav,2.827610492706299,0.9399676638539424,3.6796566130983055,3.129847038367198,3.251412420246316,5.036091354849458,10.509021759033203
5683-32865-0016.wav,1.9234260320663448,0.8574201609675415,3.348367115545826,2.211782271510708,2.5864042503501468,-0.7556511199759106,4.760781288146973
1580-141084-0039.wav,1.942401885986328,0.952952190367343,3.689520060362452,2.735766799534309,2.8108206537107905,5.431112090306314,14.95035171508789
5639-40744-0037.wav,2.062652111053467,0.9577749443291468,3.255839101607126,2.621561540836041,2.6012577979670906,5.107095575785874,12.495108604431152
2961-960-0004.wav,1.4666693210601809,0.9082107971883868,2.845120202920445,2.565525562217102,2.1465043862209723,6.511969351693746,13.113832473754885
7021-79740-0011.wav,1.075442671775818,0.6762913622539212,1.3625845144291835,1.0112950588803722,1.0031963059602804,-6.0219067201838286,-3.67108964920044
1188-133604-0043.wav,2.6538243293762207,0.9286763970898978,3.883409941423342,3.030987575435187,3.26003799345313,5.00576277218741,10.812616348266602
1580-141084-0036.wav,2.866431474685669,0.911958308498073,4.375398355418792,3.446705964116452,3.6108445038768857,10.050901310045017,14.525980949401855
4992-41806-0009.wav,2.643566608428955,0.9750447339499476,3.960910757746418,3.314748892378678,3.2929285030950046,9.609408079060982,15.574612617492676
6829-68771-0035.wav,2.022787094116211,0.9281546953883606,3.5123023973149308,2.3347133873049404,2.72691912906438,0.0552825046703382,10.5654296875
3729-6852-0039.wav,1.878178834915161,0.9150813750197164,3.227332854463479,2.410950896631298,2.475140639873704,3.9911861831235207,10.028443336486816
7021-85628-0027.wav,2.6222290992736816,0.9708502997630282,3.849401244506155,2.9022239811503394,3.2044929577487213,4.200386579885462,10.349621772766112
4446-2275-0042.wav,2.621290445327759,0.9071936512510372,3.983152162804188,3.327079028817562,3.296541931806508,9.806916623694416,12.91908359527588
5142-36377-0007.wav,1.379630208015442,0.8506270116434211,2.2658842686175067,1.8075038159366743,1.712479627384992,-0.3717670245028241,2.7719454765319824
8455-210777-0052.wav,1.2316129207611084,0.8311690013101157,1.3888631360026102,1.592594842855932,1.1336487632729204,0.3231622396836311,8.891976356506348
5142-33396-0020.wav,3.0546672344207764,0.9805965470026043,4.202395087369626,3.4297451626613142,3.618893294183339,8.39411944251401,17.933626174926758
3729-6852-0000.wav,2.5146594047546387,0.9759162336701138,4.019681177480431,3.3509755712043243,3.245773254657401,11.660538473451382,17.465927124023438
672-122797-0063.wav,1.5578763484954834,0.7146625263482189,2.611256262594278,1.6720681103181907,1.916939419606856,-1.345168354859092,5.8201904296875
1995-1837-0015.wav,1.541405439376831,0.8884823823287014,3.2586129867540423,2.427927445362707,2.381092223017301,4.152647854150376,8.153070449829102
672-122797-0000.wav,1.8283491134643557,0.9273749829688256,3.399852652418882,2.3868502437943766,2.586871181897921,1.7374023510373,-0.2733024060726166
2094-142345-0034.wav,3.2868897914886475,0.9819367409606488,4.813965618120126,3.9334753433148175,4.077781997168889,12.98338821932238,16.469282150268555
3570-5695-0007.wav,1.5191693305969238,0.8647256042682946,2.723328328759816,1.9352362589991663,2.0723753125812765,-2.126843359303231,2.776624917984009
2961-960-0015.wav,1.6912795305252075,0.9587425188716544,2.958793293993228,2.5333795810591586,2.313321341316529,4.436920656911808,14.165761947631836
2830-3980-0026.wav,2.096128463745117,0.9830952027574248,3.421059357232892,2.4125110614434275,2.645921805285539,3.933816399116232,9.421542167663574
61-70970-0000.wav,2.427096366882324,0.9847867668817102,4.156201285781214,3.2442955889961347,3.3055595003429814,9.04217872566504,13.539644241333008
237-134493-0014.wav,1.609318494796753,0.8434184016465331,2.817215824182334,1.7414465821807796,2.129630818571496,-4.345570109384935,6.133804321289063
5683-32879-0004.wav,1.4253194332122805,0.7942726575634882,2.599728397017688,1.9555139987789625,1.9140972734597368,1.0830589990853774,8.372044563293457
3570-5694-0017.wav,3.263436794281006,0.9862932089206844,4.48248376576037,3.6980839060802415,3.889627112615085,9.92619342006762,15.178942680358888
7127-75947-0019.wav,3.0948987007141118,0.9860466732431667,4.455113205006168,3.6187172683341178,3.753644901587154,11.58669020056637,15.807547569274902
1284-134647-0002.wav,1.486877202987671,0.7668583819687245,2.7707567973296485,1.9540597791235677,2.0493684639269985,-0.2480806960787801,1.6720786094665527
8230-279154-0041.wav,1.8970401287078855,0.8932577281899626,3.396202719461754,2.2944565387979825,2.5850881209222174,1.2764587169639077,3.2394959926605225
5105-28241-0013.wav,2.4070634841918945,0.9593501583777124,4.112328489731241,3.237584009646078,3.2665374854486324,9.399416691547444,13.828620910644531
8224-274381-0002.wav,1.8921570777893064,0.8464913344114736,3.242299275870296,2.819499785214181,2.544365668737503,7.959133888761921,10.720046997070312
5142-36377-0011.wav,2.364847421646118,0.9339820501375956,3.820881488284953,2.5086950272510906,3.0845549113940014,-1.1604400399203314,10.678147315979004
61-70968-0019.wav,1.9978790283203125,0.93725075702465,3.6919464764187975,2.682035804232093,2.835223422866804,4.369618688101602,9.097123146057127
5639-40744-0020.wav,1.842597484588623,0.9072336209583082,2.635490958984175,2.531983830995119,2.2135295218939373,3.942378817373368,7.815945625305176
8463-287645-0008.wav,2.6948506832122803,0.953320456176106,4.185899071556367,3.2872975039191545,3.4393451282551792,8.406870850020352,14.440511703491213
2961-960-0022.wav,1.3733484745025637,0.747887229953813,2.5576970220935085,1.9171227440242509,1.885749675639996,0.0392644306699029,4.85044527053833
5683-32879-0017.wav,1.9812452793121336,0.873524545801577,3.36564123805805,2.290691502604802,2.5895886299806508,1.5829552323700304,7.576610565185547
672-122797-0074.wav,1.9616273641586304,0.6965574943764082,3.2830871181413483,2.4613314193067457,2.5605736598980706,3.4724875367128685,7.619634628295898
260-123440-0019.wav,2.992997169494629,0.9853439716686566,4.460523956207619,3.616593442014155,3.740093858690604,10.77466447454587,10.06618881225586
7729-102255-0027.wav,1.8706753253936768,0.9049259913490998,3.1769958383330352,1.8070691982197813,2.4228053332387827,-4.501913910494608,4.927001953125
121-121726-0013.wav,1.861931562423706,0.9169539141119616,2.7984874814927583,2.121162479278588,2.295712315433466,-2.342745753306579,10.317002296447754
5683-32865-0005.wav,3.094982862472534,0.9617353348882136,4.474651979257206,3.453716270952304,3.782784952238119,8.11331537862047,12.295587539672852
7021-85628-0026.wav,2.672493457794189,0.9447605756708068,3.893326161044248,3.269726581478472,3.2768241202817983,8.546785720548087,15.285398483276367
1580-141084-0034.wav,1.9154863357543943,0.8882089673648798,3.64425010962748,2.375700778081291,2.771077405325997,0.0797903891770449,9.682205200195312
4992-41806-0003.wav,1.8383476734161377,0.970590528322441,3.4022947910346764,2.5558167977872097,2.594833931934644,4.268706276853175,14.793172836303713
8555-284447-0023.wav,2.1606874465942383,0.9320633857700392,3.6873807693507863,3.0294038705424056,2.9071315188527715,9.002034312297692,12.745318412780762
2961-961-0011.wav,2.055759906768799,0.9612460650686864,3.504544112529561,2.95747994915572,2.777104063300439,8.042696878799246,13.653286933898926
6829-68771-0034.wav,1.1649994850158691,0.7139447136267291,2.031925658983718,1.5507713028652337,1.4925743314123472,-3.0337175017369447,1.0714402198791504
121-123852-0000.wav,3.0951435565948486,0.9791061763252616,3.770806848985701,3.138713249991424,3.4324734643162618,3.119982787885758,13.108153343200684
2830-3980-0036.wav,2.1723220348358154,0.862269763505949,3.57241854946364,2.763460813630916,2.833603355885053,5.670615080112576,10.165300369262695
2094-142345-0054.wav,2.5391108989715576,0.8382181935936658,3.965227563559397,3.1641688417149374,3.2365377185014417,8.266985480098688,14.587915420532228
1188-133604-0023.wav,1.3814053535461426,0.8248187827228284,2.599792105816414,1.9691705869340297,1.9691929001756852,-1.7700603343578725,10.772790908813477
7127-75947-0008.wav,2.1859867572784424,0.9388331969651,3.5436226822689174,2.487601887545125,2.823229121424211,1.3180423094223457,10.132575035095217
4507-16021-0015.wav,2.986428737640381,0.9716698014441888,4.372097459579919,3.514231209406524,3.676497693416598,9.917026497624647,17.13552474975586
260-123286-0023.wav,2.739097833633423,0.9831828406246474,4.231294570196865,3.461908080500795,3.492871287398192,10.464043705500371,16.858783721923828
260-123286-0002.wav,2.0165367126464844,0.956722707958836,3.2270384361541518,1.889382502617552,2.526829212734705,-4.543018628878443,3.397425413131714
1995-1837-0009.wav,1.9802842140197756,0.909742773876554,3.553258337926331,2.549843160805559,2.7300023993305973,3.608916795216975,5.567348480224609
3570-5696-0001.wav,2.1724350452423096,0.9654252083485056,3.702586813960865,3.054698128705692,2.928377670620663,8.973030426280971,14.24876594543457
4077-13754-0004.wav,3.856176853179932,0.9879321022464034,5.0,4.109047564765244,4.533861687320475,11.531172093779617,16.09131622314453
61-70968-0049.wav,2.693081378936768,0.9571316520702886,4.31149942529628,2.702471937240717,3.505511495473149,-1.0637703895943726,10.302652359008787
4446-2273-0006.wav,2.832194805145264,0.9663696873221074,4.1649971975611,3.131875750514354,3.492885107121391,5.136316587730954,14.29800796508789
7729-102255-0019.wav,3.1119744777679443,0.9740883070161096,4.538063354431186,3.477392217359652,3.842548988983436,7.4952250154051345,11.670745849609377
260-123286-0012.wav,1.995464563369751,0.9508127346681224,3.4530648078509443,2.681829046182886,2.672835526661669,6.2487174526399984,11.795646667480469
5142-36377-0023.wav,1.5002069473266602,0.8248658893151982,2.651695633990002,2.006536921516862,2.035148583423504,-1.2032862985737194,9.235872268676758
4077-13751-0013.wav,2.2852158546447754,0.9275348348315368,3.672305150265788,2.618862749289557,2.939632017248188,2.548781536980068,3.306467294692993
8230-279154-0022.wav,1.9377243518829343,0.9081687121119792,3.246492509280088,2.4511174913479765,2.556519717550608,2.3362873889009785,4.18876314163208
3570-5694-0013.wav,2.9761805534362797,0.9849297053299776,4.27892530988321,3.5340602016923905,3.618007453707036,10.615983931289165,16.403640747070312
672-122797-0065.wav,1.1183571815490725,0.6015929757007745,2.391194824050966,1.6859455814879836,1.684544400270186,-2.1538643674877296,0.5561927556991577
61-70968-0053.wav,1.5694069862365725,0.8845740322183046,3.047395837855887,2.3103743150782297,2.260901393995262,3.36234598120759,8.913172721862793
8230-279154-0009.wav,2.2550048828125,0.9330712527640472,3.5954177836220302,2.604708262749221,2.893242093409546,2.239518597366182,4.708713054656982
121-121726-0012.wav,4.028501033782959,0.9938068232801714,5.0,3.9434346602862607,4.551794896487898,9.324855290241707,18.53253936767578
8230-279154-0024.wav,1.7469135522842407,0.8716144282857885,2.5087478885416115,1.7371730447977107,2.023072368018602,-4.463643725856517,2.490614891052246
2094-142345-0023.wav,1.966763257980347,0.865552967720028,3.493469839789252,2.430876472552557,2.690112405528846,1.969129340515972,5.32970666885376
260-123286-0029.wav,1.9322813749313357,0.9547866785118312,3.3571821134825823,2.6022695458938143,2.6170009020063527,4.417573964049068,11.101224899291992
5683-32865-0014.wav,3.4423248767852783,0.9520732327215268,4.457903180118594,3.718468901324468,3.931904808867015,10.4708576695743,19.60696792602539
8555-284449-0015.wav,1.1300930976867676,0.5519229436245696,1.5326973073710386,1.5067091199011295,1.1661943133130572,-0.8092075209523611,-0.8378621935844421
121-127105-0007.wav,1.6419024467468262,0.8732110069755368,2.947188778849668,2.1738908628246048,2.237964962075617,1.07256663173295,5.463318824768066
237-134500-0029.wav,2.48351788520813,0.9277239881259598,3.660689914970542,2.8473873932383738,3.036292270929054,4.570064574247126,12.76735782623291
5142-36377-0019.wav,3.6070749759674072,0.9927399325008524,4.793141877088544,4.053342677157612,4.214343635172369,13.106988457260115,18.77933883666992
8224-274384-0008.wav,1.9349379539489744,0.9185408347839548,3.4893360433003746,2.2604803004576595,2.687807470617185,-1.191232298027061,6.650406837463379
1580-141083-0037.wav,2.3783912658691406,0.8715977309030468,3.9139339708863528,2.7537381657146485,3.116433023467428,3.5631223930181,13.663092613220217
672-122797-0015.wav,2.67385196685791,0.9249284429771936,4.06229022853446,3.2913344025051083,3.356597309709693,9.099064990969367,13.848055839538574
8230-279154-0039.wav,2.7086639404296875,0.924937379038242,3.850675593586281,2.8183760886045124,3.2247019669680244,3.274234950496888,6.189291477203369
1320-122612-0009.wav,1.3303543329238892,0.7789409496177891,2.087914159296824,1.4492016260699292,1.5547297178952424,-3.73276947424245,-2.0022003650665283
1580-141083-0042.wav,3.150148630142212,0.931990477911955,4.4414184222043485,3.192565992399208,3.7769406449757232,4.305790159944027,12.55967140197754
8455-210777-0061.wav,1.9647196531295776,0.9483252774367616,3.358503053800522,2.722623974165925,2.652881519844378,5.25163021136606,8.274737358093262
2300-131720-0016.wav,2.618818044662476,0.9646324974883834,4.011314858520706,3.284251047831081,3.323748637507125,8.509553615924585,8.035089492797852
260-123286-0003.wav,1.141804337501526,0.5964903527480864,1.5553721314576694,1.1982901060957771,1.1361453601164526,-3.712030661543468,-2.459752321243286
61-70970-0008.wav,2.9402520656585693,0.9781260380917148,4.419410636861582,3.129263537721287,3.669109264130551,4.492183121975938,11.433320999145508
1188-133604-0035.wav,3.658210039138794,0.99208439463024,4.7847923075035865,3.8127337466562814,4.222701275705428,9.48621659907421,22.859458923339844
2300-131720-0004.wav,2.092960357666016,0.9638082077618976,3.493329833624715,2.8092436484772296,2.7808688738137155,5.823416249699153,5.81569242477417
6930-75918-0002.wav,1.8746287822723389,0.9120448374877698,3.546696853190757,2.299605121227887,2.692932596024172,-0.4227119128009588,10.105377197265623
5105-28240-0024.wav,2.2192959785461426,0.8958261440910285,3.542322260285603,2.6149547511245026,2.845093558676381,2.8360270419424918,7.186387062072754
6930-76324-0027.wav,1.4031788110733032,0.820402434997355,2.856175360789424,2.316013791619658,2.0907892556461225,4.317745461423177,5.761597633361816
2300-131720-0031.wav,2.304666519165039,0.959434818101636,3.839128339167938,2.993400484440133,3.0680365519790014,6.778785829009236,6.299367427825928
8463-294825-0013.wav,2.679203510284424,0.9586522613939434,4.257173102499523,2.8540337171623555,3.473396460781755,1.3624990648645063,11.977654457092283
5142-33396-0013.wav,2.943654060363769,0.9780854327403696,4.048988873047413,3.205507331745581,3.4893047286782117,5.553731239915821,12.408714294433594
7176-92135-0011.wav,2.2147860527038574,0.978376884583852,3.9364856678620592,2.899868388054064,3.0835975217569342,5.425126135022309,8.189126014709473
5639-40744-0012.wav,3.435232639312744,0.9792237163150708,4.4561059913741765,3.809968980599797,3.9208812051612254,12.265551666513083,17.213584899902344
1995-1826-0020.wav,1.2222516536712646,0.7260447257893465,2.529402822795616,1.692144881360249,1.7637304277468862,-0.991265523898542,1.1309632062911987
1320-122612-0010.wav,1.8562206029891968,0.8808600472197211,3.0644576407600224,2.335773288358927,2.4257486391805028,1.08149579897018,4.309280872344971
908-157963-0016.wav,1.6697654724121094,0.9221221362490986,3.029564907235064,2.381487121819943,2.2974994104645394,3.959102284151616,8.940645217895508
2961-960-0011.wav,1.5071907043457031,0.9207417825003698,2.713772914123998,2.505575406306141,2.0929816671026966,5.633164612822164,9.205729484558104
6829-68771-0017.wav,2.784158229827881,0.973328566579008,3.895220062042424,2.5521265781648528,3.268834366817216,-0.8130334027520397,9.85777473449707
8455-210777-0068.wav,1.738560438156128,0.8050264401260092,2.9848576520095085,2.1495238996002133,2.273798011146819,1.34991633391398,8.780065536499023
61-70970-0025.wav,2.1197621822357178,0.9740202134399736,3.893350687966287,3.0449490167946944,3.023963089051589,8.016660730911326,15.196561813354492
4992-23283-0007.wav,3.316904306411743,0.9868036969737574,4.559062822044731,3.611391046234363,3.929448710999605,9.258304378947583,14.69927978515625
6930-75918-0005.wav,1.2551201581954956,0.7185651536114102,2.4704555272448414,1.797092694010208,1.8016558392020268,-1.8067733592614,2.582648754119873
2094-142345-0020.wav,1.611203670501709,0.8728114273180474,3.2215571048400404,2.2824871073436217,2.3669099119897075,2.679884775328465,6.77735710144043
61-70970-0028.wav,2.280677318572998,0.9712466115770378,4.082723081797833,3.218391749653424,3.197228596454956,9.64649238953218,12.968439102172852
672-122797-0039.wav,3.1469082832336426,0.9317785322443995,4.483116261385968,3.716072650727409,3.82326845764195,11.440872669929224,14.519353866577148
121-127105-0020.wav,1.2075387239456177,0.7620222528450058,2.111596990002929,1.222681794885616,1.4689669233002411,-4.831104171806213,-0.4818692505359649
5105-28241-0012.wav,2.055282592773437,0.8221072066155793,3.5426107400563893,2.7835494073021603,2.7785764818106737,6.044538974008102,10.243897438049316
1089-134686-0026.wav,3.847298622131348,0.9955671630450192,4.965648472592725,3.838486508134245,4.423508597072861,7.784649564279649,14.181351661682127
1089-134686-0017.wav,3.754643678665161,0.986308661696272,5.0,3.963566982718935,4.436781304642038,9.823335690655489,15.686811447143556
4446-2275-0012.wav,1.1040258407592771,0.630364611534391,1.8722670652045583,1.5082641274285469,1.378371479270656,-3.0708110488113243,-1.8722249269485476
672-122797-0013.wav,2.234640598297119,0.7996738653066576,3.600942450801401,2.595619064693389,2.866305835851332,3.1045863710106225,7.189164638519287
4446-2273-0024.wav,2.550227165222168,0.930069925922578,4.20685778693247,3.12202651728809,3.378361248087445,6.809558567446215,12.368236541748049
6930-81414-0006.wav,1.842356562614441,0.9103198847834358,3.5261981805971656,2.875589875187228,2.6913985661097977,7.864966130558391,2.283624649047852
3729-6852-0024.wav,1.4953513145446775,0.8802850854157703,2.2749420047670297,1.4962781851386937,1.695545957155162,-2.670619381278592,10.628007888793944
61-70970-0034.wav,1.89084267616272,0.9240355589925474,3.5818939459358625,2.5563525902139603,2.728103848684968,3.112351546931984,6.362483501434326
7176-88083-0018.wav,2.0460317134857178,0.9258225195272588,3.597288205258262,2.6748094532770503,2.812587763167723,3.88304157180068,5.330226421356201
1188-133604-0002.wav,2.5106050968170166,0.9224682421331212,3.63425895538702,3.184425852015659,3.064573956062614,8.491508913293949,13.623052597045898
6930-81414-0010.wav,1.9936264753341677,0.9073703113789148,3.483807307065259,2.3856110262637285,2.715254656948355,0.3249001802085215,8.086265563964844
8463-294828-0037.wav,1.5386759042739868,0.934568002453656,2.878454818571507,2.2490484268804884,2.175947265186017,1.9777627523447785,11.855708122253418
1580-141084-0014.wav,2.532712459564209,0.9780829311614933,4.032114310440049,2.973653148297811,3.246905435009634,6.158651967577547,18.364789962768555
4446-2273-0009.wav,3.2177436351776123,0.9760344526835104,4.639789329785405,3.734106009271803,3.937723466362345,11.15751542349219,17.001962661743164
1580-141084-0016.wav,2.4894185066223145,0.913102191796772,4.1316738289891655,2.6159389846549765,3.29453184511896,-0.0698657140521716,12.465978622436523
260-123286-0000.wav,2.087892532348633,0.9625022008129156,2.999636126432017,2.136964259126542,2.448730305681571,-1.111262699459967,10.20192527770996
3570-5695-0002.wav,2.959963083267212,0.9810435469941368,4.391997176259802,3.622607680871393,3.684073276957375,11.35175333315406,13.924190521240234
5105-28241-0015.wav,3.4044291973114014,0.951984326245906,4.84230866190235,3.8466637407295794,4.137390889459882,11.32370804376657,15.051875114440918
2830-3980-0050.wav,1.0821137428283691,0.6073694183209458,1.7798716609131555,1.449136905518439,1.2739151331498892,-1.7538785252845532,-0.6057358980178833
2094-142345-0029.wav,1.7718582153320312,0.8162764524929444,3.02050555281748,2.3195898324611988,2.340165411929067,2.3949581515296043,3.611826419830322
7176-92135-0026.wav,2.484280824661255,0.9721330450428528,3.822668874366963,2.894532630986216,3.133820005535821,4.583587917531928,9.912304878234863
8555-284447-0019.wav,2.9586570262908936,0.9726884040917184,4.386499572661775,3.5978195721307986,3.683178703575386,10.858036062526375,15.64111328125
1284-134647-0005.wav,1.069537878036499,0.4562031314884903,1.0,1.3503033238475233,1.0,-3.0448677285430605,-4.094833850860596
8224-274384-0004.wav,1.7579293251037598,0.9315862887359734,3.221688901783092,2.4850515793874104,2.4721353279806166,3.413091609135216,9.77271556854248
4446-2275-0034.wav,2.7260069847106934,0.9595155693672618,4.224065850015354,3.3097001791495786,3.4788829626978788,8.313961588892841,14.02199363708496
8455-210777-0004.wav,2.395216941833496,0.9842760733414558,3.879896994839923,3.1528085699099453,3.1435803119173125,8.201994032275948,13.29415798187256
6829-68769-0038.wav,1.8332384824752808,0.9565925597960858,3.035533459560772,1.9654911982012515,2.360549507785892,-2.894414593066053,10.792675018310549
3570-5696-0007.wav,2.173229217529297,0.96669135388944,3.75771897258722,2.876375870044892,2.9548479081419994,6.19654199403627,10.72657585144043
260-123288-0022.wav,2.80286169052124,0.9624410963873876,3.943269194025314,3.201024429158688,3.3610612254836165,6.75106969695039,13.569547653198242
5142-33396-0063.wav,2.272606611251831,0.9852304476738422,3.664165359064541,3.21329578704842,2.9694146255964946,10.30872336975994,16.310487747192383
6930-76324-0003.wav,1.0561354160308838,0.4087686817776722,1.0,1.3816346584760162,1.0,-3.690081933582217,-7.563066005706787
1580-141083-0035.wav,3.012835025787353,0.9663324178402428,4.460386091473569,3.252962586312641,3.74434603478386,5.103219529852485,20.97440528869629
4992-41797-0022.wav,2.112342357635498,0.941401745056526,3.087439584172506,2.668065928025004,2.505966454932934,7.080480135443247,14.38388729095459
7127-75946-0001.wav,2.360193967819214,0.8478642951378628,3.832668045625483,3.278263517253465,3.086238613471039,11.170916979000925,16.735029220581055
5105-28240-0015.wav,1.266185283660889,0.707927935278773,2.260740533207878,1.5791547992453847,1.6272005775756226,-2.0150166040918216,2.1593270301818848
8463-294828-0000.wav,1.8979318141937256,0.937143733097724,3.0870556040088646,2.002309287685436,2.3930199555397467,-1.6626558448521018,9.804855346679688
5142-33396-0054.wav,3.5776407718658447,0.988982322062011,4.635969448817628,3.9923066347688296,4.130896358108746,11.937625906347144,20.459613800048828
1221-135766-0015.wav,2.0138072967529297,0.9828903221738192,3.8535218073875632,3.1030396218953777,2.945186645171672,9.982999247442464,12.149288177490234
7127-75947-0005.wav,1.4893109798431396,0.8136667753095973,2.204961026350346,1.7437133862566627,1.8048413910308567,-5.181249006634324,4.928252220153809
908-157963-0018.wav,1.8617377281188965,0.8623206433850463,3.353905418304006,2.426299022344089,2.565663851017142,2.780181191931726,5.670653343200684
5105-28240-0017.wav,2.6771140098571777,0.9253298352717024,4.117708134873656,3.1203141395260894,3.395831551795061,5.918556599967981,8.20458698272705
4077-13751-0021.wav,2.321967363357544,0.932228016002968,3.915218065407743,3.0208842231612056,3.104805975273742,7.516733072719433,6.767020225524902
5142-33396-0028.wav,1.903754949569702,0.9111171449398906,3.273755073254502,2.201859410596501,2.5579285493628885,-1.5826236405654404,10.188627243041992
1580-141083-0046.wav,2.333382368087769,0.9361548392316296,3.8552270106092767,2.654467854068376,3.043682050499122,3.245866022474113,12.75309944152832
908-31957-0008.wav,2.085069179534912,0.9288872435052056,3.4713188966306405,2.256941802659473,2.682639125504371,0.7864060959314805,9.028812408447266
3575-170457-0011.wav,2.84140419960022,0.9656738398240476,4.202644249612071,3.5618937869137937,3.5150276597782644,11.946755447242923,17.437347412109375
3575-170457-0029.wav,1.3360791206359863,0.7480564352884326,2.369538052136153,1.5323594333903616,1.6803654346698262,-1.6903683450412654,2.3866865634918213
2830-3980-0037.wav,1.4911980628967283,0.7037115659946087,2.846034353014044,1.9423667333150845,2.093345956180043,-0.6576724320986919,4.093156337738037
1284-1180-0005.wav,2.774022340774536,0.8983865696048193,4.050704919409446,2.954646077152523,3.378293089140312,4.013528151506569,5.967496871948242
5639-40744-0022.wav,1.8874733448028564,0.9629389008095918,3.0929516222823725,2.782622494467075,2.4757124838355216,7.055834573481265,11.133166313171388
6829-68769-0008.wav,1.967829704284668,0.9470102609078984,3.582169473038376,2.299490452173885,2.749179718658405,-0.7586620701097964,8.6517915725708
61-70970-0022.wav,2.1310503482818604,0.9515538084916736,3.113632339044931,2.77802442385875,2.626434245115128,4.366640584253289,12.3402681350708
6829-68771-0019.wav,2.162205934524536,0.969716161495414,3.8210903687794815,3.0578498612665017,2.9981157420784794,8.398387388958536,15.868658065795898
1320-122612-0005.wav,2.7807655334472656,0.9599532483747658,4.0600828326281695,3.1153587900522672,3.412238557295333,5.373366457267606,4.716822147369385
1580-141083-0029.wav,2.147174835205078,0.8973674646838344,3.657389363583352,2.381070127609147,2.869375547093691,-0.4810787546355196,12.578241348266602
1320-122612-0006.wav,2.723785400390625,0.9534171303973232,4.173427534099874,3.0203594110232816,3.4388305111409574,4.343236323537444,7.684797286987305
6930-81414-0001.wav,2.7531368732452397,0.904025145844852,4.066765221119532,3.2525605624558334,3.400117626917244,7.826640483401226,12.069233894348145
3575-170457-0033.wav,3.333388328552246,0.991636258845594,4.587353652225017,4.008852107129606,3.962752517615165,14.961752690761775,20.03520965576172
8455-210777-0021.wav,1.64302396774292,0.7416012542249583,3.0675832024720635,2.129555269972175,2.319773866246145,-0.579809212935678,4.975842475891113
61-70970-0002.wav,1.7038495540618896,0.848644801026761,2.9904481139082377,2.3709552521841046,2.3104518931396414,2.863423852842416,10.757118225097656
8455-210777-0034.wav,2.767261743545532,0.9800648939174614,4.050793606700041,3.181575500894178,3.371806047907766,7.8042227724625635,15.46726131439209
7176-92135-0025.wav,2.404581069946289,0.9772400229521592,4.0395568500739545,3.163822222515245,3.2296135651604554,8.223697950792594,10.595319747924805
8230-279154-0004.wav,1.409196138381958,0.7276322604428377,2.332826723772261,1.4652482141185452,1.7225677777060615,-4.347858319173879,-1.2205641269683838
1580-141083-0033.wav,1.6694552898406982,0.8306074833884479,3.1723382314408437,2.340103907374641,2.3543836307296253,3.921359689245083,7.905814170837402
8463-294828-0015.wav,2.395973920822144,0.9625229616616272,3.591269958888037,2.734972861022725,2.942363638027325,4.118776048825198,17.399824142456055
6829-68769-0007.wav,3.2380104064941406,0.9850109574086604,4.549567925929515,3.714796106189701,3.9022861803156257,10.731595816845005,18.02957534790039
908-31957-0020.wav,2.603010654449463,0.9612825314982912,4.021632092366564,2.6761744380667625,3.280606297033217,0.7527835853069756,8.430456161499023
237-134500-0042.wav,1.5041913986206057,0.9059494493327608,2.933749085468843,2.213903459863512,2.1884464115393327,1.575816525713851,15.20652675628662
4446-2273-0031.wav,2.84001088142395,0.975503073210774,4.187624653212064,3.251300720895125,3.5033713460228992,7.180578790748864,16.903141021728516
1284-1181-0003.wav,3.7519612312316895,0.9746212766655334,5.0,4.141111950724699,4.45062048832348,12.48895399508117,14.833606719970703
7127-75946-0017.wav,1.902622938156128,0.9089388586316108,3.542787869442828,2.312617694863966,2.7012876933160803,-0.2595535707392648,8.411650657653809
2961-961-0014.wav,2.187682628631592,0.9445884683482476,3.000754763080675,2.187648105163396,2.4933939604807347,-0.7870515464970359,10.006760597229004
121-123852-0002.wav,3.4070394039154053,0.983700139126474,4.685828471834519,3.6656222216648815,4.056248731281284,8.632913804012945,15.516234397888184
2830-3980-0056.wav,2.6889536380767822,0.961715622379026,4.0593279677411145,3.1368377649713217,3.342384802678392,7.429392892788481,12.316489219665527
1188-133604-0025.wav,2.088643789291382,0.8983853337817626,3.081722110932464,2.1091022489857383,2.537304932733131,-3.645489901106416,8.861202239990234
4446-2271-0010.wav,1.2565561532974243,0.7872215603509501,1.694492399114448,1.5167450820498114,1.2813843754125749,-0.3240482249254872,5.123135566711426
1320-122612-0002.wav,1.7823307514190674,0.9099965204909276,3.290505277760602,2.2328229073450934,2.473326074096525,1.223374969375124,1.6956868171691897
237-134500-0030.wav,3.3247852325439453,0.98321321384787,4.4297494916437925,3.694184367596455,3.881276114450104,9.975595428074149,17.656095504760742
7127-75946-0013.wav,1.8096060752868648,0.8508231118156644,3.303367747228779,2.185824717084944,2.511720798980828,-0.5324036932194378,6.495652198791504
8455-210777-0033.wav,2.138955354690552,0.9569097532043164,3.0833717827983365,2.582629528209821,2.5844746610996645,2.5663435184203545,11.39688491821289
8463-287645-0010.wav,1.690525770187378,0.6858253170620524,2.7361814431962475,2.272290937849683,2.1290088892041683,3.522035728345608,9.109495162963867
7021-79730-0001.wav,2.200090885162353,0.9754214177906376,3.825914819612767,2.7767602040893635,3.0019415782894168,4.429279096305081,5.9547529220581055
1580-141084-0002.wav,2.200188398361206,0.9069752730166076,3.92015362190956,2.513091553717776,3.0366279802723755,0.7831910211751606,9.567046165466309
8455-210777-0046.wav,1.8545544147491453,0.9451921932316968,3.3135369447873475,2.523764875231756,2.578786043149236,2.758813990244018,11.04762840270996
61-70970-0031.wav,2.024425983428955,0.9525227554009345,3.744817419593357,2.891845934535558,2.8814890253517738,7.20978605984148,10.677621841430664
5105-28240-0003.wav,3.0999321937561035,0.945712961559718,4.505628490629618,3.4083894710681286,3.793047622027154,7.693323208720421,11.466203689575195
8230-279154-0001.wav,1.6335740089416504,0.8473603053820149,2.9430587044583114,2.0203849195923067,2.2303556603347454,-1.241421501769144,2.7667641639709477
4446-2273-0022.wav,2.4240710735321045,0.9423374518285073,3.94834644279777,2.780762683078404,3.1684532921856063,3.1242363199766907,11.741199493408203
2300-131720-0029.wav,2.4002814292907715,0.962069291939999,3.943130818099109,2.833059271532272,3.15300442421798,4.171884507393447,4.640417575836182
4992-41797-0000.wav,3.10083532333374,0.9585132261445014,4.215313878355463,3.5177381514385924,3.635234639774515,10.030931155468368,17.26032066345215
61-70968-0013.wav,2.2404820919036865,0.9447026091265456,3.817919025369239,2.552569658568633,3.0180753613831746,0.5767467736586176,13.28161334991455
1580-141084-0041.wav,2.922464609146118,0.9229844594750204,4.40530092290703,3.1529926029794773,3.652836773366251,5.0156840058667855,13.250715255737305
2830-3980-0018.wav,2.009031057357788,0.964992487482936,3.6404700987399767,2.5262455561290422,2.7665545224686685,3.957255672497852,6.939494609832764
7176-88083-0016.wav,2.5956790447235107,0.971344261774326,3.8933381160190006,2.96957719065401,3.236143005031048,4.448968759845273,6.8142499923706055
5105-28233-0005.wav,2.0549981594085693,0.8514073803722373,3.335294693460765,2.28959768225751,2.6461935575409523,-0.512349908388842,7.562536716461182
2830-3980-0071.wav,1.3422904014587402,0.7495904768763468,2.8803671581698818,2.0020966167621665,2.0509876780488248,0.7262143071265252,5.792660236358643
4970-29093-0013.wav,2.830010414123535,0.8860528297868893,4.124314062170263,3.0222243460042355,3.449965334482868,4.362922736289928,12.88176441192627
4992-41797-0020.wav,3.0357906818389893,0.9865577602783692,4.193680835673114,3.4427559419441542,3.5974720406218528,9.076653386770314,15.96753215789795
1995-1837-0006.wav,1.3687498569488523,0.691542571493408,2.6508506731533648,1.7739699296195903,1.918405094568501,-1.6970297908370062,-2.718761920928955
908-157963-0006.wav,1.627366542816162,0.8141192379328379,3.074844670333704,2.2865563959910604,2.3075913930150413,2.3786568947242896,7.565851211547852
4077-13751-0014.wav,1.375322341918945,0.9058762794966226,3.0485287426014853,2.317463785820575,2.1705305848741947,4.635894522645764,0.6140944957733154
7729-102255-0046.wav,2.4091804027557373,0.9473247218946544,3.812832466044481,3.162586912081755,3.1189214596945143,8.178148434793938,10.02583122253418
1284-1180-0003.wav,1.791590929031372,0.8127636395882332,3.0649740689915435,2.0235991642780684,2.32314301413077,-0.2891527858520376,1.7928049564361572
4446-2275-0022.wav,2.5584964752197266,0.9270134248699636,4.101803997651348,3.050098375320187,3.3296733709743624,5.631180062573406,11.190857887268066
6829-68771-0013.wav,2.88046932220459,0.9782315159062358,4.315877403705966,3.29636482845109,3.5953228500779417,7.249364724197242,10.973434448242188
121-127105-0015.wav,3.411586046218872,0.96615034635071,4.784105239002847,3.591241456334725,4.111943783559126,7.219524313767488,10.305481910705566
4446-2273-0017.wav,2.68196177482605,0.9573852166440512,4.234168594345676,2.7961009403290173,3.475498300637877,-0.1135514042803915,10.551724433898926
3575-170457-0013.wav,1.6078593730926514,0.8531220177632054,2.601299703121023,1.987543488414276,1.9573302092387177,2.3973242392240923,6.272152900695801
4507-16021-0037.wav,2.880645751953125,0.9286167898842814,4.0972165977861525,3.474543565606643,3.493078258454624,9.791397107210177,13.123037338256836
7127-75946-0026.wav,2.2361624240875244,0.9354548875636294,3.9644357081246304,3.2128986722523027,3.10545355377836,10.35703764387763,8.584441184997559
1089-134686-0019.wav,1.568839430809021,0.8636314973827395,3.1171895666836957,2.0899360067215103,2.3147148753044537,-0.9859155649044242,3.0075156688690186
908-157963-0019.wav,1.9090968370437624,0.8893078273441944,3.097182202557748,2.255413953766285,2.4161071865563537,1.7233669167441457,6.450745582580566
5142-36377-0004.wav,2.355057716369629,0.9607123154163484,3.815229757016413,3.115882528736949,3.077065099598788,8.540024170185815,13.353998184204102
7127-75946-0003.wav,1.993509650230408,0.8611695570415567,3.320892758312459,2.749694355006558,2.6291849871706727,6.322944735769157,10.707427024841309
237-134493-0009.wav,1.1200772523880005,0.72438990887737,1.81211101782386,1.40673335429296,1.3174871942609807,-3.0833458444075,0.0860797986388206
6930-76324-0014.wav,2.1224477291107178,0.8724600659997666,3.2846572453410023,2.5537898324813604,2.6764313856218465,2.22770357414646,4.5841898918151855
4446-2271-0022.wav,1.974785566329956,0.8736624239085173,3.189987845028221,2.504738057862536,2.537528200693363,3.3287872046657854,13.614439964294434
1188-133604-0015.wav,2.8803298473358154,0.9239995112512924,4.170285274137766,3.353298093106249,3.513734478064175,8.553988220329764,13.93878173828125
4446-2271-0021.wav,1.2210979461669922,0.7158147298363676,1.6414789562771537,1.6407025008439118,1.3280450907358028,-2.094338587751328,1.856762170791626
8555-284447-0000.wav,2.4587557315826416,0.8769523259288791,3.4037117063113054,2.848886184939649,2.909929730247645,4.16463045463117,11.054275512695312
7176-92135-0045.wav,2.2210257053375244,0.983649610202172,3.801475715053928,2.895413460668731,3.002789088783366,6.046482622854765,7.58054256439209
7729-102255-0018.wav,2.771754741668701,0.9701569879410676,4.179792699277392,3.443272144481149,3.4835724744392653,9.927665434661131,13.610790252685549
7127-75946-0022.wav,1.6122593879699707,0.8344783979758098,2.9902682937318583,2.1038648600068,2.2339827472679312,0.6463094394941866,1.355502009391785
4446-2275-0005.wav,1.3510630130767822,0.8487946320451867,2.7302920205696246,2.009175727477716,1.9681280227872116,1.327894929027419,7.065306663513184
5683-32865-0004.wav,3.031651973724365,0.97059777992809,4.169716161495024,3.3627129077996294,3.574439158513114,8.234893647401377,12.639104843139648
2094-142345-0027.wav,3.001227617263794,0.969021543013017,4.532980597963862,3.616704668710504,3.766058111089943,11.341566029586575,14.5314302444458
7127-75946-0014.wav,1.3209627866744995,0.7430270064496494,2.0655526780482645,1.362024745271371,1.4749306923023116,-2.228566207421036,-0.7694989442825317
237-134500-0041.wav,1.492436766624451,0.8104869540299895,2.752144403309437,1.8720222289214263,2.03177720019311,-1.1017304712036635,7.691402435302734
1580-141084-0040.wav,3.4995625019073486,0.9749836049275264,4.873982349749306,3.934361597540141,4.203855670390117,11.876475362769105,19.401874542236328
5105-28240-0013.wav,3.50960111618042,0.8747932344926329,4.666005818600635,3.6313101268609,4.07002561579792,8.550375181800705,12.34913444519043
1995-1837-0013.wav,1.4315204620361328,0.8443181419637702,2.6571197073214257,1.7479900230785566,1.9411470028236255,-2.053684475132523,4.526452541351318
1995-1836-0011.wav,3.3538029193878174,0.976274541054042,4.673870629918756,3.496952155224604,4.021927136293726,6.425143630647479,15.26161766052246
1580-141083-0012.wav,3.157443761825561,0.963016766819768,4.53568197821896,3.663349968730621,3.859681490923423,10.306512233747322,18.314950942993164
1188-133604-0034.wav,2.4262869358062744,0.9484571896071856,3.951332428989193,3.1924232680292657,3.1858757066558283,8.988862659811973,14.606026649475098
3570-5695-0000.wav,1.5447874069213867,0.8028870900298721,2.893002037849813,1.8726821566852017,2.1634879056559453,-3.0388448698424653,5.662713050842285
4446-2273-0007.wav,3.3840866088867188,0.9500371316878776,4.7621115855950205,3.5459854740063235,4.093708039967215,6.419300588464214,12.800329208374023
1089-134686-0020.wav,1.9005028009414675,0.9461704546035226,3.586897632089837,2.810267666811362,2.7495079187977485,6.451026146926266,11.41022491455078
8555-284447-0006.wav,3.129615545272827,0.9719973511726806,4.487751270121547,3.639194030869665,3.821100807570136,10.164164013998434,7.373126029968262
5142-36377-0018.wav,1.142688870429993,0.8659798551562741,1.6109033361019027,1.8251093353490289,1.3433170319807222,-1.6599630081074923,8.132535934448242
1995-1826-0004.wav,1.539258360862732,0.8537928829901965,2.1626437588683,1.4956397909125072,1.6347452124021795,-1.8200645669146185,2.678632974624634
3729-6852-0030.wav,1.9385793209075928,0.8057064402826696,3.0058289194416665,2.2094869573881595,2.2772184267726647,5.543229254751373,12.091265678405762
61-70970-0029.wav,3.073621988296509,0.9604121406690792,4.571658362519277,3.54884503011022,3.827741533926958,9.456000483491968,15.019068717956545
5142-33396-0053.wav,1.780368089675903,0.930010031023147,3.2502150241696515,2.183336415384733,2.475924452169348,-0.5886447538577965,8.808028221130371
6829-68769-0022.wav,2.173256158828736,0.9509386979567378,3.8531476381591374,2.669948345081336,3.001989164245761,2.9353438214107213,9.806407928466797
1580-141084-0030.wav,2.1984686851501465,0.9416202164305992,3.670735603477972,2.785230390504722,2.8837272479792224,6.346442563162693,14.065431594848633
1580-141083-0034.wav,3.724308729171753,0.9743324744517156,4.993488028900903,4.088642790684433,4.3816371791040325,12.407359003958176,17.162439346313477
7176-88083-0020.wav,1.4050641059875488,0.8524219195153,2.5688169890885058,1.84119469074862,1.93644573895574,-2.6908048364299098,3.0413472652435303
2830-3980-0030.wav,2.3680756092071533,0.8864269366507903,3.866175014468042,2.717834842384993,3.0675393639058486,3.949204867625072,9.610013008117676
7729-102255-0005.wav,3.197918653488159,0.9336487176037112,4.480413110673581,3.4364821101708736,3.8434185271452175,6.803736929318156,10.455155372619627
6829-68769-0003.wav,2.48923921585083,0.962514685871492,3.9154210680220287,3.2913900513002488,3.1993455436802765,10.101971569353616,15.37804126739502
6829-68771-0011.wav,2.348005533218384,0.9788811329601071,3.784082576297721,2.275006880068019,3.0114100333325933,-2.700722124696713,7.204196929931641
1089-134691-0023.wav,2.176342725753784,0.9353676741360876,3.5039273513089757,2.702529610317762,2.8419777379929547,2.89193449156707,9.15289306640625
1580-141084-0023.wav,3.3819997310638428,0.9713540441625884,4.785400329027809,3.768511110946818,4.102365905139999,10.04994769439897,17.943904876708984
4446-2275-0044.wav,3.3077354431152344,0.9658234063940846,4.804918044393033,3.821660984394927,4.074219705398974,11.472781035922171,14.20051097869873
1995-1826-0016.wav,1.3378019332885742,0.7650000354882792,2.6567787959351965,1.8423811650741992,1.9251062333619149,-1.230151351488278,4.009385585784912
7127-75947-0026.wav,2.569311141967773,0.913687701327564,4.008915129986463,2.8905143834203617,3.275992120961392,3.5854452831838013,10.357499122619627
1320-122617-0020.wav,1.695772647857666,0.8763550960378435,2.970727362175072,2.201483590312255,2.2670063782933667,1.536823551911392,2.207662582397461
7127-75947-0021.wav,3.107224702835083,0.974816900037762,4.447890102201103,3.494451294646981,3.769891179248439,8.920781248650025,16.01459503173828
6930-76324-0018.wav,1.3041685819625854,0.8413601691967479,2.6746660834226947,1.8970485371543744,1.942045297375296,-1.2096993724742455,5.983858108520508
5683-32879-0016.wav,1.1280533075332642,0.6432401612068522,1.6408177248824127,1.561238354845247,1.223596563228282,-0.1323903343444554,3.9036285877227774
7729-102255-0039.wav,2.22488784790039,0.9335976731842792,3.5822091067975546,2.81670929621587,2.899760848325773,4.586291004408176,8.3374662399292
1995-1837-0012.wav,2.901850938796997,0.9708629612125516,4.36058141725161,3.741748951565514,3.653097459875978,13.066956928550097,17.894073486328125
8224-274384-0000.wav,1.075091004371643,0.4884998984067453,1.0,1.1196704346471702,1.0,-2.4207818797077776,-5.970578193664551
1284-1180-0019.wav,1.5020768642425537,0.8803812749951752,3.1212959098390787,2.1602545974090197,2.222280842216092,3.314027298819534,4.035575866699219
5142-33396-0061.wav,2.292374610900879,0.9821813798909564,3.495371145648446,2.959595535208006,2.8641999551562742,7.5068250062071025,15.034340858459473
8463-294828-0034.wav,2.384628772735596,0.9801517128336652,4.119492229751208,3.3458133366679634,3.2771304496310294,10.478758046346902,15.939697265625
3570-5695-0014.wav,1.602095365524292,0.8983736421006651,3.076828447264714,1.937713028597967,2.2993502782195825,-3.122454700212223,-0.0749605372548103
4507-16021-0020.wav,2.7032766342163086,0.9507249573083054,3.5482749856730096,2.474428075432577,2.995411174250045,1.208725123575825,11.744401931762695
1089-134686-0011.wav,3.3709018230438232,0.9822834304175192,4.682707928374948,3.672291032208353,4.046065255838354,8.589219520695424,13.820592880249023
1580-141083-0017.wav,2.7904038429260254,0.938111643984526,4.275534187248339,3.404898168020842,3.5179070128597547,10.178113475928022,20.23417282104492
8463-294828-0016.wav,1.4378167390823364,0.8932008164521221,2.9482465704906526,1.9602382773228544,2.151668090153288,-1.485493167954927,7.484657287597656
8463-294828-0007.wav,2.086695671081543,0.9381396853744703,3.691936834460737,2.7644798111437447,2.892477267280833,4.457630655535808,7.719573974609375
4077-13751-0002.wav,1.9038041830062864,0.8921366801555821,3.374724378085621,2.551437584965896,2.591065393994551,4.720478567169977,6.04196834564209
8455-210777-0005.wav,2.659318208694458,0.97636451708598,3.952006700165295,3.234408133264618,3.2905640616433867,8.474068016397391,14.959931373596191
2094-142345-0035.wav,1.2295738458633425,0.7007089745394497,2.450570615796256,1.5775372556789382,1.700563808028591,-1.6482189959337137,0.1170010939240455
4446-2275-0043.wav,3.159251928329468,0.974368064382762,4.625839483884432,3.537204943806363,3.908966861768065,8.13572924902108,10.999393463134766
4992-41797-0002.wav,2.86880874633789,0.977961107700708,4.319250400178067,3.462879608387215,3.5911785931131943,9.97803750738531,16.187294006347656
672-122797-0034.wav,2.195281744003296,0.936326136219581,3.691925519237589,2.7508674114187475,2.89807383652009,5.586713050643722,10.77665901184082
1995-1836-0008.wav,1.3401116132736206,0.7691868785136216,2.742896953310922,2.063073068084078,1.9985907149207585,0.957023050310576,7.803425312042236
6829-68771-0015.wav,2.601672410964966,0.9721441425983476,4.1307103150260005,3.0316971325777127,3.363495195948211,5.1156390795241125,13.063502311706545
6829-68771-0007.wav,2.6532719135284424,0.9687646215039504,4.23311276035283,3.3217579183985224,3.449655314556212,8.92506007497144,12.782220840454102
237-134500-0020.wav,3.022888660430908,0.993432462309499,3.958557742562713,3.130216333807471,3.450410181156242,5.251476007747154,16.854822158813477
8463-294828-0011.wav,2.378200054168701,0.9474351546147816,4.143286691452946,2.649424930169275,3.2631519675707388,0.4682356667524026,10.650339126586914
4970-29095-0033.wav,1.7314043045043943,0.8912285299642525,3.027639260643763,2.1931036462894866,2.319869086751427,0.8447725593308926,12.28039836883545
237-134500-0040.wav,3.0336410999298096,0.9698356684160928,4.386911995770734,3.58962161179405,3.7316900655758114,9.698925922227511,18.79748916625977
1320-122612-0004.wav,2.426966667175293,0.96928218904374,3.8210862872048006,3.1846771337298883,3.1186826699589334,8.98101648943924,8.522687911987305
8455-210777-0002.wav,1.283100724220276,0.7508669090900857,2.110339768182977,1.6572325927389269,1.6071589128742274,-2.9418327183424524,0.9611597657203674
4970-29095-0015.wav,2.733590841293335,0.9355123039323142,3.728499511806172,2.396491821832148,3.157395806687575,-2.7698446883591816,9.121134757995604
1320-122617-0029.wav,2.0790250301361084,0.8766152356818045,3.207713212260185,2.406946033033221,2.591568914031996,1.3123870767719992,-0.0738629624247551
1320-122617-0039.wav,2.7618696689605717,0.9683824785273903,4.236114615859979,3.004156926659708,3.491015606546734,3.719437230480681,2.139651298522949
237-134500-0022.wav,1.7118409872055054,0.8769799028320204,3.1321203074314163,2.1512963497515813,2.3660081530264714,0.1519875762079318,7.476051330566406
5683-32879-0006.wav,1.825181007385254,0.8490439249447284,3.2757135542944007,2.361361549598916,2.478344436536759,3.346522289631545,8.685859680175781
1089-134691-0006.wav,3.285158395767212,0.9775740582558596,4.680509041552435,3.623275115416951,3.999269956293616,8.567658137552865,13.776317596435549
5639-40744-0033.wav,3.2780487537384038,0.972287903930318,4.345334380288398,3.5943928856020424,3.8101478136355698,8.989658042132739,13.77928638458252
7176-92135-0017.wav,1.6780999898910522,0.9180556139846348,3.344039778727374,2.172753722951396,2.5055757079561656,-1.5055102995390344,5.903933525085449
5105-28241-0003.wav,1.461300492286682,0.9033943069662064,3.124872085051392,2.358076215146634,2.2842773819795803,3.203118436367862,11.102230072021484
61-70970-0012.wav,2.901873826980591,0.9853693156638442,4.376253966683136,3.386616379099914,3.6450144341316175,8.129979748151184,12.641857147216797
8463-287645-0002.wav,1.7081298828125,0.8597391379030249,3.3060371635055685,2.697447486033131,2.4818534016234275,7.475301112488457,6.102766036987305
5683-32866-0006.wav,1.078956961631775,0.5503060782239209,1.0,1.0104310204982307,1.0,-4.049981423189527,2.641232490539551
2094-142345-0016.wav,2.245206832885742,0.8143855549120667,3.8766363013758536,2.670126549527366,3.010982791108479,4.111720272947899,13.029767036437988
3575-170457-0009.wav,2.619157314300537,0.9601490126109656,4.0812583602489445,3.311690106599061,3.3373670156700506,9.883391394553582,10.000372886657717
3570-5694-0019.wav,2.891807794570923,0.9882115363007012,4.055518649207126,3.3286596965009103,3.441472981249169,8.998984953244266,16.63357162475586
1188-133604-0016.wav,1.830852031707764,0.8531693562132041,3.3931197679094405,2.2232973897039776,2.5690616239397177,-0.1849082057294654,3.990901470184326
908-31957-0025.wav,1.5768046379089355,0.8444915023154513,2.969206628995873,1.9590122513872803,2.205425867877996,-1.3762745748420606,2.5219321250915527
7176-92135-0029.wav,2.2483015060424805,0.8985864778397612,3.692915314080985,3.074208812689188,2.964323783026978,8.599225342470582,12.551117897033691
237-126133-0023.wav,2.2727420330047607,0.9629750040200648,3.8443431714312144,3.201844886172288,3.0726979580653717,9.52832721115241,16.325519561767578
1320-122617-0032.wav,1.115733623504639,0.5847378147106925,1.2194542599652043,1.128906349033984,1.0,-3.5851357050552712,-7.689897537231445
7127-75947-0025.wav,1.9687705039978027,0.9469349250345234,3.4941962595371474,2.5596380382291737,2.720470233168985,2.7207786811529413,9.514121055603027
2094-142345-0046.wav,1.4110469818115234,0.7463874772444733,1.7321962495110612,1.6170588246137974,1.272358825415427,4.757443069082933,6.634293079376221
1284-1180-0004.wav,2.532064199447632,0.9432078615318344,3.932141748455212,3.1339159918659893,3.204091241349313,8.38770827020998,10.525874137878418
1580-141083-0001.wav,2.479422807693481,0.9291283231765156,3.6605993157669054,2.590152111602529,3.047935902654933,-0.0880670068677775,12.849876403808594
4507-16021-0047.wav,1.3347854614257812,0.7520843818730638,2.357277686886814,1.8474418406719773,1.7280067939869257,0.9241606681534528,4.150835514068604
2300-131720-0033.wav,1.7486637830734253,0.8742747325322805,3.0948592661663645,2.380597362477753,2.387937192662433,2.5485163854384325,3.2309699058532715
1995-1837-0016.wav,2.441282272338867,0.9611351458877572,3.5633086558682106,3.217638580922346,2.971718146087083,10.538087727694446,17.12654685974121
4992-41797-0009.wav,1.906649827957153,0.9085452471289404,3.1384941432483684,2.093948944248916,2.417112739573704,-0.0140880406931114,2.256711959838867
6829-68769-0030.wav,2.119382381439209,0.9644657943075298,3.775290247451167,2.6308464865731933,2.933392998038456,2.840291976335037,9.13047695159912
4507-16021-0036.wav,2.15453839302063,0.9251980637171504,3.1318451546713746,2.356004228401895,2.5190058460116576,3.1447332119144544,14.224689483642578
237-126133-0021.wav,3.319227457046509,0.9828793844632668,4.450288208910416,3.677174211256864,3.895514405278519,9.447044351650742,15.826783180236816
1995-1826-0015.wav,1.501095414161682,0.8541946547146425,2.88293686567206,1.793784395488874,2.093619366289462,-2.0740680539562297,3.494609832763672
4992-41797-0021.wav,1.845367670059204,0.910594614993717,3.040589596813643,2.440006124657069,2.36167360891248,4.8767106435025385,9.640310287475586
3570-5694-0011.wav,2.3185482025146484,0.959898399318962,3.671259394874584,3.104440205238716,2.983080772693633,8.807807523348211,13.839430809020996
5683-32866-0011.wav,2.977149486541748,0.9289413699478536,4.210090517882799,3.3675510743334693,3.562051884071347,8.943508036134494,15.278836250305176
4507-16021-0053.wav,1.357926607131958,0.7084296165151112,1.5466875483236238,1.4009907154698729,1.2059663560675504,-0.5926300323229876,1.8154737949371336
2830-3980-0069.wav,1.186044454574585,0.7593392342873881,2.4245405967555707,1.9786945533687288,1.7283902854337487,2.2845205851606147,5.585453510284424
2094-142345-0009.wav,2.1402299404144287,0.9116897340542416,3.621596292604304,2.794684979078847,2.862648540320348,5.494129436022366,7.623250484466553
7729-102255-0024.wav,2.7432265281677246,0.9769780583787642,4.245018909993506,3.432339952556261,3.50019566635548,10.033405506683204,14.856549263000488
5105-28240-0002.wav,1.4511137008666992,0.8003892129260521,2.610023174000443,1.8817263522020349,1.99542056386888,-3.0673465743170114,2.123953342437744
4507-16021-0000.wav,2.596376657485962,0.9767701436542274,3.709548368133006,2.6361339338907848,3.057537111459681,3.006528284652408,13.172504425048828
2830-3980-0004.wav,2.318479061126709,0.9786039684392492,4.000278868758354,3.10012440375243,3.149922201836263,8.600337441597889,13.419833183288574
61-70970-0030.wav,2.6598289012908936,0.9648367668269688,4.373755589187716,3.3571887336949557,3.524860408102038,9.353360599284237,13.560466766357422
1580-141084-0032.wav,1.8763577938079836,0.8453348391979666,3.4865076514822,2.216823724741916,2.64067579514466,-0.7284641199343334,8.93531322479248
7127-75947-0039.wav,2.354125022888184,0.9479151758365144,3.858521290671447,2.8265847962781017,3.107867737310635,3.5262449995060514,12.64796257019043
260-123286-0030.wav,1.737377405166626,0.9006756900188905,3.014558804600397,2.5329340414835864,2.335654238578129,5.344241725940073,11.625749588012695
260-123288-0004.wav,2.9722914695739746,0.9574534379964208,3.3582664490914933,2.968910234808257,3.1270157529616007,3.0378338686223216,15.260771751403809
5105-28241-0007.wav,1.1820687055587769,0.6401759698392829,1.9229211663026056,1.3972800986219345,1.4035375043634444,-3.686603693627922,4.598154067993164
6829-68769-0045.wav,2.639970302581787,0.9636990290941562,3.9977698649735056,2.840465998229807,3.2989689925306216,2.570288087148016,9.610618591308594
3570-5695-0005.wav,2.452969789505005,0.9411112985659064,3.8965189564335705,3.1129860798392963,3.160147782140693,8.051052641929973,8.386713027954102
1284-1180-0007.wav,3.142442464828491,0.9193324566497696,4.464040920227706,3.3655567679264378,3.801004187258445,6.374419421929807,7.24542236328125
8555-292519-0001.wav,1.1241265535354614,0.6656247452579708,1.4807372621727302,1.2144287058127536,1.1001492473312957,-3.765263400893232,2.648401498794556
1284-1180-0012.wav,2.57659649848938,0.9364599681753684,3.793857718999076,2.8243913818954027,3.130683749930144,4.330242513736397,9.686707496643066
5142-33396-0044.wav,2.5000967979431152,0.9684655876291524,3.763404542419557,3.1115380736225973,3.1058224587834617,8.194320707743268,14.569052696228027
4446-2275-0039.wav,3.391018867492676,0.9867131927330444,4.7236351674371,3.855251533302885,4.066350637387772,11.79176238503748,17.525938034057617
6829-68769-0020.wav,1.79160737991333,0.9352777796197396,3.3217147469672232,2.1440086548683794,2.5191706734557515,-1.3860520844138462,6.946635723114014
1089-134686-0023.wav,2.19915509223938,0.9196474515100572,3.6449352451849335,2.701401636451231,2.9123506437322018,3.1991617508024075,5.609936237335205
7127-75946-0024.wav,2.3894762992858887,0.9168585526353458,3.706185456661225,2.990853919875474,3.0351319659991605,6.517065688173333,8.344054222106934
6829-68771-0008.wav,2.415391206741333,0.9652609895028827,4.125557440006515,3.3779902351807687,3.2817435221716025,11.370227208165767,10.262645721435549
237-134500-0014.wav,2.2558376789093018,0.8737755343656669,3.3835176224899373,2.312589314644882,2.7744945440738484,-1.7985531531928207,6.584878921508789
260-123288-0028.wav,1.8148068189620967,0.9335997913967023,2.7202683047816314,2.3151728260048445,2.222745026664797,1.5460001174613351,11.31520175933838
1580-141083-0014.wav,3.322576999664306,0.9490932585171528,4.586985745603887,3.5163772203513832,3.943664354255777,7.819127777644423,15.650423049926758
6930-75918-0011.wav,2.2301955223083496,0.9194560098135802,3.811821071016495,3.0373009798205057,3.0147216958821126,8.134160405846432,9.03231430053711
2830-3980-0044.wav,1.1963073015213013,0.8353853377098521,2.671561426880766,1.849925834851717,1.8631634658085057,-0.1316328976026036,3.707150459289551
908-31957-0011.wav,2.65038537979126,0.8596743594770093,4.005484668939772,2.810605095364781,3.308645261974519,1.991801098927224,9.518051147460938
5142-33396-0034.wav,3.2579801082611084,0.98675562948891,4.40240020892021,3.709260711466105,3.838676107843064,10.512825559879806,16.525405883789062
4970-29095-0028.wav,3.2218024730682373,0.9767771970434372,4.626595857786032,3.5143332196101547,3.926770068066673,7.921927894854388,12.984424591064451
8455-210777-0050.wav,1.8461313247680664,0.9116725873077296,3.159065748753672,2.2699001869579685,2.460825874412666,0.4165474475271172,4.654050350189209
237-134500-0028.wav,2.535151720046997,0.9162898207850596,3.769341037788842,2.790602737503096,3.1120014054699,3.471953178003271,11.892823219299316
5683-32879-0012.wav,3.0812184810638428,0.9494867281505392,4.440285616992849,3.3773783755120226,3.7348256654323713,8.059449048169649,15.447246551513672
908-31957-0023.wav,2.9035470485687256,0.973886830719755,4.331567366737822,3.2638677141967216,3.5997694804501834,7.219928721590842,12.141037940979004
7127-75947-0012.wav,1.3304588794708252,0.8576388451866273,2.560811145659976,1.5464994496879816,1.8782650195380253,-6.074412705205009,6.6387200355529785
8230-279154-0027.wav,1.926052212715149,0.8481479687849236,3.234718901229889,2.3728637799631307,2.5439359084728315,1.219364018016274,3.7163379192352295
5639-40744-0002.wav,2.796562671661377,0.971833877764166,3.781953550650497,2.933370839445052,3.2297612392157404,4.658765495794134,13.211420059204102
8455-210777-0049.wav,1.393072485923767,0.8772742430570505,2.728528976919048,2.192213984970504,2.000604162116588,3.379645421013441,9.005462646484375
1221-135767-0020.wav,1.5259544849395752,0.8639368563722419,3.0975792623039573,2.155625658620322,2.237672184631969,2.392565063485455,0.0635656118392944
4507-16021-0029.wav,1.580697774887085,0.864585475661103,3.1104753721108804,2.300444340190849,2.2984110905984583,3.100479644563043,9.807445526123049
2961-960-0010.wav,1.6600074768066406,0.8759692583140355,2.9063468591335258,2.499265742054351,2.260218098291882,4.62687514191271,8.145562171936035
7127-75946-0012.wav,2.125774621963501,0.8909169439139838,3.6206065220686,3.013501273488812,2.863713738307487,8.686844681442263,10.459735870361328
7176-88083-0006.wav,1.9368700981140137,0.9452137380038792,3.485046424878063,2.3437087915130324,2.692834491933577,-0.1573431163922667,5.036420822143555
3729-6852-0014.wav,1.391470193862915,0.6595438738003627,2.4037094062192925,1.7029826912142745,1.715463920978492,1.0327398926740734,5.331792831420898
8455-210777-0028.wav,2.2507476806640625,0.978650400359492,3.706303681841669,2.9708932181049077,2.9550982234012872,7.695134869780139,13.935857772827148
121-127105-0032.wav,2.895054578781128,0.9874375625974164,4.062866152668762,3.4265745334365203,3.4853824529125133,8.827254178787424,15.887657165527344
3729-6852-0018.wav,1.2874126434326172,0.7219887379309992,2.4140437501393506,1.7052982301173425,1.7321242805105992,-0.9635784825183352,6.44857120513916
7176-92135-0002.wav,1.791008472442627,0.9410343624574736,3.469121671864249,2.4625872006931475,2.597261054699196,3.452907061573887,9.842830657958984
2300-131720-0019.wav,1.8912529945373533,0.9223528779009608,3.2067252725047672,2.597001950855818,2.526704420299176,4.412434862090169,5.213698387145996
8463-294825-0019.wav,2.6766726970672607,0.9718541928493156,4.521263089437337,3.806026916971072,3.638214771025985,14.964166439532288,15.312867164611816
1995-1836-0004.wav,1.190475344657898,0.7865826813388255,1.9626518474949144,1.29208097278821,1.3467501954556549,-1.860188462492481,-2.450933694839477
1188-133604-0028.wav,1.9639205932617188,0.8902439077776821,3.370604624930386,2.6041573378534704,2.6462742646675883,3.91589873566842,5.724028587341309
7729-102255-0006.wav,2.172325849533081,0.947222716647088,3.871219048915653,3.0056022895612164,3.028163566185382,7.492495182571297,10.268817901611328
4970-29095-0006.wav,4.134052276611328,0.962090300571644,5.0,4.522479437808082,4.72380923881216,16.45168843886029,24.164979934692383
1995-1837-0022.wav,1.027307391166687,0.2808667043007429,1.0,1.0,1.0,-3.458655391351896,-8.906681060791016
4446-2273-0023.wav,2.1095221042633057,0.9394097563102344,3.7118595953169726,2.600824557503865,2.883661343097969,3.0197647868226927,12.405415534973145
5639-40744-0019.wav,1.5757684707641602,0.8717441189249009,2.729051303486869,2.3126407401952727,2.0851697010082333,4.255256583771335,8.224833488464355
61-70968-0002.wav,2.496745109558105,0.9609002203647083,4.195037909468065,3.165760917318067,3.3397843136840946,8.160198443814904,12.244781494140623
5142-36586-0001.wav,1.120310664176941,0.8124962467729818,1.7571714694275176,1.5165827967001957,1.3276398693030584,-2.988011734166464,1.7526592016220093
8555-292519-0006.wav,2.375396966934204,0.931612919598166,3.758310610057842,2.7540191723159366,3.0096060969181844,4.818727154739742,9.80726432800293
2300-131720-0026.wav,1.7449506521224976,0.9031534902527364,3.221358575140909,2.3975894468437264,2.46275705495449,2.240480083304671,3.0827369689941406
672-122797-0040.wav,2.206804037094116,0.9255696979459324,3.752414220265535,2.7944753069512505,2.940876938321433,5.888028118555449,8.381010055541992
2830-3980-0009.wav,1.464122295379639,0.7852227763258334,2.9010300463975627,1.9267181419514643,2.113348966935212,-0.9786917951728902,6.752927303314209
61-70970-0024.wav,2.82574725151062,0.9787465416778252,4.076136824550446,3.1683290626932923,3.472802465221151,4.557194341468174,11.459148406982422
2961-960-0021.wav,1.5607151985168457,0.8921737882583606,2.7008813938769403,2.404187916111261,2.100987063288005,4.17323697471251,9.312579154968262
908-157963-0012.wav,2.3534061908721924,0.8827281128997139,3.872927328815696,2.896919814647217,3.088061768866789,5.8205843542104185,10.807649612426758
5142-36377-0022.wav,1.5441808700561523,0.8985524084494348,3.0443255826537934,2.147074078594185,2.268712384989255,-0.011014074427603,9.473743438720703
6829-68769-0024.wav,2.2254385948181152,0.957992129699538,3.863982897439164,2.85264277008843,3.039887273632197,5.168081678039617,10.96238899230957
1284-1181-0018.wav,2.000163078308105,0.9374093208453522,3.57822327109976,2.786223279441235,2.7658301689247518,6.621181036416667,10.860952377319336
6930-75918-0010.wav,1.397998332977295,0.8997664199065626,3.0011120279042234,2.4809871106399437,2.1839482401028607,5.93329287121212,11.32784652709961
3575-170457-0050.wav,2.177750587463379,0.9183218306475208,3.731440076932441,2.4884029443440325,2.923750460359716,0.8985554585494803,10.562702178955078
4992-41797-0004.wav,2.4046499729156494,0.9510017066675476,3.649498237513869,2.916390399649273,2.9850018225085355,6.523529035345055,13.978938102722168
2830-3980-0027.wav,1.5795350074768066,0.7951006909000317,2.425034625327476,2.256789227978259,1.9101924580512204,4.468477779063037,8.81820297241211
237-134500-0027.wav,2.869330406188965,0.9581138977572494,4.269665552947632,3.373454596846088,3.58067674417619,7.9419189793807,12.501367568969728
6829-68769-0035.wav,1.2206658124923706,0.8576556696685788,2.0663027480530247,1.4158007588738173,1.4468837657189524,-1.5932668532540817,-1.0120786428451538
908-157963-0029.wav,2.3782293796539307,0.9773068183618084,3.887688209455308,2.8336115882655823,3.109030308581953,4.579365231261979,12.444449424743652
1320-122612-0014.wav,2.4445877075195312,0.9426134222148592,3.9281611564458174,2.891506083533835,3.180023232615397,4.23058939642611,4.249685764312744
5105-28233-0010.wav,2.3653597831726074,0.9241940093110078,3.723922439181605,3.065649339246815,3.0351276765002573,7.739750410848827,9.92761516571045
7729-102255-0030.wav,1.099549651145935,0.6091598287894049,1.598812227297892,1.4348472299506905,1.235766807169698,-4.013566062253793,0.1266301274299621
1995-1837-0005.wav,1.6664373874664309,0.9399074453846804,3.179349183015883,2.2299550282633605,2.3414812961513665,2.8508820109192348,11.307035446166992
4077-13751-0005.wav,2.455605745315552,0.9229656027413964,4.111500521230112,3.1478971119827683,3.280863374109004,8.038156329043446,7.063307285308838
1089-134691-0002.wav,3.1519556045532227,0.9796807816616464,4.243548408395598,3.4633434785826727,3.704793691682868,7.471261021258013,15.454822540283203
1580-141083-0032.wav,2.806321620941162,0.8910302625495004,3.9472206867670425,2.416179737216237,3.2796262154964677,-1.9814776563852916,10.253637313842772
7021-79740-0006.wav,1.8312832117080688,0.9307528110754996,2.753313898104546,2.1813963391684874,2.2461298420901348,-0.6417474495776313,7.411482810974121
3575-170457-0032.wav,3.494067430496216,0.9861073613314786,4.505095594165265,3.9560798205259857,3.9995251156018288,13.056343634342088,19.19053840637207
2300-131720-0006.wav,2.950034141540528,0.980473981714559,4.300045684563486,3.4357229883754927,3.6206192985045496,9.019679257641398,11.30906867980957
260-123288-0023.wav,1.8276498317718504,0.9632446634515958,2.8520112529457924,2.0516259091703297,2.3039752119572325,-3.139785941470872,10.440916061401367
5105-28241-0001.wav,2.2711052894592285,0.8928550807642347,3.746985392418528,2.778870957453349,2.99794376367693,3.9497347011085817,5.912725448608398
7021-85628-0007.wav,2.5586729049682617,0.9794914700235072,4.0517433191703,2.9629891035468328,3.298326421789267,4.534742586501458,10.0499906539917
4970-29095-0032.wav,3.0458483695983887,0.98067011100405,4.159348563448799,3.300209048456594,3.5647449698306604,7.650735643466515,19.32457160949707
61-70970-0017.wav,1.5383329391479492,0.8088146301323741,2.868724959025843,2.051264332284591,2.1778592959159893,-1.4642407123598578,4.367799758911133
908-31957-0009.wav,1.569169998168945,0.8446222101783716,2.9254250518172498,2.235820628244244,2.2150259915132016,1.5228034177966203,7.386977195739746
908-157963-0008.wav,2.0117993354797363,0.911135777254564,3.468302089135572,2.7103390091675825,2.712759396299872,5.515770604926447,10.21316623687744
3575-170457-0048.wav,3.027801036834717,0.98331729596372,4.434850087660477,3.751930801164384,3.7367616411021896,13.017114970046508,16.942176818847656
1580-141084-0022.wav,2.6405293941497803,0.9056765016509808,4.131355844898735,2.5758690833163667,3.3430835893307784,-0.6365762893872164,9.929903030395508
2094-142345-0017.wav,2.914942741394043,0.9535788573777906,4.416460149540012,3.3442429365818,3.6805073009763856,6.966625451795591,15.289568901062012
7729-102255-0012.wav,2.429750680923462,0.9596150943938933,3.623258675771247,2.9296325256365177,3.012801640669285,5.301651460828186,11.069220542907717
4077-13751-0017.wav,2.516657829284668,0.9471523421279326,3.938897129728351,3.1116463690055247,3.2088288118226806,7.747711270461664,7.866885662078857
5683-32866-0016.wav,1.352447748184204,0.6716631407786113,2.317822764653987,1.6894971466912407,1.692970607114639,-0.6452393570329437,7.294509887695312
672-122797-0056.wav,2.55057430267334,0.9003798430885221,3.84013922751184,2.7948599997168966,3.176748665393936,2.4650073274047504,6.32652473449707
237-134500-0023.wav,3.673361301422119,0.9890368291975415,4.555421573277595,3.812641057436255,4.10946784445912,9.667459610560313,18.983003616333008
2830-3980-0057.wav,2.4466185569763184,0.9082820881958712,3.9126270484274,2.9701272502274385,3.135788745014923,7.116703389949397,11.834264755249023
5142-36377-0010.wav,2.050551652908325,0.9487225089788576,3.5180131112524498,2.3592981531483286,2.762460936688139,-0.5881735198195033,11.270731925964355
5105-28240-0014.wav,1.487656831741333,0.8577003996094537,3.042188027300347,2.17529655231786,2.211830879478093,2.0675496734153014,4.785345077514648
4970-29095-0026.wav,2.968297004699707,0.934378576433342,4.348147985778485,3.37514606070181,3.651254989164244,8.030634628294594,12.951083183288574
1995-1837-0024.wav,2.886427164077759,0.9678217594171452,4.339379960791049,3.750318307978436,3.6241524197024018,13.787353684215852,17.565305709838867
1089-134686-0000.wav,1.9530258178710935,0.9260443813480616,3.256271259206724,2.2177677069402715,2.585457326680775,-2.203932721246213,7.014851093292236
1089-134686-0009.wav,2.867942571640014,0.9787383375043508,4.3142840666221804,3.144890110243846,3.596726499955058,4.564576006015705,11.997981071472168
672-122797-0024.wav,1.7115575075149536,0.8344429235917956,3.2026907373783566,2.631978624471975,2.42520742225786,6.716523334282549,8.657304763793945
2094-142345-0057.wav,2.632796049118042,0.9024178136164356,4.1878735174502895,3.2271575169754865,3.4023501717999984,8.215733947056703,10.516892433166504
3570-5694-0014.wav,1.883932113647461,0.909467107319012,3.133517973043897,2.2957692644717778,2.484106564120552,-0.2044321269503944,7.018432140350342
7127-75946-0011.wav,1.300613284111023,0.7922864607804402,2.4676119475815166,2.090483581885485,1.828623561471348,2.2666877922025312,5.190410137176514
4970-29093-0018.wav,2.4691948890686035,0.9131905629712012,3.677864572753141,2.836721653927774,3.0423157372358065,4.301900742141873,13.85468864440918
6930-75918-0012.wav,3.3310229778289795,0.934263770307747,4.6078951444768,3.622215086841698,3.9735629909975567,8.764000009064954,13.897567749023438
8224-274381-0003.wav,1.5952476263046265,0.8537402610934729,2.9964791685441883,1.976159707919419,2.258810654149244,-2.587902871043936,4.798949241638184
1284-1180-0021.wav,1.7826085090637207,0.8708613624930397,3.213387560922278,2.4349302630844405,2.47128928473451,2.8346263319680856,6.712276935577393
1188-133604-0027.wav,2.543534517288208,0.919495151634163,3.6632518674830794,3.079650522248496,3.08842821863584,6.895786633795387,13.567291259765623
6930-81414-0022.wav,2.6693809032440186,0.9333601933783294,3.9761764754987614,3.3460712233461005,3.3157602357505542,9.813768607166308,13.5823392868042
260-123286-0031.wav,2.26469349861145,0.962780756426006,2.552408748945325,2.0761699567592427,2.31151030914799,-3.242727813287683,10.983332633972168
2094-142345-0002.wav,2.438875436782837,0.9433612968329408,3.783645736060572,2.884151335565835,3.0824113861700555,5.162649334989628,8.636405944824219
5142-36586-0000.wav,2.997037172317505,0.9880966041926572,4.263919523045883,3.414676351437566,3.631663400342972,8.096148071610443,17.801681518554688
8455-210777-0051.wav,2.0298967361450195,0.9504643835076326,3.4615139456268467,2.949970923849255,2.741850169710407,8.154251691658386,9.844036102294922
5142-36377-0009.wav,2.379786968231201,0.9479220060651514,3.782469995314392,2.6091743165756154,3.076959092195655,0.14608684467113,10.53685188293457
1995-1836-0005.wav,2.9600093364715576,0.9506183325283216,4.322090419291872,3.2888007338176046,3.645435828378328,6.223708311707595,10.086821556091309
7176-92135-0016.wav,2.855534076690674,0.9798974178012992,4.393044572272264,3.5100418309719164,3.634783877148213,10.228568061997194,14.333684921264648
121-127105-0029.wav,2.968361616134644,0.9687393041935534,4.204145743494892,3.3686214837949784,3.5943208172754386,7.279595638840543,13.79586124420166
260-123288-0024.wav,1.6532042026519775,0.90425001947836,3.255327971650831,2.1220781072235333,2.415261681441037,-0.6405131971688264,3.4732186794281006
121-127105-0034.wav,1.7823108434677124,0.8999131595731708,2.6991374708401703,2.2891907640568587,2.2229795585118737,0.1835890776267351,7.6978631019592285
1089-134691-0005.wav,3.2149670124053955,0.9747896302556496,4.606565926104788,3.637085207257953,3.934344800598424,8.997315483796172,15.772608757019045
6829-68769-0052.wav,2.930142402648926,0.9854076349973528,4.361441027623052,3.4967185832166274,3.649302513175961,9.778413752075164,15.31743049621582
1284-1181-0002.wav,2.484992742538452,0.9507182579046928,3.915764458166004,2.651035997170763,3.179381027062633,0.7625103387128016,8.118821144104004
121-123859-0003.wav,1.8031864166259768,0.9230870609916068,2.48334535247874,2.11369799648,2.0559625206938392,0.3319618303875316,5.193348407745361
121-121726-0009.wav,2.536170721054077,0.952844116774255,3.352505951213553,2.8366065919558063,2.943783841364079,2.4905577098807985,11.949655532836914
5683-32866-0009.wav,2.048006772994995,0.9392889853207478,3.597181070494848,2.885886625807122,2.7883910619360703,8.32616514891811,8.289948463439941
4992-23283-0001.wav,2.2686636447906494,0.9291163109131384,3.513849893729971,2.4320304709723803,2.8587658303968,-0.5703270761183086,8.430940628051758
4446-2271-0005.wav,2.45110297203064,0.9694805984144618,3.725824185864299,2.72199318339531,3.04339272505843,3.219511920195515,12.384645462036133
8555-292519-0004.wav,1.7606003284454346,0.9247767749098876,2.6909476939758754,2.025834182274082,2.1370062803201164,-0.7066080674042974,2.239091634750366
908-31957-0016.wav,2.200480937957764,0.9426628544154771,3.6181023102322847,2.6755383537054223,2.853625755207378,4.807191672423867,10.288663864135742
4970-29093-0011.wav,2.7531492710113525,0.986955286490573,3.5843052933716715,2.66113508949458,3.1480225190968865,-1.0305311600513094,17.95964813232422
4970-29095-0034.wav,1.86838173866272,0.89794651107883,2.9691893801141807,2.3268668563180297,2.3547579491063937,2.1576847938350268,10.803110122680664
4992-23283-0000.wav,1.731417179107666,0.9151162976700498,2.945353583508447,2.669042082119497,2.315384641823504,6.793212412976224,12.257222175598145
121-121726-0011.wav,3.3446593284606934,0.9921191479392863,3.3293318844435333,3.3428955640074647,3.329428179269013,4.8809678720939935,18.23513984680176
8230-279154-0033.wav,2.11281418800354,0.8761832003668347,3.5074006816839045,2.2822316175335757,2.7794441494585613,-1.8795369173711451,3.7226173877716064
2300-131720-0012.wav,1.6998862028121948,0.8955244662150016,3.225820067468409,2.294171774160311,2.417225005489007,2.0421476348563283,2.049583911895752
5142-33396-0019.wav,1.4513487815856934,0.9180025850331842,2.4213143686325496,2.532829525141989,1.90019876557678,7.32948764512336,11.170035362243652
1995-1826-0007.wav,3.01578688621521,0.9725523225714434,4.312707648955434,3.473579317050129,3.641565012280837,9.939306992862186,16.38179588317871
5683-32866-0015.wav,1.1272555589675903,0.711541516648141,1.4808026311900533,1.311857795536404,1.076479390744547,-1.1285902293953811,2.133441925048828
6829-68771-0000.wav,1.5094373226165771,0.904539199664218,2.880808931301844,2.161320569870516,2.096475136418777,3.7096678961425074,3.515498638153076
3570-5696-0008.wav,2.219496726989746,0.975836714425377,3.798964408958664,3.164481803842206,3.014430207670755,9.727041168311963,14.617475509643556
1221-135766-0013.wav,2.79428505897522,0.975433251208232,4.344912501067079,3.456381698133346,3.5814481113147085,9.77359813524502,11.422928810119627
4446-2275-0010.wav,1.610733151435852,0.8563298594321266,2.8611281690753527,2.0797703424500416,2.142804177687747,1.427650799507944,0.1752855777740478
3570-5694-0006.wav,2.0148184299468994,0.9632279898202184,3.618512810948659,2.5795822236898878,2.7834585524400457,3.662583294877944,4.854338645935059
5142-33396-0033.wav,2.801785945892334,0.9557841612841976,4.135649641683601,3.3872358235190654,3.4625571028098747,9.436679304256382,17.073366165161133
1284-1180-0026.wav,2.9543964862823486,0.951958830328801,4.41516919663398,3.447038912663598,3.691865603254557,8.648001469192614,9.778769493103027
5683-32865-0006.wav,1.9627985954284668,0.851669296514323,3.2727942849244247,2.0241069147247424,2.5186080497081886,-1.827090676941158,6.845071315765381
5683-32866-0020.wav,2.3940083980560303,0.8754685740077588,3.386724585929086,2.6824138934508026,2.820663599125794,4.133536874192591,11.204318046569824
61-70968-0025.wav,2.7456066608428955,0.9649558698268286,4.282189941716541,3.306477785362287,3.507850132797917,8.54812159797599,14.132036209106444
5142-33396-0022.wav,3.6287126541137695,0.9921373409857204,4.685596973854876,3.969797676041335,4.16106363121493,12.087922434061555,20.57886505126953
908-157963-0014.wav,1.0928128957748413,0.407774981553952,1.0,1.0,1.0,-5.067521537042966,-5.32487678527832
2830-3980-0046.wav,2.140197992324829,0.9492394038569768,3.690235894003531,2.537809342951074,2.8608494375123343,3.000288522880339,8.476893424987793
2300-131720-0021.wav,2.0857622623443604,0.9126379322534074,3.445707117229838,2.576160190112791,2.7361246347903214,2.945528904098943,3.622193098068237
1995-1826-0001.wav,3.4827046394348145,0.983857196005087,4.711635736194153,3.85942718512724,4.089112536575692,11.93632129010964,15.810388565063477
4446-2275-0041.wav,1.433151125907898,0.7731956107264002,2.9282449587887305,1.970996355590352,2.131694518388666,-0.9416005463012852,5.12952995300293
2830-3980-0054.wav,2.1817758083343506,0.9159713879097574,3.6777793613852494,2.6223053280720823,2.893152512319891,3.254744489373509,9.27338695526123
1284-1180-0001.wav,2.016009330749512,0.8429289177693122,3.2810089824379967,2.4769590661113896,2.57722491711582,3.7386421021289022,7.2078328132629395
8224-274381-0007.wav,2.6240451335906982,0.9342100595910896,4.172940805079839,3.261361288218032,3.3949807096904125,8.627683194263444,12.357431411743164
3729-6852-0019.wav,1.1826844215393066,0.6437524874247146,1.0457474197152878,1.0,1.0,-5.124968073358875,1.475863337516785
5639-40744-0010.wav,1.5761281251907349,0.8825831802343396,2.63624043934458,2.203743499359355,2.0762394171967484,0.8908157851063672,6.479240417480469
908-157963-0009.wav,2.7652957439422607,0.970716042533902,4.270512560087061,3.10454968797675,3.5082273597813693,5.358957597955331,11.360206604003906
237-134493-0017.wav,3.124520063400269,0.9353356378683458,4.003967992774691,3.142366623786625,3.5201285306480927,4.858134728529834,11.83731460571289
1089-134691-0021.wav,3.12209701538086,0.976399830082718,4.482601674087356,2.942748971654955,3.822700580781141,-1.184125175925658,8.810349464416504
7021-79730-0009.wav,1.375331163406372,0.936340685082206,3.0525948974735195,2.102160264554856,2.182873119521624,0.7638471061855324,0.8882670998573303
6829-68769-0044.wav,3.2086095809936523,0.9746442251310018,4.482757112880274,3.528319685140337,3.849647098503984,8.195177080534975,17.368345260620117
237-126133-0024.wav,3.179138422012329,0.9662448099568226,4.429749425939313,3.638003355743936,3.816152633735221,9.817785693750134,16.507152557373047
7021-79730-0002.wav,1.2873066663742063,0.8431906441342933,2.239907059098451,1.562973678643744,1.6792950772545208,-4.714157264311288,-1.8786929845809937
7729-102255-0014.wav,1.7435951232910156,0.8702001605626714,3.1419063171819896,2.351852394108723,2.4166068169934296,1.786166943353556,8.714929580688477
2830-3980-0024.wav,1.910354495048523,0.8803400707771363,3.2959375561354416,2.5777215968286677,2.5488198897917598,5.367813446556628,10.404658317565918
2830-3980-0031.wav,2.306893110275269,0.9068771932754948,3.6563751944501433,2.915738809542901,2.9463384661671768,6.934205633015738,11.967220306396484
2830-3980-0041.wav,1.2101160287857056,0.7197379708725348,2.4628411635117584,1.7344318420720028,1.746838358564639,-1.2129131271676223,2.1417787075042725
5639-40744-0007.wav,2.0882022380828857,0.9615740362156232,3.122809027423594,2.2931821717484207,2.526787226854724,0.6340685316354131,11.919503211975098
1089-134686-0013.wav,2.2361860275268555,0.9573551908827476,3.756197226190126,2.7967788696423903,2.9921462632228524,4.179415114714102,10.689468383789062
6829-68771-0004.wav,2.586815595626831,0.9632658064170254,4.149844502595606,3.447506892129633,3.378740759219838,11.245741900134622,13.414649963378906
6930-76324-0001.wav,1.3509515523910522,0.8962972774271359,2.9222820607988984,2.038118538694277,2.109045255617789,-0.2141124947052248,9.729331970214844
5142-33396-0045.wav,2.0369086265563965,0.9133600631740628,3.452746399614166,2.4410337393280246,2.702135363475483,1.7362765938592075,13.383864402770996
8224-274381-0010.wav,1.8513514995574951,0.8995005609386095,3.2193826019335696,2.6521617761185525,2.513661859662612,5.555115606793563,8.563618659973145
8555-284449-0004.wav,2.187448740005493,0.9487939140986508,3.948891991786834,3.1116734565820563,3.0648910517575003,9.482486756666145,10.790480613708496
121-121726-0014.wav,2.141366958618164,0.9445470386729397,2.602660087424993,2.156657808096108,2.353560394799036,-4.524286261932606,9.78842544555664
8463-287645-0007.wav,1.6452579498291016,0.8454396210520895,3.136437249904761,2.3400917788844096,2.351555454290553,2.9039776458426685,7.869681358337402
5142-36377-0020.wav,3.786489963531494,0.9888942212637456,4.931368334561796,4.184618891316658,4.392050354660054,13.021813976696276,18.55463218688965
4077-13754-0010.wav,3.3848822116851807,0.9747745334337709,4.806295823014708,3.7011252114858153,4.106463643343749,9.300129150745608,12.05396556854248
3729-6852-0017.wav,1.5731072425842283,0.8431720967539067,2.6469342386507293,1.7935793224609091,1.94778635645806,0.2299436722182685,3.2910776138305664
7729-102255-0028.wav,2.088053703308105,0.9219862701277028,3.410245122525045,2.6236528180445733,2.731619411358475,3.154055386582738,9.258790969848633
5142-36586-0003.wav,2.7201695442199707,0.9785185015029108,4.070084168721817,3.323058317906953,3.393108518450717,8.84389313906042,13.45291233062744
1284-1180-0013.wav,3.107046127319336,0.9561807278234276,4.530304671354376,3.570426699967657,3.812321166731155,10.06142885273498,16.121429443359375
672-122797-0012.wav,1.8014180660247805,0.8472788599235771,3.1953246820687053,2.1901996449876733,2.4510000060657524,-0.2762761636154212,4.367132663726807
260-123440-0004.wav,2.4408137798309326,0.9776845430679392,3.965333326346901,2.905052040155112,3.200900000155051,4.285370617133605,13.228029251098633
1320-122617-0038.wav,2.530543804168701,0.8901812414222966,3.594899430021507,2.601868737866384,2.993289130897068,1.8147770790098992,-0.5457859635353088
6930-81414-0013.wav,2.955503463745117,0.9781138950566148,4.481648584256406,3.791699902425426,3.742879726301551,13.344798897799484,15.432699203491213
3570-5694-0022.wav,1.7402409315109253,0.8880233189803585,2.851133923266491,2.193786608450004,2.250763787338384,0.160445099741536,8.808286666870117
1284-1180-0030.wav,1.902869462966919,0.8925616070569374,3.3128936881127937,2.6330946409265,2.597996685011103,4.342048690621144,8.8606595993042
4992-23283-0003.wav,2.642634868621826,0.9074815185247278,3.8857443314371625,2.98654062003365,3.237880636609686,5.163615500623136,12.562444686889648
8555-284447-0003.wav,3.276684284210205,0.9515682450513352,4.384005628710077,3.488689443988438,3.815798741892708,7.890616871614051,16.28723907470703
2961-961-0021.wav,1.3126707077026367,0.8564059706716416,2.245253610784656,1.47045927028595,1.6587240255644682,-4.787226258845939,4.842364311218262
4446-2273-0001.wav,2.692457675933838,0.965683962318984,4.135612506686295,3.126975079132912,3.4258311688358853,5.319992067307396,15.706178665161133
5142-36377-0015.wav,2.392921209335327,0.9607551359030274,3.902556173777748,3.1061392894900037,3.137491459756745,8.192569212938066,13.276895523071287
4992-23283-0010.wav,2.355182647705078,0.9798634129348296,3.8859553128677184,3.1390598421437512,3.119916675502208,8.572229334424549,14.691364288330078
4077-13751-0001.wav,1.6198930740356443,0.7895355738080885,2.848154284038624,1.9543917722811155,2.141496585407202,-0.6550003207792615,2.794764995574951
237-134500-0001.wav,2.145313262939453,0.9223926598904136,3.3361549941206845,2.6115984659747613,2.7124626293192216,3.021988129570941,14.01972198486328
7729-102255-0031.wav,2.952412366867065,0.9781533734480236,4.399411349896449,3.388240900173359,3.6726325615928337,8.187549387332128,13.010602951049805
121-127105-0026.wav,2.075227975845337,0.994946403554753,4.03681261236621,3.299861076803403,3.075423763096303,12.287701813814644,18.934297561645508
4507-16021-0026.wav,2.549346685409546,0.943123057766366,3.8234035987975385,2.581688396334098,3.143075344424907,0.1800619729558636,5.771134376525879
7127-75946-0009.wav,2.2970101833343506,0.8556026221105458,3.651860294680706,2.72335058154158,2.946851487510096,3.613949534552528,8.558337211608887
7021-79759-0001.wav,1.4550902843475342,0.981475548189738,3.164944622645069,2.2099072147645717,2.292269215661728,1.286559028484599,7.677369117736816
8463-294828-0030.wav,3.019291877746582,0.974379240058444,4.460474612875787,3.464964140590485,3.744394697799267,8.562784011888178,15.743733406066896
237-134500-0004.wav,1.3125293254852295,0.8479380546100428,2.5028016548610914,1.7041254518161109,1.825224787310982,-2.7700866326500515,5.648100852966309
4992-23283-0013.wav,1.379631280899048,0.8609226905850098,2.37667436044077,1.888545092480912,1.782778885939165,0.2460928030376429,6.480128765106201
672-122797-0044.wav,2.146043300628662,0.7862960060795782,3.5636113262747102,2.650279619860245,2.832273015582368,3.3543529920654107,6.864800453186035
908-31957-0012.wav,2.770376443862915,0.9636232625140796,4.138192311513989,3.317540716493236,3.4398476496667203,8.926212642253766,14.539812088012695
3729-6852-0027.wav,2.0952348709106445,0.82932987158489,3.225880194128878,2.140761593527052,2.539355457028785,0.0236326270241833,12.582046508789062
3570-5694-0016.wav,2.3150084018707275,0.966944328117112,3.877585807800601,2.877860953582099,3.083671908442964,5.250651657566675,6.115575313568115
1580-141084-0018.wav,3.0757529735565186,0.9645492966881288,4.274251116708789,3.2352050634602487,3.6404976859240343,6.23871335095382,15.794122695922852
4446-2271-0015.wav,1.8744109869003296,0.9104858779505632,3.121577382109308,2.627858078925858,2.472790836443153,5.1640227212120005,13.546915054321287
908-157963-0028.wav,1.870063066482544,0.8886542246515466,3.384373975176286,2.113350626018714,2.5666818978579826,-1.4421031754154188,3.2123260498046875
2830-3980-0032.wav,1.4498491287231443,0.7643647442264846,2.753370382660034,2.0581983191601867,2.025169009624688,1.5470957401295284,4.488326072692871
4992-23283-0011.wav,2.3590543270111084,0.9598546274651156,3.661777709823066,2.940229831374805,2.98686637717809,6.420501272099935,11.43329620361328
2961-961-0006.wav,2.1965367794036865,0.9604795695189492,3.5680606831457617,2.88643344266039,2.8624178070031743,6.612500092230619,12.866460800170898
4446-2273-0004.wav,1.4595789909362793,0.8828628092215935,3.180613427497877,2.0640207771231864,2.308151224726626,-1.3195372526912656,11.375301361083984
2094-142345-0006.wav,1.4666409492492676,0.8377664415779608,3.031957533193921,2.141761422495473,2.198321901420357,1.5980474877994446,2.5651535987854004
4446-2273-0020.wav,2.838440179824829,0.9728079422946572,4.406422391828175,3.4854122493877764,3.641739751853239,9.57381452248379,16.88370132446289
4446-2271-0008.wav,2.6732852458953857,0.9626297515491986,4.052218010031895,3.35513598051506,3.353290875190711,10.028350031331934,15.361318588256836
4507-16021-0017.wav,2.332305908203125,0.8927954953808411,3.620694499801504,2.4563948499303128,2.9186433522649304,0.4536200231693846,8.6906156539917
4992-23283-0015.wav,1.4966421127319336,0.8721854301436285,2.631200384667076,2.17812094351481,2.0126585613398835,2.009588326540214,8.656841278076172
6829-68771-0033.wav,2.202735424041748,0.9514823648438162,3.6509242808992894,2.854869809024385,2.904173436651294,6.179230646743127,13.964781761169434
8455-210777-0013.wav,2.395200490951538,0.9743375729778772,3.563002964340052,3.057725230900591,2.9530159590733462,8.141475533016083,14.572711944580078
4507-16021-0058.wav,1.8712818622589111,0.917478854727283,2.9992683864873406,1.790054723906907,2.284610965950934,-2.5706048667135626,9.90773582458496
2830-3980-0048.wav,1.7126920223236084,0.8688502675401146,3.0970916829209374,2.200482841959998,2.295297591930537,3.292730364140974,4.504828453063965
5142-33396-0023.wav,2.5811171531677246,0.9824507980658902,3.883937696778108,3.244197072108401,3.226909538377223,8.795260081135408,16.25992774963379
1580-141083-0050.wav,2.9272072315216064,0.9738296327171044,3.928582345487549,3.170158263105449,3.3912253081993837,6.433185665474641,13.53533935546875
672-122797-0067.wav,1.4323647022247314,0.7504689005892898,2.8111347124945936,1.926923332838401,2.06539225018146,-1.2988340590227023,1.5046578645706177
1284-1181-0006.wav,2.671686887741089,0.9508710354667832,4.178828888874448,3.1332958280366023,3.422794822655296,6.196990768803277,11.90259838104248
8455-210777-0054.wav,2.685780763626098,0.95049987869555,3.9661239921019513,3.0587556811317853,3.297934968597375,6.058632180707645,13.367420196533203
4970-29093-0019.wav,2.567503929138184,0.8831278662792049,3.933042195716662,2.937366693912882,3.2254704113843253,4.865253216000205,15.100753784179688
2094-142345-0060.wav,1.238260269165039,0.6034762718152087,1.0,1.0,1.0,-3.93652434213755,-3.056722640991211
1188-133604-0007.wav,1.7712565660476685,0.8129549975848364,3.2315881512163025,2.4871398171944934,2.489213726562938,3.106186507919054,7.156021118164063
61-70968-0038.wav,1.3930338621139526,0.7952552706276936,3.332690895587516,2.2934785398643123,2.313890237455137,4.428094270750271,11.020257949829102
2830-3979-0009.wav,3.335612773895264,0.9737883682181055,4.783914137478677,3.83981553706464,4.0717440263050815,11.818275987888828,15.365296363830566
7021-79759-0005.wav,1.542158126831055,0.8900455573198158,3.001240548432881,1.775521590266694,2.177867931196069,-2.8803359532089963,-1.1275384426116943
1580-141083-0048.wav,2.905025005340576,0.9373576209880056,4.227386391865985,3.075709070302893,3.55400135385498,3.9875463387580425,15.026307106018066
8230-279154-0000.wav,2.215162515640259,0.942465323162946,3.712880468479217,2.6386062009995817,2.941251527889738,2.6532761802828806,4.099250316619873
5142-33396-0067.wav,2.925222396850586,0.9829728687391068,4.214667935835819,3.470304481774579,3.565944157208331,9.74207007020535,20.543434143066406
4446-2275-0040.wav,1.1729565858840942,0.7774260001367785,2.6596305515818206,1.7807575398318776,1.8427343532839775,-0.933353654619526,5.353091239929199
1580-141083-0047.wav,2.513691663742065,0.9615364854764492,3.903114399648839,2.805826914426845,3.1716864606048687,3.70195847238214,11.760225296020508
5683-32879-0024.wav,2.287593126296997,0.9038612150022874,3.493539299212791,2.729347640494177,2.8226127207577574,5.574132155165584,11.26817226409912
1995-1837-0029.wav,2.589072704315185,0.962435228158906,3.985725365108848,3.6684776069533114,3.2907065177295545,15.067111538942036,19.565990447998047
2830-3980-0035.wav,1.689773678779602,0.7389827171761835,2.854057919315578,2.042717407343449,2.218165677613664,-1.477034649441919,7.699899196624756
1188-133604-0018.wav,2.1196322441101074,0.9097101240274954,3.3247188766230207,2.731035955860368,2.7142633032593046,4.211267633665702,10.743806838989258
7729-102255-0040.wav,2.3171615600585938,0.9403973979478688,3.5596152739390456,2.9513576887736845,2.927415817217077,6.362625619853581,10.658414840698242
4446-2275-0006.wav,3.116291284561157,0.9627221269949912,4.644733199109347,3.6546969140176175,3.8993547330233898,10.208534420836228,15.599923133850098
1995-1826-0012.wav,1.1574898958206177,0.5680488957786863,2.0656159514799066,1.6263156006935564,1.4980594389943394,-1.447793105820876,3.241588830947876
8463-294825-0003.wav,1.6421787738800049,0.9398911562676447,3.3487177071405774,2.5122071527175582,2.498072736160355,3.789124542566394,10.268277168273926
8455-210777-0030.wav,1.931483268737793,0.9673219422683924,3.355981906533335,2.7106716185566264,2.6417064879189684,5.011723630997178,7.436478137969971
3729-6852-0040.wav,2.157198667526245,0.9398314508043728,3.1278637395584274,2.5515316692620176,2.495379490918028,7.241018742307053,15.34292984008789
8555-284447-0001.wav,1.0490727424621582,0.4135181208888129,1.0,1.0899026265612997,1.0,-2.9734156974044432,-3.2662339210510254
1320-122617-0014.wav,1.7364778518676758,0.878126230001344,3.1191407465281515,2.311704840189968,2.394638002743513,1.5134055770922752,2.788970708847046
1995-1837-0008.wav,2.8045334815979004,0.9824937117899268,4.35037272548595,3.561597898012722,3.5877033692658835,11.438049445703726,19.906986236572266
237-126133-0003.wav,3.6292507648468018,0.9799579070103464,4.737819952429037,4.030997967132103,4.208605218186039,12.117464177721416,17.2071475982666
237-126133-0022.wav,1.4685019254684448,0.8949910654713205,2.8613198158827373,1.9481994278019563,2.125742225131836,-1.990092465914232,9.977033615112305
3729-6852-0004.wav,1.9463378190994265,0.9207566866652824,3.39585002975494,2.4115590717247866,2.595216887963755,3.403986264712455,9.034683227539062
8463-294825-0004.wav,3.399494171142578,0.96973356061535,4.755334630964389,3.659112767962336,4.0903600611718245,8.43980323701615,16.34973907470703
4970-29093-0007.wav,4.124695301055908,0.990090242378577,5.0,4.090786894961087,4.6335529612397695,10.397775396532367,21.268543243408203
7127-75947-0024.wav,1.3013190031051636,0.7860534822038774,2.5675113044064477,1.790996214828879,1.874114837277293,-2.290993815243444,2.047909736633301
1284-1180-0002.wav,2.0342087745666504,0.8840339022132503,3.3740334066330275,2.50217715450625,2.670862772340198,2.319480686891419,6.734976291656494
2300-131720-0039.wav,2.107926845550537,0.9255797375815747,3.583487738024232,2.475354838068575,2.7930345087192694,2.183497416278227,3.2146027088165283
6829-68769-0021.wav,2.923088312149048,0.979267271120992,4.528466755974296,3.642950837767864,3.744842371987712,11.44836322739936,10.476006507873535
4507-16021-0004.wav,1.6833949089050293,0.9421458270424108,3.1779774511316297,1.8606185038831888,2.346353772128327,-3.007736982683161,9.27287769317627
908-31957-0017.wav,1.7832872867584229,0.9113587154715872,3.2933653459198204,2.178635210490491,2.44540783945818,1.6700283604671848,5.97377347946167
1320-122617-0019.wav,2.0754761695861816,0.9249258392405728,3.5398364608213204,2.500321110748078,2.755617820288003,2.795628234648669,1.4339466094970703
672-122797-0037.wav,2.7475268840789795,0.9104481077724192,4.142302434923788,3.350432622971365,3.4077029127413447,10.619681056898171,17.085166931152344
8224-274381-0000.wav,1.2946116924285889,0.7559024394077767,2.595005724167047,1.5496629656992962,1.7928419173806398,-2.0364590063665444,-0.736286997795105
8230-279154-0023.wav,1.313467025756836,0.742114996312583,2.435736972299817,1.7490498602956948,1.7873413358011483,-1.8443683793586751,0.3304183483123779
8463-294828-0036.wav,3.259041547775269,0.9553586330748756,4.6351896918725854,3.627481012760207,3.955993324770374,9.16473484645611,16.366971969604492
7729-102255-0038.wav,3.0623116493225098,0.9722421566796134,4.3727889240004405,3.422719501971858,3.699576086503476,8.57532448703932,14.400042533874512
7176-92135-0014.wav,1.1445560455322266,0.694136673538193,2.308801077033966,1.691720123367072,1.633708667397228,-1.2446044568791663,-5.533753395080566
6829-68769-0036.wav,2.0800178050994877,0.939842020133116,3.4255515602551783,2.621379547567546,2.7355968644434854,3.1604698872192576,9.455085754394531
6930-76324-0028.wav,2.242438077926636,0.9087519814853454,3.64930385534321,2.8425285085276983,2.9281119058926888,5.4751865518371385,8.161849975585938
121-127105-0027.wav,1.8396987915039065,0.94841162963996,3.3272954666762864,2.7431950917549024,2.5707926656929967,6.677837185048418,10.88239574432373
7021-85628-0017.wav,2.425175189971924,0.959741504000406,3.6178064007810975,2.328316398905395,2.9731369856114624,-2.6820691940583496,7.802214622497559
7176-92135-0022.wav,1.1602710485458374,0.7500993870710312,2.3326880442523072,1.989051234862864,1.7004071860044976,1.2903207499112672,2.883098602294922
7021-79730-0003.wav,1.4837476015090942,0.9437797934922874,3.072134840317899,2.18777194061792,2.253175347126331,1.0431679858810936,4.256654262542725
1089-134691-0004.wav,3.393448829650879,0.9730657195685948,4.649475797351844,3.772363011607885,4.029551138417978,10.507290763690689,16.915924072265625
4507-16021-0023.wav,1.8489807844161987,0.8407944646682942,2.9931789007641068,2.1042951799028247,2.3536873619662586,-1.0865569072774517,8.435029029846191
2961-960-0009.wav,1.5973119735717771,0.8829438458985045,2.786387191425753,2.287167335736151,2.1512293031990035,2.5131862565631526,7.856075286865234
2961-961-0022.wav,1.701981782913208,0.9294699660753886,2.928898507063127,2.2871538012217694,2.248920813498837,2.86754066840068,7.389382362365723
260-123286-0011.wav,2.2238218784332275,0.9608301646285694,3.5227744831643637,2.823275261941683,2.8381802171146733,6.085115388635488,13.981233596801758
61-70968-0012.wav,1.9513522386550903,0.9555326231928531,3.733324527252128,2.375777125611322,2.81628681573507,0.5676807056945358,7.676265716552734
1221-135767-0010.wav,1.1573326587677002,0.6672953666744111,2.354321088413182,1.4868500693022626,1.6047698733194888,-2.036262847617354,1.3782726526260376
5142-33396-0024.wav,1.6361852884292605,0.9602615883326584,3.05004031300975,2.6390195260817872,2.3237479668739303,6.846983905213335,14.628153800964355
260-123288-0011.wav,2.447540283203125,0.9450651557686895,3.814168227524662,3.202286448073868,3.126157826579998,9.081149376154436,14.927862167358398
4992-23283-0020.wav,2.7643849849700928,0.9654664103139788,4.0222917289613305,2.765338940678012,3.3910083439510394,-0.3157509829156135,13.986122131347656
3570-5696-0006.wav,1.0661684274673462,0.5902903359493873,1.2645583557823168,1.5260888390936804,1.0,0.9620240877784764,0.5618443489074707
8463-287645-0000.wav,2.7906198501586914,0.9183851083378336,4.3462330614274105,3.4057419213294864,3.5671074556050764,9.576842737834689,14.655818939208984
8455-210777-0027.wav,2.590164422988892,0.9905091147788432,4.11329516615868,3.4085183884329187,3.368283418809234,10.335461941752536,3.7978286743164062
7729-102255-0033.wav,1.7650713920593262,0.8604974280244169,2.902438776765969,2.0324747128383187,2.2897125193844308,-2.627336820563412,6.185600280761719
3575-170457-0017.wav,2.681487798690796,0.9612372468017616,4.094772187366719,3.0764559983324213,3.368402964581199,5.992184947071667,1.6371595859527588
672-122797-0031.wav,2.125866651535034,0.8328544202681668,3.57057457098028,2.525464619646092,2.7904814666110407,3.0713020014515484,15.658668518066406
2094-142345-0028.wav,2.6329333782196045,0.9381106402107452,4.052131640121583,3.3549904291360244,3.3346396496454638,10.254303647388207,12.692516326904297
237-134493-0018.wav,1.3810648918151855,0.7528359516023614,2.481840262640885,1.7779276506824202,1.8392192702715988,-1.6699337541585633,5.712764263153076
1089-134686-0006.wav,2.2174839973449707,0.941347971234218,3.348490469756068,2.662082033454501,2.7807122368512665,2.144818484073711,11.070585250854492
5683-32866-0013.wav,2.3891186714172363,0.8970904954530939,3.4528185823539825,2.94014096163093,2.8838104093379435,6.819509258159159,11.621854782104492
5683-32879-0009.wav,3.028355121612549,0.9071342172201174,4.351080040500698,3.620176603180032,3.679760284057476,11.608880830920803,16.802814483642578
5683-32879-0021.wav,2.68897008895874,0.9453797840810478,3.941282438636589,2.6376644788663706,3.257805079504056,0.6449008758912358,10.965672492980955
7127-75946-0007.wav,2.4249424934387207,0.8853157796010281,3.98702804254274,2.7980404455842613,3.183011103657625,3.6178558971437154,9.261969566345217
6829-68771-0029.wav,2.4356179237365723,0.9698879327398426,4.073193551755446,3.245568887303725,3.257835201393003,9.470276317537747,13.41319179534912
3570-5696-0010.wav,2.462465524673462,0.9661951484987914,3.860275798532126,3.3647609531450096,3.161671413040135,11.325025705309416,15.933406829833984
3570-5696-0003.wav,2.095997810363769,0.9540231551803622,3.6563695089615655,2.5215454343378707,2.868444736199041,1.017034756382337,6.749832630157471
908-31957-0005.wav,2.294908285140991,0.9391196753275995,3.695812399211006,2.521529989028655,2.929194306653801,2.121131464289199,6.244200706481934
7127-75947-0014.wav,2.3345766067504883,0.9148214151138176,3.847511820036159,2.900379133932634,3.0826876618229155,5.279040468997453,10.056557655334473
8555-284449-0013.wav,2.375374555587769,0.9342416632573078,3.853821092017709,3.183330427755748,3.083063230298392,10.49023724294297,17.20451545715332
1995-1826-0010.wav,2.815393447875977,0.9714836382030798,3.884249517302027,2.5065936530843227,3.3027668166110966,-2.81337338938475,12.315869331359863
8555-284449-0010.wav,3.4373483657836914,0.9880963260375232,4.718601693704461,3.385539734796928,4.060956778968431,5.142558312376935,22.25167465209961
3729-6852-0022.wav,2.646661758422852,0.966203327921609,3.7649265700733103,2.962231110042131,3.115374441891837,7.5856722538230175,14.091848373413086
5142-33396-0030.wav,2.56567907333374,0.9906938533180129,3.9997627059893226,3.5218837013646467,3.304316154175062,12.105355651840942,20.852615356445312
7176-88083-0017.wav,1.426814317703247,0.8657507007514051,2.804537078078769,1.995128930429144,2.1037746251986773,-2.1333087755950486,0.8981237411499023
8463-287645-0004.wav,2.736220121383667,0.932995343534324,4.206493715583426,2.989881506059066,3.4535733523900736,4.117102695705346,9.3731107711792
4992-41806-0015.wav,3.4564030170440674,0.9894391095503094,4.605605924854139,3.8579124027233673,4.024201485280918,12.0621522578649,20.00359344482422
4970-29095-0025.wav,3.456944942474365,0.9378515954847548,4.491282361884598,3.4895133733966444,3.944818397248386,7.213781874686242,21.70058822631836
2830-3980-0011.wav,1.7405667304992676,0.863595842176796,3.407224514062825,2.166147465256484,2.533643439789646,-0.5460181445742232,7.809749126434326
5142-33396-0016.wav,2.2294485569000244,0.9697675167918284,3.4869127741850723,2.801134548631491,2.8589571538286926,4.1145769905584135,14.343419075012209
4992-23283-0019.wav,2.938410520553589,0.9626517431013026,4.114539136333764,3.2414016293826737,3.5042524323895563,6.825049966582288,14.10690689086914
5683-32879-0018.wav,3.041106700897217,0.9740013692272596,4.441263967711762,3.6788338609888096,3.726872225926261,12.628247273839564,21.512920379638672
5142-33396-0025.wav,1.0993034839630127,0.5384960063932683,1.0,1.392549061334883,1.0,-3.2610184828985216,-0.4308230280876159
7729-102255-0026.wav,1.2964757680892944,0.7704439617773651,2.3204216566390654,2.0325855261136683,1.751782956568436,1.4457586669667888,2.5292458534240723
8230-279154-0034.wav,2.3158321380615234,0.9409542078555948,3.7988634846386606,2.6767258247160552,3.026153764099204,2.878514168796723,4.592051029205322
4446-2271-0003.wav,2.62270736694336,0.968883500041948,3.979720293001164,3.360652664137289,3.29444786769941,10.377632339932566,14.462714195251465
7176-92135-0000.wav,1.763842225074768,0.9179639553169238,3.436551492215544,2.2748883881677897,2.5862275284068,-0.15261609946554,5.852752685546875
237-134500-0000.wav,2.353994369506836,0.9053164377664952,3.5373110123359184,2.7254490247501155,2.9140511679144905,3.4166485701194254,11.365846633911133
7127-75946-0015.wav,1.838017702102661,0.9199367469453106,3.5840544426000904,2.82842422872472,2.704672954206356,7.736189558729292,11.633996963500977
1188-133604-0003.wav,2.699265718460083,0.8806904841142759,4.093120216775333,3.339394480345254,3.388081749807009,9.523209007841963,-0.4103498160839081
121-121726-0003.wav,2.4326260089874268,0.8994865333261142,3.1563099508135624,2.3678585401266603,2.7743192873779643,-3.302609438905365,7.542958736419678
4077-13754-0011.wav,1.9523845911026,0.92142061678152,3.600498591052527,2.527597578924416,2.749883944367214,3.0064377814607925,7.42026424407959
4992-41797-0011.wav,2.822993040084839,0.9745243963238706,3.963521241485568,3.210622983284524,3.349093439998553,8.169838577878698,11.264262199401855
8455-210777-0059.wav,1.820156216621399,0.9721522426850808,3.465106928701353,2.9219948680528214,2.6604213607936886,8.301628538052011,11.527909278869627
3575-170457-0054.wav,2.5345888137817383,0.9557432889120564,3.605941319032839,2.4195544351610776,3.021839714894022,-2.0356437449658733,9.94454288482666
2094-142345-0021.wav,1.6860170364379885,0.7384343918981262,2.487841825297745,1.8954881056549329,1.9334622003270527,0.6463192275952581,0.1785686016082763
6930-81414-0021.wav,1.1407568454742432,0.7073736255823221,2.198177320666501,1.9258579211379667,1.59620277479002,1.643494529496436,-1.119204044342041
61-70968-0007.wav,2.039027452468872,0.9165754690293898,3.763371297106679,3.0756049533607555,2.913173420429443,9.351429806897253,13.372262954711914
4446-2273-0008.wav,1.6442229747772217,0.8738814737736605,3.2844356938446437,2.152586001121116,2.426927363153634,-0.1637999044769537,8.942605018615723
672-122797-0036.wav,1.1900875568389893,0.6505619935822979,2.1924706798759104,1.797068498678403,1.5796922563689315,0.9247899134018894,3.811957597732544
8463-294828-0004.wav,3.2107913494110107,0.9594236898524162,4.62184424524609,3.476406020293461,3.9254873303820026,7.110823837610737,14.484643936157228
1320-122617-0021.wav,2.515398979187012,0.949572185828092,3.627627073744771,2.693089454568581,3.02038039772719,2.564542016326317,1.1392805576324463
908-157963-0003.wav,1.2797725200653076,0.7491689575827087,2.5024384343268293,1.918914190626596,1.8233737734687812,0.2326023001732946,-6.157450199127197
5639-40744-0040.wav,2.3907129764556885,0.9446479281324616,3.6379988230123024,2.584668819929816,2.9599234838854223,1.9066096872741385,3.340695381164551
5683-32866-0023.wav,2.7582666873931885,0.959474708657851,3.4639875128106112,2.9027086120247114,3.044704698532609,4.793417959234211,17.68075180053711
1284-1181-0016.wav,3.63541316986084,0.9912019705070912,4.993824194298645,3.9822883547599215,4.343489958858241,11.103997196885937,15.90066909790039
2830-3980-0023.wav,1.2853059768676758,0.7909055113237387,2.7464500396305667,1.8851397054254155,1.9709199906486283,-1.373781866556221,5.416421413421631
672-122797-0060.wav,2.551072835922241,0.9186987210432676,3.913897931289854,2.8746215033604976,3.1807593141387813,5.178641632078921,11.170866012573242
121-121726-0002.wav,2.8505401611328125,0.9413887616102494,3.9656596725513857,2.807052005774415,3.3695846484637584,1.3118740884850972,11.583070755004885
908-157963-0021.wav,2.8992743492126465,0.9670956356976604,4.336149151793835,3.352787631494742,3.610232243517881,8.208178337046464,13.798547744750977
7127-75947-0001.wav,1.2197129726409912,0.6752891400708771,2.5337353309449115,1.8232592851720888,1.822757330542485,-1.4529961963232347,6.668548107147217
1284-1181-0017.wav,2.61398720741272,0.9224282141739388,3.991776722473257,3.1362917920739912,3.302231680324825,6.609861824908979,9.561149597167969
4077-13754-0003.wav,2.78178071975708,0.9602400282853047,4.196865147210523,3.062284200428169,3.466010510653982,5.175263436797867,10.583386421203612
4446-2271-0014.wav,2.1122865676879883,0.9608755445372732,3.439141653636651,2.963194862698032,2.7668792602218857,7.97885702406684,14.8700532913208
672-122797-0069.wav,2.0268869400024414,0.792927660080697,3.4344628579705008,2.3668210971187293,2.6750482594637885,1.2039823829548892,6.083013534545898
8230-279154-0031.wav,1.6589322090148926,0.9549351605044774,3.4457848847147594,2.3954598486032195,2.545174472702556,2.2343104813317174,-1.712504744529724
5639-40744-0001.wav,1.939551591873169,0.9460806632183388,3.1004341653179783,2.554155204252923,2.476671685123571,4.314663163145698,8.844446182250977
5683-32866-0021.wav,2.895190477371216,0.942969829311717,4.012332344097657,3.3957546066375555,3.4221415697973154,10.018549588518988,13.672243118286133
8455-210777-0044.wav,1.7701857089996338,0.863806756317287,3.3536872688272608,2.210377115766507,2.5160986950734614,0.1896187017141993,6.463427543640137
260-123440-0020.wav,1.3476821184158323,0.9041501150534236,2.6768690521971363,2.0969060545115994,1.964936114156414,1.6403400485355444,8.546649932861328
5142-33396-0059.wav,3.264654397964477,0.96964349577001,4.289243911785835,3.410155388873408,3.77189237250125,6.324735251336666,16.69528579711914
4507-16021-0013.wav,3.320011615753174,0.975827593809794,4.569990713738869,3.8134863934916607,3.9493235064097023,11.875624636723424,17.77237319946289
3575-170457-0031.wav,2.560558319091797,0.9419331457632112,3.882751012128842,2.6064327266307163,3.167832276356104,0.9474787000250662,8.008377075195312
1089-134691-0003.wav,1.543964982032776,0.8176343283410341,2.79601253409252,2.011171632015367,2.1012206413747445,-0.2354703702150539,4.6826043128967285
7729-102255-0036.wav,1.8801593780517576,0.9487782334637124,3.448982543798435,2.8346838672092094,2.6661834299725946,7.188087421172474,10.457988739013672
4077-13754-0014.wav,2.283055305480957,0.9682099580874816,4.115542673774847,3.125534942386296,3.2096546254899208,8.37944648747919,11.972064971923828
5142-33396-0056.wav,3.0554797649383545,0.9564155349285288,4.437871400539302,3.0778486482572998,3.75462951381372,2.002188548136628,13.156204223632812
4446-2273-0036.wav,1.93466591835022,0.9146166842093808,3.150508388726089,2.429130335347092,2.516264248329527,1.6118525558791352,11.67855167388916
8555-292519-0014.wav,2.609787940979004,0.9277988341829264,3.334625798862662,2.518495519703519,2.7937212756704586,4.740119544909005,14.2114839553833
4446-2275-0045.wav,3.537222385406494,0.9916743398835204,4.997603675900958,3.880921084636913,4.296328891927066,10.216147454750477,12.757369041442873
4446-2271-0004.wav,1.9008197784423828,0.9268058668965204,3.30218835519958,2.1651132403840845,2.570573696321933,-2.142733720866954,11.594478607177734
1089-134686-0014.wav,2.6438064575195312,0.9666420153939418,4.016510785693449,2.9784717893938573,3.322044368180703,4.211265893028955,11.704967498779297
5639-40744-0004.wav,1.944159746170044,0.926774900338859,2.9915943117070727,2.4956856894801995,2.4166927708969235,3.7107102711296736,8.319193840026855
8455-210777-0066.wav,1.966408491134644,0.9803715041695528,3.3111788111219465,2.5586280726512745,2.608307214723137,3.599718207431291,13.70563507080078
4077-13751-0003.wav,1.6208261251449585,0.8825473634160023,3.0322401392559906,2.013757498936268,2.288769129417743,-2.15207945579623,4.240391731262207
5142-33396-0050.wav,1.138436794281006,0.8826098234609441,1.3257237510279172,1.8780435404089395,1.1399965103313403,1.8241899428780777,7.482462406158447
237-126133-0012.wav,2.847695589065552,0.9094868795720352,4.021436373955035,3.2544679557355827,3.4360204089642465,6.667676051978805,11.45206069946289
3570-5694-0009.wav,2.1713790893554688,0.9686832968520452,3.799727946402868,3.1768072992229355,2.997991602362134,9.958240046706846,2.837998867034912
61-70970-0014.wav,2.039217710494995,0.9576763422664112,3.617150939360176,2.375836978643482,2.791811038945782,0.3883909824956266,8.811986923217773
7021-85628-0000.wav,2.60674262046814,0.976188011981764,3.9076281079192112,2.6760677746209134,3.213185553607696,1.2770489120372968,12.716654777526855
7729-102255-0041.wav,2.738345146179199,0.9713623034557654,4.188740004483112,3.2943306304680373,3.4669815484664848,8.000824829085193,11.374839782714844
5683-32866-0028.wav,2.1632120609283447,0.9247362310167884,3.2273593899810558,2.897087395513016,2.656936108615567,7.877348824434882,14.986295700073242
3570-5696-0000.wav,1.2823889255523682,0.8226283954835513,2.55926116129671,1.728166166087702,1.8318195992317852,-1.8832041276238431,1.3346539735794067
1580-141083-0004.wav,2.606600522994995,0.9445317300224156,4.123043040699503,2.9934361139750854,3.35611274338073,4.737750658489148,14.565404891967772
7176-92135-0023.wav,2.272742986679077,0.9351581460680384,3.39398546989478,2.899231355434128,2.81622080498332,6.152134318196196,10.376977920532228
672-122797-0030.wav,1.80456805229187,0.9259755324587814,3.6553019561489632,2.895610514716565,2.735685808411408,8.507758928219268,10.770307540893556
237-126133-0001.wav,1.3879022598266602,0.7945057293729918,2.4470120863308846,1.615606166533624,1.7871580541638028,-2.6159736330851,1.3896746635437012
672-122797-0059.wav,1.5418089628219604,0.8080634826675511,2.8099159573309618,2.064639487053592,2.1041546897975625,0.7571426573269917,7.767794132232666
5639-40744-0005.wav,2.948812484741211,0.9204362617131095,4.199554127400253,3.050023524773108,3.5635489683294947,3.190995326793272,5.229149341583252
7021-85628-0020.wav,2.5751867294311523,0.9791862329114802,4.007985998836278,3.1708332875842324,3.285621588992489,7.676459207845689,12.778987884521484
1580-141084-0000.wav,1.4671528339385986,0.8387992883973351,2.8692041568548805,1.970319438111997,2.114639269964707,-0.9967296694071432,8.852828025817871
6930-81414-0020.wav,1.1612199544906616,0.6911070496209373,1.956919759313596,1.8099363114037812,1.4765876254712602,0.0846439170814471,4.705293655395508
260-123286-0020.wav,2.363687753677368,0.9704818686362148,2.267192389949152,2.550613928341626,2.299720981929617,0.0062545202930516,12.080801010131836
8555-292519-0005.wav,1.752535104751587,0.916002783959986,2.841904125947829,2.564823606021807,2.1961236780447035,8.43521922804395,14.099120140075684
4446-2275-0015.wav,1.9827396869659424,0.8937106680187851,3.46576600639482,2.278887055084551,2.706530890904033,-1.5398915215152869,7.267575263977051
3575-170457-0023.wav,1.9744601249694824,0.9278002095400504,3.4353118634812816,2.410771425098905,2.6346278484988264,2.9324760560602217,10.826744079589844
7176-88083-0001.wav,1.7340866327285769,0.937739458064492,3.2520253556116394,2.373952774789352,2.470359533846479,2.043351687981669,3.5754177570343018
1580-141084-0049.wav,3.0593454837799072,0.9765534540049582,4.531929519780612,3.686046698858435,3.808888540770429,11.384187075855758,18.292387008666992
1580-141083-0016.wav,1.9570205211639404,0.8797680122949706,2.9184951110163704,1.9445624093585416,2.3332824923154813,-2.776262989063038,6.843905448913574
3570-5695-0004.wav,1.5921707153320312,0.877700568749462,2.946062734243189,2.4274135714352982,2.2466355669879103,3.960915215120628,10.6995849609375
1089-134686-0007.wav,2.772446632385254,0.9474813112930393,4.148031591344831,3.2598921038437743,3.4637138157769884,7.205686429857905,13.979487419128418
7176-92135-0043.wav,2.531045436859131,0.9900845622962196,4.406134135732488,3.627552722999485,3.5093691761153605,13.149106838927612,9.949206352233888
2300-131720-0015.wav,1.831963300704956,0.8645938664731998,3.3241147091292405,2.1583732092800587,2.5427049905524988,-1.5506726498707544,2.2050974369049072
237-134500-0033.wav,2.478290319442749,0.9082960720859964,3.7266053995763424,2.7581588303404097,3.0620534199205034,3.38711637248005,13.27953815460205
1580-141083-0021.wav,2.4406001567840576,0.9587299132666852,3.962806106244924,3.124266145211059,3.2065581225370225,7.457132963627711,16.479507446289062
7729-102255-0002.wav,2.829853057861328,0.9798083350479992,4.224061623166097,3.3908204340051373,3.535500709211357,8.629452650183906,13.695138931274414
2830-3980-0072.wav,1.931861400604248,0.9355610400534148,3.540499395118352,2.233897450445866,2.6726302540568545,0.1320352916914084,8.512533187866211
2094-142345-0058.wav,1.9022200107574463,0.7940576268578767,2.8545578931441806,2.4465796739738344,2.340331540020661,2.6765966276174544,9.340752601623535
2961-961-0017.wav,1.5496411323547363,0.8605398740668764,2.827268089488939,2.283196402424291,2.1334465953360424,3.430954936671434,9.99176025390625
3575-170457-0025.wav,3.5606367588043213,0.9875853700245728,4.837306078183204,4.1729083044654,4.220072626524051,15.039800609805091,21.37636375427246
5683-32866-0000.wav,1.709658145904541,0.9007955791020692,2.956737958311671,2.086921475001042,2.270001301349713,-0.5166837778359651,6.755201816558838
8463-294828-0035.wav,1.8867313861846924,0.9174625783192898,3.5826818902365165,2.574084586853841,2.7233258087348697,3.561325995333308,9.547523498535156
1284-1180-0022.wav,3.3758840560913086,0.956188643830961,4.740722473651014,3.703120965918113,4.061131696489367,9.759638314245665,13.157610893249512
672-122797-0020.wav,1.8440220355987549,0.8134437024859293,3.353011894274181,2.6292124362981584,2.575398876748048,5.292794691544692,5.784364223480225
4077-13754-0005.wav,2.443305492401123,0.9274901680173842,4.00844670137906,2.600509462739018,3.212640209266578,-0.0842174781707502,8.391807556152344
672-122797-0050.wav,1.106649398803711,0.5955201855396743,1.657861640978885,1.37409950296975,1.1686465675584006,-0.621958975914973,-0.8404042720794678
1320-122617-0024.wav,2.79126501083374,0.9832816082820056,4.27467726245962,3.3885868431108954,3.530774984597972,9.346092103133286,7.374636650085449
5142-33396-0015.wav,3.4519169330596924,0.983593225029925,4.629458732257742,4.210725345109972,4.070946316521612,16.059965781703994,18.03911399841309
4970-29095-0005.wav,1.2686879634857178,0.7012368110624834,2.0869562763373146,1.1982402478443923,1.4679977861317075,-4.820043212606172,6.43133544921875
7176-88083-0012.wav,1.871173858642578,0.9510533523712544,3.2301990891106573,2.401174787081006,2.5242427345626792,1.6327514291945295,4.137026309967041
8455-210777-0056.wav,1.8501946926116943,0.9173567333247736,3.396512782186693,2.5347132336737985,2.607503814369186,3.4224386176700445,10.330333709716797
4507-16021-0009.wav,3.61800217628479,0.9858670393248034,4.928159663638943,4.177270810314177,4.296164209958932,14.589292920743816,22.849308013916016
6930-81414-0024.wav,2.014186143875122,0.883143568960601,3.33393375061576,2.3775400311352475,2.6489537445739133,0.1337689839585893,9.715685844421388
4077-13754-0008.wav,1.550243258476257,0.8702764405823133,2.9616456857443008,2.258240857746244,2.223943724167945,2.0023349125972456,5.169284820556641
672-122797-0061.wav,2.0445406436920166,0.8434597682346634,3.59445027037967,2.7869388045619328,2.76749610487794,7.5654946869639,10.416692733764648
6829-68769-0027.wav,2.4932174682617188,0.977378849094086,3.9332831604029272,3.0456099711370057,3.1890875209932865,7.102566453958994,14.998794555664062
5105-28233-0008.wav,1.3735697269439695,0.7504876124967234,2.7566989859805617,1.9341659501422896,2.033191871483281,-1.8205127270738164,7.955242156982422
1221-135767-0006.wav,1.4314895868301392,0.878095817425703,3.121971573344126,2.289414202914941,2.266809548816144,2.382217976997981,3.802903652191162
6829-68769-0009.wav,2.6494569778442383,0.9580302099405598,4.0827975271787205,3.165561826367157,3.341752739654198,7.848629530654303,13.73395824432373
4077-13751-0008.wav,2.655186176300049,0.9437083365988188,4.349770428998584,3.475304170157421,3.5129981193513715,11.156968759365125,10.374542236328123
8230-279154-0016.wav,1.3622889518737793,0.7310392476083202,2.308137313889419,1.6342139687092754,1.6863074862079617,-1.2972265358300634,-3.643533706665039
3570-5694-0010.wav,1.6698541641235352,0.908373536737963,2.8534725252295594,2.342661581828489,2.2195934792608734,2.916203119513033,5.6175856590271
3570-5695-0010.wav,2.254233837127685,0.9253172211971684,3.586205197904304,3.192331340932577,2.9048288797623445,10.843098591931383,15.188721656799316
5683-32865-0008.wav,3.153260469436645,0.9603456624011104,4.2754371675633,3.626921129859468,3.7199994089582136,10.115993600371963,16.607677459716797
1221-135767-0019.wav,1.511728048324585,0.7449647677146868,2.9022490165273265,1.8935549815240733,2.1220817466012103,-1.1651788278354818,6.792177677154541
908-157963-0013.wav,2.200608253479004,0.9419143460351296,3.793300862963793,2.59773225728694,2.9634799548376702,2.5747553598312845,6.742098808288574
5105-28240-0021.wav,2.599769830703736,0.9231637492604527,3.963257148624648,2.9336444892525466,3.252756584046199,4.739404308823863,5.737390518188477
8455-210777-0011.wav,2.5518410205841064,0.9780049550073724,3.715327347087517,3.2201866827040124,3.1172536763092364,9.119902308060237,15.782711029052734
3575-170457-0034.wav,2.1047110557556152,0.950610200890212,3.6479130694501647,2.406046246485923,2.850304368989344,-0.0746790908576826,5.743009567260742
260-123440-0018.wav,2.2040669918060303,0.9543156781110276,3.320490998923653,2.503298584145947,2.687350978784024,2.927333072337172,13.09296989440918
8224-274384-0006.wav,2.1295881271362305,0.9283191628017712,3.457620217755649,2.774422290550725,2.7588157161674776,5.996493819933902,12.517738342285156
5142-33396-0021.wav,3.2642130851745605,0.9861479926452924,4.46835194252555,3.835786592740504,3.880416367575045,12.219343672936546,19.521039962768555
1320-122617-0009.wav,1.543806791305542,0.8078379019495149,2.732423068285397,1.8269752060181017,2.0362687748995336,-1.693862495571095,-0.4718844592571258
1995-1836-0001.wav,2.7234575748443604,0.9398859965914608,4.136455390044488,3.112479890812291,3.4337584867039053,5.213606835413302,8.366576194763184
1580-141083-0007.wav,2.663171529769897,0.9579369039851676,4.247994847297343,3.3476597968322985,3.467485533393156,9.022008619177033,14.984596252441406
8455-210777-0047.wav,1.5986350774765017,0.9720828050233118,2.508343948852217,2.141440354314794,1.931129791087071,3.821438225450979,11.259684562683104
7127-75947-0020.wav,1.5432865619659424,0.9673419304580289,3.048603874392549,2.0124964173514366,2.2531070013514167,-1.3789290514519612,4.392139911651611
237-134500-0026.wav,1.676539659500122,0.9347948770124238,3.367940943087029,2.4397448929654235,2.498722553017965,3.5354858266668114,11.89686679840088
4992-41797-0012.wav,1.3723597526550293,0.8954266460627482,2.2399757167004624,2.4632069503241354,1.7467457753987603,7.851911641916883,12.294793128967283
260-123288-0016.wav,2.721780300140381,0.982709681649758,4.013438776466327,3.1789691811877328,3.333217375591707,7.977319762564084,17.403852462768555
5142-36377-0002.wav,2.43042254447937,0.9332517550489045,3.797549332116741,2.618876953343633,3.1047463308942964,0.1487613285898879,10.268943786621094
4507-16021-0038.wav,2.019045114517212,0.7436850238550193,3.1301649968780048,2.4198722952734664,2.500211405843649,2.9632782127995374,13.850808143615724
7176-92135-0035.wav,2.8591561317443848,0.98839620608132,4.045882716263368,3.2148660604137342,3.450806059718717,6.091580178900563,13.46475601196289
260-123288-0003.wav,2.6334095001220703,0.9867185736963436,4.184226837779344,3.38465343889046,3.4223598497904133,9.763110518259449,15.390706062316896
7021-79740-0000.wav,3.0109596252441406,0.9782952623293212,4.158666086908098,2.7019976907308774,3.544614391113239,-1.4842131426009526,12.925153732299805
6829-68771-0020.wav,1.9183354377746584,0.9401458110425944,3.125737451394261,2.48815276697864,2.4855810137592096,3.1181298775760555,11.529077529907228
8230-279154-0043.wav,2.9519383907318115,0.9753770068119282,4.350821061511132,3.053645301472244,3.6313754732680095,3.62208823725488,8.36245059967041
237-126133-0016.wav,4.002371311187744,0.9905296541970054,4.968408050380913,4.044214452257,4.484887107325513,10.679908287859524,19.72194480895996
3729-6852-0042.wav,1.2786731719970703,0.71008798425249,1.93324732521538,1.3406382636255088,1.3718072547766045,-1.5449816200573192,2.0974268913269043
1221-135766-0008.wav,1.8494573831558228,0.86900106444159,3.421084829195642,2.544146098225457,2.626351811937717,3.269612065535377,5.018267631530762
672-122797-0019.wav,2.525747299194336,0.8539914109966008,3.690371424156361,3.1862227183973717,3.0852886554192347,9.05948524175717,12.163500785827637
672-122797-0058.wav,1.921712875366211,0.7990460706874727,3.4066965027203078,2.613001583885149,2.583481883025647,6.995275670293526,11.324689865112305
4446-2271-0009.wav,1.1425687074661257,0.6846281617185374,1.4410940996436783,1.69633047316839,1.2495889771584814,-3.298904103014471,4.416033744812012
1089-134691-0019.wav,2.864652633666992,0.954268022646922,4.1392650491177925,2.958100940687342,3.487824197450116,2.51271640732346,9.35902214050293
4507-16021-0028.wav,2.7865309715271,0.9612156076774524,4.048801902407891,3.0023726383915825,3.371699512014671,5.203269709832775,12.217042922973633
8455-210777-0007.wav,2.253217935562134,0.9747157724396878,3.2529449967879613,2.6746916383423964,2.7123416315737967,3.786616914496261,14.071931838989258
4970-29095-0038.wav,1.5122931003570557,0.8323328757952477,2.6947060043819837,1.839224001434808,2.027586470187791,-2.4057772080875446,6.287252902984619
1995-1837-0011.wav,1.595328450202942,0.8332761735939684,2.808239158578685,2.022407971634438,2.110655098363777,0.548288461188224,6.503463745117188
5105-28241-0018.wav,2.080517530441284,0.8587856454043571,3.6664427465833698,2.936419738843683,2.869932168583823,7.530680491394723,7.538116455078125
4507-16021-0035.wav,2.863197565078736,0.9336295496320052,4.19573765958552,3.3885217106536265,3.5233721396743176,8.995270284602366,14.05063819885254
672-122797-0038.wav,1.8631110191345213,0.8261916096680061,3.2921015566853558,2.2311790217343,2.5323821273006306,-0.1853606559622324,4.488304138183594
1580-141083-0019.wav,3.2584385871887207,0.9493988266094872,4.435820006404387,3.3040528307139683,3.8277182973420585,5.3031128600194135,13.56393814086914
7729-102255-0008.wav,2.279996156692505,0.9647827325812992,3.659464450667344,2.8463438595699837,2.957761362501789,5.002804176728043,8.05417251586914
1188-133604-0032.wav,3.122155904769897,0.95482985641919,4.471382908778249,3.599726099713426,3.8042422596096657,9.812259991220072,15.45443058013916
3575-170457-0043.wav,1.9748566150665283,0.8440693601481531,3.515721026729774,2.201205720957652,2.6779559895266307,-0.5343792059433368,0.439694881439209
8230-279154-0028.wav,1.842696189880371,0.8235965774040698,2.9407422290432894,2.2668017253202817,2.3260339991150643,1.469612632809205,4.837977886199951
5105-28240-0012.wav,1.8001141548156738,0.8087734929779281,3.3226942988207044,2.3735591249790264,2.5189288921644373,2.414450856934588,5.559532165527344
6829-68769-0051.wav,2.5484073162078857,0.9842809900784978,4.173304267971753,3.426123558397132,3.365821385252008,11.426732810691654,15.90260410308838
61-70968-0036.wav,1.697510004043579,0.9391209496544284,3.398289051970778,2.2420159204675816,2.524763661795008,0.2223357842558565,6.552091598510742
8555-284449-0000.wav,2.4982120990753174,0.9106694131416808,3.7456503800178176,2.979300415049867,3.106374859069479,5.6541248032894975,12.38229751586914
6829-68771-0005.wav,2.9494354724884038,0.9832784934663577,4.428958704773269,3.4490135128536044,3.690192442457562,8.982629362210153,14.645334243774414
5639-40744-0039.wav,2.3969171047210693,0.943179164738984,3.721236122604532,3.05310063332923,3.033056921184562,8.035571194994068,12.08262538909912
5142-33396-0009.wav,2.820310354232788,0.9826136449757272,4.219240237187538,2.892651331966176,3.5259562941287554,0.8969224295614878,19.855892181396484
8555-284449-0008.wav,1.812056064605713,0.852599543465228,3.165605014580112,2.5724667258781566,2.4650314499816868,4.677676889679451,11.32221794128418
1580-141083-0052.wav,2.965019464492798,0.9166256087112924,4.366917836453012,3.5779183201841063,3.6667376374715337,10.93052061379238,15.75762939453125
1580-141084-0006.wav,3.6096439361572266,0.8965391389424741,4.919491037641461,4.029338597841695,4.276307059179052,12.803472430802495,19.300094604492188
5142-36377-0024.wav,2.005412101745605,0.9391953310752148,3.489066459835361,2.356719950200584,2.728583550095232,-0.4328643986313437,12.285791397094728
4446-2275-0038.wav,1.6371002197265625,0.8372667240942253,2.967395550399851,2.2363491071642945,2.203817577615037,3.941047479068818,7.297947406768799
7176-92135-0009.wav,2.6434247493743896,0.964735975220056,3.9165852290723184,3.131139265845781,3.2684759947654958,6.798518557551958,10.201244354248049
1320-122617-0025.wav,1.8111319541931152,0.9351528695181532,3.1933290211941863,2.442021381260936,2.459324669292045,3.452782586935346,3.710405588150024
6930-75918-0003.wav,1.1974210739135742,0.7414072742746118,2.373637011630744,1.7537741833273008,1.6900047696719878,-0.5435544989168564,3.2977795600891118
61-70970-0032.wav,1.929560661315918,0.956127908410256,3.639077637828573,2.657487801009188,2.775882921874881,4.433823721373358,10.43817901611328
6930-76324-0023.wav,2.401840925216675,0.9677881921937032,3.89253298914067,3.1035956456199294,3.1570761532547515,7.200348831380665,11.842961311340332
8230-279154-0007.wav,2.9075443744659424,0.9785798019623972,4.379736480642294,3.189982048938845,3.639050517015253,5.4310459438434,6.500174522399902
4446-2271-0013.wav,1.1842646598815918,0.6966172745851363,1.988161287445227,1.5776243663406138,1.522457562139285,-4.601084089674951,4.698370456695557
3575-170457-0024.wav,2.5709116458892822,0.916547567432476,4.0009086629344415,2.955786183750118,3.260445688990292,5.154410424052304,11.860395431518556
7176-88083-0022.wav,2.7560300827026367,0.9779088144527732,4.251795045846249,2.875865487940101,3.481783909944264,2.3479454017496995,5.081653594970703
61-70970-0006.wav,2.084869861602783,0.983091508625504,3.876699937243544,2.8966923231391424,2.961588186675471,7.5349789118007005,14.407999038696287
1221-135767-0002.wav,2.186457395553589,0.937614946885737,3.817773618632808,2.5254870138118988,2.9897338093842505,0.6003228977087328,9.103307723999023
1995-1836-0006.wav,2.178713083267212,0.9383810358571144,3.62943769223974,2.8289671327147703,2.8960288044379903,5.303690918331864,8.044572830200195
8555-284447-0014.wav,3.3726024627685547,0.9555157796614714,4.590345729717639,3.615578978695432,3.970793917890401,9.00553742026674,15.256380081176758
8555-284447-0016.wav,2.194380760192871,0.9241797006818095,3.2872897636901133,2.668514999256946,2.6590146403180084,5.9284251774602605,11.616610527038574
5683-32879-0005.wav,1.6182184219360352,0.8115396766910493,2.7094866701823004,1.834777675493148,2.0636023765332068,-2.186181882484329,9.84804916381836
1995-1837-0028.wav,3.4103729724884038,0.9781904957972906,4.510262197734464,3.236871467616936,3.9228504654590535,3.904773909976162,12.868846893310549
8455-210777-0010.wav,2.4274837970733643,0.9526052750071172,3.543203013617223,2.9377053536711646,2.9596036460740778,5.985391640675908,13.671637535095217
1089-134686-0027.wav,2.244356870651245,0.9844614190594974,3.913574334072167,3.0713800522257166,3.0903223216906177,7.782508879676516,8.322275161743164
8224-274384-0009.wav,1.7370375394821167,0.886860543088779,2.866808433922556,2.08287912612093,2.254208955549612,-1.4551225478867642,7.631919384002685
4992-41806-0017.wav,1.2712552547454834,0.824836062361283,1.9683220651315685,1.9482812474702584,1.5228432598003507,2.105808418982844,7.12450122833252
6930-81414-0008.wav,2.0910537242889404,0.8695695973717922,3.5007042754042046,2.748836716537931,2.772273969181817,5.376972778365565,11.128408432006836
6829-68771-0026.wav,2.906491041183472,0.9884776006005715,4.31834208875033,3.4311678231096714,3.6048845136232153,9.403353010713436,17.243993759155273
4507-16021-0056.wav,1.1770857572555542,0.5957454803146569,1.5784387405248683,1.2410049846373183,1.1697187363286927,-3.490290534699566,-0.0934983789920806
237-134493-0008.wav,2.5044240951538086,0.8994922785162526,3.5373444396743814,2.691307034212405,2.9694147549697427,2.641625539155334,10.44790744781494
5105-28241-0002.wav,1.876548290252685,0.8660958631204932,3.505245512136264,2.8214512842788197,2.690141523045922,7.102957499692036,12.096338272094728
1580-141084-0011.wav,2.3376684188842773,0.9590186123219756,3.856516051745616,3.0615774686457384,3.070664572820361,8.610194851973901,19.14310836791992
2094-142345-0019.wav,1.87753701210022,0.773321896543518,3.0051931744345106,1.8624245919296336,2.2975004356566893,-1.7681821863840668,5.021695613861084
4970-29095-0037.wav,2.548060655593872,0.9075393384975587,3.811505412194255,2.630109127236356,3.123354970293002,1.537814221513888,10.356500625610352
5683-32865-0015.wav,3.151997804641724,0.9772125788164574,4.375858838590061,3.3608499450378244,3.759056498150164,6.354803943806712,11.742103576660156
6930-75918-0015.wav,2.0660393238067627,0.9334722208557664,3.92630580673348,3.078310901672838,3.011286671050287,9.039553848871757,8.56042194366455
1995-1836-0012.wav,1.2993260622024536,0.7098241036319876,2.2361208373296457,1.4783363066618076,1.6488707308099009,-4.623925785721862,2.865053415298462
1320-122617-0022.wav,1.781825304031372,0.8292419717548847,2.958339843378804,2.0957238035317967,2.27744362131139,0.3882936659155756,0.5552739500999451
908-157963-0007.wav,1.6840229034423828,0.8798733942856093,3.24446804861242,2.4564889066814426,2.425573787666475,4.427008928575861,7.554038047790527
7021-85628-0023.wav,2.7103111743927,0.976268239887845,4.215066267347959,3.286028332961654,3.458142091245302,8.424632304170618,13.229236602783203
3575-170457-0053.wav,1.656003475189209,0.8642653350844436,3.034964260347036,2.010081813884941,2.2766860036141545,-1.102597610789218,8.050087928771973
8224-274381-0017.wav,1.434373140335083,0.7919080199560051,2.808919474936732,2.2324601018968195,2.071106767171125,3.280061676566331,4.677769660949707
1580-141084-0025.wav,3.293318033218384,0.9699940727970006,4.422416440849714,3.376683147473414,3.827966239521917,6.662578684870773,18.243019104003903
121-127105-0036.wav,3.10056209564209,0.9471989535957414,3.572446839071079,3.2731883587403403,3.338304560396062,5.134398105362127,12.341236114501951
3575-170457-0001.wav,1.81526792049408,0.8352201836143265,2.8874167930834997,2.265692017869532,2.31565142174655,0.3382924609737708,9.618660926818848
1221-135766-0001.wav,1.4100854396820068,0.8102515320214865,2.9679216446043424,2.072364036702554,2.127299939003241,1.39267764763058,3.027679443359375
260-123440-0000.wav,1.5098867416381836,0.9611373917084808,3.070490272554164,2.088721474744601,2.20019248653964,2.152487687598512,8.458453178405762
260-123286-0006.wav,2.9592556953430176,0.989818309019164,4.416036682687204,3.5406991525781906,3.691765743770292,10.229329971948063,16.44824981689453
2830-3980-0015.wav,1.0927135944366455,0.7821736486297848,1.9463961804766017,1.663271599164618,1.4028655533719911,-0.2303147891970098,-3.344826459884644
1284-1181-0004.wav,1.829106688499451,0.863744171513616,3.021052643488624,2.401458647170516,2.3911365447430253,2.3000347771152136,4.398490905761719
8463-294825-0006.wav,3.1723432540893555,0.9810313350912484,4.703544601335571,3.582077218609016,3.9459296518183815,9.11486311908198,16.858848571777344
1221-135767-0014.wav,2.1947500705718994,0.9297720006714064,3.957436853622192,3.201328957363005,3.09028080191602,10.081310226860651,9.260354042053224
4970-29095-0024.wav,1.6748888492584229,0.8705225022623542,2.7973145919423503,2.056642629347885,2.188848302966367,-1.4264846473743495,10.117716789245604
6930-75918-0016.wav,2.3565120697021484,0.8841120347115392,3.788290448545216,2.838109662275492,3.057264184324095,4.434086584740508,9.324090003967283
237-134493-0002.wav,3.045488119125366,0.9635568788487268,4.063942438197142,3.457922170255072,3.563636021498269,8.106155318521118,15.831069946289062
672-122797-0033.wav,3.789531946182251,0.9005974328253785,4.965613113565016,3.959502657950383,4.3636592720200165,11.494755322144856,21.046533584594727
3575-170457-0022.wav,1.5886311531066897,0.9177956545378646,3.088524903194532,2.0347509245835043,2.280466922059996,-0.6911703950669732,9.72960376739502
8463-294825-0009.wav,2.0594558715820312,0.920217678540774,3.685335329850021,2.674448674715608,2.8598903982451764,3.920228636746354,9.467890739440918
7127-75947-0011.wav,1.920815706253052,0.899492268936146,3.623881770925989,2.6890003022281723,2.757705971635957,5.273540848192829,7.68836784362793
8455-210777-0062.wav,2.312386989593506,0.9751903821564416,3.579663480793555,2.974080486135559,2.918381711517525,7.49084626597736,14.894227027893066
5142-33396-0038.wav,2.078373670578003,0.9518089427808633,3.382028697359729,2.327601882100418,2.6992030758600256,-0.8774251618558966,12.39537239074707
2830-3979-0004.wav,1.60255765914917,0.7883580850645653,2.867348473978182,2.365076891478452,2.1717552281360764,4.697273076214308,9.893596649169922
5683-32879-0011.wav,2.9818103313446045,0.946030458505448,4.402197477699808,3.416831330993264,3.674924270445561,9.032477487834152,14.563350677490234
5105-28240-0023.wav,2.157520294189453,0.942112466239992,3.7998582707015016,2.949136137576214,2.9809048002714524,6.896914289005476,8.58681869506836
6829-68769-0047.wav,2.2560625076293945,0.9371228377467372,3.661725881130432,2.459205145196917,2.93691394457683,-0.5250514935951218,9.858230590820312
1995-1826-0025.wav,2.3151943683624268,0.9355525736841512,3.316419881545439,2.25322445296297,2.667518108242441,1.371709604061825,12.71924114227295
260-123286-0015.wav,2.784400701522827,0.9769947102026856,4.131469518149997,3.0789089872530973,3.43582801223146,5.373738125915307,12.472562789916992
1089-134686-0034.wav,3.083245038986206,0.9807293122046762,4.314998601963228,3.4404922918878915,3.709616271081973,7.45506687286933,13.344568252563477
7127-75946-0004.wav,1.4802329540252686,0.7014526717478712,2.4457399920862017,1.5414836283867477,1.7920528054311662,-2.682407643917226,-1.2512327432632446
3570-5694-0020.wav,1.896507740020752,0.9605783591084353,3.0757684157107392,2.288461564414697,2.413024554066449,1.72973768122307,8.620674133300781
6829-68769-0015.wav,2.804204225540161,0.9707477293513332,4.333019838538382,3.435710632276327,3.576266218795522,9.55850340210478,17.603145599365234
8555-284449-0009.wav,3.0288641452789307,0.9402473087597492,4.234849477434547,3.2384783690396968,3.6217277046026033,5.566439439307091,17.12479591369629
1188-133604-0038.wav,1.7023698091506958,0.8878342664227099,3.096159534327468,2.219747658838956,2.385889535371473,-0.5646462574041095,8.639578819274902
2830-3980-0063.wav,1.973478078842163,0.867205169539682,3.411299283606531,2.3522202744015663,2.6115688837134563,2.478236100173847,8.14438533782959
2961-961-0009.wav,1.3469750881195068,0.8324617323565369,2.09485988740533,1.925263979585847,1.6372659409149126,0.5832496679228544,8.303542137145996
1188-133604-0042.wav,2.2171943187713623,0.9117862410365394,3.445568022554644,3.063655683991462,2.824576620728145,8.710314391038676,15.659801483154297
1188-133604-0006.wav,1.2430890798568726,0.7047751350468221,2.040120012673896,1.2906627687504493,1.5031999120995545,-6.306065793193559,-1.415509581565857
8463-294828-0014.wav,2.345134735107422,0.9617592023987798,3.9256828346161914,2.967864060661106,3.1434217989548263,5.5428358813029535,13.51101016998291
1580-141083-0036.wav,3.1654129028320312,0.92539131192322,4.632076638765019,3.5116512372652524,3.9105326974262193,7.88818562478369,15.705634117126465
8455-210777-0036.wav,2.787677526473999,0.9857102824516984,4.082788736820132,3.3752177005932853,3.4082393612306463,10.273418902164517,15.654858589172363
237-134500-0002.wav,1.5950264930725098,0.8949610573020218,2.877487602369937,2.0718640836183284,2.176565632449929,-0.0569798553573429,4.4193034172058105
5142-33396-0052.wav,1.4892046451568604,0.8839345875849882,2.808611448819348,2.326734560212955,2.091166699545915,4.689791117534306,6.68837833404541
4970-29093-0008.wav,2.731597900390625,0.9325462238857838,3.8962724279520113,2.749744315509341,3.2761933875618787,1.2520080268129032,15.274605751037598
61-70968-0045.wav,2.8974149227142334,0.9657241862705624,4.353599476688044,3.4287485925554217,3.6226837808963066,9.220598208322194,14.82912254333496
8555-284449-0011.wav,2.040003776550293,0.8780676967967969,3.369315605033469,2.2952259473945387,2.6547725826258484,-0.2750055288821843,7.644078731536865
1284-1180-0025.wav,1.8337475061416624,0.8794173217207272,2.8694418105600565,2.085446581398421,2.258654977791603,-0.1346622987956488,7.98508358001709
4446-2275-0014.wav,2.667797565460205,0.8996948722843342,4.177232464726629,3.147755016029936,3.423550135514481,6.301204344331889,11.616626739501951
2830-3980-0017.wav,2.376915216445923,0.9895577462236552,4.007377909617347,2.9393001695547425,3.178524648771373,5.799735084240107,8.835189819335938
8555-284449-0002.wav,2.196000337600708,0.8860434445033017,3.3739524371522034,2.348733973230306,2.739843212326128,-0.7850901668023771,9.2732515335083
237-134500-0038.wav,1.7449889183044434,0.8822093347562338,3.2632740933647244,2.3969705758690205,2.4569107703546718,3.407692693148273,14.810911178588867
7021-79740-0013.wav,1.866434097290039,0.9279874401870328,3.2568424376849725,2.6232780902317967,2.5355942002438705,5.1726646594475065,9.775787353515623
61-70970-0007.wav,2.7682738304138184,0.9774785664464058,4.43479534263299,3.438733089070308,3.611747246095414,9.747615351608196,15.223365783691406
4970-29095-0030.wav,1.2137659788131714,0.8466131377935343,2.277905845995107,1.4977386820790457,1.642067882781243,-4.354588494451609,6.797093868255615
2830-3980-0005.wav,1.2112692594528198,0.8116312997524633,2.3907691615214315,1.9176148640761617,1.7090013574777705,1.7987266574018546,3.521525859832764
1284-1180-0011.wav,2.221181154251098,0.9501609964274056,3.2888148514335342,2.9001033521971538,2.715265129965168,7.552439725115484,12.80965805053711
6930-75918-0019.wav,2.5865697860717773,0.9186707840262452,4.05266974148027,3.2471420437345406,3.3081917130130214,9.03975655001454,10.74376106262207
6829-68771-0018.wav,1.6757140159606934,0.9218077058698037,3.1107623286768105,1.912548151299964,2.329629755974989,-3.032745067677827,10.646764755249023
2830-3980-0028.wav,1.6810137033462524,0.8516362836448462,3.0206822414750367,2.305546874967811,2.310133940861415,2.167215682599677,9.547114372253418
260-123286-0019.wav,1.8642809391021729,0.949182731062293,3.2936321879287704,2.3409951729941723,2.5287640544343004,1.7678693035825022,7.506623268127441
61-70970-0019.wav,2.683746337890625,0.9858852003730478,4.3320319825346765,3.3349211601777107,3.520019601239201,8.649156250124692,13.822894096374512
1580-141083-0022.wav,1.7058145999908447,0.7376331959736924,3.033626599378613,1.9979636736688375,2.2876631806495973,-1.07763760249327,10.27299690246582
2830-3979-0005.wav,2.8656764030456543,0.9596708790040968,4.3313228922605,2.919248816654477,3.5741219473894112,2.319213516244665,2.9468882083892822
672-122797-0010.wav,2.065558433532715,0.8928802288184736,3.32410040119342,2.640841846619901,2.6629365058239194,4.234692519156841,3.9396584033966064
4446-2273-0019.wav,3.5461080074310303,0.9875919876152696,4.862879234653848,3.99234284275616,4.223817926914417,12.356289215048294,17.921419143676758
1221-135767-0023.wav,1.5688514709472656,0.8349686432098243,3.153162769433931,2.1413101325447346,2.3168742779780387,0.5232045143184304,5.188679218292236
6930-76324-0006.wav,1.844991683959961,0.9121451722049108,3.3244427410667776,2.459390909894481,2.56692809993743,2.358338342873547,5.083356857299805
260-123288-0010.wav,2.901199579238892,0.9783691700507628,4.319322419052161,3.4224644458462787,3.6257649148501647,8.289145917275464,13.015607833862305
4970-29095-0017.wav,3.06561279296875,0.95612812047441,4.259835985656645,3.408060685646796,3.644671407670457,8.333882142472278,19.617412567138672
8555-284449-0020.wav,1.6292946338653564,0.8951250830965487,3.003393372982257,2.05352487948394,2.2449574972019235,-0.0987871073929439,3.2332775592803955
5142-33396-0062.wav,2.585418462753296,0.956434012396756,3.776606793127905,2.9765020870819705,3.1755829496234607,4.517635716524236,13.61092758178711
6829-68769-0004.wav,2.717592000961304,0.9730785870960292,4.2886682912686265,3.3760732481312847,3.5105000597993388,9.267356909520174,14.50400447845459
6829-68769-0040.wav,3.47048020362854,0.987960772436114,4.886719677311885,4.020829529493988,4.201033150522029,13.226198469707915,18.833202362060547
2094-142345-0000.wav,1.316565990447998,0.7741215341982076,2.6529232467953845,1.7383909933995323,1.8836009449510571,-1.4479672030630688,1.5957884788513184
7729-102255-0021.wav,2.160351514816284,0.9422132257347526,3.654979600093681,2.5736246499669493,2.877729069247314,2.347648878817861,9.093982696533203
672-122797-0005.wav,2.265977144241333,0.8451827043991675,3.272790562834375,2.60580055649348,2.692320873371915,4.197331171100422,7.574338436126709
4446-2273-0030.wav,3.941082239151001,0.9884693421848336,5.0,4.30267407182623,4.584477671933981,14.008400388652335,18.07111358642578
1089-134686-0015.wav,1.7403732538223269,0.8985823949391956,3.387613140103653,2.028986800422284,2.5421495483683483,-3.530709857944675,6.699904918670654
8555-284449-0018.wav,1.242532730102539,0.6361960176426553,1.476544487337262,1.4438587871212063,1.1197015737488312,0.6590626738104938,3.59888768196106
5683-32866-0012.wav,2.5793004035949707,0.9300129586013924,3.721224219048943,2.9977155428883764,3.0926420601035485,7.20483583324895,14.566134452819824
1284-1180-0016.wav,1.939290761947632,0.9500811714128676,3.622283347772545,2.70745523261254,2.7738208741600325,5.092289635857089,11.411005020141602
3575-170457-0052.wav,1.4375817775726318,0.8717305436460759,2.928116855316803,1.9785075266437768,2.1388393143085085,-1.0750193812757791,8.311482429504395
237-134500-0005.wav,1.8445956707000728,0.8582677576102364,3.0688061410426823,2.19391167187214,2.3839071454217087,0.5981190729246815,8.943124771118164
4970-29095-0022.wav,2.853776693344116,0.9101425968402298,3.89549401226953,3.2682614662978864,3.3416613271887914,8.372179307264075,16.154634475708008
237-126133-0025.wav,2.8753702640533447,0.9484965430853556,4.1856932286098285,3.3105807901791238,3.535743468116901,7.171308221020047,13.110116958618164
7021-85628-0011.wav,1.2567440271377563,0.7998764188241295,2.828161853753567,1.719426336307134,1.9807246996938888,-3.0635586974222244,3.5982882976531982
61-70968-0044.wav,1.6578481197357178,0.9239310240921632,3.2756710049689506,2.4130158504367114,2.445265084277131,3.169678263918526,9.414060592651367
237-126133-0006.wav,1.9922518730163572,0.9109093315730412,3.1498345500102056,2.472912146127392,2.521040456691721,2.9258617945473238,14.17082691192627
1580-141084-0010.wav,2.939544439315796,0.978301559128989,4.413157019301789,3.44420887366333,3.686483674775512,8.578345309559436,20.59768486022949
2300-131720-0032.wav,1.341657042503357,0.8477686626717819,2.311228021854595,1.8909065760281571,1.776572840178323,-1.4344781808069622,1.8582355976104736
3575-170457-0028.wav,1.999091863632202,0.8621307673233672,3.4039654013099194,2.4416803217904754,2.601277811160263,4.566398692088552,14.799834251403809
908-31957-0006.wav,1.972190737724304,0.8971794760246287,3.3157229273584363,2.4568641689914683,2.588880395205546,3.0247379870120104,7.759694099426269
61-70970-0026.wav,3.452293634414673,0.9891449540370252,4.963809191903842,3.972831113891228,4.243386137356426,12.021646582135851,17.25799560546875
672-122797-0045.wav,1.1911263465881348,0.7654642136071189,2.499189078519705,1.7867602449462003,1.7916513910413896,-1.8382953752473,1.826377034187317
1995-1826-0026.wav,1.7035728693008425,0.8762942054654832,3.013469225427067,2.03768845414163,2.266377374889283,0.0159816105634337,3.5670006275177
5639-40744-0028.wav,2.3427956104278564,0.9637061917027484,3.391178098743614,2.76173713105751,2.8092786456192465,5.241048193025446,12.536574363708496
3575-170457-0038.wav,2.3076400756835938,0.8569545863617365,3.726495073485384,3.11879253867068,2.9925464353720725,9.669554060369094,16.4940185546875
260-123288-0002.wav,1.5059587955474854,0.8459822659331272,2.891616411164184,1.9766079464880364,2.150935139431042,-1.4358082612381804,7.644906520843506
237-134500-0008.wav,1.225712537765503,0.8927812575851265,3.044753692727221,2.1830145147385545,2.089864160377431,3.779680867132371,5.831221580505371
672-122797-0073.wav,1.6613260507583618,0.8911388770300033,3.1761460250147406,2.3469826198603068,2.39105643167392,2.3790690496462097,2.6299915313720703
3575-170457-0056.wav,3.635812997817993,0.9792356868373816,4.899990236348929,4.130022074213258,4.283694766095183,14.032285412933373,17.9019832611084
4992-23283-0012.wav,1.4757452011108398,0.8286760498621537,2.694633491734693,1.9393083956625927,2.01043817630173,-0.599016119287218,3.693345069885254
8555-284447-0007.wav,2.249358654022217,0.8555411417064327,3.722308714410124,2.720240438339093,2.96221835892262,3.733318460931062,6.369828224182129
3575-170457-0051.wav,3.445117950439453,0.9861340607074964,4.8486187185802105,4.018681761900428,4.171646227062328,13.27976377562342,17.157787322998047
61-70968-0003.wav,2.4275355339050293,0.9795097413422348,4.010584319849619,3.1526715455027308,3.220518607513926,8.148803621400672,10.736696243286133
260-123286-0008.wav,1.5036299228668213,0.8614952816238417,2.690769575143048,1.8595976435306008,2.0248612033217155,-2.1756204773441867,5.037968158721924
2094-142345-0003.wav,1.57541823387146,0.9149934165174726,3.11961660173336,2.164854791756489,2.31309249837903,0.4244104321852338,5.130789756774902
61-70968-0029.wav,2.517439126968384,0.9794001972359622,4.287075391028576,3.2081794708052613,3.4158594540488867,7.802794167437332,12.496109008789062
3575-170457-0014.wav,3.441978693008423,0.9791493962182972,4.751446876439212,3.9541965649138566,4.105028906624575,13.015013199780368,16.865772247314453
1580-141084-0021.wav,1.8409948348999023,0.8752125675456831,3.2253672527049377,2.0841123697987984,2.474729828124941,-1.7668723469874068,8.62596607208252
1995-1836-0007.wav,2.0571603775024414,0.9516558243070888,3.194297360162564,1.9234594150818165,2.442928509957767,-0.427709661241054,4.839287281036377
1580-141083-0053.wav,3.290890455245972,0.9395486114579888,4.503461846869957,3.4339171221640017,3.88921728307528,6.613516601119056,13.791025161743164
7176-92135-0039.wav,2.322714567184448,0.9779683092879564,3.658303873534871,2.934920698737299,2.9722767087696296,6.370104542951188,11.835172653198242
237-126133-0018.wav,2.27780818939209,0.9160506175168576,3.437734405838434,2.478627141878164,2.8396979521323007,-0.5251577413290481,9.975749015808104
6930-75918-0001.wav,1.1960924863815308,0.8130833965231461,2.6963334812736823,2.086612636650207,1.9214527703750504,1.5970428372126448,1.7346829175949097
4992-41806-0001.wav,2.881785154342652,0.9692147069937672,3.910837717130985,3.175608670337133,3.3329482657736893,8.032393870361675,15.12743854522705
8455-210777-0020.wav,1.4765011072158811,0.97794078147551,2.5312110957201672,2.4740944041456574,1.9929472678448248,5.088738929360493,14.862323760986328
7127-75946-0025.wav,1.3851162195205688,0.7099527223477652,2.9116238590910823,1.9865505186006376,2.1065945966684057,-0.6574450680178366,4.135984420776367
4970-29093-0017.wav,1.281568169593811,0.8473548791588427,1.9572346824249995,1.5420905172694002,1.4438595027777736,-0.9535767341809545,3.857740879058838
6930-81414-0018.wav,2.567586660385132,0.8853998825380466,3.879365900722994,2.9975502189442684,3.168840589933518,7.140099867049237,12.671459197998049
2094-142345-0024.wav,1.6061861515045166,0.8854128518779836,2.837712183026166,2.3412745493088245,2.124897907301156,5.7874446519497615,5.298440456390381
4446-2273-0028.wav,1.9666073322296145,0.9606690596793208,3.5813229445735093,2.334151968335472,2.761511965046325,-0.7883060156596774,12.416010856628418
2300-131720-0013.wav,1.3693559169769287,0.8706553390088448,2.527220835977442,1.790525885367558,1.846965395439271,-0.9880585803174464,1.098090410232544
7176-92135-0044.wav,2.4256622791290283,0.9748912287260956,4.059523038684085,3.1415616565849183,3.249392056259777,7.745713667674078,10.841514587402344
8224-274384-0011.wav,2.352238416671753,0.9591887640873012,3.8906675723468336,3.0539842615591457,3.113346084426526,7.5714566940557795,10.73554515838623
5142-36377-0001.wav,1.2781100273132324,0.8476864396141157,2.3390787612125106,1.85602703398568,1.750589597744262,-1.164428454461505,6.285590648651123
1284-1180-0027.wav,2.345053195953369,0.9060223305888816,3.753767937620093,2.7078600996316617,3.019526038543147,3.104523223712944,4.703235626220703
7127-75946-0006.wav,2.1203489303588867,0.9477291530515722,3.81341957615112,2.963146311210431,2.9555745206941797,7.987655508052712,8.867515563964844
6829-68769-0016.wav,3.600590705871582,0.98976640489552,4.576198719399421,3.626847547830038,4.050030689716214,8.725700670159387,17.025251388549805
5639-40744-0027.wav,1.085538625717163,0.8101664331589493,1.0,1.592212675059823,1.0,-2.5722032536068387,4.725172519683838
4446-2271-0011.wav,1.862550973892212,0.872058176472661,2.9078490892896744,2.544238449196669,2.3667391884508198,3.649927679571641,10.928915023803713
3729-6852-0045.wav,2.042853593826294,0.9192461197520784,3.208389282386127,2.471564633311857,2.5157619815168397,5.162575303995431,6.891961097717285
2094-142345-0043.wav,2.188295602798462,0.8548695810481477,3.813288442584152,2.9573378325647406,2.982171680312619,7.716901984216345,8.19555950164795
7127-75947-0036.wav,2.634622097015381,0.9167717959390652,4.016746446733448,2.4861091060726848,3.293463419241513,-2.474249847678525,10.930181503295898
61-70968-0000.wav,1.7982147932052612,0.9629532812977504,3.690980253726923,2.514442714687369,2.731161393241644,3.345830383153589,7.277239799499512
1089-134691-0013.wav,3.631377696990967,0.9862467812402504,4.8970851980315135,3.94551505411231,4.300471133698759,10.235739464171758,14.35876750946045
672-122797-0002.wav,2.6680986881256104,0.9660280912844522,4.088217997614404,3.168613740249538,3.371587563187564,6.97471380669473,8.363861083984375
5142-33396-0008.wav,2.093559741973877,0.9402632973019068,3.360212883173417,2.2833845048456896,2.6796218963279106,-0.9721736407164888,9.331987380981444
2094-142345-0053.wav,2.49261474609375,0.9372594482722248,4.049125139497733,2.926751867615702,3.259413409742721,4.64814471092054,12.517293930053713
1320-122612-0012.wav,2.2644171714782715,0.9563511295892844,3.7589264503800393,2.8581320488654347,2.998569899805429,5.343983652191741,4.382770538330078
1284-1181-0007.wav,3.439756155014038,0.97740728488273,4.639360880744865,3.65664711111116,4.035047751978239,8.885521924565962,13.398200035095217
2830-3980-0065.wav,1.5979900360107422,0.8234433424503631,3.1004376565206404,1.9947736477875848,2.284535533751557,-1.106621774788236,6.359485626220703
6829-68771-0006.wav,2.1603965759277344,0.9431885959721598,3.8909627461941945,2.714786537580827,3.021249298344857,3.438944646948391,6.3670854568481445
3729-6852-0038.wav,2.0427138805389404,0.9184232581194938,3.282141655923447,2.515164632608558,2.541913212881136,6.317227493515765,12.764426231384276
8555-284447-0013.wav,2.667372941970825,0.9438396166634874,4.0172879306541605,3.397948478064425,3.33324278193111,10.738779238911883,18.951366424560547
121-127105-0003.wav,2.5411148071289062,0.9083362491749843,3.6737401946971056,2.5161304903059123,3.0836656032728813,-1.644684291677823,5.182470798492432
1580-141084-0027.wav,1.903455376625061,0.8716853328914822,3.191534439130412,2.3055122734975506,2.456030703480008,2.745312121802906,11.067995071411133
4507-16021-0001.wav,2.420348644256592,0.9486726272746592,3.709620170067516,2.7934579256751,2.99882553934518,5.511340831133622,15.351316452026367
6930-76324-0002.wav,2.469663619995117,0.9308274245663516,3.8967817252083226,3.211660469978928,3.191826258474896,8.472096764372454,10.786602020263672
4446-2271-0019.wav,1.1978651285171509,0.6446685850121743,1.9528997718983037,1.38241825185782,1.4537047314856464,-5.244030999509636,5.205345630645752
8555-284447-0011.wav,2.0907013416290283,0.9561225948627629,3.3252084203964323,2.2539770758489617,2.595305196703459,1.4666663085996794,7.478133201599121
6829-68769-0011.wav,3.103278636932373,0.9803213620319788,4.5854553395590525,3.504592739212117,3.854639041752967,8.305763759707247,13.137304306030272
121-121726-0006.wav,4.114146709442139,0.9808960617385646,4.329119362859029,3.9184961106258696,4.240383823471668,7.080902872196177,18.69247436523437
672-122797-0006.wav,1.354120850563049,0.7651892140279706,2.986879922965832,2.014106013680176,2.120190298721393,0.3763076169312341,4.870051860809326
2830-3980-0066.wav,1.8103591203689573,0.896087923585492,3.230175335613228,2.4444488777701205,2.4711654137217587,3.766054710506418,8.761556625366211
7729-102255-0001.wav,3.14231276512146,0.9731633565500633,4.6487344678829485,3.765524250234059,3.929463611457913,11.11034741375781,15.766717910766602
2961-961-0015.wav,2.247527837753296,0.9618532263595064,3.5968954830762963,2.971489288489848,2.912106490899697,7.153065428195774,13.205352783203123
1089-134691-0014.wav,1.8575634956359863,0.8829530099828417,3.025551746450608,2.26891804946621,2.429981203839785,-0.9994077524456514,8.96961784362793
2300-131720-0036.wav,1.368634819984436,0.765698996171074,2.307713638762041,2.03364820551226,1.8059037892714085,-0.1425558632922341,1.4869515895843506
7176-92135-0031.wav,2.714108467102051,0.9845633825098028,4.200949027808147,3.2724892259022,3.478116591220061,7.075854494427405,10.54847240447998
61-70968-0010.wav,2.4694759845733643,0.9620784919104984,4.153984513189791,3.2533617909507178,3.3185157877322093,9.187974712094944,13.991430282592772
2830-3980-0001.wav,1.9085423946380613,0.9520890780336072,3.644852734025904,2.34717642020393,2.7717770408472173,-0.4923965613300598,7.543010234832764
908-157963-0030.wav,1.9569413661956787,0.8956357117049892,3.362848891449434,2.501072343818469,2.6376798965037445,2.3859415177994494,7.903700351715088
8463-294825-0014.wav,3.627041101455689,0.981682039807208,5.0,3.9737434505946654,4.340775031195192,11.286368260192427,21.350927352905277
5683-32865-0001.wav,2.7108824253082275,0.9612474873445016,3.904856214576135,3.25480519772203,3.294466954795184,8.348199281200884,13.948288917541504
121-123859-0002.wav,2.2082347869873047,0.917326235561454,3.639454234801172,2.345140219208649,2.882843564732413,-1.142766470922986,8.479743003845215
1995-1837-0002.wav,1.4789973497390747,0.7549546599577379,3.117420666590991,2.1804708521364797,2.256860795822788,1.688035310633296,3.162980079650879
7127-75946-0016.wav,2.4252147674560547,0.9120202291165574,3.819399436322037,2.625451371954032,3.0626995285086007,2.508318666377909,6.468188285827637
2961-960-0007.wav,1.5910240411758425,0.866128190569884,3.038364817960105,2.623836267893087,2.3045903843488014,6.53198049026886,11.895378112792969
5683-32865-0012.wav,1.8625694513320925,0.9112594047946294,3.311230751808535,2.189483112416839,2.547930818946276,-1.1208417930260188,7.906558513641357
8555-292519-0008.wav,1.100597858428955,0.4896635146658142,1.0,1.27156330863029,1.0,-0.902691175247059,-0.1339168548583984
1284-134647-0006.wav,1.7021894454956057,0.8077597673933483,3.1791885944760194,2.5348316513804034,2.407218875274169,5.314495998647234,8.100044250488281
1995-1837-0019.wav,2.184569835662842,0.8544088718117004,3.439104807531463,2.9249382692947457,2.7890423770389647,7.454059770125446,12.25623893737793
3575-170457-0049.wav,1.7013647556304932,0.8603073308742735,3.0131191140228304,2.138033620361772,2.3094543190562624,-0.3292173106916268,8.272665977478027
6930-76324-0005.wav,1.8983538150787356,0.8971152804623697,3.365286527008971,2.462947330314835,2.614602522609049,1.9920378098729732,6.443383693695068
1284-1181-0010.wav,2.3522660732269287,0.9270786638519082,3.849449009038696,2.9704887664811546,3.0849464707321057,6.594183950467067,8.818924903869629
2094-142345-0001.wav,2.514052391052246,0.958900488065025,4.0540306167982925,3.008771984755778,3.260671441698113,6.3164611563480575,7.094085693359375
8463-294825-0018.wav,2.891059398651123,0.9639707433222028,4.063703260994635,2.541127543412864,3.4063277709649222,-1.7846045745116708,8.515941619873047
1089-134691-0008.wav,2.4092049598693848,0.9372434387078392,3.998677525943191,2.8735774036974218,3.201230276199168,4.038792988900602,6.632298946380615
8463-294828-0001.wav,2.698622703552246,0.947080521940086,4.277937672592565,3.3031057708687364,3.5032263677606634,7.916264427154636,14.83198356628418
5639-40744-0034.wav,2.9955945014953613,0.985541271099151,4.3166660466337525,3.4622949403798216,3.658207447193745,8.817676893764729,8.005080223083496
260-123286-0026.wav,1.2608052492141724,0.8062633491446096,2.6247202776530334,1.7660537005052808,1.892488979032168,-2.8362629235360624,2.889859437942505
237-134500-0011.wav,3.1765878200531006,0.9278701675273016,4.352918231469914,3.257877882598837,3.76207114354057,4.4451028918076405,14.83259391784668
4507-16021-0054.wav,2.4565749168396,0.9120482574906844,3.6326082952678207,2.8938789409824257,2.9827938489051755,6.654487247007587,14.687800407409668
4446-2275-0037.wav,2.5587050914764404,0.9813580310921176,3.9172375157348913,3.2226856813287794,3.218701638662461,9.216874152227492,18.370481491088867
8555-292519-0013.wav,1.5017614364624023,0.8108257831978807,2.33003995151636,1.5122692649855156,1.753021665774143,-3.647256478758856,-1.4649360179901123
8230-279154-0025.wav,1.8774209022521973,0.8781825904907927,3.2260806032452503,2.207430466965067,2.502200073910272,-0.4700753386822917,1.4927709102630615
8230-279154-0020.wav,2.2320053577423096,0.9153612651581196,3.580196072045741,2.5843986522147144,2.867443454121055,2.3829144104712205,3.5294718742370605
8463-294828-0027.wav,2.4660418033599854,0.9705679198771808,4.065797644375735,3.159506457696037,3.2690608729872777,7.89352076059135,12.537245750427246
2830-3980-0067.wav,1.6122967004776,0.8502234158509135,3.111128081273397,2.0892896050043404,2.3038316975553457,-0.0124290656096747,5.128626346588135
1580-141083-0025.wav,2.2739481925964355,0.923681233753438,3.869902917323463,2.793638311300401,3.054509099842238,4.42825931808749,12.771090507507324
6930-81414-0016.wav,1.572511911392212,0.9084965050101832,3.216729953622224,2.527797609187294,2.367256627529913,5.885343327407846,8.68323040008545
8555-284447-0012.wav,3.449110269546509,0.9654988881287452,4.507602538073392,3.4465947381284656,3.960988650447964,6.063002046763185,15.57247257232666
3575-170457-0045.wav,2.481128215789795,0.9559182445525756,3.895901009001517,2.598637685381848,3.17123626809122,-0.2024725316286306,13.315543174743652
4992-41806-0004.wav,2.678157329559326,0.98083601020833,3.923116656530154,2.811361644824649,3.2382150871892565,3.708350748546247,12.715457916259766
4446-2271-0012.wav,2.083570003509521,0.9502962845607358,3.39103365341206,2.8501671058203275,2.704093558142625,7.475385312126844,12.945284843444824
7127-75946-0020.wav,2.5768861770629883,0.9322139718339802,4.28288174019006,3.512899155844609,3.445312166578703,12.1215725879652,11.885510444641112
4446-2275-0007.wav,1.5396506786346436,0.8591758700998121,3.187716242713134,2.054747519069752,2.3122484984943914,-0.3176117732375372,6.431707859039307
6829-68771-0032.wav,1.7927356958389282,0.9186547756165208,3.322604936380229,2.4622585616897763,2.5308763024326355,3.1858518147112247,8.145763397216797
4446-2275-0017.wav,2.989363431930542,0.973482269919876,4.442005829764282,3.419563363634823,3.7169169246934977,8.20911963698998,13.171295166015623
6930-75918-0009.wav,3.688190221786499,0.968407104229824,4.979270399938365,4.177332496068701,4.354008726961017,14.191197223211988,18.276948928833008
2830-3980-0040.wav,1.6154944896697998,0.8338354249666776,3.236225420597868,2.054749976098301,2.3578871221309368,-0.1529805869820286,6.642072677612305
61-70970-0023.wav,1.565286636352539,0.8730353396063089,3.031825370707354,2.341635773389632,2.253839409144675,3.767952207808976,10.396843910217283
1580-141084-0031.wav,3.755834817886353,0.981126570950472,5.0,4.218926503774312,4.499243231561693,13.4994053729959,20.771150588989254
7021-85628-0013.wav,3.06191086769104,0.986823242363112,4.530098245135113,3.516253965152956,3.7969006855168543,9.214703252996546,15.304442405700684
1221-135767-0024.wav,2.111564874649048,0.8931953802094402,3.777313952414712,2.487605953871009,2.9330909658499302,0.5096922239333722,6.633839130401611
1320-122617-0026.wav,1.7980926036834717,0.8654329367392174,2.8600450613235147,2.080353099246632,2.247407838040001,-0.4487091394140069,-1.887591361999512
8455-210777-0003.wav,1.7027415037155151,0.921661058969388,3.211952342681897,2.6038974152248526,2.438104058473713,5.776361971430421,9.928359985351562
2961-960-0012.wav,1.959568738937378,0.9490826126160984,3.096024015993984,2.7385707966045083,2.490191812102416,6.84300014414598,14.214004516601562
4507-16021-0027.wav,1.0458546876907349,0.2128766508496411,1.0,1.0,1.0,-4.501741495153561,-7.274608135223389
4507-16021-0022.wav,1.4166101217269895,0.748870118755263,1.9193843124958043,1.5546976115904925,1.4267105513994358,1.152177853771628,3.77286696434021
8224-274381-0015.wav,2.3472795486450195,0.916026048041175,3.242269746879208,2.7159364468077376,2.7636365935037266,3.326295973834141,3.735288381576538
3575-170457-0000.wav,3.650855302810669,0.9883803584603968,4.957760718098203,4.148922846347758,4.318571387612934,14.282674129541473,17.17624855041504
6930-76324-0013.wav,1.3830249309539795,0.8302439180376382,2.9135010441479583,1.9491664545400669,2.1022111759863704,-1.0472211765007826,8.255617141723633
4992-41806-0007.wav,1.8732950687408447,0.8985255119509906,2.779895766115537,2.129174732332241,2.211623610445949,1.2483279537252834,10.225528717041016
3570-5695-0015.wav,2.07462477684021,0.9443585947676356,3.6989238933911617,2.938861208501472,2.8775225796300155,7.860681708682934,8.82941722869873
3729-6852-0037.wav,2.5439510345458984,0.9730350465035588,3.5119718450468955,2.984857930727687,2.9088325722775767,9.99363289461098,16.507354736328125
4992-41806-0006.wav,1.4960709810256958,0.8323397074208722,1.974559646501132,1.6592406894260538,1.6058219407875636,-2.705336014238437,7.981274604797363
260-123286-0027.wav,1.6156768798828125,0.884924538812983,3.191051787963045,2.413566013022083,2.3732865509774137,3.8763823087091023,9.008262634277344
1320-122617-0033.wav,2.026694297790528,0.895412075365613,3.201901166906375,2.2694702799179454,2.53551044114172,0.7054822080180124,0.1400844156742096
1580-141083-0051.wav,3.0539040565490723,0.9795818999351052,4.3960875117558365,3.7509311159138505,3.7423850285673104,12.286409314682318,16.804840087890625
3729-6852-0010.wav,2.235026359558105,0.8035928127854425,3.31890458721507,1.999695095421,2.615377642006224,-1.4761764515924745,8.525444030761719
1320-122617-0001.wav,1.3818609714508057,0.8207551728086947,2.8151667915370804,1.92733301777978,2.0476655286463905,-1.163349700753886,-1.4895811080932615
7021-85628-0002.wav,2.2524685859680176,0.9675639052791885,3.724864470883526,2.785911258065445,2.97138814174902,4.473323430231538,10.694208145141602
672-122797-0025.wav,3.112181663513184,0.9549031355294108,4.297467568995647,3.373338324118466,3.69662131269018,7.001592560767136,11.670196533203123
1320-122617-0037.wav,1.6852025985717771,0.8304397601771955,2.975451119814811,1.9162536687718403,2.2467005460849583,-2.1473899475559586,0.5620377063751221
1995-1826-0003.wav,3.055922508239746,0.9662521996482376,4.4925895461905805,3.321302656139567,3.7771013467812335,6.082499048878788,13.112154006958008
5683-32866-0018.wav,2.932363271713257,0.9657690955324248,4.253735322809175,3.4227224091936,3.5617348660792265,10.133403757730331,18.07536125183105
4992-41797-0018.wav,3.225193977355957,0.9863879035700364,4.564192400914956,3.667057898031999,3.886146244616631,10.817660767080817,16.160375595092773
908-31957-0004.wav,1.406233787536621,0.7972444232918477,2.2963394297884068,1.5830793488663075,1.6884721241441256,-1.8186231836676536,-0.3026688694953918
2961-961-0005.wav,2.3171722888946533,0.9687230464871288,3.20696402300988,2.4668647224680256,2.6800642603921663,1.839505140050666,9.435588836669922
1995-1826-0023.wav,2.148181676864624,0.9515952769202264,3.4247666992465717,2.868083625200234,2.706558295463179,9.337964657375569,14.938714981079102
8455-210777-0063.wav,2.4830236434936523,0.9885672877084344,3.5059027321613327,2.994754190426081,2.9588622429557083,6.920148326700427,14.158158302307127
7176-92135-0004.wav,1.0892606973648071,0.7329820910351869,1.0,1.0549564659289945,1.0,-2.9324086005490706,-0.5893747210502625
6829-68771-0009.wav,2.6320412158966064,0.9631078560050232,4.185960415722271,3.032153421826328,3.4104067618774248,4.71245825751766,3.950758934020996
1580-141083-0024.wav,3.4714808464050293,0.9244662977300078,4.741811541876363,3.623359440242154,4.089026763096064,8.689970456499164,16.750890731811523
61-70968-0050.wav,2.711876630783081,0.976147319437368,4.384427162998933,3.409434178489182,3.56278815183057,9.508610734038774,14.92225456237793
7176-92135-0001.wav,2.107117891311645,0.9643493986744476,3.579414981794147,2.250309135462876,2.813984247106251,-2.412828036125341,5.627119541168213
1221-135767-0008.wav,1.896376371383667,0.881924995732299,3.493791856767092,2.538472748024608,2.647299913876838,4.53840359055758,10.326844215393066
1995-1836-0013.wav,2.9416604042053223,0.9340690149953764,4.027543569355333,3.4705117218455666,3.4819910848678752,9.583018939084294,12.80104160308838
2961-960-0006.wav,1.4642927646636963,0.8645828801944543,2.9965250249418776,2.5223327079173545,2.2184176848021537,5.942263746947964,10.329687118530272
3570-5695-0009.wav,2.331746816635132,0.9046177194614018,3.577009344909256,2.469994535194395,2.930474523422889,-0.8176672388199294,5.909605979919434
1089-134686-0008.wav,1.6225537061691284,0.8528201850229311,3.209174529239374,2.3024999270334736,2.377951396278618,2.406016664180136,4.684709072113037
1284-1180-0010.wav,3.017485380172729,0.9664622879421444,4.416006316759877,3.455292296149624,3.728979619516088,8.08709566213685,12.570596694946287
5142-33396-0066.wav,3.524967908859253,0.9860714265239716,4.432101620032396,4.012260662318002,3.956029232845264,14.717313319141898,17.580047607421875
4970-29095-0023.wav,1.54301118850708,0.8335629005782373,2.676579633812604,1.848135212497529,2.032793606508394,-2.440768678825223,7.379353523254394
2830-3980-0060.wav,1.4765710830688477,0.8779383354340281,2.957168580827855,2.2616709856920085,2.1691120875814245,3.294356453959763,9.845117568969728
1995-1837-0027.wav,3.183780670166016,0.9608815113645331,4.44093290248697,3.5818435336461656,3.820969026020751,9.027383848836598,12.32254123687744
4970-29093-0022.wav,3.842782497406006,0.9405141436029192,4.912673061982322,3.787383724205288,4.372984279930639,7.971985242511844,15.63514804840088
1580-141084-0004.wav,1.3063502311706543,0.6905742051341422,2.8970501768757555,1.985823436996636,2.0655189251896693,-0.3335088514550607,7.585409164428711
6829-68769-0042.wav,3.0349695682525635,0.9729311136226568,4.34286395109802,2.9919902756487438,3.664860436213104,2.211000144206932,12.258014678955078
237-126133-0017.wav,2.257746458053589,0.9582134268891536,3.751015999049352,2.913986013444583,3.001018502165235,5.851455152524705,16.832246780395508
5142-36377-0021.wav,1.6951055526733398,0.9636469171921842,3.1325651033939947,3.012731549884764,2.4186190807819417,11.271965580233484,4.645164489746094
6829-68769-0033.wav,1.9390637874603271,0.9069514103769396,3.632928139716392,2.1335538605844606,2.7432270201654587,-2.43928586185843,4.363190174102783
260-123440-0008.wav,1.7127894163131714,0.9479334495805932,2.9256080781521625,2.219967150077512,2.2495839449526955,1.8581851663009,10.159774780273438
8555-284447-0004.wav,1.3943301439285278,0.8235275648480468,2.617202683071266,2.341253275635999,1.9633608654265575,4.964141916389059,10.913360595703123
5683-32865-0009.wav,3.0525903701782227,0.9715889584104916,4.40818572634304,3.708728370311505,3.7217536018730986,12.77148947250615,18.25604057312012
4446-2275-0030.wav,2.297149419784546,0.9372786315569052,3.997054029407922,2.4939551716928934,3.1347900345409325,-0.7380972480560164,8.667966842651367
8463-294825-0017.wav,2.109421730041504,0.9650214197978836,3.5954392175088685,2.4238896387380686,2.778716681577543,2.281342707827608,12.48410701751709
3570-5694-0015.wav,2.650996446609497,0.9690480245857304,4.030458244413898,3.2656630282381345,3.336024044919024,8.56510075389767,14.060040473937988
7127-75946-0000.wav,2.141953229904175,0.9444756298094628,3.729415921710606,2.974396122758052,2.9225418036515034,8.096785730933679,7.929496765136719
5639-40744-0000.wav,2.483761072158813,0.9421480393253624,3.443970608982181,2.231940894791421,2.86849112432382,-2.553225720044826,9.286301612854004
1320-122617-0012.wav,1.2138535976409912,0.63038700558371,1.379316433024412,1.5431210756657794,1.128826616398996,-0.7193332326707478,-0.3259002566337585
8555-292519-0000.wav,2.1893270015716557,0.8796915139315019,3.124828732949417,2.8082271985780283,2.601238111677281,7.056015123633774,11.832635879516602
3570-5694-0002.wav,2.34443736076355,0.9896832656900088,3.880628136520802,3.373429816059584,3.121777652633286,11.93607305566757,17.855560302734375
5683-32866-0024.wav,1.291392803192139,0.6468459778032636,2.244957718906853,1.8425243449520012,1.704404359220289,-1.2125072345575958,6.058058261871338
7021-85628-0004.wav,1.2012289762496948,0.7464748861648548,1.6131616075060848,1.4313225367732405,1.2733989125160323,-3.922255296899416,2.0493860244750977
1089-134686-0025.wav,3.112614870071411,0.9782891066671666,4.455939715416953,3.3334708216396467,3.780627857053911,6.147980285807239,12.09450340270996
1221-135767-0007.wav,1.733815312385559,0.9122122943368556,3.570625191274953,2.667150133255825,2.641253915202153,6.148354669018289,5.17960262298584
260-123288-0015.wav,2.118226766586304,0.9529087971018042,3.491525901324109,2.3062594753989245,2.7711929857687747,-1.4032646867540246,7.958022117614746
5683-32879-0002.wav,1.3589895963668823,0.8044568277280836,2.1301387996857963,1.615538463632407,1.5987629117825035,-1.6870733788948924,5.846526145935059
4507-16021-0039.wav,2.2375588417053223,0.8891668039393777,3.64907004751431,2.897713739711043,2.92592583628606,6.370798718481105,11.050121307373049
6829-68771-0014.wav,2.2413015365600586,0.9589186280589324,3.849498823383944,3.0614425934015523,3.034241149947221,8.6461670588974,10.250808715820312
6829-68769-0001.wav,1.747330665588379,0.918832731523975,3.3274109611236926,2.174506716963754,2.5132196588795583,-1.1640250782255053,11.335601806640623
8230-279154-0012.wav,1.7847206592559814,0.844696331692139,3.2688338516174382,2.153886728714032,2.484698902950015,-0.9707101351161632,4.6882524490356445
260-123286-0010.wav,2.2119486331939697,0.9753431812216236,3.411514705041593,2.5849466267688683,2.7681201163601914,2.7757391718426336,10.235491752624512
1284-1180-0031.wav,3.015565156936645,0.969980778830126,4.455881998731323,3.6602653568771206,3.7516834202898286,11.186349825981752,14.46623420715332
61-70970-0010.wav,1.5646041631698608,0.8884439015540373,3.222105979363295,2.085382562855552,2.35526157714295,-0.6067062862421003,7.970633506774902
3575-170457-0012.wav,2.4841442108154297,0.9514905385515484,3.6575474874999214,2.626011376304178,3.015695943250833,1.903907646566385,9.862862586975098
2094-142345-0004.wav,2.4676077365875244,0.8476147748685985,4.0136337991113855,2.9663774624202333,3.2269028860273803,5.5648198256935615,8.373331069946289
5142-33396-0048.wav,3.535712480545044,0.9710887441025058,4.67394724070454,4.098044948063108,4.1202956216740825,14.30092824492922,19.58697509765625
2830-3980-0052.wav,1.6046967506408691,0.782614659306169,2.5046268785029926,2.0300072220101986,2.028138688706197,-2.214082516535014,6.022498607635498
2300-131720-0014.wav,1.953889012336731,0.8848839079907624,3.201967454978276,2.278191833143606,2.53076615892444,-0.0129965207609717,-0.0171727482229471
5142-36377-0008.wav,2.614060401916504,0.9627148723880382,4.032902099570221,3.192098348131185,3.3133247134618253,7.909575457744446,11.000746726989746
8463-294828-0024.wav,2.207225799560547,0.964351922929227,3.542470841358816,3.008599648437895,2.864234329037339,8.067330277545235,15.610595703125
4970-29095-0035.wav,2.579839944839477,0.8832651300473546,3.8061345418851538,2.41798344207158,3.151068888315137,-2.702136960170374,6.504084587097168
2961-960-0008.wav,1.3918966054916382,0.81135832051501,2.653580377683471,2.1438797080840537,1.9709973746463905,2.256582445363071,3.786608695983887
1188-133604-0040.wav,3.20405650138855,0.9369875642071226,4.506848932136897,3.5136067439008203,3.859835341948276,7.974153853078158,13.851984977722168
2961-960-0017.wav,1.3273149728775024,0.830094580310165,2.6455387861587063,2.412613072606986,1.9596326921570648,5.8997860726486016,10.05592918395996
5142-33396-0011.wav,2.339274644851685,0.9390066510042672,3.646545917026231,2.5739115179325927,2.9777374644713426,0.3842276013499975,13.027751922607422
1188-133604-0019.wav,2.115692377090454,0.8815280947977596,3.0481454735689786,2.65982333963466,2.5702451274750304,3.305275172198709,10.649613380432127
237-134500-0006.wav,2.615087985992432,0.9258944104241054,3.9821575399521136,3.323791346558245,3.2948437804306305,9.71681133776868,14.399081230163574
61-70970-0020.wav,2.154249429702759,0.9426864245007256,3.926490118788547,2.957616984149742,3.027269149319177,7.716892591932262,14.171313285827637
260-123288-0020.wav,1.925013542175293,0.9350023561137902,2.716682194520431,2.081341953739358,2.280002051015853,-3.1511694329684827,8.644947052001953
2094-142345-0025.wav,2.0073113441467285,0.9218869437515956,3.574370128309008,2.465135531374169,2.736740544087316,2.8265426300066667,8.603968620300293
61-70968-0046.wav,2.4014816284179688,0.9741457503133528,4.111816919017502,3.07580175068635,3.256465324967324,7.1821640552262656,11.960275650024414
5683-32879-0019.wav,2.932803153991699,0.9237554692156474,4.395402487865792,3.60534991328164,3.6579528825763545,11.905122588212008,17.863441467285156
2830-3980-0029.wav,1.5218360424041748,0.7188077302005103,2.6996693754928063,1.951497863247066,2.024266167287858,-0.228644354757397,4.057473182678223
7176-92135-0027.wav,2.568889617919922,0.9721366381578026,4.10657265851788,2.9982437722912074,3.351824437335832,4.089050142055791,7.910617828369141
2830-3980-0068.wav,1.792721152305603,0.85011914552232,3.464978643667484,2.5496096676893725,2.577475352362652,5.640240117179833,11.191390991210938
8455-210777-0069.wav,1.9510102272033687,0.9780400693490164,3.421595498041874,3.007407120411789,2.691918149348915,9.23422961613307,15.115072250366213
1089-134691-0000.wav,1.3835434913635254,0.8462021227408182,1.735117471874166,1.5140816109681872,1.4167232312398896,-3.5768680127004178,4.556060791015625
61-70968-0014.wav,1.894917726516724,0.929345443747988,3.644315346806697,2.573409987673932,2.7627414710053984,3.285179330653958,9.3168306350708
4446-2275-0028.wav,1.34148907661438,0.9205037690621588,3.309971776188013,2.540154199966916,2.312895052428308,7.133670060747416,10.480712890625
3575-170457-0006.wav,3.154961585998535,0.9789266720146887,4.616596005584956,3.7882908850818193,3.8989485127692975,12.297078848896795,15.746527671813965
260-123440-0010.wav,2.5866827964782715,0.9456311667538896,4.011276350213094,2.8111704047319592,3.2947149999356142,1.8075536941876544,16.021446228027344
5683-32879-0014.wav,2.8406803607940674,0.9310336323689716,4.140469183951766,2.908083069286625,3.45993983906571,2.6222815799734174,12.126270294189451
5142-33396-0047.wav,1.8337293863296509,0.9546031955502317,3.06277025462749,2.77249277553221,2.436275187869031,7.183025645672462,15.513504028320312
5105-28241-0006.wav,3.347888708114624,0.9703215845030176,4.712424878513512,3.839041689174133,4.044785392349513,11.606519623307497,15.347748756408691
1188-133604-0037.wav,1.7437262535095217,0.8952937691565069,3.260820903507349,2.170209682020608,2.4692875206847797,-0.8092868861093855,5.119234085083008
3729-6852-0023.wav,2.191354751586914,0.925057893158704,3.585534566913235,2.572099481292624,2.808751475292623,4.294659299898955,11.548022270202637
1320-122617-0034.wav,2.159806251525879,0.8994736170856509,3.5494622949748957,2.465786509932259,2.7904985415761665,2.15803258329308,1.5370545387268066
7729-102255-0003.wav,2.079099416732788,0.9289246980748196,3.400642390136108,2.789522175741137,2.71827558757712,6.033024370873766,10.174787521362305
8555-292519-0003.wav,1.3073179721832275,0.7335455551974279,2.035267526817528,1.4461792149184034,1.48595860918605,-2.2426337557485634,1.995160460472107
7127-75946-0002.wav,1.558748483657837,0.8762753506775299,3.321314447493519,2.4242528611176786,2.424628272756345,3.8050015906898818,4.111784934997559
237-126133-0019.wav,2.215330123901367,0.905961947978015,3.5563681299264616,2.864238518951589,2.8738666746817287,5.774972199692215,13.234182357788086
7176-88083-0015.wav,2.8535852432250977,0.991052380166693,4.450800139076068,3.4969078251512298,3.673296511363761,9.560834843213184,13.111480712890623
1580-141083-0008.wav,1.9578346014022827,0.8874611894686764,3.5326587599125383,2.2765615811829503,2.700056061230008,-0.1902056608776743,10.730401039123535
6930-76324-0011.wav,1.879055738449097,0.8814392661706555,3.314780780919027,2.4833213455183865,2.564381687185956,3.137977805318519,5.369886875152588
8555-284447-0018.wav,1.9964613914489744,0.8630655336949693,3.522863538538912,2.7800342206092865,2.7284274464246705,6.902977664533799,9.458914756774902
4507-16021-0041.wav,3.259059190750122,0.9492468178189628,4.510555242663687,3.5460182460138454,3.865959714228424,9.106433709834242,17.5557861328125
5142-33396-0032.wav,2.488496780395508,0.94002324423601,3.708794973874375,2.58268044670096,3.086425173702485,-0.7128642202216295,11.974929809570312
6829-68771-0023.wav,2.449392080307007,0.9763098494734171,3.8523174716516033,2.6237807900087944,3.107124637545485,1.600580848959425,14.535889625549316
5683-32866-0022.wav,2.815361738204956,0.9779436077856198,4.014824245564255,3.32117910993115,3.375954432614745,9.754034538651126,16.32230567932129
260-123286-0025.wav,2.1382291316986084,0.9629493708759196,3.539367676864504,2.8805572682535683,2.829022514562376,6.50672295077105,7.496554374694824
7176-88083-0021.wav,1.1272815465927124,0.5676129418229755,1.5605940854870113,1.1096930461316488,1.0874645985953562,-3.0719435409357896,-8.551440238952637
7021-85628-0012.wav,1.62978196144104,0.908409181599554,3.09286361479013,2.290827257051669,2.335514221631331,1.6466267405099595,6.438637733459473
6930-76324-0024.wav,1.252993106842041,0.8155488115630974,2.6160601879426677,2.278098936668927,1.912968832612863,4.084730954189062,4.953008651733398
1995-1837-0001.wav,2.3625411987304688,0.9524346293634364,3.937709247168125,3.2613287129787505,3.1545911719723265,10.227737713640192,14.005483627319336
672-122797-0042.wav,1.5582070350646973,0.6493968887579662,2.8789011455088045,1.8941581995130543,2.1445568441513534,-1.9762516962800367,2.2958109378814697
7176-92135-0040.wav,2.125571012496948,0.9536670312432642,3.4599578906580164,2.547112148284834,2.7638597031013123,2.1585155916143512,10.724772453308104
1320-122617-0028.wav,1.5992381572723389,0.859058910317554,2.697072439292143,2.099888143278489,2.0686401412708904,1.2495408852749257,0.5884924530982971
61-70968-0009.wav,2.2228171825408936,0.9400404284410552,3.832167895368027,3.0148707537784305,3.006788132696935,8.465550085100789,11.293810844421388
7021-85628-0005.wav,1.6453752517700195,0.8932458290892533,3.2262562646198742,2.1366039540240767,2.410630541151707,-0.9580051166462292,5.097934722900391
4077-13751-0006.wav,1.9918227195739744,0.8711414572082354,3.3960129810709407,2.3928324729353387,2.6337024688289965,2.0815253346131897,3.0386199951171875
908-157963-0022.wav,1.9701757431030276,0.9346498257518024,3.619004421131618,2.574803890896322,2.756607937856185,4.126021385553987,7.866981029510498
1089-134691-0015.wav,2.6833419799804688,0.7578395081233009,4.047733778153863,3.060600807920268,3.349117354150734,5.586206258989703,15.01606559753418
1580-141084-0050.wav,1.970846176147461,0.8966349736752356,3.5575834747848702,2.249141507482995,2.713005643203822,-0.4588169716623137,10.225330352783203
1284-1181-0019.wav,1.5883265733718872,0.8696278530975786,3.1817851580397494,2.4256811881840905,2.3784120476413926,3.2387315225088456,4.946845054626465
7021-79740-0003.wav,1.300399899482727,0.8995139068759562,2.5453502886764143,2.2504752472539846,1.890390615676776,3.785928353031852,7.508479118347168
61-70968-0023.wav,2.816145420074463,0.9878032830757096,4.497740033604046,3.521290247228878,3.6705664220216367,10.548277412091194,15.338135719299316
7729-102255-0016.wav,1.4055125713348389,0.7850466771878005,2.6187051839828093,1.7310861368016075,1.9290126915188857,-3.0108174418102647,1.2103028297424316
5105-28233-0009.wav,2.1362016201019287,0.9059869850109304,3.6250703951060985,2.629014187346284,2.8607170910303936,2.9666340476380744,10.092638969421388
4992-23283-0005.wav,2.652388095855713,0.9543724426368908,3.958218171993281,3.104894325098319,3.2801131356343403,6.91332018714844,11.061883926391602
1221-135767-0004.wav,1.2056834697723389,0.9292100455032688,3.3394783821329383,2.614979609156412,2.276891336482752,8.563478925982935,5.581413269042969
4970-29095-0014.wav,1.4761500358581543,0.8714220621539015,2.7798431717156333,1.7815361984585536,2.0440945483163,-2.712261230062741,6.093632698059082
3570-5696-0005.wav,1.6595598459243774,0.9499129999834252,3.300536133222865,2.491634121123661,2.4603073915427904,4.325038382036986,6.930952548980713
8455-210777-0014.wav,1.9860994815826416,0.962627966867678,3.615225595001526,2.8228807557833617,2.8045625803659933,6.101528140788707,12.3414306640625
1188-133604-0030.wav,2.82401704788208,0.951338186843351,4.091826778514563,3.1885189812759256,3.4405355340102983,6.617917315951641,14.932230949401855
2300-131720-0010.wav,1.1947799921035769,0.6435923045138058,2.2596888159259803,1.6930464330922856,1.6375643940555973,-1.7337621911235908,-2.0293374061584477
260-123286-0018.wav,2.003573179244995,0.935866029618031,3.288159974607429,2.436776463196233,2.587314868952076,2.630710189426241,8.620521545410156
5683-32866-0008.wav,2.644221305847168,0.9059555966826872,3.827736753364108,2.987110127569645,3.1661140843216486,7.086211733890325,13.573336601257324
8455-210777-0019.wav,2.124910354614258,0.9658113254957496,3.591382636889661,3.010693302914717,2.856664571954244,8.299521901569356,13.6564302444458
4077-13751-0012.wav,1.3564354181289673,0.7729509833908215,2.4759193986865826,1.7180575111252443,1.8171902969462292,-2.140569724392438,0.8898639678955078
8463-294828-0031.wav,2.5596368312835693,0.9731539476990092,4.207212501002654,3.0157487043321947,3.390280411873194,4.743192969296612,12.760777473449709
61-70968-0004.wav,1.6083652973175049,0.9306686873355866,3.319978330412233,2.53096734138805,2.438382663259623,5.591017228563628,10.935251235961914
121-127105-0025.wav,2.6653501987457275,0.9640579115105586,4.1932766032771065,3.3282385121996807,3.430196730905545,9.189025614001151,11.209955215454102
3729-6852-0012.wav,2.4386303424835205,0.9487029591864512,3.010736116083039,1.960897563850022,2.524804672644743,-1.8722340676821216,9.634922981262209
5683-32879-0022.wav,2.7353885173797607,0.9264074486304128,4.04580545105631,2.9277927186400543,3.3463918803903345,4.319003584747304,15.91315460205078
5105-28233-0002.wav,1.9766005277633667,0.8985150652138267,3.376488695286801,2.7422371254344933,2.655991507560288,5.994402545951373,12.317499160766602
3729-6852-0009.wav,2.1817173957824707,0.9124713586074292,3.6808805133578,2.830517961912156,2.9100247815834903,5.883458754772168,9.863358497619627
5142-33396-0058.wav,2.1558425426483154,0.919662511684264,3.290834100340404,2.29992417418409,2.6805673375924925,-1.3591229726076306,10.52739143371582
8455-210777-0016.wav,1.57374370098114,0.9246257276134718,3.031480023514068,2.383552457642344,2.2847341478989383,3.18852050933113,9.533990859985352
8463-287645-0005.wav,2.1075050830841064,0.92159238731931,3.563831186148628,2.8294935273640784,2.815009601377216,6.399439684691381,10.281036376953123
6930-81414-0023.wav,1.0866659879684448,0.7554164493301598,1.7378325533743135,1.877963292345724,1.3471464129298756,0.9715242123554576,-1.261646747589111
7127-75947-0016.wav,2.794893503189087,0.9578985591355904,4.165182672542732,2.779692636034562,3.472882930148079,-0.1154220824815225,10.615347862243652
908-31957-0003.wav,2.1148462295532227,0.934419762446324,3.643218258266723,2.4708823845322043,2.8319599379852822,1.808374603323567,7.8234429359436035
4992-41797-0005.wav,2.541632890701294,0.9389554162340162,3.732505555323968,3.029362286363379,3.078191423096278,8.038918810946878,15.478276252746582
260-123288-0008.wav,2.082195997238159,0.9766352832310684,3.9401817263185737,3.38869366127824,3.0425363281808706,13.130500711528676,17.280067443847656
61-70968-0034.wav,2.137420415878296,0.9208471160891608,3.710248477371796,2.3980562565757864,2.87414655496247,0.594130528055518,9.819602012634276
2094-142345-0049.wav,1.7967379093170166,0.8258543791818661,3.285426001267583,2.356118686893559,2.4866545472013644,2.693083314680838,6.463655471801758
237-126133-0011.wav,3.013993740081787,0.9291674880164096,4.03840977275536,3.1619868689427744,3.5032009568412223,5.0500045645205,12.77073097229004
7176-88083-0003.wav,2.2755072116851807,0.9431023650214264,3.715714533242366,3.00496000496731,3.000847689755093,6.789506545396468,7.842100143432617
4507-16021-0003.wav,1.9153791666030884,0.9228547665063874,3.0657516354420067,2.0444174158026254,2.400065896469027,-1.5159512813060798,4.074472427368164
8463-294828-0032.wav,1.7482821941375732,0.9467992196285407,3.21017172766628,2.3967658650450323,2.458364340788479,2.2245463921070234,11.226964950561523
4970-29095-0036.wav,3.1206986904144287,0.9324874082954666,4.450204284122441,3.4247087077500558,3.773912030871259,7.884875742462269,12.702678680419922
61-70968-0056.wav,2.238399744033813,0.9598587452473506,3.77499422879039,3.040278738077041,2.9967746987773505,8.285100331456109,14.18554401397705
5142-33396-0039.wav,3.271512746810913,0.991786220358148,4.395703103323756,3.092950244823702,3.838584973213233,0.7857197131657612,17.421981811523438
5639-40744-0025.wav,2.807425022125244,0.9673629190358156,4.003063703647012,2.87396601833434,3.3871056236504025,1.7899220775643845,6.91606330871582
7127-75946-0028.wav,2.237501859664917,0.8668203927231201,3.602575761111689,2.9873780432152626,2.905434698237845,7.6767560534859,9.225354194641112
8230-279154-0017.wav,2.6786813735961914,0.9586902438868672,4.089582175143678,3.0157306274718496,3.365861406715228,4.985345859147686,7.302079200744629
1221-135767-0011.wav,1.3842790126800537,0.7631453396121024,2.9173314999148268,1.987303666736142,2.102614824168435,-0.3572937164325805,4.481793403625488
672-122797-0009.wav,1.5718737840652466,0.773452456648082,2.794676416454794,2.3232068848665133,2.104160245909454,4.967833663485502,11.446810722351074
8455-210777-0029.wav,2.8775393962860107,0.96518686503318,3.896606415364382,3.034847389889177,3.3387689299603505,5.167401911675495,16.55820083618164
5105-28241-0005.wav,2.725297212600708,0.9282013990624912,4.131902789037578,3.5579520109662486,3.445081259672583,11.712888343640858,16.330631256103516
8230-279154-0019.wav,1.5250377655029297,0.7906357703403987,2.810871747163927,1.6551004119495,2.051465719555348,-3.6469787671878793,-0.3223033249378204
6829-68771-0001.wav,2.145483493804932,0.9528652749360994,3.735006022791865,2.693717920838493,2.922440067676637,3.820364751285758,10.893712043762209
7176-92135-0018.wav,2.4792919158935547,0.9729187348301136,4.016241829885673,3.086396544369522,3.253571831149157,6.523351485867189,9.579893112182615
6930-81414-0026.wav,3.171746253967285,0.9074103087078228,4.4765171157701324,3.674753965709431,3.832421682144201,10.601217429805155,13.628491401672363
3570-5694-0005.wav,2.4287054538726807,0.9594903608767444,3.5621143569638685,2.3731703091719587,2.946564598240644,-1.9684988851363896,10.744762420654297
8230-279154-0035.wav,1.3777244091033936,0.7020806417600419,2.250270294698934,1.86975283434306,1.7629547254137554,-1.9778124152146344,2.5364253520965576
8463-294828-0002.wav,2.747620105743408,0.9706848464527316,4.325267117836865,3.3646017193511693,3.546300182759781,8.750528115339673,13.88872528076172
7127-75947-0031.wav,2.390815019607544,0.956224761679314,3.914586998830537,3.0142198003513547,3.141799542339587,6.776586441812806,16.194862365722656
908-157963-0005.wav,1.4880213737487793,0.8076380395792844,3.0043821162778697,1.8460603493636936,2.172988619185476,-2.2705227936534094,3.3995461463928223
1089-134686-0030.wav,1.940372467041016,0.9668379759687314,3.3417853941795266,2.6291099108446776,2.646447157084666,3.327325244794183,12.784939765930176
8224-274384-0007.wav,2.321728467941284,0.968586044924904,3.732846182956212,3.0305024280369373,3.0170875606800034,7.532646202791232,13.5636568069458
8455-210777-0048.wav,2.2400357723236084,0.9881429563359,3.726098772254073,2.969723483708857,2.9679366725140444,7.387827928345581,13.977041244506836
1580-141084-0045.wav,2.2799642086029053,0.9090309895837504,3.446015612566325,2.320068812525174,2.806403796231065,-1.3618923266925205,9.68330192565918
7729-102255-0023.wav,2.1540396213531494,0.9441925427349228,3.4076747422849136,2.588837895954974,2.757240685346485,2.3836577567405093,10.366333961486816
4992-41797-0001.wav,1.6156165599822998,0.9331683992667354,2.5199933799420955,2.458403196444384,2.0094769264329155,5.90504123334015,12.409730911254885
2300-131720-0038.wav,2.9325666427612305,0.9911981593216872,4.164516623455612,3.311531322248255,3.556433248689785,6.649134934634987,9.66403102874756
1320-122617-0002.wav,1.5932996273040771,0.8389486111132418,2.8915940249353227,1.857468993267764,2.1654331074918427,-2.685657147524475,-1.8050462007522583
5142-33396-0007.wav,2.3124301433563232,0.9496048099151312,3.519499766203778,2.5650172634477766,2.886723702242307,1.0742958672907206,15.125168800354004
6829-68769-0019.wav,2.5627429485321045,0.969207540928682,4.1046741469434345,3.392798020598297,3.345984039072825,10.477402190257903,15.276199340820312
7729-102255-0035.wav,3.400926113128662,0.9730158888766696,4.794799452543716,3.7681021038667977,4.125485851750019,9.508343666552904,13.79072380065918
7021-85628-0009.wav,1.6961344480514526,0.8827631096117405,3.2402478724905994,2.056044802319166,2.434125008849824,-2.2209552038735594,4.680628299713135
7021-79740-0007.wav,2.257417678833008,0.9632793255308424,3.5283027341238165,2.540984330192688,2.842763930394006,2.0160937155438807,9.729147911071776
5639-40744-0003.wav,2.539973020553589,0.949709202518174,3.690104642223591,2.764819398412662,3.0607880424279994,3.65273304116132,6.593955993652344
3575-170457-0002.wav,3.4111149311065674,0.9779056525856468,4.531016852782569,3.877183353990262,3.951996324614556,13.250186462038627,19.126171112060547
908-31957-0007.wav,1.6222962141036987,0.8110694148207309,2.7546101621590373,1.97325457709864,2.135535888885063,-2.1084565019852324,6.797318935394287
6930-76324-0007.wav,2.6563045978546143,0.9105630998707004,3.9042007690887575,2.972091464597396,3.2685291325740167,4.188942162249355,4.611297130584717
1995-1836-0003.wav,2.2853174209594727,0.9348149394022246,3.792338637257847,2.8767469215196595,3.0298109215626097,5.301904062385793,6.1487555503845215
8463-294828-0013.wav,2.7507033348083496,0.9712680032201664,4.240172248214355,3.374611527992658,3.5046777746653364,8.922970192813882,16.62506866455078
1089-134686-0021.wav,1.949899435043335,0.862538673847307,3.3541187637133096,2.207133317690908,2.621734617902255,-1.871850834092517,5.733933925628662
1320-122612-0001.wav,1.6394920349121094,0.8593537396287569,2.9494977254167902,2.1825156021288974,2.2484817636196888,0.7613854140798423,0.9005396962165833
1995-1826-0011.wav,2.8402419090271,0.9714671228254886,4.272626213343673,3.429564257482276,3.559385424537386,9.409063364986224,14.818381309509276
4446-2275-0031.wav,3.358034372329712,0.974392458301024,4.692988225541958,3.718674959388536,4.032750249649296,9.948839533616765,13.416266441345217
8463-287645-0011.wav,2.3056507110595703,0.8345444246325937,3.789147203806462,2.423103439110274,3.006525711736817,-0.6447189341621732,7.464529991149902
1320-122617-0011.wav,2.0343592166900635,0.8950497963601751,3.401008973956656,2.341928885235479,2.670779641604316,0.3730975500630814,-1.1376426219940186
5683-32866-0004.wav,3.172602415084839,0.9492118621635932,4.43029085913167,3.4715680120811987,3.7925240239321703,8.13305503562123,12.180660247802734
2300-131720-0005.wav,2.9283342361450195,0.9740080141893092,4.149750536173354,3.220909802811942,3.5316770020918824,5.915674910734097,9.56814956665039
121-121726-0008.wav,3.584822177886963,0.9642004329772936,3.155306790822664,2.842996430206444,3.345525118634466,-4.057194013487512,10.360435485839844
6930-75918-0000.wav,2.819812774658203,0.936184107827112,4.200669132747927,3.154306044072302,3.516645655892754,5.045969997972459,10.107402801513672
4970-29093-0012.wav,3.4789090156555176,0.9620807916987156,4.708822257490247,3.56848330575833,4.082086678229443,7.510391270772358,15.800785064697266
1580-141084-0024.wav,3.2498066425323486,0.9486861648918118,4.650018621177465,3.81949610600584,3.970320629403704,11.771039791809034,15.191970825195312
1320-122617-0016.wav,1.6707863807678225,0.8981118895166785,3.3426240403131997,2.2313436156683983,2.468238115338298,0.9312869527035538,-1.654773831367493
7021-79730-0000.wav,2.3081493377685547,0.9706675674701684,3.886214090374823,2.5627164387666648,3.078507876204449,0.5644731374791908,7.420852184295654
260-123288-0017.wav,2.3095123767852783,0.9761756801373536,3.6433756668869695,2.966031674296697,2.9585018005546138,6.950018560497149,14.031356811523438
4507-16021-0033.wav,2.558220624923706,0.9310921217408952,4.041028397270761,3.3238136016509867,3.286545473874402,10.53964463587275,15.536160469055176
2830-3980-0058.wav,1.3226101398468018,0.7622096981000183,2.8301004399275067,1.8661828807836984,2.004869866585952,-0.7897422709270221,3.729102373123169
3729-6852-0025.wav,1.657557487487793,0.7900681732952194,2.7590424149797945,1.808909483303206,2.0153683940262086,1.1914929127822265,9.27800178527832
2094-142345-0038.wav,2.3800549507141118,0.8821516160203124,3.950069470002375,3.067676923023833,3.14527008744042,8.092314308260642,9.012267112731934
5683-32879-0025.wav,1.8852250576019287,0.9722656783066286,2.998179405107252,2.759920560781202,2.4051338701282736,7.694509658904552,17.400333404541016
7176-92135-0041.wav,1.5430490970611572,0.9235325428170428,3.231026932756766,2.044917895950861,2.360917120090642,-1.6186297922245827,3.7042970657348633
5142-33396-0014.wav,2.7312676906585693,0.9819552808955964,4.144776601311221,3.255179181789736,3.4577743004429333,6.717485933947426,15.37735366821289
5639-40744-0031.wav,2.3096671104431152,0.9583918148757296,3.730677551685446,2.9504608735496958,2.996572125793552,6.941663349408546,10.20041847229004
7729-102255-0045.wav,2.318808317184448,0.9664460026738896,3.901532591924493,2.98530936586827,3.113590990738472,6.218658464475856,11.299818992614746
8224-274381-0014.wav,1.2588913440704346,0.7235480747062263,2.3397543734236192,1.879207621541256,1.7481153494636874,-0.9544234347363676,4.191934108734131
237-134500-0015.wav,1.780935525894165,0.8634218437469513,2.961807230919692,2.2593954014461857,2.302904194219056,1.9274546867001776,8.285396575927734
908-31957-0022.wav,1.8001413345336914,0.8630199304308995,3.2731912956316878,2.3867892316987924,2.4850714140941874,3.031351024148912,3.0814778804779053
3729-6852-0013.wav,2.182512760162353,0.8429540647274969,3.67759656717898,2.77991767962942,2.886345204799407,6.063248750473109,10.963109970092772
6829-68769-0012.wav,1.5217833518981934,0.8795527411723995,2.828643580033959,1.9361007293621424,2.125912034624119,-2.124802945308866,8.14733600616455
1089-134686-0031.wav,2.7267990112304688,0.9516477799228976,4.050404774301204,3.03729130350676,3.3915634504920487,4.041756126042829,10.469171524047852
5639-40744-0024.wav,2.085130453109741,0.9702240804521662,3.513817336392969,2.8527470541396864,2.77852893402174,6.951385199215478,11.100061416625977
5142-33396-0041.wav,3.036150932312012,0.990445294734973,4.233749846491155,3.747931932022468,3.652260132690728,12.39049789409506,20.74402236938477
121-127105-0001.wav,1.7242708206176758,0.8710648305408362,3.309689091880319,2.121879013368687,2.488672252312284,-1.644437099456458,4.558764934539795
8463-294828-0026.wav,2.353065252304077,0.9722019652042734,3.9984244233746087,2.910224549498861,3.18280120242534,4.603849205952862,12.913030624389648
1580-141083-0044.wav,3.265254020690918,0.9525326045821852,4.599103229214634,3.4985091655427,3.919530509074072,8.024056619770064,15.615142822265623
5142-36586-0002.wav,1.359217643737793,0.9661267839575486,2.58376135419939,2.7140314348541352,1.9825419854838504,8.788251108681393,16.178733825683594
5105-28240-0011.wav,1.3461148738861084,0.6554819277792887,2.352455448457933,1.599359402784471,1.7161339151898871,-2.4301626436387456,2.620334386825561
6930-76324-0004.wav,2.061701536178589,0.8902209013195546,3.4083135669584697,2.5398077526429232,2.709160992241109,2.383985240658721,7.269251346588135
2961-960-0016.wav,1.244219422340393,0.6321491493350467,2.2662790242507094,2.0344045106168998,1.6920788662882011,2.152067218315571,3.832187414169312
7176-92135-0024.wav,2.621363401412964,0.9803301462117624,4.160494498610038,3.3205289085144187,3.3996961388877005,9.04692323437657,13.754878997802734
61-70970-0009.wav,2.3290820121765137,0.9547396514959094,3.937948934184536,2.5785673256411514,3.1269664812196014,0.1220835799167504,8.831352233886719
6829-68769-0032.wav,2.8275821208953857,0.9704312862510004,4.344894921368547,3.160102176183255,3.5905261863904827,5.158559586654689,10.498291015625
8463-294825-0005.wav,1.5788567066192627,0.937589840006938,3.0523938687137355,2.470026932456357,2.296042694594502,4.5963325067166565,10.535463333129885
6829-68769-0050.wav,2.6114509105682373,0.9795873046333464,4.271465912777903,3.433128782994581,3.4478787742834003,10.99878375050813,11.75228214263916
1284-134647-0001.wav,1.7864434719085691,0.823500472408977,3.1408542902787784,2.04027985438596,2.370967274722546,-0.5434558911295718,3.060829162597656
672-122797-0055.wav,2.754775047302246,0.8640931732921385,4.075982094024239,3.201063234998958,3.399388845613495,7.267406192021878,11.746002197265623
5683-32879-0007.wav,2.9032742977142334,0.9125451562527376,4.219475607247944,3.197709853855735,3.5290368220591963,6.824889917357098,9.707935333251951
8555-284449-0014.wav,3.7256345748901367,0.9680628804913308,4.815823331252384,3.890853362572168,4.276709391262946,10.015450699119016,15.052557945251465
8463-294828-0028.wav,1.3100231885910034,0.816427201229272,2.42749558029304,1.6557644957670823,1.7483294790729416,-1.8374236280554692,2.863654851913452
8230-279154-0030.wav,1.866843104362488,0.9007977215094718,3.017977589561479,1.9768909895605775,2.341730744556148,-1.776519307088426,2.706423044204712
8455-210777-0032.wav,2.1751434803009038,0.939081462914806,3.2145312482353634,2.6262955119966955,2.6526241558145287,3.662747219405937,10.315984725952148
672-122797-0016.wav,2.57775354385376,0.8977473498720506,4.174466163459419,3.3197074057371543,3.389863263517985,9.134040893372145,12.35608196258545
6829-68771-0036.wav,1.3510527610778809,0.7955294762602677,2.626535425652346,1.709603345706217,1.9039344681954515,-2.8736670839428062,5.6513214111328125
8463-294828-0020.wav,1.7085013389587402,0.9205446635368648,3.1848971437042644,2.2969398418373754,2.402596641548823,1.9597712531130076,11.697946548461914
2830-3979-0010.wav,1.4135912656784058,0.8106160191284462,2.7392170569232,2.229426666951397,2.028571446396456,3.2732450700249776,9.011444091796877
672-122797-0070.wav,2.5418474674224854,0.9243922622822736,3.907627466386716,3.0783658350424723,3.190654824042581,7.703974136590384,10.50973892211914
1580-141084-0026.wav,1.339662790298462,0.7316240540190684,2.7234664652403784,1.7643446208952551,1.934154801892494,-1.378255848987321,5.627189636230469
1995-1837-0018.wav,1.272911548614502,0.8694259930972404,2.812981567082536,2.0072690779221465,1.9657049980601904,2.071370196871523,2.573923826217652
5683-32865-0010.wav,1.7974720001220703,0.7928454407116456,3.122573887219568,2.4900557773264955,2.400805361408003,5.042142653111428,8.718722343444824
5142-36377-0013.wav,2.583220958709717,0.9864589565116586,4.135384213221182,3.4384431402244875,3.37665750035847,10.823952647224337,14.51184368133545
2830-3979-0012.wav,1.4103870391845703,0.6668560170117039,2.1176741170588254,1.7664228718663215,1.6852711108822649,-2.6232744143032503,4.024881839752197
4992-41797-0014.wav,2.6047451496124268,0.9589761237113588,3.882914022078162,2.8907409507101915,3.191569420746043,5.065867270216379,10.448068618774414
260-123286-0021.wav,1.8014177083969116,0.966081602217633,3.039476529512267,2.1892271221056028,2.3429004459485365,1.0544685450833966,11.11148452758789
61-70968-0018.wav,2.2289042472839355,0.9771705416496028,3.8887934452006183,2.99247714020244,3.030351723335683,8.402521668976789,14.890180587768556
2830-3980-0064.wav,1.1159424781799316,0.5673755394917157,1.9595489668089687,1.5936513816781963,1.4186903796709676,-1.4037244739193817,1.6275358200073242
1284-134647-0000.wav,1.17721688747406,0.6060442439866826,1.704735007058002,1.6272342879464965,1.3057270227076918,-0.5814152592201394,0.8573111891746521
4446-2275-0008.wav,2.0128347873687744,0.9558772388547424,3.5359529783516868,2.488139287007877,2.7458659986332377,2.0284015943473928,9.738993644714355
61-70968-0020.wav,2.689791440963745,0.9703485804955158,4.216895383575139,3.311124074885619,3.460755856733617,8.447076353534037,7.318668842315674
5683-32866-0019.wav,1.6046077013015747,0.8560023634868164,3.2311448081000687,2.1075056216345027,2.3628970523008217,0.1926867623154903,2.935278415679932
8230-279154-0014.wav,1.9354175329208372,0.904065408246831,3.065433280805279,1.990888306265301,2.412517097482088,-2.6274049604856216,1.8316187858581543
3729-6852-0046.wav,1.950657844543457,0.910343175868774,3.453430168997016,2.586080185493793,2.6603521751490256,4.629997835341396,0.6703459024429321
6930-81414-0017.wav,1.7166956663131714,0.8215101226679444,3.351310976542773,2.7340234385375983,2.5076250862159286,8.038492979849885,9.375652313232422
5105-28233-0000.wav,2.1108498573303223,0.8903900215482735,3.4986498441197726,2.346217806559608,2.755830639014821,-0.0441326750744876,8.937614440917969
5105-28240-0016.wav,2.206928253173828,0.8998264012335021,3.5534952059185194,2.512204925109731,2.8297857281181424,1.943142205347256,4.621010780334473
7021-79730-0005.wav,3.2166073322296143,0.974357977163391,4.502726255200247,3.3075625153477453,3.832821876276626,5.98742750234637,11.418705940246582
5105-28240-0018.wav,3.1641812324523926,0.949458965411521,4.370748711901472,3.477830482164974,3.772058007257711,7.70539766916175,11.731544494628906
5142-33396-0035.wav,1.8896088600158687,0.907326692075074,3.0321698229319884,2.1094605831228423,2.404847742038521,-1.8082194840861807,10.888250350952148
4970-29095-0021.wav,2.024763584136963,0.9187977093106364,3.3249695613619004,2.4667181650145933,2.630082593772851,2.3392989822767305,7.788858413696289
3570-5695-0001.wav,2.093296766281128,0.9216409452140784,3.559300265423843,2.873881806848691,2.805084867937483,7.2336530596014255,8.054858207702637
4970-29095-0013.wav,3.3344480991363525,0.9766535436333552,4.390202800046168,3.281228813799366,3.8115253678083074,5.768604536262359,13.919334411621094
7729-102255-0042.wav,1.8013662099838257,0.8737256067962854,3.2675811596042816,2.184994415272484,2.516750273982874,-1.6725132908000142,5.089569091796875
2300-131720-0024.wav,2.101681709289551,0.9436439450483473,3.5875489261962445,2.480097593983829,2.8144704754121017,1.311801593037861,2.0522823333740234
2961-960-0018.wav,1.8009843826293943,0.9383752506704864,2.6874525881380675,2.3201327122381232,2.1629290570281428,3.3381122844876656,12.312450408935549
2961-961-0002.wav,1.6192865371704102,0.911294772176787,2.8782064658329967,2.487468256084429,2.2246535204548605,4.792638986602453,5.857104778289795
2300-131720-0018.wav,1.926717519760132,0.935748750214273,3.577806184707102,2.3563572895245275,2.7278406437278684,0.3857665408092502,3.026793956756592
5142-33396-0068.wav,1.6861398220062256,0.8639919261874291,2.608707497401276,1.9991955485861377,2.051531615998176,-0.2580837384014975,13.4260835647583
4446-2275-0024.wav,2.8857147693634038,0.9666709578221097,4.435887958559709,3.3620457013413523,3.66070699282837,8.11898749860257,14.806930541992188
1188-133604-0004.wav,2.252759456634521,0.8800780822632044,3.81955482314439,3.14073165913005,3.0377212494003296,9.262930813678476,15.554744720458984
8463-294825-0015.wav,2.2386176586151123,0.9061114132623912,3.68932336456913,2.4035979994556764,2.9348156738400144,-0.9660097290991452,10.07631492614746
2300-131720-0008.wav,1.8093047142028809,0.9485593917651608,3.428402332547204,2.376543487780349,2.583727325120729,2.058989020068449,3.636493682861328
1221-135767-0022.wav,2.1569011211395264,0.9207143055103344,3.719609010405855,2.9263006837589267,2.917218422764634,7.572068332764359,7.446514129638672
260-123286-0017.wav,2.7141568660736084,0.9820894624990912,3.8056161317638617,3.219074520319368,3.254506957339351,7.414062511387734,13.726465225219728
8463-294828-0006.wav,1.212191462516785,0.7500141316057596,2.174429067523466,1.4501615282134417,1.5043669882916628,-1.3343592955874983,1.2051852941513062
4077-13754-0009.wav,1.4286856651306152,0.8745670448899968,3.512037509524633,2.371352768775441,2.46521150434851,3.451533326063837,9.02471923828125
4970-29093-0020.wav,2.022457838058472,0.8740760748262542,3.2148631201428004,2.394293674068768,2.567406841158286,1.5035273356031122,14.715559005737305
1089-134686-0001.wav,2.3616297245025635,0.9733229088341576,3.767226641072169,2.970763183884381,3.056278991659868,6.196363317244629,11.757423400878906
4507-16021-0034.wav,2.0612540245056152,0.9306886638114638,3.450278428325308,2.306302161864366,2.7085632172251173,-0.3827015574409177,11.46725082397461
4446-2273-0033.wav,2.116569995880127,0.92258245354987,2.8936245581628004,2.34994178424603,2.4256036889822847,1.3846721055130475,9.375261306762695
7729-102255-0007.wav,2.27620530128479,0.9380074363555392,3.316629645001033,2.8726059522742142,2.7841503600821187,5.497431294394854,10.822373390197754
6930-75918-0004.wav,3.116546869277954,0.9466383611008244,4.396089774078458,3.518653259190222,3.7610652391442194,8.694881815515107,12.308837890625
3729-6852-0006.wav,1.590531826019287,0.8361704937996188,2.8857900196374557,1.9731823924664276,2.1271302317277128,0.6708362142466422,6.688181877136231
4970-29095-0003.wav,2.3294801712036133,0.9354004897402842,3.4236140756262348,2.533288599431036,2.8353570290103165,0.9817513496440234,12.385741233825684
6829-68769-0005.wav,2.3824594020843506,0.961225430555081,3.831251474807008,2.950394341721269,3.0874589708303484,6.208255196795367,12.494648933410645
4992-41806-0016.wav,3.3169846534729004,0.9810258408512944,4.366089628526594,3.5381229882189977,3.804041985778598,9.39134830189223,13.34124755859375
2094-142345-0031.wav,1.2584052085876465,0.7094284414149381,2.3557601479369823,1.8464905036828732,1.7344012990537123,-0.5257548423510608,6.624302864074707
4970-29093-0004.wav,1.3532671928405762,0.8706693954765331,2.6228022317045028,1.9513706040376773,1.9210340722821229,0.1611403139131594,11.199846267700195
1580-141083-0023.wav,2.7898194789886475,0.9484479437828812,4.028740480954745,3.1890240187031806,3.397677602201322,6.6298353444831095,15.909520149230955
4446-2271-0001.wav,2.503694772720337,0.9708796870280068,3.949872558070175,3.2143715991313213,3.225670148934652,8.686814032920704,14.350591659545898
1320-122617-0010.wav,1.7385512590408323,0.8340217495816499,3.132730458525121,2.0549859875519787,2.372421365525954,-1.2543333880553549,1.5232839584350586
2961-960-0014.wav,1.7776892185211182,0.8978740714114082,3.093588882587549,2.443218991879243,2.406279289763189,3.1320662533942243,9.962099075317385
4970-29093-0010.wav,2.0115017890930176,0.9313005911430504,3.103364609936406,2.1133331811185103,2.4429282298092048,-0.0767016827728609,10.14219856262207
5105-28240-0007.wav,2.868508100509644,0.9451956202001602,4.041040998840819,3.0276563390094493,3.41979611011804,4.517234025296622,8.997428894042969
121-127105-0004.wav,1.084907293319702,0.7591547649803617,1.0,1.1874299154502048,1.0,-5.439113907295386,-3.740508317947388
1188-133604-0009.wav,1.8077142238616943,0.7823071150424671,2.6952789604543392,2.507583800740832,2.2298832277357383,3.633826518737875,9.236771583557127
1089-134691-0011.wav,2.798367500305176,0.971062970790566,4.209330058402237,3.239686367975044,3.508114607013689,6.652543524471446,10.153432846069336
1580-141084-0046.wav,3.446561813354492,0.9679359457381604,4.694162710376745,3.709358309952115,4.071023769663233,9.438307963763531,19.04504776000977
8463-287645-0012.wav,1.0838886499404907,0.5779728112232029,1.7789692290703676,1.4353067693306936,1.2891260024283606,-2.63734318019584,1.3611279726028442
4992-41806-0008.wav,3.111532688140869,0.9762358770568592,3.903969371336792,2.430633563726539,3.3427622590532056,-1.0072469587442163,6.410183906555176
61-70968-0006.wav,1.5666556358337402,0.9432732571602148,3.497256581408438,2.4973357818537893,2.5030298599976484,5.483763775455699,9.870262145996094
908-31957-0014.wav,2.495410203933716,0.9627437698183172,3.8754616931640062,2.8963061277939923,3.141643475130591,5.587562113274636,9.357954025268556
5683-32865-0017.wav,1.6543715000152588,0.8472521421121655,3.042319938025283,2.1654018833493964,2.2945372882699315,0.7136174614922407,8.943896293640137
4992-41797-0006.wav,2.802206754684448,0.9671681069707316,3.929571728800065,2.8967432279467573,3.3051809419174147,4.07335899009581,16.318199157714844
4507-16021-0030.wav,2.3218533992767334,0.921579153967812,3.782405415508343,3.087188847079881,3.027716871448036,9.052406813656496,7.848588943481445
7127-75947-0033.wav,2.7621240615844727,0.9668429040659486,4.107731102956194,3.310212086399198,3.440868357418982,7.976139719808682,14.20974826812744
5142-33396-0040.wav,2.754518747329712,0.967242834850171,4.181313843426169,2.809811352644881,3.4736093186231614,0.0923502217554334,16.77761459350586
4970-29093-0014.wav,2.569159507751465,0.8867986918659299,3.5043917680770624,2.3682358162941366,2.9312694885236583,-0.5791626885146115,10.22447681427002
3570-5694-0007.wav,3.134994983673096,0.9916379622233692,4.560369248174408,3.7281346696984814,3.8630237579137474,11.399668817773655,17.75847625732422
7176-92135-0012.wav,2.1360902786254883,0.9646618094561196,3.660865626660071,3.053952089255394,2.9065513546734203,8.47535286080763,11.691079139709473
260-123440-0006.wav,2.213217258453369,0.9650981651983584,3.672974456784096,2.494288196184351,2.922384483501539,0.2904199964934679,13.538978576660156
260-123440-0017.wav,2.707728862762451,0.970604540840456,4.261939357687422,3.078669194907759,3.491731273723985,4.643024754578488,14.80618953704834
3575-170457-0026.wav,2.697589159011841,0.915985225192824,4.14338884458455,3.26271680078657,3.4045963254843508,8.655919828200803,11.555499076843262
7176-92135-0034.wav,2.1959030628204346,0.9787630214113056,3.716228286399109,2.9345922586685846,2.9670705872504906,6.004933134932574,8.265487670898438
3729-6852-0033.wav,1.8792412281036377,0.9117233469544466,3.291281989589569,2.086282582858453,2.4868596324066283,-0.2611065462541174,6.328733444213867
2094-142345-0039.wav,2.3813867568969727,0.921501124206188,3.887061678212544,2.7900141496137114,3.1220965707673938,3.344209965150209,3.910234212875366
1580-141084-0009.wav,2.63437294960022,0.9607785161573972,4.153485442589386,3.0571558359669995,3.3718897988793834,6.128597159462126,14.934039115905762
5142-33396-0046.wav,3.276474475860596,0.9803408976725996,4.648210006159817,3.879088526655839,3.981415806958331,12.579435471864215,19.11538314819336
8555-292519-0007.wav,1.0839779376983645,0.5761032726711343,1.3356147086213466,1.0305206293441405,1.0,-2.93308689200532,-3.848135471343994
4992-23283-0016.wav,2.8722856044769287,0.9879765641991798,4.228550687638276,3.1179233054470323,3.54942677540278,4.404697353590546,13.316972732543944
237-134493-0016.wav,2.9509708881378174,0.942172730587442,4.053460323867784,3.3051546647353707,3.5032095471520988,6.728098686360502,12.020631790161133
8230-279154-0036.wav,2.5473732948303223,0.964653211565366,3.912919335822868,2.8685217169839325,3.2041208685379896,3.9768386268909977,10.250710487365724
61-70968-0052.wav,1.8098385334014893,0.9105376940152594,3.488826930370476,2.145188940704632,2.599411455410575,-0.971849254959804,8.066197395324707
5683-32865-0003.wav,1.9720538854599,0.8573530616725569,3.2848138054765497,2.4218269519837903,2.552618474908278,3.3866471907990525,9.176515579223633
1089-134686-0024.wav,1.944375991821289,0.9377653900150702,3.2341302242581693,2.6243521574668827,2.5748070183003207,4.106829670461889,11.351300239562988
61-70968-0058.wav,2.9904656410217285,0.9905905067022264,4.639811535648052,3.638333753924088,3.8461577662851782,10.339987079691356,15.980941772460938
1221-135766-0007.wav,2.0385196208953857,0.8301324612605778,3.5926771471292165,2.3376805731506893,2.779867119106712,-0.2377894448207688,5.770029067993164
672-122797-0052.wav,1.8587977886199951,0.8339305223032377,3.255099370759323,2.42340015300197,2.4982893999172004,3.493446189467746,8.036029815673828
4507-16021-0025.wav,2.7398855686187744,0.9516043869474092,4.053967185873099,3.174172320649308,3.3685621279626137,7.497846917699189,13.768447875976562
4446-2273-0021.wav,3.853896856307984,0.989520710023548,5.0,4.371653892342483,4.525734272367663,15.577615109113395,21.164718627929688
1995-1836-0014.wav,2.928072690963745,0.940765564307172,4.254363819161503,2.8851525367101467,3.5882442000874324,0.3834455819335688,12.083815574645996
4446-2275-0032.wav,2.346919536590576,0.9073819614102888,3.881274393655825,2.7832667351544247,3.097530823643214,3.687257020043872,7.418143749237059
260-123440-0001.wav,2.387282609939575,0.9730698971140476,2.658868826508344,2.572758187150818,2.473229290987675,1.6455838294617386,12.67814826965332
2300-131720-0028.wav,2.528247356414795,0.9590432179908306,4.1135364991542165,3.076328386740937,3.313763079631018,6.562245924360614,6.56696367263794
6829-68769-0002.wav,1.993051528930664,0.947583199588516,3.498814695621664,2.116724948900088,2.697225734124429,-2.8282247002626306,9.431245803833008
1580-141083-0015.wav,2.807294607162476,0.9533172839988896,4.047548164746266,2.859046778705556,3.384470281089884,2.6425181488351037,15.946091651916504
5105-28240-0006.wav,2.1382761001586914,0.9171385664007572,3.667589015521448,2.6362213767769584,2.8706835363615637,3.6044498115814574,6.075124740600586
1580-141083-0010.wav,3.526206016540528,0.9638909320547924,4.916766600029067,4.064136014143132,4.246430165451043,13.38915153576753,19.652292251586918
61-70968-0041.wav,1.3954002857208252,0.8072380099767057,2.952816291280137,1.980500466941606,2.117690083201301,-0.1885188770020255,5.646862983703613
4507-16021-0045.wav,1.2795116901397705,0.6548549642952738,2.2029786223076897,1.5483501795571202,1.5588054358397918,-0.5614583784809213,3.782261610031128
5142-33396-0064.wav,2.144030809402466,0.975879547118833,3.6585362674213577,3.011416194701447,2.9057562706318,7.900561323279053,16.40990447998047
3575-170457-0036.wav,2.995551586151123,0.9810017479375538,4.325279735029574,3.5839467521648087,3.6512236758642,11.244561035476783,15.96452808380127
1580-141083-0000.wav,2.87623929977417,0.960182429141672,4.338013805793039,2.970213616886297,3.619391596459159,1.4351832942991083,17.352855682373047
1089-134691-0017.wav,2.388761281967163,0.9329732606944756,3.7380355204964215,2.7851199507793907,3.0629758901524125,2.712419401967823,9.636481285095217
8463-294825-0000.wav,3.3666317462921143,0.991281463566584,4.688552381842738,3.7098608240416144,4.034821952415998,9.746456571889937,15.529008865356444
4970-29095-0007.wav,2.7829129695892334,0.957704550745449,4.048198423413052,3.1211216735679743,3.401589201288886,5.70498929832274,11.800490379333496
3575-170457-0007.wav,1.761518955230713,0.9503444842787648,3.1922901387301947,1.9610626776035045,2.4138096896622017,-2.926284959752428,9.40481948852539
1089-134686-0018.wav,1.691962718963623,0.8739099760795622,3.107497450774154,2.32433586992138,2.370715206927221,1.8600283167256475,5.564110279083252
4992-23283-0008.wav,2.9062650203704834,0.9618329097184368,4.07926577796295,3.196836976745735,3.459501400224421,6.8447989107743705,12.259407997131348
5142-36586-0004.wav,3.713754177093506,0.9955699240117668,4.721502648507397,3.9799315205671695,4.180225253215264,13.438469155224476,21.567703247070312
7729-102255-0017.wav,1.3980003595352173,0.7786707479964193,2.439321558983424,1.7848674733376948,1.841062406929062,-2.3248102312081307,0.9911066293716432
7021-79740-0010.wav,1.837755560874939,0.928790631150145,3.33297987593722,2.3560979618027083,2.539266095359911,2.0185970010053844,10.01801300048828
3570-5694-0008.wav,2.3185923099517822,0.9555001413790236,3.6346955584550367,2.8751932845161394,2.956108875314344,5.556400647263488,8.86098575592041
7176-88083-0024.wav,3.0084846019744877,0.9899119207935256,4.46967744653539,3.419595375390626,3.7475942764014367,7.744978060973928,9.93470573425293
7176-92135-0020.wav,1.844403386116028,0.8778313025087382,3.320736757660772,2.208443291756611,2.5496757634621825,-0.9547044281195723,6.888378143310547
4446-2275-0029.wav,2.8818459510803223,0.9367533390119211,4.466255497975053,3.096533114926709,3.6825290633654446,3.5520531421281976,10.575410842895508
237-134493-0001.wav,2.940215587615967,0.9266394878127908,3.797074568706277,2.92699214409102,3.314694773687584,3.2530077078137225,12.364486694335938
1089-134691-0012.wav,2.8557817935943604,0.9780885199979934,4.139911885228155,3.434431676229468,3.514693697443612,8.773800979348978,13.411043167114258
1221-135766-0000.wav,1.753770351409912,0.8989133795523003,3.4468719612384016,2.3347749547541548,2.578375998003882,1.2224823753335274,8.39429759979248
260-123286-0004.wav,1.5611425638198853,0.945149522746346,2.9691796792028384,2.0162802476773867,2.191729703789076,-0.0940306810260286,9.112403869628906
8455-210777-0064.wav,2.35368013381958,0.966259797474126,3.8503673441484008,3.0547047306219968,3.0921828456157394,7.652980947534299,13.81977081298828
7021-79740-0009.wav,2.8800933361053467,0.9868037675834156,4.35467520076742,3.39389333302122,3.622853514801734,8.429492641818637,13.380264282226562
8463-294825-0002.wav,1.6651374101638794,0.8650703360583528,3.232310765333727,2.1010119898103734,2.4093598891507653,-1.0445104326112,10.009275436401367
260-123288-0027.wav,2.1835479736328125,0.9587776965025316,3.607926422403449,2.681223144142139,2.864168698344823,3.961578946146637,12.582016944885254
1188-133604-0005.wav,1.822697401046753,0.829114801695477,3.431589468291516,2.646319591255283,2.6171688597089613,5.133965996707447,12.003331184387209
672-122797-0007.wav,2.1640751361846924,0.838048742673057,3.56863249761456,2.8225456712450043,2.8477465727014923,5.781425253400676,8.901684761047363
4077-13751-0019.wav,1.7233552932739258,0.7765162862735538,2.1877568801963063,1.5088129325591315,1.7342672421888454,-2.7462300646680498,2.5115108489990234
5142-33396-0042.wav,2.7474353313446045,0.9570924327299388,4.143940405568545,3.0617297174772293,3.453472044061425,4.055115229384594,15.188899993896484
8555-284447-0017.wav,1.806784510612488,0.8733114097356274,3.202291923325953,2.71534393532272,2.4752687236460127,7.221506704318562,12.70486068725586
1320-122617-0018.wav,2.4463050365448,0.9450469224391634,3.820612621932879,2.7385609024745823,3.084959088391205,3.6587725540853695,2.97397255897522
7021-85628-0014.wav,1.6415519714355469,0.9172907448629396,3.0428400779727776,1.7955812918430691,2.282577040762395,-4.806137354699989,5.1422529220581055
1089-134691-0016.wav,2.8206026554107666,0.9571190801977276,4.278097096929924,2.9950502534622907,3.5417584129134294,3.120650159619073,10.092803955078123
8455-210777-0045.wav,2.297774314880371,0.9879607277199228,3.778969421850782,3.114995243814482,3.044415433907523,8.329705814722193,16.020376205444336
1995-1836-0000.wav,3.5395967960357666,0.984285119680449,4.932726026159739,3.796763249265626,4.25791154564959,9.185472952598245,9.520593643188477
4446-2271-0002.wav,2.12605881690979,0.932357744989534,3.428373694902078,2.255886985209,2.7224560611457616,-1.3251521901081813,8.59050178527832
2830-3980-0007.wav,1.989455819129944,0.9043524571679724,3.46057147959229,2.571936614270488,2.701172003372877,3.332384653300994,10.382490158081056
4992-41806-0013.wav,1.71563982963562,0.9490503010183048,3.2963835228453173,2.684951924190429,2.469476382354086,7.720750403015112,12.487401008605955
7176-88083-0009.wav,1.98971688747406,0.95702981927396,3.488501208860227,2.6798740636413942,2.7255667421498027,4.586984585083091,7.558025360107422
8455-210777-0070.wav,1.4621825218200684,0.8285815739019105,2.752714327326654,1.971945754252836,2.067274478346596,-1.5106836843361422,6.658718585968018
61-70968-0043.wav,2.4800565242767334,0.9335544385755709,3.964623467153704,2.88308890000464,3.2028860532166443,4.409021505665308,10.14848518371582
4970-29095-0027.wav,2.9069266319274902,0.9231759365459936,4.188915990432355,3.259981696668079,3.5292198008451563,7.188873631164151,13.27284049987793
1284-1181-0000.wav,3.406624317169189,0.9861962994216854,4.703688061102802,3.894466041391679,4.079710376218124,11.617097978313751,17.28791046142578
3570-5695-0003.wav,1.7758299112319946,0.8761441682659237,3.1831829750932603,2.0377030532488867,2.4366416657574272,-2.705566029357441,7.696268081665039
237-126133-0013.wav,1.589400291442871,0.8321653636261602,2.4638486749311816,1.865167792343428,1.8919804754702112,0.0502037741587372,8.694080352783203
260-123286-0013.wav,2.0031654834747314,0.9595357577471894,3.3338680497194533,2.7831200821770805,2.6642932567202897,5.732688465918363,13.021400451660156
3729-6852-0026.wav,1.9569659233093264,0.9266800479522188,3.509369941363824,2.752736378494815,2.685100947256263,7.503748314138058,10.660675048828123
4077-13754-0007.wav,1.5661417245864868,0.8838400829942645,3.0786345549749323,2.0128198010493747,2.276671984350085,-1.4186205677589951,4.44041633605957
8230-279154-0026.wav,1.5151939392089844,0.8017832754795285,2.801273587126886,2.0296380744254567,2.0963830128391514,-0.0356874533364755,4.887578964233398
61-70970-0021.wav,2.18871808052063,0.9433941926049584,3.7438550872867777,2.968870987888184,2.966217787142506,7.086923100396309,10.802175521850586
1995-1826-0006.wav,3.1826860904693604,0.972643889017403,4.341696010742489,3.5416605913070573,3.706799572153777,11.22819293952963,15.025972366333008
61-70968-0042.wav,2.403986692428589,0.949765907018311,4.017514963136768,2.6848692286771336,3.2104805840518718,0.9723237305027996,8.385564804077148
61-70970-0039.wav,2.202280044555664,0.9470511700956912,4.010015668772776,2.798406140593112,3.106692449143561,4.22568377632847,7.3658342361450195
6829-68771-0025.wav,2.382802248001098,0.9608282733858472,3.752717308472422,3.093436132854657,3.051344205461557,8.353304602327926,14.019679069519045
1995-1837-0025.wav,3.0139834880828857,0.9638199056308144,4.312502904280135,3.6976454585379495,3.666207063410176,12.37927798553025,17.817123413085938
2094-142345-0018.wav,1.7186391353607178,0.9337477975830378,3.295305228175488,2.024705558114067,2.465452209294429,-2.561715355867958,7.229025363922119
1320-122612-0008.wav,1.7691396474838257,0.8683476028794656,3.023288946328484,2.2811942953529254,2.360668001294749,0.9033418249172704,2.2669026851654053
1580-141083-0011.wav,2.2541756629943848,0.9662256114463196,3.885652600134781,2.9274019649488867,3.070726455038542,5.892357480245186,15.696817398071287
1995-1826-0002.wav,2.9432544708251958,0.9809485604515228,4.342461715295383,3.4172302101778675,3.6271659620313166,9.268171799733464,16.680408477783203
1284-1180-0020.wav,1.0909545421600342,0.5748785615426302,1.9159557331379196,1.5678372821701136,1.402789964678841,-2.4349350310061366,0.2635242640972137
4970-29095-0029.wav,3.0779173374176025,0.933055447751438,4.373952028512799,3.1247472045445703,3.710754999552065,3.607365863234583,12.464611053466797
4446-2275-0003.wav,3.459157943725586,0.968425564062988,4.837879417398557,3.855568058197208,4.158286120445729,11.24969943603449,15.829856872558594
5105-28241-0017.wav,3.3374760150909424,0.916868219737218,4.841004117135906,4.059654202453114,4.109242355985111,14.934508488356332,2.436925411224365
7176-88083-0002.wav,1.3876538276672363,0.8614144267319269,2.595372424927548,1.5313252074648165,1.8779868375190636,-4.706812652736239,0.5160387754440308
7021-85628-0022.wav,1.1655744314193726,0.7654555115942376,2.114845068440747,1.8613439789787145,1.578220646808663,-0.0512609447385228,2.081272840499878
1580-141084-0033.wav,3.448964357376098,0.974561486415949,4.873546146388237,3.707526425053629,4.16946245533601,9.039868873317388,16.283424377441406
4446-2271-0017.wav,1.716073989868164,0.9221473994985836,2.989044541181531,2.81370812758844,2.350246324508688,8.286393504529515,14.559486389160156
8224-274381-0008.wav,1.0766185522079468,0.4447113937403532,1.0,1.1104681957077658,1.0,-2.9034271630058925,-3.904768943786621
4446-2275-0036.wav,2.474830150604248,0.9319939536640912,3.6082785945571967,2.867583354692043,3.0267590666846726,4.034301629846111,13.260865211486816
237-134493-0010.wav,2.4801180362701416,0.8873890402284698,3.696531106004356,2.8843831537118008,3.063353322803329,4.700896958360419,12.732654571533203
1580-141084-0029.wav,3.449615001678467,0.9744509931991764,4.847244395877802,3.9531563436039727,4.168719096815292,12.40444712197353,18.62086296081543
3729-6852-0002.wav,1.5268595218658447,0.8265480391534484,2.4503611657848072,1.5996168084286375,1.806084972457804,-1.5930036089291253,8.272486686706543
2094-142345-0033.wav,1.5912517309188845,0.8072007667948762,3.226716798084597,2.292988654982997,2.375456289235145,2.2906284837351905,1.8379878997802732
7729-102255-0034.wav,2.840623617172241,0.9600140239146688,4.070797950383846,3.255176799347433,3.4535695141115657,6.884177001112194,11.772743225097656
7176-92135-0010.wav,2.081738948822021,0.9698873596455472,3.5571110521230147,2.902595442621199,2.8060867892967827,7.427839164492671,11.671981811523438
1284-134647-0004.wav,1.5006918907165527,0.7402167376355987,2.7091782906786586,1.6982509577309917,1.963531287284704,-1.6740482176826397,-1.3577992916107178
8455-210777-0053.wav,1.850860595703125,0.9344789462280724,3.195178544016875,2.528318832377596,2.5099072242599094,3.216969794323874,10.424981117248535
8463-294828-0023.wav,2.734895944595337,0.9530923421266396,4.204130382931033,3.282685169496613,3.476015402976398,7.70477969918164,15.854345321655272
4446-2271-0023.wav,2.880969524383545,0.9671686673230582,4.094353841746486,3.520913725462873,3.4955745833852307,10.359433646505916,16.04922103881836
4970-29093-0006.wav,1.638686180114746,0.8197639611192811,2.6620518682403773,1.8125932704817764,2.055033103516506,-2.900572683054079,7.000547409057617
1995-1837-0004.wav,1.4162797927856443,0.8841611818435419,3.162146205604293,2.350153597165039,2.263109830401678,4.167079226372012,5.203020095825195
1320-122617-0040.wav,2.4774391651153564,0.9136562467123094,3.847728794585972,2.782433539872043,3.1446332394330745,2.776886609486345,1.3424344062805176
5142-33396-0006.wav,3.5579512119293213,0.9876889633430288,4.575568406893046,4.028440194476692,4.092678753242169,12.582196847018237,21.173189163208008
4446-2271-0020.wav,2.1056067943573,0.9352732293548712,3.443578460518616,2.274564538697799,2.732830145429313,-1.452276326465175,9.332451820373535
237-134493-0012.wav,2.101297378540039,0.8635627777334932,3.292446584698136,2.5159807809401986,2.6556982615520197,2.4017190187758457,8.063994407653809
61-70970-0035.wav,2.0836148262023926,0.9547458133488974,3.8284137966309424,2.864265027268065,2.944454155587281,6.698216700115756,11.619510650634766
260-123440-0015.wav,2.668910026550293,0.9768531253971916,4.101019413933224,3.4020383821892404,3.3936891027053155,9.99862726487762,13.040077209472656
1995-1826-0022.wav,2.0928964614868164,0.9148797746657648,3.51246994780012,2.3076890407593846,2.73867850593572,0.1397635124647768,10.98537254333496
1284-1180-0029.wav,1.5872786045074463,0.893186808474283,3.3020666903880955,2.4389509088895056,2.418636509488349,4.298616595553779,8.16171646118164
237-134500-0037.wav,2.094433546066284,0.908306962865764,3.5790315477041217,2.9687847327008328,2.816892542467909,8.669038707670431,15.280933380126951
672-122797-0053.wav,2.1177992820739746,0.8623770100037768,3.531575099693484,2.745760557298744,2.7816259229347944,5.9849884896425625,10.833312034606934
4077-13751-0010.wav,1.5301873683929443,0.8502306064146956,2.970120515095354,1.974605735789341,2.210841111266784,-2.030770587422837,3.409277439117432
2094-142345-0005.wav,1.2331359386444092,0.6687816798870336,1.831923357464642,1.8912116118800508,1.471834007191755,-0.1017055624218354,0.2577987909317016
8455-210777-0001.wav,2.537365674972534,0.9838483146131068,3.812350048660971,3.185191240166433,3.176262012179514,7.879322867900536,15.442180633544922
4507-16021-0019.wav,2.8186511993408203,0.9839964497416328,4.027925186630792,3.245832831689037,3.355736845405269,9.7842624874288,16.91489028930664
6829-68769-0010.wav,2.1651570796966557,0.9668710231787035,3.80442496396921,2.3342764131300098,2.9656129002143645,-1.9769404860621809,8.327095031738281
4992-23283-0004.wav,1.705504298210144,0.9321103111046064,3.132596233569226,2.4186556185627577,2.384405509162128,3.5027460774110097,11.146212577819824
2300-131720-0030.wav,2.228170871734619,0.9323030472558312,3.7062840879218135,2.635117068543901,2.941204925536442,2.6460526884665274,2.282948732376098
1320-122617-0030.wav,2.566775321960449,0.97055736951009,3.923034497959583,2.9661622205161704,3.214784930246579,5.563041753845118,5.192978858947754
7176-92135-0030.wav,1.137681245803833,0.8061393099546207,2.247571003814416,1.6781261130314036,1.6404407122530245,-3.2000978825122908,6.628091335296631
7176-92135-0042.wav,1.791396141052246,0.9269116252021676,3.316962259589188,2.5018489988874792,2.544773990145295,3.058611214078364,7.109707832336426
4970-29095-0012.wav,3.171454429626465,0.929782463912589,4.327836121446166,3.3529282067495405,3.717272206217809,7.302515328040637,14.969001770019531
1089-134686-0028.wav,3.114311456680298,0.9940296880914884,4.684203723008025,4.030554149161526,3.940789324906846,15.185218282469052,18.13216781616211
3575-170457-0003.wav,1.808309555053711,0.8261724708433337,3.137878190024884,2.2292666904922256,2.437760974969453,-0.2311993508230675,8.039374351501465
5105-28241-0004.wav,2.445530891418457,0.9170196747183528,3.841891413724808,2.9517413105931127,3.1442175381259685,4.886849890488393,11.986291885375977
61-70970-0003.wav,2.579309701919556,0.96771371424383,3.946046953436692,3.12859512254221,3.265092100417068,6.613110816191079,12.471540451049805
7176-88083-0027.wav,2.098332405090332,0.9563140865447348,3.7129585867682673,2.936569728044275,2.918496127335277,6.674304885428908,8.49722671508789
2961-960-0001.wav,1.1879554986953735,0.7150049467416193,2.207863377047928,1.7484042344163964,1.6222523335458248,-1.41662859568616,5.347220420837402
2830-3980-0045.wav,1.948206186294556,0.8844945968254122,3.418860196537408,2.450054651487758,2.624433944078934,3.259582885517988,9.800899505615234
260-123288-0007.wav,2.427245616912842,0.9706432968860936,3.872921855270173,3.065586577944613,3.146280549766643,7.015207742116025,12.160097122192385
260-123286-0009.wav,2.509634494781494,0.979723619241158,3.922510060865822,3.244701886010712,3.2221595027582626,8.810150911053894,13.64885139465332
4446-2273-0016.wav,1.2839959859848022,0.7951221798557402,2.3943755171178767,1.372088647988823,1.6774589020230928,-4.325381199469313,2.0024516582489014
4992-23283-0017.wav,1.331191897392273,0.8924620699633292,2.796589376888755,2.030814224129906,2.015406313940228,0.7503982133853758,6.984615325927734
8555-284447-0022.wav,3.538104295730591,0.9668384389771268,4.627683099321291,3.854418416119408,4.08864315715288,10.849259885371302,15.809430122375488
2300-131720-0020.wav,2.801963806152344,0.9793818438086924,4.182420004993097,3.2602150148390523,3.4998820293257102,6.803904693624331,8.039931297302246
5639-40744-0016.wav,1.5413661003112793,0.8335570644446226,2.5506893915479645,1.9042252050168071,1.9825278384974707,-2.119734977162257,5.681000232696533
4992-41806-0012.wav,1.4897836446762085,0.8473821297547347,2.3913152637221677,2.0679964660678984,1.8428748394903876,2.382663020278862,8.380807876586914
61-70970-0001.wav,2.0306499004364014,0.9496988918384974,3.464895018268394,2.839120545595827,2.741711237078737,6.486006828930159,11.990241050720217
5683-32866-0025.wav,2.873909473419189,0.9518973320278252,4.221281174089151,3.4701613937167224,3.521548910231439,11.088493056406197,17.29395866394043
5142-33396-0065.wav,1.3841466903686523,0.8463219157388815,2.467129026771089,1.8188848075572457,1.8774351169939096,-2.980900344975508,10.059703826904297
61-70968-0037.wav,1.4848047494888306,0.8520221757522919,3.282371493481474,2.3780746876854497,2.3616302198811407,3.90983571339292,9.100226402282717
4992-41797-0015.wav,3.448318719863892,0.9788334309818292,4.636797489296735,3.887670344584524,4.041354052912951,12.344047290982587,18.76866149902344
2830-3980-0034.wav,2.472306251525879,0.9027716812315756,4.065280077628815,2.9489026596736445,3.216629287104424,6.941187882375607,12.68729305267334
237-134500-0016.wav,1.154820680618286,0.7275682463054381,1.270613158119305,1.0,1.0,-1.7967240557169235,-0.6760308146476746
4970-29095-0011.wav,1.541908860206604,0.8867836797402228,2.8758016553557075,2.136675962407698,2.140979775247365,1.7239429394063217,9.508362770080566
4970-29095-0031.wav,2.977708578109741,0.9369089092152406,4.251637723719211,3.2541699474926014,3.595684620782257,6.580995385671004,12.982674598693848
1221-135767-0021.wav,1.8437047004699707,0.9369796553783326,3.757653246050765,2.861121299331141,2.8047680055302555,7.734190930124309,5.824310302734375
1089-134686-0010.wav,2.5813705921173096,0.9393592900957156,3.7819007908311577,2.6750850007178557,3.1914038714312483,-0.907106015166106,11.371021270751951
237-134500-0013.wav,1.9628229141235352,0.8960079739192127,3.421587761359474,2.562786045163284,2.676639621268381,3.0229263975329124,9.062597274780272
121-127105-0013.wav,2.875460624694824,0.945144891391127,4.268934200327803,3.2159254097703176,3.5697734901912384,5.995685152539939,10.462993621826172
61-70968-0061.wav,1.93705153465271,0.9579987714083908,3.7940793657408314,2.8933045355805067,2.8495133873356324,8.440704466189223,13.000038146972656
5683-32865-0007.wav,1.2210572957992554,0.7227384945242527,1.7434768186257186,1.1259972461891163,1.2010331735323128,-2.432781811967973,0.2482795715332031
7021-79759-0003.wav,1.4847018718719482,0.9029911057951396,2.768043388874389,1.94948443537336,2.0673803283980807,-1.2056687416570464,1.8364441394805908
908-31957-0019.wav,2.1160874366760254,0.9051440942008128,3.4854501403555576,2.6109205938205537,2.7531226986056048,4.0642258727206,8.965523719787598
2094-142345-0032.wav,2.909295558929444,0.9884479226375024,4.454868345160765,3.603311161969044,3.680787927114185,11.82566574101046,15.56631851196289
1188-133604-0001.wav,1.4423843622207642,0.6455200020091498,2.564818671201708,1.917374278750297,1.9411632928590707,-1.2299571323241814,7.567970752716064
3575-170457-0010.wav,2.5082225799560547,0.9690896086183308,4.089718383622004,3.0687663525317297,3.3128678368573485,5.665921388953313,15.303235054016112
8455-210777-0042.wav,2.3470075130462646,0.9543528430157516,3.702292757022428,3.028437903628743,3.0120020305235893,7.424748288167319,11.904508590698242
121-127105-0011.wav,3.3171119689941406,0.9800051773730324,4.794227877869834,3.901762353516944,4.09228224017793,11.85152656133493,15.12688446044922
6930-75918-0014.wav,1.788105010986328,0.8603760443755628,3.3104286463542847,2.190216664416184,2.495338535166601,0.0986628974299692,5.007660388946533
1089-134686-0033.wav,2.3172428607940674,0.9713970533233096,3.72765641125549,2.621805037306994,2.99659429801709,1.7687642521153026,9.824480056762695
8555-284449-0005.wav,2.530630350112915,0.9581943814908804,3.994233447218329,3.0967999349353224,3.237453307191889,7.668845954330165,15.71800422668457
5683-32866-0014.wav,2.4005367755889893,0.9579170459686306,3.933734084759333,3.3618578780756883,3.1408631375431684,12.898190940093686,14.99562168121338
1221-135767-0017.wav,1.3687281608581543,0.7617649550284994,2.928336572365279,1.9168428824257613,2.087082256969428,-0.7781003955190253,4.261624813079834
7127-75946-0027.wav,1.4931261539459229,0.7857780528577321,2.8304615009298604,2.156398794279146,2.101995578436616,2.045439278660483,3.809755802154541
908-157963-0020.wav,1.4228620529174805,0.8065532153785508,2.814790509210567,2.1558097955885502,2.048125811774,3.03585382436468,4.636856555938721
1995-1836-0002.wav,2.9339985847473145,0.9776443474498352,4.433262791382393,3.540208013638241,3.691713658983645,10.231173892980369,13.269492149353027
5639-40744-0036.wav,1.2220158576965332,0.7770896240391107,1.4840518768407651,1.5578933637223602,1.2415927200755963,-3.0374944654260863,4.781362533569336
1221-135766-0010.wav,1.6719754934310913,0.8603449484576338,3.343832318461128,2.4368509915290355,2.475868758569713,3.901031665056016,7.005186557769775
5142-33396-0037.wav,2.422340154647827,0.9693343753132811,3.781765906854532,3.1199024524713144,3.098090054527886,7.930308457983598,17.26214027404785
4077-13751-0000.wav,3.0317952632904053,0.9736044514486408,4.617222065314795,3.485310220346058,3.834704404656712,8.526382538748836,6.377300262451172
8463-294828-0033.wav,1.3596830368041992,0.876109999712721,3.255335528601144,1.91058416070087,2.268780152612646,-1.8468644947877428,7.380048751831055
2961-960-0003.wav,1.6485812664031982,0.86497299231764,2.857491844020481,2.339377595723656,2.212980797930017,2.931656705536822,9.662598609924316
7127-75947-0027.wav,2.342681884765625,0.9426145435432302,3.7528203857621274,2.873385262097637,3.040545865821997,4.7502538443596105,10.761791229248049
6930-75918-0018.wav,3.3147664070129395,0.9517253428828464,4.628368856767137,3.71372018559338,3.989625687689821,9.719251569175434,11.650805473327637
2830-3979-0007.wav,1.559950590133667,0.8097880315634174,3.053466957531201,1.9955805075562725,2.2443233380549894,-0.9095131620398548,4.408560752868652
4446-2275-0019.wav,2.653195142745972,0.9421288109606364,4.110688986512601,3.039921733561531,3.383606120731274,4.676576298144005,11.95910930633545
1995-1837-0023.wav,1.890183925628662,0.931090102571011,3.545012521590513,2.742756735915731,2.701978044318763,6.404035639652009,9.223907470703123
4507-16021-0044.wav,3.3994648456573486,0.934227074642761,4.441485777330689,3.49436147507456,3.88991859376455,7.775189996598903,17.92953872680664
7176-92135-0036.wav,1.2483669519424438,0.78007836510265,2.660889089140592,1.898122577959632,1.9325583345283095,-1.8947978374663483,4.517144203186035
7021-79740-0004.wav,1.849392890930176,0.9028560074440298,3.170798975814736,2.3733068362849217,2.4766543667858203,1.665573381813524,7.158548355102539
121-127105-0017.wav,2.1135003566741943,0.9492158571233408,3.9056836306332414,2.9351861760998403,3.0158111961752057,6.812122723884342,11.4964599609375
1580-141083-0027.wav,3.841893196105957,0.9436253860756836,5.0,4.335320595196009,4.5190993424512,15.056916923414622,20.389936447143555
237-134493-0003.wav,1.7686138153076172,0.9114235196103792,3.2778419694493253,2.2341849899731687,2.51700533048658,-1.1581882065423024,3.331024169921875
5105-28240-0008.wav,2.052438497543335,0.8931411706918292,3.3964584591709337,2.501497645929587,2.701136481963032,1.733741930014511,5.924125671386719
2961-961-0004.wav,1.840951681137085,0.9405788651581332,3.247693937780015,2.715216364610039,2.5367888332397284,6.005212301613778,10.948415756225586
121-127105-0021.wav,2.3533520698547363,0.9783745787520272,3.951956310568853,3.117461038047786,3.152698535711736,8.205121122847196,13.849162101745604
1284-1180-0018.wav,2.568065881729126,0.9228698086485604,4.004659032379814,2.6319103460707858,3.2799915748249693,-0.8071540541408203,6.036215782165527
8555-284449-0012.wav,1.56512451171875,0.7617030085577164,2.7403627194806672,2.1198628704280904,2.055563745607904,2.591625268694344,4.889956951141357
4507-16021-0018.wav,3.329987049102783,0.9857494566669744,4.648918320839632,4.052019740116063,4.002325237348314,15.203200608457475,22.593976974487305
237-134500-0039.wav,3.082009792327881,0.963166427192006,4.3827343505744825,3.53060911272896,3.72617081268091,9.622941633914206,15.806809425354004
8555-292519-0010.wav,1.0735732316970823,0.374690447067363,1.0276037132140077,1.3205595350623345,1.0,-2.907554074463444,-1.4338829517364502
237-134500-0036.wav,2.063103199005127,0.9096150246879426,3.2573660543020733,2.4668639766796057,2.622933786391847,1.736642423260676,6.315380096435547
2094-142345-0013.wav,1.995988368988037,0.907297128649699,3.639498693993318,2.862773622304549,2.80289286859277,7.485422190737491,9.427186012268066
121-123859-0000.wav,2.782118558883667,0.9777007999753724,4.094066376422994,3.355239778785265,3.4376382540805643,8.826754681600537,13.226316452026367
1188-133604-0039.wav,1.715559482574463,0.8439324934516936,3.0715365120409235,2.204905833771335,2.378186611233218,-0.8072714342877731,9.621557235717772
908-31957-0010.wav,2.249812126159668,0.8261340818763803,3.444566274482947,2.368963057299688,2.7568076033032622,1.1255371371584812,7.587794780731201
7176-92135-0006.wav,2.9996325969696045,0.984857401080516,4.534657517684364,3.605168667855809,3.786336464376741,10.27838683980372,13.890779495239258
4992-23283-0009.wav,3.254585027694702,0.9852291145845808,4.472686260829517,3.560149218244512,3.857637692720364,8.801617071155405,15.365280151367188
5639-40744-0041.wav,1.5393154621124268,0.8607857389376457,2.555509834489603,1.7437989474357305,1.9374034724882725,-2.602433334042929,2.5890729427337646
1188-133604-0011.wav,1.735751748085022,0.7859302585393612,3.0142394667300567,2.513762196188725,2.3498739938886004,4.382582833553591,4.860994815826416
4446-2273-0026.wav,2.788381576538086,0.981010621998868,4.52711202879517,3.5281497295394906,3.679751221153087,10.489346180146338,18.761371612548828
8555-292519-0002.wav,3.4704461097717285,0.9865231910699028,4.097716176266236,2.902335248918046,3.59126564892839,5.040691482362428,15.904913902282717
7127-75947-0037.wav,1.3549407720565796,0.800761168302653,2.938433361601735,1.9424384246638569,2.1159080035997446,-1.622648044894062,6.411923885345459
1284-1181-0021.wav,2.6371002197265625,0.9539910034710886,4.094806564668971,2.8736001354996565,3.352309472364765,2.8313027060835565,4.797944068908691
1580-141083-0020.wav,3.041586875915528,0.9679033283801748,4.162667931587341,3.1255897782543727,3.5488728423107068,5.588603764956257,16.865480422973633
5683-32879-0023.wav,3.595937967300415,0.9672419063115878,4.826715488848785,3.947519802184677,4.207492884630987,12.30183598155298,16.677940368652344
5142-33396-0010.wav,1.838774561882019,0.9694736876756728,3.35535179535209,2.3173477731766536,2.59979952513286,-0.7581450813596217,8.324068069458008
5683-32879-0000.wav,2.2659566402435303,0.9095125471564184,3.588983986304155,2.682837008071029,2.886101533191238,3.813782734315408,12.499065399169922
121-121726-0001.wav,3.493051767349243,0.9380637229115392,3.55594914361236,3.316764673756782,3.521263148852226,3.157716032965103,13.725403785705566
5105-28240-0000.wav,3.636293172836304,0.9699490149167128,4.946188478324359,3.944754522684097,4.312701203841689,10.833354262472128,17.64063262939453
5142-33396-0029.wav,1.569625973701477,0.918356794883014,2.4828158845992574,1.8741868113846076,1.9291022591954057,-1.3162916664734143,8.580841064453125
672-122797-0029.wav,2.915081262588501,0.9141561562670656,4.224292664219504,3.0957158066535246,3.5475845683699814,4.667443804255204,14.289710998535156
672-122797-0049.wav,2.407978057861328,0.8454543702524482,3.808914751515512,2.7898451656764647,3.0495002984879496,5.216732154463213,11.81734848022461
672-122797-0014.wav,3.4059972763061523,0.9759818789868246,4.696407527179852,3.710694755345471,4.065150917731238,9.172769347782475,11.931432723999023
5142-33396-0005.wav,1.1498515605926514,0.7965398534829893,1.645395109528184,1.3939388400024426,1.235886519613832,-2.909490631323376,1.2348510026931765
2094-142345-0026.wav,1.6877058744430542,0.8453933382732205,3.4124987367102517,2.2241699672565827,2.4987529250687595,1.2528495360831688,3.051321029663086
1284-134647-0003.wav,1.6129462718963623,0.7653106179800409,3.014113998715663,2.490780509599044,2.2765019934783,5.447296360007803,5.850546836853027
8555-284449-0016.wav,3.4877805709838867,0.9725188954440228,4.64159008149955,3.858943973178885,4.063070739210416,11.614871412456266,18.631710052490234
6930-76324-0008.wav,1.4031991958618164,0.7957595484889944,2.893794604753537,1.9583020552894963,2.1059771053281517,-1.2043746555755688,6.709112167358398
4992-41797-0003.wav,1.200467228889465,0.9501265399632282,2.8810913082431364,2.088867592201263,1.9725792888035567,3.4947396532957846,9.281256675720217
5639-40744-0013.wav,1.6881500482559204,0.930741329905565,2.6074631730073925,2.23415325815329,2.0656901597211306,2.8497844090120026,6.837180137634277
8463-294828-0038.wav,2.01355242729187,0.9496387636012352,3.651958465174906,2.954890969007804,2.820746329336067,8.691651035668254,8.954611778259277
4970-29095-0016.wav,1.800025463104248,0.853216296750689,2.716001687743699,1.8293997689213408,2.149465756637171,-3.2463098419759517,7.302324771881103
1995-1837-0010.wav,1.065221071243286,0.6956234715243245,1.6780297490975546,1.6297366041197705,1.1963738431817317,2.048889110873267,1.8820295333862305
3575-170457-0019.wav,2.761659860610962,0.9689383861633768,4.217039468520328,3.362036378708064,3.4833372932945785,9.317112005434147,13.051591873168944
2094-142345-0059.wav,2.3301749229431152,0.9389911452490076,3.9516590067961688,3.070469685204045,3.133167667862753,7.973421148285999,6.451563835144043
1284-1181-0008.wav,1.0855542421340942,0.6425473540793591,1.5112333048987914,1.574793054441716,1.2108216467317237,-2.8182783647016816,1.1656557321548462
5142-36377-0003.wav,2.266352653503418,0.9575317651058703,3.5861197513048038,2.7589538643630984,2.8922977739639584,4.692000840712583,10.022180557250977
5142-33396-0031.wav,2.9735512733459477,0.9680552529398,4.13882232921664,3.4735011947820498,3.563547698788214,8.944221452569975,16.100006103515625
6930-81414-0027.wav,1.5476970672607422,0.9082612436998042,3.1496991296322947,2.6896825457516336,2.328820341769879,8.315119575583761,11.548762321472168
5683-32866-0030.wav,1.6429822444915771,0.7634003351053998,2.904392661841801,2.010665978257436,2.190455164994444,-0.3474332090378097,6.601067543029785
5639-40744-0008.wav,1.3944275379180908,0.8511697483397244,2.5878123897406966,2.009973402855773,1.9225116100915147,0.8626313441220804,9.380658149719238
8555-284447-0024.wav,2.9230284690856934,0.9179570723288344,4.219864105260855,3.175501505611459,3.5335919596084886,6.569813930759089,13.782770156860352
1089-134686-0005.wav,3.0829429626464844,0.970920076500474,4.47524473013418,3.649388076141256,3.7930098315685634,10.60519584333249,14.722169876098633
4507-16021-0048.wav,1.368729591369629,0.6329837239193458,2.486735119946262,1.6398604050840806,1.785780994748596,-1.5805759355933369,2.205671548843384
4446-2275-0011.wav,1.8454818725585935,0.904725123425335,3.0071010565174885,2.323601764763441,2.383088654375579,1.3530167987289383,8.660804748535156
8555-292519-0012.wav,3.4091756343841557,0.9604591175999018,4.260346503794073,3.1313399322201207,3.746872743754997,4.486756994479577,10.761444091796877
7021-79740-0014.wav,2.4230055809021,0.9838865946293532,3.972269471304087,3.153957263989145,3.195777436568538,8.352914366482825,10.816207885742188
4970-29093-0023.wav,1.0726861953735352,0.5153669362953597,1.0,1.0,1.0,-4.441780811431447,0.5267466306686401
672-122797-0004.wav,2.402639865875244,0.8744376940820465,3.5673466910525478,2.6288812959695664,2.9473540920115107,1.7881796461884665,4.883697032928467
8455-210777-0022.wav,1.6451292037963867,0.9229845792840008,2.960684704414032,2.5037222327350177,2.2771626695581824,4.924141867734993,9.036389350891112
7127-75946-0005.wav,2.57537841796875,0.9320522693063716,4.038811584022878,3.306857299580863,3.2927897260060672,10.198333182691266,11.190858840942385
1188-133604-0000.wav,1.8219256401062007,0.7199900355314814,2.32236946001698,1.7762079766546188,1.9815342849270472,-5.000040822977371,3.8166167736053462
5683-32879-0003.wav,2.2655763626098637,0.8487645387181478,3.529117233135284,2.508254572986851,2.81788692280132,2.730102315015829,6.485923767089844
4970-29095-0000.wav,3.494370460510254,0.9821555652941236,4.603443291326765,3.6946624708886864,4.028543292865169,9.788817634332409,19.650922775268555
4992-41806-0005.wav,3.1934163570404053,0.987120951772003,4.401892978730229,3.6054973267755823,3.777807489774157,10.58991482723122,16.777454376220703
5639-40744-0021.wav,1.548790693283081,0.8538482838820958,2.373875076546198,1.7059967790278106,1.84592072776241,-3.014793201738766,6.165028095245361
4970-29095-0008.wav,1.6060726642608645,0.9283082885959972,2.699268696923969,2.0978370014851158,2.1146383707728376,-0.6613088203549142,10.91293239593506
1580-141084-0017.wav,1.9287617206573489,0.8919685535077472,3.3029053653002927,2.616061045017804,2.59368861107984,4.422121245937507,13.907771110534668
1580-141084-0044.wav,3.744572162628174,0.974142338651391,4.9832981035103545,3.952329666838179,4.372489988639545,10.720368975547425,22.084552764892575
1089-134691-0024.wav,1.3572895526885986,0.8201222540564139,2.161149980174042,1.6347954864070686,1.66871753230545,-3.808624845066641,3.275587797164917
3570-5696-0002.wav,1.9630045890808103,0.9319790057727102,3.4186280380090937,2.693356655211977,2.664519136726925,5.567272257440988,10.929994583129885
1995-1836-0010.wav,2.4101932048797607,0.946029804990098,3.499756606081583,2.614192299433479,2.851184168163319,4.421175909970654,7.362699508666992
2830-3979-0006.wav,3.0434601306915283,0.9006966630105169,4.1743560036832426,3.6053742988166633,3.6013424894897037,11.17616182196552,14.135421752929688
5105-28233-0001.wav,1.7777581214904783,0.8698430826193642,3.062917181006364,2.03363218269916,2.381003813573244,-2.9270874488064904,7.037351608276367
908-157963-0001.wav,1.9978082180023196,0.946947957445044,3.3652207883659915,2.367129471724479,2.6136879289873725,1.9680750703502277,10.787193298339844
7729-102255-0029.wav,2.295604944229126,0.947653394035643,3.674144447749145,2.8421775128929694,2.9687681174803107,5.002386725815381,9.095439910888672
8555-284447-0021.wav,2.8649215698242188,0.9706276072614772,4.388830181141301,3.824543885295089,3.650466775912202,14.574929957203873,10.305978775024414
672-122797-0028.wav,1.0726548433303833,0.4294785388235151,1.5395571365125225,1.0727498355140337,1.0579446947546112,-3.619788094912102,-1.3421775102615356
3575-170457-0037.wav,1.6874620914459229,0.789963669412396,2.9974936892182686,2.3520651479342423,2.273528106836227,4.104609375629093,5.399632453918457
4446-2271-0024.wav,2.360823154449463,0.9114931659125068,3.7672491393782455,2.9646219622256496,3.051694812767065,6.289526448039182,10.977267265319824
6829-68771-0021.wav,2.744438648223877,0.9872721825286006,4.021111350236503,3.23291617683846,3.361035971710989,8.108355269416325,12.831889152526855
5683-32865-0002.wav,2.0457887649536133,0.9161304145562572,3.689474028877759,2.3758074538485765,2.8201663285457856,0.8204553100591021,8.381465911865234
4970-29093-0002.wav,1.7070167064666748,0.8657320811887622,2.9302386850418096,2.1646776774648706,2.261939211283835,0.4530935271033585,9.838533401489258
7729-102255-0015.wav,2.35992431640625,0.9453618958697896,3.768514126160567,2.900354256411531,3.0462212796340777,5.525116823527556,8.428133010864258
121-127105-0016.wav,2.73622727394104,0.9868969514431544,4.430489490691606,3.478363936440181,3.598971554403647,10.375332254083984,16.20258331298828
4507-16021-0040.wav,1.1552550792694092,0.6607218758643533,1.30579741392823,1.0,1.0,-3.8405038481552856,-2.135739803314209
8463-294825-0011.wav,2.2539138793945312,0.945792574441948,3.7439878541260176,2.747188722677766,2.9639280534064336,4.627786521199696,12.044859886169434
121-127105-0006.wav,2.1117429733276367,0.9489855866153324,3.4747248788007354,2.738301038852305,2.7857265362652583,4.350823632591244,11.165904998779297
1221-135766-0005.wav,2.58503794670105,0.9654582290913244,4.241380459935424,3.331114549542635,3.428001218740364,9.20850844755856,11.35346221923828
6930-81414-0000.wav,1.232762575149536,0.8453740818635778,2.9940811043511872,2.054332392424146,2.0987330222410936,0.3388442589081907,2.4247188568115234
2094-142345-0048.wav,2.120035171508789,0.91076729418602,3.6542303132263503,2.564427966408626,2.8548739843318787,2.601139965302381,4.64655351638794
61-70968-0011.wav,2.3188939094543457,0.969281803655168,4.041029526463482,3.109947346132599,3.1860596170631976,8.063514009911508,12.138081550598145
1089-134686-0035.wav,3.885140419006348,0.9936654793274454,5.0,4.105500968267195,4.5276529237530125,11.206401592230886,19.36974334716797
4446-2273-0002.wav,2.8066534996032715,0.9636285400062308,4.253292681721715,2.80058874633722,3.5396074349712983,-0.619553632308441,13.698420524597168
4507-16021-0059.wav,1.5822627544403076,0.7360494309357497,1.59160519653254,1.4046918790595364,1.291417509834703,-0.0250826867219176,4.350811004638672
1580-141084-0042.wav,3.1802337169647217,0.9388773210160932,4.605667189457638,3.515420059268674,3.899655779860005,8.065562000763455,15.663094520568848
3729-6852-0007.wav,2.583812475204468,0.9577029732977816,3.9549485510267215,3.244996455928673,3.2312230184017734,10.214152314267109,14.980826377868652
8463-287645-0003.wav,1.3976764678955078,0.7603663356936398,2.3571617100301623,1.7296445072309397,1.7690359052019085,-1.8338411784090525,5.50620174407959
1580-141083-0026.wav,3.266741752624512,0.977393040054443,4.683003897379062,3.4654832217220157,3.981868073958539,6.6144231082677685,17.561756134033203
3729-6852-0008.wav,1.619652509689331,0.8574873815204578,3.0161039965383867,2.3748432036585645,2.254632094883008,4.712535305695645,8.724767684936523
7021-79740-0008.wav,2.3012795448303223,0.972064453251084,3.658872235484371,2.908280752564895,2.962372685095306,6.081811634129068,11.977654457092283
6930-75918-0020.wav,1.4021356105804443,0.8050927710262012,2.721359440650025,1.8348180992291865,1.9736233136285624,-1.128853293271789,4.840632438659668
237-126133-0000.wav,1.384142518043518,0.8788681100341449,2.852246261116428,2.180232162470252,2.0809797193462347,2.2294540159697376,6.893191814422607
1284-1181-0013.wav,2.527672052383423,0.9319164040573208,4.128780651107816,3.0126721225046174,3.3228737806345854,5.476175253572765,-2.41632342338562
61-70968-0051.wav,2.6280534267425537,0.9770154773752904,4.195158591264272,3.3414101973082277,3.411276166717969,9.72617282493582,15.272894859313965
5142-33396-0026.wav,1.6211299896240234,0.853153022288588,3.0824067703557247,2.129098776762425,2.3263568416065565,-0.8731128875328099,6.380375862121582
61-70968-0062.wav,2.21717381477356,0.9289910199954632,3.816928061493629,2.7139308502991613,2.9899804985782983,4.012422589971312,11.542078018188477
121-127105-0010.wav,3.0945749282836914,0.9579157511991,4.555853209724129,3.3334548754170443,3.822978014799273,6.207687955108421,10.74272346496582
61-70968-0024.wav,2.789515495300293,0.9554382974703216,4.422499770175382,3.498039966175669,3.61309383540816,10.67153913537299,14.819246292114258
2961-960-0005.wav,1.1383333206176758,0.4868828136212246,1.254327738721151,1.050101596557527,1.0,-4.536960103115406,1.3056252002716064
908-157963-0027.wav,1.1947336196899414,0.7434925632086039,2.472051147792861,1.6539963737474517,1.6655432137271693,1.0685077875165832,0.7888679504394531
5639-40744-0014.wav,2.2192535400390625,0.9476240872936296,3.094957755457146,2.778614021072301,2.605841080559903,6.167068429343987,12.965604782104492
6930-75918-0013.wav,1.6532378196716309,0.9212596709836826,3.3499206985746235,2.7848123064658235,2.488603556488334,8.721903106573713,11.815813064575195
61-70968-0028.wav,1.4892034530639648,0.8626729968918007,2.861068913180837,2.1092614473036595,2.1463707126955343,-0.0444202151028643,7.586874961853027
1284-1180-0032.wav,1.1449772119522097,0.6380549740493667,1.0,1.3720458971391236,1.0,0.2033323279021414,0.6824022531509399
61-70968-0060.wav,2.736111640930176,0.97035640487669,4.357212070608503,3.3113827783336403,3.5414683614947986,8.650256340875655,13.777839660644531
7127-75946-0021.wav,2.174020290374756,0.7611281916373643,3.647219448340131,2.9640483181981385,2.891743763515253,7.957651252533479,12.865203857421877
8463-294828-0025.wav,1.3396670818328855,0.9043302196888932,2.411432700528352,1.6641909224231086,1.7503557490998376,-1.7104759108918617,3.3626952171325684
4970-29095-0009.wav,2.3444881439208984,0.8993431496888227,3.3443176891640727,2.386874788131089,2.77815716541402,-0.3404468183119503,8.771759033203125
260-123440-0005.wav,2.4894556999206543,0.961923035635076,4.084561490364694,3.1950157800150376,3.279931964695672,8.732811888705907,10.575828552246094
237-134500-0007.wav,3.066627025604248,0.970049952959914,4.416438251054574,3.778945964970052,3.759800223494845,12.59646234972093,18.373699188232425
672-122797-0022.wav,1.5615848302841189,0.7398004688626589,3.0843932206690545,2.115769590828477,2.2827990694538203,0.004985038522838,3.311363220214844
6930-76324-0022.wav,1.278286337852478,0.8380274491099308,2.8532886471276884,2.008216317777976,2.0464796603678805,-0.5100204541678666,-1.315948724746704
4077-13751-0015.wav,1.7994320392608645,0.8835920585663196,3.3192731624667884,2.4532531190801814,2.5177236255769784,3.647537479656156,4.549571514129639
2830-3980-0043.wav,1.415719747543335,0.9588559544432448,3.18132019891391,2.3360496687568806,2.22860056452742,5.875785185790998,11.336528778076172
61-70970-0040.wav,1.372241735458374,0.8446357498287305,2.8063620761640364,2.0796398113947547,2.0731390874883595,-0.2021722805073627,6.178555488586426
260-123286-0024.wav,1.1437422037124634,0.700847745680709,1.3147907675018744,1.3201948266194103,1.0,-0.6446975689304262,2.575599193572998
7127-75946-0023.wav,2.7357208728790283,0.9688145460663096,4.3112972972620565,3.409953727617226,3.524831383658075,9.935588961602104,11.033939361572266
5105-28241-0008.wav,2.922492504119873,0.9343686607605504,4.239418904857496,3.609469766212844,3.5970644405278405,11.08249172209557,16.5385799407959
121-127105-0005.wav,1.169566631317139,0.6871745666075882,1.5148186851204135,1.3141666177494562,1.1536776607153425,-3.1271881862484863,-0.1022237688302993
61-70968-0040.wav,1.6993701457977295,0.9101089812704022,3.438256884619902,2.460013211005139,2.549198104805934,3.5095173268780258,8.914135932922363
2300-131720-0041.wav,2.145150184631348,0.9530818422003188,3.1413310913132277,2.750915425955597,2.624803457245388,4.822133618173272,8.464067459106445
3575-170457-0018.wav,3.017545223236084,0.9607864196365876,3.887729830298841,2.99894270207873,3.318027454900631,7.369364693918014,18.775480270385746
61-70968-0001.wav,1.443956732749939,0.8921726949650882,2.8999750838880414,2.105355807534314,2.169833819311078,-0.9506190325077248,6.854471206665039
1188-133604-0033.wav,2.1708192825317383,0.8927836574497275,3.3644792773144485,2.671633988492587,2.745699285842269,3.5054389326569737,11.922706604003906
4077-13751-0011.wav,2.562743663787842,0.9141532562075312,3.988711316375426,2.936146284110176,3.2341861353302326,5.6124908777725855,5.848470687866211
1221-135767-0012.wav,1.5982322692871094,0.8911823456270053,3.2946375657540705,2.5518430020718594,2.4330163256471846,5.4547196485305,5.31289005279541
2830-3980-0016.wav,1.1232404708862305,0.6954178565599629,1.5700365756104604,1.281978029619109,1.1299936061541005,-2.063293751190836,-1.4730169773101809
61-70968-0039.wav,1.778873324394226,0.8700311218496284,3.2375305387509328,2.369770705836191,2.4543844267930086,3.01967318428294,9.161053657531738
6829-68771-0010.wav,2.431835174560547,0.9604666899758868,3.931340291438657,3.1578189297414125,3.1823364342270826,8.238589626622659,11.474513053894045
3570-5695-0008.wav,2.5923781394958496,0.9866489249777628,4.1827405875037496,3.5382070875591083,3.390866464595365,12.953896896559073,15.38570499420166
1995-1826-0021.wav,2.260626554489136,0.9328201346395726,3.4863801208607845,2.246064672341583,2.801277528510372,-1.7093208610074266,5.799536228179932
6829-68771-0028.wav,2.0078299045562744,0.969542663264294,3.777377177041598,2.7702124436716327,2.8953053587112416,5.140836928607056,15.339436531066896
3575-170457-0040.wav,2.1638331413269043,0.9228516883239892,3.5321317022055867,3.101588985588521,2.8306533337030557,10.160060139662642,15.410425186157228
260-123440-0003.wav,2.5192248821258545,0.976497281242782,3.954643072379753,3.274713230018054,3.2294688717761133,9.809517914796714,16.800888061523438
5683-32866-0007.wav,3.047291040420532,0.916956586861969,4.170242841592555,2.888954886017299,3.579171693707259,0.747244308739614,19.65707397460937
6829-68771-0022.wav,1.8103511333465576,0.9236124309262068,3.662006557777567,2.610352924161292,2.7317310277749423,4.38587205691986,9.538028717041016
5142-36377-0012.wav,2.3975749015808105,0.9683911535277376,3.834963886305396,2.980147782647193,3.0856621513555877,7.062691891319588,14.28378677368164
7176-88083-0014.wav,2.7960355281829834,0.984930107489638,4.371965114498458,3.24116893949668,3.5997018726173047,6.172003081174945,5.958945274353027
7729-102255-0022.wav,1.4882339239120483,0.8490645925603786,2.53567622851541,1.9557179669425653,1.9829045963268883,-2.427085878808615,5.939454078674316
1995-1826-0018.wav,2.2782907485961914,0.9070383228613488,3.446660113162942,2.627683649842524,2.806256108166793,3.5169843437437924,9.257899284362791
7021-79759-0000.wav,2.26699161529541,0.9430073511710084,3.17621011775772,2.3877151199615763,2.6545409464446217,0.2977949977000877,9.22720718383789
1089-134686-0002.wav,3.0922675132751465,0.971776937735633,4.335611231360435,3.6015135067132595,3.7363028161356926,9.419333177278611,13.5633544921875
1995-1826-0013.wav,1.7611908912658691,0.8685243672728158,3.242035614642341,1.9440192140051296,2.4161658915711435,-2.2148927575142,-1.1415385007858276
7176-92135-0013.wav,2.924360513687134,0.9731908793591344,4.52776515355086,3.2240749617254982,3.754667106465038,4.369941820037444,10.219240188598633
8555-284447-0009.wav,1.915578007698059,0.8594585882504987,3.0715200015103594,2.222975074108572,2.3638070629173016,3.0452006178956217,10.164250373840332
5142-33396-0012.wav,3.609654188156128,0.9830755664180508,4.756832712994811,4.05734342651373,4.2073341278925245,12.721151064692522,20.057514190673828
260-123286-0016.wav,1.8729710578918457,0.948371327115756,3.519038275803437,2.226866556947508,2.6672222968432724,-1.075169033137831,8.357829093933105
8463-294828-0021.wav,2.5184309482574463,0.96337315725483,3.991328619006178,2.882729175879821,3.242233353555477,3.81775642957997,13.685961723327637
1221-135767-0016.wav,1.83423376083374,0.8981962573380654,3.4864840397393806,2.677850764035154,2.651763127947688,5.482829695969675,6.2108964920043945
1188-133604-0012.wav,2.5898101329803467,0.871631397318427,4.036135715943766,3.1960174830443,3.297823863103984,8.370093128842202,11.454936981201172
237-126133-0002.wav,1.6397144794464111,0.8744630919887626,2.9891172334201483,2.046505263327233,2.260876816938073,-1.0718036534751467,8.602636337280273
8555-284447-0015.wav,2.1617438793182373,0.9185242592695996,3.4875199122943816,2.383770832284809,2.7437343170873443,1.5870611483473056,6.17349100112915
2830-3980-0055.wav,2.5877344608306885,0.9412061752440666,4.145980498993801,3.0960973511937206,3.350280128772528,6.850524958487839,10.941625595092772
4507-16021-0014.wav,2.303572416305542,0.9881041771047556,3.9087739839787816,3.128818538818921,3.0741140402233165,10.171276213877077,21.7497615814209
4992-23283-0002.wav,1.7128455638885498,0.8766992189176699,2.8986159752976643,2.006059267887632,2.246105537838737,-1.974833807836962,5.5744218826293945
1089-134686-0004.wav,2.5221121311187744,0.9592904936140588,3.89246939784278,2.8971833785453422,3.196771031116793,3.9369451623564977,12.095312118530272
4507-16021-0012.wav,2.6043834686279297,0.9214790789517469,3.77788680674064,2.8761907959768687,3.1125027725329666,6.0107550557832985,15.078444480895996
121-127105-0031.wav,3.4518184661865234,0.9508945533150476,4.177245665777288,3.530481800490193,3.8202205487348895,6.394113050218756,14.088541030883787
7127-75947-0000.wav,2.1202943325042725,0.9043419112692398,3.733948650715676,2.3409046044496526,2.901596687235056,-1.2539847306873089,6.705739974975586
2830-3980-0019.wav,1.875720739364624,0.976499253031856,3.472725773820289,2.4123203639540622,2.638397117772477,2.163580510908496,6.111784934997559
2300-131720-0011.wav,1.5727555751800537,0.854960091895701,2.907891305420894,2.3880405604558,2.200287512455628,4.256541330583465,5.0490827560424805
237-134493-0011.wav,3.0115416049957275,0.9652480567503002,4.268480800313361,3.645634306005499,3.659527667384378,10.847117196051684,16.67447280883789
61-70970-0018.wav,1.8274719715118408,0.89078318612875,3.565952736838565,2.2425829705169376,2.672032721086399,-0.6762247015346319,6.599193096160889
5142-33396-0057.wav,1.8030738830566408,0.9611054349915532,3.341241573369702,2.6147490658245305,2.559833154919249,4.890653305895216,14.169211387634276
8455-210777-0060.wav,1.833845615386963,0.9530952504438476,3.2313050945635053,2.6819121439023954,2.5151124770627837,5.968147933059157,10.556739807128906
237-134493-0005.wav,3.2164134979248047,0.9548480334604084,4.38978787127522,3.591493287324422,3.812003219095258,8.93278261525939,14.06378173828125
8463-287645-0006.wav,2.4705705642700195,0.9127131367704752,4.138988843976024,2.631779567659294,3.2977480370053343,-0.0760965653191131,9.586851119995115
1089-134691-0009.wav,2.0149528980255127,0.8656799884821498,3.504043507970888,2.56950627687474,2.7556619249994325,2.2198597655922345,7.126998424530029
4507-16021-0043.wav,3.0129647254943848,0.9766254773615703,4.364915060642015,3.451136420841698,3.673992328455837,9.257493890896312,14.880620002746582
121-127105-0033.wav,3.2782950401306152,0.9701731573846228,4.032608650962117,3.4757482184385893,3.66964791258194,6.444587695451177,15.162577629089355
4970-29095-0020.wav,2.8728127479553223,0.9289344851858984,4.207665603229186,2.708572024570829,3.528234296901967,-1.6093455758950457,10.924324035644531
3729-6852-0044.wav,1.9754232168197632,0.868335887185781,3.5317297928531004,2.5484223838932034,2.700931289542478,4.323984761403216,10.266412734985352
8463-287645-0009.wav,1.8848390579223635,0.8789836406405908,3.319118579959999,2.681208878343111,2.565369978141208,6.415391184660868,11.7822847366333
61-70970-0015.wav,2.3198704719543457,0.9764174927517076,3.978201116266839,3.116833230914754,3.147694646196103,8.500100918670192,13.2703218460083
4507-16021-0055.wav,2.2813241481781006,0.878685891695351,3.436038722055115,2.357038090842097,2.796363924739677,-0.5315111220356258,9.910436630249023
121-127105-0028.wav,3.7842769622802734,0.9843444736550024,4.323810881632805,3.544419485480401,4.062516669456926,4.027248887468241,12.98392391204834
7021-85628-0003.wav,2.2374155521392822,0.9647541175580274,3.765920605383501,2.768943213406914,2.9564820012455337,5.540100999513896,7.659605026245117
8455-210777-0015.wav,2.212187528610229,0.971648660026338,3.336167198430242,2.928024201575243,2.750076623478305,7.368091493773303,15.062114715576172
4507-16021-0005.wav,2.140164375305176,0.8907267962418653,3.2834522665456287,2.213768323170051,2.633578817161251,-1.0480906177529206,8.824503898620605
2961-961-0012.wav,1.8328194618225095,0.9429659511853952,3.232912906903182,2.4569060940572967,2.4999159798671235,3.0863699725630345,4.4867987632751465
2300-131720-0001.wav,1.9990241527557373,0.9384236485742016,3.2687395960352768,2.538158845337791,2.606044848384636,2.9222920178151743,3.6174607276916495
672-122797-0017.wav,2.914799451828003,0.9351995057458647,4.326033675631299,3.4454357788208707,3.6179944446029095,9.34264529186337,11.734540939331056
3575-170457-0005.wav,1.487968683242798,0.854180456229118,2.7044301238737214,1.7370889872208006,2.0001384403104248,-2.961075923895441,5.184967041015625
8463-287645-0013.wav,1.4705946445465088,0.8667594384942375,2.881946350072771,2.252191162673843,2.1327755545169835,3.0081576424677325,10.846010208129885
1580-141084-0043.wav,2.4673941135406494,0.9401335597161464,3.821010524383828,2.7788713373428737,3.0847528429772177,4.625617610507056,14.704195022583008
8230-279154-0040.wav,1.8719874620437624,0.926529442079506,3.459693975997261,2.572702986914824,2.6314328234037685,4.675753729105341,6.372507095336914
4446-2275-0002.wav,1.9004018306732176,0.9326668375328948,3.261911254824111,2.253131287902624,2.5596028322496878,-1.1513578752973044,10.832469940185549
1089-134691-0018.wav,3.004234313964844,0.8926875171855381,4.376998867208404,3.045895477543631,3.6795432853512704,2.717438590971804,14.843557357788086
2830-3980-0049.wav,2.349627017974853,0.8912793194604584,3.680807688956477,2.7847985040844536,2.970966297790694,4.932851327319848,9.851081848144531
2830-3980-0033.wav,2.150693893432617,0.8602326281629953,3.6033138836511167,2.817912065659224,2.838561302467916,6.676690939661368,12.570638656616213
3729-6852-0016.wav,1.6761376857757568,0.8391913504619914,3.009567054623613,2.052496163741921,2.2686247945377622,-0.3357671089672277,6.126554012298584
8455-210777-0008.wav,2.650425910949707,0.9668939811020844,3.7881855189293407,2.96806137578048,3.192239918337796,4.856673909799049,12.669452667236328
8224-274384-0001.wav,2.533467531204224,0.958477802947795,3.890344348051903,3.152158658326996,3.2085848415205738,7.583561188325065,10.868467330932615
1320-122617-0003.wav,2.511321783065796,0.9636495317971396,4.094016731575674,2.9917118364991664,3.2930188187251,5.45703141029614,4.002045631408691
1995-1826-0005.wav,1.2434014081954956,0.7897179990743348,2.4640421083401094,1.643563335139402,1.7560099159513711,-2.545036291907075,5.047895431518555
8230-279154-0011.wav,2.0709614753723145,0.9026642203146396,3.249415034195584,2.2197282740504027,2.5632358372257285,0.3849946069144054,3.342870712280273
2094-142345-0052.wav,2.472647428512573,0.8187683622136528,4.044783304541055,3.063272613006842,3.244009237029716,7.105909819711322,12.095788955688477
7127-75947-0010.wav,2.925196886062622,0.9761047146146116,4.380709616103315,3.587794950508598,3.665411475303229,10.86423363626506,15.184887886047363
8455-210777-0018.wav,1.2349357604980469,0.7900327958223421,1.8748686125103735,1.2729704620838205,1.3305376351672726,-2.7218133003525966,0.3227300941944122
2961-961-0016.wav,1.923107385635376,0.9302913891142088,2.9522934479549345,2.1777735854265776,2.3496666475676657,0.4473744735288588,9.589513778686523
260-123288-0006.wav,2.1270480155944824,0.9567767832690696,3.149865279939221,2.778455677533869,2.6433588218723805,4.363442945086607,10.591873168945312
8230-279154-0018.wav,2.8758490085601807,0.959456682451703,4.285860949154968,3.244935639691972,3.574685300808912,6.616525851056553,7.950347900390625
8455-210777-0058.wav,1.6116424798965454,0.8489460503864453,2.858258756301596,2.0833845695603683,2.1977767395229613,-0.9865944968794844,5.007909774780273
5105-28241-0014.wav,2.636105298995972,0.9407578379668392,4.13722006406583,3.077021908349055,3.377379482883844,5.870881370032697,11.414785385131836
61-70970-0004.wav,2.730742931365967,0.95589692535817,4.12422950192482,3.287236142330787,3.438339623032188,7.624463448141483,12.7233304977417
1188-133604-0013.wav,3.27519154548645,0.9800103727345972,4.540539818396783,3.6577704027846982,3.919465255991194,9.416725368257795,15.366094589233398
5683-32866-0027.wav,1.516911268234253,0.8177908322408444,2.980854798468317,1.948781652665443,2.166273434921919,-0.4363840191102122,4.113583564758301
1580-141084-0005.wav,1.6376256942749023,0.8246660461255461,3.198489126564803,2.2401167874416466,2.346870315234614,2.771931801598228,13.08993434906006
7127-75946-0010.wav,2.3133373260498047,0.9402313504709756,3.751787918184264,2.9867723527587864,3.016573508783633,7.153394380936431,7.43179988861084
8463-294828-0009.wav,2.3173155784606934,0.9612779064136258,3.954767004573408,3.1317560000175844,3.1252904836760207,9.172885626807352,15.344151496887209
7729-102255-0025.wav,1.300432205200195,0.7774965597130232,2.3198093801541613,1.7304316746093151,1.7370501996691965,-2.6566397027423423,1.267825484275818
237-134493-0007.wav,2.089674472808838,0.8997981734254411,3.5388746228577506,2.517099797525713,2.7772165266330955,2.297412672346091,9.267349243164062
6829-68771-0031.wav,1.9123910665512085,0.9587356207682658,3.2243325779128065,2.322690611110227,2.477252248822021,2.9330055469430607,9.879597663879396
6930-76324-0021.wav,3.0807619094848637,0.9452406779392784,4.374731797389669,3.5551173942119307,3.741090485676363,9.160883607255805,10.467952728271484
4446-2275-0023.wav,1.736226201057434,0.8904448137866485,3.20493019186135,2.046903422839917,2.414144129674214,-1.6721839768760616,7.434864521026611
2094-142345-0040.wav,1.3092703819274902,0.7865361177496764,2.421762829201024,1.9036999368082304,1.8061214514635584,-0.5849151682669914,-0.0170300733298063
908-157963-0015.wav,2.172229766845703,0.9437111295905068,3.688674600179653,2.819969125816205,2.916252318976313,5.473405072660886,11.779727935791016
237-134500-0025.wav,2.344351291656494,0.9807430169017768,3.732207152864816,2.8012356770824534,2.9998308147830564,4.97147191164242,15.448565483093262
8224-274381-0013.wav,1.968158721923828,0.9093590328200392,3.4693077174695124,2.305435927846742,2.704076041797598,-1.1464507433451194,5.084752559661865
260-123286-0014.wav,1.4717940092086792,0.8728035175237924,2.1489708085903554,2.0933594853342385,1.7743394780202886,0.2283137205486427,5.804547309875488
4077-13754-0006.wav,2.5767130851745605,0.9472293308814532,4.04162739679502,3.017743951500047,3.286521613451056,5.966696950227345,4.277172565460205
5105-28241-0019.wav,3.6078619956970215,0.9856712606812592,5.0,4.283002294848986,4.345913996388567,15.831315889090185,18.335058212280277
1188-133604-0021.wav,1.9461760520935056,0.8690021630039751,3.297277555681997,2.3407169996313915,2.592123501408513,0.2524739392035623,4.464197635650635
8455-210777-0009.wav,1.6349022388458252,0.9312586677565862,2.87370993415015,1.9888423596274247,2.207130060667054,-2.219623597719357,9.338486671447754
2830-3980-0002.wav,1.5394666194915771,0.9014083595314024,3.1867125249643804,2.4726197148609987,2.3360603105505247,5.241451007550831,7.19982385635376
121-121726-0007.wav,2.9352169036865234,0.98024942544428,3.410482077970511,3.2713355462277005,3.1861708079884563,5.833064936955078,16.188217163085938
5105-28241-0009.wav,1.5007648468017578,0.6549687964594271,1.9951538686389183,1.7385324469772705,1.6597667848890876,-3.303203725704892,4.711584568023682
1995-1826-0000.wav,1.7159849405288696,0.8245009801624458,3.288522953332739,2.4318247512062223,2.4606734365659477,3.9234448616179463,6.540572643280029
5639-40744-0011.wav,2.7771384716033936,0.935976701108616,3.8507457715459976,2.981796912326062,3.274983053567325,4.658320793586894,9.80502223968506
1580-141083-0028.wav,3.225231170654297,0.969079303400448,4.647282972656067,3.708609654081145,3.9337969970285633,11.199862151386638,21.437788009643555
1580-141083-0006.wav,1.9606131315231323,0.89783751321465,3.194366217527272,2.0615464897626765,2.506639820510013,-2.4568828727474985,7.473209381103516
672-122797-0057.wav,1.2660601139068604,0.5991162248884779,2.239699667739416,1.6387572334830838,1.6106548325887755,-0.8030592829451019,3.745001554489136
672-122797-0048.wav,2.5558907985687256,0.7505914771756534,3.793144210324306,2.961549933326303,3.1547333852454185,5.128549292492697,10.86234188079834
4446-2273-0029.wav,3.650367021560669,0.9836021771765348,4.975471551990922,4.092761850924066,4.336090289597791,13.000469989535976,17.495227813720703
1580-141083-0043.wav,3.1174840927124023,0.9118588263642918,4.5219167771485065,2.975403824129853,3.80960220188458,0.7055637692301362,13.796838760375977
6930-81414-0025.wav,1.091762661933899,0.6528410369529972,1.632599032049023,1.284427275242782,1.1669386997054725,-2.7421545237517235,-4.045459747314453
7729-102255-0044.wav,1.818178653717041,0.8868060820039532,3.087217063658506,2.5393318647848915,2.429105995472064,4.105872835925336,9.093127250671388
6930-75918-0008.wav,2.808535099029541,0.9483424997707908,4.337300141979188,3.4853399180705944,3.5810490740772454,10.292871476786589,11.183191299438477
7176-92135-0007.wav,1.567768931388855,0.8578205621236611,2.902461323925757,1.8723167014682525,2.1761915000397445,-3.0600512769983643,3.4286046028137207
2300-131720-0009.wav,1.44548499584198,0.8246249328528559,2.525718884946881,1.9426434697316288,1.9122852750149144,-0.3682264402874628,-0.3077678680419922
260-123440-0007.wav,2.2271862030029297,0.966974550461836,3.838985455668658,2.969043214760153,3.0136158863205624,7.65081639586653,13.142929077148438
5105-28240-0010.wav,2.923592090606689,0.97996286585537,4.220726932755441,3.1423948992110757,3.557953359511904,4.998149769281078,9.818841934204102
3575-170457-0020.wav,2.4582889080047607,0.9093508546624604,3.939538583902324,2.6445830444601603,3.1788448956390725,0.8133874411092364,8.222132682800293
672-122797-0003.wav,1.2503924369812012,0.7015977576279746,2.303485485698616,1.5677344953626766,1.6177851142333344,-1.0759171658379438,0.0615085251629352
2300-131720-0003.wav,1.505980372428894,0.9096467394136174,2.7277358459207197,2.24009593567439,2.0837753561162886,2.113184135220896,3.022286891937256
260-123288-0012.wav,2.679986953735352,0.9686328777825344,3.902991051368617,3.1485952337108745,3.272336122194601,7.143543697822837,16.89063262939453
4507-16021-0002.wav,1.3437786102294922,0.773106659503659,2.702291048629925,1.6330793224080522,1.911343313195777,-2.860654688480571,5.992712497711182
4446-2275-0025.wav,2.232496738433838,0.9414784763466504,3.39797520578479,2.4901565465811397,2.787933231359806,0.4026229649902028,7.893670082092285
8224-274381-0012.wav,1.8734421730041504,0.8571411507267391,3.2468773067711583,2.693393186899142,2.541040949691788,5.929908673778492,8.015843391418457
237-134500-0012.wav,2.045184135437012,0.9313184381302656,3.543185598974688,2.9969420424898665,2.783545815158703,9.077328262366324,14.184823036193848
4446-2275-0000.wav,1.2529925107955933,0.7479171403400241,2.62488697899985,1.7304985582827217,1.8526098480933584,-1.754480141048947,5.079336643218994
1221-135766-0003.wav,1.494076371192932,0.8160159343862202,3.122084197170209,2.227405414010274,2.2668355588606386,2.316859125084301,3.49519157409668
6829-68769-0014.wav,2.3982458114624023,0.9632922461332714,3.9874247951438817,3.1620385444614065,3.1907156028596475,8.673448140294706,14.352665901184082
908-31957-0018.wav,2.1853935718536377,0.9666486357952604,3.8693743207167497,2.9252623125675488,3.020755916724625,6.694776507155117,10.754986763000488
3570-5694-0018.wav,1.7776494026184082,0.954648012288159,3.0623805577845573,2.164719996822294,2.389559613014506,-1.236647264737699,14.990715980529783
4992-41806-0011.wav,2.24487853050232,0.953110970704324,2.980614628810441,2.016363189401176,2.447712557545175,-1.0961519734235246,12.432024002075195
7176-92135-0019.wav,2.133686780929565,0.9780431867861225,3.448128522887801,2.880862283705041,2.767630350065601,7.14966145305874,12.085342407226562
7021-79759-0004.wav,2.364511489868164,0.9637371986085094,3.7044263841017058,2.866094322018844,3.00439186147387,5.486563330508044,9.56532859802246
121-127105-0002.wav,2.322408437728882,0.9234094925947394,3.845882357640056,2.377219021373298,3.0478957521520025,-1.7063078649993646,6.9774580001831055
1089-134691-0010.wav,1.7390462160110474,0.9815149969603688,3.019184712951128,1.7889720838873424,2.291845436743698,-4.4086244730442345,10.760747909545898
260-123286-0022.wav,2.0539355278015137,0.9307435088791016,2.8109591208622637,2.684694874265391,2.4215542071203964,4.146112888757184,11.86514663696289
5105-28241-0000.wav,3.2846932411193848,0.9690854107578488,4.782535579356245,3.88483817153538,4.055512861135636,12.47129878486612,15.384870529174805
1320-122617-0031.wav,1.1721584796905518,0.6966787820493152,2.2570099617961423,1.594546179913182,1.6388680485634566,-3.745077195637242,-2.44445276260376
2830-3980-0013.wav,1.689504623413086,0.9157477667135512,3.241546348672774,2.263946256167069,2.396717513302993,2.65847402034946,6.519983291625977
1089-134691-0025.wav,3.129772901535034,0.9815002685778748,4.53153980877147,3.463550194892474,3.84097126397809,7.462953691847441,12.49559497833252
237-134493-0015.wav,2.507398843765259,0.9414990116110964,3.870678003177792,3.368115621324857,3.2005000540471613,10.55432946325839,15.619268417358398
7127-75947-0013.wav,2.0495681762695312,0.8396254646796156,3.5162241798766964,2.2061679605087905,2.7481647486314675,-2.4425710872429254,6.453609466552734
1089-134686-0036.wav,2.1061270236968994,0.9535686863602524,3.4661537279541217,2.44755879181132,2.7462394993230395,1.2053936889811423,11.055328369140623
1320-122617-0015.wav,2.208803415298462,0.9043070001341198,3.328233114153349,2.413817859660754,2.678672600227713,2.1285327698162138,1.5483009815216064
6829-68769-0034.wav,1.8135292530059812,0.95447469242391,3.476709821459566,2.7496829735766237,2.6218233166336216,7.424320258651224,12.431421279907228
61-70968-0033.wav,1.9046411514282229,0.9559587605976788,3.6789880752886015,2.283309849068576,2.7763057912085807,-1.014548345009718,7.425606727600098
8463-294825-0008.wav,2.7076902389526367,0.9369356966544522,4.265462455051404,3.081909205011776,3.4905658756653763,4.822468702305599,15.059015274047852
8463-294828-0005.wav,2.6898059844970703,0.9721300824529028,4.191327867082528,3.3451605227937726,3.45052286034631,8.877903248364705,17.46755599975586
4507-16021-0050.wav,3.7949163913726807,0.9917066579689924,4.852185804185161,4.007779820803044,4.280732060928163,13.50708786572924,22.240550994873047
1221-135766-0014.wav,1.1298383474349976,0.56077633390387,2.184369907390035,1.564854919269305,1.532637551343735,-1.748855162091768,-1.329876184463501
260-123440-0009.wav,1.960020661354065,0.9544875394654216,3.351512632452218,2.5049724162731475,2.6133527460064383,3.3163058854431284,11.900659561157228
6829-68769-0053.wav,2.995325088500977,0.9740003145135756,4.419932437589262,3.393008448943273,3.6988611861864418,8.18663230006178,12.590808868408203
1188-133604-0020.wav,2.827951669692993,0.9359718749145474,4.184472730058741,3.384652754966513,3.4929441975603908,9.510790298802917,15.78087329864502
8463-294828-0012.wav,1.698826551437378,0.8966899907788378,3.371325238450787,2.1937361429824485,2.5105327468047576,-0.4888210740756695,8.84001636505127
8224-274381-0005.wav,1.8652465343475344,0.8613105820176785,3.1707629509883186,2.5306809482855224,2.496771559144588,3.5088704664959622,6.415583610534668
8455-210777-0037.wav,2.749256134033203,0.9760425358466348,3.9623067449988554,3.0402444469266534,3.306320624687687,6.242267283549168,13.63076114654541
8463-294828-0008.wav,2.862179517745972,0.9840844224547712,4.224463333606488,3.4915056663256308,3.559132211468885,9.66919311373078,19.486433029174805
4970-29093-0015.wav,1.2498561143875122,0.7492520746419714,1.9380150178819464,1.2925870834085993,1.4007581933337012,-3.901217749092489,4.4857258796691895
8463-294828-0017.wav,2.906472682952881,0.9711027174822582,4.447225049909045,3.214490574035874,3.6850421249978913,5.25752797927003,16.484960556030273
8555-284447-0008.wav,2.627037286758423,0.8807896753570924,3.673517620146194,3.261084599221301,3.124486803359363,9.636269033027665,16.076190948486328
2961-961-0010.wav,1.4323428869247437,0.9190897166470072,2.654878926978326,2.439694682623926,2.019064534274276,5.455713251222029,6.955824375152588
6930-76324-0025.wav,1.3156428337097168,0.7823981058380565,2.490109815634296,1.7890885619037384,1.8210113393721732,-1.4684148834364754,7.72687816619873
1995-1826-0024.wav,1.7967760562896729,0.824228896349423,2.9738109469899503,2.0597269346639933,2.266259455485403,0.8680371437732075,10.87934398651123
4507-16021-0049.wav,2.737239360809326,0.9516213786855926,3.997303005525202,3.3383758117664843,3.345384332445267,9.844427503483548,15.446139335632324
2961-961-0000.wav,1.8704118728637693,0.9169221160191896,3.0052716419304843,2.557296191276717,2.398701242058219,4.699969068756954,10.781607627868652
3729-6852-0043.wav,2.191748142242432,0.8798450849668955,3.618749639973621,2.448980438542276,2.8570091764972214,0.9481234324334143,9.668866157531738
3570-5694-0021.wav,2.625126838684082,0.9661750202999992,4.102590445447628,3.0554667484659683,3.346268959038993,5.979314282509571,11.088299751281738
8455-210777-0012.wav,2.1169376373291016,0.9714919483216996,3.6032674988173015,2.9350859208731275,2.847993853513634,7.62508658539582,11.530746459960938
2830-3980-0051.wav,2.5222244262695312,0.9425812385310646,3.980182947493372,3.109591826743131,3.2297785984970875,7.778771214591898,13.175171852111816
61-70968-0035.wav,1.840006113052368,0.9453271864840253,3.4999421873980423,2.366664313720562,2.6714820578276712,0.0542288484854103,8.442648887634277
8555-284447-0005.wav,2.2811849117279053,0.8710021500775486,3.5984822258745908,2.680821207028397,2.9113362032747587,3.101456138574809,10.953861236572266
2094-142345-0051.wav,2.08047866821289,0.8821664924921779,3.716947972146128,2.736208477117973,2.8794198515950424,5.041336370895481,7.150282859802246
3570-5694-0000.wav,3.0244293212890625,0.991070110426099,4.297341318029543,3.7397378475977714,3.6733713571777193,12.55252533628556,17.559553146362305
3729-6852-0015.wav,1.3423305749893188,0.8553020194942,1.7009932869673432,1.331676323768617,1.3109596547385716,-3.164653189935097,6.444577217102051
5142-33396-0036.wav,2.430856704711914,0.9741001843784548,3.7632346958133898,2.8798175080300776,3.085924568662964,4.374047162203118,17.130687713623047
4970-29093-0021.wav,3.0189425945281982,0.9000584093493783,3.8652543176660736,2.988678440821253,3.4162073288410584,2.408491625084337,16.13406753540039
1580-141083-0031.wav,3.6097140312194815,0.9744460514691172,5.0,4.15096756112298,4.348471192605738,13.845653121889992,22.70481300354004
7176-88083-0010.wav,1.4833555221557615,0.8735285022846285,2.9702154963076817,1.961125389770447,2.197521731393789,-2.3424239083880547,1.544748067855835
6829-68769-0026.wav,1.963961601257324,0.9609537890615278,3.6677906625308982,2.493387610671587,2.792924089858273,2.212053832539911,10.084627151489258
1320-122617-0008.wav,1.941871166229248,0.896481395577193,3.4671468836995367,2.388958313754625,2.6535913888913183,1.9708365389993092,0.8406329154968262
6829-68771-0030.wav,3.23601508140564,0.98252409767242,4.609049380773668,3.929401875454184,3.94560997020416,13.503958699747514,18.216352462768555
1995-1826-0009.wav,1.495362401008606,0.7367242376702315,2.371562704948002,1.8820541109783648,1.8478485170103325,-1.1391739826788236,5.127320766448975
3570-5695-0013.wav,1.5964657068252563,0.8690036902941145,3.149094199379637,2.124740599720227,2.3288366972694168,0.0488017568598842,0.7133347392082214
7021-79730-0007.wav,1.823185920715332,0.9305944853439904,3.2472267762322238,2.325419165676087,2.494793558795384,1.3975235683206195,3.8848371505737305
672-122797-0023.wav,2.9792017936706543,0.9336326162663932,4.306741405089168,3.665826089669957,3.652661386020617,11.834778063990605,13.122810363769531
1221-135766-0012.wav,1.6149225234985352,0.8706448875487419,3.35643846078732,2.175509332632917,2.4643118178699503,-0.2981555938345241,3.9944217205047607
1580-141084-0008.wav,3.0287466049194336,0.9366532392472936,4.513619450790471,3.270231928661511,3.766761698808585,5.790010314294248,12.724197387695312
4992-41806-0010.wav,2.5008792877197266,0.9849533473783012,3.221861842771666,2.780324295700029,2.781763238392596,5.354214815440258,15.448244094848633
1188-133604-0026.wav,2.785430192947388,0.969219659294278,4.100430697993021,3.3052747731794687,3.4321842752820078,8.462030384487495,11.711024284362791
7729-102255-0013.wav,2.2210724353790283,0.930156436810697,3.752352714375516,2.4547330533958243,2.9697115034163373,-0.567290132234361,5.384172439575195
1580-141084-0048.wav,2.6841788291931152,0.9267042579808992,4.244686813299585,3.0220814644585463,3.457509569809981,4.529098003378635,12.157876968383787
4970-29093-0005.wav,1.6508114337921145,0.8622805634322024,2.8755762045709625,2.1956539333567173,2.1871897761042995,2.215808511378244,10.202674865722656
8463-294825-0012.wav,3.349294662475586,0.9838268960191932,4.876058716348555,3.972791536159065,4.136588263310036,13.292657887527351,18.72261428833008
8230-279154-0042.wav,1.1281148195266724,0.5584898418133237,1.9034151087364848,1.2690919233452451,1.3710447290953125,-5.508373877445017,-2.7828290462493896
61-70968-0016.wav,2.027428388595581,0.9608829966592792,3.5759481454641158,2.5191325104395523,2.7619916785452974,2.900625579488856,10.423192024230955
8230-279154-0013.wav,1.674054741859436,0.8405607407061202,3.034033323968484,2.2206522971549263,2.297310493758206,1.57533588934608,1.8276588916778564
6829-68769-0017.wav,2.9029650688171387,0.9691230193297486,4.14387327806299,3.5286162076419707,3.5246397401605827,10.609177435982255,17.18412208557129
3570-5695-0011.wav,1.2404766082763672,0.7456017833904859,2.569119513525349,1.917729382025413,1.8543194617825285,-0.263944217583977,3.4033515453338623
61-70970-0027.wav,2.3594465255737305,0.9618804097554622,3.983685293200903,2.902815867536546,3.174610042402341,4.617583355208639,9.481663703918455
7021-85628-0010.wav,2.845538377761841,0.9740942131793856,4.272466001756054,3.346560249403029,3.5520809000997966,8.487509382691533,12.28486156463623
4077-13754-0002.wav,3.0943844318389893,0.9754331218617336,4.650434414766931,3.627685354088178,3.8909642120764207,9.953266815937967,13.228635787963867
2300-131720-0040.wav,2.4558770656585693,0.9363896939516172,3.617601641161476,2.597584348823662,3.00989336924287,0.4182037551988358,8.963639259338379
1320-122612-0016.wav,2.4714910984039307,0.948770715072366,4.069192246966303,2.913589389663976,3.264969211246884,4.324660393165746,6.49815845489502
5142-36377-0017.wav,2.2777349948883057,0.9599627922203882,3.8588330250751386,3.1636023089345007,3.070960631288596,9.388702829529258,15.145727157592772
2830-3980-0059.wav,2.224989652633667,0.9336975415992592,3.671195963091277,2.703697988199141,2.868120559193306,6.138809964892717,11.552129745483398
2300-131720-0037.wav,1.1570487022399902,0.6267157539984373,2.115131211250845,1.6406134080249246,1.5468519267028933,-2.2915663209664685,-2.475594282150269
260-123288-0025.wav,2.091882467269897,0.9355785621559762,3.5235891956585967,2.601279278009056,2.781639166979597,3.136014015005245,6.078945159912109
4446-2273-0015.wav,3.028463125228882,0.9463206789458418,4.333995883333275,3.4457568464676367,3.676187220029471,8.624795202446242,15.899927139282228
121-127105-0012.wav,2.8552374839782715,0.9841918284313076,4.393715446571158,3.4874748522123604,3.623991896643661,10.356205766055554,16.229412078857422
1221-135766-0009.wav,1.6047862768173218,0.9212120001746724,3.4542836704763027,2.2587052272707107,2.5214716024807755,0.5004103681314384,6.940601348876953
121-127105-0022.wav,2.1292738914489746,0.8732188247989661,2.791362931168024,2.273024171675416,2.372776379490472,0.4357018923765857,3.758492946624756
8224-274381-0006.wav,2.1003050804138184,0.8596741315514287,3.3930215888722834,2.8532996816657747,2.728027813356699,6.759520700600971,11.538783073425291
7021-85628-0008.wav,3.2729289531707764,0.9836410453186972,4.409518828736095,3.542157505078995,3.818906071648722,9.106666385164672,17.04633140563965
4077-13754-0013.wav,1.076655387878418,0.5077521082224783,1.9186479520686432,1.4836580741911622,1.3578564239585589,-1.9420017899554405,-3.6760716438293457
6829-68771-0027.wav,1.839592456817627,0.8960937051558695,3.26660875145307,2.4451070592675634,2.5167347769019,2.996058873189896,9.791845321655272
7021-85628-0016.wav,2.2381746768951416,0.9786122029559392,3.645716719117636,2.751988737751143,2.9224662779914934,4.145643846525679,12.212644577026367
672-122797-0011.wav,2.868823766708374,0.9451869465326808,4.239050755050992,3.610496717016239,3.562813685454505,11.812941628512489,15.239887237548828
1995-1826-0019.wav,2.128241777420044,0.9189864683312814,3.6384595691868897,2.3340587625003866,2.835044780970753,-0.4072745740799109,10.958690643310549
3729-6852-0035.wav,1.684287190437317,0.866158545194914,2.8911279338854747,2.0626549084533545,2.1530441697252294,2.440857896519094,8.319369316101074
2830-3980-0014.wav,1.3213177919387815,0.7797284147157277,2.583628591865026,2.019397987988132,1.8560225370971803,2.778094815575204,5.761411666870117
7176-88083-0025.wav,2.719025135040283,0.98917571164085,4.359516610802824,3.203035757814045,3.5533350872407,6.207641332518046,7.158534526824951
6829-68769-0043.wav,2.261139154434204,0.9503614398152436,3.716566364077869,2.353991872439012,2.956517837187337,-1.7821638541944953,8.805013656616211
7176-92135-0028.wav,2.3425214290618896,0.9655781331471428,3.778351360770873,2.8939643635593604,3.05880836810704,4.829627426220277,11.070631980895996
6930-81414-0009.wav,2.878023147583008,0.9077144447902784,4.202212743672185,3.3452496043817965,3.514466999945572,9.06007163616044,13.735305786132812
8224-274381-0016.wav,2.9459469318389893,0.9649601014307804,4.464640603408896,3.6113191406282974,3.7231213256474094,10.839183566251972,14.435559272766112
7127-75947-0029.wav,1.1054377555847168,0.5927931902770317,1.3238913588533294,1.000919908580802,1.0,-4.538837072668274,-2.0656604766845703
672-122797-0026.wav,1.162081956863403,0.6148682161190594,2.393289350365434,1.8029518779189164,1.693111449164023,0.0128881006500208,1.3989211320877075
1580-141084-0003.wav,2.9092085361480717,0.9376137205842467,4.334306206527486,3.239966250754628,3.605864419340623,6.715048230017301,15.417004585266112
6930-81414-0014.wav,1.8017433881759644,0.8682978432026424,3.1944615122915976,2.6082538617943345,2.4153325269978527,7.916828361155918,13.015888214111328
2961-961-0013.wav,2.2172887325286865,0.9568308687662236,3.35978578607491,2.329411941104404,2.739595365544863,-1.079328520253589,11.358428001403809
6829-68771-0003.wav,2.275419235229492,0.9699421789637952,3.7512391910755,2.640290040084322,2.9812427608771266,2.64236919872148,13.50955867767334
260-123440-0016.wav,2.313441276550293,0.9772949174529284,3.714821127839452,3.124702202871578,3.0055148248993167,9.021112144245446,13.658524513244627
8224-274384-0013.wav,2.725227117538452,0.9825101433980692,4.041426698192498,3.117847877372625,3.3594541642408866,6.515270363826399,14.078617095947266
4507-16021-0046.wav,3.102184534072876,0.9632092842839632,4.109307389434521,2.7556387635836,3.548668418958132,-0.5560023211700169,15.494524002075195
6829-68769-0028.wav,2.6768558025360107,0.955812274681158,4.058215261605808,3.026897830861448,3.3639740340480824,4.531353104616235,14.399177551269531
8455-210777-0026.wav,2.387638092041016,0.9892621684453498,3.894858604200932,3.0969238589169685,3.1442154376423237,7.503834466959069,13.65623664855957
3729-6852-0036.wav,3.060476064682007,0.9577453594126906,4.369107960667284,3.574031491521118,3.69059022700807,11.265403452616336,15.752209663391112
3570-5696-0004.wav,1.1191872358322144,0.7014794380716768,2.209733006057967,1.7742866813146096,1.6146569577184309,-1.6383750861335264,4.59273624420166
5105-28240-0001.wav,1.9809741973876955,0.8980248488619752,3.4229826079749066,2.4438581776389965,2.653279111466847,2.4611196500648718,4.893192291259766
1089-134686-0012.wav,2.9854543209075928,0.9753078074769636,4.284230825156955,3.4212870740056065,3.639960034311629,8.110996438148696,13.941415786743164
3570-5696-0009.wav,2.798753261566162,0.9825667783744562,4.335121498606384,3.564512805748337,3.577160072475125,11.529757048833448,15.89840030670166
2300-131720-0022.wav,1.655605435371399,0.8703227210095741,2.907005419782153,2.0130115053887745,2.2424348353854,-2.35803274741834,-0.037645049393177
61-70968-0015.wav,1.859076142311096,0.9135478847026316,3.218561122109066,2.5808035735775725,2.5299390890900244,3.800527909496449,10.272592544555664
672-122797-0068.wav,1.3889034986495972,0.8281034558487129,2.762950109731402,2.056208683837593,2.014729042822995,1.2919775504214528,2.6868083477020264
5639-40744-0038.wav,2.1972861289978027,0.965334337967188,3.275366947741193,2.798277576515521,2.685207318766366,6.615340764197669,9.070968627929688
6930-75918-0017.wav,2.223839044570923,0.925261551460362,3.726654052332447,2.540906967496711,2.960648198011372,0.677053059513085,10.438688278198242
2830-3979-0011.wav,2.64601731300354,0.81380578818072,3.855885105918407,2.904800317026107,3.2049130542279087,4.713673104047269,11.308752059936523
61-70970-0005.wav,1.7627720832824707,0.8788799147582744,3.4555307501483603,2.50914636218271,2.58320791382034,4.09918935241635,10.930509567260742
6930-76324-0017.wav,2.819661855697632,0.9180080176502532,4.043354919323385,3.449879711576976,3.4383193672863848,9.73766680519847,11.332147598266602
1284-1180-0009.wav,1.139193058013916,0.5738649346856021,1.9854383528495207,1.371207543990935,1.3924746312499692,-2.871100326907898,-2.731577157974243
7021-79740-0012.wav,2.3192718029022217,0.9654215279621255,3.562431998482372,2.4057212110966275,2.8606834413217834,0.7345846782112064,8.570145606994629
3570-5695-0006.wav,2.8460168838500977,0.9638187255878464,4.146341332156261,3.3697280812208765,3.4925737802007277,8.719129415769862,11.782281875610352
5639-40744-0018.wav,2.8101844787597656,0.9735347951868734,3.885907873880867,3.213401607507748,3.3455051637151327,6.482774540173779,9.74218463897705
6829-68769-0031.wav,1.6330182552337646,0.8931642817609056,2.810440985816632,2.1414710446745024,2.1918617043677875,-0.5388708343408597,7.933396816253662
8463-287645-0014.wav,2.742297410964966,0.9101181547578276,4.016839298449847,2.8340870596538457,3.335742365250435,2.767100864976669,14.11944580078125
1580-141084-0007.wav,3.092402935028076,0.9146398479436708,4.648109930861775,3.6646645802137914,3.879010931587798,10.986880078706465,15.23784637451172
5105-28240-0004.wav,3.3099539279937744,0.9908650342735438,4.645784181405384,3.739028128798161,3.996480040635072,10.130200139874402,15.508622169494627
2094-142345-0012.wav,1.392668843269348,0.8133033634603417,2.8223112392866616,1.8473966547429428,2.0486705316132587,-2.1613820445441694,1.2111117839813232
8455-210777-0006.wav,2.063347816467285,0.9396781128145422,3.3181598702020607,2.601911028070902,2.6681449441234566,3.22462283432718,13.592060089111328
8455-210777-0031.wav,2.6989002227783203,0.9862048278092423,4.092985494301426,3.1764514277429416,3.3881511471788337,6.925441778187569,14.045262336730955
672-122797-0001.wav,3.047788143157959,0.9468481592065032,4.351769022160957,3.2609853166271465,3.694459964597958,5.559788979819635,8.928354263305664
260-123288-0014.wav,1.4475138187408447,0.8556258367323462,2.577092742092244,1.884843886691123,1.9749720888135165,-2.8916160082652382,8.140798568725586
4992-23283-0014.wav,2.3525614738464355,0.9757546451399952,3.801701444038727,2.760006350636649,3.054600412364773,3.547797726682508,13.665003776550291
1089-134691-0001.wav,2.414083957672119,0.8736541094762215,3.830976844127888,2.830170654142647,3.1019162318640703,4.120595864672081,11.034192085266112
237-134500-0018.wav,3.0562429428100586,0.9693766848001814,4.287989638539057,3.513297863700952,3.6848673099115623,8.713145877224743,6.124613285064697
4446-2273-0012.wav,1.4228184223175049,0.8882448489566129,2.6746465004637887,1.886495346798141,1.9892445367065863,-1.7176701918045618,8.471277236938477
61-70970-0033.wav,2.039666652679444,0.959754040603102,3.656821906349319,2.590529186467217,2.833026254956173,2.856567711189139,9.820585250854492
4507-16021-0011.wav,2.815584897994995,0.9442630059997356,4.034963128947176,3.286059420094312,3.404081648985091,8.402086070072523,14.40073585510254
1221-135766-0006.wav,1.9276297092437744,0.9411323192045952,3.7517773456775294,2.85991502297011,2.841199070761109,7.211534001978766,7.86060619354248
61-70968-0032.wav,2.054291009902954,0.9157233275386876,3.613595190533768,2.4188002326368765,2.8125756435797733,0.298516535581485,8.339237213134766
7176-92135-0032.wav,3.1741530895233154,0.9817117966934252,4.5965210994161305,3.4089050809506096,3.919032623248493,5.231468790400222,7.587832927703857
7176-92135-0005.wav,2.2357735633850098,0.98499120356306,3.847283904539242,2.9491299901677634,3.055620763402883,5.791858900101405,8.483351707458496
61-70968-0054.wav,2.5468170642852783,0.9703414607179152,4.159829483751552,3.3900663677009133,3.367762873591932,10.450140602808284,14.92848777770996
260-123440-0011.wav,1.6461886167526243,0.9018248307692298,2.759543943082212,2.080895803079927,2.133280109469157,0.1579692150478781,7.733606338500977
6829-68769-0029.wav,1.793850660324097,0.935191818096468,3.187577092155621,2.3350211403525702,2.4598224856314643,1.3529750756767882,13.261663436889648
1221-135767-0000.wav,1.8043923377990725,0.8755275058090328,3.4761552637553623,2.6534064595466345,2.63511440117754,5.164414987134235,6.239656448364258
8230-279154-0037.wav,2.7367684841156006,0.9675403424371856,4.25409569511591,3.073264654301502,3.4875499824912897,4.99525936190473,6.339032173156738
1284-1180-0023.wav,2.460603713989258,0.9145297665008144,3.9269890355532007,2.612434694175509,3.168429299355647,0.5208177217218081,11.194862365722656
2961-961-0007.wav,1.7310616970062256,0.9204568552971212,3.1607204410446488,2.3723417778329647,2.412422418208227,2.5244561732340585,10.623339653015137
121-123859-0004.wav,2.9527628421783447,0.9774657926901282,4.072317711929685,3.133778369178972,3.495474332112737,4.788319478429661,15.803431510925291
260-123286-0007.wav,2.4526069164276123,0.9755503174623774,4.046385724052505,3.2870611209958183,3.2488074948204497,10.188016663650489,16.020048141479492
3575-170457-0030.wav,1.1924420595169067,0.7922442731522586,2.677928096989902,1.735509235760953,1.8531303337998803,-1.422813715446546,2.71254825592041
260-123288-0018.wav,2.2516815662384038,0.9378107661372842,3.709093783533201,2.7366988383786794,2.9584720478306417,3.90397383450944,11.93552589416504
3729-6852-0034.wav,2.147748708724976,0.9418504226028034,3.610954184288738,2.7545513548232017,2.8340627904068074,5.993480861916362,4.5906195640563965
908-157963-0025.wav,2.493488073348999,0.9472177512080204,3.9789751364956056,2.955729528343118,3.2016448528443497,6.128277880438966,11.020042419433594
7127-75947-0009.wav,1.3361395597457886,0.8116932903327458,2.6935027297574163,1.8335181510064595,1.9749588949994603,-2.7865885137682023,4.6926469802856445
5683-32879-0008.wav,1.8729852437973025,0.8455410085630894,3.432067957312894,2.36644326724095,2.580348284914993,3.0615251662738463,9.317251205444336
121-127105-0035.wav,2.06736159324646,0.9119790733447988,2.218722554623968,2.438274384484725,2.123413168105335,0.5840318714560198,7.107377052307129
5142-36377-0025.wav,3.035542726516724,0.9846827531370772,4.359059065974622,3.6458142512407288,3.703869362018561,11.233901278299712,18.240243911743164
7021-85628-0018.wav,1.6735104322433472,0.9224351897920098,3.1717960854975016,1.970237942496248,2.3521963259455205,-1.805590754693172,5.78533411026001
1089-134686-0003.wav,1.9251904487609863,0.8341929724561886,3.0622287464544145,2.221776332057559,2.421713736562793,0.4120981570437849,7.288569927215576
5683-32879-0010.wav,2.3024938106536865,0.9189466343120616,3.799000018311275,3.1567530288614,3.033498932775648,9.981812155773737,16.35449981689453
3575-170457-0015.wav,1.95101261138916,0.9354237839118112,3.438460110266408,2.944244711880447,2.672558281091014,9.454379267039402,12.005821228027344
8555-284449-0017.wav,2.556208610534668,0.9343122222866722,3.847487811036765,2.689369448568268,3.2017819476173623,-0.0686855559322965,7.819985389709473
8230-279154-0015.wav,2.4864752292633057,0.9645070752652236,3.961350224831431,2.784914650949651,3.2115426268680194,2.4916463061766825,6.161003112792969
237-126133-0005.wav,2.956606149673462,0.9288582675653996,3.991794801101415,3.122609571853604,3.442720835130374,5.226391108216491,13.973236083984377
7127-75947-0034.wav,2.2983455657958984,0.9893683266674754,3.791525842606714,3.0357513271476977,3.009871076013126,8.877502020018927,16.983808517456055
