test_order,filename,utt_id,clean_path,noisy_path,clean_sample_rate,noisy_sample_rate,clean_channels,noisy_channels,clean_frames,noisy_frames
0,p102_00007.wav,p102_00007,data/setta_ears_d_test_20260818/clean/p102_00007.wav,data/setta_ears_d_test_20260818/noisy/p102_00007.wav,16000,16000,1,1,176241,176241
1,p102_00010.wav,p102_00010,data/setta_ears_d_test_20260818/clean/p102_00010.wav,data/setta_ears_d_test_20260818/noisy/p102_00010.wav,16000,16000,1,1,187312,187312
2,p102_00013.wav,p102_00013,data/setta_ears_d_test_20260818/clean/p102_00013.wav,data/setta_ears_d_test_20260818/noisy/p102_00013.wav,16000,16000,1,1,260892,260892
3,p102_00019.wav,p102_00019,data/setta_ears_d_test_20260818/clean/p102_00019.wav,data/setta_ears_d_test_20260818/noisy/p102_00019.wav,16000,16000,1,1,203089,203089
4,p102_00024.wav,p102_00024,data/setta_ears_d_test_20260818/clean/p102_00024.wav,data/setta_ears_d_test_20260818/noisy/p102_00024.wav,16000,16000,1,1,229988,229988
5,p102_00032.wav,p102_00032,data/setta_ears_d_test_20260818/clean/p102_00032.wav,data/setta_ears_d_test_20260818/noisy/p102_00032.wav,16000,16000,1,1,240707,240707
6,p102_00036.wav,p102_00036,data/setta_ears_d_test_20260818/clean/p102_00036.wav,data/setta_ears_d_test_20260818/noisy/p102_00036.wav,16000,16000,1,1,230825,230825
7,p102_00037.wav,p102_00037,data/setta_ears_d_test_20260818/clean/p102_00037.wav,data/setta_ears_d_test_20260818/noisy/p102_00037.wav,16000,16000,1,1,218747,218747
8,p102_00040.wav,p102_00040,data/setta_ears_d_test_20260818/clean/p102_00040.wav,data/setta_ears_d_test_20260818/noisy/p102_00040.wav,16000,16000,1,1,171758,171758
9,p102_00043.wav,p102_00043,data/setta_ears_d_test_20260818/clean/p102_00043.wav,data/setta_ears_d_test_20260818/noisy/p102_00043.wav,16000,16000,1,1,252692,252692
10,p102_00061.wav,p102_00061,data/setta_ears_d_test_20260818/clean/p102_00061.wav,data/setta_ears_d_test_20260818/noisy/p102_00061.wav,16000,16000,1,1,196689,196689
11,p102_00069.wav,p102_00069,data/setta_ears_d_test_20260818/clean/p102_00069.wav,data/setta_ears_d_test_20260818/noisy/p102_00069.wav,16000,16000,1,1,152584,152584
12,p102_00072.wav,p102_00072,data/setta_ears_d_test_20260818/clean/p102_00072.wav,data/setta_ears_d_test_20260818/noisy/p102_00072.wav,16000,16000,1,1,220422,220422
13,p102_00076.wav,p102_00076,data/setta_ears_d_test_20260818/clean/p102_00076.wav,data/setta_ears_d_test_20260818/noisy/p102_00076.wav,16000,16000,1,1,144824,144824
14,p102_00077.wav,p102_00077,data/setta_ears_d_test_20260818/clean/p102_00077.wav,data/setta_ears_d_test_20260818/noisy/p102_00077.wav,16000,16000,1,1,125560,125560
15,p102_00084.wav,p102_00084,data/setta_ears_d_test_20260818/clean/p102_00084.wav,data/setta_ears_d_test_20260818/noisy/p102_00084.wav,16000,16000,1,1,207303,207303
16,p102_00085.wav,p102_00085,data/setta_ears_d_test_20260818/clean/p102_00085.wav,data/setta_ears_d_test_20260818/noisy/p102_00085.wav,16000,16000,1,1,230840,230840
17,p102_00086.wav,p102_00086,data/setta_ears_d_test_20260818/clean/p102_00086.wav,data/setta_ears_d_test_20260818/noisy/p102_00086.wav,16000,16000,1,1,266549,266549
18,p102_00101.wav,p102_00101,data/setta_ears_d_test_20260818/clean/p102_00101.wav,data/setta_ears_d_test_20260818/noisy/p102_00101.wav,16000,16000,1,1,136076,136076
19,p102_00102.wav,p102_00102,data/setta_ears_d_test_20260818/clean/p102_00102.wav,data/setta_ears_d_test_20260818/noisy/p102_00102.wav,16000,16000,1,1,143485,143485
20,p102_00106.wav,p102_00106,data/setta_ears_d_test_20260818/clean/p102_00106.wav,data/setta_ears_d_test_20260818/noisy/p102_00106.wav,16000,16000,1,1,257689,257689
21,p102_00108.wav,p102_00108,data/setta_ears_d_test_20260818/clean/p102_00108.wav,data/setta_ears_d_test_20260818/noisy/p102_00108.wav,16000,16000,1,1,211474,211474
22,p102_00116.wav,p102_00116,data/setta_ears_d_test_20260818/clean/p102_00116.wav,data/setta_ears_d_test_20260818/noisy/p102_00116.wav,16000,16000,1,1,173351,173351
23,p102_00117.wav,p102_00117,data/setta_ears_d_test_20260818/clean/p102_00117.wav,data/setta_ears_d_test_20260818/noisy/p102_00117.wav,16000,16000,1,1,205804,205804
24,p102_00119.wav,p102_00119,data/setta_ears_d_test_20260818/clean/p102_00119.wav,data/setta_ears_d_test_20260818/noisy/p102_00119.wav,16000,16000,1,1,172421,172421
25,p102_00125.wav,p102_00125,data/setta_ears_d_test_20260818/clean/p102_00125.wav,data/setta_ears_d_test_20260818/noisy/p102_00125.wav,16000,16000,1,1,239380,239380
26,p102_00128.wav,p102_00128,data/setta_ears_d_test_20260818/clean/p102_00128.wav,data/setta_ears_d_test_20260818/noisy/p102_00128.wav,16000,16000,1,1,110281,110281
27,p102_00145.wav,p102_00145,data/setta_ears_d_test_20260818/clean/p102_00145.wav,data/setta_ears_d_test_20260818/noisy/p102_00145.wav,16000,16000,1,1,244204,244204
28,p102_00158.wav,p102_00158,data/setta_ears_d_test_20260818/clean/p102_00158.wav,data/setta_ears_d_test_20260818/noisy/p102_00158.wav,16000,16000,1,1,166612,166612
29,p102_00161.wav,p102_00161,data/setta_ears_d_test_20260818/clean/p102_00161.wav,data/setta_ears_d_test_20260818/noisy/p102_00161.wav,16000,16000,1,1,292295,292295
30,p102_00166.wav,p102_00166,data/setta_ears_d_test_20260818/clean/p102_00166.wav,data/setta_ears_d_test_20260818/noisy/p102_00166.wav,16000,16000,1,1,210366,210366
31,p102_00181.wav,p102_00181,data/setta_ears_d_test_20260818/clean/p102_00181.wav,data/setta_ears_d_test_20260818/noisy/p102_00181.wav,16000,16000,1,1,231859,231859
32,p102_00189.wav,p102_00189,data/setta_ears_d_test_20260818/clean/p102_00189.wav,data/setta_ears_d_test_20260818/noisy/p102_00189.wav,16000,16000,1,1,177804,177804
33,p102_00193.wav,p102_00193,data/setta_ears_d_test_20260818/clean/p102_00193.wav,data/setta_ears_d_test_20260818/noisy/p102_00193.wav,16000,16000,1,1,182616,182616
34,p102_00203.wav,p102_00203,data/setta_ears_d_test_20260818/clean/p102_00203.wav,data/setta_ears_d_test_20260818/noisy/p102_00203.wav,16000,16000,1,1,210494,210494
35,p102_00215.wav,p102_00215,data/setta_ears_d_test_20260818/clean/p102_00215.wav,data/setta_ears_d_test_20260818/noisy/p102_00215.wav,16000,16000,1,1,205239,205239
36,p102_00222.wav,p102_00222,data/setta_ears_d_test_20260818/clean/p102_00222.wav,data/setta_ears_d_test_20260818/noisy/p102_00222.wav,16000,16000,1,1,201868,201868
37,p102_00224.wav,p102_00224,data/setta_ears_d_test_20260818/clean/p102_00224.wav,data/setta_ears_d_test_20260818/noisy/p102_00224.wav,16000,16000,1,1,203351,203351
38,p102_00225.wav,p102_00225,data/setta_ears_d_test_20260818/clean/p102_00225.wav,data/setta_ears_d_test_20260818/noisy/p102_00225.wav,16000,16000,1,1,248920,248920
39,p102_00227.wav,p102_00227,data/setta_ears_d_test_20260818/clean/p102_00227.wav,data/setta_ears_d_test_20260818/noisy/p102_00227.wav,16000,16000,1,1,201463,201463
40,p102_00232.wav,p102_00232,data/setta_ears_d_test_20260818/clean/p102_00232.wav,data/setta_ears_d_test_20260818/noisy/p102_00232.wav,16000,16000,1,1,184459,184459
41,p102_00233.wav,p102_00233,data/setta_ears_d_test_20260818/clean/p102_00233.wav,data/setta_ears_d_test_20260818/noisy/p102_00233.wav,16000,16000,1,1,120378,120378
42,p102_00236.wav,p102_00236,data/setta_ears_d_test_20260818/clean/p102_00236.wav,data/setta_ears_d_test_20260818/noisy/p102_00236.wav,16000,16000,1,1,231737,231737
43,p102_00242.wav,p102_00242,data/setta_ears_d_test_20260818/clean/p102_00242.wav,data/setta_ears_d_test_20260818/noisy/p102_00242.wav,16000,16000,1,1,207255,207255
44,p102_00247.wav,p102_00247,data/setta_ears_d_test_20260818/clean/p102_00247.wav,data/setta_ears_d_test_20260818/noisy/p102_00247.wav,16000,16000,1,1,274435,274435
45,p102_00252.wav,p102_00252,data/setta_ears_d_test_20260818/clean/p102_00252.wav,data/setta_ears_d_test_20260818/noisy/p102_00252.wav,16000,16000,1,1,230355,230355
46,p102_00262.wav,p102_00262,data/setta_ears_d_test_20260818/clean/p102_00262.wav,data/setta_ears_d_test_20260818/noisy/p102_00262.wav,16000,16000,1,1,174542,174542
47,p102_00266.wav,p102_00266,data/setta_ears_d_test_20260818/clean/p102_00266.wav,data/setta_ears_d_test_20260818/noisy/p102_00266.wav,16000,16000,1,1,147083,147083
48,p102_00268.wav,p102_00268,data/setta_ears_d_test_20260818/clean/p102_00268.wav,data/setta_ears_d_test_20260818/noisy/p102_00268.wav,16000,16000,1,1,247505,247505
49,p102_00270.wav,p102_00270,data/setta_ears_d_test_20260818/clean/p102_00270.wav,data/setta_ears_d_test_20260818/noisy/p102_00270.wav,16000,16000,1,1,173858,173858
50,p102_00274.wav,p102_00274,data/setta_ears_d_test_20260818/clean/p102_00274.wav,data/setta_ears_d_test_20260818/noisy/p102_00274.wav,16000,16000,1,1,225047,225047
51,p102_00278.wav,p102_00278,data/setta_ears_d_test_20260818/clean/p102_00278.wav,data/setta_ears_d_test_20260818/noisy/p102_00278.wav,16000,16000,1,1,173337,173337
52,p102_00286.wav,p102_00286,data/setta_ears_d_test_20260818/clean/p102_00286.wav,data/setta_ears_d_test_20260818/noisy/p102_00286.wav,16000,16000,1,1,244319,244319
53,p102_00289.wav,p102_00289,data/setta_ears_d_test_20260818/clean/p102_00289.wav,data/setta_ears_d_test_20260818/noisy/p102_00289.wav,16000,16000,1,1,179423,179423
54,p102_00290.wav,p102_00290,data/setta_ears_d_test_20260818/clean/p102_00290.wav,data/setta_ears_d_test_20260818/noisy/p102_00290.wav,16000,16000,1,1,146979,146979
55,p102_00313.wav,p102_00313,data/setta_ears_d_test_20260818/clean/p102_00313.wav,data/setta_ears_d_test_20260818/noisy/p102_00313.wav,16000,16000,1,1,238592,238592
56,p102_00316.wav,p102_00316,data/setta_ears_d_test_20260818/clean/p102_00316.wav,data/setta_ears_d_test_20260818/noisy/p102_00316.wav,16000,16000,1,1,193028,193028
57,p102_00317.wav,p102_00317,data/setta_ears_d_test_20260818/clean/p102_00317.wav,data/setta_ears_d_test_20260818/noisy/p102_00317.wav,16000,16000,1,1,232163,232163
58,p102_00319.wav,p102_00319,data/setta_ears_d_test_20260818/clean/p102_00319.wav,data/setta_ears_d_test_20260818/noisy/p102_00319.wav,16000,16000,1,1,227038,227038
59,p102_00321.wav,p102_00321,data/setta_ears_d_test_20260818/clean/p102_00321.wav,data/setta_ears_d_test_20260818/noisy/p102_00321.wav,16000,16000,1,1,168890,168890
60,p102_00327.wav,p102_00327,data/setta_ears_d_test_20260818/clean/p102_00327.wav,data/setta_ears_d_test_20260818/noisy/p102_00327.wav,16000,16000,1,1,267203,267203
61,p102_00328.wav,p102_00328,data/setta_ears_d_test_20260818/clean/p102_00328.wav,data/setta_ears_d_test_20260818/noisy/p102_00328.wav,16000,16000,1,1,116947,116947
62,p102_00330.wav,p102_00330,data/setta_ears_d_test_20260818/clean/p102_00330.wav,data/setta_ears_d_test_20260818/noisy/p102_00330.wav,16000,16000,1,1,167988,167988
63,p102_00331.wav,p102_00331,data/setta_ears_d_test_20260818/clean/p102_00331.wav,data/setta_ears_d_test_20260818/noisy/p102_00331.wav,16000,16000,1,1,266748,266748
64,p102_00346.wav,p102_00346,data/setta_ears_d_test_20260818/clean/p102_00346.wav,data/setta_ears_d_test_20260818/noisy/p102_00346.wav,16000,16000,1,1,145721,145721
65,p102_00347.wav,p102_00347,data/setta_ears_d_test_20260818/clean/p102_00347.wav,data/setta_ears_d_test_20260818/noisy/p102_00347.wav,16000,16000,1,1,112041,112041
66,p102_00369.wav,p102_00369,data/setta_ears_d_test_20260818/clean/p102_00369.wav,data/setta_ears_d_test_20260818/noisy/p102_00369.wav,16000,16000,1,1,89233,89233
67,p102_00371.wav,p102_00371,data/setta_ears_d_test_20260818/clean/p102_00371.wav,data/setta_ears_d_test_20260818/noisy/p102_00371.wav,16000,16000,1,1,258426,258426
68,p102_00382.wav,p102_00382,data/setta_ears_d_test_20260818/clean/p102_00382.wav,data/setta_ears_d_test_20260818/noisy/p102_00382.wav,16000,16000,1,1,233454,233454
69,p102_00391.wav,p102_00391,data/setta_ears_d_test_20260818/clean/p102_00391.wav,data/setta_ears_d_test_20260818/noisy/p102_00391.wav,16000,16000,1,1,174740,174740
70,p102_00395.wav,p102_00395,data/setta_ears_d_test_20260818/clean/p102_00395.wav,data/setta_ears_d_test_20260818/noisy/p102_00395.wav,16000,16000,1,1,154297,154297
71,p102_00401.wav,p102_00401,data/setta_ears_d_test_20260818/clean/p102_00401.wav,data/setta_ears_d_test_20260818/noisy/p102_00401.wav,16000,16000,1,1,188167,188167
72,p102_00403.wav,p102_00403,data/setta_ears_d_test_20260818/clean/p102_00403.wav,data/setta_ears_d_test_20260818/noisy/p102_00403.wav,16000,16000,1,1,245475,245475
73,p102_00404.wav,p102_00404,data/setta_ears_d_test_20260818/clean/p102_00404.wav,data/setta_ears_d_test_20260818/noisy/p102_00404.wav,16000,16000,1,1,199006,199006
74,p102_00408.wav,p102_00408,data/setta_ears_d_test_20260818/clean/p102_00408.wav,data/setta_ears_d_test_20260818/noisy/p102_00408.wav,16000,16000,1,1,223386,223386
75,p102_00417.wav,p102_00417,data/setta_ears_d_test_20260818/clean/p102_00417.wav,data/setta_ears_d_test_20260818/noisy/p102_00417.wav,16000,16000,1,1,249141,249141
76,p102_00436.wav,p102_00436,data/setta_ears_d_test_20260818/clean/p102_00436.wav,data/setta_ears_d_test_20260818/noisy/p102_00436.wav,16000,16000,1,1,245321,245321
77,p102_00437.wav,p102_00437,data/setta_ears_d_test_20260818/clean/p102_00437.wav,data/setta_ears_d_test_20260818/noisy/p102_00437.wav,16000,16000,1,1,225153,225153
78,p102_00438.wav,p102_00438,data/setta_ears_d_test_20260818/clean/p102_00438.wav,data/setta_ears_d_test_20260818/noisy/p102_00438.wav,16000,16000,1,1,256194,256194
79,p102_00439.wav,p102_00439,data/setta_ears_d_test_20260818/clean/p102_00439.wav,data/setta_ears_d_test_20260818/noisy/p102_00439.wav,16000,16000,1,1,220820,220820
80,p102_00440.wav,p102_00440,data/setta_ears_d_test_20260818/clean/p102_00440.wav,data/setta_ears_d_test_20260818/noisy/p102_00440.wav,16000,16000,1,1,203304,203304
81,p102_00441.wav,p102_00441,data/setta_ears_d_test_20260818/clean/p102_00441.wav,data/setta_ears_d_test_20260818/noisy/p102_00441.wav,16000,16000,1,1,295987,295987
82,p102_00442.wav,p102_00442,data/setta_ears_d_test_20260818/clean/p102_00442.wav,data/setta_ears_d_test_20260818/noisy/p102_00442.wav,16000,16000,1,1,151125,151125
83,p102_00443.wav,p102_00443,data/setta_ears_d_test_20260818/clean/p102_00443.wav,data/setta_ears_d_test_20260818/noisy/p102_00443.wav,16000,16000,1,1,195281,195281
84,p102_00444.wav,p102_00444,data/setta_ears_d_test_20260818/clean/p102_00444.wav,data/setta_ears_d_test_20260818/noisy/p102_00444.wav,16000,16000,1,1,255563,255563
85,p102_00445.wav,p102_00445,data/setta_ears_d_test_20260818/clean/p102_00445.wav,data/setta_ears_d_test_20260818/noisy/p102_00445.wav,16000,16000,1,1,277721,277721
86,p102_00446.wav,p102_00446,data/setta_ears_d_test_20260818/clean/p102_00446.wav,data/setta_ears_d_test_20260818/noisy/p102_00446.wav,16000,16000,1,1,122394,122394
87,p102_00447.wav,p102_00447,data/setta_ears_d_test_20260818/clean/p102_00447.wav,data/setta_ears_d_test_20260818/noisy/p102_00447.wav,16000,16000,1,1,170176,170176
88,p102_00448.wav,p102_00448,data/setta_ears_d_test_20260818/clean/p102_00448.wav,data/setta_ears_d_test_20260818/noisy/p102_00448.wav,16000,16000,1,1,323374,323374
89,p102_00455.wav,p102_00455,data/setta_ears_d_test_20260818/clean/p102_00455.wav,data/setta_ears_d_test_20260818/noisy/p102_00455.wav,16000,16000,1,1,217989,217989
90,p102_00456.wav,p102_00456,data/setta_ears_d_test_20260818/clean/p102_00456.wav,data/setta_ears_d_test_20260818/noisy/p102_00456.wav,16000,16000,1,1,218277,218277
91,p102_00459.wav,p102_00459,data/setta_ears_d_test_20260818/clean/p102_00459.wav,data/setta_ears_d_test_20260818/noisy/p102_00459.wav,16000,16000,1,1,264202,264202
92,p102_00470.wav,p102_00470,data/setta_ears_d_test_20260818/clean/p102_00470.wav,data/setta_ears_d_test_20260818/noisy/p102_00470.wav,16000,16000,1,1,170055,170055
93,p102_00486.wav,p102_00486,data/setta_ears_d_test_20260818/clean/p102_00486.wav,data/setta_ears_d_test_20260818/noisy/p102_00486.wav,16000,16000,1,1,175386,175386
94,p102_00500.wav,p102_00500,data/setta_ears_d_test_20260818/clean/p102_00500.wav,data/setta_ears_d_test_20260818/noisy/p102_00500.wav,16000,16000,1,1,142585,142585
95,p102_00506.wav,p102_00506,data/setta_ears_d_test_20260818/clean/p102_00506.wav,data/setta_ears_d_test_20260818/noisy/p102_00506.wav,16000,16000,1,1,257779,257779
96,p102_00511.wav,p102_00511,data/setta_ears_d_test_20260818/clean/p102_00511.wav,data/setta_ears_d_test_20260818/noisy/p102_00511.wav,16000,16000,1,1,136526,136526
97,p102_00515.wav,p102_00515,data/setta_ears_d_test_20260818/clean/p102_00515.wav,data/setta_ears_d_test_20260818/noisy/p102_00515.wav,16000,16000,1,1,259122,259122
98,p102_00526.wav,p102_00526,data/setta_ears_d_test_20260818/clean/p102_00526.wav,data/setta_ears_d_test_20260818/noisy/p102_00526.wav,16000,16000,1,1,192411,192411
99,p102_00532.wav,p102_00532,data/setta_ears_d_test_20260818/clean/p102_00532.wav,data/setta_ears_d_test_20260818/noisy/p102_00532.wav,16000,16000,1,1,239869,239869
100,p102_00537.wav,p102_00537,data/setta_ears_d_test_20260818/clean/p102_00537.wav,data/setta_ears_d_test_20260818/noisy/p102_00537.wav,16000,16000,1,1,193126,193126
101,p102_00542.wav,p102_00542,data/setta_ears_d_test_20260818/clean/p102_00542.wav,data/setta_ears_d_test_20260818/noisy/p102_00542.wav,16000,16000,1,1,172212,172212
102,p102_00543.wav,p102_00543,data/setta_ears_d_test_20260818/clean/p102_00543.wav,data/setta_ears_d_test_20260818/noisy/p102_00543.wav,16000,16000,1,1,233791,233791
103,p102_00552.wav,p102_00552,data/setta_ears_d_test_20260818/clean/p102_00552.wav,data/setta_ears_d_test_20260818/noisy/p102_00552.wav,16000,16000,1,1,271003,271003
104,p102_00576.wav,p102_00576,data/setta_ears_d_test_20260818/clean/p102_00576.wav,data/setta_ears_d_test_20260818/noisy/p102_00576.wav,16000,16000,1,1,236346,236346
105,p102_00581.wav,p102_00581,data/setta_ears_d_test_20260818/clean/p102_00581.wav,data/setta_ears_d_test_20260818/noisy/p102_00581.wav,16000,16000,1,1,265604,265604
106,p102_00583.wav,p102_00583,data/setta_ears_d_test_20260818/clean/p102_00583.wav,data/setta_ears_d_test_20260818/noisy/p102_00583.wav,16000,16000,1,1,173720,173720
107,p102_00591.wav,p102_00591,data/setta_ears_d_test_20260818/clean/p102_00591.wav,data/setta_ears_d_test_20260818/noisy/p102_00591.wav,16000,16000,1,1,228778,228778
108,p102_00596.wav,p102_00596,data/setta_ears_d_test_20260818/clean/p102_00596.wav,data/setta_ears_d_test_20260818/noisy/p102_00596.wav,16000,16000,1,1,170124,170124
109,p102_00616.wav,p102_00616,data/setta_ears_d_test_20260818/clean/p102_00616.wav,data/setta_ears_d_test_20260818/noisy/p102_00616.wav,16000,16000,1,1,217336,217336
110,p102_00618.wav,p102_00618,data/setta_ears_d_test_20260818/clean/p102_00618.wav,data/setta_ears_d_test_20260818/noisy/p102_00618.wav,16000,16000,1,1,145445,145445
111,p102_00621.wav,p102_00621,data/setta_ears_d_test_20260818/clean/p102_00621.wav,data/setta_ears_d_test_20260818/noisy/p102_00621.wav,16000,16000,1,1,248705,248705
112,p102_00622.wav,p102_00622,data/setta_ears_d_test_20260818/clean/p102_00622.wav,data/setta_ears_d_test_20260818/noisy/p102_00622.wav,16000,16000,1,1,176720,176720
113,p102_00629.wav,p102_00629,data/setta_ears_d_test_20260818/clean/p102_00629.wav,data/setta_ears_d_test_20260818/noisy/p102_00629.wav,16000,16000,1,1,277861,277861
114,p102_00631.wav,p102_00631,data/setta_ears_d_test_20260818/clean/p102_00631.wav,data/setta_ears_d_test_20260818/noisy/p102_00631.wav,16000,16000,1,1,217197,217197
115,p102_00664.wav,p102_00664,data/setta_ears_d_test_20260818/clean/p102_00664.wav,data/setta_ears_d_test_20260818/noisy/p102_00664.wav,16000,16000,1,1,190314,190314
116,p102_00672.wav,p102_00672,data/setta_ears_d_test_20260818/clean/p102_00672.wav,data/setta_ears_d_test_20260818/noisy/p102_00672.wav,16000,16000,1,1,224686,224686
117,p102_00679.wav,p102_00679,data/setta_ears_d_test_20260818/clean/p102_00679.wav,data/setta_ears_d_test_20260818/noisy/p102_00679.wav,16000,16000,1,1,186036,186036
118,p102_00697.wav,p102_00697,data/setta_ears_d_test_20260818/clean/p102_00697.wav,data/setta_ears_d_test_20260818/noisy/p102_00697.wav,16000,16000,1,1,216387,216387
119,p102_00730.wav,p102_00730,data/setta_ears_d_test_20260818/clean/p102_00730.wav,data/setta_ears_d_test_20260818/noisy/p102_00730.wav,16000,16000,1,1,164872,164872
120,p102_00734.wav,p102_00734,data/setta_ears_d_test_20260818/clean/p102_00734.wav,data/setta_ears_d_test_20260818/noisy/p102_00734.wav,16000,16000,1,1,138930,138930
121,p102_00741.wav,p102_00741,data/setta_ears_d_test_20260818/clean/p102_00741.wav,data/setta_ears_d_test_20260818/noisy/p102_00741.wav,16000,16000,1,1,244401,244401
122,p102_00753.wav,p102_00753,data/setta_ears_d_test_20260818/clean/p102_00753.wav,data/setta_ears_d_test_20260818/noisy/p102_00753.wav,16000,16000,1,1,234010,234010
123,p102_00759.wav,p102_00759,data/setta_ears_d_test_20260818/clean/p102_00759.wav,data/setta_ears_d_test_20260818/noisy/p102_00759.wav,16000,16000,1,1,262202,262202
124,p102_00763.wav,p102_00763,data/setta_ears_d_test_20260818/clean/p102_00763.wav,data/setta_ears_d_test_20260818/noisy/p102_00763.wav,16000,16000,1,1,114689,114689
125,p102_00764.wav,p102_00764,data/setta_ears_d_test_20260818/clean/p102_00764.wav,data/setta_ears_d_test_20260818/noisy/p102_00764.wav,16000,16000,1,1,226453,226453
126,p102_00766.wav,p102_00766,data/setta_ears_d_test_20260818/clean/p102_00766.wav,data/setta_ears_d_test_20260818/noisy/p102_00766.wav,16000,16000,1,1,197530,197530
127,p102_00767.wav,p102_00767,data/setta_ears_d_test_20260818/clean/p102_00767.wav,data/setta_ears_d_test_20260818/noisy/p102_00767.wav,16000,16000,1,1,143687,143687
128,p102_00778.wav,p102_00778,data/setta_ears_d_test_20260818/clean/p102_00778.wav,data/setta_ears_d_test_20260818/noisy/p102_00778.wav,16000,16000,1,1,175554,175554
129,p102_00779.wav,p102_00779,data/setta_ears_d_test_20260818/clean/p102_00779.wav,data/setta_ears_d_test_20260818/noisy/p102_00779.wav,16000,16000,1,1,191601,191601
130,p102_00782.wav,p102_00782,data/setta_ears_d_test_20260818/clean/p102_00782.wav,data/setta_ears_d_test_20260818/noisy/p102_00782.wav,16000,16000,1,1,220588,220588
131,p102_00785.wav,p102_00785,data/setta_ears_d_test_20260818/clean/p102_00785.wav,data/setta_ears_d_test_20260818/noisy/p102_00785.wav,16000,16000,1,1,212290,212290
132,p102_00786.wav,p102_00786,data/setta_ears_d_test_20260818/clean/p102_00786.wav,data/setta_ears_d_test_20260818/noisy/p102_00786.wav,16000,16000,1,1,249773,249773
133,p102_00788.wav,p102_00788,data/setta_ears_d_test_20260818/clean/p102_00788.wav,data/setta_ears_d_test_20260818/noisy/p102_00788.wav,16000,16000,1,1,245534,245534
134,p102_00793.wav,p102_00793,data/setta_ears_d_test_20260818/clean/p102_00793.wav,data/setta_ears_d_test_20260818/noisy/p102_00793.wav,16000,16000,1,1,239990,239990
135,p102_00812.wav,p102_00812,data/setta_ears_d_test_20260818/clean/p102_00812.wav,data/setta_ears_d_test_20260818/noisy/p102_00812.wav,16000,16000,1,1,190667,190667
136,p102_00815.wav,p102_00815,data/setta_ears_d_test_20260818/clean/p102_00815.wav,data/setta_ears_d_test_20260818/noisy/p102_00815.wav,16000,16000,1,1,170114,170114
137,p102_00818.wav,p102_00818,data/setta_ears_d_test_20260818/clean/p102_00818.wav,data/setta_ears_d_test_20260818/noisy/p102_00818.wav,16000,16000,1,1,228616,228616
138,p102_00819.wav,p102_00819,data/setta_ears_d_test_20260818/clean/p102_00819.wav,data/setta_ears_d_test_20260818/noisy/p102_00819.wav,16000,16000,1,1,208644,208644
139,p102_00824.wav,p102_00824,data/setta_ears_d_test_20260818/clean/p102_00824.wav,data/setta_ears_d_test_20260818/noisy/p102_00824.wav,16000,16000,1,1,223488,223488
140,p102_00829.wav,p102_00829,data/setta_ears_d_test_20260818/clean/p102_00829.wav,data/setta_ears_d_test_20260818/noisy/p102_00829.wav,16000,16000,1,1,118192,118192
141,p102_00850.wav,p102_00850,data/setta_ears_d_test_20260818/clean/p102_00850.wav,data/setta_ears_d_test_20260818/noisy/p102_00850.wav,16000,16000,1,1,200070,200070
142,p102_00855.wav,p102_00855,data/setta_ears_d_test_20260818/clean/p102_00855.wav,data/setta_ears_d_test_20260818/noisy/p102_00855.wav,16000,16000,1,1,170372,170372
143,p102_00868.wav,p102_00868,data/setta_ears_d_test_20260818/clean/p102_00868.wav,data/setta_ears_d_test_20260818/noisy/p102_00868.wav,16000,16000,1,1,175276,175276
144,p102_00870.wav,p102_00870,data/setta_ears_d_test_20260818/clean/p102_00870.wav,data/setta_ears_d_test_20260818/noisy/p102_00870.wav,16000,16000,1,1,267031,267031
145,p102_00872.wav,p102_00872,data/setta_ears_d_test_20260818/clean/p102_00872.wav,data/setta_ears_d_test_20260818/noisy/p102_00872.wav,16000,16000,1,1,192732,192732
146,p102_00877.wav,p102_00877,data/setta_ears_d_test_20260818/clean/p102_00877.wav,data/setta_ears_d_test_20260818/noisy/p102_00877.wav,16000,16000,1,1,252804,252804
147,p102_00879.wav,p102_00879,data/setta_ears_d_test_20260818/clean/p102_00879.wav,data/setta_ears_d_test_20260818/noisy/p102_00879.wav,16000,16000,1,1,235971,235971
148,p102_00881.wav,p102_00881,data/setta_ears_d_test_20260818/clean/p102_00881.wav,data/setta_ears_d_test_20260818/noisy/p102_00881.wav,16000,16000,1,1,202549,202549
149,p102_00882.wav,p102_00882,data/setta_ears_d_test_20260818/clean/p102_00882.wav,data/setta_ears_d_test_20260818/noisy/p102_00882.wav,16000,16000,1,1,205202,205202
150,p102_00885.wav,p102_00885,data/setta_ears_d_test_20260818/clean/p102_00885.wav,data/setta_ears_d_test_20260818/noisy/p102_00885.wav,16000,16000,1,1,309062,309062
151,p103_00004.wav,p103_00004,data/setta_ears_d_test_20260818/clean/p103_00004.wav,data/setta_ears_d_test_20260818/noisy/p103_00004.wav,16000,16000,1,1,240450,240450
152,p103_00011.wav,p103_00011,data/setta_ears_d_test_20260818/clean/p103_00011.wav,data/setta_ears_d_test_20260818/noisy/p103_00011.wav,16000,16000,1,1,298298,298298
153,p103_00012.wav,p103_00012,data/setta_ears_d_test_20260818/clean/p103_00012.wav,data/setta_ears_d_test_20260818/noisy/p103_00012.wav,16000,16000,1,1,267943,267943
154,p103_00015.wav,p103_00015,data/setta_ears_d_test_20260818/clean/p103_00015.wav,data/setta_ears_d_test_20260818/noisy/p103_00015.wav,16000,16000,1,1,343670,343670
155,p103_00020.wav,p103_00020,data/setta_ears_d_test_20260818/clean/p103_00020.wav,data/setta_ears_d_test_20260818/noisy/p103_00020.wav,16000,16000,1,1,305114,305114
156,p103_00022.wav,p103_00022,data/setta_ears_d_test_20260818/clean/p103_00022.wav,data/setta_ears_d_test_20260818/noisy/p103_00022.wav,16000,16000,1,1,417354,417354
157,p103_00030.wav,p103_00030,data/setta_ears_d_test_20260818/clean/p103_00030.wav,data/setta_ears_d_test_20260818/noisy/p103_00030.wav,16000,16000,1,1,264537,264537
158,p103_00047.wav,p103_00047,data/setta_ears_d_test_20260818/clean/p103_00047.wav,data/setta_ears_d_test_20260818/noisy/p103_00047.wav,16000,16000,1,1,274924,274924
159,p103_00051.wav,p103_00051,data/setta_ears_d_test_20260818/clean/p103_00051.wav,data/setta_ears_d_test_20260818/noisy/p103_00051.wav,16000,16000,1,1,248367,248367
160,p103_00063.wav,p103_00063,data/setta_ears_d_test_20260818/clean/p103_00063.wav,data/setta_ears_d_test_20260818/noisy/p103_00063.wav,16000,16000,1,1,276736,276736
161,p103_00071.wav,p103_00071,data/setta_ears_d_test_20260818/clean/p103_00071.wav,data/setta_ears_d_test_20260818/noisy/p103_00071.wav,16000,16000,1,1,275436,275436
162,p103_00074.wav,p103_00074,data/setta_ears_d_test_20260818/clean/p103_00074.wav,data/setta_ears_d_test_20260818/noisy/p103_00074.wav,16000,16000,1,1,327378,327378
163,p103_00081.wav,p103_00081,data/setta_ears_d_test_20260818/clean/p103_00081.wav,data/setta_ears_d_test_20260818/noisy/p103_00081.wav,16000,16000,1,1,306110,306110
164,p103_00083.wav,p103_00083,data/setta_ears_d_test_20260818/clean/p103_00083.wav,data/setta_ears_d_test_20260818/noisy/p103_00083.wav,16000,16000,1,1,286757,286757
165,p103_00090.wav,p103_00090,data/setta_ears_d_test_20260818/clean/p103_00090.wav,data/setta_ears_d_test_20260818/noisy/p103_00090.wav,16000,16000,1,1,181516,181516
166,p103_00094.wav,p103_00094,data/setta_ears_d_test_20260818/clean/p103_00094.wav,data/setta_ears_d_test_20260818/noisy/p103_00094.wav,16000,16000,1,1,325396,325396
167,p103_00100.wav,p103_00100,data/setta_ears_d_test_20260818/clean/p103_00100.wav,data/setta_ears_d_test_20260818/noisy/p103_00100.wav,16000,16000,1,1,215856,215856
168,p103_00118.wav,p103_00118,data/setta_ears_d_test_20260818/clean/p103_00118.wav,data/setta_ears_d_test_20260818/noisy/p103_00118.wav,16000,16000,1,1,360375,360375
169,p103_00170.wav,p103_00170,data/setta_ears_d_test_20260818/clean/p103_00170.wav,data/setta_ears_d_test_20260818/noisy/p103_00170.wav,16000,16000,1,1,205900,205900
170,p103_00182.wav,p103_00182,data/setta_ears_d_test_20260818/clean/p103_00182.wav,data/setta_ears_d_test_20260818/noisy/p103_00182.wav,16000,16000,1,1,220815,220815
171,p103_00184.wav,p103_00184,data/setta_ears_d_test_20260818/clean/p103_00184.wav,data/setta_ears_d_test_20260818/noisy/p103_00184.wav,16000,16000,1,1,261603,261603
172,p103_00191.wav,p103_00191,data/setta_ears_d_test_20260818/clean/p103_00191.wav,data/setta_ears_d_test_20260818/noisy/p103_00191.wav,16000,16000,1,1,231403,231403
173,p103_00200.wav,p103_00200,data/setta_ears_d_test_20260818/clean/p103_00200.wav,data/setta_ears_d_test_20260818/noisy/p103_00200.wav,16000,16000,1,1,307744,307744
174,p103_00212.wav,p103_00212,data/setta_ears_d_test_20260818/clean/p103_00212.wav,data/setta_ears_d_test_20260818/noisy/p103_00212.wav,16000,16000,1,1,324863,324863
175,p103_00217.wav,p103_00217,data/setta_ears_d_test_20260818/clean/p103_00217.wav,data/setta_ears_d_test_20260818/noisy/p103_00217.wav,16000,16000,1,1,187553,187553
176,p103_00221.wav,p103_00221,data/setta_ears_d_test_20260818/clean/p103_00221.wav,data/setta_ears_d_test_20260818/noisy/p103_00221.wav,16000,16000,1,1,269050,269050
177,p103_00234.wav,p103_00234,data/setta_ears_d_test_20260818/clean/p103_00234.wav,data/setta_ears_d_test_20260818/noisy/p103_00234.wav,16000,16000,1,1,305821,305821
178,p103_00235.wav,p103_00235,data/setta_ears_d_test_20260818/clean/p103_00235.wav,data/setta_ears_d_test_20260818/noisy/p103_00235.wav,16000,16000,1,1,193694,193694
179,p103_00238.wav,p103_00238,data/setta_ears_d_test_20260818/clean/p103_00238.wav,data/setta_ears_d_test_20260818/noisy/p103_00238.wav,16000,16000,1,1,178098,178098
180,p103_00245.wav,p103_00245,data/setta_ears_d_test_20260818/clean/p103_00245.wav,data/setta_ears_d_test_20260818/noisy/p103_00245.wav,16000,16000,1,1,287783,287783
181,p103_00250.wav,p103_00250,data/setta_ears_d_test_20260818/clean/p103_00250.wav,data/setta_ears_d_test_20260818/noisy/p103_00250.wav,16000,16000,1,1,256854,256854
182,p103_00254.wav,p103_00254,data/setta_ears_d_test_20260818/clean/p103_00254.wav,data/setta_ears_d_test_20260818/noisy/p103_00254.wav,16000,16000,1,1,335783,335783
183,p103_00256.wav,p103_00256,data/setta_ears_d_test_20260818/clean/p103_00256.wav,data/setta_ears_d_test_20260818/noisy/p103_00256.wav,16000,16000,1,1,254296,254296
184,p103_00258.wav,p103_00258,data/setta_ears_d_test_20260818/clean/p103_00258.wav,data/setta_ears_d_test_20260818/noisy/p103_00258.wav,16000,16000,1,1,385379,385379
185,p103_00259.wav,p103_00259,data/setta_ears_d_test_20260818/clean/p103_00259.wav,data/setta_ears_d_test_20260818/noisy/p103_00259.wav,16000,16000,1,1,337810,337810
186,p103_00281.wav,p103_00281,data/setta_ears_d_test_20260818/clean/p103_00281.wav,data/setta_ears_d_test_20260818/noisy/p103_00281.wav,16000,16000,1,1,233292,233292
187,p103_00296.wav,p103_00296,data/setta_ears_d_test_20260818/clean/p103_00296.wav,data/setta_ears_d_test_20260818/noisy/p103_00296.wav,16000,16000,1,1,272943,272943
188,p103_00299.wav,p103_00299,data/setta_ears_d_test_20260818/clean/p103_00299.wav,data/setta_ears_d_test_20260818/noisy/p103_00299.wav,16000,16000,1,1,229348,229348
189,p103_00306.wav,p103_00306,data/setta_ears_d_test_20260818/clean/p103_00306.wav,data/setta_ears_d_test_20260818/noisy/p103_00306.wav,16000,16000,1,1,347520,347520
190,p103_00309.wav,p103_00309,data/setta_ears_d_test_20260818/clean/p103_00309.wav,data/setta_ears_d_test_20260818/noisy/p103_00309.wav,16000,16000,1,1,216571,216571
191,p103_00310.wav,p103_00310,data/setta_ears_d_test_20260818/clean/p103_00310.wav,data/setta_ears_d_test_20260818/noisy/p103_00310.wav,16000,16000,1,1,274211,274211
192,p103_00332.wav,p103_00332,data/setta_ears_d_test_20260818/clean/p103_00332.wav,data/setta_ears_d_test_20260818/noisy/p103_00332.wav,16000,16000,1,1,191379,191379
193,p103_00337.wav,p103_00337,data/setta_ears_d_test_20260818/clean/p103_00337.wav,data/setta_ears_d_test_20260818/noisy/p103_00337.wav,16000,16000,1,1,287663,287663
194,p103_00340.wav,p103_00340,data/setta_ears_d_test_20260818/clean/p103_00340.wav,data/setta_ears_d_test_20260818/noisy/p103_00340.wav,16000,16000,1,1,342570,342570
195,p103_00343.wav,p103_00343,data/setta_ears_d_test_20260818/clean/p103_00343.wav,data/setta_ears_d_test_20260818/noisy/p103_00343.wav,16000,16000,1,1,369892,369892
196,p103_00349.wav,p103_00349,data/setta_ears_d_test_20260818/clean/p103_00349.wav,data/setta_ears_d_test_20260818/noisy/p103_00349.wav,16000,16000,1,1,337671,337671
197,p103_00370.wav,p103_00370,data/setta_ears_d_test_20260818/clean/p103_00370.wav,data/setta_ears_d_test_20260818/noisy/p103_00370.wav,16000,16000,1,1,196452,196452
198,p103_00373.wav,p103_00373,data/setta_ears_d_test_20260818/clean/p103_00373.wav,data/setta_ears_d_test_20260818/noisy/p103_00373.wav,16000,16000,1,1,162805,162805
199,p103_00380.wav,p103_00380,data/setta_ears_d_test_20260818/clean/p103_00380.wav,data/setta_ears_d_test_20260818/noisy/p103_00380.wav,16000,16000,1,1,275331,275331
200,p103_00381.wav,p103_00381,data/setta_ears_d_test_20260818/clean/p103_00381.wav,data/setta_ears_d_test_20260818/noisy/p103_00381.wav,16000,16000,1,1,361143,361143
201,p103_00387.wav,p103_00387,data/setta_ears_d_test_20260818/clean/p103_00387.wav,data/setta_ears_d_test_20260818/noisy/p103_00387.wav,16000,16000,1,1,233563,233563
202,p103_00390.wav,p103_00390,data/setta_ears_d_test_20260818/clean/p103_00390.wav,data/setta_ears_d_test_20260818/noisy/p103_00390.wav,16000,16000,1,1,177160,177160
203,p103_00394.wav,p103_00394,data/setta_ears_d_test_20260818/clean/p103_00394.wav,data/setta_ears_d_test_20260818/noisy/p103_00394.wav,16000,16000,1,1,297003,297003
204,p103_00397.wav,p103_00397,data/setta_ears_d_test_20260818/clean/p103_00397.wav,data/setta_ears_d_test_20260818/noisy/p103_00397.wav,16000,16000,1,1,196609,196609
205,p103_00398.wav,p103_00398,data/setta_ears_d_test_20260818/clean/p103_00398.wav,data/setta_ears_d_test_20260818/noisy/p103_00398.wav,16000,16000,1,1,286981,286981
206,p103_00400.wav,p103_00400,data/setta_ears_d_test_20260818/clean/p103_00400.wav,data/setta_ears_d_test_20260818/noisy/p103_00400.wav,16000,16000,1,1,350741,350741
207,p103_00407.wav,p103_00407,data/setta_ears_d_test_20260818/clean/p103_00407.wav,data/setta_ears_d_test_20260818/noisy/p103_00407.wav,16000,16000,1,1,326664,326664
208,p103_00418.wav,p103_00418,data/setta_ears_d_test_20260818/clean/p103_00418.wav,data/setta_ears_d_test_20260818/noisy/p103_00418.wav,16000,16000,1,1,228741,228741
209,p103_00422.wav,p103_00422,data/setta_ears_d_test_20260818/clean/p103_00422.wav,data/setta_ears_d_test_20260818/noisy/p103_00422.wav,16000,16000,1,1,320054,320054
210,p103_00425.wav,p103_00425,data/setta_ears_d_test_20260818/clean/p103_00425.wav,data/setta_ears_d_test_20260818/noisy/p103_00425.wav,16000,16000,1,1,252288,252288
211,p103_00431.wav,p103_00431,data/setta_ears_d_test_20260818/clean/p103_00431.wav,data/setta_ears_d_test_20260818/noisy/p103_00431.wav,16000,16000,1,1,228918,228918
212,p103_00452.wav,p103_00452,data/setta_ears_d_test_20260818/clean/p103_00452.wav,data/setta_ears_d_test_20260818/noisy/p103_00452.wav,16000,16000,1,1,270807,270807
213,p103_00464.wav,p103_00464,data/setta_ears_d_test_20260818/clean/p103_00464.wav,data/setta_ears_d_test_20260818/noisy/p103_00464.wav,16000,16000,1,1,236104,236104
214,p103_00469.wav,p103_00469,data/setta_ears_d_test_20260818/clean/p103_00469.wav,data/setta_ears_d_test_20260818/noisy/p103_00469.wav,16000,16000,1,1,260552,260552
215,p103_00473.wav,p103_00473,data/setta_ears_d_test_20260818/clean/p103_00473.wav,data/setta_ears_d_test_20260818/noisy/p103_00473.wav,16000,16000,1,1,221162,221162
216,p103_00474.wav,p103_00474,data/setta_ears_d_test_20260818/clean/p103_00474.wav,data/setta_ears_d_test_20260818/noisy/p103_00474.wav,16000,16000,1,1,264742,264742
217,p103_00475.wav,p103_00475,data/setta_ears_d_test_20260818/clean/p103_00475.wav,data/setta_ears_d_test_20260818/noisy/p103_00475.wav,16000,16000,1,1,257829,257829
218,p103_00476.wav,p103_00476,data/setta_ears_d_test_20260818/clean/p103_00476.wav,data/setta_ears_d_test_20260818/noisy/p103_00476.wav,16000,16000,1,1,215942,215942
219,p103_00477.wav,p103_00477,data/setta_ears_d_test_20260818/clean/p103_00477.wav,data/setta_ears_d_test_20260818/noisy/p103_00477.wav,16000,16000,1,1,224689,224689
220,p103_00478.wav,p103_00478,data/setta_ears_d_test_20260818/clean/p103_00478.wav,data/setta_ears_d_test_20260818/noisy/p103_00478.wav,16000,16000,1,1,372278,372278
221,p103_00479.wav,p103_00479,data/setta_ears_d_test_20260818/clean/p103_00479.wav,data/setta_ears_d_test_20260818/noisy/p103_00479.wav,16000,16000,1,1,370528,370528
222,p103_00480.wav,p103_00480,data/setta_ears_d_test_20260818/clean/p103_00480.wav,data/setta_ears_d_test_20260818/noisy/p103_00480.wav,16000,16000,1,1,140756,140756
223,p103_00481.wav,p103_00481,data/setta_ears_d_test_20260818/clean/p103_00481.wav,data/setta_ears_d_test_20260818/noisy/p103_00481.wav,16000,16000,1,1,173643,173643
224,p103_00482.wav,p103_00482,data/setta_ears_d_test_20260818/clean/p103_00482.wav,data/setta_ears_d_test_20260818/noisy/p103_00482.wav,16000,16000,1,1,142510,142510
225,p103_00483.wav,p103_00483,data/setta_ears_d_test_20260818/clean/p103_00483.wav,data/setta_ears_d_test_20260818/noisy/p103_00483.wav,16000,16000,1,1,159173,159173
226,p103_00484.wav,p103_00484,data/setta_ears_d_test_20260818/clean/p103_00484.wav,data/setta_ears_d_test_20260818/noisy/p103_00484.wav,16000,16000,1,1,83686,83686
227,p103_00494.wav,p103_00494,data/setta_ears_d_test_20260818/clean/p103_00494.wav,data/setta_ears_d_test_20260818/noisy/p103_00494.wav,16000,16000,1,1,200804,200804
228,p103_00496.wav,p103_00496,data/setta_ears_d_test_20260818/clean/p103_00496.wav,data/setta_ears_d_test_20260818/noisy/p103_00496.wav,16000,16000,1,1,233876,233876
229,p103_00498.wav,p103_00498,data/setta_ears_d_test_20260818/clean/p103_00498.wav,data/setta_ears_d_test_20260818/noisy/p103_00498.wav,16000,16000,1,1,177818,177818
230,p103_00501.wav,p103_00501,data/setta_ears_d_test_20260818/clean/p103_00501.wav,data/setta_ears_d_test_20260818/noisy/p103_00501.wav,16000,16000,1,1,178033,178033
231,p103_00513.wav,p103_00513,data/setta_ears_d_test_20260818/clean/p103_00513.wav,data/setta_ears_d_test_20260818/noisy/p103_00513.wav,16000,16000,1,1,203607,203607
232,p103_00516.wav,p103_00516,data/setta_ears_d_test_20260818/clean/p103_00516.wav,data/setta_ears_d_test_20260818/noisy/p103_00516.wav,16000,16000,1,1,234136,234136
233,p103_00517.wav,p103_00517,data/setta_ears_d_test_20260818/clean/p103_00517.wav,data/setta_ears_d_test_20260818/noisy/p103_00517.wav,16000,16000,1,1,332602,332602
234,p103_00522.wav,p103_00522,data/setta_ears_d_test_20260818/clean/p103_00522.wav,data/setta_ears_d_test_20260818/noisy/p103_00522.wav,16000,16000,1,1,261698,261698
235,p103_00525.wav,p103_00525,data/setta_ears_d_test_20260818/clean/p103_00525.wav,data/setta_ears_d_test_20260818/noisy/p103_00525.wav,16000,16000,1,1,256732,256732
236,p103_00534.wav,p103_00534,data/setta_ears_d_test_20260818/clean/p103_00534.wav,data/setta_ears_d_test_20260818/noisy/p103_00534.wav,16000,16000,1,1,318697,318697
237,p103_00539.wav,p103_00539,data/setta_ears_d_test_20260818/clean/p103_00539.wav,data/setta_ears_d_test_20260818/noisy/p103_00539.wav,16000,16000,1,1,202026,202026
238,p103_00545.wav,p103_00545,data/setta_ears_d_test_20260818/clean/p103_00545.wav,data/setta_ears_d_test_20260818/noisy/p103_00545.wav,16000,16000,1,1,322411,322411
239,p103_00551.wav,p103_00551,data/setta_ears_d_test_20260818/clean/p103_00551.wav,data/setta_ears_d_test_20260818/noisy/p103_00551.wav,16000,16000,1,1,194462,194462
240,p103_00554.wav,p103_00554,data/setta_ears_d_test_20260818/clean/p103_00554.wav,data/setta_ears_d_test_20260818/noisy/p103_00554.wav,16000,16000,1,1,257827,257827
241,p103_00578.wav,p103_00578,data/setta_ears_d_test_20260818/clean/p103_00578.wav,data/setta_ears_d_test_20260818/noisy/p103_00578.wav,16000,16000,1,1,311546,311546
242,p103_00580.wav,p103_00580,data/setta_ears_d_test_20260818/clean/p103_00580.wav,data/setta_ears_d_test_20260818/noisy/p103_00580.wav,16000,16000,1,1,204700,204700
243,p103_00590.wav,p103_00590,data/setta_ears_d_test_20260818/clean/p103_00590.wav,data/setta_ears_d_test_20260818/noisy/p103_00590.wav,16000,16000,1,1,227644,227644
244,p103_00595.wav,p103_00595,data/setta_ears_d_test_20260818/clean/p103_00595.wav,data/setta_ears_d_test_20260818/noisy/p103_00595.wav,16000,16000,1,1,274900,274900
245,p103_00603.wav,p103_00603,data/setta_ears_d_test_20260818/clean/p103_00603.wav,data/setta_ears_d_test_20260818/noisy/p103_00603.wav,16000,16000,1,1,225986,225986
246,p103_00610.wav,p103_00610,data/setta_ears_d_test_20260818/clean/p103_00610.wav,data/setta_ears_d_test_20260818/noisy/p103_00610.wav,16000,16000,1,1,228881,228881
247,p103_00612.wav,p103_00612,data/setta_ears_d_test_20260818/clean/p103_00612.wav,data/setta_ears_d_test_20260818/noisy/p103_00612.wav,16000,16000,1,1,207634,207634
248,p103_00623.wav,p103_00623,data/setta_ears_d_test_20260818/clean/p103_00623.wav,data/setta_ears_d_test_20260818/noisy/p103_00623.wav,16000,16000,1,1,215946,215946
249,p103_00626.wav,p103_00626,data/setta_ears_d_test_20260818/clean/p103_00626.wav,data/setta_ears_d_test_20260818/noisy/p103_00626.wav,16000,16000,1,1,245635,245635
250,p103_00633.wav,p103_00633,data/setta_ears_d_test_20260818/clean/p103_00633.wav,data/setta_ears_d_test_20260818/noisy/p103_00633.wav,16000,16000,1,1,320298,320298
251,p103_00639.wav,p103_00639,data/setta_ears_d_test_20260818/clean/p103_00639.wav,data/setta_ears_d_test_20260818/noisy/p103_00639.wav,16000,16000,1,1,228410,228410
252,p103_00642.wav,p103_00642,data/setta_ears_d_test_20260818/clean/p103_00642.wav,data/setta_ears_d_test_20260818/noisy/p103_00642.wav,16000,16000,1,1,205008,205008
253,p103_00647.wav,p103_00647,data/setta_ears_d_test_20260818/clean/p103_00647.wav,data/setta_ears_d_test_20260818/noisy/p103_00647.wav,16000,16000,1,1,225378,225378
254,p103_00648.wav,p103_00648,data/setta_ears_d_test_20260818/clean/p103_00648.wav,data/setta_ears_d_test_20260818/noisy/p103_00648.wav,16000,16000,1,1,273690,273690
255,p103_00663.wav,p103_00663,data/setta_ears_d_test_20260818/clean/p103_00663.wav,data/setta_ears_d_test_20260818/noisy/p103_00663.wav,16000,16000,1,1,154499,154499
256,p103_00666.wav,p103_00666,data/setta_ears_d_test_20260818/clean/p103_00666.wav,data/setta_ears_d_test_20260818/noisy/p103_00666.wav,16000,16000,1,1,244307,244307
257,p103_00667.wav,p103_00667,data/setta_ears_d_test_20260818/clean/p103_00667.wav,data/setta_ears_d_test_20260818/noisy/p103_00667.wav,16000,16000,1,1,263864,263864
258,p103_00673.wav,p103_00673,data/setta_ears_d_test_20260818/clean/p103_00673.wav,data/setta_ears_d_test_20260818/noisy/p103_00673.wav,16000,16000,1,1,309511,309511
259,p103_00674.wav,p103_00674,data/setta_ears_d_test_20260818/clean/p103_00674.wav,data/setta_ears_d_test_20260818/noisy/p103_00674.wav,16000,16000,1,1,279397,279397
260,p103_00676.wav,p103_00676,data/setta_ears_d_test_20260818/clean/p103_00676.wav,data/setta_ears_d_test_20260818/noisy/p103_00676.wav,16000,16000,1,1,265100,265100
261,p103_00693.wav,p103_00693,data/setta_ears_d_test_20260818/clean/p103_00693.wav,data/setta_ears_d_test_20260818/noisy/p103_00693.wav,16000,16000,1,1,316598,316598
262,p103_00698.wav,p103_00698,data/setta_ears_d_test_20260818/clean/p103_00698.wav,data/setta_ears_d_test_20260818/noisy/p103_00698.wav,16000,16000,1,1,370772,370772
263,p103_00708.wav,p103_00708,data/setta_ears_d_test_20260818/clean/p103_00708.wav,data/setta_ears_d_test_20260818/noisy/p103_00708.wav,16000,16000,1,1,305287,305287
264,p103_00714.wav,p103_00714,data/setta_ears_d_test_20260818/clean/p103_00714.wav,data/setta_ears_d_test_20260818/noisy/p103_00714.wav,16000,16000,1,1,224588,224588
265,p103_00731.wav,p103_00731,data/setta_ears_d_test_20260818/clean/p103_00731.wav,data/setta_ears_d_test_20260818/noisy/p103_00731.wav,16000,16000,1,1,175678,175678
266,p103_00732.wav,p103_00732,data/setta_ears_d_test_20260818/clean/p103_00732.wav,data/setta_ears_d_test_20260818/noisy/p103_00732.wav,16000,16000,1,1,228802,228802
267,p103_00736.wav,p103_00736,data/setta_ears_d_test_20260818/clean/p103_00736.wav,data/setta_ears_d_test_20260818/noisy/p103_00736.wav,16000,16000,1,1,247589,247589
268,p103_00748.wav,p103_00748,data/setta_ears_d_test_20260818/clean/p103_00748.wav,data/setta_ears_d_test_20260818/noisy/p103_00748.wav,16000,16000,1,1,344494,344494
269,p103_00752.wav,p103_00752,data/setta_ears_d_test_20260818/clean/p103_00752.wav,data/setta_ears_d_test_20260818/noisy/p103_00752.wav,16000,16000,1,1,308866,308866
270,p103_00765.wav,p103_00765,data/setta_ears_d_test_20260818/clean/p103_00765.wav,data/setta_ears_d_test_20260818/noisy/p103_00765.wav,16000,16000,1,1,195183,195183
271,p103_00769.wav,p103_00769,data/setta_ears_d_test_20260818/clean/p103_00769.wav,data/setta_ears_d_test_20260818/noisy/p103_00769.wav,16000,16000,1,1,326901,326901
272,p103_00787.wav,p103_00787,data/setta_ears_d_test_20260818/clean/p103_00787.wav,data/setta_ears_d_test_20260818/noisy/p103_00787.wav,16000,16000,1,1,242692,242692
273,p103_00791.wav,p103_00791,data/setta_ears_d_test_20260818/clean/p103_00791.wav,data/setta_ears_d_test_20260818/noisy/p103_00791.wav,16000,16000,1,1,174685,174685
274,p103_00792.wav,p103_00792,data/setta_ears_d_test_20260818/clean/p103_00792.wav,data/setta_ears_d_test_20260818/noisy/p103_00792.wav,16000,16000,1,1,287084,287084
275,p103_00799.wav,p103_00799,data/setta_ears_d_test_20260818/clean/p103_00799.wav,data/setta_ears_d_test_20260818/noisy/p103_00799.wav,16000,16000,1,1,303022,303022
276,p103_00804.wav,p103_00804,data/setta_ears_d_test_20260818/clean/p103_00804.wav,data/setta_ears_d_test_20260818/noisy/p103_00804.wav,16000,16000,1,1,233596,233596
277,p103_00805.wav,p103_00805,data/setta_ears_d_test_20260818/clean/p103_00805.wav,data/setta_ears_d_test_20260818/noisy/p103_00805.wav,16000,16000,1,1,240508,240508
278,p103_00806.wav,p103_00806,data/setta_ears_d_test_20260818/clean/p103_00806.wav,data/setta_ears_d_test_20260818/noisy/p103_00806.wav,16000,16000,1,1,228480,228480
279,p103_00828.wav,p103_00828,data/setta_ears_d_test_20260818/clean/p103_00828.wav,data/setta_ears_d_test_20260818/noisy/p103_00828.wav,16000,16000,1,1,382057,382057
280,p103_00833.wav,p103_00833,data/setta_ears_d_test_20260818/clean/p103_00833.wav,data/setta_ears_d_test_20260818/noisy/p103_00833.wav,16000,16000,1,1,316091,316091
281,p103_00834.wav,p103_00834,data/setta_ears_d_test_20260818/clean/p103_00834.wav,data/setta_ears_d_test_20260818/noisy/p103_00834.wav,16000,16000,1,1,242812,242812
282,p103_00840.wav,p103_00840,data/setta_ears_d_test_20260818/clean/p103_00840.wav,data/setta_ears_d_test_20260818/noisy/p103_00840.wav,16000,16000,1,1,218593,218593
283,p103_00844.wav,p103_00844,data/setta_ears_d_test_20260818/clean/p103_00844.wav,data/setta_ears_d_test_20260818/noisy/p103_00844.wav,16000,16000,1,1,240631,240631
284,p103_00854.wav,p103_00854,data/setta_ears_d_test_20260818/clean/p103_00854.wav,data/setta_ears_d_test_20260818/noisy/p103_00854.wav,16000,16000,1,1,329229,329229
285,p103_00858.wav,p103_00858,data/setta_ears_d_test_20260818/clean/p103_00858.wav,data/setta_ears_d_test_20260818/noisy/p103_00858.wav,16000,16000,1,1,217808,217808
286,p103_00859.wav,p103_00859,data/setta_ears_d_test_20260818/clean/p103_00859.wav,data/setta_ears_d_test_20260818/noisy/p103_00859.wav,16000,16000,1,1,316354,316354
287,p103_00875.wav,p103_00875,data/setta_ears_d_test_20260818/clean/p103_00875.wav,data/setta_ears_d_test_20260818/noisy/p103_00875.wav,16000,16000,1,1,240058,240058
288,p103_00883.wav,p103_00883,data/setta_ears_d_test_20260818/clean/p103_00883.wav,data/setta_ears_d_test_20260818/noisy/p103_00883.wav,16000,16000,1,1,279539,279539
289,p104_00002.wav,p104_00002,data/setta_ears_d_test_20260818/clean/p104_00002.wav,data/setta_ears_d_test_20260818/noisy/p104_00002.wav,16000,16000,1,1,178565,178565
290,p104_00014.wav,p104_00014,data/setta_ears_d_test_20260818/clean/p104_00014.wav,data/setta_ears_d_test_20260818/noisy/p104_00014.wav,16000,16000,1,1,204924,204924
291,p104_00027.wav,p104_00027,data/setta_ears_d_test_20260818/clean/p104_00027.wav,data/setta_ears_d_test_20260818/noisy/p104_00027.wav,16000,16000,1,1,261847,261847
292,p104_00029.wav,p104_00029,data/setta_ears_d_test_20260818/clean/p104_00029.wav,data/setta_ears_d_test_20260818/noisy/p104_00029.wav,16000,16000,1,1,334063,334063
293,p104_00050.wav,p104_00050,data/setta_ears_d_test_20260818/clean/p104_00050.wav,data/setta_ears_d_test_20260818/noisy/p104_00050.wav,16000,16000,1,1,269447,269447
294,p104_00059.wav,p104_00059,data/setta_ears_d_test_20260818/clean/p104_00059.wav,data/setta_ears_d_test_20260818/noisy/p104_00059.wav,16000,16000,1,1,244717,244717
295,p104_00070.wav,p104_00070,data/setta_ears_d_test_20260818/clean/p104_00070.wav,data/setta_ears_d_test_20260818/noisy/p104_00070.wav,16000,16000,1,1,206117,206117
296,p104_00088.wav,p104_00088,data/setta_ears_d_test_20260818/clean/p104_00088.wav,data/setta_ears_d_test_20260818/noisy/p104_00088.wav,16000,16000,1,1,222781,222781
297,p104_00091.wav,p104_00091,data/setta_ears_d_test_20260818/clean/p104_00091.wav,data/setta_ears_d_test_20260818/noisy/p104_00091.wav,16000,16000,1,1,156506,156506
298,p104_00093.wav,p104_00093,data/setta_ears_d_test_20260818/clean/p104_00093.wav,data/setta_ears_d_test_20260818/noisy/p104_00093.wav,16000,16000,1,1,286343,286343
299,p104_00096.wav,p104_00096,data/setta_ears_d_test_20260818/clean/p104_00096.wav,data/setta_ears_d_test_20260818/noisy/p104_00096.wav,16000,16000,1,1,199320,199320
300,p104_00107.wav,p104_00107,data/setta_ears_d_test_20260818/clean/p104_00107.wav,data/setta_ears_d_test_20260818/noisy/p104_00107.wav,16000,16000,1,1,334628,334628
301,p104_00112.wav,p104_00112,data/setta_ears_d_test_20260818/clean/p104_00112.wav,data/setta_ears_d_test_20260818/noisy/p104_00112.wav,16000,16000,1,1,260220,260220
302,p104_00120.wav,p104_00120,data/setta_ears_d_test_20260818/clean/p104_00120.wav,data/setta_ears_d_test_20260818/noisy/p104_00120.wav,16000,16000,1,1,203466,203466
303,p104_00122.wav,p104_00122,data/setta_ears_d_test_20260818/clean/p104_00122.wav,data/setta_ears_d_test_20260818/noisy/p104_00122.wav,16000,16000,1,1,188468,188468
304,p104_00124.wav,p104_00124,data/setta_ears_d_test_20260818/clean/p104_00124.wav,data/setta_ears_d_test_20260818/noisy/p104_00124.wav,16000,16000,1,1,223808,223808
305,p104_00131.wav,p104_00131,data/setta_ears_d_test_20260818/clean/p104_00131.wav,data/setta_ears_d_test_20260818/noisy/p104_00131.wav,16000,16000,1,1,230341,230341
306,p104_00147.wav,p104_00147,data/setta_ears_d_test_20260818/clean/p104_00147.wav,data/setta_ears_d_test_20260818/noisy/p104_00147.wav,16000,16000,1,1,190345,190345
307,p104_00151.wav,p104_00151,data/setta_ears_d_test_20260818/clean/p104_00151.wav,data/setta_ears_d_test_20260818/noisy/p104_00151.wav,16000,16000,1,1,218740,218740
308,p104_00162.wav,p104_00162,data/setta_ears_d_test_20260818/clean/p104_00162.wav,data/setta_ears_d_test_20260818/noisy/p104_00162.wav,16000,16000,1,1,195727,195727
309,p104_00163.wav,p104_00163,data/setta_ears_d_test_20260818/clean/p104_00163.wav,data/setta_ears_d_test_20260818/noisy/p104_00163.wav,16000,16000,1,1,301817,301817
310,p104_00176.wav,p104_00176,data/setta_ears_d_test_20260818/clean/p104_00176.wav,data/setta_ears_d_test_20260818/noisy/p104_00176.wav,16000,16000,1,1,223428,223428
311,p104_00179.wav,p104_00179,data/setta_ears_d_test_20260818/clean/p104_00179.wav,data/setta_ears_d_test_20260818/noisy/p104_00179.wav,16000,16000,1,1,265351,265351
312,p104_00183.wav,p104_00183,data/setta_ears_d_test_20260818/clean/p104_00183.wav,data/setta_ears_d_test_20260818/noisy/p104_00183.wav,16000,16000,1,1,279174,279174
313,p104_00185.wav,p104_00185,data/setta_ears_d_test_20260818/clean/p104_00185.wav,data/setta_ears_d_test_20260818/noisy/p104_00185.wav,16000,16000,1,1,349130,349130
314,p104_00186.wav,p104_00186,data/setta_ears_d_test_20260818/clean/p104_00186.wav,data/setta_ears_d_test_20260818/noisy/p104_00186.wav,16000,16000,1,1,272571,272571
315,p104_00188.wav,p104_00188,data/setta_ears_d_test_20260818/clean/p104_00188.wav,data/setta_ears_d_test_20260818/noisy/p104_00188.wav,16000,16000,1,1,165821,165821
316,p104_00197.wav,p104_00197,data/setta_ears_d_test_20260818/clean/p104_00197.wav,data/setta_ears_d_test_20260818/noisy/p104_00197.wav,16000,16000,1,1,275198,275198
317,p104_00201.wav,p104_00201,data/setta_ears_d_test_20260818/clean/p104_00201.wav,data/setta_ears_d_test_20260818/noisy/p104_00201.wav,16000,16000,1,1,183748,183748
318,p104_00202.wav,p104_00202,data/setta_ears_d_test_20260818/clean/p104_00202.wav,data/setta_ears_d_test_20260818/noisy/p104_00202.wav,16000,16000,1,1,403719,403719
319,p104_00205.wav,p104_00205,data/setta_ears_d_test_20260818/clean/p104_00205.wav,data/setta_ears_d_test_20260818/noisy/p104_00205.wav,16000,16000,1,1,298587,298587
320,p104_00210.wav,p104_00210,data/setta_ears_d_test_20260818/clean/p104_00210.wav,data/setta_ears_d_test_20260818/noisy/p104_00210.wav,16000,16000,1,1,281810,281810
321,p104_00213.wav,p104_00213,data/setta_ears_d_test_20260818/clean/p104_00213.wav,data/setta_ears_d_test_20260818/noisy/p104_00213.wav,16000,16000,1,1,220597,220597
322,p104_00219.wav,p104_00219,data/setta_ears_d_test_20260818/clean/p104_00219.wav,data/setta_ears_d_test_20260818/noisy/p104_00219.wav,16000,16000,1,1,204462,204462
323,p104_00226.wav,p104_00226,data/setta_ears_d_test_20260818/clean/p104_00226.wav,data/setta_ears_d_test_20260818/noisy/p104_00226.wav,16000,16000,1,1,145066,145066
324,p104_00229.wav,p104_00229,data/setta_ears_d_test_20260818/clean/p104_00229.wav,data/setta_ears_d_test_20260818/noisy/p104_00229.wav,16000,16000,1,1,241823,241823
325,p104_00230.wav,p104_00230,data/setta_ears_d_test_20260818/clean/p104_00230.wav,data/setta_ears_d_test_20260818/noisy/p104_00230.wav,16000,16000,1,1,171923,171923
326,p104_00241.wav,p104_00241,data/setta_ears_d_test_20260818/clean/p104_00241.wav,data/setta_ears_d_test_20260818/noisy/p104_00241.wav,16000,16000,1,1,198921,198921
327,p104_00249.wav,p104_00249,data/setta_ears_d_test_20260818/clean/p104_00249.wav,data/setta_ears_d_test_20260818/noisy/p104_00249.wav,16000,16000,1,1,313941,313941
328,p104_00257.wav,p104_00257,data/setta_ears_d_test_20260818/clean/p104_00257.wav,data/setta_ears_d_test_20260818/noisy/p104_00257.wav,16000,16000,1,1,217561,217561
329,p104_00261.wav,p104_00261,data/setta_ears_d_test_20260818/clean/p104_00261.wav,data/setta_ears_d_test_20260818/noisy/p104_00261.wav,16000,16000,1,1,213163,213163
330,p104_00263.wav,p104_00263,data/setta_ears_d_test_20260818/clean/p104_00263.wav,data/setta_ears_d_test_20260818/noisy/p104_00263.wav,16000,16000,1,1,332756,332756
331,p104_00264.wav,p104_00264,data/setta_ears_d_test_20260818/clean/p104_00264.wav,data/setta_ears_d_test_20260818/noisy/p104_00264.wav,16000,16000,1,1,194338,194338
332,p104_00269.wav,p104_00269,data/setta_ears_d_test_20260818/clean/p104_00269.wav,data/setta_ears_d_test_20260818/noisy/p104_00269.wav,16000,16000,1,1,185077,185077
333,p104_00272.wav,p104_00272,data/setta_ears_d_test_20260818/clean/p104_00272.wav,data/setta_ears_d_test_20260818/noisy/p104_00272.wav,16000,16000,1,1,172936,172936
334,p104_00276.wav,p104_00276,data/setta_ears_d_test_20260818/clean/p104_00276.wav,data/setta_ears_d_test_20260818/noisy/p104_00276.wav,16000,16000,1,1,261738,261738
335,p104_00282.wav,p104_00282,data/setta_ears_d_test_20260818/clean/p104_00282.wav,data/setta_ears_d_test_20260818/noisy/p104_00282.wav,16000,16000,1,1,325003,325003
336,p104_00284.wav,p104_00284,data/setta_ears_d_test_20260818/clean/p104_00284.wav,data/setta_ears_d_test_20260818/noisy/p104_00284.wav,16000,16000,1,1,294214,294214
337,p104_00285.wav,p104_00285,data/setta_ears_d_test_20260818/clean/p104_00285.wav,data/setta_ears_d_test_20260818/noisy/p104_00285.wav,16000,16000,1,1,205079,205079
338,p104_00288.wav,p104_00288,data/setta_ears_d_test_20260818/clean/p104_00288.wav,data/setta_ears_d_test_20260818/noisy/p104_00288.wav,16000,16000,1,1,248708,248708
339,p104_00292.wav,p104_00292,data/setta_ears_d_test_20260818/clean/p104_00292.wav,data/setta_ears_d_test_20260818/noisy/p104_00292.wav,16000,16000,1,1,225750,225750
340,p104_00297.wav,p104_00297,data/setta_ears_d_test_20260818/clean/p104_00297.wav,data/setta_ears_d_test_20260818/noisy/p104_00297.wav,16000,16000,1,1,183699,183699
341,p104_00302.wav,p104_00302,data/setta_ears_d_test_20260818/clean/p104_00302.wav,data/setta_ears_d_test_20260818/noisy/p104_00302.wav,16000,16000,1,1,228925,228925
342,p104_00303.wav,p104_00303,data/setta_ears_d_test_20260818/clean/p104_00303.wav,data/setta_ears_d_test_20260818/noisy/p104_00303.wav,16000,16000,1,1,345971,345971
343,p104_00308.wav,p104_00308,data/setta_ears_d_test_20260818/clean/p104_00308.wav,data/setta_ears_d_test_20260818/noisy/p104_00308.wav,16000,16000,1,1,387043,387043
344,p104_00318.wav,p104_00318,data/setta_ears_d_test_20260818/clean/p104_00318.wav,data/setta_ears_d_test_20260818/noisy/p104_00318.wav,16000,16000,1,1,159093,159093
345,p104_00344.wav,p104_00344,data/setta_ears_d_test_20260818/clean/p104_00344.wav,data/setta_ears_d_test_20260818/noisy/p104_00344.wav,16000,16000,1,1,244718,244718
346,p104_00348.wav,p104_00348,data/setta_ears_d_test_20260818/clean/p104_00348.wav,data/setta_ears_d_test_20260818/noisy/p104_00348.wav,16000,16000,1,1,327816,327816
347,p104_00356.wav,p104_00356,data/setta_ears_d_test_20260818/clean/p104_00356.wav,data/setta_ears_d_test_20260818/noisy/p104_00356.wav,16000,16000,1,1,169176,169176
348,p104_00357.wav,p104_00357,data/setta_ears_d_test_20260818/clean/p104_00357.wav,data/setta_ears_d_test_20260818/noisy/p104_00357.wav,16000,16000,1,1,323087,323087
349,p104_00358.wav,p104_00358,data/setta_ears_d_test_20260818/clean/p104_00358.wav,data/setta_ears_d_test_20260818/noisy/p104_00358.wav,16000,16000,1,1,181830,181830
350,p104_00359.wav,p104_00359,data/setta_ears_d_test_20260818/clean/p104_00359.wav,data/setta_ears_d_test_20260818/noisy/p104_00359.wav,16000,16000,1,1,194144,194144
351,p104_00360.wav,p104_00360,data/setta_ears_d_test_20260818/clean/p104_00360.wav,data/setta_ears_d_test_20260818/noisy/p104_00360.wav,16000,16000,1,1,179596,179596
352,p104_00361.wav,p104_00361,data/setta_ears_d_test_20260818/clean/p104_00361.wav,data/setta_ears_d_test_20260818/noisy/p104_00361.wav,16000,16000,1,1,147927,147927
353,p104_00362.wav,p104_00362,data/setta_ears_d_test_20260818/clean/p104_00362.wav,data/setta_ears_d_test_20260818/noisy/p104_00362.wav,16000,16000,1,1,104469,104469
354,p104_00363.wav,p104_00363,data/setta_ears_d_test_20260818/clean/p104_00363.wav,data/setta_ears_d_test_20260818/noisy/p104_00363.wav,16000,16000,1,1,261012,261012
355,p104_00364.wav,p104_00364,data/setta_ears_d_test_20260818/clean/p104_00364.wav,data/setta_ears_d_test_20260818/noisy/p104_00364.wav,16000,16000,1,1,291345,291345
356,p104_00365.wav,p104_00365,data/setta_ears_d_test_20260818/clean/p104_00365.wav,data/setta_ears_d_test_20260818/noisy/p104_00365.wav,16000,16000,1,1,263604,263604
357,p104_00366.wav,p104_00366,data/setta_ears_d_test_20260818/clean/p104_00366.wav,data/setta_ears_d_test_20260818/noisy/p104_00366.wav,16000,16000,1,1,371812,371812
358,p104_00367.wav,p104_00367,data/setta_ears_d_test_20260818/clean/p104_00367.wav,data/setta_ears_d_test_20260818/noisy/p104_00367.wav,16000,16000,1,1,210750,210750
359,p104_00372.wav,p104_00372,data/setta_ears_d_test_20260818/clean/p104_00372.wav,data/setta_ears_d_test_20260818/noisy/p104_00372.wav,16000,16000,1,1,279891,279891
360,p104_00378.wav,p104_00378,data/setta_ears_d_test_20260818/clean/p104_00378.wav,data/setta_ears_d_test_20260818/noisy/p104_00378.wav,16000,16000,1,1,239005,239005
361,p104_00386.wav,p104_00386,data/setta_ears_d_test_20260818/clean/p104_00386.wav,data/setta_ears_d_test_20260818/noisy/p104_00386.wav,16000,16000,1,1,164780,164780
362,p104_00406.wav,p104_00406,data/setta_ears_d_test_20260818/clean/p104_00406.wav,data/setta_ears_d_test_20260818/noisy/p104_00406.wav,16000,16000,1,1,148685,148685
363,p104_00410.wav,p104_00410,data/setta_ears_d_test_20260818/clean/p104_00410.wav,data/setta_ears_d_test_20260818/noisy/p104_00410.wav,16000,16000,1,1,278327,278327
364,p104_00412.wav,p104_00412,data/setta_ears_d_test_20260818/clean/p104_00412.wav,data/setta_ears_d_test_20260818/noisy/p104_00412.wav,16000,16000,1,1,367435,367435
365,p104_00415.wav,p104_00415,data/setta_ears_d_test_20260818/clean/p104_00415.wav,data/setta_ears_d_test_20260818/noisy/p104_00415.wav,16000,16000,1,1,138117,138117
366,p104_00423.wav,p104_00423,data/setta_ears_d_test_20260818/clean/p104_00423.wav,data/setta_ears_d_test_20260818/noisy/p104_00423.wav,16000,16000,1,1,195566,195566
367,p104_00430.wav,p104_00430,data/setta_ears_d_test_20260818/clean/p104_00430.wav,data/setta_ears_d_test_20260818/noisy/p104_00430.wav,16000,16000,1,1,303500,303500
368,p104_00433.wav,p104_00433,data/setta_ears_d_test_20260818/clean/p104_00433.wav,data/setta_ears_d_test_20260818/noisy/p104_00433.wav,16000,16000,1,1,146354,146354
369,p104_00434.wav,p104_00434,data/setta_ears_d_test_20260818/clean/p104_00434.wav,data/setta_ears_d_test_20260818/noisy/p104_00434.wav,16000,16000,1,1,218116,218116
370,p104_00449.wav,p104_00449,data/setta_ears_d_test_20260818/clean/p104_00449.wav,data/setta_ears_d_test_20260818/noisy/p104_00449.wav,16000,16000,1,1,270147,270147
371,p104_00450.wav,p104_00450,data/setta_ears_d_test_20260818/clean/p104_00450.wav,data/setta_ears_d_test_20260818/noisy/p104_00450.wav,16000,16000,1,1,333003,333003
372,p104_00465.wav,p104_00465,data/setta_ears_d_test_20260818/clean/p104_00465.wav,data/setta_ears_d_test_20260818/noisy/p104_00465.wav,16000,16000,1,1,164016,164016
373,p104_00491.wav,p104_00491,data/setta_ears_d_test_20260818/clean/p104_00491.wav,data/setta_ears_d_test_20260818/noisy/p104_00491.wav,16000,16000,1,1,216558,216558
374,p104_00492.wav,p104_00492,data/setta_ears_d_test_20260818/clean/p104_00492.wav,data/setta_ears_d_test_20260818/noisy/p104_00492.wav,16000,16000,1,1,247148,247148
375,p104_00495.wav,p104_00495,data/setta_ears_d_test_20260818/clean/p104_00495.wav,data/setta_ears_d_test_20260818/noisy/p104_00495.wav,16000,16000,1,1,282020,282020
376,p104_00497.wav,p104_00497,data/setta_ears_d_test_20260818/clean/p104_00497.wav,data/setta_ears_d_test_20260818/noisy/p104_00497.wav,16000,16000,1,1,317090,317090
377,p104_00499.wav,p104_00499,data/setta_ears_d_test_20260818/clean/p104_00499.wav,data/setta_ears_d_test_20260818/noisy/p104_00499.wav,16000,16000,1,1,222920,222920
378,p104_00503.wav,p104_00503,data/setta_ears_d_test_20260818/clean/p104_00503.wav,data/setta_ears_d_test_20260818/noisy/p104_00503.wav,16000,16000,1,1,159585,159585
379,p104_00504.wav,p104_00504,data/setta_ears_d_test_20260818/clean/p104_00504.wav,data/setta_ears_d_test_20260818/noisy/p104_00504.wav,16000,16000,1,1,280524,280524
380,p104_00507.wav,p104_00507,data/setta_ears_d_test_20260818/clean/p104_00507.wav,data/setta_ears_d_test_20260818/noisy/p104_00507.wav,16000,16000,1,1,237243,237243
381,p104_00508.wav,p104_00508,data/setta_ears_d_test_20260818/clean/p104_00508.wav,data/setta_ears_d_test_20260818/noisy/p104_00508.wav,16000,16000,1,1,219862,219862
382,p104_00509.wav,p104_00509,data/setta_ears_d_test_20260818/clean/p104_00509.wav,data/setta_ears_d_test_20260818/noisy/p104_00509.wav,16000,16000,1,1,248522,248522
383,p104_00510.wav,p104_00510,data/setta_ears_d_test_20260818/clean/p104_00510.wav,data/setta_ears_d_test_20260818/noisy/p104_00510.wav,16000,16000,1,1,241450,241450
384,p104_00518.wav,p104_00518,data/setta_ears_d_test_20260818/clean/p104_00518.wav,data/setta_ears_d_test_20260818/noisy/p104_00518.wav,16000,16000,1,1,176117,176117
385,p104_00520.wav,p104_00520,data/setta_ears_d_test_20260818/clean/p104_00520.wav,data/setta_ears_d_test_20260818/noisy/p104_00520.wav,16000,16000,1,1,264645,264645
386,p104_00529.wav,p104_00529,data/setta_ears_d_test_20260818/clean/p104_00529.wav,data/setta_ears_d_test_20260818/noisy/p104_00529.wav,16000,16000,1,1,259086,259086
387,p104_00531.wav,p104_00531,data/setta_ears_d_test_20260818/clean/p104_00531.wav,data/setta_ears_d_test_20260818/noisy/p104_00531.wav,16000,16000,1,1,144419,144419
388,p104_00535.wav,p104_00535,data/setta_ears_d_test_20260818/clean/p104_00535.wav,data/setta_ears_d_test_20260818/noisy/p104_00535.wav,16000,16000,1,1,323045,323045
389,p104_00541.wav,p104_00541,data/setta_ears_d_test_20260818/clean/p104_00541.wav,data/setta_ears_d_test_20260818/noisy/p104_00541.wav,16000,16000,1,1,208237,208237
390,p104_00544.wav,p104_00544,data/setta_ears_d_test_20260818/clean/p104_00544.wav,data/setta_ears_d_test_20260818/noisy/p104_00544.wav,16000,16000,1,1,193294,193294
391,p104_00555.wav,p104_00555,data/setta_ears_d_test_20260818/clean/p104_00555.wav,data/setta_ears_d_test_20260818/noisy/p104_00555.wav,16000,16000,1,1,207115,207115
392,p104_00588.wav,p104_00588,data/setta_ears_d_test_20260818/clean/p104_00588.wav,data/setta_ears_d_test_20260818/noisy/p104_00588.wav,16000,16000,1,1,222413,222413
393,p104_00594.wav,p104_00594,data/setta_ears_d_test_20260818/clean/p104_00594.wav,data/setta_ears_d_test_20260818/noisy/p104_00594.wav,16000,16000,1,1,240517,240517
394,p104_00598.wav,p104_00598,data/setta_ears_d_test_20260818/clean/p104_00598.wav,data/setta_ears_d_test_20260818/noisy/p104_00598.wav,16000,16000,1,1,285108,285108
395,p104_00624.wav,p104_00624,data/setta_ears_d_test_20260818/clean/p104_00624.wav,data/setta_ears_d_test_20260818/noisy/p104_00624.wav,16000,16000,1,1,228855,228855
396,p104_00634.wav,p104_00634,data/setta_ears_d_test_20260818/clean/p104_00634.wav,data/setta_ears_d_test_20260818/noisy/p104_00634.wav,16000,16000,1,1,162202,162202
397,p104_00640.wav,p104_00640,data/setta_ears_d_test_20260818/clean/p104_00640.wav,data/setta_ears_d_test_20260818/noisy/p104_00640.wav,16000,16000,1,1,205521,205521
398,p104_00641.wav,p104_00641,data/setta_ears_d_test_20260818/clean/p104_00641.wav,data/setta_ears_d_test_20260818/noisy/p104_00641.wav,16000,16000,1,1,330823,330823
399,p104_00652.wav,p104_00652,data/setta_ears_d_test_20260818/clean/p104_00652.wav,data/setta_ears_d_test_20260818/noisy/p104_00652.wav,16000,16000,1,1,283259,283259
400,p104_00662.wav,p104_00662,data/setta_ears_d_test_20260818/clean/p104_00662.wav,data/setta_ears_d_test_20260818/noisy/p104_00662.wav,16000,16000,1,1,146875,146875
401,p104_00669.wav,p104_00669,data/setta_ears_d_test_20260818/clean/p104_00669.wav,data/setta_ears_d_test_20260818/noisy/p104_00669.wav,16000,16000,1,1,225199,225199
402,p104_00670.wav,p104_00670,data/setta_ears_d_test_20260818/clean/p104_00670.wav,data/setta_ears_d_test_20260818/noisy/p104_00670.wav,16000,16000,1,1,185769,185769
403,p104_00671.wav,p104_00671,data/setta_ears_d_test_20260818/clean/p104_00671.wav,data/setta_ears_d_test_20260818/noisy/p104_00671.wav,16000,16000,1,1,307617,307617
404,p104_00677.wav,p104_00677,data/setta_ears_d_test_20260818/clean/p104_00677.wav,data/setta_ears_d_test_20260818/noisy/p104_00677.wav,16000,16000,1,1,302132,302132
405,p104_00680.wav,p104_00680,data/setta_ears_d_test_20260818/clean/p104_00680.wav,data/setta_ears_d_test_20260818/noisy/p104_00680.wav,16000,16000,1,1,262722,262722
406,p104_00690.wav,p104_00690,data/setta_ears_d_test_20260818/clean/p104_00690.wav,data/setta_ears_d_test_20260818/noisy/p104_00690.wav,16000,16000,1,1,320521,320521
407,p104_00701.wav,p104_00701,data/setta_ears_d_test_20260818/clean/p104_00701.wav,data/setta_ears_d_test_20260818/noisy/p104_00701.wav,16000,16000,1,1,343031,343031
408,p104_00703.wav,p104_00703,data/setta_ears_d_test_20260818/clean/p104_00703.wav,data/setta_ears_d_test_20260818/noisy/p104_00703.wav,16000,16000,1,1,262218,262218
409,p104_00705.wav,p104_00705,data/setta_ears_d_test_20260818/clean/p104_00705.wav,data/setta_ears_d_test_20260818/noisy/p104_00705.wav,16000,16000,1,1,298080,298080
410,p104_00707.wav,p104_00707,data/setta_ears_d_test_20260818/clean/p104_00707.wav,data/setta_ears_d_test_20260818/noisy/p104_00707.wav,16000,16000,1,1,343318,343318
411,p104_00711.wav,p104_00711,data/setta_ears_d_test_20260818/clean/p104_00711.wav,data/setta_ears_d_test_20260818/noisy/p104_00711.wav,16000,16000,1,1,173030,173030
412,p104_00712.wav,p104_00712,data/setta_ears_d_test_20260818/clean/p104_00712.wav,data/setta_ears_d_test_20260818/noisy/p104_00712.wav,16000,16000,1,1,342458,342458
413,p104_00713.wav,p104_00713,data/setta_ears_d_test_20260818/clean/p104_00713.wav,data/setta_ears_d_test_20260818/noisy/p104_00713.wav,16000,16000,1,1,234303,234303
414,p104_00718.wav,p104_00718,data/setta_ears_d_test_20260818/clean/p104_00718.wav,data/setta_ears_d_test_20260818/noisy/p104_00718.wav,16000,16000,1,1,228953,228953
415,p104_00749.wav,p104_00749,data/setta_ears_d_test_20260818/clean/p104_00749.wav,data/setta_ears_d_test_20260818/noisy/p104_00749.wav,16000,16000,1,1,306476,306476
416,p104_00750.wav,p104_00750,data/setta_ears_d_test_20260818/clean/p104_00750.wav,data/setta_ears_d_test_20260818/noisy/p104_00750.wav,16000,16000,1,1,159982,159982
417,p104_00761.wav,p104_00761,data/setta_ears_d_test_20260818/clean/p104_00761.wav,data/setta_ears_d_test_20260818/noisy/p104_00761.wav,16000,16000,1,1,236340,236340
418,p104_00771.wav,p104_00771,data/setta_ears_d_test_20260818/clean/p104_00771.wav,data/setta_ears_d_test_20260818/noisy/p104_00771.wav,16000,16000,1,1,387896,387896
419,p104_00772.wav,p104_00772,data/setta_ears_d_test_20260818/clean/p104_00772.wav,data/setta_ears_d_test_20260818/noisy/p104_00772.wav,16000,16000,1,1,177027,177027
420,p104_00775.wav,p104_00775,data/setta_ears_d_test_20260818/clean/p104_00775.wav,data/setta_ears_d_test_20260818/noisy/p104_00775.wav,16000,16000,1,1,271437,271437
421,p104_00790.wav,p104_00790,data/setta_ears_d_test_20260818/clean/p104_00790.wav,data/setta_ears_d_test_20260818/noisy/p104_00790.wav,16000,16000,1,1,412179,412179
422,p104_00794.wav,p104_00794,data/setta_ears_d_test_20260818/clean/p104_00794.wav,data/setta_ears_d_test_20260818/noisy/p104_00794.wav,16000,16000,1,1,320703,320703
423,p104_00797.wav,p104_00797,data/setta_ears_d_test_20260818/clean/p104_00797.wav,data/setta_ears_d_test_20260818/noisy/p104_00797.wav,16000,16000,1,1,204693,204693
424,p104_00809.wav,p104_00809,data/setta_ears_d_test_20260818/clean/p104_00809.wav,data/setta_ears_d_test_20260818/noisy/p104_00809.wav,16000,16000,1,1,269875,269875
425,p104_00814.wav,p104_00814,data/setta_ears_d_test_20260818/clean/p104_00814.wav,data/setta_ears_d_test_20260818/noisy/p104_00814.wav,16000,16000,1,1,251120,251120
426,p104_00823.wav,p104_00823,data/setta_ears_d_test_20260818/clean/p104_00823.wav,data/setta_ears_d_test_20260818/noisy/p104_00823.wav,16000,16000,1,1,234673,234673
427,p104_00825.wav,p104_00825,data/setta_ears_d_test_20260818/clean/p104_00825.wav,data/setta_ears_d_test_20260818/noisy/p104_00825.wav,16000,16000,1,1,208203,208203
428,p104_00827.wav,p104_00827,data/setta_ears_d_test_20260818/clean/p104_00827.wav,data/setta_ears_d_test_20260818/noisy/p104_00827.wav,16000,16000,1,1,293521,293521
429,p104_00830.wav,p104_00830,data/setta_ears_d_test_20260818/clean/p104_00830.wav,data/setta_ears_d_test_20260818/noisy/p104_00830.wav,16000,16000,1,1,245798,245798
430,p104_00832.wav,p104_00832,data/setta_ears_d_test_20260818/clean/p104_00832.wav,data/setta_ears_d_test_20260818/noisy/p104_00832.wav,16000,16000,1,1,277853,277853
431,p104_00856.wav,p104_00856,data/setta_ears_d_test_20260818/clean/p104_00856.wav,data/setta_ears_d_test_20260818/noisy/p104_00856.wav,16000,16000,1,1,176534,176534
432,p104_00860.wav,p104_00860,data/setta_ears_d_test_20260818/clean/p104_00860.wav,data/setta_ears_d_test_20260818/noisy/p104_00860.wav,16000,16000,1,1,293998,293998
433,p104_00862.wav,p104_00862,data/setta_ears_d_test_20260818/clean/p104_00862.wav,data/setta_ears_d_test_20260818/noisy/p104_00862.wav,16000,16000,1,1,314715,314715
434,p104_00864.wav,p104_00864,data/setta_ears_d_test_20260818/clean/p104_00864.wav,data/setta_ears_d_test_20260818/noisy/p104_00864.wav,16000,16000,1,1,330100,330100
435,p104_00866.wav,p104_00866,data/setta_ears_d_test_20260818/clean/p104_00866.wav,data/setta_ears_d_test_20260818/noisy/p104_00866.wav,16000,16000,1,1,198972,198972
436,p104_00871.wav,p104_00871,data/setta_ears_d_test_20260818/clean/p104_00871.wav,data/setta_ears_d_test_20260818/noisy/p104_00871.wav,16000,16000,1,1,372147,372147
437,p104_00874.wav,p104_00874,data/setta_ears_d_test_20260818/clean/p104_00874.wav,data/setta_ears_d_test_20260818/noisy/p104_00874.wav,16000,16000,1,1,291450,291450
438,p105_00008.wav,p105_00008,data/setta_ears_d_test_20260818/clean/p105_00008.wav,data/setta_ears_d_test_20260818/noisy/p105_00008.wav,16000,16000,1,1,308320,308320
439,p105_00018.wav,p105_00018,data/setta_ears_d_test_20260818/clean/p105_00018.wav,data/setta_ears_d_test_20260818/noisy/p105_00018.wav,16000,16000,1,1,260533,260533
440,p105_00021.wav,p105_00021,data/setta_ears_d_test_20260818/clean/p105_00021.wav,data/setta_ears_d_test_20260818/noisy/p105_00021.wav,16000,16000,1,1,418629,418629
441,p105_00023.wav,p105_00023,data/setta_ears_d_test_20260818/clean/p105_00023.wav,data/setta_ears_d_test_20260818/noisy/p105_00023.wav,16000,16000,1,1,457148,457148
442,p105_00025.wav,p105_00025,data/setta_ears_d_test_20260818/clean/p105_00025.wav,data/setta_ears_d_test_20260818/noisy/p105_00025.wav,16000,16000,1,1,350683,350683
443,p105_00034.wav,p105_00034,data/setta_ears_d_test_20260818/clean/p105_00034.wav,data/setta_ears_d_test_20260818/noisy/p105_00034.wav,16000,16000,1,1,350607,350607
444,p105_00035.wav,p105_00035,data/setta_ears_d_test_20260818/clean/p105_00035.wav,data/setta_ears_d_test_20260818/noisy/p105_00035.wav,16000,16000,1,1,319240,319240
445,p105_00038.wav,p105_00038,data/setta_ears_d_test_20260818/clean/p105_00038.wav,data/setta_ears_d_test_20260818/noisy/p105_00038.wav,16000,16000,1,1,154099,154099
446,p105_00042.wav,p105_00042,data/setta_ears_d_test_20260818/clean/p105_00042.wav,data/setta_ears_d_test_20260818/noisy/p105_00042.wav,16000,16000,1,1,176321,176321
447,p105_00046.wav,p105_00046,data/setta_ears_d_test_20260818/clean/p105_00046.wav,data/setta_ears_d_test_20260818/noisy/p105_00046.wav,16000,16000,1,1,329728,329728
448,p105_00048.wav,p105_00048,data/setta_ears_d_test_20260818/clean/p105_00048.wav,data/setta_ears_d_test_20260818/noisy/p105_00048.wav,16000,16000,1,1,267134,267134
449,p105_00052.wav,p105_00052,data/setta_ears_d_test_20260818/clean/p105_00052.wav,data/setta_ears_d_test_20260818/noisy/p105_00052.wav,16000,16000,1,1,356526,356526
450,p105_00053.wav,p105_00053,data/setta_ears_d_test_20260818/clean/p105_00053.wav,data/setta_ears_d_test_20260818/noisy/p105_00053.wav,16000,16000,1,1,221890,221890
451,p105_00055.wav,p105_00055,data/setta_ears_d_test_20260818/clean/p105_00055.wav,data/setta_ears_d_test_20260818/noisy/p105_00055.wav,16000,16000,1,1,181779,181779
452,p105_00057.wav,p105_00057,data/setta_ears_d_test_20260818/clean/p105_00057.wav,data/setta_ears_d_test_20260818/noisy/p105_00057.wav,16000,16000,1,1,271918,271918
453,p105_00066.wav,p105_00066,data/setta_ears_d_test_20260818/clean/p105_00066.wav,data/setta_ears_d_test_20260818/noisy/p105_00066.wav,16000,16000,1,1,172493,172493
454,p105_00067.wav,p105_00067,data/setta_ears_d_test_20260818/clean/p105_00067.wav,data/setta_ears_d_test_20260818/noisy/p105_00067.wav,16000,16000,1,1,170858,170858
455,p105_00079.wav,p105_00079,data/setta_ears_d_test_20260818/clean/p105_00079.wav,data/setta_ears_d_test_20260818/noisy/p105_00079.wav,16000,16000,1,1,327564,327564
456,p105_00080.wav,p105_00080,data/setta_ears_d_test_20260818/clean/p105_00080.wav,data/setta_ears_d_test_20260818/noisy/p105_00080.wav,16000,16000,1,1,162805,162805
457,p105_00082.wav,p105_00082,data/setta_ears_d_test_20260818/clean/p105_00082.wav,data/setta_ears_d_test_20260818/noisy/p105_00082.wav,16000,16000,1,1,178958,178958
458,p105_00087.wav,p105_00087,data/setta_ears_d_test_20260818/clean/p105_00087.wav,data/setta_ears_d_test_20260818/noisy/p105_00087.wav,16000,16000,1,1,289231,289231
459,p105_00095.wav,p105_00095,data/setta_ears_d_test_20260818/clean/p105_00095.wav,data/setta_ears_d_test_20260818/noisy/p105_00095.wav,16000,16000,1,1,299415,299415
460,p105_00113.wav,p105_00113,data/setta_ears_d_test_20260818/clean/p105_00113.wav,data/setta_ears_d_test_20260818/noisy/p105_00113.wav,16000,16000,1,1,279141,279141
461,p105_00114.wav,p105_00114,data/setta_ears_d_test_20260818/clean/p105_00114.wav,data/setta_ears_d_test_20260818/noisy/p105_00114.wav,16000,16000,1,1,187013,187013
462,p105_00115.wav,p105_00115,data/setta_ears_d_test_20260818/clean/p105_00115.wav,data/setta_ears_d_test_20260818/noisy/p105_00115.wav,16000,16000,1,1,224246,224246
463,p105_00148.wav,p105_00148,data/setta_ears_d_test_20260818/clean/p105_00148.wav,data/setta_ears_d_test_20260818/noisy/p105_00148.wav,16000,16000,1,1,322974,322974
464,p105_00153.wav,p105_00153,data/setta_ears_d_test_20260818/clean/p105_00153.wav,data/setta_ears_d_test_20260818/noisy/p105_00153.wav,16000,16000,1,1,142398,142398
465,p105_00154.wav,p105_00154,data/setta_ears_d_test_20260818/clean/p105_00154.wav,data/setta_ears_d_test_20260818/noisy/p105_00154.wav,16000,16000,1,1,444952,444952
466,p105_00156.wav,p105_00156,data/setta_ears_d_test_20260818/clean/p105_00156.wav,data/setta_ears_d_test_20260818/noisy/p105_00156.wav,16000,16000,1,1,278875,278875
467,p105_00164.wav,p105_00164,data/setta_ears_d_test_20260818/clean/p105_00164.wav,data/setta_ears_d_test_20260818/noisy/p105_00164.wav,16000,16000,1,1,134464,134464
468,p105_00168.wav,p105_00168,data/setta_ears_d_test_20260818/clean/p105_00168.wav,data/setta_ears_d_test_20260818/noisy/p105_00168.wav,16000,16000,1,1,216339,216339
469,p105_00172.wav,p105_00172,data/setta_ears_d_test_20260818/clean/p105_00172.wav,data/setta_ears_d_test_20260818/noisy/p105_00172.wav,16000,16000,1,1,304427,304427
470,p105_00174.wav,p105_00174,data/setta_ears_d_test_20260818/clean/p105_00174.wav,data/setta_ears_d_test_20260818/noisy/p105_00174.wav,16000,16000,1,1,387960,387960
471,p105_00175.wav,p105_00175,data/setta_ears_d_test_20260818/clean/p105_00175.wav,data/setta_ears_d_test_20260818/noisy/p105_00175.wav,16000,16000,1,1,190815,190815
472,p105_00177.wav,p105_00177,data/setta_ears_d_test_20260818/clean/p105_00177.wav,data/setta_ears_d_test_20260818/noisy/p105_00177.wav,16000,16000,1,1,207666,207666
473,p105_00194.wav,p105_00194,data/setta_ears_d_test_20260818/clean/p105_00194.wav,data/setta_ears_d_test_20260818/noisy/p105_00194.wav,16000,16000,1,1,153126,153126
474,p105_00206.wav,p105_00206,data/setta_ears_d_test_20260818/clean/p105_00206.wav,data/setta_ears_d_test_20260818/noisy/p105_00206.wav,16000,16000,1,1,147725,147725
475,p105_00209.wav,p105_00209,data/setta_ears_d_test_20260818/clean/p105_00209.wav,data/setta_ears_d_test_20260818/noisy/p105_00209.wav,16000,16000,1,1,338485,338485
476,p105_00218.wav,p105_00218,data/setta_ears_d_test_20260818/clean/p105_00218.wav,data/setta_ears_d_test_20260818/noisy/p105_00218.wav,16000,16000,1,1,191948,191948
477,p105_00231.wav,p105_00231,data/setta_ears_d_test_20260818/clean/p105_00231.wav,data/setta_ears_d_test_20260818/noisy/p105_00231.wav,16000,16000,1,1,239536,239536
478,p105_00243.wav,p105_00243,data/setta_ears_d_test_20260818/clean/p105_00243.wav,data/setta_ears_d_test_20260818/noisy/p105_00243.wav,16000,16000,1,1,227692,227692
479,p105_00246.wav,p105_00246,data/setta_ears_d_test_20260818/clean/p105_00246.wav,data/setta_ears_d_test_20260818/noisy/p105_00246.wav,16000,16000,1,1,452062,452062
480,p105_00248.wav,p105_00248,data/setta_ears_d_test_20260818/clean/p105_00248.wav,data/setta_ears_d_test_20260818/noisy/p105_00248.wav,16000,16000,1,1,361730,361730
481,p105_00255.wav,p105_00255,data/setta_ears_d_test_20260818/clean/p105_00255.wav,data/setta_ears_d_test_20260818/noisy/p105_00255.wav,16000,16000,1,1,363916,363916
482,p105_00260.wav,p105_00260,data/setta_ears_d_test_20260818/clean/p105_00260.wav,data/setta_ears_d_test_20260818/noisy/p105_00260.wav,16000,16000,1,1,178351,178351
483,p105_00265.wav,p105_00265,data/setta_ears_d_test_20260818/clean/p105_00265.wav,data/setta_ears_d_test_20260818/noisy/p105_00265.wav,16000,16000,1,1,218558,218558
484,p105_00267.wav,p105_00267,data/setta_ears_d_test_20260818/clean/p105_00267.wav,data/setta_ears_d_test_20260818/noisy/p105_00267.wav,16000,16000,1,1,326519,326519
485,p105_00271.wav,p105_00271,data/setta_ears_d_test_20260818/clean/p105_00271.wav,data/setta_ears_d_test_20260818/noisy/p105_00271.wav,16000,16000,1,1,236380,236380
486,p105_00275.wav,p105_00275,data/setta_ears_d_test_20260818/clean/p105_00275.wav,data/setta_ears_d_test_20260818/noisy/p105_00275.wav,16000,16000,1,1,398728,398728
487,p105_00294.wav,p105_00294,data/setta_ears_d_test_20260818/clean/p105_00294.wav,data/setta_ears_d_test_20260818/noisy/p105_00294.wav,16000,16000,1,1,337097,337097
488,p105_00295.wav,p105_00295,data/setta_ears_d_test_20260818/clean/p105_00295.wav,data/setta_ears_d_test_20260818/noisy/p105_00295.wav,16000,16000,1,1,411706,411706
489,p105_00298.wav,p105_00298,data/setta_ears_d_test_20260818/clean/p105_00298.wav,data/setta_ears_d_test_20260818/noisy/p105_00298.wav,16000,16000,1,1,249763,249763
490,p105_00300.wav,p105_00300,data/setta_ears_d_test_20260818/clean/p105_00300.wav,data/setta_ears_d_test_20260818/noisy/p105_00300.wav,16000,16000,1,1,243380,243380
491,p105_00301.wav,p105_00301,data/setta_ears_d_test_20260818/clean/p105_00301.wav,data/setta_ears_d_test_20260818/noisy/p105_00301.wav,16000,16000,1,1,395945,395945
492,p105_00304.wav,p105_00304,data/setta_ears_d_test_20260818/clean/p105_00304.wav,data/setta_ears_d_test_20260818/noisy/p105_00304.wav,16000,16000,1,1,126999,126999
493,p105_00305.wav,p105_00305,data/setta_ears_d_test_20260818/clean/p105_00305.wav,data/setta_ears_d_test_20260818/noisy/p105_00305.wav,16000,16000,1,1,342515,342515
494,p105_00311.wav,p105_00311,data/setta_ears_d_test_20260818/clean/p105_00311.wav,data/setta_ears_d_test_20260818/noisy/p105_00311.wav,16000,16000,1,1,385320,385320
495,p105_00314.wav,p105_00314,data/setta_ears_d_test_20260818/clean/p105_00314.wav,data/setta_ears_d_test_20260818/noisy/p105_00314.wav,16000,16000,1,1,315003,315003
496,p105_00315.wav,p105_00315,data/setta_ears_d_test_20260818/clean/p105_00315.wav,data/setta_ears_d_test_20260818/noisy/p105_00315.wav,16000,16000,1,1,259049,259049
497,p105_00320.wav,p105_00320,data/setta_ears_d_test_20260818/clean/p105_00320.wav,data/setta_ears_d_test_20260818/noisy/p105_00320.wav,16000,16000,1,1,208624,208624
498,p105_00322.wav,p105_00322,data/setta_ears_d_test_20260818/clean/p105_00322.wav,data/setta_ears_d_test_20260818/noisy/p105_00322.wav,16000,16000,1,1,149931,149931
499,p105_00325.wav,p105_00325,data/setta_ears_d_test_20260818/clean/p105_00325.wav,data/setta_ears_d_test_20260818/noisy/p105_00325.wav,16000,16000,1,1,423489,423489
500,p105_00326.wav,p105_00326,data/setta_ears_d_test_20260818/clean/p105_00326.wav,data/setta_ears_d_test_20260818/noisy/p105_00326.wav,16000,16000,1,1,259458,259458
501,p105_00329.wav,p105_00329,data/setta_ears_d_test_20260818/clean/p105_00329.wav,data/setta_ears_d_test_20260818/noisy/p105_00329.wav,16000,16000,1,1,208668,208668
502,p105_00336.wav,p105_00336,data/setta_ears_d_test_20260818/clean/p105_00336.wav,data/setta_ears_d_test_20260818/noisy/p105_00336.wav,16000,16000,1,1,212364,212364
503,p105_00345.wav,p105_00345,data/setta_ears_d_test_20260818/clean/p105_00345.wav,data/setta_ears_d_test_20260818/noisy/p105_00345.wav,16000,16000,1,1,303972,303972
504,p105_00353.wav,p105_00353,data/setta_ears_d_test_20260818/clean/p105_00353.wav,data/setta_ears_d_test_20260818/noisy/p105_00353.wav,16000,16000,1,1,226607,226607
505,p105_00354.wav,p105_00354,data/setta_ears_d_test_20260818/clean/p105_00354.wav,data/setta_ears_d_test_20260818/noisy/p105_00354.wav,16000,16000,1,1,302134,302134
506,p105_00368.wav,p105_00368,data/setta_ears_d_test_20260818/clean/p105_00368.wav,data/setta_ears_d_test_20260818/noisy/p105_00368.wav,16000,16000,1,1,269485,269485
507,p105_00377.wav,p105_00377,data/setta_ears_d_test_20260818/clean/p105_00377.wav,data/setta_ears_d_test_20260818/noisy/p105_00377.wav,16000,16000,1,1,278834,278834
508,p105_00383.wav,p105_00383,data/setta_ears_d_test_20260818/clean/p105_00383.wav,data/setta_ears_d_test_20260818/noisy/p105_00383.wav,16000,16000,1,1,190213,190213
509,p105_00385.wav,p105_00385,data/setta_ears_d_test_20260818/clean/p105_00385.wav,data/setta_ears_d_test_20260818/noisy/p105_00385.wav,16000,16000,1,1,261724,261724
510,p105_00389.wav,p105_00389,data/setta_ears_d_test_20260818/clean/p105_00389.wav,data/setta_ears_d_test_20260818/noisy/p105_00389.wav,16000,16000,1,1,343580,343580
511,p105_00393.wav,p105_00393,data/setta_ears_d_test_20260818/clean/p105_00393.wav,data/setta_ears_d_test_20260818/noisy/p105_00393.wav,16000,16000,1,1,419338,419338
512,p105_00396.wav,p105_00396,data/setta_ears_d_test_20260818/clean/p105_00396.wav,data/setta_ears_d_test_20260818/noisy/p105_00396.wav,16000,16000,1,1,351477,351477
513,p105_00413.wav,p105_00413,data/setta_ears_d_test_20260818/clean/p105_00413.wav,data/setta_ears_d_test_20260818/noisy/p105_00413.wav,16000,16000,1,1,237940,237940
514,p105_00420.wav,p105_00420,data/setta_ears_d_test_20260818/clean/p105_00420.wav,data/setta_ears_d_test_20260818/noisy/p105_00420.wav,16000,16000,1,1,239776,239776
515,p105_00427.wav,p105_00427,data/setta_ears_d_test_20260818/clean/p105_00427.wav,data/setta_ears_d_test_20260818/noisy/p105_00427.wav,16000,16000,1,1,260221,260221
516,p105_00451.wav,p105_00451,data/setta_ears_d_test_20260818/clean/p105_00451.wav,data/setta_ears_d_test_20260818/noisy/p105_00451.wav,16000,16000,1,1,368967,368967
517,p105_00460.wav,p105_00460,data/setta_ears_d_test_20260818/clean/p105_00460.wav,data/setta_ears_d_test_20260818/noisy/p105_00460.wav,16000,16000,1,1,217254,217254
518,p105_00467.wav,p105_00467,data/setta_ears_d_test_20260818/clean/p105_00467.wav,data/setta_ears_d_test_20260818/noisy/p105_00467.wav,16000,16000,1,1,163158,163158
519,p105_00488.wav,p105_00488,data/setta_ears_d_test_20260818/clean/p105_00488.wav,data/setta_ears_d_test_20260818/noisy/p105_00488.wav,16000,16000,1,1,172215,172215
520,p105_00490.wav,p105_00490,data/setta_ears_d_test_20260818/clean/p105_00490.wav,data/setta_ears_d_test_20260818/noisy/p105_00490.wav,16000,16000,1,1,329139,329139
521,p105_00514.wav,p105_00514,data/setta_ears_d_test_20260818/clean/p105_00514.wav,data/setta_ears_d_test_20260818/noisy/p105_00514.wav,16000,16000,1,1,281217,281217
522,p105_00523.wav,p105_00523,data/setta_ears_d_test_20260818/clean/p105_00523.wav,data/setta_ears_d_test_20260818/noisy/p105_00523.wav,16000,16000,1,1,277750,277750
523,p105_00527.wav,p105_00527,data/setta_ears_d_test_20260818/clean/p105_00527.wav,data/setta_ears_d_test_20260818/noisy/p105_00527.wav,16000,16000,1,1,185262,185262
524,p105_00530.wav,p105_00530,data/setta_ears_d_test_20260818/clean/p105_00530.wav,data/setta_ears_d_test_20260818/noisy/p105_00530.wav,16000,16000,1,1,177550,177550
525,p105_00536.wav,p105_00536,data/setta_ears_d_test_20260818/clean/p105_00536.wav,data/setta_ears_d_test_20260818/noisy/p105_00536.wav,16000,16000,1,1,258886,258886
526,p105_00547.wav,p105_00547,data/setta_ears_d_test_20260818/clean/p105_00547.wav,data/setta_ears_d_test_20260818/noisy/p105_00547.wav,16000,16000,1,1,187650,187650
527,p105_00549.wav,p105_00549,data/setta_ears_d_test_20260818/clean/p105_00549.wav,data/setta_ears_d_test_20260818/noisy/p105_00549.wav,16000,16000,1,1,183953,183953
528,p105_00553.wav,p105_00553,data/setta_ears_d_test_20260818/clean/p105_00553.wav,data/setta_ears_d_test_20260818/noisy/p105_00553.wav,16000,16000,1,1,226203,226203
529,p105_00574.wav,p105_00574,data/setta_ears_d_test_20260818/clean/p105_00574.wav,data/setta_ears_d_test_20260818/noisy/p105_00574.wav,16000,16000,1,1,437446,437446
530,p105_00582.wav,p105_00582,data/setta_ears_d_test_20260818/clean/p105_00582.wav,data/setta_ears_d_test_20260818/noisy/p105_00582.wav,16000,16000,1,1,437856,437856
531,p105_00585.wav,p105_00585,data/setta_ears_d_test_20260818/clean/p105_00585.wav,data/setta_ears_d_test_20260818/noisy/p105_00585.wav,16000,16000,1,1,375089,375089
532,p105_00587.wav,p105_00587,data/setta_ears_d_test_20260818/clean/p105_00587.wav,data/setta_ears_d_test_20260818/noisy/p105_00587.wav,16000,16000,1,1,304924,304924
533,p105_00593.wav,p105_00593,data/setta_ears_d_test_20260818/clean/p105_00593.wav,data/setta_ears_d_test_20260818/noisy/p105_00593.wav,16000,16000,1,1,199104,199104
534,p105_00599.wav,p105_00599,data/setta_ears_d_test_20260818/clean/p105_00599.wav,data/setta_ears_d_test_20260818/noisy/p105_00599.wav,16000,16000,1,1,242243,242243
535,p105_00606.wav,p105_00606,data/setta_ears_d_test_20260818/clean/p105_00606.wav,data/setta_ears_d_test_20260818/noisy/p105_00606.wav,16000,16000,1,1,263246,263246
536,p105_00619.wav,p105_00619,data/setta_ears_d_test_20260818/clean/p105_00619.wav,data/setta_ears_d_test_20260818/noisy/p105_00619.wav,16000,16000,1,1,183211,183211
537,p105_00620.wav,p105_00620,data/setta_ears_d_test_20260818/clean/p105_00620.wav,data/setta_ears_d_test_20260818/noisy/p105_00620.wav,16000,16000,1,1,159352,159352
538,p105_00632.wav,p105_00632,data/setta_ears_d_test_20260818/clean/p105_00632.wav,data/setta_ears_d_test_20260818/noisy/p105_00632.wav,16000,16000,1,1,202101,202101
539,p105_00645.wav,p105_00645,data/setta_ears_d_test_20260818/clean/p105_00645.wav,data/setta_ears_d_test_20260818/noisy/p105_00645.wav,16000,16000,1,1,295155,295155
540,p105_00646.wav,p105_00646,data/setta_ears_d_test_20260818/clean/p105_00646.wav,data/setta_ears_d_test_20260818/noisy/p105_00646.wav,16000,16000,1,1,315283,315283
541,p105_00653.wav,p105_00653,data/setta_ears_d_test_20260818/clean/p105_00653.wav,data/setta_ears_d_test_20260818/noisy/p105_00653.wav,16000,16000,1,1,277719,277719
542,p105_00654.wav,p105_00654,data/setta_ears_d_test_20260818/clean/p105_00654.wav,data/setta_ears_d_test_20260818/noisy/p105_00654.wav,16000,16000,1,1,422967,422967
543,p105_00655.wav,p105_00655,data/setta_ears_d_test_20260818/clean/p105_00655.wav,data/setta_ears_d_test_20260818/noisy/p105_00655.wav,16000,16000,1,1,165421,165421
544,p105_00656.wav,p105_00656,data/setta_ears_d_test_20260818/clean/p105_00656.wav,data/setta_ears_d_test_20260818/noisy/p105_00656.wav,16000,16000,1,1,338911,338911
545,p105_00657.wav,p105_00657,data/setta_ears_d_test_20260818/clean/p105_00657.wav,data/setta_ears_d_test_20260818/noisy/p105_00657.wav,16000,16000,1,1,320083,320083
546,p105_00658.wav,p105_00658,data/setta_ears_d_test_20260818/clean/p105_00658.wav,data/setta_ears_d_test_20260818/noisy/p105_00658.wav,16000,16000,1,1,347653,347653
547,p105_00659.wav,p105_00659,data/setta_ears_d_test_20260818/clean/p105_00659.wav,data/setta_ears_d_test_20260818/noisy/p105_00659.wav,16000,16000,1,1,264943,264943
548,p105_00660.wav,p105_00660,data/setta_ears_d_test_20260818/clean/p105_00660.wav,data/setta_ears_d_test_20260818/noisy/p105_00660.wav,16000,16000,1,1,287838,287838
549,p105_00661.wav,p105_00661,data/setta_ears_d_test_20260818/clean/p105_00661.wav,data/setta_ears_d_test_20260818/noisy/p105_00661.wav,16000,16000,1,1,329695,329695
550,p105_00675.wav,p105_00675,data/setta_ears_d_test_20260818/clean/p105_00675.wav,data/setta_ears_d_test_20260818/noisy/p105_00675.wav,16000,16000,1,1,187341,187341
551,p105_00692.wav,p105_00692,data/setta_ears_d_test_20260818/clean/p105_00692.wav,data/setta_ears_d_test_20260818/noisy/p105_00692.wav,16000,16000,1,1,336916,336916
552,p105_00695.wav,p105_00695,data/setta_ears_d_test_20260818/clean/p105_00695.wav,data/setta_ears_d_test_20260818/noisy/p105_00695.wav,16000,16000,1,1,192921,192921
553,p105_00696.wav,p105_00696,data/setta_ears_d_test_20260818/clean/p105_00696.wav,data/setta_ears_d_test_20260818/noisy/p105_00696.wav,16000,16000,1,1,400011,400011
554,p105_00717.wav,p105_00717,data/setta_ears_d_test_20260818/clean/p105_00717.wav,data/setta_ears_d_test_20260818/noisy/p105_00717.wav,16000,16000,1,1,237225,237225
555,p105_00719.wav,p105_00719,data/setta_ears_d_test_20260818/clean/p105_00719.wav,data/setta_ears_d_test_20260818/noisy/p105_00719.wav,16000,16000,1,1,253650,253650
556,p105_00733.wav,p105_00733,data/setta_ears_d_test_20260818/clean/p105_00733.wav,data/setta_ears_d_test_20260818/noisy/p105_00733.wav,16000,16000,1,1,225499,225499
557,p105_00735.wav,p105_00735,data/setta_ears_d_test_20260818/clean/p105_00735.wav,data/setta_ears_d_test_20260818/noisy/p105_00735.wav,16000,16000,1,1,257022,257022
558,p105_00745.wav,p105_00745,data/setta_ears_d_test_20260818/clean/p105_00745.wav,data/setta_ears_d_test_20260818/noisy/p105_00745.wav,16000,16000,1,1,239946,239946
559,p105_00746.wav,p105_00746,data/setta_ears_d_test_20260818/clean/p105_00746.wav,data/setta_ears_d_test_20260818/noisy/p105_00746.wav,16000,16000,1,1,347338,347338
560,p105_00757.wav,p105_00757,data/setta_ears_d_test_20260818/clean/p105_00757.wav,data/setta_ears_d_test_20260818/noisy/p105_00757.wav,16000,16000,1,1,251050,251050
561,p105_00762.wav,p105_00762,data/setta_ears_d_test_20260818/clean/p105_00762.wav,data/setta_ears_d_test_20260818/noisy/p105_00762.wav,16000,16000,1,1,220152,220152
562,p105_00770.wav,p105_00770,data/setta_ears_d_test_20260818/clean/p105_00770.wav,data/setta_ears_d_test_20260818/noisy/p105_00770.wav,16000,16000,1,1,320155,320155
563,p105_00773.wav,p105_00773,data/setta_ears_d_test_20260818/clean/p105_00773.wav,data/setta_ears_d_test_20260818/noisy/p105_00773.wav,16000,16000,1,1,223251,223251
564,p105_00777.wav,p105_00777,data/setta_ears_d_test_20260818/clean/p105_00777.wav,data/setta_ears_d_test_20260818/noisy/p105_00777.wav,16000,16000,1,1,349591,349591
565,p105_00780.wav,p105_00780,data/setta_ears_d_test_20260818/clean/p105_00780.wav,data/setta_ears_d_test_20260818/noisy/p105_00780.wav,16000,16000,1,1,180812,180812
566,p105_00784.wav,p105_00784,data/setta_ears_d_test_20260818/clean/p105_00784.wav,data/setta_ears_d_test_20260818/noisy/p105_00784.wav,16000,16000,1,1,169776,169776
567,p105_00789.wav,p105_00789,data/setta_ears_d_test_20260818/clean/p105_00789.wav,data/setta_ears_d_test_20260818/noisy/p105_00789.wav,16000,16000,1,1,226790,226790
568,p105_00801.wav,p105_00801,data/setta_ears_d_test_20260818/clean/p105_00801.wav,data/setta_ears_d_test_20260818/noisy/p105_00801.wav,16000,16000,1,1,165119,165119
569,p105_00802.wav,p105_00802,data/setta_ears_d_test_20260818/clean/p105_00802.wav,data/setta_ears_d_test_20260818/noisy/p105_00802.wav,16000,16000,1,1,242583,242583
570,p105_00807.wav,p105_00807,data/setta_ears_d_test_20260818/clean/p105_00807.wav,data/setta_ears_d_test_20260818/noisy/p105_00807.wav,16000,16000,1,1,313160,313160
571,p105_00811.wav,p105_00811,data/setta_ears_d_test_20260818/clean/p105_00811.wav,data/setta_ears_d_test_20260818/noisy/p105_00811.wav,16000,16000,1,1,305997,305997
572,p105_00820.wav,p105_00820,data/setta_ears_d_test_20260818/clean/p105_00820.wav,data/setta_ears_d_test_20260818/noisy/p105_00820.wav,16000,16000,1,1,329700,329700
573,p105_00821.wav,p105_00821,data/setta_ears_d_test_20260818/clean/p105_00821.wav,data/setta_ears_d_test_20260818/noisy/p105_00821.wav,16000,16000,1,1,208886,208886
574,p105_00822.wav,p105_00822,data/setta_ears_d_test_20260818/clean/p105_00822.wav,data/setta_ears_d_test_20260818/noisy/p105_00822.wav,16000,16000,1,1,257806,257806
575,p105_00837.wav,p105_00837,data/setta_ears_d_test_20260818/clean/p105_00837.wav,data/setta_ears_d_test_20260818/noisy/p105_00837.wav,16000,16000,1,1,339294,339294
576,p105_00839.wav,p105_00839,data/setta_ears_d_test_20260818/clean/p105_00839.wav,data/setta_ears_d_test_20260818/noisy/p105_00839.wav,16000,16000,1,1,292952,292952
577,p105_00847.wav,p105_00847,data/setta_ears_d_test_20260818/clean/p105_00847.wav,data/setta_ears_d_test_20260818/noisy/p105_00847.wav,16000,16000,1,1,316676,316676
578,p105_00849.wav,p105_00849,data/setta_ears_d_test_20260818/clean/p105_00849.wav,data/setta_ears_d_test_20260818/noisy/p105_00849.wav,16000,16000,1,1,403623,403623
579,p105_00851.wav,p105_00851,data/setta_ears_d_test_20260818/clean/p105_00851.wav,data/setta_ears_d_test_20260818/noisy/p105_00851.wav,16000,16000,1,1,236380,236380
580,p105_00857.wav,p105_00857,data/setta_ears_d_test_20260818/clean/p105_00857.wav,data/setta_ears_d_test_20260818/noisy/p105_00857.wav,16000,16000,1,1,183324,183324
581,p105_00863.wav,p105_00863,data/setta_ears_d_test_20260818/clean/p105_00863.wav,data/setta_ears_d_test_20260818/noisy/p105_00863.wav,16000,16000,1,1,309327,309327
582,p105_00873.wav,p105_00873,data/setta_ears_d_test_20260818/clean/p105_00873.wav,data/setta_ears_d_test_20260818/noisy/p105_00873.wav,16000,16000,1,1,200788,200788
583,p105_00876.wav,p105_00876,data/setta_ears_d_test_20260818/clean/p105_00876.wav,data/setta_ears_d_test_20260818/noisy/p105_00876.wav,16000,16000,1,1,169774,169774
584,p105_00884.wav,p105_00884,data/setta_ears_d_test_20260818/clean/p105_00884.wav,data/setta_ears_d_test_20260818/noisy/p105_00884.wav,16000,16000,1,1,260858,260858
585,p106_00000.wav,p106_00000,data/setta_ears_d_test_20260818/clean/p106_00000.wav,data/setta_ears_d_test_20260818/noisy/p106_00000.wav,16000,16000,1,1,153972,153972
586,p106_00005.wav,p106_00005,data/setta_ears_d_test_20260818/clean/p106_00005.wav,data/setta_ears_d_test_20260818/noisy/p106_00005.wav,16000,16000,1,1,231541,231541
587,p106_00009.wav,p106_00009,data/setta_ears_d_test_20260818/clean/p106_00009.wav,data/setta_ears_d_test_20260818/noisy/p106_00009.wav,16000,16000,1,1,225573,225573
588,p106_00028.wav,p106_00028,data/setta_ears_d_test_20260818/clean/p106_00028.wav,data/setta_ears_d_test_20260818/noisy/p106_00028.wav,16000,16000,1,1,211341,211341
589,p106_00031.wav,p106_00031,data/setta_ears_d_test_20260818/clean/p106_00031.wav,data/setta_ears_d_test_20260818/noisy/p106_00031.wav,16000,16000,1,1,221027,221027
590,p106_00033.wav,p106_00033,data/setta_ears_d_test_20260818/clean/p106_00033.wav,data/setta_ears_d_test_20260818/noisy/p106_00033.wav,16000,16000,1,1,248339,248339
591,p106_00039.wav,p106_00039,data/setta_ears_d_test_20260818/clean/p106_00039.wav,data/setta_ears_d_test_20260818/noisy/p106_00039.wav,16000,16000,1,1,280628,280628
592,p106_00041.wav,p106_00041,data/setta_ears_d_test_20260818/clean/p106_00041.wav,data/setta_ears_d_test_20260818/noisy/p106_00041.wav,16000,16000,1,1,272818,272818
593,p106_00045.wav,p106_00045,data/setta_ears_d_test_20260818/clean/p106_00045.wav,data/setta_ears_d_test_20260818/noisy/p106_00045.wav,16000,16000,1,1,396348,396348
594,p106_00049.wav,p106_00049,data/setta_ears_d_test_20260818/clean/p106_00049.wav,data/setta_ears_d_test_20260818/noisy/p106_00049.wav,16000,16000,1,1,383854,383854
595,p106_00056.wav,p106_00056,data/setta_ears_d_test_20260818/clean/p106_00056.wav,data/setta_ears_d_test_20260818/noisy/p106_00056.wav,16000,16000,1,1,146835,146835
596,p106_00060.wav,p106_00060,data/setta_ears_d_test_20260818/clean/p106_00060.wav,data/setta_ears_d_test_20260818/noisy/p106_00060.wav,16000,16000,1,1,249359,249359
597,p106_00064.wav,p106_00064,data/setta_ears_d_test_20260818/clean/p106_00064.wav,data/setta_ears_d_test_20260818/noisy/p106_00064.wav,16000,16000,1,1,283647,283647
598,p106_00099.wav,p106_00099,data/setta_ears_d_test_20260818/clean/p106_00099.wav,data/setta_ears_d_test_20260818/noisy/p106_00099.wav,16000,16000,1,1,320959,320959
599,p106_00104.wav,p106_00104,data/setta_ears_d_test_20260818/clean/p106_00104.wav,data/setta_ears_d_test_20260818/noisy/p106_00104.wav,16000,16000,1,1,196671,196671
600,p106_00105.wav,p106_00105,data/setta_ears_d_test_20260818/clean/p106_00105.wav,data/setta_ears_d_test_20260818/noisy/p106_00105.wav,16000,16000,1,1,183459,183459
601,p106_00109.wav,p106_00109,data/setta_ears_d_test_20260818/clean/p106_00109.wav,data/setta_ears_d_test_20260818/noisy/p106_00109.wav,16000,16000,1,1,352839,352839
602,p106_00123.wav,p106_00123,data/setta_ears_d_test_20260818/clean/p106_00123.wav,data/setta_ears_d_test_20260818/noisy/p106_00123.wav,16000,16000,1,1,200815,200815
603,p106_00127.wav,p106_00127,data/setta_ears_d_test_20260818/clean/p106_00127.wav,data/setta_ears_d_test_20260818/noisy/p106_00127.wav,16000,16000,1,1,233811,233811
604,p106_00129.wav,p106_00129,data/setta_ears_d_test_20260818/clean/p106_00129.wav,data/setta_ears_d_test_20260818/noisy/p106_00129.wav,16000,16000,1,1,287364,287364
605,p106_00146.wav,p106_00146,data/setta_ears_d_test_20260818/clean/p106_00146.wav,data/setta_ears_d_test_20260818/noisy/p106_00146.wav,16000,16000,1,1,179063,179063
606,p106_00149.wav,p106_00149,data/setta_ears_d_test_20260818/clean/p106_00149.wav,data/setta_ears_d_test_20260818/noisy/p106_00149.wav,16000,16000,1,1,222586,222586
607,p106_00152.wav,p106_00152,data/setta_ears_d_test_20260818/clean/p106_00152.wav,data/setta_ears_d_test_20260818/noisy/p106_00152.wav,16000,16000,1,1,305365,305365
608,p106_00155.wav,p106_00155,data/setta_ears_d_test_20260818/clean/p106_00155.wav,data/setta_ears_d_test_20260818/noisy/p106_00155.wav,16000,16000,1,1,228738,228738
609,p106_00157.wav,p106_00157,data/setta_ears_d_test_20260818/clean/p106_00157.wav,data/setta_ears_d_test_20260818/noisy/p106_00157.wav,16000,16000,1,1,263125,263125
610,p106_00165.wav,p106_00165,data/setta_ears_d_test_20260818/clean/p106_00165.wav,data/setta_ears_d_test_20260818/noisy/p106_00165.wav,16000,16000,1,1,250044,250044
611,p106_00169.wav,p106_00169,data/setta_ears_d_test_20260818/clean/p106_00169.wav,data/setta_ears_d_test_20260818/noisy/p106_00169.wav,16000,16000,1,1,237915,237915
612,p106_00171.wav,p106_00171,data/setta_ears_d_test_20260818/clean/p106_00171.wav,data/setta_ears_d_test_20260818/noisy/p106_00171.wav,16000,16000,1,1,253938,253938
613,p106_00178.wav,p106_00178,data/setta_ears_d_test_20260818/clean/p106_00178.wav,data/setta_ears_d_test_20260818/noisy/p106_00178.wav,16000,16000,1,1,221649,221649
614,p106_00187.wav,p106_00187,data/setta_ears_d_test_20260818/clean/p106_00187.wav,data/setta_ears_d_test_20260818/noisy/p106_00187.wav,16000,16000,1,1,263602,263602
615,p106_00195.wav,p106_00195,data/setta_ears_d_test_20260818/clean/p106_00195.wav,data/setta_ears_d_test_20260818/noisy/p106_00195.wav,16000,16000,1,1,401448,401448
616,p106_00196.wav,p106_00196,data/setta_ears_d_test_20260818/clean/p106_00196.wav,data/setta_ears_d_test_20260818/noisy/p106_00196.wav,16000,16000,1,1,272518,272518
617,p106_00198.wav,p106_00198,data/setta_ears_d_test_20260818/clean/p106_00198.wav,data/setta_ears_d_test_20260818/noisy/p106_00198.wav,16000,16000,1,1,226930,226930
618,p106_00199.wav,p106_00199,data/setta_ears_d_test_20260818/clean/p106_00199.wav,data/setta_ears_d_test_20260818/noisy/p106_00199.wav,16000,16000,1,1,253645,253645
619,p106_00204.wav,p106_00204,data/setta_ears_d_test_20260818/clean/p106_00204.wav,data/setta_ears_d_test_20260818/noisy/p106_00204.wav,16000,16000,1,1,165196,165196
620,p106_00207.wav,p106_00207,data/setta_ears_d_test_20260818/clean/p106_00207.wav,data/setta_ears_d_test_20260818/noisy/p106_00207.wav,16000,16000,1,1,253583,253583
621,p106_00208.wav,p106_00208,data/setta_ears_d_test_20260818/clean/p106_00208.wav,data/setta_ears_d_test_20260818/noisy/p106_00208.wav,16000,16000,1,1,130488,130488
622,p106_00211.wav,p106_00211,data/setta_ears_d_test_20260818/clean/p106_00211.wav,data/setta_ears_d_test_20260818/noisy/p106_00211.wav,16000,16000,1,1,144925,144925
623,p106_00220.wav,p106_00220,data/setta_ears_d_test_20260818/clean/p106_00220.wav,data/setta_ears_d_test_20260818/noisy/p106_00220.wav,16000,16000,1,1,259769,259769
624,p106_00223.wav,p106_00223,data/setta_ears_d_test_20260818/clean/p106_00223.wav,data/setta_ears_d_test_20260818/noisy/p106_00223.wav,16000,16000,1,1,286252,286252
625,p106_00228.wav,p106_00228,data/setta_ears_d_test_20260818/clean/p106_00228.wav,data/setta_ears_d_test_20260818/noisy/p106_00228.wav,16000,16000,1,1,283616,283616
626,p106_00240.wav,p106_00240,data/setta_ears_d_test_20260818/clean/p106_00240.wav,data/setta_ears_d_test_20260818/noisy/p106_00240.wav,16000,16000,1,1,183848,183848
627,p106_00251.wav,p106_00251,data/setta_ears_d_test_20260818/clean/p106_00251.wav,data/setta_ears_d_test_20260818/noisy/p106_00251.wav,16000,16000,1,1,309132,309132
628,p106_00253.wav,p106_00253,data/setta_ears_d_test_20260818/clean/p106_00253.wav,data/setta_ears_d_test_20260818/noisy/p106_00253.wav,16000,16000,1,1,224395,224395
629,p106_00277.wav,p106_00277,data/setta_ears_d_test_20260818/clean/p106_00277.wav,data/setta_ears_d_test_20260818/noisy/p106_00277.wav,16000,16000,1,1,364623,364623
630,p106_00283.wav,p106_00283,data/setta_ears_d_test_20260818/clean/p106_00283.wav,data/setta_ears_d_test_20260818/noisy/p106_00283.wav,16000,16000,1,1,261800,261800
631,p106_00287.wav,p106_00287,data/setta_ears_d_test_20260818/clean/p106_00287.wav,data/setta_ears_d_test_20260818/noisy/p106_00287.wav,16000,16000,1,1,180965,180965
632,p106_00291.wav,p106_00291,data/setta_ears_d_test_20260818/clean/p106_00291.wav,data/setta_ears_d_test_20260818/noisy/p106_00291.wav,16000,16000,1,1,240065,240065
633,p106_00293.wav,p106_00293,data/setta_ears_d_test_20260818/clean/p106_00293.wav,data/setta_ears_d_test_20260818/noisy/p106_00293.wav,16000,16000,1,1,326625,326625
634,p106_00335.wav,p106_00335,data/setta_ears_d_test_20260818/clean/p106_00335.wav,data/setta_ears_d_test_20260818/noisy/p106_00335.wav,16000,16000,1,1,313517,313517
635,p106_00338.wav,p106_00338,data/setta_ears_d_test_20260818/clean/p106_00338.wav,data/setta_ears_d_test_20260818/noisy/p106_00338.wav,16000,16000,1,1,251976,251976
636,p106_00339.wav,p106_00339,data/setta_ears_d_test_20260818/clean/p106_00339.wav,data/setta_ears_d_test_20260818/noisy/p106_00339.wav,16000,16000,1,1,146900,146900
637,p106_00341.wav,p106_00341,data/setta_ears_d_test_20260818/clean/p106_00341.wav,data/setta_ears_d_test_20260818/noisy/p106_00341.wav,16000,16000,1,1,338964,338964
638,p106_00342.wav,p106_00342,data/setta_ears_d_test_20260818/clean/p106_00342.wav,data/setta_ears_d_test_20260818/noisy/p106_00342.wav,16000,16000,1,1,327680,327680
639,p106_00351.wav,p106_00351,data/setta_ears_d_test_20260818/clean/p106_00351.wav,data/setta_ears_d_test_20260818/noisy/p106_00351.wav,16000,16000,1,1,437818,437818
640,p106_00352.wav,p106_00352,data/setta_ears_d_test_20260818/clean/p106_00352.wav,data/setta_ears_d_test_20260818/noisy/p106_00352.wav,16000,16000,1,1,263741,263741
641,p106_00374.wav,p106_00374,data/setta_ears_d_test_20260818/clean/p106_00374.wav,data/setta_ears_d_test_20260818/noisy/p106_00374.wav,16000,16000,1,1,185307,185307
642,p106_00388.wav,p106_00388,data/setta_ears_d_test_20260818/clean/p106_00388.wav,data/setta_ears_d_test_20260818/noisy/p106_00388.wav,16000,16000,1,1,277643,277643
643,p106_00399.wav,p106_00399,data/setta_ears_d_test_20260818/clean/p106_00399.wav,data/setta_ears_d_test_20260818/noisy/p106_00399.wav,16000,16000,1,1,441628,441628
644,p106_00414.wav,p106_00414,data/setta_ears_d_test_20260818/clean/p106_00414.wav,data/setta_ears_d_test_20260818/noisy/p106_00414.wav,16000,16000,1,1,270962,270962
645,p106_00416.wav,p106_00416,data/setta_ears_d_test_20260818/clean/p106_00416.wav,data/setta_ears_d_test_20260818/noisy/p106_00416.wav,16000,16000,1,1,303509,303509
646,p106_00419.wav,p106_00419,data/setta_ears_d_test_20260818/clean/p106_00419.wav,data/setta_ears_d_test_20260818/noisy/p106_00419.wav,16000,16000,1,1,197801,197801
647,p106_00421.wav,p106_00421,data/setta_ears_d_test_20260818/clean/p106_00421.wav,data/setta_ears_d_test_20260818/noisy/p106_00421.wav,16000,16000,1,1,331783,331783
648,p106_00424.wav,p106_00424,data/setta_ears_d_test_20260818/clean/p106_00424.wav,data/setta_ears_d_test_20260818/noisy/p106_00424.wav,16000,16000,1,1,282356,282356
649,p106_00426.wav,p106_00426,data/setta_ears_d_test_20260818/clean/p106_00426.wav,data/setta_ears_d_test_20260818/noisy/p106_00426.wav,16000,16000,1,1,246600,246600
650,p106_00429.wav,p106_00429,data/setta_ears_d_test_20260818/clean/p106_00429.wav,data/setta_ears_d_test_20260818/noisy/p106_00429.wav,16000,16000,1,1,205690,205690
651,p106_00432.wav,p106_00432,data/setta_ears_d_test_20260818/clean/p106_00432.wav,data/setta_ears_d_test_20260818/noisy/p106_00432.wav,16000,16000,1,1,343388,343388
652,p106_00435.wav,p106_00435,data/setta_ears_d_test_20260818/clean/p106_00435.wav,data/setta_ears_d_test_20260818/noisy/p106_00435.wav,16000,16000,1,1,163191,163191
653,p106_00457.wav,p106_00457,data/setta_ears_d_test_20260818/clean/p106_00457.wav,data/setta_ears_d_test_20260818/noisy/p106_00457.wav,16000,16000,1,1,243604,243604
654,p106_00458.wav,p106_00458,data/setta_ears_d_test_20260818/clean/p106_00458.wav,data/setta_ears_d_test_20260818/noisy/p106_00458.wav,16000,16000,1,1,239033,239033
655,p106_00462.wav,p106_00462,data/setta_ears_d_test_20260818/clean/p106_00462.wav,data/setta_ears_d_test_20260818/noisy/p106_00462.wav,16000,16000,1,1,186047,186047
656,p106_00471.wav,p106_00471,data/setta_ears_d_test_20260818/clean/p106_00471.wav,data/setta_ears_d_test_20260818/noisy/p106_00471.wav,16000,16000,1,1,248832,248832
657,p106_00502.wav,p106_00502,data/setta_ears_d_test_20260818/clean/p106_00502.wav,data/setta_ears_d_test_20260818/noisy/p106_00502.wav,16000,16000,1,1,194225,194225
658,p106_00512.wav,p106_00512,data/setta_ears_d_test_20260818/clean/p106_00512.wav,data/setta_ears_d_test_20260818/noisy/p106_00512.wav,16000,16000,1,1,300127,300127
659,p106_00521.wav,p106_00521,data/setta_ears_d_test_20260818/clean/p106_00521.wav,data/setta_ears_d_test_20260818/noisy/p106_00521.wav,16000,16000,1,1,276144,276144
660,p106_00524.wav,p106_00524,data/setta_ears_d_test_20260818/clean/p106_00524.wav,data/setta_ears_d_test_20260818/noisy/p106_00524.wav,16000,16000,1,1,272747,272747
661,p106_00538.wav,p106_00538,data/setta_ears_d_test_20260818/clean/p106_00538.wav,data/setta_ears_d_test_20260818/noisy/p106_00538.wav,16000,16000,1,1,270377,270377
662,p106_00546.wav,p106_00546,data/setta_ears_d_test_20260818/clean/p106_00546.wav,data/setta_ears_d_test_20260818/noisy/p106_00546.wav,16000,16000,1,1,266535,266535
663,p106_00548.wav,p106_00548,data/setta_ears_d_test_20260818/clean/p106_00548.wav,data/setta_ears_d_test_20260818/noisy/p106_00548.wav,16000,16000,1,1,292879,292879
664,p106_00556.wav,p106_00556,data/setta_ears_d_test_20260818/clean/p106_00556.wav,data/setta_ears_d_test_20260818/noisy/p106_00556.wav,16000,16000,1,1,192796,192796
665,p106_00557.wav,p106_00557,data/setta_ears_d_test_20260818/clean/p106_00557.wav,data/setta_ears_d_test_20260818/noisy/p106_00557.wav,16000,16000,1,1,266670,266670
666,p106_00558.wav,p106_00558,data/setta_ears_d_test_20260818/clean/p106_00558.wav,data/setta_ears_d_test_20260818/noisy/p106_00558.wav,16000,16000,1,1,268697,268697
667,p106_00559.wav,p106_00559,data/setta_ears_d_test_20260818/clean/p106_00559.wav,data/setta_ears_d_test_20260818/noisy/p106_00559.wav,16000,16000,1,1,223747,223747
668,p106_00560.wav,p106_00560,data/setta_ears_d_test_20260818/clean/p106_00560.wav,data/setta_ears_d_test_20260818/noisy/p106_00560.wav,16000,16000,1,1,263431,263431
669,p106_00561.wav,p106_00561,data/setta_ears_d_test_20260818/clean/p106_00561.wav,data/setta_ears_d_test_20260818/noisy/p106_00561.wav,16000,16000,1,1,212185,212185
670,p106_00562.wav,p106_00562,data/setta_ears_d_test_20260818/clean/p106_00562.wav,data/setta_ears_d_test_20260818/noisy/p106_00562.wav,16000,16000,1,1,150229,150229
671,p106_00563.wav,p106_00563,data/setta_ears_d_test_20260818/clean/p106_00563.wav,data/setta_ears_d_test_20260818/noisy/p106_00563.wav,16000,16000,1,1,179836,179836
672,p106_00564.wav,p106_00564,data/setta_ears_d_test_20260818/clean/p106_00564.wav,data/setta_ears_d_test_20260818/noisy/p106_00564.wav,16000,16000,1,1,220411,220411
673,p106_00565.wav,p106_00565,data/setta_ears_d_test_20260818/clean/p106_00565.wav,data/setta_ears_d_test_20260818/noisy/p106_00565.wav,16000,16000,1,1,162005,162005
674,p106_00566.wav,p106_00566,data/setta_ears_d_test_20260818/clean/p106_00566.wav,data/setta_ears_d_test_20260818/noisy/p106_00566.wav,16000,16000,1,1,127549,127549
675,p106_00567.wav,p106_00567,data/setta_ears_d_test_20260818/clean/p106_00567.wav,data/setta_ears_d_test_20260818/noisy/p106_00567.wav,16000,16000,1,1,247153,247153
676,p106_00568.wav,p106_00568,data/setta_ears_d_test_20260818/clean/p106_00568.wav,data/setta_ears_d_test_20260818/noisy/p106_00568.wav,16000,16000,1,1,176538,176538
677,p106_00569.wav,p106_00569,data/setta_ears_d_test_20260818/clean/p106_00569.wav,data/setta_ears_d_test_20260818/noisy/p106_00569.wav,16000,16000,1,1,224644,224644
678,p106_00570.wav,p106_00570,data/setta_ears_d_test_20260818/clean/p106_00570.wav,data/setta_ears_d_test_20260818/noisy/p106_00570.wav,16000,16000,1,1,154356,154356
679,p106_00571.wav,p106_00571,data/setta_ears_d_test_20260818/clean/p106_00571.wav,data/setta_ears_d_test_20260818/noisy/p106_00571.wav,16000,16000,1,1,349711,349711
680,p106_00572.wav,p106_00572,data/setta_ears_d_test_20260818/clean/p106_00572.wav,data/setta_ears_d_test_20260818/noisy/p106_00572.wav,16000,16000,1,1,180587,180587
681,p106_00579.wav,p106_00579,data/setta_ears_d_test_20260818/clean/p106_00579.wav,data/setta_ears_d_test_20260818/noisy/p106_00579.wav,16000,16000,1,1,262008,262008
682,p106_00586.wav,p106_00586,data/setta_ears_d_test_20260818/clean/p106_00586.wav,data/setta_ears_d_test_20260818/noisy/p106_00586.wav,16000,16000,1,1,231384,231384
683,p106_00589.wav,p106_00589,data/setta_ears_d_test_20260818/clean/p106_00589.wav,data/setta_ears_d_test_20260818/noisy/p106_00589.wav,16000,16000,1,1,251015,251015
684,p106_00592.wav,p106_00592,data/setta_ears_d_test_20260818/clean/p106_00592.wav,data/setta_ears_d_test_20260818/noisy/p106_00592.wav,16000,16000,1,1,342418,342418
685,p106_00611.wav,p106_00611,data/setta_ears_d_test_20260818/clean/p106_00611.wav,data/setta_ears_d_test_20260818/noisy/p106_00611.wav,16000,16000,1,1,247456,247456
686,p106_00614.wav,p106_00614,data/setta_ears_d_test_20260818/clean/p106_00614.wav,data/setta_ears_d_test_20260818/noisy/p106_00614.wav,16000,16000,1,1,225611,225611
687,p106_00615.wav,p106_00615,data/setta_ears_d_test_20260818/clean/p106_00615.wav,data/setta_ears_d_test_20260818/noisy/p106_00615.wav,16000,16000,1,1,359052,359052
688,p106_00617.wav,p106_00617,data/setta_ears_d_test_20260818/clean/p106_00617.wav,data/setta_ears_d_test_20260818/noisy/p106_00617.wav,16000,16000,1,1,181044,181044
689,p106_00630.wav,p106_00630,data/setta_ears_d_test_20260818/clean/p106_00630.wav,data/setta_ears_d_test_20260818/noisy/p106_00630.wav,16000,16000,1,1,452486,452486
690,p106_00635.wav,p106_00635,data/setta_ears_d_test_20260818/clean/p106_00635.wav,data/setta_ears_d_test_20260818/noisy/p106_00635.wav,16000,16000,1,1,291423,291423
691,p106_00636.wav,p106_00636,data/setta_ears_d_test_20260818/clean/p106_00636.wav,data/setta_ears_d_test_20260818/noisy/p106_00636.wav,16000,16000,1,1,177165,177165
692,p106_00638.wav,p106_00638,data/setta_ears_d_test_20260818/clean/p106_00638.wav,data/setta_ears_d_test_20260818/noisy/p106_00638.wav,16000,16000,1,1,281358,281358
693,p106_00643.wav,p106_00643,data/setta_ears_d_test_20260818/clean/p106_00643.wav,data/setta_ears_d_test_20260818/noisy/p106_00643.wav,16000,16000,1,1,269662,269662
694,p106_00649.wav,p106_00649,data/setta_ears_d_test_20260818/clean/p106_00649.wav,data/setta_ears_d_test_20260818/noisy/p106_00649.wav,16000,16000,1,1,218376,218376
695,p106_00651.wav,p106_00651,data/setta_ears_d_test_20260818/clean/p106_00651.wav,data/setta_ears_d_test_20260818/noisy/p106_00651.wav,16000,16000,1,1,282636,282636
696,p106_00668.wav,p106_00668,data/setta_ears_d_test_20260818/clean/p106_00668.wav,data/setta_ears_d_test_20260818/noisy/p106_00668.wav,16000,16000,1,1,187836,187836
697,p106_00681.wav,p106_00681,data/setta_ears_d_test_20260818/clean/p106_00681.wav,data/setta_ears_d_test_20260818/noisy/p106_00681.wav,16000,16000,1,1,352560,352560
698,p106_00685.wav,p106_00685,data/setta_ears_d_test_20260818/clean/p106_00685.wav,data/setta_ears_d_test_20260818/noisy/p106_00685.wav,16000,16000,1,1,172478,172478
699,p106_00687.wav,p106_00687,data/setta_ears_d_test_20260818/clean/p106_00687.wav,data/setta_ears_d_test_20260818/noisy/p106_00687.wav,16000,16000,1,1,190677,190677
700,p106_00689.wav,p106_00689,data/setta_ears_d_test_20260818/clean/p106_00689.wav,data/setta_ears_d_test_20260818/noisy/p106_00689.wav,16000,16000,1,1,250889,250889
701,p106_00694.wav,p106_00694,data/setta_ears_d_test_20260818/clean/p106_00694.wav,data/setta_ears_d_test_20260818/noisy/p106_00694.wav,16000,16000,1,1,243994,243994
702,p106_00700.wav,p106_00700,data/setta_ears_d_test_20260818/clean/p106_00700.wav,data/setta_ears_d_test_20260818/noisy/p106_00700.wav,16000,16000,1,1,182548,182548
703,p106_00702.wav,p106_00702,data/setta_ears_d_test_20260818/clean/p106_00702.wav,data/setta_ears_d_test_20260818/noisy/p106_00702.wav,16000,16000,1,1,163179,163179
704,p106_00704.wav,p106_00704,data/setta_ears_d_test_20260818/clean/p106_00704.wav,data/setta_ears_d_test_20260818/noisy/p106_00704.wav,16000,16000,1,1,308331,308331
705,p106_00709.wav,p106_00709,data/setta_ears_d_test_20260818/clean/p106_00709.wav,data/setta_ears_d_test_20260818/noisy/p106_00709.wav,16000,16000,1,1,281721,281721
706,p106_00710.wav,p106_00710,data/setta_ears_d_test_20260818/clean/p106_00710.wav,data/setta_ears_d_test_20260818/noisy/p106_00710.wav,16000,16000,1,1,242932,242932
707,p106_00720.wav,p106_00720,data/setta_ears_d_test_20260818/clean/p106_00720.wav,data/setta_ears_d_test_20260818/noisy/p106_00720.wav,16000,16000,1,1,222582,222582
708,p106_00724.wav,p106_00724,data/setta_ears_d_test_20260818/clean/p106_00724.wav,data/setta_ears_d_test_20260818/noisy/p106_00724.wav,16000,16000,1,1,264393,264393
709,p106_00726.wav,p106_00726,data/setta_ears_d_test_20260818/clean/p106_00726.wav,data/setta_ears_d_test_20260818/noisy/p106_00726.wav,16000,16000,1,1,222315,222315
710,p106_00728.wav,p106_00728,data/setta_ears_d_test_20260818/clean/p106_00728.wav,data/setta_ears_d_test_20260818/noisy/p106_00728.wav,16000,16000,1,1,307843,307843
711,p106_00729.wav,p106_00729,data/setta_ears_d_test_20260818/clean/p106_00729.wav,data/setta_ears_d_test_20260818/noisy/p106_00729.wav,16000,16000,1,1,192051,192051
712,p106_00737.wav,p106_00737,data/setta_ears_d_test_20260818/clean/p106_00737.wav,data/setta_ears_d_test_20260818/noisy/p106_00737.wav,16000,16000,1,1,317379,317379
713,p106_00742.wav,p106_00742,data/setta_ears_d_test_20260818/clean/p106_00742.wav,data/setta_ears_d_test_20260818/noisy/p106_00742.wav,16000,16000,1,1,216653,216653
714,p106_00743.wav,p106_00743,data/setta_ears_d_test_20260818/clean/p106_00743.wav,data/setta_ears_d_test_20260818/noisy/p106_00743.wav,16000,16000,1,1,259535,259535
715,p106_00744.wav,p106_00744,data/setta_ears_d_test_20260818/clean/p106_00744.wav,data/setta_ears_d_test_20260818/noisy/p106_00744.wav,16000,16000,1,1,274072,274072
716,p106_00754.wav,p106_00754,data/setta_ears_d_test_20260818/clean/p106_00754.wav,data/setta_ears_d_test_20260818/noisy/p106_00754.wav,16000,16000,1,1,205449,205449
717,p106_00756.wav,p106_00756,data/setta_ears_d_test_20260818/clean/p106_00756.wav,data/setta_ears_d_test_20260818/noisy/p106_00756.wav,16000,16000,1,1,236590,236590
718,p106_00758.wav,p106_00758,data/setta_ears_d_test_20260818/clean/p106_00758.wav,data/setta_ears_d_test_20260818/noisy/p106_00758.wav,16000,16000,1,1,261790,261790
719,p106_00760.wav,p106_00760,data/setta_ears_d_test_20260818/clean/p106_00760.wav,data/setta_ears_d_test_20260818/noisy/p106_00760.wav,16000,16000,1,1,194345,194345
720,p106_00774.wav,p106_00774,data/setta_ears_d_test_20260818/clean/p106_00774.wav,data/setta_ears_d_test_20260818/noisy/p106_00774.wav,16000,16000,1,1,272311,272311
721,p106_00776.wav,p106_00776,data/setta_ears_d_test_20260818/clean/p106_00776.wav,data/setta_ears_d_test_20260818/noisy/p106_00776.wav,16000,16000,1,1,295499,295499
722,p106_00781.wav,p106_00781,data/setta_ears_d_test_20260818/clean/p106_00781.wav,data/setta_ears_d_test_20260818/noisy/p106_00781.wav,16000,16000,1,1,273725,273725
723,p106_00813.wav,p106_00813,data/setta_ears_d_test_20260818/clean/p106_00813.wav,data/setta_ears_d_test_20260818/noisy/p106_00813.wav,16000,16000,1,1,132353,132353
724,p106_00817.wav,p106_00817,data/setta_ears_d_test_20260818/clean/p106_00817.wav,data/setta_ears_d_test_20260818/noisy/p106_00817.wav,16000,16000,1,1,193116,193116
725,p106_00826.wav,p106_00826,data/setta_ears_d_test_20260818/clean/p106_00826.wav,data/setta_ears_d_test_20260818/noisy/p106_00826.wav,16000,16000,1,1,274050,274050
726,p106_00831.wav,p106_00831,data/setta_ears_d_test_20260818/clean/p106_00831.wav,data/setta_ears_d_test_20260818/noisy/p106_00831.wav,16000,16000,1,1,303393,303393
727,p106_00836.wav,p106_00836,data/setta_ears_d_test_20260818/clean/p106_00836.wav,data/setta_ears_d_test_20260818/noisy/p106_00836.wav,16000,16000,1,1,281153,281153
728,p106_00841.wav,p106_00841,data/setta_ears_d_test_20260818/clean/p106_00841.wav,data/setta_ears_d_test_20260818/noisy/p106_00841.wav,16000,16000,1,1,247256,247256
729,p106_00842.wav,p106_00842,data/setta_ears_d_test_20260818/clean/p106_00842.wav,data/setta_ears_d_test_20260818/noisy/p106_00842.wav,16000,16000,1,1,239849,239849
730,p106_00843.wav,p106_00843,data/setta_ears_d_test_20260818/clean/p106_00843.wav,data/setta_ears_d_test_20260818/noisy/p106_00843.wav,16000,16000,1,1,193999,193999
731,p106_00848.wav,p106_00848,data/setta_ears_d_test_20260818/clean/p106_00848.wav,data/setta_ears_d_test_20260818/noisy/p106_00848.wav,16000,16000,1,1,227594,227594
732,p106_00852.wav,p106_00852,data/setta_ears_d_test_20260818/clean/p106_00852.wav,data/setta_ears_d_test_20260818/noisy/p106_00852.wav,16000,16000,1,1,333725,333725
733,p106_00867.wav,p106_00867,data/setta_ears_d_test_20260818/clean/p106_00867.wav,data/setta_ears_d_test_20260818/noisy/p106_00867.wav,16000,16000,1,1,256883,256883
734,p106_00869.wav,p106_00869,data/setta_ears_d_test_20260818/clean/p106_00869.wav,data/setta_ears_d_test_20260818/noisy/p106_00869.wav,16000,16000,1,1,254213,254213
735,p106_00878.wav,p106_00878,data/setta_ears_d_test_20260818/clean/p106_00878.wav,data/setta_ears_d_test_20260818/noisy/p106_00878.wav,16000,16000,1,1,226169,226169
736,p107_00001.wav,p107_00001,data/setta_ears_d_test_20260818/clean/p107_00001.wav,data/setta_ears_d_test_20260818/noisy/p107_00001.wav,16000,16000,1,1,241668,241668
737,p107_00003.wav,p107_00003,data/setta_ears_d_test_20260818/clean/p107_00003.wav,data/setta_ears_d_test_20260818/noisy/p107_00003.wav,16000,16000,1,1,214283,214283
738,p107_00006.wav,p107_00006,data/setta_ears_d_test_20260818/clean/p107_00006.wav,data/setta_ears_d_test_20260818/noisy/p107_00006.wav,16000,16000,1,1,239549,239549
739,p107_00016.wav,p107_00016,data/setta_ears_d_test_20260818/clean/p107_00016.wav,data/setta_ears_d_test_20260818/noisy/p107_00016.wav,16000,16000,1,1,183807,183807
740,p107_00017.wav,p107_00017,data/setta_ears_d_test_20260818/clean/p107_00017.wav,data/setta_ears_d_test_20260818/noisy/p107_00017.wav,16000,16000,1,1,185704,185704
741,p107_00026.wav,p107_00026,data/setta_ears_d_test_20260818/clean/p107_00026.wav,data/setta_ears_d_test_20260818/noisy/p107_00026.wav,16000,16000,1,1,122974,122974
742,p107_00044.wav,p107_00044,data/setta_ears_d_test_20260818/clean/p107_00044.wav,data/setta_ears_d_test_20260818/noisy/p107_00044.wav,16000,16000,1,1,261793,261793
743,p107_00054.wav,p107_00054,data/setta_ears_d_test_20260818/clean/p107_00054.wav,data/setta_ears_d_test_20260818/noisy/p107_00054.wav,16000,16000,1,1,230960,230960
744,p107_00058.wav,p107_00058,data/setta_ears_d_test_20260818/clean/p107_00058.wav,data/setta_ears_d_test_20260818/noisy/p107_00058.wav,16000,16000,1,1,197712,197712
745,p107_00062.wav,p107_00062,data/setta_ears_d_test_20260818/clean/p107_00062.wav,data/setta_ears_d_test_20260818/noisy/p107_00062.wav,16000,16000,1,1,351141,351141
746,p107_00065.wav,p107_00065,data/setta_ears_d_test_20260818/clean/p107_00065.wav,data/setta_ears_d_test_20260818/noisy/p107_00065.wav,16000,16000,1,1,223804,223804
747,p107_00068.wav,p107_00068,data/setta_ears_d_test_20260818/clean/p107_00068.wav,data/setta_ears_d_test_20260818/noisy/p107_00068.wav,16000,16000,1,1,283128,283128
748,p107_00073.wav,p107_00073,data/setta_ears_d_test_20260818/clean/p107_00073.wav,data/setta_ears_d_test_20260818/noisy/p107_00073.wav,16000,16000,1,1,268475,268475
749,p107_00075.wav,p107_00075,data/setta_ears_d_test_20260818/clean/p107_00075.wav,data/setta_ears_d_test_20260818/noisy/p107_00075.wav,16000,16000,1,1,222911,222911
750,p107_00078.wav,p107_00078,data/setta_ears_d_test_20260818/clean/p107_00078.wav,data/setta_ears_d_test_20260818/noisy/p107_00078.wav,16000,16000,1,1,242544,242544
751,p107_00089.wav,p107_00089,data/setta_ears_d_test_20260818/clean/p107_00089.wav,data/setta_ears_d_test_20260818/noisy/p107_00089.wav,16000,16000,1,1,214972,214972
752,p107_00092.wav,p107_00092,data/setta_ears_d_test_20260818/clean/p107_00092.wav,data/setta_ears_d_test_20260818/noisy/p107_00092.wav,16000,16000,1,1,378111,378111
753,p107_00097.wav,p107_00097,data/setta_ears_d_test_20260818/clean/p107_00097.wav,data/setta_ears_d_test_20260818/noisy/p107_00097.wav,16000,16000,1,1,172677,172677
754,p107_00098.wav,p107_00098,data/setta_ears_d_test_20260818/clean/p107_00098.wav,data/setta_ears_d_test_20260818/noisy/p107_00098.wav,16000,16000,1,1,201770,201770
755,p107_00103.wav,p107_00103,data/setta_ears_d_test_20260818/clean/p107_00103.wav,data/setta_ears_d_test_20260818/noisy/p107_00103.wav,16000,16000,1,1,288352,288352
756,p107_00110.wav,p107_00110,data/setta_ears_d_test_20260818/clean/p107_00110.wav,data/setta_ears_d_test_20260818/noisy/p107_00110.wav,16000,16000,1,1,219086,219086
757,p107_00111.wav,p107_00111,data/setta_ears_d_test_20260818/clean/p107_00111.wav,data/setta_ears_d_test_20260818/noisy/p107_00111.wav,16000,16000,1,1,360094,360094
758,p107_00121.wav,p107_00121,data/setta_ears_d_test_20260818/clean/p107_00121.wav,data/setta_ears_d_test_20260818/noisy/p107_00121.wav,16000,16000,1,1,252373,252373
759,p107_00126.wav,p107_00126,data/setta_ears_d_test_20260818/clean/p107_00126.wav,data/setta_ears_d_test_20260818/noisy/p107_00126.wav,16000,16000,1,1,331398,331398
760,p107_00130.wav,p107_00130,data/setta_ears_d_test_20260818/clean/p107_00130.wav,data/setta_ears_d_test_20260818/noisy/p107_00130.wav,16000,16000,1,1,306428,306428
761,p107_00132.wav,p107_00132,data/setta_ears_d_test_20260818/clean/p107_00132.wav,data/setta_ears_d_test_20260818/noisy/p107_00132.wav,16000,16000,1,1,296280,296280
762,p107_00133.wav,p107_00133,data/setta_ears_d_test_20260818/clean/p107_00133.wav,data/setta_ears_d_test_20260818/noisy/p107_00133.wav,16000,16000,1,1,290541,290541
763,p107_00134.wav,p107_00134,data/setta_ears_d_test_20260818/clean/p107_00134.wav,data/setta_ears_d_test_20260818/noisy/p107_00134.wav,16000,16000,1,1,139763,139763
764,p107_00135.wav,p107_00135,data/setta_ears_d_test_20260818/clean/p107_00135.wav,data/setta_ears_d_test_20260818/noisy/p107_00135.wav,16000,16000,1,1,195540,195540
765,p107_00136.wav,p107_00136,data/setta_ears_d_test_20260818/clean/p107_00136.wav,data/setta_ears_d_test_20260818/noisy/p107_00136.wav,16000,16000,1,1,270284,270284
766,p107_00137.wav,p107_00137,data/setta_ears_d_test_20260818/clean/p107_00137.wav,data/setta_ears_d_test_20260818/noisy/p107_00137.wav,16000,16000,1,1,131489,131489
767,p107_00138.wav,p107_00138,data/setta_ears_d_test_20260818/clean/p107_00138.wav,data/setta_ears_d_test_20260818/noisy/p107_00138.wav,16000,16000,1,1,131005,131005
768,p107_00139.wav,p107_00139,data/setta_ears_d_test_20260818/clean/p107_00139.wav,data/setta_ears_d_test_20260818/noisy/p107_00139.wav,16000,16000,1,1,188706,188706
769,p107_00140.wav,p107_00140,data/setta_ears_d_test_20260818/clean/p107_00140.wav,data/setta_ears_d_test_20260818/noisy/p107_00140.wav,16000,16000,1,1,247683,247683
770,p107_00141.wav,p107_00141,data/setta_ears_d_test_20260818/clean/p107_00141.wav,data/setta_ears_d_test_20260818/noisy/p107_00141.wav,16000,16000,1,1,257088,257088
771,p107_00142.wav,p107_00142,data/setta_ears_d_test_20260818/clean/p107_00142.wav,data/setta_ears_d_test_20260818/noisy/p107_00142.wav,16000,16000,1,1,251121,251121
772,p107_00143.wav,p107_00143,data/setta_ears_d_test_20260818/clean/p107_00143.wav,data/setta_ears_d_test_20260818/noisy/p107_00143.wav,16000,16000,1,1,168574,168574
773,p107_00144.wav,p107_00144,data/setta_ears_d_test_20260818/clean/p107_00144.wav,data/setta_ears_d_test_20260818/noisy/p107_00144.wav,16000,16000,1,1,221978,221978
774,p107_00150.wav,p107_00150,data/setta_ears_d_test_20260818/clean/p107_00150.wav,data/setta_ears_d_test_20260818/noisy/p107_00150.wav,16000,16000,1,1,180824,180824
775,p107_00159.wav,p107_00159,data/setta_ears_d_test_20260818/clean/p107_00159.wav,data/setta_ears_d_test_20260818/noisy/p107_00159.wav,16000,16000,1,1,206747,206747
776,p107_00160.wav,p107_00160,data/setta_ears_d_test_20260818/clean/p107_00160.wav,data/setta_ears_d_test_20260818/noisy/p107_00160.wav,16000,16000,1,1,160619,160619
777,p107_00167.wav,p107_00167,data/setta_ears_d_test_20260818/clean/p107_00167.wav,data/setta_ears_d_test_20260818/noisy/p107_00167.wav,16000,16000,1,1,182722,182722
778,p107_00173.wav,p107_00173,data/setta_ears_d_test_20260818/clean/p107_00173.wav,data/setta_ears_d_test_20260818/noisy/p107_00173.wav,16000,16000,1,1,279370,279370
779,p107_00180.wav,p107_00180,data/setta_ears_d_test_20260818/clean/p107_00180.wav,data/setta_ears_d_test_20260818/noisy/p107_00180.wav,16000,16000,1,1,267288,267288
780,p107_00190.wav,p107_00190,data/setta_ears_d_test_20260818/clean/p107_00190.wav,data/setta_ears_d_test_20260818/noisy/p107_00190.wav,16000,16000,1,1,196436,196436
781,p107_00192.wav,p107_00192,data/setta_ears_d_test_20260818/clean/p107_00192.wav,data/setta_ears_d_test_20260818/noisy/p107_00192.wav,16000,16000,1,1,305774,305774
782,p107_00214.wav,p107_00214,data/setta_ears_d_test_20260818/clean/p107_00214.wav,data/setta_ears_d_test_20260818/noisy/p107_00214.wav,16000,16000,1,1,213173,213173
783,p107_00216.wav,p107_00216,data/setta_ears_d_test_20260818/clean/p107_00216.wav,data/setta_ears_d_test_20260818/noisy/p107_00216.wav,16000,16000,1,1,210967,210967
784,p107_00237.wav,p107_00237,data/setta_ears_d_test_20260818/clean/p107_00237.wav,data/setta_ears_d_test_20260818/noisy/p107_00237.wav,16000,16000,1,1,375241,375241
785,p107_00239.wav,p107_00239,data/setta_ears_d_test_20260818/clean/p107_00239.wav,data/setta_ears_d_test_20260818/noisy/p107_00239.wav,16000,16000,1,1,311770,311770
786,p107_00244.wav,p107_00244,data/setta_ears_d_test_20260818/clean/p107_00244.wav,data/setta_ears_d_test_20260818/noisy/p107_00244.wav,16000,16000,1,1,205682,205682
787,p107_00273.wav,p107_00273,data/setta_ears_d_test_20260818/clean/p107_00273.wav,data/setta_ears_d_test_20260818/noisy/p107_00273.wav,16000,16000,1,1,170267,170267
788,p107_00279.wav,p107_00279,data/setta_ears_d_test_20260818/clean/p107_00279.wav,data/setta_ears_d_test_20260818/noisy/p107_00279.wav,16000,16000,1,1,427337,427337
789,p107_00280.wav,p107_00280,data/setta_ears_d_test_20260818/clean/p107_00280.wav,data/setta_ears_d_test_20260818/noisy/p107_00280.wav,16000,16000,1,1,257314,257314
790,p107_00307.wav,p107_00307,data/setta_ears_d_test_20260818/clean/p107_00307.wav,data/setta_ears_d_test_20260818/noisy/p107_00307.wav,16000,16000,1,1,291285,291285
791,p107_00312.wav,p107_00312,data/setta_ears_d_test_20260818/clean/p107_00312.wav,data/setta_ears_d_test_20260818/noisy/p107_00312.wav,16000,16000,1,1,202370,202370
792,p107_00323.wav,p107_00323,data/setta_ears_d_test_20260818/clean/p107_00323.wav,data/setta_ears_d_test_20260818/noisy/p107_00323.wav,16000,16000,1,1,254078,254078
793,p107_00324.wav,p107_00324,data/setta_ears_d_test_20260818/clean/p107_00324.wav,data/setta_ears_d_test_20260818/noisy/p107_00324.wav,16000,16000,1,1,442516,442516
794,p107_00333.wav,p107_00333,data/setta_ears_d_test_20260818/clean/p107_00333.wav,data/setta_ears_d_test_20260818/noisy/p107_00333.wav,16000,16000,1,1,177783,177783
795,p107_00334.wav,p107_00334,data/setta_ears_d_test_20260818/clean/p107_00334.wav,data/setta_ears_d_test_20260818/noisy/p107_00334.wav,16000,16000,1,1,201945,201945
796,p107_00350.wav,p107_00350,data/setta_ears_d_test_20260818/clean/p107_00350.wav,data/setta_ears_d_test_20260818/noisy/p107_00350.wav,16000,16000,1,1,273393,273393
797,p107_00355.wav,p107_00355,data/setta_ears_d_test_20260818/clean/p107_00355.wav,data/setta_ears_d_test_20260818/noisy/p107_00355.wav,16000,16000,1,1,162512,162512
798,p107_00375.wav,p107_00375,data/setta_ears_d_test_20260818/clean/p107_00375.wav,data/setta_ears_d_test_20260818/noisy/p107_00375.wav,16000,16000,1,1,219522,219522
799,p107_00376.wav,p107_00376,data/setta_ears_d_test_20260818/clean/p107_00376.wav,data/setta_ears_d_test_20260818/noisy/p107_00376.wav,16000,16000,1,1,217643,217643
800,p107_00379.wav,p107_00379,data/setta_ears_d_test_20260818/clean/p107_00379.wav,data/setta_ears_d_test_20260818/noisy/p107_00379.wav,16000,16000,1,1,130892,130892
801,p107_00384.wav,p107_00384,data/setta_ears_d_test_20260818/clean/p107_00384.wav,data/setta_ears_d_test_20260818/noisy/p107_00384.wav,16000,16000,1,1,189782,189782
802,p107_00392.wav,p107_00392,data/setta_ears_d_test_20260818/clean/p107_00392.wav,data/setta_ears_d_test_20260818/noisy/p107_00392.wav,16000,16000,1,1,148730,148730
803,p107_00402.wav,p107_00402,data/setta_ears_d_test_20260818/clean/p107_00402.wav,data/setta_ears_d_test_20260818/noisy/p107_00402.wav,16000,16000,1,1,220225,220225
804,p107_00405.wav,p107_00405,data/setta_ears_d_test_20260818/clean/p107_00405.wav,data/setta_ears_d_test_20260818/noisy/p107_00405.wav,16000,16000,1,1,296207,296207
805,p107_00409.wav,p107_00409,data/setta_ears_d_test_20260818/clean/p107_00409.wav,data/setta_ears_d_test_20260818/noisy/p107_00409.wav,16000,16000,1,1,173920,173920
806,p107_00411.wav,p107_00411,data/setta_ears_d_test_20260818/clean/p107_00411.wav,data/setta_ears_d_test_20260818/noisy/p107_00411.wav,16000,16000,1,1,174747,174747
807,p107_00428.wav,p107_00428,data/setta_ears_d_test_20260818/clean/p107_00428.wav,data/setta_ears_d_test_20260818/noisy/p107_00428.wav,16000,16000,1,1,245443,245443
808,p107_00453.wav,p107_00453,data/setta_ears_d_test_20260818/clean/p107_00453.wav,data/setta_ears_d_test_20260818/noisy/p107_00453.wav,16000,16000,1,1,196172,196172
809,p107_00454.wav,p107_00454,data/setta_ears_d_test_20260818/clean/p107_00454.wav,data/setta_ears_d_test_20260818/noisy/p107_00454.wav,16000,16000,1,1,342360,342360
810,p107_00461.wav,p107_00461,data/setta_ears_d_test_20260818/clean/p107_00461.wav,data/setta_ears_d_test_20260818/noisy/p107_00461.wav,16000,16000,1,1,156500,156500
811,p107_00463.wav,p107_00463,data/setta_ears_d_test_20260818/clean/p107_00463.wav,data/setta_ears_d_test_20260818/noisy/p107_00463.wav,16000,16000,1,1,319416,319416
812,p107_00466.wav,p107_00466,data/setta_ears_d_test_20260818/clean/p107_00466.wav,data/setta_ears_d_test_20260818/noisy/p107_00466.wav,16000,16000,1,1,152682,152682
813,p107_00468.wav,p107_00468,data/setta_ears_d_test_20260818/clean/p107_00468.wav,data/setta_ears_d_test_20260818/noisy/p107_00468.wav,16000,16000,1,1,315326,315326
814,p107_00472.wav,p107_00472,data/setta_ears_d_test_20260818/clean/p107_00472.wav,data/setta_ears_d_test_20260818/noisy/p107_00472.wav,16000,16000,1,1,215789,215789
815,p107_00485.wav,p107_00485,data/setta_ears_d_test_20260818/clean/p107_00485.wav,data/setta_ears_d_test_20260818/noisy/p107_00485.wav,16000,16000,1,1,200173,200173
816,p107_00487.wav,p107_00487,data/setta_ears_d_test_20260818/clean/p107_00487.wav,data/setta_ears_d_test_20260818/noisy/p107_00487.wav,16000,16000,1,1,274771,274771
817,p107_00489.wav,p107_00489,data/setta_ears_d_test_20260818/clean/p107_00489.wav,data/setta_ears_d_test_20260818/noisy/p107_00489.wav,16000,16000,1,1,237079,237079
818,p107_00493.wav,p107_00493,data/setta_ears_d_test_20260818/clean/p107_00493.wav,data/setta_ears_d_test_20260818/noisy/p107_00493.wav,16000,16000,1,1,246984,246984
819,p107_00505.wav,p107_00505,data/setta_ears_d_test_20260818/clean/p107_00505.wav,data/setta_ears_d_test_20260818/noisy/p107_00505.wav,16000,16000,1,1,150815,150815
820,p107_00519.wav,p107_00519,data/setta_ears_d_test_20260818/clean/p107_00519.wav,data/setta_ears_d_test_20260818/noisy/p107_00519.wav,16000,16000,1,1,204701,204701
821,p107_00528.wav,p107_00528,data/setta_ears_d_test_20260818/clean/p107_00528.wav,data/setta_ears_d_test_20260818/noisy/p107_00528.wav,16000,16000,1,1,187439,187439
822,p107_00533.wav,p107_00533,data/setta_ears_d_test_20260818/clean/p107_00533.wav,data/setta_ears_d_test_20260818/noisy/p107_00533.wav,16000,16000,1,1,169302,169302
823,p107_00540.wav,p107_00540,data/setta_ears_d_test_20260818/clean/p107_00540.wav,data/setta_ears_d_test_20260818/noisy/p107_00540.wav,16000,16000,1,1,176861,176861
824,p107_00550.wav,p107_00550,data/setta_ears_d_test_20260818/clean/p107_00550.wav,data/setta_ears_d_test_20260818/noisy/p107_00550.wav,16000,16000,1,1,231261,231261
825,p107_00573.wav,p107_00573,data/setta_ears_d_test_20260818/clean/p107_00573.wav,data/setta_ears_d_test_20260818/noisy/p107_00573.wav,16000,16000,1,1,429942,429942
826,p107_00575.wav,p107_00575,data/setta_ears_d_test_20260818/clean/p107_00575.wav,data/setta_ears_d_test_20260818/noisy/p107_00575.wav,16000,16000,1,1,200061,200061
827,p107_00577.wav,p107_00577,data/setta_ears_d_test_20260818/clean/p107_00577.wav,data/setta_ears_d_test_20260818/noisy/p107_00577.wav,16000,16000,1,1,223085,223085
828,p107_00584.wav,p107_00584,data/setta_ears_d_test_20260818/clean/p107_00584.wav,data/setta_ears_d_test_20260818/noisy/p107_00584.wav,16000,16000,1,1,249297,249297
829,p107_00597.wav,p107_00597,data/setta_ears_d_test_20260818/clean/p107_00597.wav,data/setta_ears_d_test_20260818/noisy/p107_00597.wav,16000,16000,1,1,273372,273372
830,p107_00600.wav,p107_00600,data/setta_ears_d_test_20260818/clean/p107_00600.wav,data/setta_ears_d_test_20260818/noisy/p107_00600.wav,16000,16000,1,1,250828,250828
831,p107_00601.wav,p107_00601,data/setta_ears_d_test_20260818/clean/p107_00601.wav,data/setta_ears_d_test_20260818/noisy/p107_00601.wav,16000,16000,1,1,154083,154083
832,p107_00602.wav,p107_00602,data/setta_ears_d_test_20260818/clean/p107_00602.wav,data/setta_ears_d_test_20260818/noisy/p107_00602.wav,16000,16000,1,1,232118,232118
833,p107_00604.wav,p107_00604,data/setta_ears_d_test_20260818/clean/p107_00604.wav,data/setta_ears_d_test_20260818/noisy/p107_00604.wav,16000,16000,1,1,175315,175315
834,p107_00605.wav,p107_00605,data/setta_ears_d_test_20260818/clean/p107_00605.wav,data/setta_ears_d_test_20260818/noisy/p107_00605.wav,16000,16000,1,1,201163,201163
835,p107_00607.wav,p107_00607,data/setta_ears_d_test_20260818/clean/p107_00607.wav,data/setta_ears_d_test_20260818/noisy/p107_00607.wav,16000,16000,1,1,282321,282321
836,p107_00608.wav,p107_00608,data/setta_ears_d_test_20260818/clean/p107_00608.wav,data/setta_ears_d_test_20260818/noisy/p107_00608.wav,16000,16000,1,1,186675,186675
837,p107_00609.wav,p107_00609,data/setta_ears_d_test_20260818/clean/p107_00609.wav,data/setta_ears_d_test_20260818/noisy/p107_00609.wav,16000,16000,1,1,345436,345436
838,p107_00613.wav,p107_00613,data/setta_ears_d_test_20260818/clean/p107_00613.wav,data/setta_ears_d_test_20260818/noisy/p107_00613.wav,16000,16000,1,1,174851,174851
839,p107_00625.wav,p107_00625,data/setta_ears_d_test_20260818/clean/p107_00625.wav,data/setta_ears_d_test_20260818/noisy/p107_00625.wav,16000,16000,1,1,274823,274823
840,p107_00627.wav,p107_00627,data/setta_ears_d_test_20260818/clean/p107_00627.wav,data/setta_ears_d_test_20260818/noisy/p107_00627.wav,16000,16000,1,1,196644,196644
841,p107_00628.wav,p107_00628,data/setta_ears_d_test_20260818/clean/p107_00628.wav,data/setta_ears_d_test_20260818/noisy/p107_00628.wav,16000,16000,1,1,198218,198218
842,p107_00637.wav,p107_00637,data/setta_ears_d_test_20260818/clean/p107_00637.wav,data/setta_ears_d_test_20260818/noisy/p107_00637.wav,16000,16000,1,1,197012,197012
843,p107_00644.wav,p107_00644,data/setta_ears_d_test_20260818/clean/p107_00644.wav,data/setta_ears_d_test_20260818/noisy/p107_00644.wav,16000,16000,1,1,176512,176512
844,p107_00650.wav,p107_00650,data/setta_ears_d_test_20260818/clean/p107_00650.wav,data/setta_ears_d_test_20260818/noisy/p107_00650.wav,16000,16000,1,1,279077,279077
845,p107_00665.wav,p107_00665,data/setta_ears_d_test_20260818/clean/p107_00665.wav,data/setta_ears_d_test_20260818/noisy/p107_00665.wav,16000,16000,1,1,228529,228529
846,p107_00678.wav,p107_00678,data/setta_ears_d_test_20260818/clean/p107_00678.wav,data/setta_ears_d_test_20260818/noisy/p107_00678.wav,16000,16000,1,1,223197,223197
847,p107_00682.wav,p107_00682,data/setta_ears_d_test_20260818/clean/p107_00682.wav,data/setta_ears_d_test_20260818/noisy/p107_00682.wav,16000,16000,1,1,240530,240530
848,p107_00683.wav,p107_00683,data/setta_ears_d_test_20260818/clean/p107_00683.wav,data/setta_ears_d_test_20260818/noisy/p107_00683.wav,16000,16000,1,1,235642,235642
849,p107_00684.wav,p107_00684,data/setta_ears_d_test_20260818/clean/p107_00684.wav,data/setta_ears_d_test_20260818/noisy/p107_00684.wav,16000,16000,1,1,386207,386207
850,p107_00686.wav,p107_00686,data/setta_ears_d_test_20260818/clean/p107_00686.wav,data/setta_ears_d_test_20260818/noisy/p107_00686.wav,16000,16000,1,1,249049,249049
851,p107_00688.wav,p107_00688,data/setta_ears_d_test_20260818/clean/p107_00688.wav,data/setta_ears_d_test_20260818/noisy/p107_00688.wav,16000,16000,1,1,166110,166110
852,p107_00691.wav,p107_00691,data/setta_ears_d_test_20260818/clean/p107_00691.wav,data/setta_ears_d_test_20260818/noisy/p107_00691.wav,16000,16000,1,1,268995,268995
853,p107_00699.wav,p107_00699,data/setta_ears_d_test_20260818/clean/p107_00699.wav,data/setta_ears_d_test_20260818/noisy/p107_00699.wav,16000,16000,1,1,183558,183558
854,p107_00706.wav,p107_00706,data/setta_ears_d_test_20260818/clean/p107_00706.wav,data/setta_ears_d_test_20260818/noisy/p107_00706.wav,16000,16000,1,1,173564,173564
855,p107_00715.wav,p107_00715,data/setta_ears_d_test_20260818/clean/p107_00715.wav,data/setta_ears_d_test_20260818/noisy/p107_00715.wav,16000,16000,1,1,248002,248002
856,p107_00716.wav,p107_00716,data/setta_ears_d_test_20260818/clean/p107_00716.wav,data/setta_ears_d_test_20260818/noisy/p107_00716.wav,16000,16000,1,1,105868,105868
857,p107_00721.wav,p107_00721,data/setta_ears_d_test_20260818/clean/p107_00721.wav,data/setta_ears_d_test_20260818/noisy/p107_00721.wav,16000,16000,1,1,222324,222324
858,p107_00722.wav,p107_00722,data/setta_ears_d_test_20260818/clean/p107_00722.wav,data/setta_ears_d_test_20260818/noisy/p107_00722.wav,16000,16000,1,1,255870,255870
859,p107_00723.wav,p107_00723,data/setta_ears_d_test_20260818/clean/p107_00723.wav,data/setta_ears_d_test_20260818/noisy/p107_00723.wav,16000,16000,1,1,249535,249535
860,p107_00725.wav,p107_00725,data/setta_ears_d_test_20260818/clean/p107_00725.wav,data/setta_ears_d_test_20260818/noisy/p107_00725.wav,16000,16000,1,1,190970,190970
861,p107_00727.wav,p107_00727,data/setta_ears_d_test_20260818/clean/p107_00727.wav,data/setta_ears_d_test_20260818/noisy/p107_00727.wav,16000,16000,1,1,122914,122914
862,p107_00738.wav,p107_00738,data/setta_ears_d_test_20260818/clean/p107_00738.wav,data/setta_ears_d_test_20260818/noisy/p107_00738.wav,16000,16000,1,1,164226,164226
863,p107_00739.wav,p107_00739,data/setta_ears_d_test_20260818/clean/p107_00739.wav,data/setta_ears_d_test_20260818/noisy/p107_00739.wav,16000,16000,1,1,191473,191473
864,p107_00740.wav,p107_00740,data/setta_ears_d_test_20260818/clean/p107_00740.wav,data/setta_ears_d_test_20260818/noisy/p107_00740.wav,16000,16000,1,1,199116,199116
865,p107_00747.wav,p107_00747,data/setta_ears_d_test_20260818/clean/p107_00747.wav,data/setta_ears_d_test_20260818/noisy/p107_00747.wav,16000,16000,1,1,224588,224588
866,p107_00751.wav,p107_00751,data/setta_ears_d_test_20260818/clean/p107_00751.wav,data/setta_ears_d_test_20260818/noisy/p107_00751.wav,16000,16000,1,1,147760,147760
867,p107_00755.wav,p107_00755,data/setta_ears_d_test_20260818/clean/p107_00755.wav,data/setta_ears_d_test_20260818/noisy/p107_00755.wav,16000,16000,1,1,223279,223279
868,p107_00768.wav,p107_00768,data/setta_ears_d_test_20260818/clean/p107_00768.wav,data/setta_ears_d_test_20260818/noisy/p107_00768.wav,16000,16000,1,1,256359,256359
869,p107_00783.wav,p107_00783,data/setta_ears_d_test_20260818/clean/p107_00783.wav,data/setta_ears_d_test_20260818/noisy/p107_00783.wav,16000,16000,1,1,250112,250112
870,p107_00795.wav,p107_00795,data/setta_ears_d_test_20260818/clean/p107_00795.wav,data/setta_ears_d_test_20260818/noisy/p107_00795.wav,16000,16000,1,1,190669,190669
871,p107_00796.wav,p107_00796,data/setta_ears_d_test_20260818/clean/p107_00796.wav,data/setta_ears_d_test_20260818/noisy/p107_00796.wav,16000,16000,1,1,159793,159793
872,p107_00798.wav,p107_00798,data/setta_ears_d_test_20260818/clean/p107_00798.wav,data/setta_ears_d_test_20260818/noisy/p107_00798.wav,16000,16000,1,1,227880,227880
873,p107_00800.wav,p107_00800,data/setta_ears_d_test_20260818/clean/p107_00800.wav,data/setta_ears_d_test_20260818/noisy/p107_00800.wav,16000,16000,1,1,159446,159446
874,p107_00803.wav,p107_00803,data/setta_ears_d_test_20260818/clean/p107_00803.wav,data/setta_ears_d_test_20260818/noisy/p107_00803.wav,16000,16000,1,1,230721,230721
875,p107_00808.wav,p107_00808,data/setta_ears_d_test_20260818/clean/p107_00808.wav,data/setta_ears_d_test_20260818/noisy/p107_00808.wav,16000,16000,1,1,165329,165329
876,p107_00810.wav,p107_00810,data/setta_ears_d_test_20260818/clean/p107_00810.wav,data/setta_ears_d_test_20260818/noisy/p107_00810.wav,16000,16000,1,1,212536,212536
877,p107_00816.wav,p107_00816,data/setta_ears_d_test_20260818/clean/p107_00816.wav,data/setta_ears_d_test_20260818/noisy/p107_00816.wav,16000,16000,1,1,201920,201920
878,p107_00835.wav,p107_00835,data/setta_ears_d_test_20260818/clean/p107_00835.wav,data/setta_ears_d_test_20260818/noisy/p107_00835.wav,16000,16000,1,1,233954,233954
879,p107_00838.wav,p107_00838,data/setta_ears_d_test_20260818/clean/p107_00838.wav,data/setta_ears_d_test_20260818/noisy/p107_00838.wav,16000,16000,1,1,414872,414872
880,p107_00845.wav,p107_00845,data/setta_ears_d_test_20260818/clean/p107_00845.wav,data/setta_ears_d_test_20260818/noisy/p107_00845.wav,16000,16000,1,1,306183,306183
881,p107_00846.wav,p107_00846,data/setta_ears_d_test_20260818/clean/p107_00846.wav,data/setta_ears_d_test_20260818/noisy/p107_00846.wav,16000,16000,1,1,220964,220964
882,p107_00853.wav,p107_00853,data/setta_ears_d_test_20260818/clean/p107_00853.wav,data/setta_ears_d_test_20260818/noisy/p107_00853.wav,16000,16000,1,1,343144,343144
883,p107_00861.wav,p107_00861,data/setta_ears_d_test_20260818/clean/p107_00861.wav,data/setta_ears_d_test_20260818/noisy/p107_00861.wav,16000,16000,1,1,197531,197531
884,p107_00865.wav,p107_00865,data/setta_ears_d_test_20260818/clean/p107_00865.wav,data/setta_ears_d_test_20260818/noisy/p107_00865.wav,16000,16000,1,1,237924,237924
885,p107_00880.wav,p107_00880,data/setta_ears_d_test_20260818/clean/p107_00880.wav,data/setta_ears_d_test_20260818/noisy/p107_00880.wav,16000,16000,1,1,147199,147199
