test_order,filename,utt_id,clean_path,noisy_path,clean_sample_rate,noisy_sample_rate,clean_channels,noisy_channels,clean_frames,noisy_frames
0,5639-40744-0023.wav,5639-40744-0023,data/librispeech_test_clean_musan_music_snr4_seed20260827/clean/5639-40744-0023.wav,data/librispeech_test_clean_musan_music_snr4_seed20260827/noisy/5639-40744-0023.wav,16000,16000,1,1,222720,222720
1,4992-41806-0002.wav,4992-41806-0002,data/librispeech_test_clean_musan_music_snr4_seed20260827/clean/4992-41806-0002.wav,data/librispeech_test_clean_musan_music_snr4_seed20260827/noisy/4992-41806-0002.wav,16000,16000,1,1,283920,283920
2,237-134500-0034.wav,237-134500-0034,data/librispeech_test_clean_musan_music_snr4_seed20260827/clean/237-134500-0034.wav,data/librispeech_test_clean_musan_music_snr4_seed20260827/noisy/237-134500-0034.wav,16000,16000,1,1,49200,49200
3,7127-75947-0006.wav,7127-75947-0006,data/librispeech_test_clean_musan_music_snr4_seed20260827/clean/7127-75947-0006.wav,data/librispeech_test_clean_musan_music_snr4_seed20260827/noisy/7127-75947-0006.wav,16000,16000,1,1,52960,52960
4,6930-81414-0004.wav,6930-81414-0004,data/librispeech_test_clean_musan_music_snr4_seed20260827/clean/6930-81414-0004.wav,data/librispeech_test_clean_musan_music_snr4_seed20260827/noisy/6930-81414-0004.wav,16000,16000,1,1,152960,152960
5,61-70968-0005.wav,61-70968-0005,data/librispeech_test_clean_musan_music_snr4_seed20260827/clean/61-70968-0005.wav,data/librispeech_test_clean_musan_music_snr4_seed20260827/noisy/61-70968-0005.wav,16000,16000,1,1,81120,81120
6,4970-29093-0001.wav,4970-29093-0001,data/librispeech_test_clean_musan_music_snr4_seed20260827/clean/4970-29093-0001.wav,data/librispeech_test_clean_musan_music_snr4_seed20260827/noisy/4970-29093-0001.wav,16000,16000,1,1,190720,190720
7,4446-2271-0006.wav,4446-2271-0006,data/librispeech_test_clean_musan_music_snr4_seed20260827/clean/4446-2271-0006.wav,data/librispeech_test_clean_musan_music_snr4_seed20260827/noisy/4446-2271-0006.wav,16000,16000,1,1,46480,46480
8,6829-68769-0000.wav,6829-68769-0000,data/librispeech_test_clean_musan_music_snr4_seed20260827/clean/6829-68769-0000.wav,data/librispeech_test_clean_musan_music_snr4_seed20260827/noisy/6829-68769-0000.wav,16000,16000,1,1,187120,187120
9,6829-68771-0016.wav,6829-68771-0016,data/librispeech_test_clean_musan_music_snr4_seed20260827/clean/6829-68771-0016.wav,data/librispeech_test_clean_musan_music_snr4_seed20260827/noisy/6829-68771-0016.wav,16000,16000,1,1,111840,111840
10,2830-3980-0010.wav,2830-3980-0010,data/librispeech_test_clean_musan_music_snr4_seed20260827/clean/2830-3980-0010.wav,data/librispeech_test_clean_musan_music_snr4_seed20260827/noisy/2830-3980-0010.wav,16000,16000,1,1,104400,104400
11,1320-122617-0004.wav,1320-122617-0004,data/librispeech_test_clean_musan_music_snr4_seed20260827/clean/1320-122617-0004.wav,data/librispeech_test_clean_musan_music_snr4_seed20260827/noisy/1320-122617-0004.wav,16000,16000,1,1,196160,196160
12,1188-133604-0014.wav,1188-133604-0014,data/librispeech_test_clean_musan_music_snr4_seed20260827/clean/1188-133604-0014.wav,data/librispeech_test_clean_musan_music_snr4_seed20260827/noisy/1188-133604-0014.wav,16000,16000,1,1,70240,70240
13,1284-1181-0005.wav,1284-1181-0005,data/librispeech_test_clean_musan_music_snr4_seed20260827/clean/1284-1181-0005.wav,data/librispeech_test_clean_musan_music_snr4_seed20260827/noisy/1284-1181-0005.wav,16000,16000,1,1,61680,61680
14,260-123288-0021.wav,260-123288-0021,data/librispeech_test_clean_musan_music_snr4_seed20260827/clean/260-123288-0021.wav,data/librispeech_test_clean_musan_music_snr4_seed20260827/noisy/260-123288-0021.wav,16000,16000,1,1,43360,43360
15,61-70970-0037.wav,61-70970-0037,data/librispeech_test_clean_musan_music_snr4_seed20260827/clean/61-70970-0037.wav,data/librispeech_test_clean_musan_music_snr4_seed20260827/noisy/61-70970-0037.wav,16000,16000,1,1,95680,95680
16,5683-32866-0005.wav,5683-32866-0005,data/librispeech_test_clean_musan_music_snr4_seed20260827/clean/5683-32866-0005.wav,data/librispeech_test_clean_musan_music_snr4_seed20260827/noisy/5683-32866-0005.wav,16000,16000,1,1,73440,73440
17,3575-170457-0042.wav,3575-170457-0042,data/librispeech_test_clean_musan_music_snr4_seed20260827/clean/3575-170457-0042.wav,data/librispeech_test_clean_musan_music_snr4_seed20260827/noisy/3575-170457-0042.wav,16000,16000,1,1,195360,195360
18,7021-79730-0006.wav,7021-79730-0006,data/librispeech_test_clean_musan_music_snr4_seed20260827/clean/7021-79730-0006.wav,data/librispeech_test_clean_musan_music_snr4_seed20260827/noisy/7021-79730-0006.wav,16000,16000,1,1,181440,181440
19,8455-210777-0000.wav,8455-210777-0000,data/librispeech_test_clean_musan_music_snr4_seed20260827/clean/8455-210777-0000.wav,data/librispeech_test_clean_musan_music_snr4_seed20260827/noisy/8455-210777-0000.wav,16000,16000,1,1,139920,139920
20,5683-32879-0013.wav,5683-32879-0013,data/librispeech_test_clean_musan_music_snr4_seed20260827/clean/5683-32879-0013.wav,data/librispeech_test_clean_musan_music_snr4_seed20260827/noisy/5683-32879-0013.wav,16000,16000,1,1,183920,183920
21,5639-40744-0017.wav,5639-40744-0017,data/librispeech_test_clean_musan_music_snr4_seed20260827/clean/5639-40744-0017.wav,data/librispeech_test_clean_musan_music_snr4_seed20260827/noisy/5639-40744-0017.wav,16000,16000,1,1,94080,94080
22,6930-76324-0019.wav,6930-76324-0019,data/librispeech_test_clean_musan_music_snr4_seed20260827/clean/6930-76324-0019.wav,data/librispeech_test_clean_musan_music_snr4_seed20260827/noisy/6930-76324-0019.wav,16000,16000,1,1,41200,41200
23,237-126133-0008.wav,237-126133-0008,data/librispeech_test_clean_musan_music_snr4_seed20260827/clean/237-126133-0008.wav,data/librispeech_test_clean_musan_music_snr4_seed20260827/noisy/237-126133-0008.wav,16000,16000,1,1,61840,61840
24,2094-142345-0008.wav,2094-142345-0008,data/librispeech_test_clean_musan_music_snr4_seed20260827/clean/2094-142345-0008.wav,data/librispeech_test_clean_musan_music_snr4_seed20260827/noisy/2094-142345-0008.wav,16000,16000,1,1,506400,506400
25,1284-1180-0006.wav,1284-1180-0006,data/librispeech_test_clean_musan_music_snr4_seed20260827/clean/1284-1180-0006.wav,data/librispeech_test_clean_musan_music_snr4_seed20260827/noisy/1284-1180-0006.wav,16000,16000,1,1,109840,109840
26,1320-122612-0003.wav,1320-122612-0003,data/librispeech_test_clean_musan_music_snr4_seed20260827/clean/1320-122612-0003.wav,data/librispeech_test_clean_musan_music_snr4_seed20260827/noisy/1320-122612-0003.wav,16000,16000,1,1,157840,157840
27,6829-68771-0002.wav,6829-68771-0002,data/librispeech_test_clean_musan_music_snr4_seed20260827/clean/6829-68771-0002.wav,data/librispeech_test_clean_musan_music_snr4_seed20260827/noisy/6829-68771-0002.wav,16000,16000,1,1,143040,143040
28,121-123852-0001.wav,121-123852-0001,data/librispeech_test_clean_musan_music_snr4_seed20260827/clean/121-123852-0001.wav,data/librispeech_test_clean_musan_music_snr4_seed20260827/noisy/121-123852-0001.wav,16000,16000,1,1,29920,29920
29,2830-3980-0000.wav,2830-3980-0000,data/librispeech_test_clean_musan_music_snr4_seed20260827/clean/2830-3980-0000.wav,data/librispeech_test_clean_musan_music_snr4_seed20260827/noisy/2830-3980-0000.wav,16000,16000,1,1,59680,59680
30,5105-28240-0009.wav,5105-28240-0009,data/librispeech_test_clean_musan_music_snr4_seed20260827/clean/5105-28240-0009.wav,data/librispeech_test_clean_musan_music_snr4_seed20260827/noisy/5105-28240-0009.wav,16000,16000,1,1,186400,186400
31,1320-122617-0023.wav,1320-122617-0023,data/librispeech_test_clean_musan_music_snr4_seed20260827/clean/1320-122617-0023.wav,data/librispeech_test_clean_musan_music_snr4_seed20260827/noisy/1320-122617-0023.wav,16000,16000,1,1,125040,125040
32,672-122797-0021.wav,672-122797-0021,data/librispeech_test_clean_musan_music_snr4_seed20260827/clean/672-122797-0021.wav,data/librispeech_test_clean_musan_music_snr4_seed20260827/noisy/672-122797-0021.wav,16000,16000,1,1,66400,66400
33,6829-68769-0046.wav,6829-68769-0046,data/librispeech_test_clean_musan_music_snr4_seed20260827/clean/6829-68769-0046.wav,data/librispeech_test_clean_musan_music_snr4_seed20260827/noisy/6829-68769-0046.wav,16000,16000,1,1,41120,41120
34,237-126133-0020.wav,237-126133-0020,data/librispeech_test_clean_musan_music_snr4_seed20260827/clean/237-126133-0020.wav,data/librispeech_test_clean_musan_music_snr4_seed20260827/noisy/237-126133-0020.wav,16000,16000,1,1,35840,35840
35,8455-210777-0057.wav,8455-210777-0057,data/librispeech_test_clean_musan_music_snr4_seed20260827/clean/8455-210777-0057.wav,data/librispeech_test_clean_musan_music_snr4_seed20260827/noisy/8455-210777-0057.wav,16000,16000,1,1,172960,172960
36,1089-134686-0022.wav,1089-134686-0022,data/librispeech_test_clean_musan_music_snr4_seed20260827/clean/1089-134686-0022.wav,data/librispeech_test_clean_musan_music_snr4_seed20260827/noisy/1089-134686-0022.wav,16000,16000,1,1,178800,178800
37,8224-274381-0011.wav,8224-274381-0011,data/librispeech_test_clean_musan_music_snr4_seed20260827/clean/8224-274381-0011.wav,data/librispeech_test_clean_musan_music_snr4_seed20260827/noisy/8224-274381-0011.wav,16000,16000,1,1,103680,103680
38,1221-135767-0013.wav,1221-135767-0013,data/librispeech_test_clean_musan_music_snr4_seed20260827/clean/1221-135767-0013.wav,data/librispeech_test_clean_musan_music_snr4_seed20260827/noisy/1221-135767-0013.wav,16000,16000,1,1,191760,191760
39,7176-88083-0026.wav,7176-88083-0026,data/librispeech_test_clean_musan_music_snr4_seed20260827/clean/7176-88083-0026.wav,data/librispeech_test_clean_musan_music_snr4_seed20260827/noisy/7176-88083-0026.wav,16000,16000,1,1,88480,88480
40,4992-41797-0010.wav,4992-41797-0010,data/librispeech_test_clean_musan_music_snr4_seed20260827/clean/4992-41797-0010.wav,data/librispeech_test_clean_musan_music_snr4_seed20260827/noisy/4992-41797-0010.wav,16000,16000,1,1,109120,109120
41,672-122797-0027.wav,672-122797-0027,data/librispeech_test_clean_musan_music_snr4_seed20260827/clean/672-122797-0027.wav,data/librispeech_test_clean_musan_music_snr4_seed20260827/noisy/672-122797-0027.wav,16000,16000,1,1,76640,76640
42,61-70970-0013.wav,61-70970-0013,data/librispeech_test_clean_musan_music_snr4_seed20260827/clean/61-70970-0013.wav,data/librispeech_test_clean_musan_music_snr4_seed20260827/noisy/61-70970-0013.wav,16000,16000,1,1,69600,69600
43,1284-1181-0011.wav,1284-1181-0011,data/librispeech_test_clean_musan_music_snr4_seed20260827/clean/1284-1181-0011.wav,data/librispeech_test_clean_musan_music_snr4_seed20260827/noisy/1284-1181-0011.wav,16000,16000,1,1,124000,124000
44,8224-274381-0009.wav,8224-274381-0009,data/librispeech_test_clean_musan_music_snr4_seed20260827/clean/8224-274381-0009.wav,data/librispeech_test_clean_musan_music_snr4_seed20260827/noisy/8224-274381-0009.wav,16000,16000,1,1,454560,454560
45,2830-3979-0008.wav,2830-3979-0008,data/librispeech_test_clean_musan_music_snr4_seed20260827/clean/2830-3979-0008.wav,data/librispeech_test_clean_musan_music_snr4_seed20260827/noisy/2830-3979-0008.wav,16000,16000,1,1,151040,151040
46,8455-210777-0039.wav,8455-210777-0039,data/librispeech_test_clean_musan_music_snr4_seed20260827/clean/8455-210777-0039.wav,data/librispeech_test_clean_musan_music_snr4_seed20260827/noisy/8455-210777-0039.wav,16000,16000,1,1,89440,89440
47,7021-85628-0001.wav,7021-85628-0001,data/librispeech_test_clean_musan_music_snr4_seed20260827/clean/7021-85628-0001.wav,data/librispeech_test_clean_musan_music_snr4_seed20260827/noisy/7021-85628-0001.wav,16000,16000,1,1,181280,181280
48,5639-40744-0032.wav,5639-40744-0032,data/librispeech_test_clean_musan_music_snr4_seed20260827/clean/5639-40744-0032.wav,data/librispeech_test_clean_musan_music_snr4_seed20260827/noisy/5639-40744-0032.wav,16000,16000,1,1,278880,278880
49,4992-41797-0016.wav,4992-41797-0016,data/librispeech_test_clean_musan_music_snr4_seed20260827/clean/4992-41797-0016.wav,data/librispeech_test_clean_musan_music_snr4_seed20260827/noisy/4992-41797-0016.wav,16000,16000,1,1,52800,52800
50,7729-102255-0011.wav,7729-102255-0011,data/librispeech_test_clean_musan_music_snr4_seed20260827/clean/7729-102255-0011.wav,data/librispeech_test_clean_musan_music_snr4_seed20260827/noisy/7729-102255-0011.wav,16000,16000,1,1,325680,325680
51,3575-170457-0035.wav,3575-170457-0035,data/librispeech_test_clean_musan_music_snr4_seed20260827/clean/3575-170457-0035.wav,data/librispeech_test_clean_musan_music_snr4_seed20260827/noisy/3575-170457-0035.wav,16000,16000,1,1,149920,149920
52,1995-1837-0003.wav,1995-1837-0003,data/librispeech_test_clean_musan_music_snr4_seed20260827/clean/1995-1837-0003.wav,data/librispeech_test_clean_musan_music_snr4_seed20260827/noisy/1995-1837-0003.wav,16000,16000,1,1,117760,117760
53,237-134500-0019.wav,237-134500-0019,data/librispeech_test_clean_musan_music_snr4_seed20260827/clean/237-134500-0019.wav,data/librispeech_test_clean_musan_music_snr4_seed20260827/noisy/237-134500-0019.wav,16000,16000,1,1,45760,45760
54,672-122797-0018.wav,672-122797-0018,data/librispeech_test_clean_musan_music_snr4_seed20260827/clean/672-122797-0018.wav,data/librispeech_test_clean_musan_music_snr4_seed20260827/noisy/672-122797-0018.wav,16000,16000,1,1,78880,78880
55,121-123852-0004.wav,121-123852-0004,data/librispeech_test_clean_musan_music_snr4_seed20260827/clean/121-123852-0004.wav,data/librispeech_test_clean_musan_music_snr4_seed20260827/noisy/121-123852-0004.wav,16000,16000,1,1,260640,260640
56,1188-133604-0031.wav,1188-133604-0031,data/librispeech_test_clean_musan_music_snr4_seed20260827/clean/1188-133604-0031.wav,data/librispeech_test_clean_musan_music_snr4_seed20260827/noisy/1188-133604-0031.wav,16000,16000,1,1,68000,68000
57,7729-102255-0043.wav,7729-102255-0043,data/librispeech_test_clean_musan_music_snr4_seed20260827/clean/7729-102255-0043.wav,data/librispeech_test_clean_musan_music_snr4_seed20260827/noisy/7729-102255-0043.wav,16000,16000,1,1,176560,176560
58,3729-6852-0029.wav,3729-6852-0029,data/librispeech_test_clean_musan_music_snr4_seed20260827/clean/3729-6852-0029.wav,data/librispeech_test_clean_musan_music_snr4_seed20260827/noisy/3729-6852-0029.wav,16000,16000,1,1,137680,137680
59,2094-142345-0037.wav,2094-142345-0037,data/librispeech_test_clean_musan_music_snr4_seed20260827/clean/2094-142345-0037.wav,data/librispeech_test_clean_musan_music_snr4_seed20260827/noisy/2094-142345-0037.wav,16000,16000,1,1,167840,167840
60,8555-284449-0001.wav,8555-284449-0001,data/librispeech_test_clean_musan_music_snr4_seed20260827/clean/8555-284449-0001.wav,data/librispeech_test_clean_musan_music_snr4_seed20260827/noisy/8555-284449-0001.wav,16000,16000,1,1,138080,138080
61,2300-131720-0034.wav,2300-131720-0034,data/librispeech_test_clean_musan_music_snr4_seed20260827/clean/2300-131720-0034.wav,data/librispeech_test_clean_musan_music_snr4_seed20260827/noisy/2300-131720-0034.wav,16000,16000,1,1,137680,137680
62,1221-135766-0002.wav,1221-135766-0002,data/librispeech_test_clean_musan_music_snr4_seed20260827/clean/1221-135766-0002.wav,data/librispeech_test_clean_musan_music_snr4_seed20260827/noisy/1221-135766-0002.wav,16000,16000,1,1,77200,77200
63,4446-2273-0003.wav,4446-2273-0003,data/librispeech_test_clean_musan_music_snr4_seed20260827/clean/4446-2273-0003.wav,data/librispeech_test_clean_musan_music_snr4_seed20260827/noisy/4446-2273-0003.wav,16000,16000,1,1,125360,125360
64,8555-284449-0006.wav,8555-284449-0006,data/librispeech_test_clean_musan_music_snr4_seed20260827/clean/8555-284449-0006.wav,data/librispeech_test_clean_musan_music_snr4_seed20260827/noisy/8555-284449-0006.wav,16000,16000,1,1,62720,62720
65,5142-33396-0004.wav,5142-33396-0004,data/librispeech_test_clean_musan_music_snr4_seed20260827/clean/5142-33396-0004.wav,data/librispeech_test_clean_musan_music_snr4_seed20260827/noisy/5142-33396-0004.wav,16000,16000,1,1,35440,35440
66,2830-3979-0002.wav,2830-3979-0002,data/librispeech_test_clean_musan_music_snr4_seed20260827/clean/2830-3979-0002.wav,data/librispeech_test_clean_musan_music_snr4_seed20260827/noisy/2830-3979-0002.wav,16000,16000,1,1,69040,69040
67,672-122797-0008.wav,672-122797-0008,data/librispeech_test_clean_musan_music_snr4_seed20260827/clean/672-122797-0008.wav,data/librispeech_test_clean_musan_music_snr4_seed20260827/noisy/672-122797-0008.wav,16000,16000,1,1,492960,492960
68,5683-32866-0002.wav,5683-32866-0002,data/librispeech_test_clean_musan_music_snr4_seed20260827/clean/5683-32866-0002.wav,data/librispeech_test_clean_musan_music_snr4_seed20260827/noisy/5683-32866-0002.wav,16000,16000,1,1,82000,82000
69,6829-68769-0025.wav,6829-68769-0025,data/librispeech_test_clean_musan_music_snr4_seed20260827/clean/6829-68769-0025.wav,data/librispeech_test_clean_musan_music_snr4_seed20260827/noisy/6829-68769-0025.wav,16000,16000,1,1,91760,91760
70,2830-3980-0038.wav,2830-3980-0038,data/librispeech_test_clean_musan_music_snr4_seed20260827/clean/2830-3980-0038.wav,data/librispeech_test_clean_musan_music_snr4_seed20260827/noisy/2830-3980-0038.wav,16000,16000,1,1,88640,88640
71,7127-75947-0018.wav,7127-75947-0018,data/librispeech_test_clean_musan_music_snr4_seed20260827/clean/7127-75947-0018.wav,data/librispeech_test_clean_musan_music_snr4_seed20260827/noisy/7127-75947-0018.wav,16000,16000,1,1,64640,64640
72,672-122797-0047.wav,672-122797-0047,data/librispeech_test_clean_musan_music_snr4_seed20260827/clean/672-122797-0047.wav,data/librispeech_test_clean_musan_music_snr4_seed20260827/noisy/672-122797-0047.wav,16000,16000,1,1,53200,53200
73,4970-29095-0002.wav,4970-29095-0002,data/librispeech_test_clean_musan_music_snr4_seed20260827/clean/4970-29095-0002.wav,data/librispeech_test_clean_musan_music_snr4_seed20260827/noisy/4970-29095-0002.wav,16000,16000,1,1,87680,87680
74,4446-2273-0010.wav,4446-2273-0010,data/librispeech_test_clean_musan_music_snr4_seed20260827/clean/4446-2273-0010.wav,data/librispeech_test_clean_musan_music_snr4_seed20260827/noisy/4446-2273-0010.wav,16000,16000,1,1,199040,199040
75,8230-279154-0029.wav,8230-279154-0029,data/librispeech_test_clean_musan_music_snr4_seed20260827/clean/8230-279154-0029.wav,data/librispeech_test_clean_musan_music_snr4_seed20260827/noisy/8230-279154-0029.wav,16000,16000,1,1,136640,136640
76,3729-6852-0003.wav,3729-6852-0003,data/librispeech_test_clean_musan_music_snr4_seed20260827/clean/3729-6852-0003.wav,data/librispeech_test_clean_musan_music_snr4_seed20260827/noisy/3729-6852-0003.wav,16000,16000,1,1,343680,343680
77,4992-41797-0017.wav,4992-41797-0017,data/librispeech_test_clean_musan_music_snr4_seed20260827/clean/4992-41797-0017.wav,data/librispeech_test_clean_musan_music_snr4_seed20260827/noisy/4992-41797-0017.wav,16000,16000,1,1,139040,139040
78,1284-1181-0015.wav,1284-1181-0015,data/librispeech_test_clean_musan_music_snr4_seed20260827/clean/1284-1181-0015.wav,data/librispeech_test_clean_musan_music_snr4_seed20260827/noisy/1284-1181-0015.wav,16000,16000,1,1,81840,81840
79,6930-76324-0016.wav,6930-76324-0016,data/librispeech_test_clean_musan_music_snr4_seed20260827/clean/6930-76324-0016.wav,data/librispeech_test_clean_musan_music_snr4_seed20260827/noisy/6930-76324-0016.wav,16000,16000,1,1,147280,147280
80,5639-40744-0026.wav,5639-40744-0026,data/librispeech_test_clean_musan_music_snr4_seed20260827/clean/5639-40744-0026.wav,data/librispeech_test_clean_musan_music_snr4_seed20260827/noisy/5639-40744-0026.wav,16000,16000,1,1,232000,232000
81,7729-102255-0020.wav,7729-102255-0020,data/librispeech_test_clean_musan_music_snr4_seed20260827/clean/7729-102255-0020.wav,data/librispeech_test_clean_musan_music_snr4_seed20260827/noisy/7729-102255-0020.wav,16000,16000,1,1,175600,175600
82,1221-135766-0004.wav,1221-135766-0004,data/librispeech_test_clean_musan_music_snr4_seed20260827/clean/1221-135766-0004.wav,data/librispeech_test_clean_musan_music_snr4_seed20260827/noisy/1221-135766-0004.wav,16000,16000,1,1,119040,119040
83,4446-2273-0005.wav,4446-2273-0005,data/librispeech_test_clean_musan_music_snr4_seed20260827/clean/4446-2273-0005.wav,data/librispeech_test_clean_musan_music_snr4_seed20260827/noisy/4446-2273-0005.wav,16000,16000,1,1,66000,66000
84,3729-6852-0041.wav,3729-6852-0041,data/librispeech_test_clean_musan_music_snr4_seed20260827/clean/3729-6852-0041.wav,data/librispeech_test_clean_musan_music_snr4_seed20260827/noisy/3729-6852-0041.wav,16000,16000,1,1,174320,174320
85,237-134500-0035.wav,237-134500-0035,data/librispeech_test_clean_musan_music_snr4_seed20260827/clean/237-134500-0035.wav,data/librispeech_test_clean_musan_music_snr4_seed20260827/noisy/237-134500-0035.wav,16000,16000,1,1,40880,40880
86,3575-170457-0016.wav,3575-170457-0016,data/librispeech_test_clean_musan_music_snr4_seed20260827/clean/3575-170457-0016.wav,data/librispeech_test_clean_musan_music_snr4_seed20260827/noisy/3575-170457-0016.wav,16000,16000,1,1,27120,27120
87,1089-134691-0007.wav,1089-134691-0007,data/librispeech_test_clean_musan_music_snr4_seed20260827/clean/1089-134691-0007.wav,data/librispeech_test_clean_musan_music_snr4_seed20260827/noisy/1089-134691-0007.wav,16000,16000,1,1,55040,55040
88,4446-2273-0032.wav,4446-2273-0032,data/librispeech_test_clean_musan_music_snr4_seed20260827/clean/4446-2273-0032.wav,data/librispeech_test_clean_musan_music_snr4_seed20260827/noisy/4446-2273-0032.wav,16000,16000,1,1,125360,125360
89,4446-2275-0004.wav,4446-2275-0004,data/librispeech_test_clean_musan_music_snr4_seed20260827/clean/4446-2275-0004.wav,data/librispeech_test_clean_musan_music_snr4_seed20260827/noisy/4446-2275-0004.wav,16000,16000,1,1,33760,33760
90,1995-1837-0007.wav,1995-1837-0007,data/librispeech_test_clean_musan_music_snr4_seed20260827/clean/1995-1837-0007.wav,data/librispeech_test_clean_musan_music_snr4_seed20260827/noisy/1995-1837-0007.wav,16000,16000,1,1,140800,140800
91,7127-75947-0004.wav,7127-75947-0004,data/librispeech_test_clean_musan_music_snr4_seed20260827/clean/7127-75947-0004.wav,data/librispeech_test_clean_musan_music_snr4_seed20260827/noisy/7127-75947-0004.wav,16000,16000,1,1,30480,30480
92,8224-274381-0001.wav,8224-274381-0001,data/librispeech_test_clean_musan_music_snr4_seed20260827/clean/8224-274381-0001.wav,data/librispeech_test_clean_musan_music_snr4_seed20260827/noisy/8224-274381-0001.wav,16000,16000,1,1,359200,359200
93,6930-81414-0003.wav,6930-81414-0003,data/librispeech_test_clean_musan_music_snr4_seed20260827/clean/6930-81414-0003.wav,data/librispeech_test_clean_musan_music_snr4_seed20260827/noisy/6930-81414-0003.wav,16000,16000,1,1,52720,52720
94,672-122797-0046.wav,672-122797-0046,data/librispeech_test_clean_musan_music_snr4_seed20260827/clean/672-122797-0046.wav,data/librispeech_test_clean_musan_music_snr4_seed20260827/noisy/672-122797-0046.wav,16000,16000,1,1,75440,75440
95,1580-141083-0038.wav,1580-141083-0038,data/librispeech_test_clean_musan_music_snr4_seed20260827/clean/1580-141083-0038.wav,data/librispeech_test_clean_musan_music_snr4_seed20260827/noisy/1580-141083-0038.wav,16000,16000,1,1,120560,120560
96,121-121726-0005.wav,121-121726-0005,data/librispeech_test_clean_musan_music_snr4_seed20260827/clean/121-121726-0005.wav,data/librispeech_test_clean_musan_music_snr4_seed20260827/noisy/121-121726-0005.wav,16000,16000,1,1,49600,49600
97,1089-134691-0020.wav,1089-134691-0020,data/librispeech_test_clean_musan_music_snr4_seed20260827/clean/1089-134691-0020.wav,data/librispeech_test_clean_musan_music_snr4_seed20260827/noisy/1089-134691-0020.wav,16000,16000,1,1,63840,63840
98,7127-75946-0018.wav,7127-75946-0018,data/librispeech_test_clean_musan_music_snr4_seed20260827/clean/7127-75946-0018.wav,data/librispeech_test_clean_musan_music_snr4_seed20260827/noisy/7127-75946-0018.wav,16000,16000,1,1,146240,146240
99,7127-75947-0040.wav,7127-75947-0040,data/librispeech_test_clean_musan_music_snr4_seed20260827/clean/7127-75947-0040.wav,data/librispeech_test_clean_musan_music_snr4_seed20260827/noisy/7127-75947-0040.wav,16000,16000,1,1,220640,220640
100,8224-274384-0012.wav,8224-274384-0012,data/librispeech_test_clean_musan_music_snr4_seed20260827/clean/8224-274384-0012.wav,data/librispeech_test_clean_musan_music_snr4_seed20260827/noisy/8224-274384-0012.wav,16000,16000,1,1,299680,299680
101,237-134493-0000.wav,237-134493-0000,data/librispeech_test_clean_musan_music_snr4_seed20260827/clean/237-134493-0000.wav,data/librispeech_test_clean_musan_music_snr4_seed20260827/noisy/237-134493-0000.wav,16000,16000,1,1,65680,65680
102,5105-28240-0005.wav,5105-28240-0005,data/librispeech_test_clean_musan_music_snr4_seed20260827/clean/5105-28240-0005.wav,data/librispeech_test_clean_musan_music_snr4_seed20260827/noisy/5105-28240-0005.wav,16000,16000,1,1,118400,118400
103,260-123286-0028.wav,260-123286-0028,data/librispeech_test_clean_musan_music_snr4_seed20260827/clean/260-123286-0028.wav,data/librispeech_test_clean_musan_music_snr4_seed20260827/noisy/260-123286-0028.wav,16000,16000,1,1,119440,119440
104,1995-1837-0017.wav,1995-1837-0017,data/librispeech_test_clean_musan_music_snr4_seed20260827/clean/1995-1837-0017.wav,data/librispeech_test_clean_musan_music_snr4_seed20260827/noisy/1995-1837-0017.wav,16000,16000,1,1,49600,49600
105,7176-88083-0008.wav,7176-88083-0008,data/librispeech_test_clean_musan_music_snr4_seed20260827/clean/7176-88083-0008.wav,data/librispeech_test_clean_musan_music_snr4_seed20260827/noisy/7176-88083-0008.wav,16000,16000,1,1,52480,52480
106,8463-294828-0010.wav,8463-294828-0010,data/librispeech_test_clean_musan_music_snr4_seed20260827/clean/8463-294828-0010.wav,data/librispeech_test_clean_musan_music_snr4_seed20260827/noisy/8463-294828-0010.wav,16000,16000,1,1,133440,133440
107,672-122797-0051.wav,672-122797-0051,data/librispeech_test_clean_musan_music_snr4_seed20260827/clean/672-122797-0051.wav,data/librispeech_test_clean_musan_music_snr4_seed20260827/noisy/672-122797-0051.wav,16000,16000,1,1,74640,74640
108,1320-122612-0011.wav,1320-122612-0011,data/librispeech_test_clean_musan_music_snr4_seed20260827/clean/1320-122612-0011.wav,data/librispeech_test_clean_musan_music_snr4_seed20260827/noisy/1320-122612-0011.wav,16000,16000,1,1,219120,219120
109,8555-284447-0002.wav,8555-284447-0002,data/librispeech_test_clean_musan_music_snr4_seed20260827/clean/8555-284447-0002.wav,data/librispeech_test_clean_musan_music_snr4_seed20260827/noisy/8555-284447-0002.wav,16000,16000,1,1,128400,128400
110,3570-5695-0012.wav,3570-5695-0012,data/librispeech_test_clean_musan_music_snr4_seed20260827/clean/3570-5695-0012.wav,data/librispeech_test_clean_musan_music_snr4_seed20260827/noisy/3570-5695-0012.wav,16000,16000,1,1,236160,236160
111,4507-16021-0051.wav,4507-16021-0051,data/librispeech_test_clean_musan_music_snr4_seed20260827/clean/4507-16021-0051.wav,data/librispeech_test_clean_musan_music_snr4_seed20260827/noisy/4507-16021-0051.wav,16000,16000,1,1,98720,98720
112,5142-33396-0002.wav,5142-33396-0002,data/librispeech_test_clean_musan_music_snr4_seed20260827/clean/5142-33396-0002.wav,data/librispeech_test_clean_musan_music_snr4_seed20260827/noisy/5142-33396-0002.wav,16000,16000,1,1,58720,58720
113,5142-36600-0001.wav,5142-36600-0001,data/librispeech_test_clean_musan_music_snr4_seed20260827/clean/5142-36600-0001.wav,data/librispeech_test_clean_musan_music_snr4_seed20260827/noisy/5142-36600-0001.wav,16000,16000,1,1,322960,322960
114,61-70968-0030.wav,61-70968-0030,data/librispeech_test_clean_musan_music_snr4_seed20260827/clean/61-70968-0030.wav,data/librispeech_test_clean_musan_music_snr4_seed20260827/noisy/61-70968-0030.wav,16000,16000,1,1,90960,90960
115,7176-88083-0005.wav,7176-88083-0005,data/librispeech_test_clean_musan_music_snr4_seed20260827/clean/7176-88083-0005.wav,data/librispeech_test_clean_musan_music_snr4_seed20260827/noisy/7176-88083-0005.wav,16000,16000,1,1,75200,75200
116,2961-961-0001.wav,2961-961-0001,data/librispeech_test_clean_musan_music_snr4_seed20260827/clean/2961-961-0001.wav,data/librispeech_test_clean_musan_music_snr4_seed20260827/noisy/2961-961-0001.wav,16000,16000,1,1,146960,146960
117,4446-2273-0014.wav,4446-2273-0014,data/librispeech_test_clean_musan_music_snr4_seed20260827/clean/4446-2273-0014.wav,data/librispeech_test_clean_musan_music_snr4_seed20260827/noisy/4446-2273-0014.wav,16000,16000,1,1,38240,38240
118,6930-76324-0020.wav,6930-76324-0020,data/librispeech_test_clean_musan_music_snr4_seed20260827/clean/6930-76324-0020.wav,data/librispeech_test_clean_musan_music_snr4_seed20260827/noisy/6930-76324-0020.wav,16000,16000,1,1,101040,101040
119,672-122797-0043.wav,672-122797-0043,data/librispeech_test_clean_musan_music_snr4_seed20260827/clean/672-122797-0043.wav,data/librispeech_test_clean_musan_music_snr4_seed20260827/noisy/672-122797-0043.wav,16000,16000,1,1,60480,60480
120,2830-3980-0076.wav,2830-3980-0076,data/librispeech_test_clean_musan_music_snr4_seed20260827/clean/2830-3980-0076.wav,data/librispeech_test_clean_musan_music_snr4_seed20260827/noisy/2830-3980-0076.wav,16000,16000,1,1,76960,76960
121,5683-32865-0011.wav,5683-32865-0011,data/librispeech_test_clean_musan_music_snr4_seed20260827/clean/5683-32865-0011.wav,data/librispeech_test_clean_musan_music_snr4_seed20260827/noisy/5683-32865-0011.wav,16000,16000,1,1,101680,101680
122,672-122797-0066.wav,672-122797-0066,data/librispeech_test_clean_musan_music_snr4_seed20260827/clean/672-122797-0066.wav,data/librispeech_test_clean_musan_music_snr4_seed20260827/noisy/672-122797-0066.wav,16000,16000,1,1,77040,77040
123,7176-88083-0004.wav,7176-88083-0004,data/librispeech_test_clean_musan_music_snr4_seed20260827/clean/7176-88083-0004.wav,data/librispeech_test_clean_musan_music_snr4_seed20260827/noisy/7176-88083-0004.wav,16000,16000,1,1,120000,120000
124,6930-81414-0005.wav,6930-81414-0005,data/librispeech_test_clean_musan_music_snr4_seed20260827/clean/6930-81414-0005.wav,data/librispeech_test_clean_musan_music_snr4_seed20260827/noisy/6930-81414-0005.wav,16000,16000,1,1,29040,29040
125,1188-133604-0008.wav,1188-133604-0008,data/librispeech_test_clean_musan_music_snr4_seed20260827/clean/1188-133604-0008.wav,data/librispeech_test_clean_musan_music_snr4_seed20260827/noisy/1188-133604-0008.wav,16000,16000,1,1,332080,332080
126,5105-28240-0022.wav,5105-28240-0022,data/librispeech_test_clean_musan_music_snr4_seed20260827/clean/5105-28240-0022.wav,data/librispeech_test_clean_musan_music_snr4_seed20260827/noisy/5105-28240-0022.wav,16000,16000,1,1,75600,75600
127,2300-131720-0027.wav,2300-131720-0027,data/librispeech_test_clean_musan_music_snr4_seed20260827/clean/2300-131720-0027.wav,data/librispeech_test_clean_musan_music_snr4_seed20260827/noisy/2300-131720-0027.wav,16000,16000,1,1,137920,137920
128,8455-210777-0043.wav,8455-210777-0043,data/librispeech_test_clean_musan_music_snr4_seed20260827/clean/8455-210777-0043.wav,data/librispeech_test_clean_musan_music_snr4_seed20260827/noisy/8455-210777-0043.wav,16000,16000,1,1,50320,50320
129,121-121726-0004.wav,121-121726-0004,data/librispeech_test_clean_musan_music_snr4_seed20260827/clean/121-121726-0004.wav,data/librispeech_test_clean_musan_music_snr4_seed20260827/noisy/121-121726-0004.wav,16000,16000,1,1,64320,64320
130,5142-36377-0014.wav,5142-36377-0014,data/librispeech_test_clean_musan_music_snr4_seed20260827/clean/5142-36377-0014.wav,data/librispeech_test_clean_musan_music_snr4_seed20260827/noisy/5142-36377-0014.wav,16000,16000,1,1,406640,406640
131,672-122797-0054.wav,672-122797-0054,data/librispeech_test_clean_musan_music_snr4_seed20260827/clean/672-122797-0054.wav,data/librispeech_test_clean_musan_music_snr4_seed20260827/noisy/672-122797-0054.wav,16000,16000,1,1,68000,68000
132,121-127105-0018.wav,121-127105-0018,data/librispeech_test_clean_musan_music_snr4_seed20260827/clean/121-127105-0018.wav,data/librispeech_test_clean_musan_music_snr4_seed20260827/noisy/121-127105-0018.wav,16000,16000,1,1,44320,44320
133,2094-142345-0014.wav,2094-142345-0014,data/librispeech_test_clean_musan_music_snr4_seed20260827/clean/2094-142345-0014.wav,data/librispeech_test_clean_musan_music_snr4_seed20260827/noisy/2094-142345-0014.wav,16000,16000,1,1,207920,207920
134,7176-92135-0021.wav,7176-92135-0021,data/librispeech_test_clean_musan_music_snr4_seed20260827/clean/7176-92135-0021.wav,data/librispeech_test_clean_musan_music_snr4_seed20260827/noisy/7176-92135-0021.wav,16000,16000,1,1,41040,41040
135,4507-16021-0007.wav,4507-16021-0007,data/librispeech_test_clean_musan_music_snr4_seed20260827/clean/4507-16021-0007.wav,data/librispeech_test_clean_musan_music_snr4_seed20260827/noisy/4507-16021-0007.wav,16000,16000,1,1,42080,42080
136,237-126133-0014.wav,237-126133-0014,data/librispeech_test_clean_musan_music_snr4_seed20260827/clean/237-126133-0014.wav,data/librispeech_test_clean_musan_music_snr4_seed20260827/noisy/237-126133-0014.wav,16000,16000,1,1,108640,108640
137,1580-141083-0018.wav,1580-141083-0018,data/librispeech_test_clean_musan_music_snr4_seed20260827/clean/1580-141083-0018.wav,data/librispeech_test_clean_musan_music_snr4_seed20260827/noisy/1580-141083-0018.wav,16000,16000,1,1,42800,42800
138,6930-81414-0011.wav,6930-81414-0011,data/librispeech_test_clean_musan_music_snr4_seed20260827/clean/6930-81414-0011.wav,data/librispeech_test_clean_musan_music_snr4_seed20260827/noisy/6930-81414-0011.wav,16000,16000,1,1,75200,75200
139,1320-122612-0007.wav,1320-122612-0007,data/librispeech_test_clean_musan_music_snr4_seed20260827/clean/1320-122612-0007.wav,data/librispeech_test_clean_musan_music_snr4_seed20260827/noisy/1320-122612-0007.wav,16000,16000,1,1,88640,88640
140,908-157963-0026.wav,908-157963-0026,data/librispeech_test_clean_musan_music_snr4_seed20260827/clean/908-157963-0026.wav,data/librispeech_test_clean_musan_music_snr4_seed20260827/noisy/908-157963-0026.wav,16000,16000,1,1,129600,129600
141,3729-6852-0021.wav,3729-6852-0021,data/librispeech_test_clean_musan_music_snr4_seed20260827/clean/3729-6852-0021.wav,data/librispeech_test_clean_musan_music_snr4_seed20260827/noisy/3729-6852-0021.wav,16000,16000,1,1,47360,47360
142,6829-68769-0013.wav,6829-68769-0013,data/librispeech_test_clean_musan_music_snr4_seed20260827/clean/6829-68769-0013.wav,data/librispeech_test_clean_musan_music_snr4_seed20260827/noisy/6829-68769-0013.wav,16000,16000,1,1,43600,43600
143,4507-16021-0042.wav,4507-16021-0042,data/librispeech_test_clean_musan_music_snr4_seed20260827/clean/4507-16021-0042.wav,data/librispeech_test_clean_musan_music_snr4_seed20260827/noisy/4507-16021-0042.wav,16000,16000,1,1,166000,166000
144,4992-41797-0019.wav,4992-41797-0019,data/librispeech_test_clean_musan_music_snr4_seed20260827/clean/4992-41797-0019.wav,data/librispeech_test_clean_musan_music_snr4_seed20260827/noisy/4992-41797-0019.wav,16000,16000,1,1,76080,76080
145,908-157963-0000.wav,908-157963-0000,data/librispeech_test_clean_musan_music_snr4_seed20260827/clean/908-157963-0000.wav,data/librispeech_test_clean_musan_music_snr4_seed20260827/noisy/908-157963-0000.wav,16000,16000,1,1,201920,201920
146,2094-142345-0044.wav,2094-142345-0044,data/librispeech_test_clean_musan_music_snr4_seed20260827/clean/2094-142345-0044.wav,data/librispeech_test_clean_musan_music_snr4_seed20260827/noisy/2094-142345-0044.wav,16000,16000,1,1,56320,56320
147,61-70968-0008.wav,61-70968-0008,data/librispeech_test_clean_musan_music_snr4_seed20260827/clean/61-70968-0008.wav,data/librispeech_test_clean_musan_music_snr4_seed20260827/noisy/61-70968-0008.wav,16000,16000,1,1,56560,56560
148,237-134500-0024.wav,237-134500-0024,data/librispeech_test_clean_musan_music_snr4_seed20260827/clean/237-134500-0024.wav,data/librispeech_test_clean_musan_music_snr4_seed20260827/noisy/237-134500-0024.wav,16000,16000,1,1,70560,70560
149,1995-1837-0021.wav,1995-1837-0021,data/librispeech_test_clean_musan_music_snr4_seed20260827/clean/1995-1837-0021.wav,data/librispeech_test_clean_musan_music_snr4_seed20260827/noisy/1995-1837-0021.wav,16000,16000,1,1,49440,49440
150,4077-13754-0000.wav,4077-13754-0000,data/librispeech_test_clean_musan_music_snr4_seed20260827/clean/4077-13754-0000.wav,data/librispeech_test_clean_musan_music_snr4_seed20260827/noisy/4077-13754-0000.wav,16000,16000,1,1,76480,76480
151,908-31957-0000.wav,908-31957-0000,data/librispeech_test_clean_musan_music_snr4_seed20260827/clean/908-31957-0000.wav,data/librispeech_test_clean_musan_music_snr4_seed20260827/noisy/908-31957-0000.wav,16000,16000,1,1,34000,34000
152,7729-102255-0010.wav,7729-102255-0010,data/librispeech_test_clean_musan_music_snr4_seed20260827/clean/7729-102255-0010.wav,data/librispeech_test_clean_musan_music_snr4_seed20260827/noisy/7729-102255-0010.wav,16000,16000,1,1,136640,136640
153,4446-2275-0035.wav,4446-2275-0035,data/librispeech_test_clean_musan_music_snr4_seed20260827/clean/4446-2275-0035.wav,data/librispeech_test_clean_musan_music_snr4_seed20260827/noisy/4446-2275-0035.wav,16000,16000,1,1,65200,65200
154,2094-142345-0011.wav,2094-142345-0011,data/librispeech_test_clean_musan_music_snr4_seed20260827/clean/2094-142345-0011.wav,data/librispeech_test_clean_musan_music_snr4_seed20260827/noisy/2094-142345-0011.wav,16000,16000,1,1,260160,260160
155,8463-294828-0003.wav,8463-294828-0003,data/librispeech_test_clean_musan_music_snr4_seed20260827/clean/8463-294828-0003.wav,data/librispeech_test_clean_musan_music_snr4_seed20260827/noisy/8463-294828-0003.wav,16000,16000,1,1,149440,149440
156,4446-2273-0011.wav,4446-2273-0011,data/librispeech_test_clean_musan_music_snr4_seed20260827/clean/4446-2273-0011.wav,data/librispeech_test_clean_musan_music_snr4_seed20260827/noisy/4446-2273-0011.wav,16000,16000,1,1,44640,44640
157,5639-40744-0035.wav,5639-40744-0035,data/librispeech_test_clean_musan_music_snr4_seed20260827/clean/5639-40744-0035.wav,data/librispeech_test_clean_musan_music_snr4_seed20260827/noisy/5639-40744-0035.wav,16000,16000,1,1,280320,280320
158,61-70968-0027.wav,61-70968-0027,data/librispeech_test_clean_musan_music_snr4_seed20260827/clean/61-70968-0027.wav,data/librispeech_test_clean_musan_music_snr4_seed20260827/noisy/61-70968-0027.wav,16000,16000,1,1,109920,109920
159,1089-134686-0032.wav,1089-134686-0032,data/librispeech_test_clean_musan_music_snr4_seed20260827/clean/1089-134686-0032.wav,data/librispeech_test_clean_musan_music_snr4_seed20260827/noisy/1089-134686-0032.wav,16000,16000,1,1,65440,65440
160,1580-141084-0012.wav,1580-141084-0012,data/librispeech_test_clean_musan_music_snr4_seed20260827/clean/1580-141084-0012.wav,data/librispeech_test_clean_musan_music_snr4_seed20260827/noisy/1580-141084-0012.wav,16000,16000,1,1,39760,39760
161,2830-3980-0061.wav,2830-3980-0061,data/librispeech_test_clean_musan_music_snr4_seed20260827/clean/2830-3980-0061.wav,data/librispeech_test_clean_musan_music_snr4_seed20260827/noisy/2830-3980-0061.wav,16000,16000,1,1,113920,113920
162,8230-279154-0038.wav,8230-279154-0038,data/librispeech_test_clean_musan_music_snr4_seed20260827/clean/8230-279154-0038.wav,data/librispeech_test_clean_musan_music_snr4_seed20260827/noisy/8230-279154-0038.wav,16000,16000,1,1,359840,359840
163,1284-1180-0017.wav,1284-1180-0017,data/librispeech_test_clean_musan_music_snr4_seed20260827/clean/1284-1180-0017.wav,data/librispeech_test_clean_musan_music_snr4_seed20260827/noisy/1284-1180-0017.wav,16000,16000,1,1,170880,170880
164,4507-16021-0032.wav,4507-16021-0032,data/librispeech_test_clean_musan_music_snr4_seed20260827/clean/4507-16021-0032.wav,data/librispeech_test_clean_musan_music_snr4_seed20260827/noisy/4507-16021-0032.wav,16000,16000,1,1,449440,449440
165,4446-2275-0026.wav,4446-2275-0026,data/librispeech_test_clean_musan_music_snr4_seed20260827/clean/4446-2275-0026.wav,data/librispeech_test_clean_musan_music_snr4_seed20260827/noisy/4446-2275-0026.wav,16000,16000,1,1,87920,87920
166,8455-210777-0023.wav,8455-210777-0023,data/librispeech_test_clean_musan_music_snr4_seed20260827/clean/8455-210777-0023.wav,data/librispeech_test_clean_musan_music_snr4_seed20260827/noisy/8455-210777-0023.wav,16000,16000,1,1,75680,75680
167,1580-141083-0009.wav,1580-141083-0009,data/librispeech_test_clean_musan_music_snr4_seed20260827/clean/1580-141083-0009.wav,data/librispeech_test_clean_musan_music_snr4_seed20260827/noisy/1580-141083-0009.wav,16000,16000,1,1,112640,112640
168,3729-6852-0020.wav,3729-6852-0020,data/librispeech_test_clean_musan_music_snr4_seed20260827/clean/3729-6852-0020.wav,data/librispeech_test_clean_musan_music_snr4_seed20260827/noisy/3729-6852-0020.wav,16000,16000,1,1,211440,211440
169,5105-28233-0006.wav,5105-28233-0006,data/librispeech_test_clean_musan_music_snr4_seed20260827/clean/5105-28233-0006.wav,data/librispeech_test_clean_musan_music_snr4_seed20260827/noisy/5105-28233-0006.wav,16000,16000,1,1,88080,88080
170,5142-33396-0060.wav,5142-33396-0060,data/librispeech_test_clean_musan_music_snr4_seed20260827/clean/5142-33396-0060.wav,data/librispeech_test_clean_musan_music_snr4_seed20260827/noisy/5142-33396-0060.wav,16000,16000,1,1,41840,41840
171,672-122797-0032.wav,672-122797-0032,data/librispeech_test_clean_musan_music_snr4_seed20260827/clean/672-122797-0032.wav,data/librispeech_test_clean_musan_music_snr4_seed20260827/noisy/672-122797-0032.wav,16000,16000,1,1,64000,64000
172,7729-102255-0037.wav,7729-102255-0037,data/librispeech_test_clean_musan_music_snr4_seed20260827/clean/7729-102255-0037.wav,data/librispeech_test_clean_musan_music_snr4_seed20260827/noisy/7729-102255-0037.wav,16000,16000,1,1,176320,176320
173,2961-961-0003.wav,2961-961-0003,data/librispeech_test_clean_musan_music_snr4_seed20260827/clean/2961-961-0003.wav,data/librispeech_test_clean_musan_music_snr4_seed20260827/noisy/2961-961-0003.wav,16000,16000,1,1,75680,75680
174,1284-1181-0001.wav,1284-1181-0001,data/librispeech_test_clean_musan_music_snr4_seed20260827/clean/1284-1181-0001.wav,data/librispeech_test_clean_musan_music_snr4_seed20260827/noisy/1284-1181-0001.wav,16000,16000,1,1,182880,182880
175,908-157963-0023.wav,908-157963-0023,data/librispeech_test_clean_musan_music_snr4_seed20260827/clean/908-157963-0023.wav,data/librispeech_test_clean_musan_music_snr4_seed20260827/noisy/908-157963-0023.wav,16000,16000,1,1,154000,154000
176,5683-32879-0020.wav,5683-32879-0020,data/librispeech_test_clean_musan_music_snr4_seed20260827/clean/5683-32879-0020.wav,data/librispeech_test_clean_musan_music_snr4_seed20260827/noisy/5683-32879-0020.wav,16000,16000,1,1,104720,104720
177,4446-2273-0018.wav,4446-2273-0018,data/librispeech_test_clean_musan_music_snr4_seed20260827/clean/4446-2273-0018.wav,data/librispeech_test_clean_musan_music_snr4_seed20260827/noisy/4446-2273-0018.wav,16000,16000,1,1,54400,54400
178,7021-79740-0002.wav,7021-79740-0002,data/librispeech_test_clean_musan_music_snr4_seed20260827/clean/7021-79740-0002.wav,data/librispeech_test_clean_musan_music_snr4_seed20260827/noisy/7021-79740-0002.wav,16000,16000,1,1,147600,147600
179,6930-76324-0015.wav,6930-76324-0015,data/librispeech_test_clean_musan_music_snr4_seed20260827/clean/6930-76324-0015.wav,data/librispeech_test_clean_musan_music_snr4_seed20260827/noisy/6930-76324-0015.wav,16000,16000,1,1,198480,198480
180,7176-88083-0007.wav,7176-88083-0007,data/librispeech_test_clean_musan_music_snr4_seed20260827/clean/7176-88083-0007.wav,data/librispeech_test_clean_musan_music_snr4_seed20260827/noisy/7176-88083-0007.wav,16000,16000,1,1,228800,228800
181,1320-122612-0000.wav,1320-122612-0000,data/librispeech_test_clean_musan_music_snr4_seed20260827/clean/1320-122612-0000.wav,data/librispeech_test_clean_musan_music_snr4_seed20260827/noisy/1320-122612-0000.wav,16000,16000,1,1,215680,215680
182,6829-68769-0037.wav,6829-68769-0037,data/librispeech_test_clean_musan_music_snr4_seed20260827/clean/6829-68769-0037.wav,data/librispeech_test_clean_musan_music_snr4_seed20260827/noisy/6829-68769-0037.wav,16000,16000,1,1,40480,40480
183,237-134500-0021.wav,237-134500-0021,data/librispeech_test_clean_musan_music_snr4_seed20260827/clean/237-134500-0021.wav,data/librispeech_test_clean_musan_music_snr4_seed20260827/noisy/237-134500-0021.wav,16000,16000,1,1,81920,81920
184,4446-2273-0034.wav,4446-2273-0034,data/librispeech_test_clean_musan_music_snr4_seed20260827/clean/4446-2273-0034.wav,data/librispeech_test_clean_musan_music_snr4_seed20260827/noisy/4446-2273-0034.wav,16000,16000,1,1,57440,57440
185,121-127105-0014.wav,121-127105-0014,data/librispeech_test_clean_musan_music_snr4_seed20260827/clean/121-127105-0014.wav,data/librispeech_test_clean_musan_music_snr4_seed20260827/noisy/121-127105-0014.wav,16000,16000,1,1,36080,36080
186,1580-141083-0005.wav,1580-141083-0005,data/librispeech_test_clean_musan_music_snr4_seed20260827/clean/1580-141083-0005.wav,data/librispeech_test_clean_musan_music_snr4_seed20260827/noisy/1580-141083-0005.wav,16000,16000,1,1,43920,43920
187,5105-28240-0019.wav,5105-28240-0019,data/librispeech_test_clean_musan_music_snr4_seed20260827/clean/5105-28240-0019.wav,data/librispeech_test_clean_musan_music_snr4_seed20260827/noisy/5105-28240-0019.wav,16000,16000,1,1,99841,99841
188,4446-2273-0035.wav,4446-2273-0035,data/librispeech_test_clean_musan_music_snr4_seed20260827/clean/4446-2273-0035.wav,data/librispeech_test_clean_musan_music_snr4_seed20260827/noisy/4446-2273-0035.wav,16000,16000,1,1,98400,98400
189,2830-3980-0003.wav,2830-3980-0003,data/librispeech_test_clean_musan_music_snr4_seed20260827/clean/2830-3980-0003.wav,data/librispeech_test_clean_musan_music_snr4_seed20260827/noisy/2830-3980-0003.wav,16000,16000,1,1,39680,39680
190,5683-32866-0003.wav,5683-32866-0003,data/librispeech_test_clean_musan_music_snr4_seed20260827/clean/5683-32866-0003.wav,data/librispeech_test_clean_musan_music_snr4_seed20260827/noisy/5683-32866-0003.wav,16000,16000,1,1,45840,45840
191,3729-6852-0011.wav,3729-6852-0011,data/librispeech_test_clean_musan_music_snr4_seed20260827/clean/3729-6852-0011.wav,data/librispeech_test_clean_musan_music_snr4_seed20260827/noisy/3729-6852-0011.wav,16000,16000,1,1,117920,117920
192,61-70970-0016.wav,61-70970-0016,data/librispeech_test_clean_musan_music_snr4_seed20260827/clean/61-70970-0016.wav,data/librispeech_test_clean_musan_music_snr4_seed20260827/noisy/61-70970-0016.wav,16000,16000,1,1,69920,69920
193,908-31957-0013.wav,908-31957-0013,data/librispeech_test_clean_musan_music_snr4_seed20260827/clean/908-31957-0013.wav,data/librispeech_test_clean_musan_music_snr4_seed20260827/noisy/908-31957-0013.wav,16000,16000,1,1,98880,98880
194,8555-284447-0010.wav,8555-284447-0010,data/librispeech_test_clean_musan_music_snr4_seed20260827/clean/8555-284447-0010.wav,data/librispeech_test_clean_musan_music_snr4_seed20260827/noisy/8555-284447-0010.wav,16000,16000,1,1,206880,206880
195,6829-68771-0024.wav,6829-68771-0024,data/librispeech_test_clean_musan_music_snr4_seed20260827/clean/6829-68771-0024.wav,data/librispeech_test_clean_musan_music_snr4_seed20260827/noisy/6829-68771-0024.wav,16000,16000,1,1,99920,99920
196,2830-3980-0022.wav,2830-3980-0022,data/librispeech_test_clean_musan_music_snr4_seed20260827/clean/2830-3980-0022.wav,data/librispeech_test_clean_musan_music_snr4_seed20260827/noisy/2830-3980-0022.wav,16000,16000,1,1,52320,52320
197,5105-28240-0020.wav,5105-28240-0020,data/librispeech_test_clean_musan_music_snr4_seed20260827/clean/5105-28240-0020.wav,data/librispeech_test_clean_musan_music_snr4_seed20260827/noisy/5105-28240-0020.wav,16000,16000,1,1,36800,36800
198,5105-28233-0004.wav,5105-28233-0004,data/librispeech_test_clean_musan_music_snr4_seed20260827/clean/5105-28233-0004.wav,data/librispeech_test_clean_musan_music_snr4_seed20260827/noisy/5105-28233-0004.wav,16000,16000,1,1,75760,75760
199,7176-88083-0019.wav,7176-88083-0019,data/librispeech_test_clean_musan_music_snr4_seed20260827/clean/7176-88083-0019.wav,data/librispeech_test_clean_musan_music_snr4_seed20260827/noisy/7176-88083-0019.wav,16000,16000,1,1,92960,92960
200,672-122797-0035.wav,672-122797-0035,data/librispeech_test_clean_musan_music_snr4_seed20260827/clean/672-122797-0035.wav,data/librispeech_test_clean_musan_music_snr4_seed20260827/noisy/672-122797-0035.wav,16000,16000,1,1,46400,46400
201,4077-13751-0004.wav,4077-13751-0004,data/librispeech_test_clean_musan_music_snr4_seed20260827/clean/4077-13751-0004.wav,data/librispeech_test_clean_musan_music_snr4_seed20260827/noisy/4077-13751-0004.wav,16000,16000,1,1,266880,266880
202,4446-2271-0007.wav,4446-2271-0007,data/librispeech_test_clean_musan_music_snr4_seed20260827/clean/4446-2271-0007.wav,data/librispeech_test_clean_musan_music_snr4_seed20260827/noisy/4446-2271-0007.wav,16000,16000,1,1,33600,33600
203,2830-3980-0006.wav,2830-3980-0006,data/librispeech_test_clean_musan_music_snr4_seed20260827/clean/2830-3980-0006.wav,data/librispeech_test_clean_musan_music_snr4_seed20260827/noisy/2830-3980-0006.wav,16000,16000,1,1,102560,102560
204,4446-2275-0009.wav,4446-2275-0009,data/librispeech_test_clean_musan_music_snr4_seed20260827/clean/4446-2275-0009.wav,data/librispeech_test_clean_musan_music_snr4_seed20260827/noisy/4446-2275-0009.wav,16000,16000,1,1,33440,33440
205,5639-40744-0006.wav,5639-40744-0006,data/librispeech_test_clean_musan_music_snr4_seed20260827/clean/5639-40744-0006.wav,data/librispeech_test_clean_musan_music_snr4_seed20260827/noisy/5639-40744-0006.wav,16000,16000,1,1,128720,128720
206,2830-3979-0000.wav,2830-3979-0000,data/librispeech_test_clean_musan_music_snr4_seed20260827/clean/2830-3979-0000.wav,data/librispeech_test_clean_musan_music_snr4_seed20260827/noisy/2830-3979-0000.wav,16000,16000,1,1,97920,97920
207,4992-41797-0013.wav,4992-41797-0013,data/librispeech_test_clean_musan_music_snr4_seed20260827/clean/4992-41797-0013.wav,data/librispeech_test_clean_musan_music_snr4_seed20260827/noisy/4992-41797-0013.wav,16000,16000,1,1,156800,156800
208,1320-122617-0041.wav,1320-122617-0041,data/librispeech_test_clean_musan_music_snr4_seed20260827/clean/1320-122617-0041.wav,data/librispeech_test_clean_musan_music_snr4_seed20260827/noisy/1320-122617-0041.wav,16000,16000,1,1,66400,66400
209,5683-32866-0029.wav,5683-32866-0029,data/librispeech_test_clean_musan_music_snr4_seed20260827/clean/5683-32866-0029.wav,data/librispeech_test_clean_musan_music_snr4_seed20260827/noisy/5683-32866-0029.wav,16000,16000,1,1,36400,36400
210,7021-79730-0008.wav,7021-79730-0008,data/librispeech_test_clean_musan_music_snr4_seed20260827/clean/7021-79730-0008.wav,data/librispeech_test_clean_musan_music_snr4_seed20260827/noisy/7021-79730-0008.wav,16000,16000,1,1,188240,188240
211,1221-135766-0011.wav,1221-135766-0011,data/librispeech_test_clean_musan_music_snr4_seed20260827/clean/1221-135766-0011.wav,data/librispeech_test_clean_musan_music_snr4_seed20260827/noisy/1221-135766-0011.wav,16000,16000,1,1,341520,341520
212,6930-81414-0019.wav,6930-81414-0019,data/librispeech_test_clean_musan_music_snr4_seed20260827/clean/6930-81414-0019.wav,data/librispeech_test_clean_musan_music_snr4_seed20260827/noisy/6930-81414-0019.wav,16000,16000,1,1,54080,54080
213,2094-142345-0055.wav,2094-142345-0055,data/librispeech_test_clean_musan_music_snr4_seed20260827/clean/2094-142345-0055.wav,data/librispeech_test_clean_musan_music_snr4_seed20260827/noisy/2094-142345-0055.wav,16000,16000,1,1,42480,42480
214,7127-75946-0019.wav,7127-75946-0019,data/librispeech_test_clean_musan_music_snr4_seed20260827/clean/7127-75946-0019.wav,data/librispeech_test_clean_musan_music_snr4_seed20260827/noisy/7127-75946-0019.wav,16000,16000,1,1,42160,42160
215,6930-81414-0007.wav,6930-81414-0007,data/librispeech_test_clean_musan_music_snr4_seed20260827/clean/6930-81414-0007.wav,data/librispeech_test_clean_musan_music_snr4_seed20260827/noisy/6930-81414-0007.wav,16000,16000,1,1,69840,69840
216,908-157963-0004.wav,908-157963-0004,data/librispeech_test_clean_musan_music_snr4_seed20260827/clean/908-157963-0004.wav,data/librispeech_test_clean_musan_music_snr4_seed20260827/noisy/908-157963-0004.wav,16000,16000,1,1,223840,223840
217,1580-141083-0002.wav,1580-141083-0002,data/librispeech_test_clean_musan_music_snr4_seed20260827/clean/1580-141083-0002.wav,data/librispeech_test_clean_musan_music_snr4_seed20260827/noisy/1580-141083-0002.wav,16000,16000,1,1,98160,98160
218,7176-92135-0008.wav,7176-92135-0008,data/librispeech_test_clean_musan_music_snr4_seed20260827/clean/7176-92135-0008.wav,data/librispeech_test_clean_musan_music_snr4_seed20260827/noisy/7176-92135-0008.wav,16000,16000,1,1,70880,70880
219,5639-40744-0030.wav,5639-40744-0030,data/librispeech_test_clean_musan_music_snr4_seed20260827/clean/5639-40744-0030.wav,data/librispeech_test_clean_musan_music_snr4_seed20260827/noisy/5639-40744-0030.wav,16000,16000,1,1,356560,356560
220,1580-141084-0015.wav,1580-141084-0015,data/librispeech_test_clean_musan_music_snr4_seed20260827/clean/1580-141084-0015.wav,data/librispeech_test_clean_musan_music_snr4_seed20260827/noisy/1580-141084-0015.wav,16000,16000,1,1,55520,55520
221,5683-32866-0010.wav,5683-32866-0010,data/librispeech_test_clean_musan_music_snr4_seed20260827/clean/5683-32866-0010.wav,data/librispeech_test_clean_musan_music_snr4_seed20260827/noisy/5683-32866-0010.wav,16000,16000,1,1,240480,240480
222,6930-81414-0012.wav,6930-81414-0012,data/librispeech_test_clean_musan_music_snr4_seed20260827/clean/6930-81414-0012.wav,data/librispeech_test_clean_musan_music_snr4_seed20260827/noisy/6930-81414-0012.wav,16000,16000,1,1,70880,70880
223,4446-2271-0000.wav,4446-2271-0000,data/librispeech_test_clean_musan_music_snr4_seed20260827/clean/4446-2271-0000.wav,data/librispeech_test_clean_musan_music_snr4_seed20260827/noisy/4446-2271-0000.wav,16000,16000,1,1,55920,55920
224,7021-79740-0005.wav,7021-79740-0005,data/librispeech_test_clean_musan_music_snr4_seed20260827/clean/7021-79740-0005.wav,data/librispeech_test_clean_musan_music_snr4_seed20260827/noisy/7021-79740-0005.wav,16000,16000,1,1,33760,33760
225,121-123852-0003.wav,121-123852-0003,data/librispeech_test_clean_musan_music_snr4_seed20260827/clean/121-123852-0003.wav,data/librispeech_test_clean_musan_music_snr4_seed20260827/noisy/121-123852-0003.wav,16000,16000,1,1,376080,376080
226,1221-135767-0009.wav,1221-135767-0009,data/librispeech_test_clean_musan_music_snr4_seed20260827/clean/1221-135767-0009.wav,data/librispeech_test_clean_musan_music_snr4_seed20260827/noisy/1221-135767-0009.wav,16000,16000,1,1,213440,213440
227,5142-36377-0000.wav,5142-36377-0000,data/librispeech_test_clean_musan_music_snr4_seed20260827/clean/5142-36377-0000.wav,data/librispeech_test_clean_musan_music_snr4_seed20260827/noisy/5142-36377-0000.wav,16000,16000,1,1,54080,54080
228,908-157963-0024.wav,908-157963-0024,data/librispeech_test_clean_musan_music_snr4_seed20260827/clean/908-157963-0024.wav,data/librispeech_test_clean_musan_music_snr4_seed20260827/noisy/908-157963-0024.wav,16000,16000,1,1,55040,55040
229,1580-141083-0039.wav,1580-141083-0039,data/librispeech_test_clean_musan_music_snr4_seed20260827/clean/1580-141083-0039.wav,data/librispeech_test_clean_musan_music_snr4_seed20260827/noisy/1580-141083-0039.wav,16000,16000,1,1,59600,59600
230,8555-292519-0009.wav,8555-292519-0009,data/librispeech_test_clean_musan_music_snr4_seed20260827/clean/8555-292519-0009.wav,data/librispeech_test_clean_musan_music_snr4_seed20260827/noisy/8555-292519-0009.wav,16000,16000,1,1,287440,287440
231,5142-33396-0051.wav,5142-33396-0051,data/librispeech_test_clean_musan_music_snr4_seed20260827/clean/5142-33396-0051.wav,data/librispeech_test_clean_musan_music_snr4_seed20260827/noisy/5142-33396-0051.wav,16000,16000,1,1,89120,89120
232,260-123288-0026.wav,260-123288-0026,data/librispeech_test_clean_musan_music_snr4_seed20260827/clean/260-123288-0026.wav,data/librispeech_test_clean_musan_music_snr4_seed20260827/noisy/260-123288-0026.wav,16000,16000,1,1,256640,256640
233,8230-279154-0002.wav,8230-279154-0002,data/librispeech_test_clean_musan_music_snr4_seed20260827/clean/8230-279154-0002.wav,data/librispeech_test_clean_musan_music_snr4_seed20260827/noisy/8230-279154-0002.wav,16000,16000,1,1,263600,263600
234,8230-279154-0021.wav,8230-279154-0021,data/librispeech_test_clean_musan_music_snr4_seed20260827/clean/8230-279154-0021.wav,data/librispeech_test_clean_musan_music_snr4_seed20260827/noisy/8230-279154-0021.wav,16000,16000,1,1,104960,104960
235,2830-3980-0053.wav,2830-3980-0053,data/librispeech_test_clean_musan_music_snr4_seed20260827/clean/2830-3980-0053.wav,data/librispeech_test_clean_musan_music_snr4_seed20260827/noisy/2830-3980-0053.wav,16000,16000,1,1,80240,80240
236,8224-274381-0004.wav,8224-274381-0004,data/librispeech_test_clean_musan_music_snr4_seed20260827/clean/8224-274381-0004.wav,data/librispeech_test_clean_musan_music_snr4_seed20260827/noisy/8224-274381-0004.wav,16000,16000,1,1,340080,340080
237,4446-2275-0027.wav,4446-2275-0027,data/librispeech_test_clean_musan_music_snr4_seed20260827/clean/4446-2275-0027.wav,data/librispeech_test_clean_musan_music_snr4_seed20260827/noisy/4446-2275-0027.wav,16000,16000,1,1,47920,47920
238,1320-122617-0007.wav,1320-122617-0007,data/librispeech_test_clean_musan_music_snr4_seed20260827/clean/1320-122617-0007.wav,data/librispeech_test_clean_musan_music_snr4_seed20260827/noisy/1320-122617-0007.wav,16000,16000,1,1,296400,296400
239,5105-28241-0016.wav,5105-28241-0016,data/librispeech_test_clean_musan_music_snr4_seed20260827/clean/5105-28241-0016.wav,data/librispeech_test_clean_musan_music_snr4_seed20260827/noisy/5105-28241-0016.wav,16000,16000,1,1,100560,100560
240,672-122797-0062.wav,672-122797-0062,data/librispeech_test_clean_musan_music_snr4_seed20260827/clean/672-122797-0062.wav,data/librispeech_test_clean_musan_music_snr4_seed20260827/noisy/672-122797-0062.wav,16000,16000,1,1,42800,42800
241,4970-29093-0000.wav,4970-29093-0000,data/librispeech_test_clean_musan_music_snr4_seed20260827/clean/4970-29093-0000.wav,data/librispeech_test_clean_musan_music_snr4_seed20260827/noisy/4970-29093-0000.wav,16000,16000,1,1,48480,48480
242,237-126133-0010.wav,237-126133-0010,data/librispeech_test_clean_musan_music_snr4_seed20260827/clean/237-126133-0010.wav,data/librispeech_test_clean_musan_music_snr4_seed20260827/noisy/237-126133-0010.wav,16000,16000,1,1,99840,99840
243,2300-131720-0017.wav,2300-131720-0017,data/librispeech_test_clean_musan_music_snr4_seed20260827/clean/2300-131720-0017.wav,data/librispeech_test_clean_musan_music_snr4_seed20260827/noisy/2300-131720-0017.wav,16000,16000,1,1,318640,318640
244,1580-141084-0013.wav,1580-141084-0013,data/librispeech_test_clean_musan_music_snr4_seed20260827/clean/1580-141084-0013.wav,data/librispeech_test_clean_musan_music_snr4_seed20260827/noisy/1580-141084-0013.wav,16000,16000,1,1,35600,35600
245,4992-23283-0018.wav,4992-23283-0018,data/librispeech_test_clean_musan_music_snr4_seed20260827/clean/4992-23283-0018.wav,data/librispeech_test_clean_musan_music_snr4_seed20260827/noisy/4992-23283-0018.wav,16000,16000,1,1,105200,105200
246,2094-142345-0022.wav,2094-142345-0022,data/librispeech_test_clean_musan_music_snr4_seed20260827/clean/2094-142345-0022.wav,data/librispeech_test_clean_musan_music_snr4_seed20260827/noisy/2094-142345-0022.wav,16000,16000,1,1,36480,36480
247,1221-135767-0001.wav,1221-135767-0001,data/librispeech_test_clean_musan_music_snr4_seed20260827/clean/1221-135767-0001.wav,data/librispeech_test_clean_musan_music_snr4_seed20260827/noisy/1221-135767-0001.wav,16000,16000,1,1,214880,214880
248,6829-68769-0039.wav,6829-68769-0039,data/librispeech_test_clean_musan_music_snr4_seed20260827/clean/6829-68769-0039.wav,data/librispeech_test_clean_musan_music_snr4_seed20260827/noisy/6829-68769-0039.wav,16000,16000,1,1,64720,64720
249,8230-279154-0010.wav,8230-279154-0010,data/librispeech_test_clean_musan_music_snr4_seed20260827/clean/8230-279154-0010.wav,data/librispeech_test_clean_musan_music_snr4_seed20260827/noisy/8230-279154-0010.wav,16000,16000,1,1,243040,243040
250,4970-29095-0004.wav,4970-29095-0004,data/librispeech_test_clean_musan_music_snr4_seed20260827/clean/4970-29095-0004.wav,data/librispeech_test_clean_musan_music_snr4_seed20260827/noisy/4970-29095-0004.wav,16000,16000,1,1,153760,153760
251,7127-75947-0003.wav,7127-75947-0003,data/librispeech_test_clean_musan_music_snr4_seed20260827/clean/7127-75947-0003.wav,data/librispeech_test_clean_musan_music_snr4_seed20260827/noisy/7127-75947-0003.wav,16000,16000,1,1,95680,95680
252,1995-1826-0017.wav,1995-1826-0017,data/librispeech_test_clean_musan_music_snr4_seed20260827/clean/1995-1826-0017.wav,data/librispeech_test_clean_musan_music_snr4_seed20260827/noisy/1995-1826-0017.wav,16000,16000,1,1,98320,98320
253,7176-92135-0003.wav,7176-92135-0003,data/librispeech_test_clean_musan_music_snr4_seed20260827/clean/7176-92135-0003.wav,data/librispeech_test_clean_musan_music_snr4_seed20260827/noisy/7176-92135-0003.wav,16000,16000,1,1,63280,63280
254,8555-284449-0003.wav,8555-284449-0003,data/librispeech_test_clean_musan_music_snr4_seed20260827/clean/8555-284449-0003.wav,data/librispeech_test_clean_musan_music_snr4_seed20260827/noisy/8555-284449-0003.wav,16000,16000,1,1,142000,142000
255,260-123288-0009.wav,260-123288-0009,data/librispeech_test_clean_musan_music_snr4_seed20260827/clean/260-123288-0009.wav,data/librispeech_test_clean_musan_music_snr4_seed20260827/noisy/260-123288-0009.wav,16000,16000,1,1,54960,54960
256,6930-81414-0002.wav,6930-81414-0002,data/librispeech_test_clean_musan_music_snr4_seed20260827/clean/6930-81414-0002.wav,data/librispeech_test_clean_musan_music_snr4_seed20260827/noisy/6930-81414-0002.wav,16000,16000,1,1,52880,52880
257,1320-122617-0006.wav,1320-122617-0006,data/librispeech_test_clean_musan_music_snr4_seed20260827/clean/1320-122617-0006.wav,data/librispeech_test_clean_musan_music_snr4_seed20260827/noisy/1320-122617-0006.wav,16000,16000,1,1,90480,90480
258,3570-5694-0012.wav,3570-5694-0012,data/librispeech_test_clean_musan_music_snr4_seed20260827/clean/3570-5694-0012.wav,data/librispeech_test_clean_musan_music_snr4_seed20260827/noisy/3570-5694-0012.wav,16000,16000,1,1,51280,51280
259,1188-133604-0022.wav,1188-133604-0022,data/librispeech_test_clean_musan_music_snr4_seed20260827/clean/1188-133604-0022.wav,data/librispeech_test_clean_musan_music_snr4_seed20260827/noisy/1188-133604-0022.wav,16000,16000,1,1,154080,154080
260,5683-32865-0000.wav,5683-32865-0000,data/librispeech_test_clean_musan_music_snr4_seed20260827/clean/5683-32865-0000.wav,data/librispeech_test_clean_musan_music_snr4_seed20260827/noisy/5683-32865-0000.wav,16000,16000,1,1,35040,35040
261,4446-2275-0001.wav,4446-2275-0001,data/librispeech_test_clean_musan_music_snr4_seed20260827/clean/4446-2275-0001.wav,data/librispeech_test_clean_musan_music_snr4_seed20260827/noisy/4446-2275-0001.wav,16000,16000,1,1,74560,74560
262,4507-16021-0006.wav,4507-16021-0006,data/librispeech_test_clean_musan_music_snr4_seed20260827/clean/4507-16021-0006.wav,data/librispeech_test_clean_musan_music_snr4_seed20260827/noisy/4507-16021-0006.wav,16000,16000,1,1,33760,33760
263,4446-2273-0000.wav,4446-2273-0000,data/librispeech_test_clean_musan_music_snr4_seed20260827/clean/4446-2273-0000.wav,data/librispeech_test_clean_musan_music_snr4_seed20260827/noisy/4446-2273-0000.wav,16000,16000,1,1,143920,143920
264,8455-210777-0055.wav,8455-210777-0055,data/librispeech_test_clean_musan_music_snr4_seed20260827/clean/8455-210777-0055.wav,data/librispeech_test_clean_musan_music_snr4_seed20260827/noisy/8455-210777-0055.wav,16000,16000,1,1,152880,152880
265,1580-141083-0049.wav,1580-141083-0049,data/librispeech_test_clean_musan_music_snr4_seed20260827/clean/1580-141083-0049.wav,data/librispeech_test_clean_musan_music_snr4_seed20260827/noisy/1580-141083-0049.wav,16000,16000,1,1,61521,61521
266,121-127105-0024.wav,121-127105-0024,data/librispeech_test_clean_musan_music_snr4_seed20260827/clean/121-127105-0024.wav,data/librispeech_test_clean_musan_music_snr4_seed20260827/noisy/121-127105-0024.wav,16000,16000,1,1,231200,231200
267,5639-40744-0009.wav,5639-40744-0009,data/librispeech_test_clean_musan_music_snr4_seed20260827/clean/5639-40744-0009.wav,data/librispeech_test_clean_musan_music_snr4_seed20260827/noisy/5639-40744-0009.wav,16000,16000,1,1,38000,38000
268,260-123440-0012.wav,260-123440-0012,data/librispeech_test_clean_musan_music_snr4_seed20260827/clean/260-123440-0012.wav,data/librispeech_test_clean_musan_music_snr4_seed20260827/noisy/260-123440-0012.wav,16000,16000,1,1,83920,83920
269,8230-279154-0032.wav,8230-279154-0032,data/librispeech_test_clean_musan_music_snr4_seed20260827/clean/8230-279154-0032.wav,data/librispeech_test_clean_musan_music_snr4_seed20260827/noisy/8230-279154-0032.wav,16000,16000,1,1,62080,62080
270,2300-131720-0007.wav,2300-131720-0007,data/librispeech_test_clean_musan_music_snr4_seed20260827/clean/2300-131720-0007.wav,data/librispeech_test_clean_musan_music_snr4_seed20260827/noisy/2300-131720-0007.wav,16000,16000,1,1,215120,215120
271,121-127105-0023.wav,121-127105-0023,data/librispeech_test_clean_musan_music_snr4_seed20260827/clean/121-127105-0023.wav,data/librispeech_test_clean_musan_music_snr4_seed20260827/noisy/121-127105-0023.wav,16000,16000,1,1,174560,174560
272,1188-133604-0044.wav,1188-133604-0044,data/librispeech_test_clean_musan_music_snr4_seed20260827/clean/1188-133604-0044.wav,data/librispeech_test_clean_musan_music_snr4_seed20260827/noisy/1188-133604-0044.wav,16000,16000,1,1,296720,296720
273,3575-170457-0055.wav,3575-170457-0055,data/librispeech_test_clean_musan_music_snr4_seed20260827/clean/3575-170457-0055.wav,data/librispeech_test_clean_musan_music_snr4_seed20260827/noisy/3575-170457-0055.wav,16000,16000,1,1,189600,189600
274,1188-133604-0017.wav,1188-133604-0017,data/librispeech_test_clean_musan_music_snr4_seed20260827/clean/1188-133604-0017.wav,data/librispeech_test_clean_musan_music_snr4_seed20260827/noisy/1188-133604-0017.wav,16000,16000,1,1,73840,73840
275,2094-142345-0015.wav,2094-142345-0015,data/librispeech_test_clean_musan_music_snr4_seed20260827/clean/2094-142345-0015.wav,data/librispeech_test_clean_musan_music_snr4_seed20260827/noisy/2094-142345-0015.wav,16000,16000,1,1,240240,240240
276,8230-279154-0005.wav,8230-279154-0005,data/librispeech_test_clean_musan_music_snr4_seed20260827/clean/8230-279154-0005.wav,data/librispeech_test_clean_musan_music_snr4_seed20260827/noisy/8230-279154-0005.wav,16000,16000,1,1,123520,123520
277,4077-13754-0012.wav,4077-13754-0012,data/librispeech_test_clean_musan_music_snr4_seed20260827/clean/4077-13754-0012.wav,data/librispeech_test_clean_musan_music_snr4_seed20260827/noisy/4077-13754-0012.wav,16000,16000,1,1,353520,353520
278,1580-141084-0020.wav,1580-141084-0020,data/librispeech_test_clean_musan_music_snr4_seed20260827/clean/1580-141084-0020.wav,data/librispeech_test_clean_musan_music_snr4_seed20260827/noisy/1580-141084-0020.wav,16000,16000,1,1,45760,45760
279,121-127105-0030.wav,121-127105-0030,data/librispeech_test_clean_musan_music_snr4_seed20260827/clean/121-127105-0030.wav,data/librispeech_test_clean_musan_music_snr4_seed20260827/noisy/121-127105-0030.wav,16000,16000,1,1,34800,34800
280,260-123286-0005.wav,260-123286-0005,data/librispeech_test_clean_musan_music_snr4_seed20260827/clean/260-123286-0005.wav,data/librispeech_test_clean_musan_music_snr4_seed20260827/noisy/260-123286-0005.wav,16000,16000,1,1,76960,76960
281,5142-33396-0001.wav,5142-33396-0001,data/librispeech_test_clean_musan_music_snr4_seed20260827/clean/5142-33396-0001.wav,data/librispeech_test_clean_musan_music_snr4_seed20260827/noisy/5142-33396-0001.wav,16000,16000,1,1,80320,80320
282,6930-75918-0007.wav,6930-75918-0007,data/librispeech_test_clean_musan_music_snr4_seed20260827/clean/6930-75918-0007.wav,data/librispeech_test_clean_musan_music_snr4_seed20260827/noisy/6930-75918-0007.wav,16000,16000,1,1,53040,53040
283,7127-75947-0017.wav,7127-75947-0017,data/librispeech_test_clean_musan_music_snr4_seed20260827/clean/7127-75947-0017.wav,data/librispeech_test_clean_musan_music_snr4_seed20260827/noisy/7127-75947-0017.wav,16000,16000,1,1,42640,42640
284,8455-210777-0035.wav,8455-210777-0035,data/librispeech_test_clean_musan_music_snr4_seed20260827/clean/8455-210777-0035.wav,data/librispeech_test_clean_musan_music_snr4_seed20260827/noisy/8455-210777-0035.wav,16000,16000,1,1,79840,79840
285,4077-13754-0016.wav,4077-13754-0016,data/librispeech_test_clean_musan_music_snr4_seed20260827/clean/4077-13754-0016.wav,data/librispeech_test_clean_musan_music_snr4_seed20260827/noisy/4077-13754-0016.wav,16000,16000,1,1,190320,190320
286,8455-210777-0067.wav,8455-210777-0067,data/librispeech_test_clean_musan_music_snr4_seed20260827/clean/8455-210777-0067.wav,data/librispeech_test_clean_musan_music_snr4_seed20260827/noisy/8455-210777-0067.wav,16000,16000,1,1,60080,60080
287,5105-28241-0010.wav,5105-28241-0010,data/librispeech_test_clean_musan_music_snr4_seed20260827/clean/5105-28241-0010.wav,data/librispeech_test_clean_musan_music_snr4_seed20260827/noisy/5105-28241-0010.wav,16000,16000,1,1,36960,36960
288,8463-294828-0022.wav,8463-294828-0022,data/librispeech_test_clean_musan_music_snr4_seed20260827/clean/8463-294828-0022.wav,data/librispeech_test_clean_musan_music_snr4_seed20260827/noisy/8463-294828-0022.wav,16000,16000,1,1,37680,37680
289,1284-1181-0009.wav,1284-1181-0009,data/librispeech_test_clean_musan_music_snr4_seed20260827/clean/1284-1181-0009.wav,data/librispeech_test_clean_musan_music_snr4_seed20260827/noisy/1284-1181-0009.wav,16000,16000,1,1,83920,83920
290,8463-294828-0019.wav,8463-294828-0019,data/librispeech_test_clean_musan_music_snr4_seed20260827/clean/8463-294828-0019.wav,data/librispeech_test_clean_musan_music_snr4_seed20260827/noisy/8463-294828-0019.wav,16000,16000,1,1,72480,72480
291,8463-294828-0018.wav,8463-294828-0018,data/librispeech_test_clean_musan_music_snr4_seed20260827/clean/8463-294828-0018.wav,data/librispeech_test_clean_musan_music_snr4_seed20260827/noisy/8463-294828-0018.wav,16000,16000,1,1,47120,47120
292,4992-41806-0014.wav,4992-41806-0014,data/librispeech_test_clean_musan_music_snr4_seed20260827/clean/4992-41806-0014.wav,data/librispeech_test_clean_musan_music_snr4_seed20260827/noisy/4992-41806-0014.wav,16000,16000,1,1,243360,243360
293,4970-29095-0019.wav,4970-29095-0019,data/librispeech_test_clean_musan_music_snr4_seed20260827/clean/4970-29095-0019.wav,data/librispeech_test_clean_musan_music_snr4_seed20260827/noisy/4970-29095-0019.wav,16000,16000,1,1,43600,43600
294,1284-1180-0000.wav,1284-1180-0000,data/librispeech_test_clean_musan_music_snr4_seed20260827/clean/1284-1180-0000.wav,data/librispeech_test_clean_musan_music_snr4_seed20260827/noisy/1284-1180-0000.wav,16000,16000,1,1,129920,129920
295,4077-13754-0015.wav,4077-13754-0015,data/librispeech_test_clean_musan_music_snr4_seed20260827/clean/4077-13754-0015.wav,data/librispeech_test_clean_musan_music_snr4_seed20260827/noisy/4077-13754-0015.wav,16000,16000,1,1,355280,355280
296,8463-294825-0016.wav,8463-294825-0016,data/librispeech_test_clean_musan_music_snr4_seed20260827/clean/8463-294825-0016.wav,data/librispeech_test_clean_musan_music_snr4_seed20260827/noisy/8463-294825-0016.wav,16000,16000,1,1,71600,71600
297,1284-134647-0007.wav,1284-134647-0007,data/librispeech_test_clean_musan_music_snr4_seed20260827/clean/1284-134647-0007.wav,data/librispeech_test_clean_musan_music_snr4_seed20260827/noisy/1284-134647-0007.wav,16000,16000,1,1,226720,226720
298,4077-13751-0009.wav,4077-13751-0009,data/librispeech_test_clean_musan_music_snr4_seed20260827/clean/4077-13751-0009.wav,data/librispeech_test_clean_musan_music_snr4_seed20260827/noisy/4077-13751-0009.wav,16000,16000,1,1,194400,194400
299,3575-170457-0044.wav,3575-170457-0044,data/librispeech_test_clean_musan_music_snr4_seed20260827/clean/3575-170457-0044.wav,data/librispeech_test_clean_musan_music_snr4_seed20260827/noisy/3575-170457-0044.wav,16000,16000,1,1,155520,155520
300,1995-1836-0009.wav,1995-1836-0009,data/librispeech_test_clean_musan_music_snr4_seed20260827/clean/1995-1836-0009.wav,data/librispeech_test_clean_musan_music_snr4_seed20260827/noisy/1995-1836-0009.wav,16000,16000,1,1,107360,107360
301,2961-960-0013.wav,2961-960-0013,data/librispeech_test_clean_musan_music_snr4_seed20260827/clean/2961-960-0013.wav,data/librispeech_test_clean_musan_music_snr4_seed20260827/noisy/2961-960-0013.wav,16000,16000,1,1,169200,169200
302,2961-960-0019.wav,2961-960-0019,data/librispeech_test_clean_musan_music_snr4_seed20260827/clean/2961-960-0019.wav,data/librispeech_test_clean_musan_music_snr4_seed20260827/noisy/2961-960-0019.wav,16000,16000,1,1,194080,194080
303,5142-33396-0055.wav,5142-33396-0055,data/librispeech_test_clean_musan_music_snr4_seed20260827/clean/5142-33396-0055.wav,data/librispeech_test_clean_musan_music_snr4_seed20260827/noisy/5142-33396-0055.wav,16000,16000,1,1,44320,44320
304,6930-76324-0000.wav,6930-76324-0000,data/librispeech_test_clean_musan_music_snr4_seed20260827/clean/6930-76324-0000.wav,data/librispeech_test_clean_musan_music_snr4_seed20260827/noisy/6930-76324-0000.wav,16000,16000,1,1,48400,48400
305,7176-92135-0015.wav,7176-92135-0015,data/librispeech_test_clean_musan_music_snr4_seed20260827/clean/7176-92135-0015.wav,data/librispeech_test_clean_musan_music_snr4_seed20260827/noisy/7176-92135-0015.wav,16000,16000,1,1,108080,108080
306,2300-131720-0000.wav,2300-131720-0000,data/librispeech_test_clean_musan_music_snr4_seed20260827/clean/2300-131720-0000.wav,data/librispeech_test_clean_musan_music_snr4_seed20260827/noisy/2300-131720-0000.wav,16000,16000,1,1,81280,81280
307,5105-28233-0007.wav,5105-28233-0007,data/librispeech_test_clean_musan_music_snr4_seed20260827/clean/5105-28233-0007.wav,data/librispeech_test_clean_musan_music_snr4_seed20260827/noisy/5105-28233-0007.wav,16000,16000,1,1,418240,418240
308,1995-1826-0014.wav,1995-1826-0014,data/librispeech_test_clean_musan_music_snr4_seed20260827/clean/1995-1826-0014.wav,data/librispeech_test_clean_musan_music_snr4_seed20260827/noisy/1995-1826-0014.wav,16000,16000,1,1,40000,40000
309,2300-131720-0023.wav,2300-131720-0023,data/librispeech_test_clean_musan_music_snr4_seed20260827/clean/2300-131720-0023.wav,data/librispeech_test_clean_musan_music_snr4_seed20260827/noisy/2300-131720-0023.wav,16000,16000,1,1,176960,176960
310,61-70968-0026.wav,61-70968-0026,data/librispeech_test_clean_musan_music_snr4_seed20260827/clean/61-70968-0026.wav,data/librispeech_test_clean_musan_music_snr4_seed20260827/noisy/61-70968-0026.wav,16000,16000,1,1,78720,78720
311,1320-122617-0027.wav,1320-122617-0027,data/librispeech_test_clean_musan_music_snr4_seed20260827/clean/1320-122617-0027.wav,data/librispeech_test_clean_musan_music_snr4_seed20260827/noisy/1320-122617-0027.wav,16000,16000,1,1,91039,91039
312,1089-134686-0037.wav,1089-134686-0037,data/librispeech_test_clean_musan_music_snr4_seed20260827/clean/1089-134686-0037.wav,data/librispeech_test_clean_musan_music_snr4_seed20260827/noisy/1089-134686-0037.wav,16000,16000,1,1,83360,83360
313,5639-40744-0029.wav,5639-40744-0029,data/librispeech_test_clean_musan_music_snr4_seed20260827/clean/5639-40744-0029.wav,data/librispeech_test_clean_musan_music_snr4_seed20260827/noisy/5639-40744-0029.wav,16000,16000,1,1,116880,116880
314,1580-141084-0038.wav,1580-141084-0038,data/librispeech_test_clean_musan_music_snr4_seed20260827/clean/1580-141084-0038.wav,data/librispeech_test_clean_musan_music_snr4_seed20260827/noisy/1580-141084-0038.wav,16000,16000,1,1,47280,47280
315,121-127105-0019.wav,121-127105-0019,data/librispeech_test_clean_musan_music_snr4_seed20260827/clean/121-127105-0019.wav,data/librispeech_test_clean_musan_music_snr4_seed20260827/noisy/121-127105-0019.wav,16000,16000,1,1,56400,56400
316,672-122797-0072.wav,672-122797-0072,data/librispeech_test_clean_musan_music_snr4_seed20260827/clean/672-122797-0072.wav,data/librispeech_test_clean_musan_music_snr4_seed20260827/noisy/672-122797-0072.wav,16000,16000,1,1,127040,127040
317,2830-3980-0021.wav,2830-3980-0021,data/librispeech_test_clean_musan_music_snr4_seed20260827/clean/2830-3980-0021.wav,data/librispeech_test_clean_musan_music_snr4_seed20260827/noisy/2830-3980-0021.wav,16000,16000,1,1,46560,46560
318,1580-141084-0037.wav,1580-141084-0037,data/librispeech_test_clean_musan_music_snr4_seed20260827/clean/1580-141084-0037.wav,data/librispeech_test_clean_musan_music_snr4_seed20260827/noisy/1580-141084-0037.wav,16000,16000,1,1,47440,47440
319,260-123440-0002.wav,260-123440-0002,data/librispeech_test_clean_musan_music_snr4_seed20260827/clean/260-123440-0002.wav,data/librispeech_test_clean_musan_music_snr4_seed20260827/noisy/260-123440-0002.wav,16000,16000,1,1,235440,235440
320,237-126133-0015.wav,237-126133-0015,data/librispeech_test_clean_musan_music_snr4_seed20260827/clean/237-126133-0015.wav,data/librispeech_test_clean_musan_music_snr4_seed20260827/noisy/237-126133-0015.wav,16000,16000,1,1,149440,149440
321,61-70968-0022.wav,61-70968-0022,data/librispeech_test_clean_musan_music_snr4_seed20260827/clean/61-70968-0022.wav,data/librispeech_test_clean_musan_music_snr4_seed20260827/noisy/61-70968-0022.wav,16000,16000,1,1,74720,74720
322,260-123440-0013.wav,260-123440-0013,data/librispeech_test_clean_musan_music_snr4_seed20260827/clean/260-123440-0013.wav,data/librispeech_test_clean_musan_music_snr4_seed20260827/noisy/260-123440-0013.wav,16000,16000,1,1,55600,55600
323,6930-76324-0009.wav,6930-76324-0009,data/librispeech_test_clean_musan_music_snr4_seed20260827/clean/6930-76324-0009.wav,data/librispeech_test_clean_musan_music_snr4_seed20260827/noisy/6930-76324-0009.wav,16000,16000,1,1,54480,54480
324,7127-75947-0038.wav,7127-75947-0038,data/librispeech_test_clean_musan_music_snr4_seed20260827/clean/7127-75947-0038.wav,data/librispeech_test_clean_musan_music_snr4_seed20260827/noisy/7127-75947-0038.wav,16000,16000,1,1,180160,180160
325,1188-133604-0029.wav,1188-133604-0029,data/librispeech_test_clean_musan_music_snr4_seed20260827/clean/1188-133604-0029.wav,data/librispeech_test_clean_musan_music_snr4_seed20260827/noisy/1188-133604-0029.wav,16000,16000,1,1,59280,59280
326,7176-88083-0013.wav,7176-88083-0013,data/librispeech_test_clean_musan_music_snr4_seed20260827/clean/7176-88083-0013.wav,data/librispeech_test_clean_musan_music_snr4_seed20260827/noisy/7176-88083-0013.wav,16000,16000,1,1,240000,240000
327,2830-3980-0047.wav,2830-3980-0047,data/librispeech_test_clean_musan_music_snr4_seed20260827/clean/2830-3980-0047.wav,data/librispeech_test_clean_musan_music_snr4_seed20260827/noisy/2830-3980-0047.wav,16000,16000,1,1,125840,125840
328,4507-16021-0031.wav,4507-16021-0031,data/librispeech_test_clean_musan_music_snr4_seed20260827/clean/4507-16021-0031.wav,data/librispeech_test_clean_musan_music_snr4_seed20260827/noisy/4507-16021-0031.wav,16000,16000,1,1,228960,228960
329,6930-81414-0015.wav,6930-81414-0015,data/librispeech_test_clean_musan_music_snr4_seed20260827/clean/6930-81414-0015.wav,data/librispeech_test_clean_musan_music_snr4_seed20260827/noisy/6930-81414-0015.wav,16000,16000,1,1,59680,59680
330,3575-170457-0027.wav,3575-170457-0027,data/librispeech_test_clean_musan_music_snr4_seed20260827/clean/3575-170457-0027.wav,data/librispeech_test_clean_musan_music_snr4_seed20260827/noisy/3575-170457-0027.wav,16000,16000,1,1,73280,73280
331,6829-68769-0048.wav,6829-68769-0048,data/librispeech_test_clean_musan_music_snr4_seed20260827/clean/6829-68769-0048.wav,data/librispeech_test_clean_musan_music_snr4_seed20260827/noisy/6829-68769-0048.wav,16000,16000,1,1,103920,103920
332,8455-210777-0024.wav,8455-210777-0024,data/librispeech_test_clean_musan_music_snr4_seed20260827/clean/8455-210777-0024.wav,data/librispeech_test_clean_musan_music_snr4_seed20260827/noisy/8455-210777-0024.wav,16000,16000,1,1,120960,120960
333,2961-960-0000.wav,2961-960-0000,data/librispeech_test_clean_musan_music_snr4_seed20260827/clean/2961-960-0000.wav,data/librispeech_test_clean_musan_music_snr4_seed20260827/noisy/2961-960-0000.wav,16000,16000,1,1,434880,434880
334,908-157963-0011.wav,908-157963-0011,data/librispeech_test_clean_musan_music_snr4_seed20260827/clean/908-157963-0011.wav,data/librispeech_test_clean_musan_music_snr4_seed20260827/noisy/908-157963-0011.wav,16000,16000,1,1,166320,166320
335,7021-85628-0019.wav,7021-85628-0019,data/librispeech_test_clean_musan_music_snr4_seed20260827/clean/7021-85628-0019.wav,data/librispeech_test_clean_musan_music_snr4_seed20260827/noisy/7021-85628-0019.wav,16000,16000,1,1,52080,52080
336,672-122797-0041.wav,672-122797-0041,data/librispeech_test_clean_musan_music_snr4_seed20260827/clean/672-122797-0041.wav,data/librispeech_test_clean_musan_music_snr4_seed20260827/noisy/672-122797-0041.wav,16000,16000,1,1,62080,62080
337,5142-33396-0043.wav,5142-33396-0043,data/librispeech_test_clean_musan_music_snr4_seed20260827/clean/5142-33396-0043.wav,data/librispeech_test_clean_musan_music_snr4_seed20260827/noisy/5142-33396-0043.wav,16000,16000,1,1,60320,60320
338,3570-5694-0003.wav,3570-5694-0003,data/librispeech_test_clean_musan_music_snr4_seed20260827/clean/3570-5694-0003.wav,data/librispeech_test_clean_musan_music_snr4_seed20260827/noisy/3570-5694-0003.wav,16000,16000,1,1,304400,304400
339,237-134500-0009.wav,237-134500-0009,data/librispeech_test_clean_musan_music_snr4_seed20260827/clean/237-134500-0009.wav,data/librispeech_test_clean_musan_music_snr4_seed20260827/noisy/237-134500-0009.wav,16000,16000,1,1,35520,35520
340,4507-16021-0008.wav,4507-16021-0008,data/librispeech_test_clean_musan_music_snr4_seed20260827/clean/4507-16021-0008.wav,data/librispeech_test_clean_musan_music_snr4_seed20260827/noisy/4507-16021-0008.wav,16000,16000,1,1,57440,57440
341,908-31957-0002.wav,908-31957-0002,data/librispeech_test_clean_musan_music_snr4_seed20260827/clean/908-31957-0002.wav,data/librispeech_test_clean_musan_music_snr4_seed20260827/noisy/908-31957-0002.wav,16000,16000,1,1,76640,76640
342,237-134500-0032.wav,237-134500-0032,data/librispeech_test_clean_musan_music_snr4_seed20260827/clean/237-134500-0032.wav,data/librispeech_test_clean_musan_music_snr4_seed20260827/noisy/237-134500-0032.wav,16000,16000,1,1,80400,80400
343,1580-141084-0047.wav,1580-141084-0047,data/librispeech_test_clean_musan_music_snr4_seed20260827/clean/1580-141084-0047.wav,data/librispeech_test_clean_musan_music_snr4_seed20260827/noisy/1580-141084-0047.wav,16000,16000,1,1,84000,84000
344,121-127105-0009.wav,121-127105-0009,data/librispeech_test_clean_musan_music_snr4_seed20260827/clean/121-127105-0009.wav,data/librispeech_test_clean_musan_music_snr4_seed20260827/noisy/121-127105-0009.wav,16000,16000,1,1,36640,36640
345,7176-88083-0000.wav,7176-88083-0000,data/librispeech_test_clean_musan_music_snr4_seed20260827/clean/7176-88083-0000.wav,data/librispeech_test_clean_musan_music_snr4_seed20260827/noisy/7176-88083-0000.wav,16000,16000,1,1,91120,91120
346,1320-122617-0017.wav,1320-122617-0017,data/librispeech_test_clean_musan_music_snr4_seed20260827/clean/1320-122617-0017.wav,data/librispeech_test_clean_musan_music_snr4_seed20260827/noisy/1320-122617-0017.wav,16000,16000,1,1,90480,90480
347,1320-122617-0036.wav,1320-122617-0036,data/librispeech_test_clean_musan_music_snr4_seed20260827/clean/1320-122617-0036.wav,data/librispeech_test_clean_musan_music_snr4_seed20260827/noisy/1320-122617-0036.wav,16000,16000,1,1,197920,197920
348,121-127105-0008.wav,121-127105-0008,data/librispeech_test_clean_musan_music_snr4_seed20260827/clean/121-127105-0008.wav,data/librispeech_test_clean_musan_music_snr4_seed20260827/noisy/121-127105-0008.wav,16000,16000,1,1,44160,44160
349,7021-85628-0025.wav,7021-85628-0025,data/librispeech_test_clean_musan_music_snr4_seed20260827/clean/7021-85628-0025.wav,data/librispeech_test_clean_musan_music_snr4_seed20260827/noisy/7021-85628-0025.wav,16000,16000,1,1,44400,44400
350,5142-33396-0018.wav,5142-33396-0018,data/librispeech_test_clean_musan_music_snr4_seed20260827/clean/5142-33396-0018.wav,data/librispeech_test_clean_musan_music_snr4_seed20260827/noisy/5142-33396-0018.wav,16000,16000,1,1,63040,63040
351,6829-68769-0006.wav,6829-68769-0006,data/librispeech_test_clean_musan_music_snr4_seed20260827/clean/6829-68769-0006.wav,data/librispeech_test_clean_musan_music_snr4_seed20260827/noisy/6829-68769-0006.wav,16000,16000,1,1,115120,115120
352,1995-1837-0000.wav,1995-1837-0000,data/librispeech_test_clean_musan_music_snr4_seed20260827/clean/1995-1837-0000.wav,data/librispeech_test_clean_musan_music_snr4_seed20260827/noisy/1995-1837-0000.wav,16000,16000,1,1,61840,61840
353,61-70968-0048.wav,61-70968-0048,data/librispeech_test_clean_musan_music_snr4_seed20260827/clean/61-70968-0048.wav,data/librispeech_test_clean_musan_music_snr4_seed20260827/noisy/61-70968-0048.wav,16000,16000,1,1,48320,48320
354,1284-1180-0028.wav,1284-1180-0028,data/librispeech_test_clean_musan_music_snr4_seed20260827/clean/1284-1180-0028.wav,data/librispeech_test_clean_musan_music_snr4_seed20260827/noisy/1284-1180-0028.wav,16000,16000,1,1,96720,96720
355,61-70968-0021.wav,61-70968-0021,data/librispeech_test_clean_musan_music_snr4_seed20260827/clean/61-70968-0021.wav,data/librispeech_test_clean_musan_music_snr4_seed20260827/noisy/61-70968-0021.wav,16000,16000,1,1,43040,43040
356,7729-102255-0000.wav,7729-102255-0000,data/librispeech_test_clean_musan_music_snr4_seed20260827/clean/7729-102255-0000.wav,data/librispeech_test_clean_musan_music_snr4_seed20260827/noisy/7729-102255-0000.wav,16000,16000,1,1,52560,52560
357,5142-33396-0027.wav,5142-33396-0027,data/librispeech_test_clean_musan_music_snr4_seed20260827/clean/5142-33396-0027.wav,data/librispeech_test_clean_musan_music_snr4_seed20260827/noisy/5142-33396-0027.wav,16000,16000,1,1,35760,35760
358,8555-284449-0007.wav,8555-284449-0007,data/librispeech_test_clean_musan_music_snr4_seed20260827/clean/8555-284449-0007.wav,data/librispeech_test_clean_musan_music_snr4_seed20260827/noisy/8555-284449-0007.wav,16000,16000,1,1,148960,148960
359,5683-32879-0001.wav,5683-32879-0001,data/librispeech_test_clean_musan_music_snr4_seed20260827/clean/5683-32879-0001.wav,data/librispeech_test_clean_musan_music_snr4_seed20260827/noisy/5683-32879-0001.wav,16000,16000,1,1,58560,58560
360,4992-41806-0000.wav,4992-41806-0000,data/librispeech_test_clean_musan_music_snr4_seed20260827/clean/4992-41806-0000.wav,data/librispeech_test_clean_musan_music_snr4_seed20260827/noisy/4992-41806-0000.wav,16000,16000,1,1,229760,229760
361,1580-141083-0045.wav,1580-141083-0045,data/librispeech_test_clean_musan_music_snr4_seed20260827/clean/1580-141083-0045.wav,data/librispeech_test_clean_musan_music_snr4_seed20260827/noisy/1580-141083-0045.wav,16000,16000,1,1,69760,69760
362,6829-68769-0041.wav,6829-68769-0041,data/librispeech_test_clean_musan_music_snr4_seed20260827/clean/6829-68769-0041.wav,data/librispeech_test_clean_musan_music_snr4_seed20260827/noisy/6829-68769-0041.wav,16000,16000,1,1,42560,42560
363,3570-5694-0001.wav,3570-5694-0001,data/librispeech_test_clean_musan_music_snr4_seed20260827/clean/3570-5694-0001.wav,data/librispeech_test_clean_musan_music_snr4_seed20260827/noisy/3570-5694-0001.wav,16000,16000,1,1,90800,90800
364,908-31957-0024.wav,908-31957-0024,data/librispeech_test_clean_musan_music_snr4_seed20260827/clean/908-31957-0024.wav,data/librispeech_test_clean_musan_music_snr4_seed20260827/noisy/908-31957-0024.wav,16000,16000,1,1,120640,120640
365,8455-210777-0041.wav,8455-210777-0041,data/librispeech_test_clean_musan_music_snr4_seed20260827/clean/8455-210777-0041.wav,data/librispeech_test_clean_musan_music_snr4_seed20260827/noisy/8455-210777-0041.wav,16000,16000,1,1,101920,101920
366,7127-75947-0028.wav,7127-75947-0028,data/librispeech_test_clean_musan_music_snr4_seed20260827/clean/7127-75947-0028.wav,data/librispeech_test_clean_musan_music_snr4_seed20260827/noisy/7127-75947-0028.wav,16000,16000,1,1,119360,119360
367,4992-41797-0008.wav,4992-41797-0008,data/librispeech_test_clean_musan_music_snr4_seed20260827/clean/4992-41797-0008.wav,data/librispeech_test_clean_musan_music_snr4_seed20260827/noisy/4992-41797-0008.wav,16000,16000,1,1,143440,143440
368,8455-210777-0025.wav,8455-210777-0025,data/librispeech_test_clean_musan_music_snr4_seed20260827/clean/8455-210777-0025.wav,data/librispeech_test_clean_musan_music_snr4_seed20260827/noisy/8455-210777-0025.wav,16000,16000,1,1,58080,58080
369,7021-85628-0015.wav,7021-85628-0015,data/librispeech_test_clean_musan_music_snr4_seed20260827/clean/7021-85628-0015.wav,data/librispeech_test_clean_musan_music_snr4_seed20260827/noisy/7021-85628-0015.wav,16000,16000,1,1,184720,184720
370,7127-75947-0022.wav,7127-75947-0022,data/librispeech_test_clean_musan_music_snr4_seed20260827/clean/7127-75947-0022.wav,data/librispeech_test_clean_musan_music_snr4_seed20260827/noisy/7127-75947-0022.wav,16000,16000,1,1,197600,197600
371,2830-3980-0008.wav,2830-3980-0008,data/librispeech_test_clean_musan_music_snr4_seed20260827/clean/2830-3980-0008.wav,data/librispeech_test_clean_musan_music_snr4_seed20260827/noisy/2830-3980-0008.wav,16000,16000,1,1,77440,77440
372,4446-2273-0013.wav,4446-2273-0013,data/librispeech_test_clean_musan_music_snr4_seed20260827/clean/4446-2273-0013.wav,data/librispeech_test_clean_musan_music_snr4_seed20260827/noisy/4446-2273-0013.wav,16000,16000,1,1,42000,42000
373,7021-79740-0001.wav,7021-79740-0001,data/librispeech_test_clean_musan_music_snr4_seed20260827/clean/7021-79740-0001.wav,data/librispeech_test_clean_musan_music_snr4_seed20260827/noisy/7021-79740-0001.wav,16000,16000,1,1,95920,95920
374,5683-32866-0001.wav,5683-32866-0001,data/librispeech_test_clean_musan_music_snr4_seed20260827/clean/5683-32866-0001.wav,data/librispeech_test_clean_musan_music_snr4_seed20260827/noisy/5683-32866-0001.wav,16000,16000,1,1,55520,55520
375,4507-16021-0021.wav,4507-16021-0021,data/librispeech_test_clean_musan_music_snr4_seed20260827/clean/4507-16021-0021.wav,data/librispeech_test_clean_musan_music_snr4_seed20260827/noisy/4507-16021-0021.wav,16000,16000,1,1,231680,231680
376,2094-142345-0042.wav,2094-142345-0042,data/librispeech_test_clean_musan_music_snr4_seed20260827/clean/2094-142345-0042.wav,data/librispeech_test_clean_musan_music_snr4_seed20260827/noisy/2094-142345-0042.wav,16000,16000,1,1,39280,39280
377,8224-274384-0005.wav,8224-274384-0005,data/librispeech_test_clean_musan_music_snr4_seed20260827/clean/8224-274384-0005.wav,data/librispeech_test_clean_musan_music_snr4_seed20260827/noisy/8224-274384-0005.wav,16000,16000,1,1,139920,139920
378,237-134500-0017.wav,237-134500-0017,data/librispeech_test_clean_musan_music_snr4_seed20260827/clean/237-134500-0017.wav,data/librispeech_test_clean_musan_music_snr4_seed20260827/noisy/237-134500-0017.wav,16000,16000,1,1,34880,34880
379,2830-3979-0001.wav,2830-3979-0001,data/librispeech_test_clean_musan_music_snr4_seed20260827/clean/2830-3979-0001.wav,data/librispeech_test_clean_musan_music_snr4_seed20260827/noisy/2830-3979-0001.wav,16000,16000,1,1,258001,258001
380,260-123286-0001.wav,260-123286-0001,data/librispeech_test_clean_musan_music_snr4_seed20260827/clean/260-123286-0001.wav,data/librispeech_test_clean_musan_music_snr4_seed20260827/noisy/260-123286-0001.wav,16000,16000,1,1,49120,49120
381,1320-122617-0035.wav,1320-122617-0035,data/librispeech_test_clean_musan_music_snr4_seed20260827/clean/1320-122617-0035.wav,data/librispeech_test_clean_musan_music_snr4_seed20260827/noisy/1320-122617-0035.wav,16000,16000,1,1,291520,291520
382,8224-274384-0002.wav,8224-274384-0002,data/librispeech_test_clean_musan_music_snr4_seed20260827/clean/8224-274384-0002.wav,data/librispeech_test_clean_musan_music_snr4_seed20260827/noisy/8224-274384-0002.wav,16000,16000,1,1,157040,157040
383,1580-141083-0013.wav,1580-141083-0013,data/librispeech_test_clean_musan_music_snr4_seed20260827/clean/1580-141083-0013.wav,data/librispeech_test_clean_musan_music_snr4_seed20260827/noisy/1580-141083-0013.wav,16000,16000,1,1,69120,69120
384,7176-92135-0033.wav,7176-92135-0033,data/librispeech_test_clean_musan_music_snr4_seed20260827/clean/7176-92135-0033.wav,data/librispeech_test_clean_musan_music_snr4_seed20260827/noisy/7176-92135-0033.wav,16000,16000,1,1,35680,35680
385,1320-122612-0015.wav,1320-122612-0015,data/librispeech_test_clean_musan_music_snr4_seed20260827/clean/1320-122612-0015.wav,data/librispeech_test_clean_musan_music_snr4_seed20260827/noisy/1320-122612-0015.wav,16000,16000,1,1,102160,102160
386,908-31957-0001.wav,908-31957-0001,data/librispeech_test_clean_musan_music_snr4_seed20260827/clean/908-31957-0001.wav,data/librispeech_test_clean_musan_music_snr4_seed20260827/noisy/908-31957-0001.wav,16000,16000,1,1,181040,181040
387,2830-3980-0025.wav,2830-3980-0025,data/librispeech_test_clean_musan_music_snr4_seed20260827/clean/2830-3980-0025.wav,data/librispeech_test_clean_musan_music_snr4_seed20260827/noisy/2830-3980-0025.wav,16000,16000,1,1,140720,140720
388,7729-102255-0009.wav,7729-102255-0009,data/librispeech_test_clean_musan_music_snr4_seed20260827/clean/7729-102255-0009.wav,data/librispeech_test_clean_musan_music_snr4_seed20260827/noisy/7729-102255-0009.wav,16000,16000,1,1,296960,296960
389,4507-16021-0010.wav,4507-16021-0010,data/librispeech_test_clean_musan_music_snr4_seed20260827/clean/4507-16021-0010.wav,data/librispeech_test_clean_musan_music_snr4_seed20260827/noisy/4507-16021-0010.wav,16000,16000,1,1,242640,242640
390,2094-142345-0045.wav,2094-142345-0045,data/librispeech_test_clean_musan_music_snr4_seed20260827/clean/2094-142345-0045.wav,data/librispeech_test_clean_musan_music_snr4_seed20260827/noisy/2094-142345-0045.wav,16000,16000,1,1,48080,48080
391,6930-76324-0012.wav,6930-76324-0012,data/librispeech_test_clean_musan_music_snr4_seed20260827/clean/6930-76324-0012.wav,data/librispeech_test_clean_musan_music_snr4_seed20260827/noisy/6930-76324-0012.wav,16000,16000,1,1,74480,74480
392,237-134500-0003.wav,237-134500-0003,data/librispeech_test_clean_musan_music_snr4_seed20260827/clean/237-134500-0003.wav,data/librispeech_test_clean_musan_music_snr4_seed20260827/noisy/237-134500-0003.wav,16000,16000,1,1,50720,50720
393,4970-29093-0009.wav,4970-29093-0009,data/librispeech_test_clean_musan_music_snr4_seed20260827/clean/4970-29093-0009.wav,data/librispeech_test_clean_musan_music_snr4_seed20260827/noisy/4970-29093-0009.wav,16000,16000,1,1,145920,145920
394,6930-75918-0006.wav,6930-75918-0006,data/librispeech_test_clean_musan_music_snr4_seed20260827/clean/6930-75918-0006.wav,data/librispeech_test_clean_musan_music_snr4_seed20260827/noisy/6930-75918-0006.wav,16000,16000,1,1,93600,93600
395,61-70968-0059.wav,61-70968-0059,data/librispeech_test_clean_musan_music_snr4_seed20260827/clean/61-70968-0059.wav,data/librispeech_test_clean_musan_music_snr4_seed20260827/noisy/61-70968-0059.wav,16000,16000,1,1,34720,34720
396,1221-135767-0015.wav,1221-135767-0015,data/librispeech_test_clean_musan_music_snr4_seed20260827/clean/1221-135767-0015.wav,data/librispeech_test_clean_musan_music_snr4_seed20260827/noisy/1221-135767-0015.wav,16000,16000,1,1,45600,45600
397,4970-29095-0010.wav,4970-29095-0010,data/librispeech_test_clean_musan_music_snr4_seed20260827/clean/4970-29095-0010.wav,data/librispeech_test_clean_musan_music_snr4_seed20260827/noisy/4970-29095-0010.wav,16000,16000,1,1,42240,42240
398,5142-36600-0000.wav,5142-36600-0000,data/librispeech_test_clean_musan_music_snr4_seed20260827/clean/5142-36600-0000.wav,data/librispeech_test_clean_musan_music_snr4_seed20260827/noisy/5142-36600-0000.wav,16000,16000,1,1,40400,40400
399,260-123288-0005.wav,260-123288-0005,data/librispeech_test_clean_musan_music_snr4_seed20260827/clean/260-123288-0005.wav,data/librispeech_test_clean_musan_music_snr4_seed20260827/noisy/260-123288-0005.wav,16000,16000,1,1,200800,200800
400,2961-961-0018.wav,2961-961-0018,data/librispeech_test_clean_musan_music_snr4_seed20260827/clean/2961-961-0018.wav,data/librispeech_test_clean_musan_music_snr4_seed20260827/noisy/2961-961-0018.wav,16000,16000,1,1,84640,84640
401,7127-75947-0030.wav,7127-75947-0030,data/librispeech_test_clean_musan_music_snr4_seed20260827/clean/7127-75947-0030.wav,data/librispeech_test_clean_musan_music_snr4_seed20260827/noisy/7127-75947-0030.wav,16000,16000,1,1,44160,44160
402,1580-141083-0040.wav,1580-141083-0040,data/librispeech_test_clean_musan_music_snr4_seed20260827/clean/1580-141083-0040.wav,data/librispeech_test_clean_musan_music_snr4_seed20260827/noisy/1580-141083-0040.wav,16000,16000,1,1,60000,60000
403,1995-1837-0020.wav,1995-1837-0020,data/librispeech_test_clean_musan_music_snr4_seed20260827/clean/1995-1837-0020.wav,data/librispeech_test_clean_musan_music_snr4_seed20260827/noisy/1995-1837-0020.wav,16000,16000,1,1,51360,51360
404,672-122797-0064.wav,672-122797-0064,data/librispeech_test_clean_musan_music_snr4_seed20260827/clean/672-122797-0064.wav,data/librispeech_test_clean_musan_music_snr4_seed20260827/noisy/672-122797-0064.wav,16000,16000,1,1,244320,244320
405,3575-170457-0021.wav,3575-170457-0021,data/librispeech_test_clean_musan_music_snr4_seed20260827/clean/3575-170457-0021.wav,data/librispeech_test_clean_musan_music_snr4_seed20260827/noisy/3575-170457-0021.wav,16000,16000,1,1,66880,66880
406,4992-23283-0006.wav,4992-23283-0006,data/librispeech_test_clean_musan_music_snr4_seed20260827/clean/4992-23283-0006.wav,data/librispeech_test_clean_musan_music_snr4_seed20260827/noisy/4992-23283-0006.wav,16000,16000,1,1,47440,47440
407,4077-13754-0001.wav,4077-13754-0001,data/librispeech_test_clean_musan_music_snr4_seed20260827/clean/4077-13754-0001.wav,data/librispeech_test_clean_musan_music_snr4_seed20260827/noisy/4077-13754-0001.wav,16000,16000,1,1,60320,60320
408,237-126133-0004.wav,237-126133-0004,data/librispeech_test_clean_musan_music_snr4_seed20260827/clean/237-126133-0004.wav,data/librispeech_test_clean_musan_music_snr4_seed20260827/noisy/237-126133-0004.wav,16000,16000,1,1,52720,52720
409,1580-141083-0003.wav,1580-141083-0003,data/librispeech_test_clean_musan_music_snr4_seed20260827/clean/1580-141083-0003.wav,data/librispeech_test_clean_musan_music_snr4_seed20260827/noisy/1580-141083-0003.wav,16000,16000,1,1,104800,104800
410,7127-75947-0015.wav,7127-75947-0015,data/librispeech_test_clean_musan_music_snr4_seed20260827/clean/7127-75947-0015.wav,data/librispeech_test_clean_musan_music_snr4_seed20260827/noisy/7127-75947-0015.wav,16000,16000,1,1,100160,100160
411,1580-141084-0019.wav,1580-141084-0019,data/librispeech_test_clean_musan_music_snr4_seed20260827/clean/1580-141084-0019.wav,data/librispeech_test_clean_musan_music_snr4_seed20260827/noisy/1580-141084-0019.wav,16000,16000,1,1,50000,50000
412,2830-3980-0042.wav,2830-3980-0042,data/librispeech_test_clean_musan_music_snr4_seed20260827/clean/2830-3980-0042.wav,data/librispeech_test_clean_musan_music_snr4_seed20260827/noisy/2830-3980-0042.wav,16000,16000,1,1,48320,48320
413,61-70968-0057.wav,61-70968-0057,data/librispeech_test_clean_musan_music_snr4_seed20260827/clean/61-70968-0057.wav,data/librispeech_test_clean_musan_music_snr4_seed20260827/noisy/61-70968-0057.wav,16000,16000,1,1,81040,81040
414,4507-16021-0024.wav,4507-16021-0024,data/librispeech_test_clean_musan_music_snr4_seed20260827/clean/4507-16021-0024.wav,data/librispeech_test_clean_musan_music_snr4_seed20260827/noisy/4507-16021-0024.wav,16000,16000,1,1,82240,82240
415,8463-294825-0007.wav,8463-294825-0007,data/librispeech_test_clean_musan_music_snr4_seed20260827/clean/8463-294825-0007.wav,data/librispeech_test_clean_musan_music_snr4_seed20260827/noisy/8463-294825-0007.wav,16000,16000,1,1,336800,336800
416,2094-142345-0007.wav,2094-142345-0007,data/librispeech_test_clean_musan_music_snr4_seed20260827/clean/2094-142345-0007.wav,data/librispeech_test_clean_musan_music_snr4_seed20260827/noisy/2094-142345-0007.wav,16000,16000,1,1,43200,43200
417,3575-170457-0039.wav,3575-170457-0039,data/librispeech_test_clean_musan_music_snr4_seed20260827/clean/3575-170457-0039.wav,data/librispeech_test_clean_musan_music_snr4_seed20260827/noisy/3575-170457-0039.wav,16000,16000,1,1,203520,203520
418,2961-960-0020.wav,2961-960-0020,data/librispeech_test_clean_musan_music_snr4_seed20260827/clean/2961-960-0020.wav,data/librispeech_test_clean_musan_music_snr4_seed20260827/noisy/2961-960-0020.wav,16000,16000,1,1,158080,158080
419,4077-13751-0018.wav,4077-13751-0018,data/librispeech_test_clean_musan_music_snr4_seed20260827/clean/4077-13751-0018.wav,data/librispeech_test_clean_musan_music_snr4_seed20260827/noisy/4077-13751-0018.wav,16000,16000,1,1,417840,417840
420,6829-68769-0023.wav,6829-68769-0023,data/librispeech_test_clean_musan_music_snr4_seed20260827/clean/6829-68769-0023.wav,data/librispeech_test_clean_musan_music_snr4_seed20260827/noisy/6829-68769-0023.wav,16000,16000,1,1,78240,78240
421,1284-1180-0015.wav,1284-1180-0015,data/librispeech_test_clean_musan_music_snr4_seed20260827/clean/1284-1180-0015.wav,data/librispeech_test_clean_musan_music_snr4_seed20260827/noisy/1284-1180-0015.wav,16000,16000,1,1,93360,93360
422,3729-6852-0032.wav,3729-6852-0032,data/librispeech_test_clean_musan_music_snr4_seed20260827/clean/3729-6852-0032.wav,data/librispeech_test_clean_musan_music_snr4_seed20260827/noisy/3729-6852-0032.wav,16000,16000,1,1,218240,218240
423,7021-85628-0024.wav,7021-85628-0024,data/librispeech_test_clean_musan_music_snr4_seed20260827/clean/7021-85628-0024.wav,data/librispeech_test_clean_musan_music_snr4_seed20260827/noisy/7021-85628-0024.wav,16000,16000,1,1,34640,34640
424,1284-1181-0012.wav,1284-1181-0012,data/librispeech_test_clean_musan_music_snr4_seed20260827/clean/1284-1181-0012.wav,data/librispeech_test_clean_musan_music_snr4_seed20260827/noisy/1284-1181-0012.wav,16000,16000,1,1,136160,136160
425,121-127105-0000.wav,121-127105-0000,data/librispeech_test_clean_musan_music_snr4_seed20260827/clean/121-127105-0000.wav,data/librispeech_test_clean_musan_music_snr4_seed20260827/noisy/121-127105-0000.wav,16000,16000,1,1,158000,158000
426,2830-3980-0070.wav,2830-3980-0070,data/librispeech_test_clean_musan_music_snr4_seed20260827/clean/2830-3980-0070.wav,data/librispeech_test_clean_musan_music_snr4_seed20260827/noisy/2830-3980-0070.wav,16000,16000,1,1,59680,59680
427,1995-1837-0014.wav,1995-1837-0014,data/librispeech_test_clean_musan_music_snr4_seed20260827/clean/1995-1837-0014.wav,data/librispeech_test_clean_musan_music_snr4_seed20260827/noisy/1995-1837-0014.wav,16000,16000,1,1,199360,199360
428,1221-135767-0018.wav,1221-135767-0018,data/librispeech_test_clean_musan_music_snr4_seed20260827/clean/1221-135767-0018.wav,data/librispeech_test_clean_musan_music_snr4_seed20260827/noisy/1221-135767-0018.wav,16000,16000,1,1,178560,178560
429,1089-134686-0016.wav,1089-134686-0016,data/librispeech_test_clean_musan_music_snr4_seed20260827/clean/1089-134686-0016.wav,data/librispeech_test_clean_musan_music_snr4_seed20260827/noisy/1089-134686-0016.wav,16000,16000,1,1,56640,56640
430,1580-141084-0028.wav,1580-141084-0028,data/librispeech_test_clean_musan_music_snr4_seed20260827/clean/1580-141084-0028.wav,data/librispeech_test_clean_musan_music_snr4_seed20260827/noisy/1580-141084-0028.wav,16000,16000,1,1,42480,42480
431,1580-141083-0030.wav,1580-141083-0030,data/librispeech_test_clean_musan_music_snr4_seed20260827/clean/1580-141083-0030.wav,data/librispeech_test_clean_musan_music_snr4_seed20260827/noisy/1580-141083-0030.wav,16000,16000,1,1,55680,55680
432,1320-122617-0005.wav,1320-122617-0005,data/librispeech_test_clean_musan_music_snr4_seed20260827/clean/1320-122617-0005.wav,data/librispeech_test_clean_musan_music_snr4_seed20260827/noisy/1320-122617-0005.wav,16000,16000,1,1,70400,70400
433,2094-142345-0010.wav,2094-142345-0010,data/librispeech_test_clean_musan_music_snr4_seed20260827/clean/2094-142345-0010.wav,data/librispeech_test_clean_musan_music_snr4_seed20260827/noisy/2094-142345-0010.wav,16000,16000,1,1,489840,489840
434,3575-170457-0004.wav,3575-170457-0004,data/librispeech_test_clean_musan_music_snr4_seed20260827/clean/3575-170457-0004.wav,data/librispeech_test_clean_musan_music_snr4_seed20260827/noisy/3575-170457-0004.wav,16000,16000,1,1,49680,49680
435,61-70968-0055.wav,61-70968-0055,data/librispeech_test_clean_musan_music_snr4_seed20260827/clean/61-70968-0055.wav,data/librispeech_test_clean_musan_music_snr4_seed20260827/noisy/61-70968-0055.wav,16000,16000,1,1,63440,63440
436,7176-92135-0037.wav,7176-92135-0037,data/librispeech_test_clean_musan_music_snr4_seed20260827/clean/7176-92135-0037.wav,data/librispeech_test_clean_musan_music_snr4_seed20260827/noisy/7176-92135-0037.wav,16000,16000,1,1,45760,45760
437,260-123288-0019.wav,260-123288-0019,data/librispeech_test_clean_musan_music_snr4_seed20260827/clean/260-123288-0019.wav,data/librispeech_test_clean_musan_music_snr4_seed20260827/noisy/260-123288-0019.wav,16000,16000,1,1,47280,47280
438,4446-2275-0013.wav,4446-2275-0013,data/librispeech_test_clean_musan_music_snr4_seed20260827/clean/4446-2275-0013.wav,data/librispeech_test_clean_musan_music_snr4_seed20260827/noisy/4446-2275-0013.wav,16000,16000,1,1,58400,58400
439,7729-102255-0032.wav,7729-102255-0032,data/librispeech_test_clean_musan_music_snr4_seed20260827/clean/7729-102255-0032.wav,data/librispeech_test_clean_musan_music_snr4_seed20260827/noisy/7729-102255-0032.wav,16000,16000,1,1,324480,324480
440,8463-294825-0001.wav,8463-294825-0001,data/librispeech_test_clean_musan_music_snr4_seed20260827/clean/8463-294825-0001.wav,data/librispeech_test_clean_musan_music_snr4_seed20260827/noisy/8463-294825-0001.wav,16000,16000,1,1,124880,124880
441,8555-292519-0015.wav,8555-292519-0015,data/librispeech_test_clean_musan_music_snr4_seed20260827/clean/8555-292519-0015.wav,data/librispeech_test_clean_musan_music_snr4_seed20260827/noisy/8555-292519-0015.wav,16000,16000,1,1,45600,45600
442,1284-1181-0014.wav,1284-1181-0014,data/librispeech_test_clean_musan_music_snr4_seed20260827/clean/1284-1181-0014.wav,data/librispeech_test_clean_musan_music_snr4_seed20260827/noisy/1284-1181-0014.wav,16000,16000,1,1,126720,126720
443,61-70970-0036.wav,61-70970-0036,data/librispeech_test_clean_musan_music_snr4_seed20260827/clean/61-70970-0036.wav,data/librispeech_test_clean_musan_music_snr4_seed20260827/noisy/61-70970-0036.wav,16000,16000,1,1,108560,108560
444,4077-13751-0016.wav,4077-13751-0016,data/librispeech_test_clean_musan_music_snr4_seed20260827/clean/4077-13751-0016.wav,data/librispeech_test_clean_musan_music_snr4_seed20260827/noisy/4077-13751-0016.wav,16000,16000,1,1,232240,232240
445,3570-5694-0004.wav,3570-5694-0004,data/librispeech_test_clean_musan_music_snr4_seed20260827/clean/3570-5694-0004.wav,data/librispeech_test_clean_musan_music_snr4_seed20260827/noisy/3570-5694-0004.wav,16000,16000,1,1,85280,85280
446,2300-131720-0035.wav,2300-131720-0035,data/librispeech_test_clean_musan_music_snr4_seed20260827/clean/2300-131720-0035.wav,data/librispeech_test_clean_musan_music_snr4_seed20260827/noisy/2300-131720-0035.wav,16000,16000,1,1,407840,407840
447,3729-6852-0031.wav,3729-6852-0031,data/librispeech_test_clean_musan_music_snr4_seed20260827/clean/3729-6852-0031.wav,data/librispeech_test_clean_musan_music_snr4_seed20260827/noisy/3729-6852-0031.wav,16000,16000,1,1,70400,70400
448,121-121726-0000.wav,121-121726-0000,data/librispeech_test_clean_musan_music_snr4_seed20260827/clean/121-121726-0000.wav,data/librispeech_test_clean_musan_music_snr4_seed20260827/noisy/121-121726-0000.wav,16000,16000,1,1,135360,135360
449,237-126133-0009.wav,237-126133-0009,data/librispeech_test_clean_musan_music_snr4_seed20260827/clean/237-126133-0009.wav,data/librispeech_test_clean_musan_music_snr4_seed20260827/noisy/237-126133-0009.wav,16000,16000,1,1,63520,63520
450,1580-141083-0041.wav,1580-141083-0041,data/librispeech_test_clean_musan_music_snr4_seed20260827/clean/1580-141083-0041.wav,data/librispeech_test_clean_musan_music_snr4_seed20260827/noisy/1580-141083-0041.wav,16000,16000,1,1,57200,57200
451,1188-133604-0010.wav,1188-133604-0010,data/librispeech_test_clean_musan_music_snr4_seed20260827/clean/1188-133604-0010.wav,data/librispeech_test_clean_musan_music_snr4_seed20260827/noisy/1188-133604-0010.wav,16000,16000,1,1,97520,97520
452,1089-134686-0029.wav,1089-134686-0029,data/librispeech_test_clean_musan_music_snr4_seed20260827/clean/1089-134686-0029.wav,data/librispeech_test_clean_musan_music_snr4_seed20260827/noisy/1089-134686-0029.wav,16000,16000,1,1,74720,74720
453,5683-32865-0013.wav,5683-32865-0013,data/librispeech_test_clean_musan_music_snr4_seed20260827/clean/5683-32865-0013.wav,data/librispeech_test_clean_musan_music_snr4_seed20260827/noisy/5683-32865-0013.wav,16000,16000,1,1,113520,113520
454,1995-1826-0008.wav,1995-1826-0008,data/librispeech_test_clean_musan_music_snr4_seed20260827/clean/1995-1826-0008.wav,data/librispeech_test_clean_musan_music_snr4_seed20260827/noisy/1995-1826-0008.wav,16000,16000,1,1,46320,46320
455,2094-142345-0030.wav,2094-142345-0030,data/librispeech_test_clean_musan_music_snr4_seed20260827/clean/2094-142345-0030.wav,data/librispeech_test_clean_musan_music_snr4_seed20260827/noisy/2094-142345-0030.wav,16000,16000,1,1,257920,257920
456,1221-135767-0005.wav,1221-135767-0005,data/librispeech_test_clean_musan_music_snr4_seed20260827/clean/1221-135767-0005.wav,data/librispeech_test_clean_musan_music_snr4_seed20260827/noisy/1221-135767-0005.wav,16000,16000,1,1,93840,93840
457,4446-2271-0016.wav,4446-2271-0016,data/librispeech_test_clean_musan_music_snr4_seed20260827/clean/4446-2271-0016.wav,data/librispeech_test_clean_musan_music_snr4_seed20260827/noisy/4446-2271-0016.wav,16000,16000,1,1,163280,163280
458,4446-2275-0018.wav,4446-2275-0018,data/librispeech_test_clean_musan_music_snr4_seed20260827/clean/4446-2275-0018.wav,data/librispeech_test_clean_musan_music_snr4_seed20260827/noisy/4446-2275-0018.wav,16000,16000,1,1,37040,37040
459,7127-75947-0002.wav,7127-75947-0002,data/librispeech_test_clean_musan_music_snr4_seed20260827/clean/7127-75947-0002.wav,data/librispeech_test_clean_musan_music_snr4_seed20260827/noisy/7127-75947-0002.wav,16000,16000,1,1,51760,51760
460,8230-279154-0003.wav,8230-279154-0003,data/librispeech_test_clean_musan_music_snr4_seed20260827/clean/8230-279154-0003.wav,data/librispeech_test_clean_musan_music_snr4_seed20260827/noisy/8230-279154-0003.wav,16000,16000,1,1,51120,51120
461,2961-961-0008.wav,2961-961-0008,data/librispeech_test_clean_musan_music_snr4_seed20260827/clean/2961-961-0008.wav,data/librispeech_test_clean_musan_music_snr4_seed20260827/noisy/2961-961-0008.wav,16000,16000,1,1,114480,114480
462,7729-102255-0004.wav,7729-102255-0004,data/librispeech_test_clean_musan_music_snr4_seed20260827/clean/7729-102255-0004.wav,data/librispeech_test_clean_musan_music_snr4_seed20260827/noisy/7729-102255-0004.wav,16000,16000,1,1,322480,322480
463,5683-32866-0017.wav,5683-32866-0017,data/librispeech_test_clean_musan_music_snr4_seed20260827/clean/5683-32866-0017.wav,data/librispeech_test_clean_musan_music_snr4_seed20260827/noisy/5683-32866-0017.wav,16000,16000,1,1,73360,73360
464,8455-210777-0017.wav,8455-210777-0017,data/librispeech_test_clean_musan_music_snr4_seed20260827/clean/8455-210777-0017.wav,data/librispeech_test_clean_musan_music_snr4_seed20260827/noisy/8455-210777-0017.wav,16000,16000,1,1,85281,85281
465,5142-33396-0049.wav,5142-33396-0049,data/librispeech_test_clean_musan_music_snr4_seed20260827/clean/5142-33396-0049.wav,data/librispeech_test_clean_musan_music_snr4_seed20260827/noisy/5142-33396-0049.wav,16000,16000,1,1,52880,52880
466,2961-961-0020.wav,2961-961-0020,data/librispeech_test_clean_musan_music_snr4_seed20260827/clean/2961-961-0020.wav,data/librispeech_test_clean_musan_music_snr4_seed20260827/noisy/2961-961-0020.wav,16000,16000,1,1,98000,98000
467,237-134493-0004.wav,237-134493-0004,data/librispeech_test_clean_musan_music_snr4_seed20260827/clean/237-134493-0004.wav,data/librispeech_test_clean_musan_music_snr4_seed20260827/noisy/237-134493-0004.wav,16000,16000,1,1,109200,109200
468,2830-3980-0012.wav,2830-3980-0012,data/librispeech_test_clean_musan_music_snr4_seed20260827/clean/2830-3980-0012.wav,data/librispeech_test_clean_musan_music_snr4_seed20260827/noisy/2830-3980-0012.wav,16000,16000,1,1,54720,54720
469,8230-279154-0008.wav,8230-279154-0008,data/librispeech_test_clean_musan_music_snr4_seed20260827/clean/8230-279154-0008.wav,data/librispeech_test_clean_musan_music_snr4_seed20260827/noisy/8230-279154-0008.wav,16000,16000,1,1,57920,57920
470,237-126133-0007.wav,237-126133-0007,data/librispeech_test_clean_musan_music_snr4_seed20260827/clean/237-126133-0007.wav,data/librispeech_test_clean_musan_music_snr4_seed20260827/noisy/237-126133-0007.wav,16000,16000,1,1,138880,138880
471,4446-2275-0016.wav,4446-2275-0016,data/librispeech_test_clean_musan_music_snr4_seed20260827/clean/4446-2275-0016.wav,data/librispeech_test_clean_musan_music_snr4_seed20260827/noisy/4446-2275-0016.wav,16000,16000,1,1,116800,116800
472,2094-142345-0050.wav,2094-142345-0050,data/librispeech_test_clean_musan_music_snr4_seed20260827/clean/2094-142345-0050.wav,data/librispeech_test_clean_musan_music_snr4_seed20260827/noisy/2094-142345-0050.wav,16000,16000,1,1,64720,64720
473,4507-16021-0057.wav,4507-16021-0057,data/librispeech_test_clean_musan_music_snr4_seed20260827/clean/4507-16021-0057.wav,data/librispeech_test_clean_musan_music_snr4_seed20260827/noisy/4507-16021-0057.wav,16000,16000,1,1,73760,73760
474,3575-170457-0041.wav,3575-170457-0041,data/librispeech_test_clean_musan_music_snr4_seed20260827/clean/3575-170457-0041.wav,data/librispeech_test_clean_musan_music_snr4_seed20260827/noisy/3575-170457-0041.wav,16000,16000,1,1,224160,224160
475,3729-6852-0001.wav,3729-6852-0001,data/librispeech_test_clean_musan_music_snr4_seed20260827/clean/3729-6852-0001.wav,data/librispeech_test_clean_musan_music_snr4_seed20260827/noisy/3729-6852-0001.wav,16000,16000,1,1,195120,195120
476,3575-170457-0046.wav,3575-170457-0046,data/librispeech_test_clean_musan_music_snr4_seed20260827/clean/3575-170457-0046.wav,data/librispeech_test_clean_musan_music_snr4_seed20260827/noisy/3575-170457-0046.wav,16000,16000,1,1,410240,410240
477,908-157963-0017.wav,908-157963-0017,data/librispeech_test_clean_musan_music_snr4_seed20260827/clean/908-157963-0017.wav,data/librispeech_test_clean_musan_music_snr4_seed20260827/noisy/908-157963-0017.wav,16000,16000,1,1,79200,79200
478,8463-294828-0029.wav,8463-294828-0029,data/librispeech_test_clean_musan_music_snr4_seed20260827/clean/8463-294828-0029.wav,data/librispeech_test_clean_musan_music_snr4_seed20260827/noisy/8463-294828-0029.wav,16000,16000,1,1,84560,84560
479,8455-210777-0038.wav,8455-210777-0038,data/librispeech_test_clean_musan_music_snr4_seed20260827/clean/8455-210777-0038.wav,data/librispeech_test_clean_musan_music_snr4_seed20260827/noisy/8455-210777-0038.wav,16000,16000,1,1,160480,160480
480,7176-88083-0011.wav,7176-88083-0011,data/librispeech_test_clean_musan_music_snr4_seed20260827/clean/7176-88083-0011.wav,data/librispeech_test_clean_musan_music_snr4_seed20260827/noisy/7176-88083-0011.wav,16000,16000,1,1,160960,160960
481,260-123440-0014.wav,260-123440-0014,data/librispeech_test_clean_musan_music_snr4_seed20260827/clean/260-123440-0014.wav,data/librispeech_test_clean_musan_music_snr4_seed20260827/noisy/260-123440-0014.wav,16000,16000,1,1,61040,61040
482,6829-68771-0012.wav,6829-68771-0012,data/librispeech_test_clean_musan_music_snr4_seed20260827/clean/6829-68771-0012.wav,data/librispeech_test_clean_musan_music_snr4_seed20260827/noisy/6829-68771-0012.wav,16000,16000,1,1,199520,199520
483,7176-92135-0038.wav,7176-92135-0038,data/librispeech_test_clean_musan_music_snr4_seed20260827/clean/7176-92135-0038.wav,data/librispeech_test_clean_musan_music_snr4_seed20260827/noisy/7176-92135-0038.wav,16000,16000,1,1,147280,147280
484,2300-131720-0025.wav,2300-131720-0025,data/librispeech_test_clean_musan_music_snr4_seed20260827/clean/2300-131720-0025.wav,data/librispeech_test_clean_musan_music_snr4_seed20260827/noisy/2300-131720-0025.wav,16000,16000,1,1,244480,244480
485,8463-294825-0010.wav,8463-294825-0010,data/librispeech_test_clean_musan_music_snr4_seed20260827/clean/8463-294825-0010.wav,data/librispeech_test_clean_musan_music_snr4_seed20260827/noisy/8463-294825-0010.wav,16000,16000,1,1,73281,73281
486,8224-274384-0003.wav,8224-274384-0003,data/librispeech_test_clean_musan_music_snr4_seed20260827/clean/8224-274384-0003.wav,data/librispeech_test_clean_musan_music_snr4_seed20260827/noisy/8224-274384-0003.wav,16000,16000,1,1,61920,61920
487,5683-32879-0015.wav,5683-32879-0015,data/librispeech_test_clean_musan_music_snr4_seed20260827/clean/5683-32879-0015.wav,data/librispeech_test_clean_musan_music_snr4_seed20260827/noisy/5683-32879-0015.wav,16000,16000,1,1,32160,32160
488,1320-122617-0000.wav,1320-122617-0000,data/librispeech_test_clean_musan_music_snr4_seed20260827/clean/1320-122617-0000.wav,data/librispeech_test_clean_musan_music_snr4_seed20260827/noisy/1320-122617-0000.wav,16000,16000,1,1,125360,125360
489,1188-133604-0041.wav,1188-133604-0041,data/librispeech_test_clean_musan_music_snr4_seed20260827/clean/1188-133604-0041.wav,data/librispeech_test_clean_musan_music_snr4_seed20260827/noisy/1188-133604-0041.wav,16000,16000,1,1,161120,161120
490,2961-961-0019.wav,2961-961-0019,data/librispeech_test_clean_musan_music_snr4_seed20260827/clean/2961-961-0019.wav,data/librispeech_test_clean_musan_music_snr4_seed20260827/noisy/2961-961-0019.wav,16000,16000,1,1,196080,196080
491,6829-68769-0018.wav,6829-68769-0018,data/librispeech_test_clean_musan_music_snr4_seed20260827/clean/6829-68769-0018.wav,data/librispeech_test_clean_musan_music_snr4_seed20260827/noisy/6829-68769-0018.wav,16000,16000,1,1,113760,113760
492,3575-170457-0008.wav,3575-170457-0008,data/librispeech_test_clean_musan_music_snr4_seed20260827/clean/3575-170457-0008.wav,data/librispeech_test_clean_musan_music_snr4_seed20260827/noisy/3575-170457-0008.wav,16000,16000,1,1,216880,216880
493,1320-122617-0013.wav,1320-122617-0013,data/librispeech_test_clean_musan_music_snr4_seed20260827/clean/1320-122617-0013.wav,data/librispeech_test_clean_musan_music_snr4_seed20260827/noisy/1320-122617-0013.wav,16000,16000,1,1,172080,172080
494,5142-33396-0017.wav,5142-33396-0017,data/librispeech_test_clean_musan_music_snr4_seed20260827/clean/5142-33396-0017.wav,data/librispeech_test_clean_musan_music_snr4_seed20260827/noisy/5142-33396-0017.wav,16000,16000,1,1,42160,42160
495,260-123288-0001.wav,260-123288-0001,data/librispeech_test_clean_musan_music_snr4_seed20260827/clean/260-123288-0001.wav,data/librispeech_test_clean_musan_music_snr4_seed20260827/noisy/260-123288-0001.wav,16000,16000,1,1,81280,81280
496,4077-13751-0007.wav,4077-13751-0007,data/librispeech_test_clean_musan_music_snr4_seed20260827/clean/4077-13751-0007.wav,data/librispeech_test_clean_musan_music_snr4_seed20260827/noisy/4077-13751-0007.wav,16000,16000,1,1,275520,275520
497,908-157963-0010.wav,908-157963-0010,data/librispeech_test_clean_musan_music_snr4_seed20260827/clean/908-157963-0010.wav,data/librispeech_test_clean_musan_music_snr4_seed20260827/noisy/908-157963-0010.wav,16000,16000,1,1,100480,100480
498,4446-2273-0027.wav,4446-2273-0027,data/librispeech_test_clean_musan_music_snr4_seed20260827/clean/4446-2273-0027.wav,data/librispeech_test_clean_musan_music_snr4_seed20260827/noisy/4446-2273-0027.wav,16000,16000,1,1,60160,60160
499,6930-76324-0010.wav,6930-76324-0010,data/librispeech_test_clean_musan_music_snr4_seed20260827/clean/6930-76324-0010.wav,data/librispeech_test_clean_musan_music_snr4_seed20260827/noisy/6930-76324-0010.wav,16000,16000,1,1,43040,43040
500,7127-75947-0032.wav,7127-75947-0032,data/librispeech_test_clean_musan_music_snr4_seed20260827/clean/7127-75947-0032.wav,data/librispeech_test_clean_musan_music_snr4_seed20260827/noisy/7127-75947-0032.wav,16000,16000,1,1,75920,75920
501,7021-79730-0004.wav,7021-79730-0004,data/librispeech_test_clean_musan_music_snr4_seed20260827/clean/7021-79730-0004.wav,data/librispeech_test_clean_musan_music_snr4_seed20260827/noisy/7021-79730-0004.wav,16000,16000,1,1,287120,287120
502,5639-40744-0015.wav,5639-40744-0015,data/librispeech_test_clean_musan_music_snr4_seed20260827/clean/5639-40744-0015.wav,data/librispeech_test_clean_musan_music_snr4_seed20260827/noisy/5639-40744-0015.wav,16000,16000,1,1,176320,176320
503,8555-284447-0020.wav,8555-284447-0020,data/librispeech_test_clean_musan_music_snr4_seed20260827/clean/8555-284447-0020.wav,data/librispeech_test_clean_musan_music_snr4_seed20260827/noisy/8555-284447-0020.wav,16000,16000,1,1,65440,65440
504,1580-141084-0001.wav,1580-141084-0001,data/librispeech_test_clean_musan_music_snr4_seed20260827/clean/1580-141084-0001.wav,data/librispeech_test_clean_musan_music_snr4_seed20260827/noisy/1580-141084-0001.wav,16000,16000,1,1,52240,52240
505,2961-960-0002.wav,2961-960-0002,data/librispeech_test_clean_musan_music_snr4_seed20260827/clean/2961-960-0002.wav,data/librispeech_test_clean_musan_music_snr4_seed20260827/noisy/2961-960-0002.wav,16000,16000,1,1,245600,245600
506,1284-1180-0014.wav,1284-1180-0014,data/librispeech_test_clean_musan_music_snr4_seed20260827/clean/1284-1180-0014.wav,data/librispeech_test_clean_musan_music_snr4_seed20260827/noisy/1284-1180-0014.wav,16000,16000,1,1,58640,58640
507,61-70970-0011.wav,61-70970-0011,data/librispeech_test_clean_musan_music_snr4_seed20260827/clean/61-70970-0011.wav,data/librispeech_test_clean_musan_music_snr4_seed20260827/noisy/61-70970-0011.wav,16000,16000,1,1,97200,97200
508,2830-3980-0075.wav,2830-3980-0075,data/librispeech_test_clean_musan_music_snr4_seed20260827/clean/2830-3980-0075.wav,data/librispeech_test_clean_musan_music_snr4_seed20260827/noisy/2830-3980-0075.wav,16000,16000,1,1,92640,92640
509,260-123288-0000.wav,260-123288-0000,data/librispeech_test_clean_musan_music_snr4_seed20260827/clean/260-123288-0000.wav,data/librispeech_test_clean_musan_music_snr4_seed20260827/noisy/260-123288-0000.wav,16000,16000,1,1,48640,48640
510,2830-3980-0039.wav,2830-3980-0039,data/librispeech_test_clean_musan_music_snr4_seed20260827/clean/2830-3980-0039.wav,data/librispeech_test_clean_musan_music_snr4_seed20260827/noisy/2830-3980-0039.wav,16000,16000,1,1,83120,83120
511,1995-1837-0026.wav,1995-1837-0026,data/librispeech_test_clean_musan_music_snr4_seed20260827/clean/1995-1837-0026.wav,data/librispeech_test_clean_musan_music_snr4_seed20260827/noisy/1995-1837-0026.wav,16000,16000,1,1,129520,129520
512,6829-68769-0049.wav,6829-68769-0049,data/librispeech_test_clean_musan_music_snr4_seed20260827/clean/6829-68769-0049.wav,data/librispeech_test_clean_musan_music_snr4_seed20260827/noisy/6829-68769-0049.wav,16000,16000,1,1,118400,118400
513,7127-75947-0035.wav,7127-75947-0035,data/librispeech_test_clean_musan_music_snr4_seed20260827/clean/7127-75947-0035.wav,data/librispeech_test_clean_musan_music_snr4_seed20260827/noisy/7127-75947-0035.wav,16000,16000,1,1,70640,70640
514,61-70968-0031.wav,61-70968-0031,data/librispeech_test_clean_musan_music_snr4_seed20260827/clean/61-70968-0031.wav,data/librispeech_test_clean_musan_music_snr4_seed20260827/noisy/61-70968-0031.wav,16000,16000,1,1,46800,46800
515,7021-85628-0006.wav,7021-85628-0006,data/librispeech_test_clean_musan_music_snr4_seed20260827/clean/7021-85628-0006.wav,data/librispeech_test_clean_musan_music_snr4_seed20260827/noisy/7021-85628-0006.wav,16000,16000,1,1,57280,57280
516,1284-1180-0024.wav,1284-1180-0024,data/librispeech_test_clean_musan_music_snr4_seed20260827/clean/1284-1180-0024.wav,data/librispeech_test_clean_musan_music_snr4_seed20260827/noisy/1284-1180-0024.wav,16000,16000,1,1,84160,84160
517,8230-279154-0006.wav,8230-279154-0006,data/librispeech_test_clean_musan_music_snr4_seed20260827/clean/8230-279154-0006.wav,data/librispeech_test_clean_musan_music_snr4_seed20260827/noisy/8230-279154-0006.wav,16000,16000,1,1,120160,120160
518,908-31957-0015.wav,908-31957-0015,data/librispeech_test_clean_musan_music_snr4_seed20260827/clean/908-31957-0015.wav,data/librispeech_test_clean_musan_music_snr4_seed20260827/noisy/908-31957-0015.wav,16000,16000,1,1,343440,343440
519,4446-2273-0025.wav,4446-2273-0025,data/librispeech_test_clean_musan_music_snr4_seed20260827/clean/4446-2273-0025.wav,data/librispeech_test_clean_musan_music_snr4_seed20260827/noisy/4446-2273-0025.wav,16000,16000,1,1,77280,77280
520,2094-142345-0036.wav,2094-142345-0036,data/librispeech_test_clean_musan_music_snr4_seed20260827/clean/2094-142345-0036.wav,data/librispeech_test_clean_musan_music_snr4_seed20260827/noisy/2094-142345-0036.wav,16000,16000,1,1,110640,110640
521,8224-274384-0010.wav,8224-274384-0010,data/librispeech_test_clean_musan_music_snr4_seed20260827/clean/8224-274384-0010.wav,data/librispeech_test_clean_musan_music_snr4_seed20260827/noisy/8224-274384-0010.wav,16000,16000,1,1,233600,233600
522,4446-2275-0021.wav,4446-2275-0021,data/librispeech_test_clean_musan_music_snr4_seed20260827/clean/4446-2275-0021.wav,data/librispeech_test_clean_musan_music_snr4_seed20260827/noisy/4446-2275-0021.wav,16000,16000,1,1,80800,80800
523,7127-75947-0023.wav,7127-75947-0023,data/librispeech_test_clean_musan_music_snr4_seed20260827/clean/7127-75947-0023.wav,data/librispeech_test_clean_musan_music_snr4_seed20260827/noisy/7127-75947-0023.wav,16000,16000,1,1,81760,81760
524,8463-287645-0001.wav,8463-287645-0001,data/librispeech_test_clean_musan_music_snr4_seed20260827/clean/8463-287645-0001.wav,data/librispeech_test_clean_musan_music_snr4_seed20260827/noisy/8463-287645-0001.wav,16000,16000,1,1,56720,56720
525,260-123288-0013.wav,260-123288-0013,data/librispeech_test_clean_musan_music_snr4_seed20260827/clean/260-123288-0013.wav,data/librispeech_test_clean_musan_music_snr4_seed20260827/noisy/260-123288-0013.wav,16000,16000,1,1,182161,182161
526,7021-85628-0021.wav,7021-85628-0021,data/librispeech_test_clean_musan_music_snr4_seed20260827/clean/7021-85628-0021.wav,data/librispeech_test_clean_musan_music_snr4_seed20260827/noisy/7021-85628-0021.wav,16000,16000,1,1,85840,85840
527,8555-292519-0011.wav,8555-292519-0011,data/librispeech_test_clean_musan_music_snr4_seed20260827/clean/8555-292519-0011.wav,data/librispeech_test_clean_musan_music_snr4_seed20260827/noisy/8555-292519-0011.wav,16000,16000,1,1,49280,49280
528,4992-41797-0007.wav,4992-41797-0007,data/librispeech_test_clean_musan_music_snr4_seed20260827/clean/4992-41797-0007.wav,data/librispeech_test_clean_musan_music_snr4_seed20260827/noisy/4992-41797-0007.wav,16000,16000,1,1,110480,110480
529,5142-36377-0016.wav,5142-36377-0016,data/librispeech_test_clean_musan_music_snr4_seed20260827/clean/5142-36377-0016.wav,data/librispeech_test_clean_musan_music_snr4_seed20260827/noisy/5142-36377-0016.wav,16000,16000,1,1,44240,44240
530,237-134500-0010.wav,237-134500-0010,data/librispeech_test_clean_musan_music_snr4_seed20260827/clean/237-134500-0010.wav,data/librispeech_test_clean_musan_music_snr4_seed20260827/noisy/237-134500-0010.wav,16000,16000,1,1,63920,63920
531,4970-29095-0018.wav,4970-29095-0018,data/librispeech_test_clean_musan_music_snr4_seed20260827/clean/4970-29095-0018.wav,data/librispeech_test_clean_musan_music_snr4_seed20260827/noisy/4970-29095-0018.wav,16000,16000,1,1,194240,194240
532,7127-75946-0008.wav,7127-75946-0008,data/librispeech_test_clean_musan_music_snr4_seed20260827/clean/7127-75946-0008.wav,data/librispeech_test_clean_musan_music_snr4_seed20260827/noisy/7127-75946-0008.wav,16000,16000,1,1,71360,71360
533,2830-3980-0073.wav,2830-3980-0073,data/librispeech_test_clean_musan_music_snr4_seed20260827/clean/2830-3980-0073.wav,data/librispeech_test_clean_musan_music_snr4_seed20260827/noisy/2830-3980-0073.wav,16000,16000,1,1,264960,264960
534,4970-29093-0003.wav,4970-29093-0003,data/librispeech_test_clean_musan_music_snr4_seed20260827/clean/4970-29093-0003.wav,data/librispeech_test_clean_musan_music_snr4_seed20260827/noisy/4970-29093-0003.wav,16000,16000,1,1,245680,245680
535,1320-122612-0013.wav,1320-122612-0013,data/librispeech_test_clean_musan_music_snr4_seed20260827/clean/1320-122612-0013.wav,data/librispeech_test_clean_musan_music_snr4_seed20260827/noisy/1320-122612-0013.wav,16000,16000,1,1,104800,104800
536,3729-6852-0028.wav,3729-6852-0028,data/librispeech_test_clean_musan_music_snr4_seed20260827/clean/3729-6852-0028.wav,data/librispeech_test_clean_musan_music_snr4_seed20260827/noisy/3729-6852-0028.wav,16000,16000,1,1,84240,84240
537,5142-36377-0005.wav,5142-36377-0005,data/librispeech_test_clean_musan_music_snr4_seed20260827/clean/5142-36377-0005.wav,data/librispeech_test_clean_musan_music_snr4_seed20260827/noisy/5142-36377-0005.wav,16000,16000,1,1,113360,113360
538,1284-1181-0020.wav,1284-1181-0020,data/librispeech_test_clean_musan_music_snr4_seed20260827/clean/1284-1181-0020.wav,data/librispeech_test_clean_musan_music_snr4_seed20260827/noisy/1284-1181-0020.wav,16000,16000,1,1,107680,107680
539,5683-32866-0026.wav,5683-32866-0026,data/librispeech_test_clean_musan_music_snr4_seed20260827/clean/5683-32866-0026.wav,data/librispeech_test_clean_musan_music_snr4_seed20260827/noisy/5683-32866-0026.wav,16000,16000,1,1,37440,37440
540,2830-3979-0003.wav,2830-3979-0003,data/librispeech_test_clean_musan_music_snr4_seed20260827/clean/2830-3979-0003.wav,data/librispeech_test_clean_musan_music_snr4_seed20260827/noisy/2830-3979-0003.wav,16000,16000,1,1,129360,129360
541,4507-16021-0016.wav,4507-16021-0016,data/librispeech_test_clean_musan_music_snr4_seed20260827/clean/4507-16021-0016.wav,data/librispeech_test_clean_musan_music_snr4_seed20260827/noisy/4507-16021-0016.wav,16000,16000,1,1,276240,276240
542,1221-135767-0003.wav,1221-135767-0003,data/librispeech_test_clean_musan_music_snr4_seed20260827/clean/1221-135767-0003.wav,data/librispeech_test_clean_musan_music_snr4_seed20260827/noisy/1221-135767-0003.wav,16000,16000,1,1,298080,298080
543,7127-75947-0007.wav,7127-75947-0007,data/librispeech_test_clean_musan_music_snr4_seed20260827/clean/7127-75947-0007.wav,data/librispeech_test_clean_musan_music_snr4_seed20260827/noisy/7127-75947-0007.wav,16000,16000,1,1,87360,87360
544,121-123859-0001.wav,121-123859-0001,data/librispeech_test_clean_musan_music_snr4_seed20260827/clean/121-123859-0001.wav,data/librispeech_test_clean_musan_music_snr4_seed20260827/noisy/121-123859-0001.wav,16000,16000,1,1,406320,406320
545,61-70970-0038.wav,61-70970-0038,data/librispeech_test_clean_musan_music_snr4_seed20260827/clean/61-70970-0038.wav,data/librispeech_test_clean_musan_music_snr4_seed20260827/noisy/61-70970-0038.wav,16000,16000,1,1,166400,166400
546,4446-2271-0018.wav,4446-2271-0018,data/librispeech_test_clean_musan_music_snr4_seed20260827/clean/4446-2271-0018.wav,data/librispeech_test_clean_musan_music_snr4_seed20260827/noisy/4446-2271-0018.wav,16000,16000,1,1,91440,91440
547,1580-141084-0035.wav,1580-141084-0035,data/librispeech_test_clean_musan_music_snr4_seed20260827/clean/1580-141084-0035.wav,data/librispeech_test_clean_musan_music_snr4_seed20260827/noisy/1580-141084-0035.wav,16000,16000,1,1,42080,42080
548,5105-28233-0003.wav,5105-28233-0003,data/librispeech_test_clean_musan_music_snr4_seed20260827/clean/5105-28233-0003.wav,data/librispeech_test_clean_musan_music_snr4_seed20260827/noisy/5105-28233-0003.wav,16000,16000,1,1,236960,236960
549,2094-142345-0047.wav,2094-142345-0047,data/librispeech_test_clean_musan_music_snr4_seed20260827/clean/2094-142345-0047.wav,data/librispeech_test_clean_musan_music_snr4_seed20260827/noisy/2094-142345-0047.wav,16000,16000,1,1,35360,35360
550,2830-3980-0074.wav,2830-3980-0074,data/librispeech_test_clean_musan_music_snr4_seed20260827/clean/2830-3980-0074.wav,data/librispeech_test_clean_musan_music_snr4_seed20260827/noisy/2830-3980-0074.wav,16000,16000,1,1,91200,91200
551,237-134493-0006.wav,237-134493-0006,data/librispeech_test_clean_musan_music_snr4_seed20260827/clean/237-134493-0006.wav,data/librispeech_test_clean_musan_music_snr4_seed20260827/noisy/237-134493-0006.wav,16000,16000,1,1,70320,70320
552,2094-142345-0041.wav,2094-142345-0041,data/librispeech_test_clean_musan_music_snr4_seed20260827/clean/2094-142345-0041.wav,data/librispeech_test_clean_musan_music_snr4_seed20260827/noisy/2094-142345-0041.wav,16000,16000,1,1,22720,22720
553,61-70968-0017.wav,61-70968-0017,data/librispeech_test_clean_musan_music_snr4_seed20260827/clean/61-70968-0017.wav,data/librispeech_test_clean_musan_music_snr4_seed20260827/noisy/61-70968-0017.wav,16000,16000,1,1,81760,81760
554,6930-76324-0026.wav,6930-76324-0026,data/librispeech_test_clean_musan_music_snr4_seed20260827/clean/6930-76324-0026.wav,data/librispeech_test_clean_musan_music_snr4_seed20260827/noisy/6930-76324-0026.wav,16000,16000,1,1,49360,49360
555,4077-13751-0020.wav,4077-13751-0020,data/librispeech_test_clean_musan_music_snr4_seed20260827/clean/4077-13751-0020.wav,data/librispeech_test_clean_musan_music_snr4_seed20260827/noisy/4077-13751-0020.wav,16000,16000,1,1,164720,164720
556,4446-2275-0020.wav,4446-2275-0020,data/librispeech_test_clean_musan_music_snr4_seed20260827/clean/4446-2275-0020.wav,data/librispeech_test_clean_musan_music_snr4_seed20260827/noisy/4446-2275-0020.wav,16000,16000,1,1,43520,43520
557,4970-29093-0016.wav,4970-29093-0016,data/librispeech_test_clean_musan_music_snr4_seed20260827/clean/4970-29093-0016.wav,data/librispeech_test_clean_musan_music_snr4_seed20260827/noisy/4970-29093-0016.wav,16000,16000,1,1,35680,35680
558,1284-1180-0008.wav,1284-1180-0008,data/librispeech_test_clean_musan_music_snr4_seed20260827/clean/1284-1180-0008.wav,data/librispeech_test_clean_musan_music_snr4_seed20260827/noisy/1284-1180-0008.wav,16000,16000,1,1,167840,167840
559,8555-284449-0019.wav,8555-284449-0019,data/librispeech_test_clean_musan_music_snr4_seed20260827/clean/8555-284449-0019.wav,data/librispeech_test_clean_musan_music_snr4_seed20260827/noisy/8555-284449-0019.wav,16000,16000,1,1,121760,121760
560,7021-79759-0002.wav,7021-79759-0002,data/librispeech_test_clean_musan_music_snr4_seed20260827/clean/7021-79759-0002.wav,data/librispeech_test_clean_musan_music_snr4_seed20260827/noisy/7021-79759-0002.wav,16000,16000,1,1,84000,84000
561,7176-88083-0023.wav,7176-88083-0023,data/librispeech_test_clean_musan_music_snr4_seed20260827/clean/7176-88083-0023.wav,data/librispeech_test_clean_musan_music_snr4_seed20260827/noisy/7176-88083-0023.wav,16000,16000,1,1,154320,154320
562,1089-134691-0022.wav,1089-134691-0022,data/librispeech_test_clean_musan_music_snr4_seed20260827/clean/1089-134691-0022.wav,data/librispeech_test_clean_musan_music_snr4_seed20260827/noisy/1089-134691-0022.wav,16000,16000,1,1,90160,90160
563,672-122797-0071.wav,672-122797-0071,data/librispeech_test_clean_musan_music_snr4_seed20260827/clean/672-122797-0071.wav,data/librispeech_test_clean_musan_music_snr4_seed20260827/noisy/672-122797-0071.wav,16000,16000,1,1,142000,142000
564,2830-3980-0020.wav,2830-3980-0020,data/librispeech_test_clean_musan_music_snr4_seed20260827/clean/2830-3980-0020.wav,data/librispeech_test_clean_musan_music_snr4_seed20260827/noisy/2830-3980-0020.wav,16000,16000,1,1,55360,55360
565,2830-3980-0062.wav,2830-3980-0062,data/librispeech_test_clean_musan_music_snr4_seed20260827/clean/2830-3980-0062.wav,data/librispeech_test_clean_musan_music_snr4_seed20260827/noisy/2830-3980-0062.wav,16000,16000,1,1,87040,87040
566,5142-33396-0003.wav,5142-33396-0003,data/librispeech_test_clean_musan_music_snr4_seed20260827/clean/5142-33396-0003.wav,data/librispeech_test_clean_musan_music_snr4_seed20260827/noisy/5142-33396-0003.wav,16000,16000,1,1,55520,55520
567,4507-16021-0052.wav,4507-16021-0052,data/librispeech_test_clean_musan_music_snr4_seed20260827/clean/4507-16021-0052.wav,data/librispeech_test_clean_musan_music_snr4_seed20260827/noisy/4507-16021-0052.wav,16000,16000,1,1,100400,100400
568,1188-133604-0024.wav,1188-133604-0024,data/librispeech_test_clean_musan_music_snr4_seed20260827/clean/1188-133604-0024.wav,data/librispeech_test_clean_musan_music_snr4_seed20260827/noisy/1188-133604-0024.wav,16000,16000,1,1,243840,243840
569,237-134500-0031.wav,237-134500-0031,data/librispeech_test_clean_musan_music_snr4_seed20260827/clean/237-134500-0031.wav,data/librispeech_test_clean_musan_music_snr4_seed20260827/noisy/237-134500-0031.wav,16000,16000,1,1,169760,169760
570,908-157963-0002.wav,908-157963-0002,data/librispeech_test_clean_musan_music_snr4_seed20260827/clean/908-157963-0002.wav,data/librispeech_test_clean_musan_music_snr4_seed20260827/noisy/908-157963-0002.wav,16000,16000,1,1,44080,44080
571,2300-131720-0002.wav,2300-131720-0002,data/librispeech_test_clean_musan_music_snr4_seed20260827/clean/2300-131720-0002.wav,data/librispeech_test_clean_musan_music_snr4_seed20260827/noisy/2300-131720-0002.wav,16000,16000,1,1,209840,209840
572,4446-2275-0033.wav,4446-2275-0033,data/librispeech_test_clean_musan_music_snr4_seed20260827/clean/4446-2275-0033.wav,data/librispeech_test_clean_musan_music_snr4_seed20260827/noisy/4446-2275-0033.wav,16000,16000,1,1,112960,112960
573,8455-210777-0040.wav,8455-210777-0040,data/librispeech_test_clean_musan_music_snr4_seed20260827/clean/8455-210777-0040.wav,data/librispeech_test_clean_musan_music_snr4_seed20260827/noisy/8455-210777-0040.wav,16000,16000,1,1,99120,99120
574,3729-6852-0005.wav,3729-6852-0005,data/librispeech_test_clean_musan_music_snr4_seed20260827/clean/3729-6852-0005.wav,data/librispeech_test_clean_musan_music_snr4_seed20260827/noisy/3729-6852-0005.wav,16000,16000,1,1,296640,296640
575,3575-170457-0047.wav,3575-170457-0047,data/librispeech_test_clean_musan_music_snr4_seed20260827/clean/3575-170457-0047.wav,data/librispeech_test_clean_musan_music_snr4_seed20260827/noisy/3575-170457-0047.wav,16000,16000,1,1,104400,104400
576,908-31957-0021.wav,908-31957-0021,data/librispeech_test_clean_musan_music_snr4_seed20260827/clean/908-31957-0021.wav,data/librispeech_test_clean_musan_music_snr4_seed20260827/noisy/908-31957-0021.wav,16000,16000,1,1,174480,174480
577,2094-142345-0056.wav,2094-142345-0056,data/librispeech_test_clean_musan_music_snr4_seed20260827/clean/2094-142345-0056.wav,data/librispeech_test_clean_musan_music_snr4_seed20260827/noisy/2094-142345-0056.wav,16000,16000,1,1,61440,61440
578,61-70968-0047.wav,61-70968-0047,data/librispeech_test_clean_musan_music_snr4_seed20260827/clean/61-70968-0047.wav,data/librispeech_test_clean_musan_music_snr4_seed20260827/noisy/61-70968-0047.wav,16000,16000,1,1,76400,76400
579,5105-28241-0011.wav,5105-28241-0011,data/librispeech_test_clean_musan_music_snr4_seed20260827/clean/5105-28241-0011.wav,data/librispeech_test_clean_musan_music_snr4_seed20260827/noisy/5105-28241-0011.wav,16000,16000,1,1,219360,219360
580,7127-75946-0029.wav,7127-75946-0029,data/librispeech_test_clean_musan_music_snr4_seed20260827/clean/7127-75946-0029.wav,data/librispeech_test_clean_musan_music_snr4_seed20260827/noisy/7127-75946-0029.wav,16000,16000,1,1,148560,148560
581,237-134493-0013.wav,237-134493-0013,data/librispeech_test_clean_musan_music_snr4_seed20260827/clean/237-134493-0013.wav,data/librispeech_test_clean_musan_music_snr4_seed20260827/noisy/237-134493-0013.wav,16000,16000,1,1,65440,65440
582,5142-36377-0006.wav,5142-36377-0006,data/librispeech_test_clean_musan_music_snr4_seed20260827/clean/5142-36377-0006.wav,data/librispeech_test_clean_musan_music_snr4_seed20260827/noisy/5142-36377-0006.wav,16000,16000,1,1,74160,74160
583,5142-33396-0000.wav,5142-33396-0000,data/librispeech_test_clean_musan_music_snr4_seed20260827/clean/5142-33396-0000.wav,data/librispeech_test_clean_musan_music_snr4_seed20260827/noisy/5142-33396-0000.wav,16000,16000,1,1,32080,32080
584,8455-210777-0065.wav,8455-210777-0065,data/librispeech_test_clean_musan_music_snr4_seed20260827/clean/8455-210777-0065.wav,data/librispeech_test_clean_musan_music_snr4_seed20260827/noisy/8455-210777-0065.wav,16000,16000,1,1,62640,62640
585,4970-29095-0001.wav,4970-29095-0001,data/librispeech_test_clean_musan_music_snr4_seed20260827/clean/4970-29095-0001.wav,data/librispeech_test_clean_musan_music_snr4_seed20260827/noisy/4970-29095-0001.wav,16000,16000,1,1,222560,222560
586,1188-133604-0036.wav,1188-133604-0036,data/librispeech_test_clean_musan_music_snr4_seed20260827/clean/1188-133604-0036.wav,data/librispeech_test_clean_musan_music_snr4_seed20260827/noisy/1188-133604-0036.wav,16000,16000,1,1,127520,127520
587,121-121726-0010.wav,121-121726-0010,data/librispeech_test_clean_musan_music_snr4_seed20260827/clean/121-121726-0010.wav,data/librispeech_test_clean_musan_music_snr4_seed20260827/noisy/121-121726-0010.wav,16000,16000,1,1,156960,156960
588,5683-32865-0016.wav,5683-32865-0016,data/librispeech_test_clean_musan_music_snr4_seed20260827/clean/5683-32865-0016.wav,data/librispeech_test_clean_musan_music_snr4_seed20260827/noisy/5683-32865-0016.wav,16000,16000,1,1,48960,48960
589,1580-141084-0039.wav,1580-141084-0039,data/librispeech_test_clean_musan_music_snr4_seed20260827/clean/1580-141084-0039.wav,data/librispeech_test_clean_musan_music_snr4_seed20260827/noisy/1580-141084-0039.wav,16000,16000,1,1,78160,78160
590,5639-40744-0037.wav,5639-40744-0037,data/librispeech_test_clean_musan_music_snr4_seed20260827/clean/5639-40744-0037.wav,data/librispeech_test_clean_musan_music_snr4_seed20260827/noisy/5639-40744-0037.wav,16000,16000,1,1,183200,183200
591,2961-960-0004.wav,2961-960-0004,data/librispeech_test_clean_musan_music_snr4_seed20260827/clean/2961-960-0004.wav,data/librispeech_test_clean_musan_music_snr4_seed20260827/noisy/2961-960-0004.wav,16000,16000,1,1,131520,131520
592,7021-79740-0011.wav,7021-79740-0011,data/librispeech_test_clean_musan_music_snr4_seed20260827/clean/7021-79740-0011.wav,data/librispeech_test_clean_musan_music_snr4_seed20260827/noisy/7021-79740-0011.wav,16000,16000,1,1,165040,165040
593,1188-133604-0043.wav,1188-133604-0043,data/librispeech_test_clean_musan_music_snr4_seed20260827/clean/1188-133604-0043.wav,data/librispeech_test_clean_musan_music_snr4_seed20260827/noisy/1188-133604-0043.wav,16000,16000,1,1,78160,78160
594,1580-141084-0036.wav,1580-141084-0036,data/librispeech_test_clean_musan_music_snr4_seed20260827/clean/1580-141084-0036.wav,data/librispeech_test_clean_musan_music_snr4_seed20260827/noisy/1580-141084-0036.wav,16000,16000,1,1,39600,39600
595,4992-41806-0009.wav,4992-41806-0009,data/librispeech_test_clean_musan_music_snr4_seed20260827/clean/4992-41806-0009.wav,data/librispeech_test_clean_musan_music_snr4_seed20260827/noisy/4992-41806-0009.wav,16000,16000,1,1,69680,69680
596,6829-68771-0035.wav,6829-68771-0035,data/librispeech_test_clean_musan_music_snr4_seed20260827/clean/6829-68771-0035.wav,data/librispeech_test_clean_musan_music_snr4_seed20260827/noisy/6829-68771-0035.wav,16000,16000,1,1,70240,70240
597,3729-6852-0039.wav,3729-6852-0039,data/librispeech_test_clean_musan_music_snr4_seed20260827/clean/3729-6852-0039.wav,data/librispeech_test_clean_musan_music_snr4_seed20260827/noisy/3729-6852-0039.wav,16000,16000,1,1,141200,141200
598,7021-85628-0027.wav,7021-85628-0027,data/librispeech_test_clean_musan_music_snr4_seed20260827/clean/7021-85628-0027.wav,data/librispeech_test_clean_musan_music_snr4_seed20260827/noisy/7021-85628-0027.wav,16000,16000,1,1,136000,136000
599,4446-2275-0042.wav,4446-2275-0042,data/librispeech_test_clean_musan_music_snr4_seed20260827/clean/4446-2275-0042.wav,data/librispeech_test_clean_musan_music_snr4_seed20260827/noisy/4446-2275-0042.wav,16000,16000,1,1,86400,86400
600,5142-36377-0007.wav,5142-36377-0007,data/librispeech_test_clean_musan_music_snr4_seed20260827/clean/5142-36377-0007.wav,data/librispeech_test_clean_musan_music_snr4_seed20260827/noisy/5142-36377-0007.wav,16000,16000,1,1,98880,98880
601,8455-210777-0052.wav,8455-210777-0052,data/librispeech_test_clean_musan_music_snr4_seed20260827/clean/8455-210777-0052.wav,data/librispeech_test_clean_musan_music_snr4_seed20260827/noisy/8455-210777-0052.wav,16000,16000,1,1,79040,79040
602,5142-33396-0020.wav,5142-33396-0020,data/librispeech_test_clean_musan_music_snr4_seed20260827/clean/5142-33396-0020.wav,data/librispeech_test_clean_musan_music_snr4_seed20260827/noisy/5142-33396-0020.wav,16000,16000,1,1,53040,53040
603,3729-6852-0000.wav,3729-6852-0000,data/librispeech_test_clean_musan_music_snr4_seed20260827/clean/3729-6852-0000.wav,data/librispeech_test_clean_musan_music_snr4_seed20260827/noisy/3729-6852-0000.wav,16000,16000,1,1,178720,178720
604,672-122797-0063.wav,672-122797-0063,data/librispeech_test_clean_musan_music_snr4_seed20260827/clean/672-122797-0063.wav,data/librispeech_test_clean_musan_music_snr4_seed20260827/noisy/672-122797-0063.wav,16000,16000,1,1,81200,81200
605,1995-1837-0015.wav,1995-1837-0015,data/librispeech_test_clean_musan_music_snr4_seed20260827/clean/1995-1837-0015.wav,data/librispeech_test_clean_musan_music_snr4_seed20260827/noisy/1995-1837-0015.wav,16000,16000,1,1,71760,71760
606,672-122797-0000.wav,672-122797-0000,data/librispeech_test_clean_musan_music_snr4_seed20260827/clean/672-122797-0000.wav,data/librispeech_test_clean_musan_music_snr4_seed20260827/noisy/672-122797-0000.wav,16000,16000,1,1,65120,65120
607,2094-142345-0034.wav,2094-142345-0034,data/librispeech_test_clean_musan_music_snr4_seed20260827/clean/2094-142345-0034.wav,data/librispeech_test_clean_musan_music_snr4_seed20260827/noisy/2094-142345-0034.wav,16000,16000,1,1,127840,127840
608,3570-5695-0007.wav,3570-5695-0007,data/librispeech_test_clean_musan_music_snr4_seed20260827/clean/3570-5695-0007.wav,data/librispeech_test_clean_musan_music_snr4_seed20260827/noisy/3570-5695-0007.wav,16000,16000,1,1,156080,156080
609,2961-960-0015.wav,2961-960-0015,data/librispeech_test_clean_musan_music_snr4_seed20260827/clean/2961-960-0015.wav,data/librispeech_test_clean_musan_music_snr4_seed20260827/noisy/2961-960-0015.wav,16000,16000,1,1,125280,125280
610,2830-3980-0026.wav,2830-3980-0026,data/librispeech_test_clean_musan_music_snr4_seed20260827/clean/2830-3980-0026.wav,data/librispeech_test_clean_musan_music_snr4_seed20260827/noisy/2830-3980-0026.wav,16000,16000,1,1,23760,23760
611,61-70970-0000.wav,61-70970-0000,data/librispeech_test_clean_musan_music_snr4_seed20260827/clean/61-70970-0000.wav,data/librispeech_test_clean_musan_music_snr4_seed20260827/noisy/61-70970-0000.wav,16000,16000,1,1,97200,97200
612,237-134493-0014.wav,237-134493-0014,data/librispeech_test_clean_musan_music_snr4_seed20260827/clean/237-134493-0014.wav,data/librispeech_test_clean_musan_music_snr4_seed20260827/noisy/237-134493-0014.wav,16000,16000,1,1,59200,59200
613,5683-32879-0004.wav,5683-32879-0004,data/librispeech_test_clean_musan_music_snr4_seed20260827/clean/5683-32879-0004.wav,data/librispeech_test_clean_musan_music_snr4_seed20260827/noisy/5683-32879-0004.wav,16000,16000,1,1,179360,179360
614,3570-5694-0017.wav,3570-5694-0017,data/librispeech_test_clean_musan_music_snr4_seed20260827/clean/3570-5694-0017.wav,data/librispeech_test_clean_musan_music_snr4_seed20260827/noisy/3570-5694-0017.wav,16000,16000,1,1,133360,133360
615,7127-75947-0019.wav,7127-75947-0019,data/librispeech_test_clean_musan_music_snr4_seed20260827/clean/7127-75947-0019.wav,data/librispeech_test_clean_musan_music_snr4_seed20260827/noisy/7127-75947-0019.wav,16000,16000,1,1,62000,62000
616,1284-134647-0002.wav,1284-134647-0002,data/librispeech_test_clean_musan_music_snr4_seed20260827/clean/1284-134647-0002.wav,data/librispeech_test_clean_musan_music_snr4_seed20260827/noisy/1284-134647-0002.wav,16000,16000,1,1,241760,241760
617,8230-279154-0041.wav,8230-279154-0041,data/librispeech_test_clean_musan_music_snr4_seed20260827/clean/8230-279154-0041.wav,data/librispeech_test_clean_musan_music_snr4_seed20260827/noisy/8230-279154-0041.wav,16000,16000,1,1,239120,239120
618,5105-28241-0013.wav,5105-28241-0013,data/librispeech_test_clean_musan_music_snr4_seed20260827/clean/5105-28241-0013.wav,data/librispeech_test_clean_musan_music_snr4_seed20260827/noisy/5105-28241-0013.wav,16000,16000,1,1,77120,77120
619,8224-274381-0002.wav,8224-274381-0002,data/librispeech_test_clean_musan_music_snr4_seed20260827/clean/8224-274381-0002.wav,data/librispeech_test_clean_musan_music_snr4_seed20260827/noisy/8224-274381-0002.wav,16000,16000,1,1,392640,392640
620,5142-36377-0011.wav,5142-36377-0011,data/librispeech_test_clean_musan_music_snr4_seed20260827/clean/5142-36377-0011.wav,data/librispeech_test_clean_musan_music_snr4_seed20260827/noisy/5142-36377-0011.wav,16000,16000,1,1,34641,34641
621,61-70968-0019.wav,61-70968-0019,data/librispeech_test_clean_musan_music_snr4_seed20260827/clean/61-70968-0019.wav,data/librispeech_test_clean_musan_music_snr4_seed20260827/noisy/61-70968-0019.wav,16000,16000,1,1,87600,87600
622,5639-40744-0020.wav,5639-40744-0020,data/librispeech_test_clean_musan_music_snr4_seed20260827/clean/5639-40744-0020.wav,data/librispeech_test_clean_musan_music_snr4_seed20260827/noisy/5639-40744-0020.wav,16000,16000,1,1,157120,157120
623,8463-287645-0008.wav,8463-287645-0008,data/librispeech_test_clean_musan_music_snr4_seed20260827/clean/8463-287645-0008.wav,data/librispeech_test_clean_musan_music_snr4_seed20260827/noisy/8463-287645-0008.wav,16000,16000,1,1,53200,53200
624,2961-960-0022.wav,2961-960-0022,data/librispeech_test_clean_musan_music_snr4_seed20260827/clean/2961-960-0022.wav,data/librispeech_test_clean_musan_music_snr4_seed20260827/noisy/2961-960-0022.wav,16000,16000,1,1,118800,118800
625,5683-32879-0017.wav,5683-32879-0017,data/librispeech_test_clean_musan_music_snr4_seed20260827/clean/5683-32879-0017.wav,data/librispeech_test_clean_musan_music_snr4_seed20260827/noisy/5683-32879-0017.wav,16000,16000,1,1,233440,233440
626,672-122797-0074.wav,672-122797-0074,data/librispeech_test_clean_musan_music_snr4_seed20260827/clean/672-122797-0074.wav,data/librispeech_test_clean_musan_music_snr4_seed20260827/noisy/672-122797-0074.wav,16000,16000,1,1,139680,139680
627,260-123440-0019.wav,260-123440-0019,data/librispeech_test_clean_musan_music_snr4_seed20260827/clean/260-123440-0019.wav,data/librispeech_test_clean_musan_music_snr4_seed20260827/noisy/260-123440-0019.wav,16000,16000,1,1,106080,106080
628,7729-102255-0027.wav,7729-102255-0027,data/librispeech_test_clean_musan_music_snr4_seed20260827/clean/7729-102255-0027.wav,data/librispeech_test_clean_musan_music_snr4_seed20260827/noisy/7729-102255-0027.wav,16000,16000,1,1,94480,94480
629,121-121726-0013.wav,121-121726-0013,data/librispeech_test_clean_musan_music_snr4_seed20260827/clean/121-121726-0013.wav,data/librispeech_test_clean_musan_music_snr4_seed20260827/noisy/121-121726-0013.wav,16000,16000,1,1,39840,39840
630,5683-32865-0005.wav,5683-32865-0005,data/librispeech_test_clean_musan_music_snr4_seed20260827/clean/5683-32865-0005.wav,data/librispeech_test_clean_musan_music_snr4_seed20260827/noisy/5683-32865-0005.wav,16000,16000,1,1,161920,161920
631,7021-85628-0026.wav,7021-85628-0026,data/librispeech_test_clean_musan_music_snr4_seed20260827/clean/7021-85628-0026.wav,data/librispeech_test_clean_musan_music_snr4_seed20260827/noisy/7021-85628-0026.wav,16000,16000,1,1,43840,43840
632,1580-141084-0034.wav,1580-141084-0034,data/librispeech_test_clean_musan_music_snr4_seed20260827/clean/1580-141084-0034.wav,data/librispeech_test_clean_musan_music_snr4_seed20260827/noisy/1580-141084-0034.wav,16000,16000,1,1,71840,71840
633,4992-41806-0003.wav,4992-41806-0003,data/librispeech_test_clean_musan_music_snr4_seed20260827/clean/4992-41806-0003.wav,data/librispeech_test_clean_musan_music_snr4_seed20260827/noisy/4992-41806-0003.wav,16000,16000,1,1,147840,147840
634,8555-284447-0023.wav,8555-284447-0023,data/librispeech_test_clean_musan_music_snr4_seed20260827/clean/8555-284447-0023.wav,data/librispeech_test_clean_musan_music_snr4_seed20260827/noisy/8555-284447-0023.wav,16000,16000,1,1,114480,114480
635,2961-961-0011.wav,2961-961-0011,data/librispeech_test_clean_musan_music_snr4_seed20260827/clean/2961-961-0011.wav,data/librispeech_test_clean_musan_music_snr4_seed20260827/noisy/2961-961-0011.wav,16000,16000,1,1,125040,125040
636,6829-68771-0034.wav,6829-68771-0034,data/librispeech_test_clean_musan_music_snr4_seed20260827/clean/6829-68771-0034.wav,data/librispeech_test_clean_musan_music_snr4_seed20260827/noisy/6829-68771-0034.wav,16000,16000,1,1,39600,39600
637,121-123852-0000.wav,121-123852-0000,data/librispeech_test_clean_musan_music_snr4_seed20260827/clean/121-123852-0000.wav,data/librispeech_test_clean_musan_music_snr4_seed20260827/noisy/121-123852-0000.wav,16000,16000,1,1,283120,283120
638,2830-3980-0036.wav,2830-3980-0036,data/librispeech_test_clean_musan_music_snr4_seed20260827/clean/2830-3980-0036.wav,data/librispeech_test_clean_musan_music_snr4_seed20260827/noisy/2830-3980-0036.wav,16000,16000,1,1,92240,92240
639,2094-142345-0054.wav,2094-142345-0054,data/librispeech_test_clean_musan_music_snr4_seed20260827/clean/2094-142345-0054.wav,data/librispeech_test_clean_musan_music_snr4_seed20260827/noisy/2094-142345-0054.wav,16000,16000,1,1,90880,90880
640,1188-133604-0023.wav,1188-133604-0023,data/librispeech_test_clean_musan_music_snr4_seed20260827/clean/1188-133604-0023.wav,data/librispeech_test_clean_musan_music_snr4_seed20260827/noisy/1188-133604-0023.wav,16000,16000,1,1,378720,378720
641,7127-75947-0008.wav,7127-75947-0008,data/librispeech_test_clean_musan_music_snr4_seed20260827/clean/7127-75947-0008.wav,data/librispeech_test_clean_musan_music_snr4_seed20260827/noisy/7127-75947-0008.wav,16000,16000,1,1,66480,66480
642,4507-16021-0015.wav,4507-16021-0015,data/librispeech_test_clean_musan_music_snr4_seed20260827/clean/4507-16021-0015.wav,data/librispeech_test_clean_musan_music_snr4_seed20260827/noisy/4507-16021-0015.wav,16000,16000,1,1,61760,61760
643,260-123286-0023.wav,260-123286-0023,data/librispeech_test_clean_musan_music_snr4_seed20260827/clean/260-123286-0023.wav,data/librispeech_test_clean_musan_music_snr4_seed20260827/noisy/260-123286-0023.wav,16000,16000,1,1,94000,94000
644,260-123286-0002.wav,260-123286-0002,data/librispeech_test_clean_musan_music_snr4_seed20260827/clean/260-123286-0002.wav,data/librispeech_test_clean_musan_music_snr4_seed20260827/noisy/260-123286-0002.wav,16000,16000,1,1,159760,159760
645,1995-1837-0009.wav,1995-1837-0009,data/librispeech_test_clean_musan_music_snr4_seed20260827/clean/1995-1837-0009.wav,data/librispeech_test_clean_musan_music_snr4_seed20260827/noisy/1995-1837-0009.wav,16000,16000,1,1,60160,60160
646,3570-5696-0001.wav,3570-5696-0001,data/librispeech_test_clean_musan_music_snr4_seed20260827/clean/3570-5696-0001.wav,data/librispeech_test_clean_musan_music_snr4_seed20260827/noisy/3570-5696-0001.wav,16000,16000,1,1,267760,267760
647,4077-13754-0004.wav,4077-13754-0004,data/librispeech_test_clean_musan_music_snr4_seed20260827/clean/4077-13754-0004.wav,data/librispeech_test_clean_musan_music_snr4_seed20260827/noisy/4077-13754-0004.wav,16000,16000,1,1,79760,79760
648,61-70968-0049.wav,61-70968-0049,data/librispeech_test_clean_musan_music_snr4_seed20260827/clean/61-70968-0049.wav,data/librispeech_test_clean_musan_music_snr4_seed20260827/noisy/61-70968-0049.wav,16000,16000,1,1,132000,132000
649,4446-2273-0006.wav,4446-2273-0006,data/librispeech_test_clean_musan_music_snr4_seed20260827/clean/4446-2273-0006.wav,data/librispeech_test_clean_musan_music_snr4_seed20260827/noisy/4446-2273-0006.wav,16000,16000,1,1,47040,47040
650,7729-102255-0019.wav,7729-102255-0019,data/librispeech_test_clean_musan_music_snr4_seed20260827/clean/7729-102255-0019.wav,data/librispeech_test_clean_musan_music_snr4_seed20260827/noisy/7729-102255-0019.wav,16000,16000,1,1,142880,142880
651,260-123286-0012.wav,260-123286-0012,data/librispeech_test_clean_musan_music_snr4_seed20260827/clean/260-123286-0012.wav,data/librispeech_test_clean_musan_music_snr4_seed20260827/noisy/260-123286-0012.wav,16000,16000,1,1,38880,38880
652,5142-36377-0023.wav,5142-36377-0023,data/librispeech_test_clean_musan_music_snr4_seed20260827/clean/5142-36377-0023.wav,data/librispeech_test_clean_musan_music_snr4_seed20260827/noisy/5142-36377-0023.wav,16000,16000,1,1,92640,92640
653,4077-13751-0013.wav,4077-13751-0013,data/librispeech_test_clean_musan_music_snr4_seed20260827/clean/4077-13751-0013.wav,data/librispeech_test_clean_musan_music_snr4_seed20260827/noisy/4077-13751-0013.wav,16000,16000,1,1,69040,69040
654,8230-279154-0022.wav,8230-279154-0022,data/librispeech_test_clean_musan_music_snr4_seed20260827/clean/8230-279154-0022.wav,data/librispeech_test_clean_musan_music_snr4_seed20260827/noisy/8230-279154-0022.wav,16000,16000,1,1,103040,103040
655,3570-5694-0013.wav,3570-5694-0013,data/librispeech_test_clean_musan_music_snr4_seed20260827/clean/3570-5694-0013.wav,data/librispeech_test_clean_musan_music_snr4_seed20260827/noisy/3570-5694-0013.wav,16000,16000,1,1,89760,89760
656,672-122797-0065.wav,672-122797-0065,data/librispeech_test_clean_musan_music_snr4_seed20260827/clean/672-122797-0065.wav,data/librispeech_test_clean_musan_music_snr4_seed20260827/noisy/672-122797-0065.wav,16000,16000,1,1,48480,48480
657,61-70968-0053.wav,61-70968-0053,data/librispeech_test_clean_musan_music_snr4_seed20260827/clean/61-70968-0053.wav,data/librispeech_test_clean_musan_music_snr4_seed20260827/noisy/61-70968-0053.wav,16000,16000,1,1,67520,67520
658,8230-279154-0009.wav,8230-279154-0009,data/librispeech_test_clean_musan_music_snr4_seed20260827/clean/8230-279154-0009.wav,data/librispeech_test_clean_musan_music_snr4_seed20260827/noisy/8230-279154-0009.wav,16000,16000,1,1,270560,270560
659,121-121726-0012.wav,121-121726-0012,data/librispeech_test_clean_musan_music_snr4_seed20260827/clean/121-121726-0012.wav,data/librispeech_test_clean_musan_music_snr4_seed20260827/noisy/121-121726-0012.wav,16000,16000,1,1,64720,64720
660,8230-279154-0024.wav,8230-279154-0024,data/librispeech_test_clean_musan_music_snr4_seed20260827/clean/8230-279154-0024.wav,data/librispeech_test_clean_musan_music_snr4_seed20260827/noisy/8230-279154-0024.wav,16000,16000,1,1,101440,101440
661,2094-142345-0023.wav,2094-142345-0023,data/librispeech_test_clean_musan_music_snr4_seed20260827/clean/2094-142345-0023.wav,data/librispeech_test_clean_musan_music_snr4_seed20260827/noisy/2094-142345-0023.wav,16000,16000,1,1,82880,82880
662,260-123286-0029.wav,260-123286-0029,data/librispeech_test_clean_musan_music_snr4_seed20260827/clean/260-123286-0029.wav,data/librispeech_test_clean_musan_music_snr4_seed20260827/noisy/260-123286-0029.wav,16000,16000,1,1,72720,72720
663,5683-32865-0014.wav,5683-32865-0014,data/librispeech_test_clean_musan_music_snr4_seed20260827/clean/5683-32865-0014.wav,data/librispeech_test_clean_musan_music_snr4_seed20260827/noisy/5683-32865-0014.wav,16000,16000,1,1,41840,41840
664,8555-284449-0015.wav,8555-284449-0015,data/librispeech_test_clean_musan_music_snr4_seed20260827/clean/8555-284449-0015.wav,data/librispeech_test_clean_musan_music_snr4_seed20260827/noisy/8555-284449-0015.wav,16000,16000,1,1,81920,81920
665,121-127105-0007.wav,121-127105-0007,data/librispeech_test_clean_musan_music_snr4_seed20260827/clean/121-127105-0007.wav,data/librispeech_test_clean_musan_music_snr4_seed20260827/noisy/121-127105-0007.wav,16000,16000,1,1,92640,92640
666,237-134500-0029.wav,237-134500-0029,data/librispeech_test_clean_musan_music_snr4_seed20260827/clean/237-134500-0029.wav,data/librispeech_test_clean_musan_music_snr4_seed20260827/noisy/237-134500-0029.wav,16000,16000,1,1,33040,33040
667,5142-36377-0019.wav,5142-36377-0019,data/librispeech_test_clean_musan_music_snr4_seed20260827/clean/5142-36377-0019.wav,data/librispeech_test_clean_musan_music_snr4_seed20260827/noisy/5142-36377-0019.wav,16000,16000,1,1,38640,38640
668,8224-274384-0008.wav,8224-274384-0008,data/librispeech_test_clean_musan_music_snr4_seed20260827/clean/8224-274384-0008.wav,data/librispeech_test_clean_musan_music_snr4_seed20260827/noisy/8224-274384-0008.wav,16000,16000,1,1,214720,214720
669,1580-141083-0037.wav,1580-141083-0037,data/librispeech_test_clean_musan_music_snr4_seed20260827/clean/1580-141083-0037.wav,data/librispeech_test_clean_musan_music_snr4_seed20260827/noisy/1580-141083-0037.wav,16000,16000,1,1,91680,91680
670,672-122797-0015.wav,672-122797-0015,data/librispeech_test_clean_musan_music_snr4_seed20260827/clean/672-122797-0015.wav,data/librispeech_test_clean_musan_music_snr4_seed20260827/noisy/672-122797-0015.wav,16000,16000,1,1,71280,71280
671,8230-279154-0039.wav,8230-279154-0039,data/librispeech_test_clean_musan_music_snr4_seed20260827/clean/8230-279154-0039.wav,data/librispeech_test_clean_musan_music_snr4_seed20260827/noisy/8230-279154-0039.wav,16000,16000,1,1,73440,73440
672,1320-122612-0009.wav,1320-122612-0009,data/librispeech_test_clean_musan_music_snr4_seed20260827/clean/1320-122612-0009.wav,data/librispeech_test_clean_musan_music_snr4_seed20260827/noisy/1320-122612-0009.wav,16000,16000,1,1,62080,62080
673,1580-141083-0042.wav,1580-141083-0042,data/librispeech_test_clean_musan_music_snr4_seed20260827/clean/1580-141083-0042.wav,data/librispeech_test_clean_musan_music_snr4_seed20260827/noisy/1580-141083-0042.wav,16000,16000,1,1,93840,93840
674,8455-210777-0061.wav,8455-210777-0061,data/librispeech_test_clean_musan_music_snr4_seed20260827/clean/8455-210777-0061.wav,data/librispeech_test_clean_musan_music_snr4_seed20260827/noisy/8455-210777-0061.wav,16000,16000,1,1,250320,250320
675,2300-131720-0016.wav,2300-131720-0016,data/librispeech_test_clean_musan_music_snr4_seed20260827/clean/2300-131720-0016.wav,data/librispeech_test_clean_musan_music_snr4_seed20260827/noisy/2300-131720-0016.wav,16000,16000,1,1,320240,320240
676,260-123286-0003.wav,260-123286-0003,data/librispeech_test_clean_musan_music_snr4_seed20260827/clean/260-123286-0003.wav,data/librispeech_test_clean_musan_music_snr4_seed20260827/noisy/260-123286-0003.wav,16000,16000,1,1,117920,117920
677,61-70970-0008.wav,61-70970-0008,data/librispeech_test_clean_musan_music_snr4_seed20260827/clean/61-70970-0008.wav,data/librispeech_test_clean_musan_music_snr4_seed20260827/noisy/61-70970-0008.wav,16000,16000,1,1,34400,34400
678,1188-133604-0035.wav,1188-133604-0035,data/librispeech_test_clean_musan_music_snr4_seed20260827/clean/1188-133604-0035.wav,data/librispeech_test_clean_musan_music_snr4_seed20260827/noisy/1188-133604-0035.wav,16000,16000,1,1,46800,46800
679,2300-131720-0004.wav,2300-131720-0004,data/librispeech_test_clean_musan_music_snr4_seed20260827/clean/2300-131720-0004.wav,data/librispeech_test_clean_musan_music_snr4_seed20260827/noisy/2300-131720-0004.wav,16000,16000,1,1,318560,318560
680,6930-75918-0002.wav,6930-75918-0002,data/librispeech_test_clean_musan_music_snr4_seed20260827/clean/6930-75918-0002.wav,data/librispeech_test_clean_musan_music_snr4_seed20260827/noisy/6930-75918-0002.wav,16000,16000,1,1,80400,80400
681,5105-28240-0024.wav,5105-28240-0024,data/librispeech_test_clean_musan_music_snr4_seed20260827/clean/5105-28240-0024.wav,data/librispeech_test_clean_musan_music_snr4_seed20260827/noisy/5105-28240-0024.wav,16000,16000,1,1,131200,131200
682,6930-76324-0027.wav,6930-76324-0027,data/librispeech_test_clean_musan_music_snr4_seed20260827/clean/6930-76324-0027.wav,data/librispeech_test_clean_musan_music_snr4_seed20260827/noisy/6930-76324-0027.wav,16000,16000,1,1,132320,132320
683,2300-131720-0031.wav,2300-131720-0031,data/librispeech_test_clean_musan_music_snr4_seed20260827/clean/2300-131720-0031.wav,data/librispeech_test_clean_musan_music_snr4_seed20260827/noisy/2300-131720-0031.wav,16000,16000,1,1,265360,265360
684,8463-294825-0013.wav,8463-294825-0013,data/librispeech_test_clean_musan_music_snr4_seed20260827/clean/8463-294825-0013.wav,data/librispeech_test_clean_musan_music_snr4_seed20260827/noisy/8463-294825-0013.wav,16000,16000,1,1,282240,282240
685,5142-33396-0013.wav,5142-33396-0013,data/librispeech_test_clean_musan_music_snr4_seed20260827/clean/5142-33396-0013.wav,data/librispeech_test_clean_musan_music_snr4_seed20260827/noisy/5142-33396-0013.wav,16000,16000,1,1,33760,33760
686,7176-92135-0011.wav,7176-92135-0011,data/librispeech_test_clean_musan_music_snr4_seed20260827/clean/7176-92135-0011.wav,data/librispeech_test_clean_musan_music_snr4_seed20260827/noisy/7176-92135-0011.wav,16000,16000,1,1,46160,46160
687,5639-40744-0012.wav,5639-40744-0012,data/librispeech_test_clean_musan_music_snr4_seed20260827/clean/5639-40744-0012.wav,data/librispeech_test_clean_musan_music_snr4_seed20260827/noisy/5639-40744-0012.wav,16000,16000,1,1,137520,137520
688,1995-1826-0020.wav,1995-1826-0020,data/librispeech_test_clean_musan_music_snr4_seed20260827/clean/1995-1826-0020.wav,data/librispeech_test_clean_musan_music_snr4_seed20260827/noisy/1995-1826-0020.wav,16000,16000,1,1,97920,97920
689,1320-122612-0010.wav,1320-122612-0010,data/librispeech_test_clean_musan_music_snr4_seed20260827/clean/1320-122612-0010.wav,data/librispeech_test_clean_musan_music_snr4_seed20260827/noisy/1320-122612-0010.wav,16000,16000,1,1,163120,163120
690,908-157963-0016.wav,908-157963-0016,data/librispeech_test_clean_musan_music_snr4_seed20260827/clean/908-157963-0016.wav,data/librispeech_test_clean_musan_music_snr4_seed20260827/noisy/908-157963-0016.wav,16000,16000,1,1,81680,81680
691,2961-960-0011.wav,2961-960-0011,data/librispeech_test_clean_musan_music_snr4_seed20260827/clean/2961-960-0011.wav,data/librispeech_test_clean_musan_music_snr4_seed20260827/noisy/2961-960-0011.wav,16000,16000,1,1,334000,334000
692,6829-68771-0017.wav,6829-68771-0017,data/librispeech_test_clean_musan_music_snr4_seed20260827/clean/6829-68771-0017.wav,data/librispeech_test_clean_musan_music_snr4_seed20260827/noisy/6829-68771-0017.wav,16000,16000,1,1,38240,38240
693,8455-210777-0068.wav,8455-210777-0068,data/librispeech_test_clean_musan_music_snr4_seed20260827/clean/8455-210777-0068.wav,data/librispeech_test_clean_musan_music_snr4_seed20260827/noisy/8455-210777-0068.wav,16000,16000,1,1,41440,41440
694,61-70970-0025.wav,61-70970-0025,data/librispeech_test_clean_musan_music_snr4_seed20260827/clean/61-70970-0025.wav,data/librispeech_test_clean_musan_music_snr4_seed20260827/noisy/61-70970-0025.wav,16000,16000,1,1,118960,118960
695,4992-23283-0007.wav,4992-23283-0007,data/librispeech_test_clean_musan_music_snr4_seed20260827/clean/4992-23283-0007.wav,data/librispeech_test_clean_musan_music_snr4_seed20260827/noisy/4992-23283-0007.wav,16000,16000,1,1,64720,64720
696,6930-75918-0005.wav,6930-75918-0005,data/librispeech_test_clean_musan_music_snr4_seed20260827/clean/6930-75918-0005.wav,data/librispeech_test_clean_musan_music_snr4_seed20260827/noisy/6930-75918-0005.wav,16000,16000,1,1,210560,210560
697,2094-142345-0020.wav,2094-142345-0020,data/librispeech_test_clean_musan_music_snr4_seed20260827/clean/2094-142345-0020.wav,data/librispeech_test_clean_musan_music_snr4_seed20260827/noisy/2094-142345-0020.wav,16000,16000,1,1,38960,38960
698,61-70970-0028.wav,61-70970-0028,data/librispeech_test_clean_musan_music_snr4_seed20260827/clean/61-70970-0028.wav,data/librispeech_test_clean_musan_music_snr4_seed20260827/noisy/61-70970-0028.wav,16000,16000,1,1,104800,104800
699,672-122797-0039.wav,672-122797-0039,data/librispeech_test_clean_musan_music_snr4_seed20260827/clean/672-122797-0039.wav,data/librispeech_test_clean_musan_music_snr4_seed20260827/noisy/672-122797-0039.wav,16000,16000,1,1,64400,64400
700,121-127105-0020.wav,121-127105-0020,data/librispeech_test_clean_musan_music_snr4_seed20260827/clean/121-127105-0020.wav,data/librispeech_test_clean_musan_music_snr4_seed20260827/noisy/121-127105-0020.wav,16000,16000,1,1,229680,229680
701,5105-28241-0012.wav,5105-28241-0012,data/librispeech_test_clean_musan_music_snr4_seed20260827/clean/5105-28241-0012.wav,data/librispeech_test_clean_musan_music_snr4_seed20260827/noisy/5105-28241-0012.wav,16000,16000,1,1,108400,108400
702,1089-134686-0026.wav,1089-134686-0026,data/librispeech_test_clean_musan_music_snr4_seed20260827/clean/1089-134686-0026.wav,data/librispeech_test_clean_musan_music_snr4_seed20260827/noisy/1089-134686-0026.wav,16000,16000,1,1,64160,64160
703,1089-134686-0017.wav,1089-134686-0017,data/librispeech_test_clean_musan_music_snr4_seed20260827/clean/1089-134686-0017.wav,data/librispeech_test_clean_musan_music_snr4_seed20260827/noisy/1089-134686-0017.wav,16000,16000,1,1,141920,141920
704,4446-2275-0012.wav,4446-2275-0012,data/librispeech_test_clean_musan_music_snr4_seed20260827/clean/4446-2275-0012.wav,data/librispeech_test_clean_musan_music_snr4_seed20260827/noisy/4446-2275-0012.wav,16000,16000,1,1,96400,96400
705,672-122797-0013.wav,672-122797-0013,data/librispeech_test_clean_musan_music_snr4_seed20260827/clean/672-122797-0013.wav,data/librispeech_test_clean_musan_music_snr4_seed20260827/noisy/672-122797-0013.wav,16000,16000,1,1,139280,139280
706,4446-2273-0024.wav,4446-2273-0024,data/librispeech_test_clean_musan_music_snr4_seed20260827/clean/4446-2273-0024.wav,data/librispeech_test_clean_musan_music_snr4_seed20260827/noisy/4446-2273-0024.wav,16000,16000,1,1,77200,77200
707,6930-81414-0006.wav,6930-81414-0006,data/librispeech_test_clean_musan_music_snr4_seed20260827/clean/6930-81414-0006.wav,data/librispeech_test_clean_musan_music_snr4_seed20260827/noisy/6930-81414-0006.wav,16000,16000,1,1,108800,108800
708,3729-6852-0024.wav,3729-6852-0024,data/librispeech_test_clean_musan_music_snr4_seed20260827/clean/3729-6852-0024.wav,data/librispeech_test_clean_musan_music_snr4_seed20260827/noisy/3729-6852-0024.wav,16000,16000,1,1,88240,88240
709,61-70970-0034.wav,61-70970-0034,data/librispeech_test_clean_musan_music_snr4_seed20260827/clean/61-70970-0034.wav,data/librispeech_test_clean_musan_music_snr4_seed20260827/noisy/61-70970-0034.wav,16000,16000,1,1,71760,71760
710,7176-88083-0018.wav,7176-88083-0018,data/librispeech_test_clean_musan_music_snr4_seed20260827/clean/7176-88083-0018.wav,data/librispeech_test_clean_musan_music_snr4_seed20260827/noisy/7176-88083-0018.wav,16000,16000,1,1,167200,167200
711,1188-133604-0002.wav,1188-133604-0002,data/librispeech_test_clean_musan_music_snr4_seed20260827/clean/1188-133604-0002.wav,data/librispeech_test_clean_musan_music_snr4_seed20260827/noisy/1188-133604-0002.wav,16000,16000,1,1,287360,287360
712,6930-81414-0010.wav,6930-81414-0010,data/librispeech_test_clean_musan_music_snr4_seed20260827/clean/6930-81414-0010.wav,data/librispeech_test_clean_musan_music_snr4_seed20260827/noisy/6930-81414-0010.wav,16000,16000,1,1,61360,61360
713,8463-294828-0037.wav,8463-294828-0037,data/librispeech_test_clean_musan_music_snr4_seed20260827/clean/8463-294828-0037.wav,data/librispeech_test_clean_musan_music_snr4_seed20260827/noisy/8463-294828-0037.wav,16000,16000,1,1,85920,85920
714,1580-141084-0014.wav,1580-141084-0014,data/librispeech_test_clean_musan_music_snr4_seed20260827/clean/1580-141084-0014.wav,data/librispeech_test_clean_musan_music_snr4_seed20260827/noisy/1580-141084-0014.wav,16000,16000,1,1,63520,63520
715,4446-2273-0009.wav,4446-2273-0009,data/librispeech_test_clean_musan_music_snr4_seed20260827/clean/4446-2273-0009.wav,data/librispeech_test_clean_musan_music_snr4_seed20260827/noisy/4446-2273-0009.wav,16000,16000,1,1,64240,64240
716,1580-141084-0016.wav,1580-141084-0016,data/librispeech_test_clean_musan_music_snr4_seed20260827/clean/1580-141084-0016.wav,data/librispeech_test_clean_musan_music_snr4_seed20260827/noisy/1580-141084-0016.wav,16000,16000,1,1,95360,95360
717,260-123286-0000.wav,260-123286-0000,data/librispeech_test_clean_musan_music_snr4_seed20260827/clean/260-123286-0000.wav,data/librispeech_test_clean_musan_music_snr4_seed20260827/noisy/260-123286-0000.wav,16000,16000,1,1,112640,112640
718,3570-5695-0002.wav,3570-5695-0002,data/librispeech_test_clean_musan_music_snr4_seed20260827/clean/3570-5695-0002.wav,data/librispeech_test_clean_musan_music_snr4_seed20260827/noisy/3570-5695-0002.wav,16000,16000,1,1,124880,124880
719,5105-28241-0015.wav,5105-28241-0015,data/librispeech_test_clean_musan_music_snr4_seed20260827/clean/5105-28241-0015.wav,data/librispeech_test_clean_musan_music_snr4_seed20260827/noisy/5105-28241-0015.wav,16000,16000,1,1,466240,466240
720,2830-3980-0050.wav,2830-3980-0050,data/librispeech_test_clean_musan_music_snr4_seed20260827/clean/2830-3980-0050.wav,data/librispeech_test_clean_musan_music_snr4_seed20260827/noisy/2830-3980-0050.wav,16000,16000,1,1,119600,119600
721,2094-142345-0029.wav,2094-142345-0029,data/librispeech_test_clean_musan_music_snr4_seed20260827/clean/2094-142345-0029.wav,data/librispeech_test_clean_musan_music_snr4_seed20260827/noisy/2094-142345-0029.wav,16000,16000,1,1,136400,136400
722,7176-92135-0026.wav,7176-92135-0026,data/librispeech_test_clean_musan_music_snr4_seed20260827/clean/7176-92135-0026.wav,data/librispeech_test_clean_musan_music_snr4_seed20260827/noisy/7176-92135-0026.wav,16000,16000,1,1,47200,47200
723,8555-284447-0019.wav,8555-284447-0019,data/librispeech_test_clean_musan_music_snr4_seed20260827/clean/8555-284447-0019.wav,data/librispeech_test_clean_musan_music_snr4_seed20260827/noisy/8555-284447-0019.wav,16000,16000,1,1,164480,164480
724,1284-134647-0005.wav,1284-134647-0005,data/librispeech_test_clean_musan_music_snr4_seed20260827/clean/1284-134647-0005.wav,data/librispeech_test_clean_musan_music_snr4_seed20260827/noisy/1284-134647-0005.wav,16000,16000,1,1,373361,373361
725,8224-274384-0004.wav,8224-274384-0004,data/librispeech_test_clean_musan_music_snr4_seed20260827/clean/8224-274384-0004.wav,data/librispeech_test_clean_musan_music_snr4_seed20260827/noisy/8224-274384-0004.wav,16000,16000,1,1,330240,330240
726,4446-2275-0034.wav,4446-2275-0034,data/librispeech_test_clean_musan_music_snr4_seed20260827/clean/4446-2275-0034.wav,data/librispeech_test_clean_musan_music_snr4_seed20260827/noisy/4446-2275-0034.wav,16000,16000,1,1,49280,49280
727,8455-210777-0004.wav,8455-210777-0004,data/librispeech_test_clean_musan_music_snr4_seed20260827/clean/8455-210777-0004.wav,data/librispeech_test_clean_musan_music_snr4_seed20260827/noisy/8455-210777-0004.wav,16000,16000,1,1,125440,125440
728,6829-68769-0038.wav,6829-68769-0038,data/librispeech_test_clean_musan_music_snr4_seed20260827/clean/6829-68769-0038.wav,data/librispeech_test_clean_musan_music_snr4_seed20260827/noisy/6829-68769-0038.wav,16000,16000,1,1,40080,40080
729,3570-5696-0007.wav,3570-5696-0007,data/librispeech_test_clean_musan_music_snr4_seed20260827/clean/3570-5696-0007.wav,data/librispeech_test_clean_musan_music_snr4_seed20260827/noisy/3570-5696-0007.wav,16000,16000,1,1,152000,152000
730,260-123288-0022.wav,260-123288-0022,data/librispeech_test_clean_musan_music_snr4_seed20260827/clean/260-123288-0022.wav,data/librispeech_test_clean_musan_music_snr4_seed20260827/noisy/260-123288-0022.wav,16000,16000,1,1,59280,59280
731,5142-33396-0063.wav,5142-33396-0063,data/librispeech_test_clean_musan_music_snr4_seed20260827/clean/5142-33396-0063.wav,data/librispeech_test_clean_musan_music_snr4_seed20260827/noisy/5142-33396-0063.wav,16000,16000,1,1,40240,40240
732,6930-76324-0003.wav,6930-76324-0003,data/librispeech_test_clean_musan_music_snr4_seed20260827/clean/6930-76324-0003.wav,data/librispeech_test_clean_musan_music_snr4_seed20260827/noisy/6930-76324-0003.wav,16000,16000,1,1,54160,54160
733,1580-141083-0035.wav,1580-141083-0035,data/librispeech_test_clean_musan_music_snr4_seed20260827/clean/1580-141083-0035.wav,data/librispeech_test_clean_musan_music_snr4_seed20260827/noisy/1580-141083-0035.wav,16000,16000,1,1,79680,79680
734,4992-41797-0022.wav,4992-41797-0022,data/librispeech_test_clean_musan_music_snr4_seed20260827/clean/4992-41797-0022.wav,data/librispeech_test_clean_musan_music_snr4_seed20260827/noisy/4992-41797-0022.wav,16000,16000,1,1,103200,103200
735,7127-75946-0001.wav,7127-75946-0001,data/librispeech_test_clean_musan_music_snr4_seed20260827/clean/7127-75946-0001.wav,data/librispeech_test_clean_musan_music_snr4_seed20260827/noisy/7127-75946-0001.wav,16000,16000,1,1,34720,34720
736,5105-28240-0015.wav,5105-28240-0015,data/librispeech_test_clean_musan_music_snr4_seed20260827/clean/5105-28240-0015.wav,data/librispeech_test_clean_musan_music_snr4_seed20260827/noisy/5105-28240-0015.wav,16000,16000,1,1,136400,136400
737,8463-294828-0000.wav,8463-294828-0000,data/librispeech_test_clean_musan_music_snr4_seed20260827/clean/8463-294828-0000.wav,data/librispeech_test_clean_musan_music_snr4_seed20260827/noisy/8463-294828-0000.wav,16000,16000,1,1,57840,57840
738,5142-33396-0054.wav,5142-33396-0054,data/librispeech_test_clean_musan_music_snr4_seed20260827/clean/5142-33396-0054.wav,data/librispeech_test_clean_musan_music_snr4_seed20260827/noisy/5142-33396-0054.wav,16000,16000,1,1,91920,91920
739,1221-135766-0015.wav,1221-135766-0015,data/librispeech_test_clean_musan_music_snr4_seed20260827/clean/1221-135766-0015.wav,data/librispeech_test_clean_musan_music_snr4_seed20260827/noisy/1221-135766-0015.wav,16000,16000,1,1,42080,42080
740,7127-75947-0005.wav,7127-75947-0005,data/librispeech_test_clean_musan_music_snr4_seed20260827/clean/7127-75947-0005.wav,data/librispeech_test_clean_musan_music_snr4_seed20260827/noisy/7127-75947-0005.wav,16000,16000,1,1,34320,34320
741,908-157963-0018.wav,908-157963-0018,data/librispeech_test_clean_musan_music_snr4_seed20260827/clean/908-157963-0018.wav,data/librispeech_test_clean_musan_music_snr4_seed20260827/noisy/908-157963-0018.wav,16000,16000,1,1,68080,68080
742,5105-28240-0017.wav,5105-28240-0017,data/librispeech_test_clean_musan_music_snr4_seed20260827/clean/5105-28240-0017.wav,data/librispeech_test_clean_musan_music_snr4_seed20260827/noisy/5105-28240-0017.wav,16000,16000,1,1,90640,90640
743,4077-13751-0021.wav,4077-13751-0021,data/librispeech_test_clean_musan_music_snr4_seed20260827/clean/4077-13751-0021.wav,data/librispeech_test_clean_musan_music_snr4_seed20260827/noisy/4077-13751-0021.wav,16000,16000,1,1,315280,315280
744,5142-33396-0028.wav,5142-33396-0028,data/librispeech_test_clean_musan_music_snr4_seed20260827/clean/5142-33396-0028.wav,data/librispeech_test_clean_musan_music_snr4_seed20260827/noisy/5142-33396-0028.wav,16000,16000,1,1,60080,60080
745,1580-141083-0046.wav,1580-141083-0046,data/librispeech_test_clean_musan_music_snr4_seed20260827/clean/1580-141083-0046.wav,data/librispeech_test_clean_musan_music_snr4_seed20260827/noisy/1580-141083-0046.wav,16000,16000,1,1,56480,56480
746,908-31957-0008.wav,908-31957-0008,data/librispeech_test_clean_musan_music_snr4_seed20260827/clean/908-31957-0008.wav,data/librispeech_test_clean_musan_music_snr4_seed20260827/noisy/908-31957-0008.wav,16000,16000,1,1,160080,160080
747,3575-170457-0011.wav,3575-170457-0011,data/librispeech_test_clean_musan_music_snr4_seed20260827/clean/3575-170457-0011.wav,data/librispeech_test_clean_musan_music_snr4_seed20260827/noisy/3575-170457-0011.wav,16000,16000,1,1,112240,112240
748,3575-170457-0029.wav,3575-170457-0029,data/librispeech_test_clean_musan_music_snr4_seed20260827/clean/3575-170457-0029.wav,data/librispeech_test_clean_musan_music_snr4_seed20260827/noisy/3575-170457-0029.wav,16000,16000,1,1,96880,96880
749,2830-3980-0037.wav,2830-3980-0037,data/librispeech_test_clean_musan_music_snr4_seed20260827/clean/2830-3980-0037.wav,data/librispeech_test_clean_musan_music_snr4_seed20260827/noisy/2830-3980-0037.wav,16000,16000,1,1,102720,102720
750,1284-1180-0005.wav,1284-1180-0005,data/librispeech_test_clean_musan_music_snr4_seed20260827/clean/1284-1180-0005.wav,data/librispeech_test_clean_musan_music_snr4_seed20260827/noisy/1284-1180-0005.wav,16000,16000,1,1,104800,104800
751,5639-40744-0022.wav,5639-40744-0022,data/librispeech_test_clean_musan_music_snr4_seed20260827/clean/5639-40744-0022.wav,data/librispeech_test_clean_musan_music_snr4_seed20260827/noisy/5639-40744-0022.wav,16000,16000,1,1,218320,218320
752,6829-68769-0008.wav,6829-68769-0008,data/librispeech_test_clean_musan_music_snr4_seed20260827/clean/6829-68769-0008.wav,data/librispeech_test_clean_musan_music_snr4_seed20260827/noisy/6829-68769-0008.wav,16000,16000,1,1,75840,75840
753,61-70970-0022.wav,61-70970-0022,data/librispeech_test_clean_musan_music_snr4_seed20260827/clean/61-70970-0022.wav,data/librispeech_test_clean_musan_music_snr4_seed20260827/noisy/61-70970-0022.wav,16000,16000,1,1,63520,63520
754,6829-68771-0019.wav,6829-68771-0019,data/librispeech_test_clean_musan_music_snr4_seed20260827/clean/6829-68771-0019.wav,data/librispeech_test_clean_musan_music_snr4_seed20260827/noisy/6829-68771-0019.wav,16000,16000,1,1,118720,118720
755,1320-122612-0005.wav,1320-122612-0005,data/librispeech_test_clean_musan_music_snr4_seed20260827/clean/1320-122612-0005.wav,data/librispeech_test_clean_musan_music_snr4_seed20260827/noisy/1320-122612-0005.wav,16000,16000,1,1,94640,94640
756,1580-141083-0029.wav,1580-141083-0029,data/librispeech_test_clean_musan_music_snr4_seed20260827/clean/1580-141083-0029.wav,data/librispeech_test_clean_musan_music_snr4_seed20260827/noisy/1580-141083-0029.wav,16000,16000,1,1,160880,160880
757,1320-122612-0006.wav,1320-122612-0006,data/librispeech_test_clean_musan_music_snr4_seed20260827/clean/1320-122612-0006.wav,data/librispeech_test_clean_musan_music_snr4_seed20260827/noisy/1320-122612-0006.wav,16000,16000,1,1,77520,77520
758,6930-81414-0001.wav,6930-81414-0001,data/librispeech_test_clean_musan_music_snr4_seed20260827/clean/6930-81414-0001.wav,data/librispeech_test_clean_musan_music_snr4_seed20260827/noisy/6930-81414-0001.wav,16000,16000,1,1,279760,279760
759,3575-170457-0033.wav,3575-170457-0033,data/librispeech_test_clean_musan_music_snr4_seed20260827/clean/3575-170457-0033.wav,data/librispeech_test_clean_musan_music_snr4_seed20260827/noisy/3575-170457-0033.wav,16000,16000,1,1,136000,136000
760,8455-210777-0021.wav,8455-210777-0021,data/librispeech_test_clean_musan_music_snr4_seed20260827/clean/8455-210777-0021.wav,data/librispeech_test_clean_musan_music_snr4_seed20260827/noisy/8455-210777-0021.wav,16000,16000,1,1,43440,43440
761,61-70970-0002.wav,61-70970-0002,data/librispeech_test_clean_musan_music_snr4_seed20260827/clean/61-70970-0002.wav,data/librispeech_test_clean_musan_music_snr4_seed20260827/noisy/61-70970-0002.wav,16000,16000,1,1,66640,66640
762,8455-210777-0034.wav,8455-210777-0034,data/librispeech_test_clean_musan_music_snr4_seed20260827/clean/8455-210777-0034.wav,data/librispeech_test_clean_musan_music_snr4_seed20260827/noisy/8455-210777-0034.wav,16000,16000,1,1,123200,123200
763,7176-92135-0025.wav,7176-92135-0025,data/librispeech_test_clean_musan_music_snr4_seed20260827/clean/7176-92135-0025.wav,data/librispeech_test_clean_musan_music_snr4_seed20260827/noisy/7176-92135-0025.wav,16000,16000,1,1,251840,251840
764,8230-279154-0004.wav,8230-279154-0004,data/librispeech_test_clean_musan_music_snr4_seed20260827/clean/8230-279154-0004.wav,data/librispeech_test_clean_musan_music_snr4_seed20260827/noisy/8230-279154-0004.wav,16000,16000,1,1,224960,224960
765,1580-141083-0033.wav,1580-141083-0033,data/librispeech_test_clean_musan_music_snr4_seed20260827/clean/1580-141083-0033.wav,data/librispeech_test_clean_musan_music_snr4_seed20260827/noisy/1580-141083-0033.wav,16000,16000,1,1,119200,119200
766,8463-294828-0015.wav,8463-294828-0015,data/librispeech_test_clean_musan_music_snr4_seed20260827/clean/8463-294828-0015.wav,data/librispeech_test_clean_musan_music_snr4_seed20260827/noisy/8463-294828-0015.wav,16000,16000,1,1,78080,78080
767,6829-68769-0007.wav,6829-68769-0007,data/librispeech_test_clean_musan_music_snr4_seed20260827/clean/6829-68769-0007.wav,data/librispeech_test_clean_musan_music_snr4_seed20260827/noisy/6829-68769-0007.wav,16000,16000,1,1,61840,61840
768,908-31957-0020.wav,908-31957-0020,data/librispeech_test_clean_musan_music_snr4_seed20260827/clean/908-31957-0020.wav,data/librispeech_test_clean_musan_music_snr4_seed20260827/noisy/908-31957-0020.wav,16000,16000,1,1,94320,94320
769,237-134500-0042.wav,237-134500-0042,data/librispeech_test_clean_musan_music_snr4_seed20260827/clean/237-134500-0042.wav,data/librispeech_test_clean_musan_music_snr4_seed20260827/noisy/237-134500-0042.wav,16000,16000,1,1,41200,41200
770,4446-2273-0031.wav,4446-2273-0031,data/librispeech_test_clean_musan_music_snr4_seed20260827/clean/4446-2273-0031.wav,data/librispeech_test_clean_musan_music_snr4_seed20260827/noisy/4446-2273-0031.wav,16000,16000,1,1,28720,28720
771,1284-1181-0003.wav,1284-1181-0003,data/librispeech_test_clean_musan_music_snr4_seed20260827/clean/1284-1181-0003.wav,data/librispeech_test_clean_musan_music_snr4_seed20260827/noisy/1284-1181-0003.wav,16000,16000,1,1,72080,72080
772,7127-75946-0017.wav,7127-75946-0017,data/librispeech_test_clean_musan_music_snr4_seed20260827/clean/7127-75946-0017.wav,data/librispeech_test_clean_musan_music_snr4_seed20260827/noisy/7127-75946-0017.wav,16000,16000,1,1,197280,197280
773,2961-961-0014.wav,2961-961-0014,data/librispeech_test_clean_musan_music_snr4_seed20260827/clean/2961-961-0014.wav,data/librispeech_test_clean_musan_music_snr4_seed20260827/noisy/2961-961-0014.wav,16000,16000,1,1,153040,153040
774,121-123852-0002.wav,121-123852-0002,data/librispeech_test_clean_musan_music_snr4_seed20260827/clean/121-123852-0002.wav,data/librispeech_test_clean_musan_music_snr4_seed20260827/noisy/121-123852-0002.wav,16000,16000,1,1,276560,276560
775,2830-3980-0056.wav,2830-3980-0056,data/librispeech_test_clean_musan_music_snr4_seed20260827/clean/2830-3980-0056.wav,data/librispeech_test_clean_musan_music_snr4_seed20260827/noisy/2830-3980-0056.wav,16000,16000,1,1,85600,85600
776,1188-133604-0025.wav,1188-133604-0025,data/librispeech_test_clean_musan_music_snr4_seed20260827/clean/1188-133604-0025.wav,data/librispeech_test_clean_musan_music_snr4_seed20260827/noisy/1188-133604-0025.wav,16000,16000,1,1,119200,119200
777,4446-2271-0010.wav,4446-2271-0010,data/librispeech_test_clean_musan_music_snr4_seed20260827/clean/4446-2271-0010.wav,data/librispeech_test_clean_musan_music_snr4_seed20260827/noisy/4446-2271-0010.wav,16000,16000,1,1,50160,50160
778,1320-122612-0002.wav,1320-122612-0002,data/librispeech_test_clean_musan_music_snr4_seed20260827/clean/1320-122612-0002.wav,data/librispeech_test_clean_musan_music_snr4_seed20260827/noisy/1320-122612-0002.wav,16000,16000,1,1,119360,119360
779,237-134500-0030.wav,237-134500-0030,data/librispeech_test_clean_musan_music_snr4_seed20260827/clean/237-134500-0030.wav,data/librispeech_test_clean_musan_music_snr4_seed20260827/noisy/237-134500-0030.wav,16000,16000,1,1,44480,44480
780,7127-75946-0013.wav,7127-75946-0013,data/librispeech_test_clean_musan_music_snr4_seed20260827/clean/7127-75946-0013.wav,data/librispeech_test_clean_musan_music_snr4_seed20260827/noisy/7127-75946-0013.wav,16000,16000,1,1,137280,137280
781,8455-210777-0033.wav,8455-210777-0033,data/librispeech_test_clean_musan_music_snr4_seed20260827/clean/8455-210777-0033.wav,data/librispeech_test_clean_musan_music_snr4_seed20260827/noisy/8455-210777-0033.wav,16000,16000,1,1,120160,120160
782,8463-287645-0010.wav,8463-287645-0010,data/librispeech_test_clean_musan_music_snr4_seed20260827/clean/8463-287645-0010.wav,data/librispeech_test_clean_musan_music_snr4_seed20260827/noisy/8463-287645-0010.wav,16000,16000,1,1,69200,69200
783,7021-79730-0001.wav,7021-79730-0001,data/librispeech_test_clean_musan_music_snr4_seed20260827/clean/7021-79730-0001.wav,data/librispeech_test_clean_musan_music_snr4_seed20260827/noisy/7021-79730-0001.wav,16000,16000,1,1,183840,183840
784,1580-141084-0002.wav,1580-141084-0002,data/librispeech_test_clean_musan_music_snr4_seed20260827/clean/1580-141084-0002.wav,data/librispeech_test_clean_musan_music_snr4_seed20260827/noisy/1580-141084-0002.wav,16000,16000,1,1,94480,94480
785,8455-210777-0046.wav,8455-210777-0046,data/librispeech_test_clean_musan_music_snr4_seed20260827/clean/8455-210777-0046.wav,data/librispeech_test_clean_musan_music_snr4_seed20260827/noisy/8455-210777-0046.wav,16000,16000,1,1,149280,149280
786,61-70970-0031.wav,61-70970-0031,data/librispeech_test_clean_musan_music_snr4_seed20260827/clean/61-70970-0031.wav,data/librispeech_test_clean_musan_music_snr4_seed20260827/noisy/61-70970-0031.wav,16000,16000,1,1,82160,82160
787,5105-28240-0003.wav,5105-28240-0003,data/librispeech_test_clean_musan_music_snr4_seed20260827/clean/5105-28240-0003.wav,data/librispeech_test_clean_musan_music_snr4_seed20260827/noisy/5105-28240-0003.wav,16000,16000,1,1,88240,88240
788,8230-279154-0001.wav,8230-279154-0001,data/librispeech_test_clean_musan_music_snr4_seed20260827/clean/8230-279154-0001.wav,data/librispeech_test_clean_musan_music_snr4_seed20260827/noisy/8230-279154-0001.wav,16000,16000,1,1,278080,278080
789,4446-2273-0022.wav,4446-2273-0022,data/librispeech_test_clean_musan_music_snr4_seed20260827/clean/4446-2273-0022.wav,data/librispeech_test_clean_musan_music_snr4_seed20260827/noisy/4446-2273-0022.wav,16000,16000,1,1,93840,93840
790,2300-131720-0029.wav,2300-131720-0029,data/librispeech_test_clean_musan_music_snr4_seed20260827/clean/2300-131720-0029.wav,data/librispeech_test_clean_musan_music_snr4_seed20260827/noisy/2300-131720-0029.wav,16000,16000,1,1,102800,102800
791,4992-41797-0000.wav,4992-41797-0000,data/librispeech_test_clean_musan_music_snr4_seed20260827/clean/4992-41797-0000.wav,data/librispeech_test_clean_musan_music_snr4_seed20260827/noisy/4992-41797-0000.wav,16000,16000,1,1,87760,87760
792,61-70968-0013.wav,61-70968-0013,data/librispeech_test_clean_musan_music_snr4_seed20260827/clean/61-70968-0013.wav,data/librispeech_test_clean_musan_music_snr4_seed20260827/noisy/61-70968-0013.wav,16000,16000,1,1,71200,71200
793,1580-141084-0041.wav,1580-141084-0041,data/librispeech_test_clean_musan_music_snr4_seed20260827/clean/1580-141084-0041.wav,data/librispeech_test_clean_musan_music_snr4_seed20260827/noisy/1580-141084-0041.wav,16000,16000,1,1,127840,127840
794,2830-3980-0018.wav,2830-3980-0018,data/librispeech_test_clean_musan_music_snr4_seed20260827/clean/2830-3980-0018.wav,data/librispeech_test_clean_musan_music_snr4_seed20260827/noisy/2830-3980-0018.wav,16000,16000,1,1,54720,54720
795,7176-88083-0016.wav,7176-88083-0016,data/librispeech_test_clean_musan_music_snr4_seed20260827/clean/7176-88083-0016.wav,data/librispeech_test_clean_musan_music_snr4_seed20260827/noisy/7176-88083-0016.wav,16000,16000,1,1,62720,62720
796,5105-28233-0005.wav,5105-28233-0005,data/librispeech_test_clean_musan_music_snr4_seed20260827/clean/5105-28233-0005.wav,data/librispeech_test_clean_musan_music_snr4_seed20260827/noisy/5105-28233-0005.wav,16000,16000,1,1,182240,182240
797,2830-3980-0071.wav,2830-3980-0071,data/librispeech_test_clean_musan_music_snr4_seed20260827/clean/2830-3980-0071.wav,data/librispeech_test_clean_musan_music_snr4_seed20260827/noisy/2830-3980-0071.wav,16000,16000,1,1,63360,63360
798,4970-29093-0013.wav,4970-29093-0013,data/librispeech_test_clean_musan_music_snr4_seed20260827/clean/4970-29093-0013.wav,data/librispeech_test_clean_musan_music_snr4_seed20260827/noisy/4970-29093-0013.wav,16000,16000,1,1,128160,128160
799,4992-41797-0020.wav,4992-41797-0020,data/librispeech_test_clean_musan_music_snr4_seed20260827/clean/4992-41797-0020.wav,data/librispeech_test_clean_musan_music_snr4_seed20260827/noisy/4992-41797-0020.wav,16000,16000,1,1,119840,119840
800,1995-1837-0006.wav,1995-1837-0006,data/librispeech_test_clean_musan_music_snr4_seed20260827/clean/1995-1837-0006.wav,data/librispeech_test_clean_musan_music_snr4_seed20260827/noisy/1995-1837-0006.wav,16000,16000,1,1,47280,47280
801,908-157963-0006.wav,908-157963-0006,data/librispeech_test_clean_musan_music_snr4_seed20260827/clean/908-157963-0006.wav,data/librispeech_test_clean_musan_music_snr4_seed20260827/noisy/908-157963-0006.wav,16000,16000,1,1,129760,129760
802,4077-13751-0014.wav,4077-13751-0014,data/librispeech_test_clean_musan_music_snr4_seed20260827/clean/4077-13751-0014.wav,data/librispeech_test_clean_musan_music_snr4_seed20260827/noisy/4077-13751-0014.wav,16000,16000,1,1,201760,201760
803,7729-102255-0046.wav,7729-102255-0046,data/librispeech_test_clean_musan_music_snr4_seed20260827/clean/7729-102255-0046.wav,data/librispeech_test_clean_musan_music_snr4_seed20260827/noisy/7729-102255-0046.wav,16000,16000,1,1,319120,319120
804,1284-1180-0003.wav,1284-1180-0003,data/librispeech_test_clean_musan_music_snr4_seed20260827/clean/1284-1180-0003.wav,data/librispeech_test_clean_musan_music_snr4_seed20260827/noisy/1284-1180-0003.wav,16000,16000,1,1,77360,77360
805,4446-2275-0022.wav,4446-2275-0022,data/librispeech_test_clean_musan_music_snr4_seed20260827/clean/4446-2275-0022.wav,data/librispeech_test_clean_musan_music_snr4_seed20260827/noisy/4446-2275-0022.wav,16000,16000,1,1,52480,52480
806,6829-68771-0013.wav,6829-68771-0013,data/librispeech_test_clean_musan_music_snr4_seed20260827/clean/6829-68771-0013.wav,data/librispeech_test_clean_musan_music_snr4_seed20260827/noisy/6829-68771-0013.wav,16000,16000,1,1,115040,115040
807,121-127105-0015.wav,121-127105-0015,data/librispeech_test_clean_musan_music_snr4_seed20260827/clean/121-127105-0015.wav,data/librispeech_test_clean_musan_music_snr4_seed20260827/noisy/121-127105-0015.wav,16000,16000,1,1,47360,47360
808,4446-2273-0017.wav,4446-2273-0017,data/librispeech_test_clean_musan_music_snr4_seed20260827/clean/4446-2273-0017.wav,data/librispeech_test_clean_musan_music_snr4_seed20260827/noisy/4446-2273-0017.wav,16000,16000,1,1,43840,43840
809,3575-170457-0013.wav,3575-170457-0013,data/librispeech_test_clean_musan_music_snr4_seed20260827/clean/3575-170457-0013.wav,data/librispeech_test_clean_musan_music_snr4_seed20260827/noisy/3575-170457-0013.wav,16000,16000,1,1,146800,146800
810,4507-16021-0037.wav,4507-16021-0037,data/librispeech_test_clean_musan_music_snr4_seed20260827/clean/4507-16021-0037.wav,data/librispeech_test_clean_musan_music_snr4_seed20260827/noisy/4507-16021-0037.wav,16000,16000,1,1,85600,85600
811,7127-75946-0026.wav,7127-75946-0026,data/librispeech_test_clean_musan_music_snr4_seed20260827/clean/7127-75946-0026.wav,data/librispeech_test_clean_musan_music_snr4_seed20260827/noisy/7127-75946-0026.wav,16000,16000,1,1,322400,322400
812,1089-134686-0019.wav,1089-134686-0019,data/librispeech_test_clean_musan_music_snr4_seed20260827/clean/1089-134686-0019.wav,data/librispeech_test_clean_musan_music_snr4_seed20260827/noisy/1089-134686-0019.wav,16000,16000,1,1,222320,222320
813,908-157963-0019.wav,908-157963-0019,data/librispeech_test_clean_musan_music_snr4_seed20260827/clean/908-157963-0019.wav,data/librispeech_test_clean_musan_music_snr4_seed20260827/noisy/908-157963-0019.wav,16000,16000,1,1,343040,343040
814,5142-36377-0004.wav,5142-36377-0004,data/librispeech_test_clean_musan_music_snr4_seed20260827/clean/5142-36377-0004.wav,data/librispeech_test_clean_musan_music_snr4_seed20260827/noisy/5142-36377-0004.wav,16000,16000,1,1,87760,87760
815,7127-75946-0003.wav,7127-75946-0003,data/librispeech_test_clean_musan_music_snr4_seed20260827/clean/7127-75946-0003.wav,data/librispeech_test_clean_musan_music_snr4_seed20260827/noisy/7127-75946-0003.wav,16000,16000,1,1,76960,76960
816,237-134493-0009.wav,237-134493-0009,data/librispeech_test_clean_musan_music_snr4_seed20260827/clean/237-134493-0009.wav,data/librispeech_test_clean_musan_music_snr4_seed20260827/noisy/237-134493-0009.wav,16000,16000,1,1,47600,47600
817,6930-76324-0014.wav,6930-76324-0014,data/librispeech_test_clean_musan_music_snr4_seed20260827/clean/6930-76324-0014.wav,data/librispeech_test_clean_musan_music_snr4_seed20260827/noisy/6930-76324-0014.wav,16000,16000,1,1,75520,75520
818,4446-2271-0022.wav,4446-2271-0022,data/librispeech_test_clean_musan_music_snr4_seed20260827/clean/4446-2271-0022.wav,data/librispeech_test_clean_musan_music_snr4_seed20260827/noisy/4446-2271-0022.wav,16000,16000,1,1,37200,37200
819,1188-133604-0015.wav,1188-133604-0015,data/librispeech_test_clean_musan_music_snr4_seed20260827/clean/1188-133604-0015.wav,data/librispeech_test_clean_musan_music_snr4_seed20260827/noisy/1188-133604-0015.wav,16000,16000,1,1,257360,257360
820,4446-2271-0021.wav,4446-2271-0021,data/librispeech_test_clean_musan_music_snr4_seed20260827/clean/4446-2271-0021.wav,data/librispeech_test_clean_musan_music_snr4_seed20260827/noisy/4446-2271-0021.wav,16000,16000,1,1,56960,56960
821,8555-284447-0000.wav,8555-284447-0000,data/librispeech_test_clean_musan_music_snr4_seed20260827/clean/8555-284447-0000.wav,data/librispeech_test_clean_musan_music_snr4_seed20260827/noisy/8555-284447-0000.wav,16000,16000,1,1,153680,153680
822,7176-92135-0045.wav,7176-92135-0045,data/librispeech_test_clean_musan_music_snr4_seed20260827/clean/7176-92135-0045.wav,data/librispeech_test_clean_musan_music_snr4_seed20260827/noisy/7176-92135-0045.wav,16000,16000,1,1,83680,83680
823,7729-102255-0018.wav,7729-102255-0018,data/librispeech_test_clean_musan_music_snr4_seed20260827/clean/7729-102255-0018.wav,data/librispeech_test_clean_musan_music_snr4_seed20260827/noisy/7729-102255-0018.wav,16000,16000,1,1,181600,181600
824,7127-75946-0022.wav,7127-75946-0022,data/librispeech_test_clean_musan_music_snr4_seed20260827/clean/7127-75946-0022.wav,data/librispeech_test_clean_musan_music_snr4_seed20260827/noisy/7127-75946-0022.wav,16000,16000,1,1,175040,175040
825,4446-2275-0005.wav,4446-2275-0005,data/librispeech_test_clean_musan_music_snr4_seed20260827/clean/4446-2275-0005.wav,data/librispeech_test_clean_musan_music_snr4_seed20260827/noisy/4446-2275-0005.wav,16000,16000,1,1,71120,71120
826,5683-32865-0004.wav,5683-32865-0004,data/librispeech_test_clean_musan_music_snr4_seed20260827/clean/5683-32865-0004.wav,data/librispeech_test_clean_musan_music_snr4_seed20260827/noisy/5683-32865-0004.wav,16000,16000,1,1,117840,117840
827,2094-142345-0027.wav,2094-142345-0027,data/librispeech_test_clean_musan_music_snr4_seed20260827/clean/2094-142345-0027.wav,data/librispeech_test_clean_musan_music_snr4_seed20260827/noisy/2094-142345-0027.wav,16000,16000,1,1,90080,90080
828,7127-75946-0014.wav,7127-75946-0014,data/librispeech_test_clean_musan_music_snr4_seed20260827/clean/7127-75946-0014.wav,data/librispeech_test_clean_musan_music_snr4_seed20260827/noisy/7127-75946-0014.wav,16000,16000,1,1,162800,162800
829,237-134500-0041.wav,237-134500-0041,data/librispeech_test_clean_musan_music_snr4_seed20260827/clean/237-134500-0041.wav,data/librispeech_test_clean_musan_music_snr4_seed20260827/noisy/237-134500-0041.wav,16000,16000,1,1,142720,142720
830,1580-141084-0040.wav,1580-141084-0040,data/librispeech_test_clean_musan_music_snr4_seed20260827/clean/1580-141084-0040.wav,data/librispeech_test_clean_musan_music_snr4_seed20260827/noisy/1580-141084-0040.wav,16000,16000,1,1,95760,95760
831,5105-28240-0013.wav,5105-28240-0013,data/librispeech_test_clean_musan_music_snr4_seed20260827/clean/5105-28240-0013.wav,data/librispeech_test_clean_musan_music_snr4_seed20260827/noisy/5105-28240-0013.wav,16000,16000,1,1,47360,47360
832,1995-1837-0013.wav,1995-1837-0013,data/librispeech_test_clean_musan_music_snr4_seed20260827/clean/1995-1837-0013.wav,data/librispeech_test_clean_musan_music_snr4_seed20260827/noisy/1995-1837-0013.wav,16000,16000,1,1,51120,51120
833,1995-1836-0011.wav,1995-1836-0011,data/librispeech_test_clean_musan_music_snr4_seed20260827/clean/1995-1836-0011.wav,data/librispeech_test_clean_musan_music_snr4_seed20260827/noisy/1995-1836-0011.wav,16000,16000,1,1,75280,75280
834,1580-141083-0012.wav,1580-141083-0012,data/librispeech_test_clean_musan_music_snr4_seed20260827/clean/1580-141083-0012.wav,data/librispeech_test_clean_musan_music_snr4_seed20260827/noisy/1580-141083-0012.wav,16000,16000,1,1,113040,113040
835,1188-133604-0034.wav,1188-133604-0034,data/librispeech_test_clean_musan_music_snr4_seed20260827/clean/1188-133604-0034.wav,data/librispeech_test_clean_musan_music_snr4_seed20260827/noisy/1188-133604-0034.wav,16000,16000,1,1,334480,334480
836,3570-5695-0000.wav,3570-5695-0000,data/librispeech_test_clean_musan_music_snr4_seed20260827/clean/3570-5695-0000.wav,data/librispeech_test_clean_musan_music_snr4_seed20260827/noisy/3570-5695-0000.wav,16000,16000,1,1,77280,77280
837,4446-2273-0007.wav,4446-2273-0007,data/librispeech_test_clean_musan_music_snr4_seed20260827/clean/4446-2273-0007.wav,data/librispeech_test_clean_musan_music_snr4_seed20260827/noisy/4446-2273-0007.wav,16000,16000,1,1,49520,49520
838,1089-134686-0020.wav,1089-134686-0020,data/librispeech_test_clean_musan_music_snr4_seed20260827/clean/1089-134686-0020.wav,data/librispeech_test_clean_musan_music_snr4_seed20260827/noisy/1089-134686-0020.wav,16000,16000,1,1,268640,268640
839,8555-284447-0006.wav,8555-284447-0006,data/librispeech_test_clean_musan_music_snr4_seed20260827/clean/8555-284447-0006.wav,data/librispeech_test_clean_musan_music_snr4_seed20260827/noisy/8555-284447-0006.wav,16000,16000,1,1,207280,207280
840,5142-36377-0018.wav,5142-36377-0018,data/librispeech_test_clean_musan_music_snr4_seed20260827/clean/5142-36377-0018.wav,data/librispeech_test_clean_musan_music_snr4_seed20260827/noisy/5142-36377-0018.wav,16000,16000,1,1,79520,79520
841,1995-1826-0004.wav,1995-1826-0004,data/librispeech_test_clean_musan_music_snr4_seed20260827/clean/1995-1826-0004.wav,data/librispeech_test_clean_musan_music_snr4_seed20260827/noisy/1995-1826-0004.wav,16000,16000,1,1,48560,48560
842,3729-6852-0030.wav,3729-6852-0030,data/librispeech_test_clean_musan_music_snr4_seed20260827/clean/3729-6852-0030.wav,data/librispeech_test_clean_musan_music_snr4_seed20260827/noisy/3729-6852-0030.wav,16000,16000,1,1,45440,45440
843,61-70970-0029.wav,61-70970-0029,data/librispeech_test_clean_musan_music_snr4_seed20260827/clean/61-70970-0029.wav,data/librispeech_test_clean_musan_music_snr4_seed20260827/noisy/61-70970-0029.wav,16000,16000,1,1,64480,64480
844,5142-33396-0053.wav,5142-33396-0053,data/librispeech_test_clean_musan_music_snr4_seed20260827/clean/5142-33396-0053.wav,data/librispeech_test_clean_musan_music_snr4_seed20260827/noisy/5142-33396-0053.wav,16000,16000,1,1,62880,62880
845,6829-68769-0022.wav,6829-68769-0022,data/librispeech_test_clean_musan_music_snr4_seed20260827/clean/6829-68769-0022.wav,data/librispeech_test_clean_musan_music_snr4_seed20260827/noisy/6829-68769-0022.wav,16000,16000,1,1,65840,65840
846,1580-141084-0030.wav,1580-141084-0030,data/librispeech_test_clean_musan_music_snr4_seed20260827/clean/1580-141084-0030.wav,data/librispeech_test_clean_musan_music_snr4_seed20260827/noisy/1580-141084-0030.wav,16000,16000,1,1,34320,34320
847,1580-141083-0034.wav,1580-141083-0034,data/librispeech_test_clean_musan_music_snr4_seed20260827/clean/1580-141083-0034.wav,data/librispeech_test_clean_musan_music_snr4_seed20260827/noisy/1580-141083-0034.wav,16000,16000,1,1,111840,111840
848,7176-88083-0020.wav,7176-88083-0020,data/librispeech_test_clean_musan_music_snr4_seed20260827/clean/7176-88083-0020.wav,data/librispeech_test_clean_musan_music_snr4_seed20260827/noisy/7176-88083-0020.wav,16000,16000,1,1,86640,86640
849,2830-3980-0030.wav,2830-3980-0030,data/librispeech_test_clean_musan_music_snr4_seed20260827/clean/2830-3980-0030.wav,data/librispeech_test_clean_musan_music_snr4_seed20260827/noisy/2830-3980-0030.wav,16000,16000,1,1,84000,84000
850,7729-102255-0005.wav,7729-102255-0005,data/librispeech_test_clean_musan_music_snr4_seed20260827/clean/7729-102255-0005.wav,data/librispeech_test_clean_musan_music_snr4_seed20260827/noisy/7729-102255-0005.wav,16000,16000,1,1,82880,82880
851,6829-68769-0003.wav,6829-68769-0003,data/librispeech_test_clean_musan_music_snr4_seed20260827/clean/6829-68769-0003.wav,data/librispeech_test_clean_musan_music_snr4_seed20260827/noisy/6829-68769-0003.wav,16000,16000,1,1,67440,67440
852,6829-68771-0011.wav,6829-68771-0011,data/librispeech_test_clean_musan_music_snr4_seed20260827/clean/6829-68771-0011.wav,data/librispeech_test_clean_musan_music_snr4_seed20260827/noisy/6829-68771-0011.wav,16000,16000,1,1,90000,90000
853,1089-134691-0023.wav,1089-134691-0023,data/librispeech_test_clean_musan_music_snr4_seed20260827/clean/1089-134691-0023.wav,data/librispeech_test_clean_musan_music_snr4_seed20260827/noisy/1089-134691-0023.wav,16000,16000,1,1,123760,123760
854,1580-141084-0023.wav,1580-141084-0023,data/librispeech_test_clean_musan_music_snr4_seed20260827/clean/1580-141084-0023.wav,data/librispeech_test_clean_musan_music_snr4_seed20260827/noisy/1580-141084-0023.wav,16000,16000,1,1,139760,139760
855,4446-2275-0044.wav,4446-2275-0044,data/librispeech_test_clean_musan_music_snr4_seed20260827/clean/4446-2275-0044.wav,data/librispeech_test_clean_musan_music_snr4_seed20260827/noisy/4446-2275-0044.wav,16000,16000,1,1,41840,41840
856,1995-1826-0016.wav,1995-1826-0016,data/librispeech_test_clean_musan_music_snr4_seed20260827/clean/1995-1826-0016.wav,data/librispeech_test_clean_musan_music_snr4_seed20260827/noisy/1995-1826-0016.wav,16000,16000,1,1,94400,94400
857,7127-75947-0026.wav,7127-75947-0026,data/librispeech_test_clean_musan_music_snr4_seed20260827/clean/7127-75947-0026.wav,data/librispeech_test_clean_musan_music_snr4_seed20260827/noisy/7127-75947-0026.wav,16000,16000,1,1,104880,104880
858,1320-122617-0020.wav,1320-122617-0020,data/librispeech_test_clean_musan_music_snr4_seed20260827/clean/1320-122617-0020.wav,data/librispeech_test_clean_musan_music_snr4_seed20260827/noisy/1320-122617-0020.wav,16000,16000,1,1,142320,142320
859,7127-75947-0021.wav,7127-75947-0021,data/librispeech_test_clean_musan_music_snr4_seed20260827/clean/7127-75947-0021.wav,data/librispeech_test_clean_musan_music_snr4_seed20260827/noisy/7127-75947-0021.wav,16000,16000,1,1,63920,63920
860,6930-76324-0018.wav,6930-76324-0018,data/librispeech_test_clean_musan_music_snr4_seed20260827/clean/6930-76324-0018.wav,data/librispeech_test_clean_musan_music_snr4_seed20260827/noisy/6930-76324-0018.wav,16000,16000,1,1,34240,34240
861,5683-32879-0016.wav,5683-32879-0016,data/librispeech_test_clean_musan_music_snr4_seed20260827/clean/5683-32879-0016.wav,data/librispeech_test_clean_musan_music_snr4_seed20260827/noisy/5683-32879-0016.wav,16000,16000,1,1,162960,162960
862,7729-102255-0039.wav,7729-102255-0039,data/librispeech_test_clean_musan_music_snr4_seed20260827/clean/7729-102255-0039.wav,data/librispeech_test_clean_musan_music_snr4_seed20260827/noisy/7729-102255-0039.wav,16000,16000,1,1,109040,109040
863,1995-1837-0012.wav,1995-1837-0012,data/librispeech_test_clean_musan_music_snr4_seed20260827/clean/1995-1837-0012.wav,data/librispeech_test_clean_musan_music_snr4_seed20260827/noisy/1995-1837-0012.wav,16000,16000,1,1,131920,131920
864,8224-274384-0000.wav,8224-274384-0000,data/librispeech_test_clean_musan_music_snr4_seed20260827/clean/8224-274384-0000.wav,data/librispeech_test_clean_musan_music_snr4_seed20260827/noisy/8224-274384-0000.wav,16000,16000,1,1,121680,121680
865,1284-1180-0019.wav,1284-1180-0019,data/librispeech_test_clean_musan_music_snr4_seed20260827/clean/1284-1180-0019.wav,data/librispeech_test_clean_musan_music_snr4_seed20260827/noisy/1284-1180-0019.wav,16000,16000,1,1,240400,240400
866,5142-33396-0061.wav,5142-33396-0061,data/librispeech_test_clean_musan_music_snr4_seed20260827/clean/5142-33396-0061.wav,data/librispeech_test_clean_musan_music_snr4_seed20260827/noisy/5142-33396-0061.wav,16000,16000,1,1,34240,34240
867,8463-294828-0034.wav,8463-294828-0034,data/librispeech_test_clean_musan_music_snr4_seed20260827/clean/8463-294828-0034.wav,data/librispeech_test_clean_musan_music_snr4_seed20260827/noisy/8463-294828-0034.wav,16000,16000,1,1,56080,56080
868,3570-5695-0014.wav,3570-5695-0014,data/librispeech_test_clean_musan_music_snr4_seed20260827/clean/3570-5695-0014.wav,data/librispeech_test_clean_musan_music_snr4_seed20260827/noisy/3570-5695-0014.wav,16000,16000,1,1,168640,168640
869,4507-16021-0020.wav,4507-16021-0020,data/librispeech_test_clean_musan_music_snr4_seed20260827/clean/4507-16021-0020.wav,data/librispeech_test_clean_musan_music_snr4_seed20260827/noisy/4507-16021-0020.wav,16000,16000,1,1,360000,360000
870,1089-134686-0011.wav,1089-134686-0011,data/librispeech_test_clean_musan_music_snr4_seed20260827/clean/1089-134686-0011.wav,data/librispeech_test_clean_musan_music_snr4_seed20260827/noisy/1089-134686-0011.wav,16000,16000,1,1,199120,199120
871,1580-141083-0017.wav,1580-141083-0017,data/librispeech_test_clean_musan_music_snr4_seed20260827/clean/1580-141083-0017.wav,data/librispeech_test_clean_musan_music_snr4_seed20260827/noisy/1580-141083-0017.wav,16000,16000,1,1,36480,36480
872,8463-294828-0016.wav,8463-294828-0016,data/librispeech_test_clean_musan_music_snr4_seed20260827/clean/8463-294828-0016.wav,data/librispeech_test_clean_musan_music_snr4_seed20260827/noisy/8463-294828-0016.wav,16000,16000,1,1,52720,52720
873,8463-294828-0007.wav,8463-294828-0007,data/librispeech_test_clean_musan_music_snr4_seed20260827/clean/8463-294828-0007.wav,data/librispeech_test_clean_musan_music_snr4_seed20260827/noisy/8463-294828-0007.wav,16000,16000,1,1,207360,207360
874,4077-13751-0002.wav,4077-13751-0002,data/librispeech_test_clean_musan_music_snr4_seed20260827/clean/4077-13751-0002.wav,data/librispeech_test_clean_musan_music_snr4_seed20260827/noisy/4077-13751-0002.wav,16000,16000,1,1,156000,156000
875,8455-210777-0005.wav,8455-210777-0005,data/librispeech_test_clean_musan_music_snr4_seed20260827/clean/8455-210777-0005.wav,data/librispeech_test_clean_musan_music_snr4_seed20260827/noisy/8455-210777-0005.wav,16000,16000,1,1,90960,90960
876,2094-142345-0035.wav,2094-142345-0035,data/librispeech_test_clean_musan_music_snr4_seed20260827/clean/2094-142345-0035.wav,data/librispeech_test_clean_musan_music_snr4_seed20260827/noisy/2094-142345-0035.wav,16000,16000,1,1,57200,57200
877,4446-2275-0043.wav,4446-2275-0043,data/librispeech_test_clean_musan_music_snr4_seed20260827/clean/4446-2275-0043.wav,data/librispeech_test_clean_musan_music_snr4_seed20260827/noisy/4446-2275-0043.wav,16000,16000,1,1,94080,94080
878,4992-41797-0002.wav,4992-41797-0002,data/librispeech_test_clean_musan_music_snr4_seed20260827/clean/4992-41797-0002.wav,data/librispeech_test_clean_musan_music_snr4_seed20260827/noisy/4992-41797-0002.wav,16000,16000,1,1,90000,90000
879,672-122797-0034.wav,672-122797-0034,data/librispeech_test_clean_musan_music_snr4_seed20260827/clean/672-122797-0034.wav,data/librispeech_test_clean_musan_music_snr4_seed20260827/noisy/672-122797-0034.wav,16000,16000,1,1,81760,81760
880,1995-1836-0008.wav,1995-1836-0008,data/librispeech_test_clean_musan_music_snr4_seed20260827/clean/1995-1836-0008.wav,data/librispeech_test_clean_musan_music_snr4_seed20260827/noisy/1995-1836-0008.wav,16000,16000,1,1,111760,111760
881,6829-68771-0015.wav,6829-68771-0015,data/librispeech_test_clean_musan_music_snr4_seed20260827/clean/6829-68771-0015.wav,data/librispeech_test_clean_musan_music_snr4_seed20260827/noisy/6829-68771-0015.wav,16000,16000,1,1,72400,72400
882,6829-68771-0007.wav,6829-68771-0007,data/librispeech_test_clean_musan_music_snr4_seed20260827/clean/6829-68771-0007.wav,data/librispeech_test_clean_musan_music_snr4_seed20260827/noisy/6829-68771-0007.wav,16000,16000,1,1,260560,260560
883,237-134500-0020.wav,237-134500-0020,data/librispeech_test_clean_musan_music_snr4_seed20260827/clean/237-134500-0020.wav,data/librispeech_test_clean_musan_music_snr4_seed20260827/noisy/237-134500-0020.wav,16000,16000,1,1,34880,34880
884,8463-294828-0011.wav,8463-294828-0011,data/librispeech_test_clean_musan_music_snr4_seed20260827/clean/8463-294828-0011.wav,data/librispeech_test_clean_musan_music_snr4_seed20260827/noisy/8463-294828-0011.wav,16000,16000,1,1,62560,62560
885,4970-29095-0033.wav,4970-29095-0033,data/librispeech_test_clean_musan_music_snr4_seed20260827/clean/4970-29095-0033.wav,data/librispeech_test_clean_musan_music_snr4_seed20260827/noisy/4970-29095-0033.wav,16000,16000,1,1,192400,192400
886,237-134500-0040.wav,237-134500-0040,data/librispeech_test_clean_musan_music_snr4_seed20260827/clean/237-134500-0040.wav,data/librispeech_test_clean_musan_music_snr4_seed20260827/noisy/237-134500-0040.wav,16000,16000,1,1,64480,64480
887,1320-122612-0004.wav,1320-122612-0004,data/librispeech_test_clean_musan_music_snr4_seed20260827/clean/1320-122612-0004.wav,data/librispeech_test_clean_musan_music_snr4_seed20260827/noisy/1320-122612-0004.wav,16000,16000,1,1,102800,102800
888,8455-210777-0002.wav,8455-210777-0002,data/librispeech_test_clean_musan_music_snr4_seed20260827/clean/8455-210777-0002.wav,data/librispeech_test_clean_musan_music_snr4_seed20260827/noisy/8455-210777-0002.wav,16000,16000,1,1,99840,99840
889,4970-29095-0015.wav,4970-29095-0015,data/librispeech_test_clean_musan_music_snr4_seed20260827/clean/4970-29095-0015.wav,data/librispeech_test_clean_musan_music_snr4_seed20260827/noisy/4970-29095-0015.wav,16000,16000,1,1,37760,37760
890,1320-122617-0029.wav,1320-122617-0029,data/librispeech_test_clean_musan_music_snr4_seed20260827/clean/1320-122617-0029.wav,data/librispeech_test_clean_musan_music_snr4_seed20260827/noisy/1320-122617-0029.wav,16000,16000,1,1,126000,126000
891,1320-122617-0039.wav,1320-122617-0039,data/librispeech_test_clean_musan_music_snr4_seed20260827/clean/1320-122617-0039.wav,data/librispeech_test_clean_musan_music_snr4_seed20260827/noisy/1320-122617-0039.wav,16000,16000,1,1,112880,112880
892,237-134500-0022.wav,237-134500-0022,data/librispeech_test_clean_musan_music_snr4_seed20260827/clean/237-134500-0022.wav,data/librispeech_test_clean_musan_music_snr4_seed20260827/noisy/237-134500-0022.wav,16000,16000,1,1,82640,82640
893,5683-32879-0006.wav,5683-32879-0006,data/librispeech_test_clean_musan_music_snr4_seed20260827/clean/5683-32879-0006.wav,data/librispeech_test_clean_musan_music_snr4_seed20260827/noisy/5683-32879-0006.wav,16000,16000,1,1,191840,191840
894,1089-134691-0006.wav,1089-134691-0006,data/librispeech_test_clean_musan_music_snr4_seed20260827/clean/1089-134691-0006.wav,data/librispeech_test_clean_musan_music_snr4_seed20260827/noisy/1089-134691-0006.wav,16000,16000,1,1,94320,94320
895,5639-40744-0033.wav,5639-40744-0033,data/librispeech_test_clean_musan_music_snr4_seed20260827/clean/5639-40744-0033.wav,data/librispeech_test_clean_musan_music_snr4_seed20260827/noisy/5639-40744-0033.wav,16000,16000,1,1,146400,146400
896,7176-92135-0017.wav,7176-92135-0017,data/librispeech_test_clean_musan_music_snr4_seed20260827/clean/7176-92135-0017.wav,data/librispeech_test_clean_musan_music_snr4_seed20260827/noisy/7176-92135-0017.wav,16000,16000,1,1,114720,114720
897,5105-28241-0003.wav,5105-28241-0003,data/librispeech_test_clean_musan_music_snr4_seed20260827/clean/5105-28241-0003.wav,data/librispeech_test_clean_musan_music_snr4_seed20260827/noisy/5105-28241-0003.wav,16000,16000,1,1,63680,63680
898,61-70970-0012.wav,61-70970-0012,data/librispeech_test_clean_musan_music_snr4_seed20260827/clean/61-70970-0012.wav,data/librispeech_test_clean_musan_music_snr4_seed20260827/noisy/61-70970-0012.wav,16000,16000,1,1,50160,50160
899,8463-287645-0002.wav,8463-287645-0002,data/librispeech_test_clean_musan_music_snr4_seed20260827/clean/8463-287645-0002.wav,data/librispeech_test_clean_musan_music_snr4_seed20260827/noisy/8463-287645-0002.wav,16000,16000,1,1,206720,206720
900,5683-32866-0006.wav,5683-32866-0006,data/librispeech_test_clean_musan_music_snr4_seed20260827/clean/5683-32866-0006.wav,data/librispeech_test_clean_musan_music_snr4_seed20260827/noisy/5683-32866-0006.wav,16000,16000,1,1,67440,67440
901,2094-142345-0016.wav,2094-142345-0016,data/librispeech_test_clean_musan_music_snr4_seed20260827/clean/2094-142345-0016.wav,data/librispeech_test_clean_musan_music_snr4_seed20260827/noisy/2094-142345-0016.wav,16000,16000,1,1,36160,36160
902,3575-170457-0009.wav,3575-170457-0009,data/librispeech_test_clean_musan_music_snr4_seed20260827/clean/3575-170457-0009.wav,data/librispeech_test_clean_musan_music_snr4_seed20260827/noisy/3575-170457-0009.wav,16000,16000,1,1,107680,107680
903,3570-5694-0019.wav,3570-5694-0019,data/librispeech_test_clean_musan_music_snr4_seed20260827/clean/3570-5694-0019.wav,data/librispeech_test_clean_musan_music_snr4_seed20260827/noisy/3570-5694-0019.wav,16000,16000,1,1,60080,60080
904,1188-133604-0016.wav,1188-133604-0016,data/librispeech_test_clean_musan_music_snr4_seed20260827/clean/1188-133604-0016.wav,data/librispeech_test_clean_musan_music_snr4_seed20260827/noisy/1188-133604-0016.wav,16000,16000,1,1,265520,265520
905,908-31957-0025.wav,908-31957-0025,data/librispeech_test_clean_musan_music_snr4_seed20260827/clean/908-31957-0025.wav,data/librispeech_test_clean_musan_music_snr4_seed20260827/noisy/908-31957-0025.wav,16000,16000,1,1,328960,328960
906,7176-92135-0029.wav,7176-92135-0029,data/librispeech_test_clean_musan_music_snr4_seed20260827/clean/7176-92135-0029.wav,data/librispeech_test_clean_musan_music_snr4_seed20260827/noisy/7176-92135-0029.wav,16000,16000,1,1,47760,47760
907,237-126133-0023.wav,237-126133-0023,data/librispeech_test_clean_musan_music_snr4_seed20260827/clean/237-126133-0023.wav,data/librispeech_test_clean_musan_music_snr4_seed20260827/noisy/237-126133-0023.wav,16000,16000,1,1,106800,106800
908,1320-122617-0032.wav,1320-122617-0032,data/librispeech_test_clean_musan_music_snr4_seed20260827/clean/1320-122617-0032.wav,data/librispeech_test_clean_musan_music_snr4_seed20260827/noisy/1320-122617-0032.wav,16000,16000,1,1,180480,180480
909,7127-75947-0025.wav,7127-75947-0025,data/librispeech_test_clean_musan_music_snr4_seed20260827/clean/7127-75947-0025.wav,data/librispeech_test_clean_musan_music_snr4_seed20260827/noisy/7127-75947-0025.wav,16000,16000,1,1,89120,89120
910,2094-142345-0046.wav,2094-142345-0046,data/librispeech_test_clean_musan_music_snr4_seed20260827/clean/2094-142345-0046.wav,data/librispeech_test_clean_musan_music_snr4_seed20260827/noisy/2094-142345-0046.wav,16000,16000,1,1,30480,30480
911,1284-1180-0004.wav,1284-1180-0004,data/librispeech_test_clean_musan_music_snr4_seed20260827/clean/1284-1180-0004.wav,data/librispeech_test_clean_musan_music_snr4_seed20260827/noisy/1284-1180-0004.wav,16000,16000,1,1,68560,68560
912,1580-141083-0001.wav,1580-141083-0001,data/librispeech_test_clean_musan_music_snr4_seed20260827/clean/1580-141083-0001.wav,data/librispeech_test_clean_musan_music_snr4_seed20260827/noisy/1580-141083-0001.wav,16000,16000,1,1,164080,164080
913,4507-16021-0047.wav,4507-16021-0047,data/librispeech_test_clean_musan_music_snr4_seed20260827/clean/4507-16021-0047.wav,data/librispeech_test_clean_musan_music_snr4_seed20260827/noisy/4507-16021-0047.wav,16000,16000,1,1,559280,559280
914,2300-131720-0033.wav,2300-131720-0033,data/librispeech_test_clean_musan_music_snr4_seed20260827/clean/2300-131720-0033.wav,data/librispeech_test_clean_musan_music_snr4_seed20260827/noisy/2300-131720-0033.wav,16000,16000,1,1,281680,281680
915,1995-1837-0016.wav,1995-1837-0016,data/librispeech_test_clean_musan_music_snr4_seed20260827/clean/1995-1837-0016.wav,data/librispeech_test_clean_musan_music_snr4_seed20260827/noisy/1995-1837-0016.wav,16000,16000,1,1,115040,115040
916,4992-41797-0009.wav,4992-41797-0009,data/librispeech_test_clean_musan_music_snr4_seed20260827/clean/4992-41797-0009.wav,data/librispeech_test_clean_musan_music_snr4_seed20260827/noisy/4992-41797-0009.wav,16000,16000,1,1,211120,211120
917,6829-68769-0030.wav,6829-68769-0030,data/librispeech_test_clean_musan_music_snr4_seed20260827/clean/6829-68769-0030.wav,data/librispeech_test_clean_musan_music_snr4_seed20260827/noisy/6829-68769-0030.wav,16000,16000,1,1,78560,78560
918,4507-16021-0036.wav,4507-16021-0036,data/librispeech_test_clean_musan_music_snr4_seed20260827/clean/4507-16021-0036.wav,data/librispeech_test_clean_musan_music_snr4_seed20260827/noisy/4507-16021-0036.wav,16000,16000,1,1,86960,86960
919,237-126133-0021.wav,237-126133-0021,data/librispeech_test_clean_musan_music_snr4_seed20260827/clean/237-126133-0021.wav,data/librispeech_test_clean_musan_music_snr4_seed20260827/noisy/237-126133-0021.wav,16000,16000,1,1,69840,69840
920,1995-1826-0015.wav,1995-1826-0015,data/librispeech_test_clean_musan_music_snr4_seed20260827/clean/1995-1826-0015.wav,data/librispeech_test_clean_musan_music_snr4_seed20260827/noisy/1995-1826-0015.wav,16000,16000,1,1,56800,56800
921,4992-41797-0021.wav,4992-41797-0021,data/librispeech_test_clean_musan_music_snr4_seed20260827/clean/4992-41797-0021.wav,data/librispeech_test_clean_musan_music_snr4_seed20260827/noisy/4992-41797-0021.wav,16000,16000,1,1,131680,131680
922,3570-5694-0011.wav,3570-5694-0011,data/librispeech_test_clean_musan_music_snr4_seed20260827/clean/3570-5694-0011.wav,data/librispeech_test_clean_musan_music_snr4_seed20260827/noisy/3570-5694-0011.wav,16000,16000,1,1,176480,176480
923,5683-32866-0011.wav,5683-32866-0011,data/librispeech_test_clean_musan_music_snr4_seed20260827/clean/5683-32866-0011.wav,data/librispeech_test_clean_musan_music_snr4_seed20260827/noisy/5683-32866-0011.wav,16000,16000,1,1,117920,117920
924,4507-16021-0053.wav,4507-16021-0053,data/librispeech_test_clean_musan_music_snr4_seed20260827/clean/4507-16021-0053.wav,data/librispeech_test_clean_musan_music_snr4_seed20260827/noisy/4507-16021-0053.wav,16000,16000,1,1,129520,129520
925,2830-3980-0069.wav,2830-3980-0069,data/librispeech_test_clean_musan_music_snr4_seed20260827/clean/2830-3980-0069.wav,data/librispeech_test_clean_musan_music_snr4_seed20260827/noisy/2830-3980-0069.wav,16000,16000,1,1,88881,88881
926,2094-142345-0009.wav,2094-142345-0009,data/librispeech_test_clean_musan_music_snr4_seed20260827/clean/2094-142345-0009.wav,data/librispeech_test_clean_musan_music_snr4_seed20260827/noisy/2094-142345-0009.wav,16000,16000,1,1,230480,230480
927,7729-102255-0024.wav,7729-102255-0024,data/librispeech_test_clean_musan_music_snr4_seed20260827/clean/7729-102255-0024.wav,data/librispeech_test_clean_musan_music_snr4_seed20260827/noisy/7729-102255-0024.wav,16000,16000,1,1,163680,163680
928,5105-28240-0002.wav,5105-28240-0002,data/librispeech_test_clean_musan_music_snr4_seed20260827/clean/5105-28240-0002.wav,data/librispeech_test_clean_musan_music_snr4_seed20260827/noisy/5105-28240-0002.wav,16000,16000,1,1,64160,64160
929,4507-16021-0000.wav,4507-16021-0000,data/librispeech_test_clean_musan_music_snr4_seed20260827/clean/4507-16021-0000.wav,data/librispeech_test_clean_musan_music_snr4_seed20260827/noisy/4507-16021-0000.wav,16000,16000,1,1,41440,41440
930,2830-3980-0004.wav,2830-3980-0004,data/librispeech_test_clean_musan_music_snr4_seed20260827/clean/2830-3980-0004.wav,data/librispeech_test_clean_musan_music_snr4_seed20260827/noisy/2830-3980-0004.wav,16000,16000,1,1,60960,60960
931,61-70970-0030.wav,61-70970-0030,data/librispeech_test_clean_musan_music_snr4_seed20260827/clean/61-70970-0030.wav,data/librispeech_test_clean_musan_music_snr4_seed20260827/noisy/61-70970-0030.wav,16000,16000,1,1,51840,51840
932,1580-141084-0032.wav,1580-141084-0032,data/librispeech_test_clean_musan_music_snr4_seed20260827/clean/1580-141084-0032.wav,data/librispeech_test_clean_musan_music_snr4_seed20260827/noisy/1580-141084-0032.wav,16000,16000,1,1,79920,79920
933,7127-75947-0039.wav,7127-75947-0039,data/librispeech_test_clean_musan_music_snr4_seed20260827/clean/7127-75947-0039.wav,data/librispeech_test_clean_musan_music_snr4_seed20260827/noisy/7127-75947-0039.wav,16000,16000,1,1,161120,161120
934,260-123286-0030.wav,260-123286-0030,data/librispeech_test_clean_musan_music_snr4_seed20260827/clean/260-123286-0030.wav,data/librispeech_test_clean_musan_music_snr4_seed20260827/noisy/260-123286-0030.wav,16000,16000,1,1,120480,120480
935,260-123288-0004.wav,260-123288-0004,data/librispeech_test_clean_musan_music_snr4_seed20260827/clean/260-123288-0004.wav,data/librispeech_test_clean_musan_music_snr4_seed20260827/noisy/260-123288-0004.wav,16000,16000,1,1,68960,68960
936,5105-28241-0007.wav,5105-28241-0007,data/librispeech_test_clean_musan_music_snr4_seed20260827/clean/5105-28241-0007.wav,data/librispeech_test_clean_musan_music_snr4_seed20260827/noisy/5105-28241-0007.wav,16000,16000,1,1,30080,30080
937,6829-68769-0045.wav,6829-68769-0045,data/librispeech_test_clean_musan_music_snr4_seed20260827/clean/6829-68769-0045.wav,data/librispeech_test_clean_musan_music_snr4_seed20260827/noisy/6829-68769-0045.wav,16000,16000,1,1,34160,34160
938,3570-5695-0005.wav,3570-5695-0005,data/librispeech_test_clean_musan_music_snr4_seed20260827/clean/3570-5695-0005.wav,data/librispeech_test_clean_musan_music_snr4_seed20260827/noisy/3570-5695-0005.wav,16000,16000,1,1,320480,320480
939,1284-1180-0007.wav,1284-1180-0007,data/librispeech_test_clean_musan_music_snr4_seed20260827/clean/1284-1180-0007.wav,data/librispeech_test_clean_musan_music_snr4_seed20260827/noisy/1284-1180-0007.wav,16000,16000,1,1,100240,100240
940,8555-292519-0001.wav,8555-292519-0001,data/librispeech_test_clean_musan_music_snr4_seed20260827/clean/8555-292519-0001.wav,data/librispeech_test_clean_musan_music_snr4_seed20260827/noisy/8555-292519-0001.wav,16000,16000,1,1,333120,333120
941,1284-1180-0012.wav,1284-1180-0012,data/librispeech_test_clean_musan_music_snr4_seed20260827/clean/1284-1180-0012.wav,data/librispeech_test_clean_musan_music_snr4_seed20260827/noisy/1284-1180-0012.wav,16000,16000,1,1,78080,78080
942,5142-33396-0044.wav,5142-33396-0044,data/librispeech_test_clean_musan_music_snr4_seed20260827/clean/5142-33396-0044.wav,data/librispeech_test_clean_musan_music_snr4_seed20260827/noisy/5142-33396-0044.wav,16000,16000,1,1,77680,77680
943,4446-2275-0039.wav,4446-2275-0039,data/librispeech_test_clean_musan_music_snr4_seed20260827/clean/4446-2275-0039.wav,data/librispeech_test_clean_musan_music_snr4_seed20260827/noisy/4446-2275-0039.wav,16000,16000,1,1,30400,30400
944,6829-68769-0020.wav,6829-68769-0020,data/librispeech_test_clean_musan_music_snr4_seed20260827/clean/6829-68769-0020.wav,data/librispeech_test_clean_musan_music_snr4_seed20260827/noisy/6829-68769-0020.wav,16000,16000,1,1,82000,82000
945,1089-134686-0023.wav,1089-134686-0023,data/librispeech_test_clean_musan_music_snr4_seed20260827/clean/1089-134686-0023.wav,data/librispeech_test_clean_musan_music_snr4_seed20260827/noisy/1089-134686-0023.wav,16000,16000,1,1,212400,212400
946,7127-75946-0024.wav,7127-75946-0024,data/librispeech_test_clean_musan_music_snr4_seed20260827/clean/7127-75946-0024.wav,data/librispeech_test_clean_musan_music_snr4_seed20260827/noisy/7127-75946-0024.wav,16000,16000,1,1,81440,81440
947,6829-68771-0008.wav,6829-68771-0008,data/librispeech_test_clean_musan_music_snr4_seed20260827/clean/6829-68771-0008.wav,data/librispeech_test_clean_musan_music_snr4_seed20260827/noisy/6829-68771-0008.wav,16000,16000,1,1,114880,114880
948,237-134500-0014.wav,237-134500-0014,data/librispeech_test_clean_musan_music_snr4_seed20260827/clean/237-134500-0014.wav,data/librispeech_test_clean_musan_music_snr4_seed20260827/noisy/237-134500-0014.wav,16000,16000,1,1,68000,68000
949,260-123288-0028.wav,260-123288-0028,data/librispeech_test_clean_musan_music_snr4_seed20260827/clean/260-123288-0028.wav,data/librispeech_test_clean_musan_music_snr4_seed20260827/noisy/260-123288-0028.wav,16000,16000,1,1,41760,41760
950,1580-141083-0014.wav,1580-141083-0014,data/librispeech_test_clean_musan_music_snr4_seed20260827/clean/1580-141083-0014.wav,data/librispeech_test_clean_musan_music_snr4_seed20260827/noisy/1580-141083-0014.wav,16000,16000,1,1,45680,45680
951,6930-75918-0011.wav,6930-75918-0011,data/librispeech_test_clean_musan_music_snr4_seed20260827/clean/6930-75918-0011.wav,data/librispeech_test_clean_musan_music_snr4_seed20260827/noisy/6930-75918-0011.wav,16000,16000,1,1,51120,51120
952,2830-3980-0044.wav,2830-3980-0044,data/librispeech_test_clean_musan_music_snr4_seed20260827/clean/2830-3980-0044.wav,data/librispeech_test_clean_musan_music_snr4_seed20260827/noisy/2830-3980-0044.wav,16000,16000,1,1,55840,55840
953,908-31957-0011.wav,908-31957-0011,data/librispeech_test_clean_musan_music_snr4_seed20260827/clean/908-31957-0011.wav,data/librispeech_test_clean_musan_music_snr4_seed20260827/noisy/908-31957-0011.wav,16000,16000,1,1,37360,37360
954,5142-33396-0034.wav,5142-33396-0034,data/librispeech_test_clean_musan_music_snr4_seed20260827/clean/5142-33396-0034.wav,data/librispeech_test_clean_musan_music_snr4_seed20260827/noisy/5142-33396-0034.wav,16000,16000,1,1,105840,105840
955,4970-29095-0028.wav,4970-29095-0028,data/librispeech_test_clean_musan_music_snr4_seed20260827/clean/4970-29095-0028.wav,data/librispeech_test_clean_musan_music_snr4_seed20260827/noisy/4970-29095-0028.wav,16000,16000,1,1,234720,234720
956,8455-210777-0050.wav,8455-210777-0050,data/librispeech_test_clean_musan_music_snr4_seed20260827/clean/8455-210777-0050.wav,data/librispeech_test_clean_musan_music_snr4_seed20260827/noisy/8455-210777-0050.wav,16000,16000,1,1,63120,63120
957,237-134500-0028.wav,237-134500-0028,data/librispeech_test_clean_musan_music_snr4_seed20260827/clean/237-134500-0028.wav,data/librispeech_test_clean_musan_music_snr4_seed20260827/noisy/237-134500-0028.wav,16000,16000,1,1,72399,72399
958,5683-32879-0012.wav,5683-32879-0012,data/librispeech_test_clean_musan_music_snr4_seed20260827/clean/5683-32879-0012.wav,data/librispeech_test_clean_musan_music_snr4_seed20260827/noisy/5683-32879-0012.wav,16000,16000,1,1,70080,70080
959,908-31957-0023.wav,908-31957-0023,data/librispeech_test_clean_musan_music_snr4_seed20260827/clean/908-31957-0023.wav,data/librispeech_test_clean_musan_music_snr4_seed20260827/noisy/908-31957-0023.wav,16000,16000,1,1,136240,136240
960,7127-75947-0012.wav,7127-75947-0012,data/librispeech_test_clean_musan_music_snr4_seed20260827/clean/7127-75947-0012.wav,data/librispeech_test_clean_musan_music_snr4_seed20260827/noisy/7127-75947-0012.wav,16000,16000,1,1,26960,26960
961,8230-279154-0027.wav,8230-279154-0027,data/librispeech_test_clean_musan_music_snr4_seed20260827/clean/8230-279154-0027.wav,data/librispeech_test_clean_musan_music_snr4_seed20260827/noisy/8230-279154-0027.wav,16000,16000,1,1,178160,178160
962,5639-40744-0002.wav,5639-40744-0002,data/librispeech_test_clean_musan_music_snr4_seed20260827/clean/5639-40744-0002.wav,data/librispeech_test_clean_musan_music_snr4_seed20260827/noisy/5639-40744-0002.wav,16000,16000,1,1,142560,142560
963,8455-210777-0049.wav,8455-210777-0049,data/librispeech_test_clean_musan_music_snr4_seed20260827/clean/8455-210777-0049.wav,data/librispeech_test_clean_musan_music_snr4_seed20260827/noisy/8455-210777-0049.wav,16000,16000,1,1,65760,65760
964,1221-135767-0020.wav,1221-135767-0020,data/librispeech_test_clean_musan_music_snr4_seed20260827/clean/1221-135767-0020.wav,data/librispeech_test_clean_musan_music_snr4_seed20260827/noisy/1221-135767-0020.wav,16000,16000,1,1,53520,53520
965,4507-16021-0029.wav,4507-16021-0029,data/librispeech_test_clean_musan_music_snr4_seed20260827/clean/4507-16021-0029.wav,data/librispeech_test_clean_musan_music_snr4_seed20260827/noisy/4507-16021-0029.wav,16000,16000,1,1,61920,61920
966,2961-960-0010.wav,2961-960-0010,data/librispeech_test_clean_musan_music_snr4_seed20260827/clean/2961-960-0010.wav,data/librispeech_test_clean_musan_music_snr4_seed20260827/noisy/2961-960-0010.wav,16000,16000,1,1,327360,327360
967,7127-75946-0012.wav,7127-75946-0012,data/librispeech_test_clean_musan_music_snr4_seed20260827/clean/7127-75946-0012.wav,data/librispeech_test_clean_musan_music_snr4_seed20260827/noisy/7127-75946-0012.wav,16000,16000,1,1,157920,157920
968,7176-88083-0006.wav,7176-88083-0006,data/librispeech_test_clean_musan_music_snr4_seed20260827/clean/7176-88083-0006.wav,data/librispeech_test_clean_musan_music_snr4_seed20260827/noisy/7176-88083-0006.wav,16000,16000,1,1,68720,68720
969,3729-6852-0014.wav,3729-6852-0014,data/librispeech_test_clean_musan_music_snr4_seed20260827/clean/3729-6852-0014.wav,data/librispeech_test_clean_musan_music_snr4_seed20260827/noisy/3729-6852-0014.wav,16000,16000,1,1,91360,91360
970,8455-210777-0028.wav,8455-210777-0028,data/librispeech_test_clean_musan_music_snr4_seed20260827/clean/8455-210777-0028.wav,data/librispeech_test_clean_musan_music_snr4_seed20260827/noisy/8455-210777-0028.wav,16000,16000,1,1,123760,123760
971,121-127105-0032.wav,121-127105-0032,data/librispeech_test_clean_musan_music_snr4_seed20260827/clean/121-127105-0032.wav,data/librispeech_test_clean_musan_music_snr4_seed20260827/noisy/121-127105-0032.wav,16000,16000,1,1,50720,50720
972,3729-6852-0018.wav,3729-6852-0018,data/librispeech_test_clean_musan_music_snr4_seed20260827/clean/3729-6852-0018.wav,data/librispeech_test_clean_musan_music_snr4_seed20260827/noisy/3729-6852-0018.wav,16000,16000,1,1,99360,99360
973,7176-92135-0002.wav,7176-92135-0002,data/librispeech_test_clean_musan_music_snr4_seed20260827/clean/7176-92135-0002.wav,data/librispeech_test_clean_musan_music_snr4_seed20260827/noisy/7176-92135-0002.wav,16000,16000,1,1,54640,54640
974,2300-131720-0019.wav,2300-131720-0019,data/librispeech_test_clean_musan_music_snr4_seed20260827/clean/2300-131720-0019.wav,data/librispeech_test_clean_musan_music_snr4_seed20260827/noisy/2300-131720-0019.wav,16000,16000,1,1,237120,237120
975,8463-294825-0019.wav,8463-294825-0019,data/librispeech_test_clean_musan_music_snr4_seed20260827/clean/8463-294825-0019.wav,data/librispeech_test_clean_musan_music_snr4_seed20260827/noisy/8463-294825-0019.wav,16000,16000,1,1,54240,54240
976,1995-1836-0004.wav,1995-1836-0004,data/librispeech_test_clean_musan_music_snr4_seed20260827/clean/1995-1836-0004.wav,data/librispeech_test_clean_musan_music_snr4_seed20260827/noisy/1995-1836-0004.wav,16000,16000,1,1,542560,542560
977,1188-133604-0028.wav,1188-133604-0028,data/librispeech_test_clean_musan_music_snr4_seed20260827/clean/1188-133604-0028.wav,data/librispeech_test_clean_musan_music_snr4_seed20260827/noisy/1188-133604-0028.wav,16000,16000,1,1,304080,304080
978,7729-102255-0006.wav,7729-102255-0006,data/librispeech_test_clean_musan_music_snr4_seed20260827/clean/7729-102255-0006.wav,data/librispeech_test_clean_musan_music_snr4_seed20260827/noisy/7729-102255-0006.wav,16000,16000,1,1,272080,272080
979,4970-29095-0006.wav,4970-29095-0006,data/librispeech_test_clean_musan_music_snr4_seed20260827/clean/4970-29095-0006.wav,data/librispeech_test_clean_musan_music_snr4_seed20260827/noisy/4970-29095-0006.wav,16000,16000,1,1,71520,71520
980,1995-1837-0022.wav,1995-1837-0022,data/librispeech_test_clean_musan_music_snr4_seed20260827/clean/1995-1837-0022.wav,data/librispeech_test_clean_musan_music_snr4_seed20260827/noisy/1995-1837-0022.wav,16000,16000,1,1,54640,54640
981,4446-2273-0023.wav,4446-2273-0023,data/librispeech_test_clean_musan_music_snr4_seed20260827/clean/4446-2273-0023.wav,data/librispeech_test_clean_musan_music_snr4_seed20260827/noisy/4446-2273-0023.wav,16000,16000,1,1,97600,97600
982,5639-40744-0019.wav,5639-40744-0019,data/librispeech_test_clean_musan_music_snr4_seed20260827/clean/5639-40744-0019.wav,data/librispeech_test_clean_musan_music_snr4_seed20260827/noisy/5639-40744-0019.wav,16000,16000,1,1,192960,192960
983,61-70968-0002.wav,61-70968-0002,data/librispeech_test_clean_musan_music_snr4_seed20260827/clean/61-70968-0002.wav,data/librispeech_test_clean_musan_music_snr4_seed20260827/noisy/61-70968-0002.wav,16000,16000,1,1,47520,47520
984,5142-36586-0001.wav,5142-36586-0001,data/librispeech_test_clean_musan_music_snr4_seed20260827/clean/5142-36586-0001.wav,data/librispeech_test_clean_musan_music_snr4_seed20260827/noisy/5142-36586-0001.wav,16000,16000,1,1,35440,35440
985,8555-292519-0006.wav,8555-292519-0006,data/librispeech_test_clean_musan_music_snr4_seed20260827/clean/8555-292519-0006.wav,data/librispeech_test_clean_musan_music_snr4_seed20260827/noisy/8555-292519-0006.wav,16000,16000,1,1,162880,162880
986,2300-131720-0026.wav,2300-131720-0026,data/librispeech_test_clean_musan_music_snr4_seed20260827/clean/2300-131720-0026.wav,data/librispeech_test_clean_musan_music_snr4_seed20260827/noisy/2300-131720-0026.wav,16000,16000,1,1,281520,281520
987,672-122797-0040.wav,672-122797-0040,data/librispeech_test_clean_musan_music_snr4_seed20260827/clean/672-122797-0040.wav,data/librispeech_test_clean_musan_music_snr4_seed20260827/noisy/672-122797-0040.wav,16000,16000,1,1,82000,82000
988,2830-3980-0009.wav,2830-3980-0009,data/librispeech_test_clean_musan_music_snr4_seed20260827/clean/2830-3980-0009.wav,data/librispeech_test_clean_musan_music_snr4_seed20260827/noisy/2830-3980-0009.wav,16000,16000,1,1,62160,62160
989,61-70970-0024.wav,61-70970-0024,data/librispeech_test_clean_musan_music_snr4_seed20260827/clean/61-70970-0024.wav,data/librispeech_test_clean_musan_music_snr4_seed20260827/noisy/61-70970-0024.wav,16000,16000,1,1,115760,115760
990,2961-960-0021.wav,2961-960-0021,data/librispeech_test_clean_musan_music_snr4_seed20260827/clean/2961-960-0021.wav,data/librispeech_test_clean_musan_music_snr4_seed20260827/noisy/2961-960-0021.wav,16000,16000,1,1,252560,252560
991,908-157963-0012.wav,908-157963-0012,data/librispeech_test_clean_musan_music_snr4_seed20260827/clean/908-157963-0012.wav,data/librispeech_test_clean_musan_music_snr4_seed20260827/noisy/908-157963-0012.wav,16000,16000,1,1,161440,161440
992,5142-36377-0022.wav,5142-36377-0022,data/librispeech_test_clean_musan_music_snr4_seed20260827/clean/5142-36377-0022.wav,data/librispeech_test_clean_musan_music_snr4_seed20260827/noisy/5142-36377-0022.wav,16000,16000,1,1,179920,179920
993,6829-68769-0024.wav,6829-68769-0024,data/librispeech_test_clean_musan_music_snr4_seed20260827/clean/6829-68769-0024.wav,data/librispeech_test_clean_musan_music_snr4_seed20260827/noisy/6829-68769-0024.wav,16000,16000,1,1,79120,79120
994,1284-1181-0018.wav,1284-1181-0018,data/librispeech_test_clean_musan_music_snr4_seed20260827/clean/1284-1181-0018.wav,data/librispeech_test_clean_musan_music_snr4_seed20260827/noisy/1284-1181-0018.wav,16000,16000,1,1,50560,50560
995,6930-75918-0010.wav,6930-75918-0010,data/librispeech_test_clean_musan_music_snr4_seed20260827/clean/6930-75918-0010.wav,data/librispeech_test_clean_musan_music_snr4_seed20260827/noisy/6930-75918-0010.wav,16000,16000,1,1,48560,48560
996,3575-170457-0050.wav,3575-170457-0050,data/librispeech_test_clean_musan_music_snr4_seed20260827/clean/3575-170457-0050.wav,data/librispeech_test_clean_musan_music_snr4_seed20260827/noisy/3575-170457-0050.wav,16000,16000,1,1,102480,102480
997,4992-41797-0004.wav,4992-41797-0004,data/librispeech_test_clean_musan_music_snr4_seed20260827/clean/4992-41797-0004.wav,data/librispeech_test_clean_musan_music_snr4_seed20260827/noisy/4992-41797-0004.wav,16000,16000,1,1,117040,117040
998,2830-3980-0027.wav,2830-3980-0027,data/librispeech_test_clean_musan_music_snr4_seed20260827/clean/2830-3980-0027.wav,data/librispeech_test_clean_musan_music_snr4_seed20260827/noisy/2830-3980-0027.wav,16000,16000,1,1,36320,36320
999,237-134500-0027.wav,237-134500-0027,data/librispeech_test_clean_musan_music_snr4_seed20260827/clean/237-134500-0027.wav,data/librispeech_test_clean_musan_music_snr4_seed20260827/noisy/237-134500-0027.wav,16000,16000,1,1,52320,52320
1000,6829-68769-0035.wav,6829-68769-0035,data/librispeech_test_clean_musan_music_snr4_seed20260827/clean/6829-68769-0035.wav,data/librispeech_test_clean_musan_music_snr4_seed20260827/noisy/6829-68769-0035.wav,16000,16000,1,1,44080,44080
1001,908-157963-0029.wav,908-157963-0029,data/librispeech_test_clean_musan_music_snr4_seed20260827/clean/908-157963-0029.wav,data/librispeech_test_clean_musan_music_snr4_seed20260827/noisy/908-157963-0029.wav,16000,16000,1,1,58080,58080
1002,1320-122612-0014.wav,1320-122612-0014,data/librispeech_test_clean_musan_music_snr4_seed20260827/clean/1320-122612-0014.wav,data/librispeech_test_clean_musan_music_snr4_seed20260827/noisy/1320-122612-0014.wav,16000,16000,1,1,56240,56240
1003,5105-28233-0010.wav,5105-28233-0010,data/librispeech_test_clean_musan_music_snr4_seed20260827/clean/5105-28233-0010.wav,data/librispeech_test_clean_musan_music_snr4_seed20260827/noisy/5105-28233-0010.wav,16000,16000,1,1,217520,217520
1004,7729-102255-0030.wav,7729-102255-0030,data/librispeech_test_clean_musan_music_snr4_seed20260827/clean/7729-102255-0030.wav,data/librispeech_test_clean_musan_music_snr4_seed20260827/noisy/7729-102255-0030.wav,16000,16000,1,1,116000,116000
1005,1995-1837-0005.wav,1995-1837-0005,data/librispeech_test_clean_musan_music_snr4_seed20260827/clean/1995-1837-0005.wav,data/librispeech_test_clean_musan_music_snr4_seed20260827/noisy/1995-1837-0005.wav,16000,16000,1,1,42160,42160
1006,4077-13751-0005.wav,4077-13751-0005,data/librispeech_test_clean_musan_music_snr4_seed20260827/clean/4077-13751-0005.wav,data/librispeech_test_clean_musan_music_snr4_seed20260827/noisy/4077-13751-0005.wav,16000,16000,1,1,313760,313760
1007,1089-134691-0002.wav,1089-134691-0002,data/librispeech_test_clean_musan_music_snr4_seed20260827/clean/1089-134691-0002.wav,data/librispeech_test_clean_musan_music_snr4_seed20260827/noisy/1089-134691-0002.wav,16000,16000,1,1,185600,185600
1008,1580-141083-0032.wav,1580-141083-0032,data/librispeech_test_clean_musan_music_snr4_seed20260827/clean/1580-141083-0032.wav,data/librispeech_test_clean_musan_music_snr4_seed20260827/noisy/1580-141083-0032.wav,16000,16000,1,1,66160,66160
1009,7021-79740-0006.wav,7021-79740-0006,data/librispeech_test_clean_musan_music_snr4_seed20260827/clean/7021-79740-0006.wav,data/librispeech_test_clean_musan_music_snr4_seed20260827/noisy/7021-79740-0006.wav,16000,16000,1,1,95440,95440
1010,3575-170457-0032.wav,3575-170457-0032,data/librispeech_test_clean_musan_music_snr4_seed20260827/clean/3575-170457-0032.wav,data/librispeech_test_clean_musan_music_snr4_seed20260827/noisy/3575-170457-0032.wav,16000,16000,1,1,48480,48480
1011,2300-131720-0006.wav,2300-131720-0006,data/librispeech_test_clean_musan_music_snr4_seed20260827/clean/2300-131720-0006.wav,data/librispeech_test_clean_musan_music_snr4_seed20260827/noisy/2300-131720-0006.wav,16000,16000,1,1,65920,65920
1012,260-123288-0023.wav,260-123288-0023,data/librispeech_test_clean_musan_music_snr4_seed20260827/clean/260-123288-0023.wav,data/librispeech_test_clean_musan_music_snr4_seed20260827/noisy/260-123288-0023.wav,16000,16000,1,1,38160,38160
1013,5105-28241-0001.wav,5105-28241-0001,data/librispeech_test_clean_musan_music_snr4_seed20260827/clean/5105-28241-0001.wav,data/librispeech_test_clean_musan_music_snr4_seed20260827/noisy/5105-28241-0001.wav,16000,16000,1,1,336240,336240
1014,7021-85628-0007.wav,7021-85628-0007,data/librispeech_test_clean_musan_music_snr4_seed20260827/clean/7021-85628-0007.wav,data/librispeech_test_clean_musan_music_snr4_seed20260827/noisy/7021-85628-0007.wav,16000,16000,1,1,266800,266800
1015,4970-29095-0032.wav,4970-29095-0032,data/librispeech_test_clean_musan_music_snr4_seed20260827/clean/4970-29095-0032.wav,data/librispeech_test_clean_musan_music_snr4_seed20260827/noisy/4970-29095-0032.wav,16000,16000,1,1,105760,105760
1016,61-70970-0017.wav,61-70970-0017,data/librispeech_test_clean_musan_music_snr4_seed20260827/clean/61-70970-0017.wav,data/librispeech_test_clean_musan_music_snr4_seed20260827/noisy/61-70970-0017.wav,16000,16000,1,1,40800,40800
1017,908-31957-0009.wav,908-31957-0009,data/librispeech_test_clean_musan_music_snr4_seed20260827/clean/908-31957-0009.wav,data/librispeech_test_clean_musan_music_snr4_seed20260827/noisy/908-31957-0009.wav,16000,16000,1,1,123280,123280
1018,908-157963-0008.wav,908-157963-0008,data/librispeech_test_clean_musan_music_snr4_seed20260827/clean/908-157963-0008.wav,data/librispeech_test_clean_musan_music_snr4_seed20260827/noisy/908-157963-0008.wav,16000,16000,1,1,319200,319200
1019,3575-170457-0048.wav,3575-170457-0048,data/librispeech_test_clean_musan_music_snr4_seed20260827/clean/3575-170457-0048.wav,data/librispeech_test_clean_musan_music_snr4_seed20260827/noisy/3575-170457-0048.wav,16000,16000,1,1,88880,88880
1020,1580-141084-0022.wav,1580-141084-0022,data/librispeech_test_clean_musan_music_snr4_seed20260827/clean/1580-141084-0022.wav,data/librispeech_test_clean_musan_music_snr4_seed20260827/noisy/1580-141084-0022.wav,16000,16000,1,1,32960,32960
1021,2094-142345-0017.wav,2094-142345-0017,data/librispeech_test_clean_musan_music_snr4_seed20260827/clean/2094-142345-0017.wav,data/librispeech_test_clean_musan_music_snr4_seed20260827/noisy/2094-142345-0017.wav,16000,16000,1,1,45360,45360
1022,7729-102255-0012.wav,7729-102255-0012,data/librispeech_test_clean_musan_music_snr4_seed20260827/clean/7729-102255-0012.wav,data/librispeech_test_clean_musan_music_snr4_seed20260827/noisy/7729-102255-0012.wav,16000,16000,1,1,65200,65200
1023,4077-13751-0017.wav,4077-13751-0017,data/librispeech_test_clean_musan_music_snr4_seed20260827/clean/4077-13751-0017.wav,data/librispeech_test_clean_musan_music_snr4_seed20260827/noisy/4077-13751-0017.wav,16000,16000,1,1,81520,81520
1024,5683-32866-0016.wav,5683-32866-0016,data/librispeech_test_clean_musan_music_snr4_seed20260827/clean/5683-32866-0016.wav,data/librispeech_test_clean_musan_music_snr4_seed20260827/noisy/5683-32866-0016.wav,16000,16000,1,1,78080,78080
1025,672-122797-0056.wav,672-122797-0056,data/librispeech_test_clean_musan_music_snr4_seed20260827/clean/672-122797-0056.wav,data/librispeech_test_clean_musan_music_snr4_seed20260827/noisy/672-122797-0056.wav,16000,16000,1,1,83600,83600
1026,237-134500-0023.wav,237-134500-0023,data/librispeech_test_clean_musan_music_snr4_seed20260827/clean/237-134500-0023.wav,data/librispeech_test_clean_musan_music_snr4_seed20260827/noisy/237-134500-0023.wav,16000,16000,1,1,48960,48960
1027,2830-3980-0057.wav,2830-3980-0057,data/librispeech_test_clean_musan_music_snr4_seed20260827/clean/2830-3980-0057.wav,data/librispeech_test_clean_musan_music_snr4_seed20260827/noisy/2830-3980-0057.wav,16000,16000,1,1,129120,129120
1028,5142-36377-0010.wav,5142-36377-0010,data/librispeech_test_clean_musan_music_snr4_seed20260827/clean/5142-36377-0010.wav,data/librispeech_test_clean_musan_music_snr4_seed20260827/noisy/5142-36377-0010.wav,16000,16000,1,1,68719,68719
1029,5105-28240-0014.wav,5105-28240-0014,data/librispeech_test_clean_musan_music_snr4_seed20260827/clean/5105-28240-0014.wav,data/librispeech_test_clean_musan_music_snr4_seed20260827/noisy/5105-28240-0014.wav,16000,16000,1,1,49120,49120
1030,4970-29095-0026.wav,4970-29095-0026,data/librispeech_test_clean_musan_music_snr4_seed20260827/clean/4970-29095-0026.wav,data/librispeech_test_clean_musan_music_snr4_seed20260827/noisy/4970-29095-0026.wav,16000,16000,1,1,174880,174880
1031,1995-1837-0024.wav,1995-1837-0024,data/librispeech_test_clean_musan_music_snr4_seed20260827/clean/1995-1837-0024.wav,data/librispeech_test_clean_musan_music_snr4_seed20260827/noisy/1995-1837-0024.wav,16000,16000,1,1,86160,86160
1032,1089-134686-0000.wav,1089-134686-0000,data/librispeech_test_clean_musan_music_snr4_seed20260827/clean/1089-134686-0000.wav,data/librispeech_test_clean_musan_music_snr4_seed20260827/noisy/1089-134686-0000.wav,16000,16000,1,1,166960,166960
1033,1089-134686-0009.wav,1089-134686-0009,data/librispeech_test_clean_musan_music_snr4_seed20260827/clean/1089-134686-0009.wav,data/librispeech_test_clean_musan_music_snr4_seed20260827/noisy/1089-134686-0009.wav,16000,16000,1,1,169200,169200
1034,672-122797-0024.wav,672-122797-0024,data/librispeech_test_clean_musan_music_snr4_seed20260827/clean/672-122797-0024.wav,data/librispeech_test_clean_musan_music_snr4_seed20260827/noisy/672-122797-0024.wav,16000,16000,1,1,66080,66080
1035,2094-142345-0057.wav,2094-142345-0057,data/librispeech_test_clean_musan_music_snr4_seed20260827/clean/2094-142345-0057.wav,data/librispeech_test_clean_musan_music_snr4_seed20260827/noisy/2094-142345-0057.wav,16000,16000,1,1,161280,161280
1036,3570-5694-0014.wav,3570-5694-0014,data/librispeech_test_clean_musan_music_snr4_seed20260827/clean/3570-5694-0014.wav,data/librispeech_test_clean_musan_music_snr4_seed20260827/noisy/3570-5694-0014.wav,16000,16000,1,1,180080,180080
1037,7127-75946-0011.wav,7127-75946-0011,data/librispeech_test_clean_musan_music_snr4_seed20260827/clean/7127-75946-0011.wav,data/librispeech_test_clean_musan_music_snr4_seed20260827/noisy/7127-75946-0011.wav,16000,16000,1,1,50720,50720
1038,4970-29093-0018.wav,4970-29093-0018,data/librispeech_test_clean_musan_music_snr4_seed20260827/clean/4970-29093-0018.wav,data/librispeech_test_clean_musan_music_snr4_seed20260827/noisy/4970-29093-0018.wav,16000,16000,1,1,155440,155440
1039,6930-75918-0012.wav,6930-75918-0012,data/librispeech_test_clean_musan_music_snr4_seed20260827/clean/6930-75918-0012.wav,data/librispeech_test_clean_musan_music_snr4_seed20260827/noisy/6930-75918-0012.wav,16000,16000,1,1,31040,31040
1040,8224-274381-0003.wav,8224-274381-0003,data/librispeech_test_clean_musan_music_snr4_seed20260827/clean/8224-274381-0003.wav,data/librispeech_test_clean_musan_music_snr4_seed20260827/noisy/8224-274381-0003.wav,16000,16000,1,1,209360,209360
1041,1284-1180-0021.wav,1284-1180-0021,data/librispeech_test_clean_musan_music_snr4_seed20260827/clean/1284-1180-0021.wav,data/librispeech_test_clean_musan_music_snr4_seed20260827/noisy/1284-1180-0021.wav,16000,16000,1,1,157440,157440
1042,1188-133604-0027.wav,1188-133604-0027,data/librispeech_test_clean_musan_music_snr4_seed20260827/clean/1188-133604-0027.wav,data/librispeech_test_clean_musan_music_snr4_seed20260827/noisy/1188-133604-0027.wav,16000,16000,1,1,179920,179920
1043,6930-81414-0022.wav,6930-81414-0022,data/librispeech_test_clean_musan_music_snr4_seed20260827/clean/6930-81414-0022.wav,data/librispeech_test_clean_musan_music_snr4_seed20260827/noisy/6930-81414-0022.wav,16000,16000,1,1,69440,69440
1044,260-123286-0031.wav,260-123286-0031,data/librispeech_test_clean_musan_music_snr4_seed20260827/clean/260-123286-0031.wav,data/librispeech_test_clean_musan_music_snr4_seed20260827/noisy/260-123286-0031.wav,16000,16000,1,1,80960,80960
1045,2094-142345-0002.wav,2094-142345-0002,data/librispeech_test_clean_musan_music_snr4_seed20260827/clean/2094-142345-0002.wav,data/librispeech_test_clean_musan_music_snr4_seed20260827/noisy/2094-142345-0002.wav,16000,16000,1,1,248320,248320
1046,5142-36586-0000.wav,5142-36586-0000,data/librispeech_test_clean_musan_music_snr4_seed20260827/clean/5142-36586-0000.wav,data/librispeech_test_clean_musan_music_snr4_seed20260827/noisy/5142-36586-0000.wav,16000,16000,1,1,58400,58400
1047,8455-210777-0051.wav,8455-210777-0051,data/librispeech_test_clean_musan_music_snr4_seed20260827/clean/8455-210777-0051.wav,data/librispeech_test_clean_musan_music_snr4_seed20260827/noisy/8455-210777-0051.wav,16000,16000,1,1,223360,223360
1048,5142-36377-0009.wav,5142-36377-0009,data/librispeech_test_clean_musan_music_snr4_seed20260827/clean/5142-36377-0009.wav,data/librispeech_test_clean_musan_music_snr4_seed20260827/noisy/5142-36377-0009.wav,16000,16000,1,1,82240,82240
1049,1995-1836-0005.wav,1995-1836-0005,data/librispeech_test_clean_musan_music_snr4_seed20260827/clean/1995-1836-0005.wav,data/librispeech_test_clean_musan_music_snr4_seed20260827/noisy/1995-1836-0005.wav,16000,16000,1,1,174400,174400
1050,7176-92135-0016.wav,7176-92135-0016,data/librispeech_test_clean_musan_music_snr4_seed20260827/clean/7176-92135-0016.wav,data/librispeech_test_clean_musan_music_snr4_seed20260827/noisy/7176-92135-0016.wav,16000,16000,1,1,120720,120720
1051,121-127105-0029.wav,121-127105-0029,data/librispeech_test_clean_musan_music_snr4_seed20260827/clean/121-127105-0029.wav,data/librispeech_test_clean_musan_music_snr4_seed20260827/noisy/121-127105-0029.wav,16000,16000,1,1,116960,116960
1052,260-123288-0024.wav,260-123288-0024,data/librispeech_test_clean_musan_music_snr4_seed20260827/clean/260-123288-0024.wav,data/librispeech_test_clean_musan_music_snr4_seed20260827/noisy/260-123288-0024.wav,16000,16000,1,1,233520,233520
1053,121-127105-0034.wav,121-127105-0034,data/librispeech_test_clean_musan_music_snr4_seed20260827/clean/121-127105-0034.wav,data/librispeech_test_clean_musan_music_snr4_seed20260827/noisy/121-127105-0034.wav,16000,16000,1,1,118560,118560
1054,1089-134691-0005.wav,1089-134691-0005,data/librispeech_test_clean_musan_music_snr4_seed20260827/clean/1089-134691-0005.wav,data/librispeech_test_clean_musan_music_snr4_seed20260827/noisy/1089-134691-0005.wav,16000,16000,1,1,85760,85760
1055,6829-68769-0052.wav,6829-68769-0052,data/librispeech_test_clean_musan_music_snr4_seed20260827/clean/6829-68769-0052.wav,data/librispeech_test_clean_musan_music_snr4_seed20260827/noisy/6829-68769-0052.wav,16000,16000,1,1,73600,73600
1056,1284-1181-0002.wav,1284-1181-0002,data/librispeech_test_clean_musan_music_snr4_seed20260827/clean/1284-1181-0002.wav,data/librispeech_test_clean_musan_music_snr4_seed20260827/noisy/1284-1181-0002.wav,16000,16000,1,1,61360,61360
1057,121-123859-0003.wav,121-123859-0003,data/librispeech_test_clean_musan_music_snr4_seed20260827/clean/121-123859-0003.wav,data/librispeech_test_clean_musan_music_snr4_seed20260827/noisy/121-123859-0003.wav,16000,16000,1,1,173200,173200
1058,121-121726-0009.wav,121-121726-0009,data/librispeech_test_clean_musan_music_snr4_seed20260827/clean/121-121726-0009.wav,data/librispeech_test_clean_musan_music_snr4_seed20260827/noisy/121-121726-0009.wav,16000,16000,1,1,116160,116160
1059,5683-32866-0009.wav,5683-32866-0009,data/librispeech_test_clean_musan_music_snr4_seed20260827/clean/5683-32866-0009.wav,data/librispeech_test_clean_musan_music_snr4_seed20260827/noisy/5683-32866-0009.wav,16000,16000,1,1,212160,212160
1060,4992-23283-0001.wav,4992-23283-0001,data/librispeech_test_clean_musan_music_snr4_seed20260827/clean/4992-23283-0001.wav,data/librispeech_test_clean_musan_music_snr4_seed20260827/noisy/4992-23283-0001.wav,16000,16000,1,1,43360,43360
1061,4446-2271-0005.wav,4446-2271-0005,data/librispeech_test_clean_musan_music_snr4_seed20260827/clean/4446-2271-0005.wav,data/librispeech_test_clean_musan_music_snr4_seed20260827/noisy/4446-2271-0005.wav,16000,16000,1,1,54320,54320
1062,8555-292519-0004.wav,8555-292519-0004,data/librispeech_test_clean_musan_music_snr4_seed20260827/clean/8555-292519-0004.wav,data/librispeech_test_clean_musan_music_snr4_seed20260827/noisy/8555-292519-0004.wav,16000,16000,1,1,51920,51920
1063,908-31957-0016.wav,908-31957-0016,data/librispeech_test_clean_musan_music_snr4_seed20260827/clean/908-31957-0016.wav,data/librispeech_test_clean_musan_music_snr4_seed20260827/noisy/908-31957-0016.wav,16000,16000,1,1,103680,103680
1064,4970-29093-0011.wav,4970-29093-0011,data/librispeech_test_clean_musan_music_snr4_seed20260827/clean/4970-29093-0011.wav,data/librispeech_test_clean_musan_music_snr4_seed20260827/noisy/4970-29093-0011.wav,16000,16000,1,1,183200,183200
1065,4970-29095-0034.wav,4970-29095-0034,data/librispeech_test_clean_musan_music_snr4_seed20260827/clean/4970-29095-0034.wav,data/librispeech_test_clean_musan_music_snr4_seed20260827/noisy/4970-29095-0034.wav,16000,16000,1,1,92960,92960
1066,4992-23283-0000.wav,4992-23283-0000,data/librispeech_test_clean_musan_music_snr4_seed20260827/clean/4992-23283-0000.wav,data/librispeech_test_clean_musan_music_snr4_seed20260827/noisy/4992-23283-0000.wav,16000,16000,1,1,106320,106320
1067,121-121726-0011.wav,121-121726-0011,data/librispeech_test_clean_musan_music_snr4_seed20260827/clean/121-121726-0011.wav,data/librispeech_test_clean_musan_music_snr4_seed20260827/noisy/121-121726-0011.wav,16000,16000,1,1,64560,64560
1068,8230-279154-0033.wav,8230-279154-0033,data/librispeech_test_clean_musan_music_snr4_seed20260827/clean/8230-279154-0033.wav,data/librispeech_test_clean_musan_music_snr4_seed20260827/noisy/8230-279154-0033.wav,16000,16000,1,1,187040,187040
1069,2300-131720-0012.wav,2300-131720-0012,data/librispeech_test_clean_musan_music_snr4_seed20260827/clean/2300-131720-0012.wav,data/librispeech_test_clean_musan_music_snr4_seed20260827/noisy/2300-131720-0012.wav,16000,16000,1,1,178320,178320
1070,5142-33396-0019.wav,5142-33396-0019,data/librispeech_test_clean_musan_music_snr4_seed20260827/clean/5142-33396-0019.wav,data/librispeech_test_clean_musan_music_snr4_seed20260827/noisy/5142-33396-0019.wav,16000,16000,1,1,79760,79760
1071,1995-1826-0007.wav,1995-1826-0007,data/librispeech_test_clean_musan_music_snr4_seed20260827/clean/1995-1826-0007.wav,data/librispeech_test_clean_musan_music_snr4_seed20260827/noisy/1995-1826-0007.wav,16000,16000,1,1,112960,112960
1072,5683-32866-0015.wav,5683-32866-0015,data/librispeech_test_clean_musan_music_snr4_seed20260827/clean/5683-32866-0015.wav,data/librispeech_test_clean_musan_music_snr4_seed20260827/noisy/5683-32866-0015.wav,16000,16000,1,1,45280,45280
1073,6829-68771-0000.wav,6829-68771-0000,data/librispeech_test_clean_musan_music_snr4_seed20260827/clean/6829-68771-0000.wav,data/librispeech_test_clean_musan_music_snr4_seed20260827/noisy/6829-68771-0000.wav,16000,16000,1,1,213040,213040
1074,3570-5696-0008.wav,3570-5696-0008,data/librispeech_test_clean_musan_music_snr4_seed20260827/clean/3570-5696-0008.wav,data/librispeech_test_clean_musan_music_snr4_seed20260827/noisy/3570-5696-0008.wav,16000,16000,1,1,116160,116160
1075,1221-135766-0013.wav,1221-135766-0013,data/librispeech_test_clean_musan_music_snr4_seed20260827/clean/1221-135766-0013.wav,data/librispeech_test_clean_musan_music_snr4_seed20260827/noisy/1221-135766-0013.wav,16000,16000,1,1,58320,58320
1076,4446-2275-0010.wav,4446-2275-0010,data/librispeech_test_clean_musan_music_snr4_seed20260827/clean/4446-2275-0010.wav,data/librispeech_test_clean_musan_music_snr4_seed20260827/noisy/4446-2275-0010.wav,16000,16000,1,1,59760,59760
1077,3570-5694-0006.wav,3570-5694-0006,data/librispeech_test_clean_musan_music_snr4_seed20260827/clean/3570-5694-0006.wav,data/librispeech_test_clean_musan_music_snr4_seed20260827/noisy/3570-5694-0006.wav,16000,16000,1,1,232080,232080
1078,5142-33396-0033.wav,5142-33396-0033,data/librispeech_test_clean_musan_music_snr4_seed20260827/clean/5142-33396-0033.wav,data/librispeech_test_clean_musan_music_snr4_seed20260827/noisy/5142-33396-0033.wav,16000,16000,1,1,84480,84480
1079,1284-1180-0026.wav,1284-1180-0026,data/librispeech_test_clean_musan_music_snr4_seed20260827/clean/1284-1180-0026.wav,data/librispeech_test_clean_musan_music_snr4_seed20260827/noisy/1284-1180-0026.wav,16000,16000,1,1,132640,132640
1080,5683-32865-0006.wav,5683-32865-0006,data/librispeech_test_clean_musan_music_snr4_seed20260827/clean/5683-32865-0006.wav,data/librispeech_test_clean_musan_music_snr4_seed20260827/noisy/5683-32865-0006.wav,16000,16000,1,1,53600,53600
1081,5683-32866-0020.wav,5683-32866-0020,data/librispeech_test_clean_musan_music_snr4_seed20260827/clean/5683-32866-0020.wav,data/librispeech_test_clean_musan_music_snr4_seed20260827/noisy/5683-32866-0020.wav,16000,16000,1,1,62880,62880
1082,61-70968-0025.wav,61-70968-0025,data/librispeech_test_clean_musan_music_snr4_seed20260827/clean/61-70968-0025.wav,data/librispeech_test_clean_musan_music_snr4_seed20260827/noisy/61-70968-0025.wav,16000,16000,1,1,70560,70560
1083,5142-33396-0022.wav,5142-33396-0022,data/librispeech_test_clean_musan_music_snr4_seed20260827/clean/5142-33396-0022.wav,data/librispeech_test_clean_musan_music_snr4_seed20260827/noisy/5142-33396-0022.wav,16000,16000,1,1,76320,76320
1084,908-157963-0014.wav,908-157963-0014,data/librispeech_test_clean_musan_music_snr4_seed20260827/clean/908-157963-0014.wav,data/librispeech_test_clean_musan_music_snr4_seed20260827/noisy/908-157963-0014.wav,16000,16000,1,1,72320,72320
1085,2830-3980-0046.wav,2830-3980-0046,data/librispeech_test_clean_musan_music_snr4_seed20260827/clean/2830-3980-0046.wav,data/librispeech_test_clean_musan_music_snr4_seed20260827/noisy/2830-3980-0046.wav,16000,16000,1,1,45440,45440
1086,2300-131720-0021.wav,2300-131720-0021,data/librispeech_test_clean_musan_music_snr4_seed20260827/clean/2300-131720-0021.wav,data/librispeech_test_clean_musan_music_snr4_seed20260827/noisy/2300-131720-0021.wav,16000,16000,1,1,175200,175200
1087,1995-1826-0001.wav,1995-1826-0001,data/librispeech_test_clean_musan_music_snr4_seed20260827/clean/1995-1826-0001.wav,data/librispeech_test_clean_musan_music_snr4_seed20260827/noisy/1995-1826-0001.wav,16000,16000,1,1,162720,162720
1088,4446-2275-0041.wav,4446-2275-0041,data/librispeech_test_clean_musan_music_snr4_seed20260827/clean/4446-2275-0041.wav,data/librispeech_test_clean_musan_music_snr4_seed20260827/noisy/4446-2275-0041.wav,16000,16000,1,1,76080,76080
1089,2830-3980-0054.wav,2830-3980-0054,data/librispeech_test_clean_musan_music_snr4_seed20260827/clean/2830-3980-0054.wav,data/librispeech_test_clean_musan_music_snr4_seed20260827/noisy/2830-3980-0054.wav,16000,16000,1,1,161360,161360
1090,1284-1180-0001.wav,1284-1180-0001,data/librispeech_test_clean_musan_music_snr4_seed20260827/clean/1284-1180-0001.wav,data/librispeech_test_clean_musan_music_snr4_seed20260827/noisy/1284-1180-0001.wav,16000,16000,1,1,124080,124080
1091,8224-274381-0007.wav,8224-274381-0007,data/librispeech_test_clean_musan_music_snr4_seed20260827/clean/8224-274381-0007.wav,data/librispeech_test_clean_musan_music_snr4_seed20260827/noisy/8224-274381-0007.wav,16000,16000,1,1,161360,161360
1092,3729-6852-0019.wav,3729-6852-0019,data/librispeech_test_clean_musan_music_snr4_seed20260827/clean/3729-6852-0019.wav,data/librispeech_test_clean_musan_music_snr4_seed20260827/noisy/3729-6852-0019.wav,16000,16000,1,1,52880,52880
1093,5639-40744-0010.wav,5639-40744-0010,data/librispeech_test_clean_musan_music_snr4_seed20260827/clean/5639-40744-0010.wav,data/librispeech_test_clean_musan_music_snr4_seed20260827/noisy/5639-40744-0010.wav,16000,16000,1,1,65920,65920
1094,908-157963-0009.wav,908-157963-0009,data/librispeech_test_clean_musan_music_snr4_seed20260827/clean/908-157963-0009.wav,data/librispeech_test_clean_musan_music_snr4_seed20260827/noisy/908-157963-0009.wav,16000,16000,1,1,64960,64960
1095,237-134493-0017.wav,237-134493-0017,data/librispeech_test_clean_musan_music_snr4_seed20260827/clean/237-134493-0017.wav,data/librispeech_test_clean_musan_music_snr4_seed20260827/noisy/237-134493-0017.wav,16000,16000,1,1,145680,145680
1096,1089-134691-0021.wav,1089-134691-0021,data/librispeech_test_clean_musan_music_snr4_seed20260827/clean/1089-134691-0021.wav,data/librispeech_test_clean_musan_music_snr4_seed20260827/noisy/1089-134691-0021.wav,16000,16000,1,1,213920,213920
1097,7021-79730-0009.wav,7021-79730-0009,data/librispeech_test_clean_musan_music_snr4_seed20260827/clean/7021-79730-0009.wav,data/librispeech_test_clean_musan_music_snr4_seed20260827/noisy/7021-79730-0009.wav,16000,16000,1,1,201360,201360
1098,6829-68769-0044.wav,6829-68769-0044,data/librispeech_test_clean_musan_music_snr4_seed20260827/clean/6829-68769-0044.wav,data/librispeech_test_clean_musan_music_snr4_seed20260827/noisy/6829-68769-0044.wav,16000,16000,1,1,51600,51600
1099,237-126133-0024.wav,237-126133-0024,data/librispeech_test_clean_musan_music_snr4_seed20260827/clean/237-126133-0024.wav,data/librispeech_test_clean_musan_music_snr4_seed20260827/noisy/237-126133-0024.wav,16000,16000,1,1,154640,154640
1100,7021-79730-0002.wav,7021-79730-0002,data/librispeech_test_clean_musan_music_snr4_seed20260827/clean/7021-79730-0002.wav,data/librispeech_test_clean_musan_music_snr4_seed20260827/noisy/7021-79730-0002.wav,16000,16000,1,1,43040,43040
1101,7729-102255-0014.wav,7729-102255-0014,data/librispeech_test_clean_musan_music_snr4_seed20260827/clean/7729-102255-0014.wav,data/librispeech_test_clean_musan_music_snr4_seed20260827/noisy/7729-102255-0014.wav,16000,16000,1,1,84720,84720
1102,2830-3980-0024.wav,2830-3980-0024,data/librispeech_test_clean_musan_music_snr4_seed20260827/clean/2830-3980-0024.wav,data/librispeech_test_clean_musan_music_snr4_seed20260827/noisy/2830-3980-0024.wav,16000,16000,1,1,62960,62960
1103,2830-3980-0031.wav,2830-3980-0031,data/librispeech_test_clean_musan_music_snr4_seed20260827/clean/2830-3980-0031.wav,data/librispeech_test_clean_musan_music_snr4_seed20260827/noisy/2830-3980-0031.wav,16000,16000,1,1,135760,135760
1104,2830-3980-0041.wav,2830-3980-0041,data/librispeech_test_clean_musan_music_snr4_seed20260827/clean/2830-3980-0041.wav,data/librispeech_test_clean_musan_music_snr4_seed20260827/noisy/2830-3980-0041.wav,16000,16000,1,1,78240,78240
1105,5639-40744-0007.wav,5639-40744-0007,data/librispeech_test_clean_musan_music_snr4_seed20260827/clean/5639-40744-0007.wav,data/librispeech_test_clean_musan_music_snr4_seed20260827/noisy/5639-40744-0007.wav,16000,16000,1,1,93200,93200
1106,1089-134686-0013.wav,1089-134686-0013,data/librispeech_test_clean_musan_music_snr4_seed20260827/clean/1089-134686-0013.wav,data/librispeech_test_clean_musan_music_snr4_seed20260827/noisy/1089-134686-0013.wav,16000,16000,1,1,126640,126640
1107,6829-68771-0004.wav,6829-68771-0004,data/librispeech_test_clean_musan_music_snr4_seed20260827/clean/6829-68771-0004.wav,data/librispeech_test_clean_musan_music_snr4_seed20260827/noisy/6829-68771-0004.wav,16000,16000,1,1,135040,135040
1108,6930-76324-0001.wav,6930-76324-0001,data/librispeech_test_clean_musan_music_snr4_seed20260827/clean/6930-76324-0001.wav,data/librispeech_test_clean_musan_music_snr4_seed20260827/noisy/6930-76324-0001.wav,16000,16000,1,1,51200,51200
1109,5142-33396-0045.wav,5142-33396-0045,data/librispeech_test_clean_musan_music_snr4_seed20260827/clean/5142-33396-0045.wav,data/librispeech_test_clean_musan_music_snr4_seed20260827/noisy/5142-33396-0045.wav,16000,16000,1,1,38160,38160
1110,8224-274381-0010.wav,8224-274381-0010,data/librispeech_test_clean_musan_music_snr4_seed20260827/clean/8224-274381-0010.wav,data/librispeech_test_clean_musan_music_snr4_seed20260827/noisy/8224-274381-0010.wav,16000,16000,1,1,217920,217920
1111,8555-284449-0004.wav,8555-284449-0004,data/librispeech_test_clean_musan_music_snr4_seed20260827/clean/8555-284449-0004.wav,data/librispeech_test_clean_musan_music_snr4_seed20260827/noisy/8555-284449-0004.wav,16000,16000,1,1,222400,222400
1112,121-121726-0014.wav,121-121726-0014,data/librispeech_test_clean_musan_music_snr4_seed20260827/clean/121-121726-0014.wav,data/librispeech_test_clean_musan_music_snr4_seed20260827/noisy/121-121726-0014.wav,16000,16000,1,1,50640,50640
1113,8463-287645-0007.wav,8463-287645-0007,data/librispeech_test_clean_musan_music_snr4_seed20260827/clean/8463-287645-0007.wav,data/librispeech_test_clean_musan_music_snr4_seed20260827/noisy/8463-287645-0007.wav,16000,16000,1,1,344000,344000
1114,5142-36377-0020.wav,5142-36377-0020,data/librispeech_test_clean_musan_music_snr4_seed20260827/clean/5142-36377-0020.wav,data/librispeech_test_clean_musan_music_snr4_seed20260827/noisy/5142-36377-0020.wav,16000,16000,1,1,72480,72480
1115,4077-13754-0010.wav,4077-13754-0010,data/librispeech_test_clean_musan_music_snr4_seed20260827/clean/4077-13754-0010.wav,data/librispeech_test_clean_musan_music_snr4_seed20260827/noisy/4077-13754-0010.wav,16000,16000,1,1,191280,191280
1116,3729-6852-0017.wav,3729-6852-0017,data/librispeech_test_clean_musan_music_snr4_seed20260827/clean/3729-6852-0017.wav,data/librispeech_test_clean_musan_music_snr4_seed20260827/noisy/3729-6852-0017.wav,16000,16000,1,1,287840,287840
1117,7729-102255-0028.wav,7729-102255-0028,data/librispeech_test_clean_musan_music_snr4_seed20260827/clean/7729-102255-0028.wav,data/librispeech_test_clean_musan_music_snr4_seed20260827/noisy/7729-102255-0028.wav,16000,16000,1,1,153600,153600
1118,5142-36586-0003.wav,5142-36586-0003,data/librispeech_test_clean_musan_music_snr4_seed20260827/clean/5142-36586-0003.wav,data/librispeech_test_clean_musan_music_snr4_seed20260827/noisy/5142-36586-0003.wav,16000,16000,1,1,80880,80880
1119,1284-1180-0013.wav,1284-1180-0013,data/librispeech_test_clean_musan_music_snr4_seed20260827/clean/1284-1180-0013.wav,data/librispeech_test_clean_musan_music_snr4_seed20260827/noisy/1284-1180-0013.wav,16000,16000,1,1,59280,59280
1120,672-122797-0012.wav,672-122797-0012,data/librispeech_test_clean_musan_music_snr4_seed20260827/clean/672-122797-0012.wav,data/librispeech_test_clean_musan_music_snr4_seed20260827/noisy/672-122797-0012.wav,16000,16000,1,1,124240,124240
1121,260-123440-0004.wav,260-123440-0004,data/librispeech_test_clean_musan_music_snr4_seed20260827/clean/260-123440-0004.wav,data/librispeech_test_clean_musan_music_snr4_seed20260827/noisy/260-123440-0004.wav,16000,16000,1,1,192320,192320
1122,1320-122617-0038.wav,1320-122617-0038,data/librispeech_test_clean_musan_music_snr4_seed20260827/clean/1320-122617-0038.wav,data/librispeech_test_clean_musan_music_snr4_seed20260827/noisy/1320-122617-0038.wav,16000,16000,1,1,35840,35840
1123,6930-81414-0013.wav,6930-81414-0013,data/librispeech_test_clean_musan_music_snr4_seed20260827/clean/6930-81414-0013.wav,data/librispeech_test_clean_musan_music_snr4_seed20260827/noisy/6930-81414-0013.wav,16000,16000,1,1,117200,117200
1124,3570-5694-0022.wav,3570-5694-0022,data/librispeech_test_clean_musan_music_snr4_seed20260827/clean/3570-5694-0022.wav,data/librispeech_test_clean_musan_music_snr4_seed20260827/noisy/3570-5694-0022.wav,16000,16000,1,1,68720,68720
1125,1284-1180-0030.wav,1284-1180-0030,data/librispeech_test_clean_musan_music_snr4_seed20260827/clean/1284-1180-0030.wav,data/librispeech_test_clean_musan_music_snr4_seed20260827/noisy/1284-1180-0030.wav,16000,16000,1,1,259520,259520
1126,4992-23283-0003.wav,4992-23283-0003,data/librispeech_test_clean_musan_music_snr4_seed20260827/clean/4992-23283-0003.wav,data/librispeech_test_clean_musan_music_snr4_seed20260827/noisy/4992-23283-0003.wav,16000,16000,1,1,74320,74320
1127,8555-284447-0003.wav,8555-284447-0003,data/librispeech_test_clean_musan_music_snr4_seed20260827/clean/8555-284447-0003.wav,data/librispeech_test_clean_musan_music_snr4_seed20260827/noisy/8555-284447-0003.wav,16000,16000,1,1,70640,70640
1128,2961-961-0021.wav,2961-961-0021,data/librispeech_test_clean_musan_music_snr4_seed20260827/clean/2961-961-0021.wav,data/librispeech_test_clean_musan_music_snr4_seed20260827/noisy/2961-961-0021.wav,16000,16000,1,1,79040,79040
1129,4446-2273-0001.wav,4446-2273-0001,data/librispeech_test_clean_musan_music_snr4_seed20260827/clean/4446-2273-0001.wav,data/librispeech_test_clean_musan_music_snr4_seed20260827/noisy/4446-2273-0001.wav,16000,16000,1,1,74560,74560
1130,5142-36377-0015.wav,5142-36377-0015,data/librispeech_test_clean_musan_music_snr4_seed20260827/clean/5142-36377-0015.wav,data/librispeech_test_clean_musan_music_snr4_seed20260827/noisy/5142-36377-0015.wav,16000,16000,1,1,69440,69440
1131,4992-23283-0010.wav,4992-23283-0010,data/librispeech_test_clean_musan_music_snr4_seed20260827/clean/4992-23283-0010.wav,data/librispeech_test_clean_musan_music_snr4_seed20260827/noisy/4992-23283-0010.wav,16000,16000,1,1,80000,80000
1132,4077-13751-0001.wav,4077-13751-0001,data/librispeech_test_clean_musan_music_snr4_seed20260827/clean/4077-13751-0001.wav,data/librispeech_test_clean_musan_music_snr4_seed20260827/noisy/4077-13751-0001.wav,16000,16000,1,1,139920,139920
1133,237-134500-0001.wav,237-134500-0001,data/librispeech_test_clean_musan_music_snr4_seed20260827/clean/237-134500-0001.wav,data/librispeech_test_clean_musan_music_snr4_seed20260827/noisy/237-134500-0001.wav,16000,16000,1,1,28960,28960
1134,7729-102255-0031.wav,7729-102255-0031,data/librispeech_test_clean_musan_music_snr4_seed20260827/clean/7729-102255-0031.wav,data/librispeech_test_clean_musan_music_snr4_seed20260827/noisy/7729-102255-0031.wav,16000,16000,1,1,108000,108000
1135,121-127105-0026.wav,121-127105-0026,data/librispeech_test_clean_musan_music_snr4_seed20260827/clean/121-127105-0026.wav,data/librispeech_test_clean_musan_music_snr4_seed20260827/noisy/121-127105-0026.wav,16000,16000,1,1,120480,120480
1136,4507-16021-0026.wav,4507-16021-0026,data/librispeech_test_clean_musan_music_snr4_seed20260827/clean/4507-16021-0026.wav,data/librispeech_test_clean_musan_music_snr4_seed20260827/noisy/4507-16021-0026.wav,16000,16000,1,1,505840,505840
1137,7127-75946-0009.wav,7127-75946-0009,data/librispeech_test_clean_musan_music_snr4_seed20260827/clean/7127-75946-0009.wav,data/librispeech_test_clean_musan_music_snr4_seed20260827/noisy/7127-75946-0009.wav,16000,16000,1,1,75520,75520
1138,7021-79759-0001.wav,7021-79759-0001,data/librispeech_test_clean_musan_music_snr4_seed20260827/clean/7021-79759-0001.wav,data/librispeech_test_clean_musan_music_snr4_seed20260827/noisy/7021-79759-0001.wav,16000,16000,1,1,39680,39680
1139,8463-294828-0030.wav,8463-294828-0030,data/librispeech_test_clean_musan_music_snr4_seed20260827/clean/8463-294828-0030.wav,data/librispeech_test_clean_musan_music_snr4_seed20260827/noisy/8463-294828-0030.wav,16000,16000,1,1,43120,43120
1140,237-134500-0004.wav,237-134500-0004,data/librispeech_test_clean_musan_music_snr4_seed20260827/clean/237-134500-0004.wav,data/librispeech_test_clean_musan_music_snr4_seed20260827/noisy/237-134500-0004.wav,16000,16000,1,1,35600,35600
1141,4992-23283-0013.wav,4992-23283-0013,data/librispeech_test_clean_musan_music_snr4_seed20260827/clean/4992-23283-0013.wav,data/librispeech_test_clean_musan_music_snr4_seed20260827/noisy/4992-23283-0013.wav,16000,16000,1,1,106080,106080
1142,672-122797-0044.wav,672-122797-0044,data/librispeech_test_clean_musan_music_snr4_seed20260827/clean/672-122797-0044.wav,data/librispeech_test_clean_musan_music_snr4_seed20260827/noisy/672-122797-0044.wav,16000,16000,1,1,59840,59840
1143,908-31957-0012.wav,908-31957-0012,data/librispeech_test_clean_musan_music_snr4_seed20260827/clean/908-31957-0012.wav,data/librispeech_test_clean_musan_music_snr4_seed20260827/noisy/908-31957-0012.wav,16000,16000,1,1,121840,121840
1144,3729-6852-0027.wav,3729-6852-0027,data/librispeech_test_clean_musan_music_snr4_seed20260827/clean/3729-6852-0027.wav,data/librispeech_test_clean_musan_music_snr4_seed20260827/noisy/3729-6852-0027.wav,16000,16000,1,1,48000,48000
1145,3570-5694-0016.wav,3570-5694-0016,data/librispeech_test_clean_musan_music_snr4_seed20260827/clean/3570-5694-0016.wav,data/librispeech_test_clean_musan_music_snr4_seed20260827/noisy/3570-5694-0016.wav,16000,16000,1,1,226400,226400
1146,1580-141084-0018.wav,1580-141084-0018,data/librispeech_test_clean_musan_music_snr4_seed20260827/clean/1580-141084-0018.wav,data/librispeech_test_clean_musan_music_snr4_seed20260827/noisy/1580-141084-0018.wav,16000,16000,1,1,53520,53520
1147,4446-2271-0015.wav,4446-2271-0015,data/librispeech_test_clean_musan_music_snr4_seed20260827/clean/4446-2271-0015.wav,data/librispeech_test_clean_musan_music_snr4_seed20260827/noisy/4446-2271-0015.wav,16000,16000,1,1,41520,41520
1148,908-157963-0028.wav,908-157963-0028,data/librispeech_test_clean_musan_music_snr4_seed20260827/clean/908-157963-0028.wav,data/librispeech_test_clean_musan_music_snr4_seed20260827/noisy/908-157963-0028.wav,16000,16000,1,1,79280,79280
1149,2830-3980-0032.wav,2830-3980-0032,data/librispeech_test_clean_musan_music_snr4_seed20260827/clean/2830-3980-0032.wav,data/librispeech_test_clean_musan_music_snr4_seed20260827/noisy/2830-3980-0032.wav,16000,16000,1,1,115520,115520
1150,4992-23283-0011.wav,4992-23283-0011,data/librispeech_test_clean_musan_music_snr4_seed20260827/clean/4992-23283-0011.wav,data/librispeech_test_clean_musan_music_snr4_seed20260827/noisy/4992-23283-0011.wav,16000,16000,1,1,67600,67600
1151,2961-961-0006.wav,2961-961-0006,data/librispeech_test_clean_musan_music_snr4_seed20260827/clean/2961-961-0006.wav,data/librispeech_test_clean_musan_music_snr4_seed20260827/noisy/2961-961-0006.wav,16000,16000,1,1,73600,73600
1152,4446-2273-0004.wav,4446-2273-0004,data/librispeech_test_clean_musan_music_snr4_seed20260827/clean/4446-2273-0004.wav,data/librispeech_test_clean_musan_music_snr4_seed20260827/noisy/4446-2273-0004.wav,16000,16000,1,1,86960,86960
1153,2094-142345-0006.wav,2094-142345-0006,data/librispeech_test_clean_musan_music_snr4_seed20260827/clean/2094-142345-0006.wav,data/librispeech_test_clean_musan_music_snr4_seed20260827/noisy/2094-142345-0006.wav,16000,16000,1,1,221120,221120
1154,4446-2273-0020.wav,4446-2273-0020,data/librispeech_test_clean_musan_music_snr4_seed20260827/clean/4446-2273-0020.wav,data/librispeech_test_clean_musan_music_snr4_seed20260827/noisy/4446-2273-0020.wav,16000,16000,1,1,43840,43840
1155,4446-2271-0008.wav,4446-2271-0008,data/librispeech_test_clean_musan_music_snr4_seed20260827/clean/4446-2271-0008.wav,data/librispeech_test_clean_musan_music_snr4_seed20260827/noisy/4446-2271-0008.wav,16000,16000,1,1,87920,87920
1156,4507-16021-0017.wav,4507-16021-0017,data/librispeech_test_clean_musan_music_snr4_seed20260827/clean/4507-16021-0017.wav,data/librispeech_test_clean_musan_music_snr4_seed20260827/noisy/4507-16021-0017.wav,16000,16000,1,1,169360,169360
1157,4992-23283-0015.wav,4992-23283-0015,data/librispeech_test_clean_musan_music_snr4_seed20260827/clean/4992-23283-0015.wav,data/librispeech_test_clean_musan_music_snr4_seed20260827/noisy/4992-23283-0015.wav,16000,16000,1,1,58800,58800
1158,6829-68771-0033.wav,6829-68771-0033,data/librispeech_test_clean_musan_music_snr4_seed20260827/clean/6829-68771-0033.wav,data/librispeech_test_clean_musan_music_snr4_seed20260827/noisy/6829-68771-0033.wav,16000,16000,1,1,87200,87200
1159,8455-210777-0013.wav,8455-210777-0013,data/librispeech_test_clean_musan_music_snr4_seed20260827/clean/8455-210777-0013.wav,data/librispeech_test_clean_musan_music_snr4_seed20260827/noisy/8455-210777-0013.wav,16000,16000,1,1,118560,118560
1160,4507-16021-0058.wav,4507-16021-0058,data/librispeech_test_clean_musan_music_snr4_seed20260827/clean/4507-16021-0058.wav,data/librispeech_test_clean_musan_music_snr4_seed20260827/noisy/4507-16021-0058.wav,16000,16000,1,1,49760,49760
1161,2830-3980-0048.wav,2830-3980-0048,data/librispeech_test_clean_musan_music_snr4_seed20260827/clean/2830-3980-0048.wav,data/librispeech_test_clean_musan_music_snr4_seed20260827/noisy/2830-3980-0048.wav,16000,16000,1,1,167040,167040
1162,5142-33396-0023.wav,5142-33396-0023,data/librispeech_test_clean_musan_music_snr4_seed20260827/clean/5142-33396-0023.wav,data/librispeech_test_clean_musan_music_snr4_seed20260827/noisy/5142-33396-0023.wav,16000,16000,1,1,55680,55680
1163,1580-141083-0050.wav,1580-141083-0050,data/librispeech_test_clean_musan_music_snr4_seed20260827/clean/1580-141083-0050.wav,data/librispeech_test_clean_musan_music_snr4_seed20260827/noisy/1580-141083-0050.wav,16000,16000,1,1,49360,49360
1164,672-122797-0067.wav,672-122797-0067,data/librispeech_test_clean_musan_music_snr4_seed20260827/clean/672-122797-0067.wav,data/librispeech_test_clean_musan_music_snr4_seed20260827/noisy/672-122797-0067.wav,16000,16000,1,1,208560,208560
1165,1284-1181-0006.wav,1284-1181-0006,data/librispeech_test_clean_musan_music_snr4_seed20260827/clean/1284-1181-0006.wav,data/librispeech_test_clean_musan_music_snr4_seed20260827/noisy/1284-1181-0006.wav,16000,16000,1,1,182480,182480
1166,8455-210777-0054.wav,8455-210777-0054,data/librispeech_test_clean_musan_music_snr4_seed20260827/clean/8455-210777-0054.wav,data/librispeech_test_clean_musan_music_snr4_seed20260827/noisy/8455-210777-0054.wav,16000,16000,1,1,40320,40320
1167,4970-29093-0019.wav,4970-29093-0019,data/librispeech_test_clean_musan_music_snr4_seed20260827/clean/4970-29093-0019.wav,data/librispeech_test_clean_musan_music_snr4_seed20260827/noisy/4970-29093-0019.wav,16000,16000,1,1,119520,119520
1168,2094-142345-0060.wav,2094-142345-0060,data/librispeech_test_clean_musan_music_snr4_seed20260827/clean/2094-142345-0060.wav,data/librispeech_test_clean_musan_music_snr4_seed20260827/noisy/2094-142345-0060.wav,16000,16000,1,1,43360,43360
1169,1188-133604-0007.wav,1188-133604-0007,data/librispeech_test_clean_musan_music_snr4_seed20260827/clean/1188-133604-0007.wav,data/librispeech_test_clean_musan_music_snr4_seed20260827/noisy/1188-133604-0007.wav,16000,16000,1,1,227840,227840
1170,61-70968-0038.wav,61-70968-0038,data/librispeech_test_clean_musan_music_snr4_seed20260827/clean/61-70968-0038.wav,data/librispeech_test_clean_musan_music_snr4_seed20260827/noisy/61-70968-0038.wav,16000,16000,1,1,32800,32800
1171,2830-3979-0009.wav,2830-3979-0009,data/librispeech_test_clean_musan_music_snr4_seed20260827/clean/2830-3979-0009.wav,data/librispeech_test_clean_musan_music_snr4_seed20260827/noisy/2830-3979-0009.wav,16000,16000,1,1,133600,133600
1172,7021-79759-0005.wav,7021-79759-0005,data/librispeech_test_clean_musan_music_snr4_seed20260827/clean/7021-79759-0005.wav,data/librispeech_test_clean_musan_music_snr4_seed20260827/noisy/7021-79759-0005.wav,16000,16000,1,1,208320,208320
1173,1580-141083-0048.wav,1580-141083-0048,data/librispeech_test_clean_musan_music_snr4_seed20260827/clean/1580-141083-0048.wav,data/librispeech_test_clean_musan_music_snr4_seed20260827/noisy/1580-141083-0048.wav,16000,16000,1,1,44560,44560
1174,8230-279154-0000.wav,8230-279154-0000,data/librispeech_test_clean_musan_music_snr4_seed20260827/clean/8230-279154-0000.wav,data/librispeech_test_clean_musan_music_snr4_seed20260827/noisy/8230-279154-0000.wav,16000,16000,1,1,140880,140880
1175,5142-33396-0067.wav,5142-33396-0067,data/librispeech_test_clean_musan_music_snr4_seed20260827/clean/5142-33396-0067.wav,data/librispeech_test_clean_musan_music_snr4_seed20260827/noisy/5142-33396-0067.wav,16000,16000,1,1,89040,89040
1176,4446-2275-0040.wav,4446-2275-0040,data/librispeech_test_clean_musan_music_snr4_seed20260827/clean/4446-2275-0040.wav,data/librispeech_test_clean_musan_music_snr4_seed20260827/noisy/4446-2275-0040.wav,16000,16000,1,1,111440,111440
1177,1580-141083-0047.wav,1580-141083-0047,data/librispeech_test_clean_musan_music_snr4_seed20260827/clean/1580-141083-0047.wav,data/librispeech_test_clean_musan_music_snr4_seed20260827/noisy/1580-141083-0047.wav,16000,16000,1,1,41680,41680
1178,5683-32879-0024.wav,5683-32879-0024,data/librispeech_test_clean_musan_music_snr4_seed20260827/clean/5683-32879-0024.wav,data/librispeech_test_clean_musan_music_snr4_seed20260827/noisy/5683-32879-0024.wav,16000,16000,1,1,37920,37920
1179,1995-1837-0029.wav,1995-1837-0029,data/librispeech_test_clean_musan_music_snr4_seed20260827/clean/1995-1837-0029.wav,data/librispeech_test_clean_musan_music_snr4_seed20260827/noisy/1995-1837-0029.wav,16000,16000,1,1,89280,89280
1180,2830-3980-0035.wav,2830-3980-0035,data/librispeech_test_clean_musan_music_snr4_seed20260827/clean/2830-3980-0035.wav,data/librispeech_test_clean_musan_music_snr4_seed20260827/noisy/2830-3980-0035.wav,16000,16000,1,1,53360,53360
1181,1188-133604-0018.wav,1188-133604-0018,data/librispeech_test_clean_musan_music_snr4_seed20260827/clean/1188-133604-0018.wav,data/librispeech_test_clean_musan_music_snr4_seed20260827/noisy/1188-133604-0018.wav,16000,16000,1,1,184799,184799
1182,7729-102255-0040.wav,7729-102255-0040,data/librispeech_test_clean_musan_music_snr4_seed20260827/clean/7729-102255-0040.wav,data/librispeech_test_clean_musan_music_snr4_seed20260827/noisy/7729-102255-0040.wav,16000,16000,1,1,188160,188160
1183,4446-2275-0006.wav,4446-2275-0006,data/librispeech_test_clean_musan_music_snr4_seed20260827/clean/4446-2275-0006.wav,data/librispeech_test_clean_musan_music_snr4_seed20260827/noisy/4446-2275-0006.wav,16000,16000,1,1,56640,56640
1184,1995-1826-0012.wav,1995-1826-0012,data/librispeech_test_clean_musan_music_snr4_seed20260827/clean/1995-1826-0012.wav,data/librispeech_test_clean_musan_music_snr4_seed20260827/noisy/1995-1826-0012.wav,16000,16000,1,1,98880,98880
1185,8463-294825-0003.wav,8463-294825-0003,data/librispeech_test_clean_musan_music_snr4_seed20260827/clean/8463-294825-0003.wav,data/librispeech_test_clean_musan_music_snr4_seed20260827/noisy/8463-294825-0003.wav,16000,16000,1,1,158960,158960
1186,8455-210777-0030.wav,8455-210777-0030,data/librispeech_test_clean_musan_music_snr4_seed20260827/clean/8455-210777-0030.wav,data/librispeech_test_clean_musan_music_snr4_seed20260827/noisy/8455-210777-0030.wav,16000,16000,1,1,205520,205520
1187,3729-6852-0040.wav,3729-6852-0040,data/librispeech_test_clean_musan_music_snr4_seed20260827/clean/3729-6852-0040.wav,data/librispeech_test_clean_musan_music_snr4_seed20260827/noisy/3729-6852-0040.wav,16000,16000,1,1,170560,170560
1188,8555-284447-0001.wav,8555-284447-0001,data/librispeech_test_clean_musan_music_snr4_seed20260827/clean/8555-284447-0001.wav,data/librispeech_test_clean_musan_music_snr4_seed20260827/noisy/8555-284447-0001.wav,16000,16000,1,1,137760,137760
1189,1320-122617-0014.wav,1320-122617-0014,data/librispeech_test_clean_musan_music_snr4_seed20260827/clean/1320-122617-0014.wav,data/librispeech_test_clean_musan_music_snr4_seed20260827/noisy/1320-122617-0014.wav,16000,16000,1,1,78400,78400
1190,1995-1837-0008.wav,1995-1837-0008,data/librispeech_test_clean_musan_music_snr4_seed20260827/clean/1995-1837-0008.wav,data/librispeech_test_clean_musan_music_snr4_seed20260827/noisy/1995-1837-0008.wav,16000,16000,1,1,31280,31280
1191,237-126133-0003.wav,237-126133-0003,data/librispeech_test_clean_musan_music_snr4_seed20260827/clean/237-126133-0003.wav,data/librispeech_test_clean_musan_music_snr4_seed20260827/noisy/237-126133-0003.wav,16000,16000,1,1,104960,104960
1192,237-126133-0022.wav,237-126133-0022,data/librispeech_test_clean_musan_music_snr4_seed20260827/clean/237-126133-0022.wav,data/librispeech_test_clean_musan_music_snr4_seed20260827/noisy/237-126133-0022.wav,16000,16000,1,1,80640,80640
1193,3729-6852-0004.wav,3729-6852-0004,data/librispeech_test_clean_musan_music_snr4_seed20260827/clean/3729-6852-0004.wav,data/librispeech_test_clean_musan_music_snr4_seed20260827/noisy/3729-6852-0004.wav,16000,16000,1,1,263360,263360
1194,8463-294825-0004.wav,8463-294825-0004,data/librispeech_test_clean_musan_music_snr4_seed20260827/clean/8463-294825-0004.wav,data/librispeech_test_clean_musan_music_snr4_seed20260827/noisy/8463-294825-0004.wav,16000,16000,1,1,58880,58880
1195,4970-29093-0007.wav,4970-29093-0007,data/librispeech_test_clean_musan_music_snr4_seed20260827/clean/4970-29093-0007.wav,data/librispeech_test_clean_musan_music_snr4_seed20260827/noisy/4970-29093-0007.wav,16000,16000,1,1,111920,111920
1196,7127-75947-0024.wav,7127-75947-0024,data/librispeech_test_clean_musan_music_snr4_seed20260827/clean/7127-75947-0024.wav,data/librispeech_test_clean_musan_music_snr4_seed20260827/noisy/7127-75947-0024.wav,16000,16000,1,1,117280,117280
1197,1284-1180-0002.wav,1284-1180-0002,data/librispeech_test_clean_musan_music_snr4_seed20260827/clean/1284-1180-0002.wav,data/librispeech_test_clean_musan_music_snr4_seed20260827/noisy/1284-1180-0002.wav,16000,16000,1,1,122880,122880
1198,2300-131720-0039.wav,2300-131720-0039,data/librispeech_test_clean_musan_music_snr4_seed20260827/clean/2300-131720-0039.wav,data/librispeech_test_clean_musan_music_snr4_seed20260827/noisy/2300-131720-0039.wav,16000,16000,1,1,38160,38160
1199,6829-68769-0021.wav,6829-68769-0021,data/librispeech_test_clean_musan_music_snr4_seed20260827/clean/6829-68769-0021.wav,data/librispeech_test_clean_musan_music_snr4_seed20260827/noisy/6829-68769-0021.wav,16000,16000,1,1,126320,126320
1200,4507-16021-0004.wav,4507-16021-0004,data/librispeech_test_clean_musan_music_snr4_seed20260827/clean/4507-16021-0004.wav,data/librispeech_test_clean_musan_music_snr4_seed20260827/noisy/4507-16021-0004.wav,16000,16000,1,1,34160,34160
1201,908-31957-0017.wav,908-31957-0017,data/librispeech_test_clean_musan_music_snr4_seed20260827/clean/908-31957-0017.wav,data/librispeech_test_clean_musan_music_snr4_seed20260827/noisy/908-31957-0017.wav,16000,16000,1,1,124720,124720
1202,1320-122617-0019.wav,1320-122617-0019,data/librispeech_test_clean_musan_music_snr4_seed20260827/clean/1320-122617-0019.wav,data/librispeech_test_clean_musan_music_snr4_seed20260827/noisy/1320-122617-0019.wav,16000,16000,1,1,131680,131680
1203,672-122797-0037.wav,672-122797-0037,data/librispeech_test_clean_musan_music_snr4_seed20260827/clean/672-122797-0037.wav,data/librispeech_test_clean_musan_music_snr4_seed20260827/noisy/672-122797-0037.wav,16000,16000,1,1,31360,31360
1204,8224-274381-0000.wav,8224-274381-0000,data/librispeech_test_clean_musan_music_snr4_seed20260827/clean/8224-274381-0000.wav,data/librispeech_test_clean_musan_music_snr4_seed20260827/noisy/8224-274381-0000.wav,16000,16000,1,1,283840,283840
1205,8230-279154-0023.wav,8230-279154-0023,data/librispeech_test_clean_musan_music_snr4_seed20260827/clean/8230-279154-0023.wav,data/librispeech_test_clean_musan_music_snr4_seed20260827/noisy/8230-279154-0023.wav,16000,16000,1,1,100240,100240
1206,8463-294828-0036.wav,8463-294828-0036,data/librispeech_test_clean_musan_music_snr4_seed20260827/clean/8463-294828-0036.wav,data/librispeech_test_clean_musan_music_snr4_seed20260827/noisy/8463-294828-0036.wav,16000,16000,1,1,111760,111760
1207,7729-102255-0038.wav,7729-102255-0038,data/librispeech_test_clean_musan_music_snr4_seed20260827/clean/7729-102255-0038.wav,data/librispeech_test_clean_musan_music_snr4_seed20260827/noisy/7729-102255-0038.wav,16000,16000,1,1,126720,126720
1208,7176-92135-0014.wav,7176-92135-0014,data/librispeech_test_clean_musan_music_snr4_seed20260827/clean/7176-92135-0014.wav,data/librispeech_test_clean_musan_music_snr4_seed20260827/noisy/7176-92135-0014.wav,16000,16000,1,1,256320,256320
1209,6829-68769-0036.wav,6829-68769-0036,data/librispeech_test_clean_musan_music_snr4_seed20260827/clean/6829-68769-0036.wav,data/librispeech_test_clean_musan_music_snr4_seed20260827/noisy/6829-68769-0036.wav,16000,16000,1,1,88880,88880
1210,6930-76324-0028.wav,6930-76324-0028,data/librispeech_test_clean_musan_music_snr4_seed20260827/clean/6930-76324-0028.wav,data/librispeech_test_clean_musan_music_snr4_seed20260827/noisy/6930-76324-0028.wav,16000,16000,1,1,158000,158000
1211,121-127105-0027.wav,121-127105-0027,data/librispeech_test_clean_musan_music_snr4_seed20260827/clean/121-127105-0027.wav,data/librispeech_test_clean_musan_music_snr4_seed20260827/noisy/121-127105-0027.wav,16000,16000,1,1,221920,221920
1212,7021-85628-0017.wav,7021-85628-0017,data/librispeech_test_clean_musan_music_snr4_seed20260827/clean/7021-85628-0017.wav,data/librispeech_test_clean_musan_music_snr4_seed20260827/noisy/7021-85628-0017.wav,16000,16000,1,1,34480,34480
1213,7176-92135-0022.wav,7176-92135-0022,data/librispeech_test_clean_musan_music_snr4_seed20260827/clean/7176-92135-0022.wav,data/librispeech_test_clean_musan_music_snr4_seed20260827/noisy/7176-92135-0022.wav,16000,16000,1,1,131680,131680
1214,7021-79730-0003.wav,7021-79730-0003,data/librispeech_test_clean_musan_music_snr4_seed20260827/clean/7021-79730-0003.wav,data/librispeech_test_clean_musan_music_snr4_seed20260827/noisy/7021-79730-0003.wav,16000,16000,1,1,526080,526080
1215,1089-134691-0004.wav,1089-134691-0004,data/librispeech_test_clean_musan_music_snr4_seed20260827/clean/1089-134691-0004.wav,data/librispeech_test_clean_musan_music_snr4_seed20260827/noisy/1089-134691-0004.wav,16000,16000,1,1,82801,82801
1216,4507-16021-0023.wav,4507-16021-0023,data/librispeech_test_clean_musan_music_snr4_seed20260827/clean/4507-16021-0023.wav,data/librispeech_test_clean_musan_music_snr4_seed20260827/noisy/4507-16021-0023.wav,16000,16000,1,1,193120,193120
1217,2961-960-0009.wav,2961-960-0009,data/librispeech_test_clean_musan_music_snr4_seed20260827/clean/2961-960-0009.wav,data/librispeech_test_clean_musan_music_snr4_seed20260827/noisy/2961-960-0009.wav,16000,16000,1,1,189760,189760
1218,2961-961-0022.wav,2961-961-0022,data/librispeech_test_clean_musan_music_snr4_seed20260827/clean/2961-961-0022.wav,data/librispeech_test_clean_musan_music_snr4_seed20260827/noisy/2961-961-0022.wav,16000,16000,1,1,415760,415760
1219,260-123286-0011.wav,260-123286-0011,data/librispeech_test_clean_musan_music_snr4_seed20260827/clean/260-123286-0011.wav,data/librispeech_test_clean_musan_music_snr4_seed20260827/noisy/260-123286-0011.wav,16000,16000,1,1,68080,68080
1220,61-70968-0012.wav,61-70968-0012,data/librispeech_test_clean_musan_music_snr4_seed20260827/clean/61-70968-0012.wav,data/librispeech_test_clean_musan_music_snr4_seed20260827/noisy/61-70968-0012.wav,16000,16000,1,1,41760,41760
1221,1221-135767-0010.wav,1221-135767-0010,data/librispeech_test_clean_musan_music_snr4_seed20260827/clean/1221-135767-0010.wav,data/librispeech_test_clean_musan_music_snr4_seed20260827/noisy/1221-135767-0010.wav,16000,16000,1,1,131200,131200
1222,5142-33396-0024.wav,5142-33396-0024,data/librispeech_test_clean_musan_music_snr4_seed20260827/clean/5142-33396-0024.wav,data/librispeech_test_clean_musan_music_snr4_seed20260827/noisy/5142-33396-0024.wav,16000,16000,1,1,85520,85520
1223,260-123288-0011.wav,260-123288-0011,data/librispeech_test_clean_musan_music_snr4_seed20260827/clean/260-123288-0011.wav,data/librispeech_test_clean_musan_music_snr4_seed20260827/noisy/260-123288-0011.wav,16000,16000,1,1,143680,143680
1224,4992-23283-0020.wav,4992-23283-0020,data/librispeech_test_clean_musan_music_snr4_seed20260827/clean/4992-23283-0020.wav,data/librispeech_test_clean_musan_music_snr4_seed20260827/noisy/4992-23283-0020.wav,16000,16000,1,1,166720,166720
1225,3570-5696-0006.wav,3570-5696-0006,data/librispeech_test_clean_musan_music_snr4_seed20260827/clean/3570-5696-0006.wav,data/librispeech_test_clean_musan_music_snr4_seed20260827/noisy/3570-5696-0006.wav,16000,16000,1,1,66560,66560
1226,8463-287645-0000.wav,8463-287645-0000,data/librispeech_test_clean_musan_music_snr4_seed20260827/clean/8463-287645-0000.wav,data/librispeech_test_clean_musan_music_snr4_seed20260827/noisy/8463-287645-0000.wav,16000,16000,1,1,75680,75680
1227,8455-210777-0027.wav,8455-210777-0027,data/librispeech_test_clean_musan_music_snr4_seed20260827/clean/8455-210777-0027.wav,data/librispeech_test_clean_musan_music_snr4_seed20260827/noisy/8455-210777-0027.wav,16000,16000,1,1,202000,202000
1228,7729-102255-0033.wav,7729-102255-0033,data/librispeech_test_clean_musan_music_snr4_seed20260827/clean/7729-102255-0033.wav,data/librispeech_test_clean_musan_music_snr4_seed20260827/noisy/7729-102255-0033.wav,16000,16000,1,1,108400,108400
1229,3575-170457-0017.wav,3575-170457-0017,data/librispeech_test_clean_musan_music_snr4_seed20260827/clean/3575-170457-0017.wav,data/librispeech_test_clean_musan_music_snr4_seed20260827/noisy/3575-170457-0017.wav,16000,16000,1,1,203680,203680
1230,672-122797-0031.wav,672-122797-0031,data/librispeech_test_clean_musan_music_snr4_seed20260827/clean/672-122797-0031.wav,data/librispeech_test_clean_musan_music_snr4_seed20260827/noisy/672-122797-0031.wav,16000,16000,1,1,63680,63680
1231,2094-142345-0028.wav,2094-142345-0028,data/librispeech_test_clean_musan_music_snr4_seed20260827/clean/2094-142345-0028.wav,data/librispeech_test_clean_musan_music_snr4_seed20260827/noisy/2094-142345-0028.wav,16000,16000,1,1,109440,109440
1232,237-134493-0018.wav,237-134493-0018,data/librispeech_test_clean_musan_music_snr4_seed20260827/clean/237-134493-0018.wav,data/librispeech_test_clean_musan_music_snr4_seed20260827/noisy/237-134493-0018.wav,16000,16000,1,1,76640,76640
1233,1089-134686-0006.wav,1089-134686-0006,data/librispeech_test_clean_musan_music_snr4_seed20260827/clean/1089-134686-0006.wav,data/librispeech_test_clean_musan_music_snr4_seed20260827/noisy/1089-134686-0006.wav,16000,16000,1,1,168880,168880
1234,5683-32866-0013.wav,5683-32866-0013,data/librispeech_test_clean_musan_music_snr4_seed20260827/clean/5683-32866-0013.wav,data/librispeech_test_clean_musan_music_snr4_seed20260827/noisy/5683-32866-0013.wav,16000,16000,1,1,158880,158880
1235,5683-32879-0009.wav,5683-32879-0009,data/librispeech_test_clean_musan_music_snr4_seed20260827/clean/5683-32879-0009.wav,data/librispeech_test_clean_musan_music_snr4_seed20260827/noisy/5683-32879-0009.wav,16000,16000,1,1,82160,82160
1236,5683-32879-0021.wav,5683-32879-0021,data/librispeech_test_clean_musan_music_snr4_seed20260827/clean/5683-32879-0021.wav,data/librispeech_test_clean_musan_music_snr4_seed20260827/noisy/5683-32879-0021.wav,16000,16000,1,1,65440,65440
1237,7127-75946-0007.wav,7127-75946-0007,data/librispeech_test_clean_musan_music_snr4_seed20260827/clean/7127-75946-0007.wav,data/librispeech_test_clean_musan_music_snr4_seed20260827/noisy/7127-75946-0007.wav,16000,16000,1,1,76080,76080
1238,6829-68771-0029.wav,6829-68771-0029,data/librispeech_test_clean_musan_music_snr4_seed20260827/clean/6829-68771-0029.wav,data/librispeech_test_clean_musan_music_snr4_seed20260827/noisy/6829-68771-0029.wav,16000,16000,1,1,143120,143120
1239,3570-5696-0010.wav,3570-5696-0010,data/librispeech_test_clean_musan_music_snr4_seed20260827/clean/3570-5696-0010.wav,data/librispeech_test_clean_musan_music_snr4_seed20260827/noisy/3570-5696-0010.wav,16000,16000,1,1,121120,121120
1240,3570-5696-0003.wav,3570-5696-0003,data/librispeech_test_clean_musan_music_snr4_seed20260827/clean/3570-5696-0003.wav,data/librispeech_test_clean_musan_music_snr4_seed20260827/noisy/3570-5696-0003.wav,16000,16000,1,1,401840,401840
1241,908-31957-0005.wav,908-31957-0005,data/librispeech_test_clean_musan_music_snr4_seed20260827/clean/908-31957-0005.wav,data/librispeech_test_clean_musan_music_snr4_seed20260827/noisy/908-31957-0005.wav,16000,16000,1,1,71840,71840
1242,7127-75947-0014.wav,7127-75947-0014,data/librispeech_test_clean_musan_music_snr4_seed20260827/clean/7127-75947-0014.wav,data/librispeech_test_clean_musan_music_snr4_seed20260827/noisy/7127-75947-0014.wav,16000,16000,1,1,161840,161840
1243,8555-284449-0013.wav,8555-284449-0013,data/librispeech_test_clean_musan_music_snr4_seed20260827/clean/8555-284449-0013.wav,data/librispeech_test_clean_musan_music_snr4_seed20260827/noisy/8555-284449-0013.wav,16000,16000,1,1,92400,92400
1244,1995-1826-0010.wav,1995-1826-0010,data/librispeech_test_clean_musan_music_snr4_seed20260827/clean/1995-1826-0010.wav,data/librispeech_test_clean_musan_music_snr4_seed20260827/noisy/1995-1826-0010.wav,16000,16000,1,1,39120,39120
1245,8555-284449-0010.wav,8555-284449-0010,data/librispeech_test_clean_musan_music_snr4_seed20260827/clean/8555-284449-0010.wav,data/librispeech_test_clean_musan_music_snr4_seed20260827/noisy/8555-284449-0010.wav,16000,16000,1,1,40160,40160
1246,3729-6852-0022.wav,3729-6852-0022,data/librispeech_test_clean_musan_music_snr4_seed20260827/clean/3729-6852-0022.wav,data/librispeech_test_clean_musan_music_snr4_seed20260827/noisy/3729-6852-0022.wav,16000,16000,1,1,133040,133040
1247,5142-33396-0030.wav,5142-33396-0030,data/librispeech_test_clean_musan_music_snr4_seed20260827/clean/5142-33396-0030.wav,data/librispeech_test_clean_musan_music_snr4_seed20260827/noisy/5142-33396-0030.wav,16000,16000,1,1,44240,44240
1248,7176-88083-0017.wav,7176-88083-0017,data/librispeech_test_clean_musan_music_snr4_seed20260827/clean/7176-88083-0017.wav,data/librispeech_test_clean_musan_music_snr4_seed20260827/noisy/7176-88083-0017.wav,16000,16000,1,1,58560,58560
1249,8463-287645-0004.wav,8463-287645-0004,data/librispeech_test_clean_musan_music_snr4_seed20260827/clean/8463-287645-0004.wav,data/librispeech_test_clean_musan_music_snr4_seed20260827/noisy/8463-287645-0004.wav,16000,16000,1,1,97600,97600
1250,4992-41806-0015.wav,4992-41806-0015,data/librispeech_test_clean_musan_music_snr4_seed20260827/clean/4992-41806-0015.wav,data/librispeech_test_clean_musan_music_snr4_seed20260827/noisy/4992-41806-0015.wav,16000,16000,1,1,199040,199040
1251,4970-29095-0025.wav,4970-29095-0025,data/librispeech_test_clean_musan_music_snr4_seed20260827/clean/4970-29095-0025.wav,data/librispeech_test_clean_musan_music_snr4_seed20260827/noisy/4970-29095-0025.wav,16000,16000,1,1,61280,61280
1252,2830-3980-0011.wav,2830-3980-0011,data/librispeech_test_clean_musan_music_snr4_seed20260827/clean/2830-3980-0011.wav,data/librispeech_test_clean_musan_music_snr4_seed20260827/noisy/2830-3980-0011.wav,16000,16000,1,1,88400,88400
1253,5142-33396-0016.wav,5142-33396-0016,data/librispeech_test_clean_musan_music_snr4_seed20260827/clean/5142-33396-0016.wav,data/librispeech_test_clean_musan_music_snr4_seed20260827/noisy/5142-33396-0016.wav,16000,16000,1,1,34640,34640
1254,4992-23283-0019.wav,4992-23283-0019,data/librispeech_test_clean_musan_music_snr4_seed20260827/clean/4992-23283-0019.wav,data/librispeech_test_clean_musan_music_snr4_seed20260827/noisy/4992-23283-0019.wav,16000,16000,1,1,105360,105360
1255,5683-32879-0018.wav,5683-32879-0018,data/librispeech_test_clean_musan_music_snr4_seed20260827/clean/5683-32879-0018.wav,data/librispeech_test_clean_musan_music_snr4_seed20260827/noisy/5683-32879-0018.wav,16000,16000,1,1,119040,119040
1256,5142-33396-0025.wav,5142-33396-0025,data/librispeech_test_clean_musan_music_snr4_seed20260827/clean/5142-33396-0025.wav,data/librispeech_test_clean_musan_music_snr4_seed20260827/noisy/5142-33396-0025.wav,16000,16000,1,1,53120,53120
1257,7729-102255-0026.wav,7729-102255-0026,data/librispeech_test_clean_musan_music_snr4_seed20260827/clean/7729-102255-0026.wav,data/librispeech_test_clean_musan_music_snr4_seed20260827/noisy/7729-102255-0026.wav,16000,16000,1,1,240960,240960
1258,8230-279154-0034.wav,8230-279154-0034,data/librispeech_test_clean_musan_music_snr4_seed20260827/clean/8230-279154-0034.wav,data/librispeech_test_clean_musan_music_snr4_seed20260827/noisy/8230-279154-0034.wav,16000,16000,1,1,232160,232160
1259,4446-2271-0003.wav,4446-2271-0003,data/librispeech_test_clean_musan_music_snr4_seed20260827/clean/4446-2271-0003.wav,data/librispeech_test_clean_musan_music_snr4_seed20260827/noisy/4446-2271-0003.wav,16000,16000,1,1,59200,59200
1260,7176-92135-0000.wav,7176-92135-0000,data/librispeech_test_clean_musan_music_snr4_seed20260827/clean/7176-92135-0000.wav,data/librispeech_test_clean_musan_music_snr4_seed20260827/noisy/7176-92135-0000.wav,16000,16000,1,1,231040,231040
1261,237-134500-0000.wav,237-134500-0000,data/librispeech_test_clean_musan_music_snr4_seed20260827/clean/237-134500-0000.wav,data/librispeech_test_clean_musan_music_snr4_seed20260827/noisy/237-134500-0000.wav,16000,16000,1,1,98080,98080
1262,7127-75946-0015.wav,7127-75946-0015,data/librispeech_test_clean_musan_music_snr4_seed20260827/clean/7127-75946-0015.wav,data/librispeech_test_clean_musan_music_snr4_seed20260827/noisy/7127-75946-0015.wav,16000,16000,1,1,120240,120240
1263,1188-133604-0003.wav,1188-133604-0003,data/librispeech_test_clean_musan_music_snr4_seed20260827/clean/1188-133604-0003.wav,data/librispeech_test_clean_musan_music_snr4_seed20260827/noisy/1188-133604-0003.wav,16000,16000,1,1,201760,201760
1264,121-121726-0003.wav,121-121726-0003,data/librispeech_test_clean_musan_music_snr4_seed20260827/clean/121-121726-0003.wav,data/librispeech_test_clean_musan_music_snr4_seed20260827/noisy/121-121726-0003.wav,16000,16000,1,1,108080,108080
1265,4077-13754-0011.wav,4077-13754-0011,data/librispeech_test_clean_musan_music_snr4_seed20260827/clean/4077-13754-0011.wav,data/librispeech_test_clean_musan_music_snr4_seed20260827/noisy/4077-13754-0011.wav,16000,16000,1,1,226080,226080
1266,4992-41797-0011.wav,4992-41797-0011,data/librispeech_test_clean_musan_music_snr4_seed20260827/clean/4992-41797-0011.wav,data/librispeech_test_clean_musan_music_snr4_seed20260827/noisy/4992-41797-0011.wav,16000,16000,1,1,87120,87120
1267,8455-210777-0059.wav,8455-210777-0059,data/librispeech_test_clean_musan_music_snr4_seed20260827/clean/8455-210777-0059.wav,data/librispeech_test_clean_musan_music_snr4_seed20260827/noisy/8455-210777-0059.wav,16000,16000,1,1,88560,88560
1268,3575-170457-0054.wav,3575-170457-0054,data/librispeech_test_clean_musan_music_snr4_seed20260827/clean/3575-170457-0054.wav,data/librispeech_test_clean_musan_music_snr4_seed20260827/noisy/3575-170457-0054.wav,16000,16000,1,1,128080,128080
1269,2094-142345-0021.wav,2094-142345-0021,data/librispeech_test_clean_musan_music_snr4_seed20260827/clean/2094-142345-0021.wav,data/librispeech_test_clean_musan_music_snr4_seed20260827/noisy/2094-142345-0021.wav,16000,16000,1,1,85360,85360
1270,6930-81414-0021.wav,6930-81414-0021,data/librispeech_test_clean_musan_music_snr4_seed20260827/clean/6930-81414-0021.wav,data/librispeech_test_clean_musan_music_snr4_seed20260827/noisy/6930-81414-0021.wav,16000,16000,1,1,51600,51600
1271,61-70968-0007.wav,61-70968-0007,data/librispeech_test_clean_musan_music_snr4_seed20260827/clean/61-70968-0007.wav,data/librispeech_test_clean_musan_music_snr4_seed20260827/noisy/61-70968-0007.wav,16000,16000,1,1,56800,56800
1272,4446-2273-0008.wav,4446-2273-0008,data/librispeech_test_clean_musan_music_snr4_seed20260827/clean/4446-2273-0008.wav,data/librispeech_test_clean_musan_music_snr4_seed20260827/noisy/4446-2273-0008.wav,16000,16000,1,1,123440,123440
1273,672-122797-0036.wav,672-122797-0036,data/librispeech_test_clean_musan_music_snr4_seed20260827/clean/672-122797-0036.wav,data/librispeech_test_clean_musan_music_snr4_seed20260827/noisy/672-122797-0036.wav,16000,16000,1,1,85840,85840
1274,8463-294828-0004.wav,8463-294828-0004,data/librispeech_test_clean_musan_music_snr4_seed20260827/clean/8463-294828-0004.wav,data/librispeech_test_clean_musan_music_snr4_seed20260827/noisy/8463-294828-0004.wav,16000,16000,1,1,37440,37440
1275,1320-122617-0021.wav,1320-122617-0021,data/librispeech_test_clean_musan_music_snr4_seed20260827/clean/1320-122617-0021.wav,data/librispeech_test_clean_musan_music_snr4_seed20260827/noisy/1320-122617-0021.wav,16000,16000,1,1,85360,85360
1276,908-157963-0003.wav,908-157963-0003,data/librispeech_test_clean_musan_music_snr4_seed20260827/clean/908-157963-0003.wav,data/librispeech_test_clean_musan_music_snr4_seed20260827/noisy/908-157963-0003.wav,16000,16000,1,1,49280,49280
1277,5639-40744-0040.wav,5639-40744-0040,data/librispeech_test_clean_musan_music_snr4_seed20260827/clean/5639-40744-0040.wav,data/librispeech_test_clean_musan_music_snr4_seed20260827/noisy/5639-40744-0040.wav,16000,16000,1,1,200160,200160
1278,5683-32866-0023.wav,5683-32866-0023,data/librispeech_test_clean_musan_music_snr4_seed20260827/clean/5683-32866-0023.wav,data/librispeech_test_clean_musan_music_snr4_seed20260827/noisy/5683-32866-0023.wav,16000,16000,1,1,43920,43920
1279,1284-1181-0016.wav,1284-1181-0016,data/librispeech_test_clean_musan_music_snr4_seed20260827/clean/1284-1181-0016.wav,data/librispeech_test_clean_musan_music_snr4_seed20260827/noisy/1284-1181-0016.wav,16000,16000,1,1,152240,152240
1280,2830-3980-0023.wav,2830-3980-0023,data/librispeech_test_clean_musan_music_snr4_seed20260827/clean/2830-3980-0023.wav,data/librispeech_test_clean_musan_music_snr4_seed20260827/noisy/2830-3980-0023.wav,16000,16000,1,1,98560,98560
1281,672-122797-0060.wav,672-122797-0060,data/librispeech_test_clean_musan_music_snr4_seed20260827/clean/672-122797-0060.wav,data/librispeech_test_clean_musan_music_snr4_seed20260827/noisy/672-122797-0060.wav,16000,16000,1,1,53600,53600
1282,121-121726-0002.wav,121-121726-0002,data/librispeech_test_clean_musan_music_snr4_seed20260827/clean/121-121726-0002.wav,data/librispeech_test_clean_musan_music_snr4_seed20260827/noisy/121-121726-0002.wav,16000,16000,1,1,70560,70560
1283,908-157963-0021.wav,908-157963-0021,data/librispeech_test_clean_musan_music_snr4_seed20260827/clean/908-157963-0021.wav,data/librispeech_test_clean_musan_music_snr4_seed20260827/noisy/908-157963-0021.wav,16000,16000,1,1,163840,163840
1284,7127-75947-0001.wav,7127-75947-0001,data/librispeech_test_clean_musan_music_snr4_seed20260827/clean/7127-75947-0001.wav,data/librispeech_test_clean_musan_music_snr4_seed20260827/noisy/7127-75947-0001.wav,16000,16000,1,1,106240,106240
1285,1284-1181-0017.wav,1284-1181-0017,data/librispeech_test_clean_musan_music_snr4_seed20260827/clean/1284-1181-0017.wav,data/librispeech_test_clean_musan_music_snr4_seed20260827/noisy/1284-1181-0017.wav,16000,16000,1,1,188400,188400
1286,4077-13754-0003.wav,4077-13754-0003,data/librispeech_test_clean_musan_music_snr4_seed20260827/clean/4077-13754-0003.wav,data/librispeech_test_clean_musan_music_snr4_seed20260827/noisy/4077-13754-0003.wav,16000,16000,1,1,90880,90880
1287,4446-2271-0014.wav,4446-2271-0014,data/librispeech_test_clean_musan_music_snr4_seed20260827/clean/4446-2271-0014.wav,data/librispeech_test_clean_musan_music_snr4_seed20260827/noisy/4446-2271-0014.wav,16000,16000,1,1,85440,85440
1288,672-122797-0069.wav,672-122797-0069,data/librispeech_test_clean_musan_music_snr4_seed20260827/clean/672-122797-0069.wav,data/librispeech_test_clean_musan_music_snr4_seed20260827/noisy/672-122797-0069.wav,16000,16000,1,1,80160,80160
1289,8230-279154-0031.wav,8230-279154-0031,data/librispeech_test_clean_musan_music_snr4_seed20260827/clean/8230-279154-0031.wav,data/librispeech_test_clean_musan_music_snr4_seed20260827/noisy/8230-279154-0031.wav,16000,16000,1,1,202640,202640
1290,5639-40744-0001.wav,5639-40744-0001,data/librispeech_test_clean_musan_music_snr4_seed20260827/clean/5639-40744-0001.wav,data/librispeech_test_clean_musan_music_snr4_seed20260827/noisy/5639-40744-0001.wav,16000,16000,1,1,199040,199040
1291,5683-32866-0021.wav,5683-32866-0021,data/librispeech_test_clean_musan_music_snr4_seed20260827/clean/5683-32866-0021.wav,data/librispeech_test_clean_musan_music_snr4_seed20260827/noisy/5683-32866-0021.wav,16000,16000,1,1,126400,126400
1292,8455-210777-0044.wav,8455-210777-0044,data/librispeech_test_clean_musan_music_snr4_seed20260827/clean/8455-210777-0044.wav,data/librispeech_test_clean_musan_music_snr4_seed20260827/noisy/8455-210777-0044.wav,16000,16000,1,1,114720,114720
1293,260-123440-0020.wav,260-123440-0020,data/librispeech_test_clean_musan_music_snr4_seed20260827/clean/260-123440-0020.wav,data/librispeech_test_clean_musan_music_snr4_seed20260827/noisy/260-123440-0020.wav,16000,16000,1,1,79920,79920
1294,5142-33396-0059.wav,5142-33396-0059,data/librispeech_test_clean_musan_music_snr4_seed20260827/clean/5142-33396-0059.wav,data/librispeech_test_clean_musan_music_snr4_seed20260827/noisy/5142-33396-0059.wav,16000,16000,1,1,87520,87520
1295,4507-16021-0013.wav,4507-16021-0013,data/librispeech_test_clean_musan_music_snr4_seed20260827/clean/4507-16021-0013.wav,data/librispeech_test_clean_musan_music_snr4_seed20260827/noisy/4507-16021-0013.wav,16000,16000,1,1,167040,167040
1296,3575-170457-0031.wav,3575-170457-0031,data/librispeech_test_clean_musan_music_snr4_seed20260827/clean/3575-170457-0031.wav,data/librispeech_test_clean_musan_music_snr4_seed20260827/noisy/3575-170457-0031.wav,16000,16000,1,1,64000,64000
1297,1089-134691-0003.wav,1089-134691-0003,data/librispeech_test_clean_musan_music_snr4_seed20260827/clean/1089-134691-0003.wav,data/librispeech_test_clean_musan_music_snr4_seed20260827/noisy/1089-134691-0003.wav,16000,16000,1,1,34800,34800
1298,7729-102255-0036.wav,7729-102255-0036,data/librispeech_test_clean_musan_music_snr4_seed20260827/clean/7729-102255-0036.wav,data/librispeech_test_clean_musan_music_snr4_seed20260827/noisy/7729-102255-0036.wav,16000,16000,1,1,123280,123280
1299,4077-13754-0014.wav,4077-13754-0014,data/librispeech_test_clean_musan_music_snr4_seed20260827/clean/4077-13754-0014.wav,data/librispeech_test_clean_musan_music_snr4_seed20260827/noisy/4077-13754-0014.wav,16000,16000,1,1,175520,175520
1300,5142-33396-0056.wav,5142-33396-0056,data/librispeech_test_clean_musan_music_snr4_seed20260827/clean/5142-33396-0056.wav,data/librispeech_test_clean_musan_music_snr4_seed20260827/noisy/5142-33396-0056.wav,16000,16000,1,1,49120,49120
1301,4446-2273-0036.wav,4446-2273-0036,data/librispeech_test_clean_musan_music_snr4_seed20260827/clean/4446-2273-0036.wav,data/librispeech_test_clean_musan_music_snr4_seed20260827/noisy/4446-2273-0036.wav,16000,16000,1,1,49920,49920
1302,8555-292519-0014.wav,8555-292519-0014,data/librispeech_test_clean_musan_music_snr4_seed20260827/clean/8555-292519-0014.wav,data/librispeech_test_clean_musan_music_snr4_seed20260827/noisy/8555-292519-0014.wav,16000,16000,1,1,38960,38960
1303,4446-2275-0045.wav,4446-2275-0045,data/librispeech_test_clean_musan_music_snr4_seed20260827/clean/4446-2275-0045.wav,data/librispeech_test_clean_musan_music_snr4_seed20260827/noisy/4446-2275-0045.wav,16000,16000,1,1,42160,42160
1304,4446-2271-0004.wav,4446-2271-0004,data/librispeech_test_clean_musan_music_snr4_seed20260827/clean/4446-2271-0004.wav,data/librispeech_test_clean_musan_music_snr4_seed20260827/noisy/4446-2271-0004.wav,16000,16000,1,1,192160,192160
1305,1089-134686-0014.wav,1089-134686-0014,data/librispeech_test_clean_musan_music_snr4_seed20260827/clean/1089-134686-0014.wav,data/librispeech_test_clean_musan_music_snr4_seed20260827/noisy/1089-134686-0014.wav,16000,16000,1,1,35600,35600
1306,5639-40744-0004.wav,5639-40744-0004,data/librispeech_test_clean_musan_music_snr4_seed20260827/clean/5639-40744-0004.wav,data/librispeech_test_clean_musan_music_snr4_seed20260827/noisy/5639-40744-0004.wav,16000,16000,1,1,199600,199600
1307,8455-210777-0066.wav,8455-210777-0066,data/librispeech_test_clean_musan_music_snr4_seed20260827/clean/8455-210777-0066.wav,data/librispeech_test_clean_musan_music_snr4_seed20260827/noisy/8455-210777-0066.wav,16000,16000,1,1,44160,44160
1308,4077-13751-0003.wav,4077-13751-0003,data/librispeech_test_clean_musan_music_snr4_seed20260827/clean/4077-13751-0003.wav,data/librispeech_test_clean_musan_music_snr4_seed20260827/noisy/4077-13751-0003.wav,16000,16000,1,1,267520,267520
1309,5142-33396-0050.wav,5142-33396-0050,data/librispeech_test_clean_musan_music_snr4_seed20260827/clean/5142-33396-0050.wav,data/librispeech_test_clean_musan_music_snr4_seed20260827/noisy/5142-33396-0050.wav,16000,16000,1,1,46160,46160
1310,237-126133-0012.wav,237-126133-0012,data/librispeech_test_clean_musan_music_snr4_seed20260827/clean/237-126133-0012.wav,data/librispeech_test_clean_musan_music_snr4_seed20260827/noisy/237-126133-0012.wav,16000,16000,1,1,71200,71200
1311,3570-5694-0009.wav,3570-5694-0009,data/librispeech_test_clean_musan_music_snr4_seed20260827/clean/3570-5694-0009.wav,data/librispeech_test_clean_musan_music_snr4_seed20260827/noisy/3570-5694-0009.wav,16000,16000,1,1,201680,201680
1312,61-70970-0014.wav,61-70970-0014,data/librispeech_test_clean_musan_music_snr4_seed20260827/clean/61-70970-0014.wav,data/librispeech_test_clean_musan_music_snr4_seed20260827/noisy/61-70970-0014.wav,16000,16000,1,1,54480,54480
1313,7021-85628-0000.wav,7021-85628-0000,data/librispeech_test_clean_musan_music_snr4_seed20260827/clean/7021-85628-0000.wav,data/librispeech_test_clean_musan_music_snr4_seed20260827/noisy/7021-85628-0000.wav,16000,16000,1,1,48320,48320
1314,7729-102255-0041.wav,7729-102255-0041,data/librispeech_test_clean_musan_music_snr4_seed20260827/clean/7729-102255-0041.wav,data/librispeech_test_clean_musan_music_snr4_seed20260827/noisy/7729-102255-0041.wav,16000,16000,1,1,198640,198640
1315,5683-32866-0028.wav,5683-32866-0028,data/librispeech_test_clean_musan_music_snr4_seed20260827/clean/5683-32866-0028.wav,data/librispeech_test_clean_musan_music_snr4_seed20260827/noisy/5683-32866-0028.wav,16000,16000,1,1,89920,89920
1316,3570-5696-0000.wav,3570-5696-0000,data/librispeech_test_clean_musan_music_snr4_seed20260827/clean/3570-5696-0000.wav,data/librispeech_test_clean_musan_music_snr4_seed20260827/noisy/3570-5696-0000.wav,16000,16000,1,1,182640,182640
1317,1580-141083-0004.wav,1580-141083-0004,data/librispeech_test_clean_musan_music_snr4_seed20260827/clean/1580-141083-0004.wav,data/librispeech_test_clean_musan_music_snr4_seed20260827/noisy/1580-141083-0004.wav,16000,16000,1,1,72240,72240
1318,7176-92135-0023.wav,7176-92135-0023,data/librispeech_test_clean_musan_music_snr4_seed20260827/clean/7176-92135-0023.wav,data/librispeech_test_clean_musan_music_snr4_seed20260827/noisy/7176-92135-0023.wav,16000,16000,1,1,99440,99440
1319,672-122797-0030.wav,672-122797-0030,data/librispeech_test_clean_musan_music_snr4_seed20260827/clean/672-122797-0030.wav,data/librispeech_test_clean_musan_music_snr4_seed20260827/noisy/672-122797-0030.wav,16000,16000,1,1,73200,73200
1320,237-126133-0001.wav,237-126133-0001,data/librispeech_test_clean_musan_music_snr4_seed20260827/clean/237-126133-0001.wav,data/librispeech_test_clean_musan_music_snr4_seed20260827/noisy/237-126133-0001.wav,16000,16000,1,1,191440,191440
1321,672-122797-0059.wav,672-122797-0059,data/librispeech_test_clean_musan_music_snr4_seed20260827/clean/672-122797-0059.wav,data/librispeech_test_clean_musan_music_snr4_seed20260827/noisy/672-122797-0059.wav,16000,16000,1,1,56320,56320
1322,5639-40744-0005.wav,5639-40744-0005,data/librispeech_test_clean_musan_music_snr4_seed20260827/clean/5639-40744-0005.wav,data/librispeech_test_clean_musan_music_snr4_seed20260827/noisy/5639-40744-0005.wav,16000,16000,1,1,90320,90320
1323,7021-85628-0020.wav,7021-85628-0020,data/librispeech_test_clean_musan_music_snr4_seed20260827/clean/7021-85628-0020.wav,data/librispeech_test_clean_musan_music_snr4_seed20260827/noisy/7021-85628-0020.wav,16000,16000,1,1,103200,103200
1324,1580-141084-0000.wav,1580-141084-0000,data/librispeech_test_clean_musan_music_snr4_seed20260827/clean/1580-141084-0000.wav,data/librispeech_test_clean_musan_music_snr4_seed20260827/noisy/1580-141084-0000.wav,16000,16000,1,1,73840,73840
1325,6930-81414-0020.wav,6930-81414-0020,data/librispeech_test_clean_musan_music_snr4_seed20260827/clean/6930-81414-0020.wav,data/librispeech_test_clean_musan_music_snr4_seed20260827/noisy/6930-81414-0020.wav,16000,16000,1,1,80000,80000
1326,260-123286-0020.wav,260-123286-0020,data/librispeech_test_clean_musan_music_snr4_seed20260827/clean/260-123286-0020.wav,data/librispeech_test_clean_musan_music_snr4_seed20260827/noisy/260-123286-0020.wav,16000,16000,1,1,48960,48960
1327,8555-292519-0005.wav,8555-292519-0005,data/librispeech_test_clean_musan_music_snr4_seed20260827/clean/8555-292519-0005.wav,data/librispeech_test_clean_musan_music_snr4_seed20260827/noisy/8555-292519-0005.wav,16000,16000,1,1,153200,153200
1328,4446-2275-0015.wav,4446-2275-0015,data/librispeech_test_clean_musan_music_snr4_seed20260827/clean/4446-2275-0015.wav,data/librispeech_test_clean_musan_music_snr4_seed20260827/noisy/4446-2275-0015.wav,16000,16000,1,1,47680,47680
1329,3575-170457-0023.wav,3575-170457-0023,data/librispeech_test_clean_musan_music_snr4_seed20260827/clean/3575-170457-0023.wav,data/librispeech_test_clean_musan_music_snr4_seed20260827/noisy/3575-170457-0023.wav,16000,16000,1,1,145520,145520
1330,7176-88083-0001.wav,7176-88083-0001,data/librispeech_test_clean_musan_music_snr4_seed20260827/clean/7176-88083-0001.wav,data/librispeech_test_clean_musan_music_snr4_seed20260827/noisy/7176-88083-0001.wav,16000,16000,1,1,265200,265200
1331,1580-141084-0049.wav,1580-141084-0049,data/librispeech_test_clean_musan_music_snr4_seed20260827/clean/1580-141084-0049.wav,data/librispeech_test_clean_musan_music_snr4_seed20260827/noisy/1580-141084-0049.wav,16000,16000,1,1,121200,121200
1332,1580-141083-0016.wav,1580-141083-0016,data/librispeech_test_clean_musan_music_snr4_seed20260827/clean/1580-141083-0016.wav,data/librispeech_test_clean_musan_music_snr4_seed20260827/noisy/1580-141083-0016.wav,16000,16000,1,1,68080,68080
1333,3570-5695-0004.wav,3570-5695-0004,data/librispeech_test_clean_musan_music_snr4_seed20260827/clean/3570-5695-0004.wav,data/librispeech_test_clean_musan_music_snr4_seed20260827/noisy/3570-5695-0004.wav,16000,16000,1,1,169600,169600
1334,1089-134686-0007.wav,1089-134686-0007,data/librispeech_test_clean_musan_music_snr4_seed20260827/clean/1089-134686-0007.wav,data/librispeech_test_clean_musan_music_snr4_seed20260827/noisy/1089-134686-0007.wav,16000,16000,1,1,68400,68400
1335,7176-92135-0043.wav,7176-92135-0043,data/librispeech_test_clean_musan_music_snr4_seed20260827/clean/7176-92135-0043.wav,data/librispeech_test_clean_musan_music_snr4_seed20260827/noisy/7176-92135-0043.wav,16000,16000,1,1,212480,212480
1336,2300-131720-0015.wav,2300-131720-0015,data/librispeech_test_clean_musan_music_snr4_seed20260827/clean/2300-131720-0015.wav,data/librispeech_test_clean_musan_music_snr4_seed20260827/noisy/2300-131720-0015.wav,16000,16000,1,1,142000,142000
1337,237-134500-0033.wav,237-134500-0033,data/librispeech_test_clean_musan_music_snr4_seed20260827/clean/237-134500-0033.wav,data/librispeech_test_clean_musan_music_snr4_seed20260827/noisy/237-134500-0033.wav,16000,16000,1,1,101600,101600
1338,1580-141083-0021.wav,1580-141083-0021,data/librispeech_test_clean_musan_music_snr4_seed20260827/clean/1580-141083-0021.wav,data/librispeech_test_clean_musan_music_snr4_seed20260827/noisy/1580-141083-0021.wav,16000,16000,1,1,59440,59440
1339,7729-102255-0002.wav,7729-102255-0002,data/librispeech_test_clean_musan_music_snr4_seed20260827/clean/7729-102255-0002.wav,data/librispeech_test_clean_musan_music_snr4_seed20260827/noisy/7729-102255-0002.wav,16000,16000,1,1,132800,132800
1340,2830-3980-0072.wav,2830-3980-0072,data/librispeech_test_clean_musan_music_snr4_seed20260827/clean/2830-3980-0072.wav,data/librispeech_test_clean_musan_music_snr4_seed20260827/noisy/2830-3980-0072.wav,16000,16000,1,1,77680,77680
1341,2094-142345-0058.wav,2094-142345-0058,data/librispeech_test_clean_musan_music_snr4_seed20260827/clean/2094-142345-0058.wav,data/librispeech_test_clean_musan_music_snr4_seed20260827/noisy/2094-142345-0058.wav,16000,16000,1,1,78880,78880
1342,2961-961-0017.wav,2961-961-0017,data/librispeech_test_clean_musan_music_snr4_seed20260827/clean/2961-961-0017.wav,data/librispeech_test_clean_musan_music_snr4_seed20260827/noisy/2961-961-0017.wav,16000,16000,1,1,155680,155680
1343,3575-170457-0025.wav,3575-170457-0025,data/librispeech_test_clean_musan_music_snr4_seed20260827/clean/3575-170457-0025.wav,data/librispeech_test_clean_musan_music_snr4_seed20260827/noisy/3575-170457-0025.wav,16000,16000,1,1,147280,147280
1344,5683-32866-0000.wav,5683-32866-0000,data/librispeech_test_clean_musan_music_snr4_seed20260827/clean/5683-32866-0000.wav,data/librispeech_test_clean_musan_music_snr4_seed20260827/noisy/5683-32866-0000.wav,16000,16000,1,1,42320,42320
1345,8463-294828-0035.wav,8463-294828-0035,data/librispeech_test_clean_musan_music_snr4_seed20260827/clean/8463-294828-0035.wav,data/librispeech_test_clean_musan_music_snr4_seed20260827/noisy/8463-294828-0035.wav,16000,16000,1,1,239280,239280
1346,1284-1180-0022.wav,1284-1180-0022,data/librispeech_test_clean_musan_music_snr4_seed20260827/clean/1284-1180-0022.wav,data/librispeech_test_clean_musan_music_snr4_seed20260827/noisy/1284-1180-0022.wav,16000,16000,1,1,46160,46160
1347,672-122797-0020.wav,672-122797-0020,data/librispeech_test_clean_musan_music_snr4_seed20260827/clean/672-122797-0020.wav,data/librispeech_test_clean_musan_music_snr4_seed20260827/noisy/672-122797-0020.wav,16000,16000,1,1,141200,141200
1348,4077-13754-0005.wav,4077-13754-0005,data/librispeech_test_clean_musan_music_snr4_seed20260827/clean/4077-13754-0005.wav,data/librispeech_test_clean_musan_music_snr4_seed20260827/noisy/4077-13754-0005.wav,16000,16000,1,1,285440,285440
1349,672-122797-0050.wav,672-122797-0050,data/librispeech_test_clean_musan_music_snr4_seed20260827/clean/672-122797-0050.wav,data/librispeech_test_clean_musan_music_snr4_seed20260827/noisy/672-122797-0050.wav,16000,16000,1,1,77680,77680
1350,1320-122617-0024.wav,1320-122617-0024,data/librispeech_test_clean_musan_music_snr4_seed20260827/clean/1320-122617-0024.wav,data/librispeech_test_clean_musan_music_snr4_seed20260827/noisy/1320-122617-0024.wav,16000,16000,1,1,120880,120880
1351,5142-33396-0015.wav,5142-33396-0015,data/librispeech_test_clean_musan_music_snr4_seed20260827/clean/5142-33396-0015.wav,data/librispeech_test_clean_musan_music_snr4_seed20260827/noisy/5142-33396-0015.wav,16000,16000,1,1,68960,68960
1352,4970-29095-0005.wav,4970-29095-0005,data/librispeech_test_clean_musan_music_snr4_seed20260827/clean/4970-29095-0005.wav,data/librispeech_test_clean_musan_music_snr4_seed20260827/noisy/4970-29095-0005.wav,16000,16000,1,1,74400,74400
1353,7176-88083-0012.wav,7176-88083-0012,data/librispeech_test_clean_musan_music_snr4_seed20260827/clean/7176-88083-0012.wav,data/librispeech_test_clean_musan_music_snr4_seed20260827/noisy/7176-88083-0012.wav,16000,16000,1,1,80720,80720
1354,8455-210777-0056.wav,8455-210777-0056,data/librispeech_test_clean_musan_music_snr4_seed20260827/clean/8455-210777-0056.wav,data/librispeech_test_clean_musan_music_snr4_seed20260827/noisy/8455-210777-0056.wav,16000,16000,1,1,88720,88720
1355,4507-16021-0009.wav,4507-16021-0009,data/librispeech_test_clean_musan_music_snr4_seed20260827/clean/4507-16021-0009.wav,data/librispeech_test_clean_musan_music_snr4_seed20260827/noisy/4507-16021-0009.wav,16000,16000,1,1,180880,180880
1356,6930-81414-0024.wav,6930-81414-0024,data/librispeech_test_clean_musan_music_snr4_seed20260827/clean/6930-81414-0024.wav,data/librispeech_test_clean_musan_music_snr4_seed20260827/noisy/6930-81414-0024.wav,16000,16000,1,1,80800,80800
1357,4077-13754-0008.wav,4077-13754-0008,data/librispeech_test_clean_musan_music_snr4_seed20260827/clean/4077-13754-0008.wav,data/librispeech_test_clean_musan_music_snr4_seed20260827/noisy/4077-13754-0008.wav,16000,16000,1,1,318560,318560
1358,672-122797-0061.wav,672-122797-0061,data/librispeech_test_clean_musan_music_snr4_seed20260827/clean/672-122797-0061.wav,data/librispeech_test_clean_musan_music_snr4_seed20260827/noisy/672-122797-0061.wav,16000,16000,1,1,121440,121440
1359,6829-68769-0027.wav,6829-68769-0027,data/librispeech_test_clean_musan_music_snr4_seed20260827/clean/6829-68769-0027.wav,data/librispeech_test_clean_musan_music_snr4_seed20260827/noisy/6829-68769-0027.wav,16000,16000,1,1,49040,49040
1360,5105-28233-0008.wav,5105-28233-0008,data/librispeech_test_clean_musan_music_snr4_seed20260827/clean/5105-28233-0008.wav,data/librispeech_test_clean_musan_music_snr4_seed20260827/noisy/5105-28233-0008.wav,16000,16000,1,1,171680,171680
1361,1221-135767-0006.wav,1221-135767-0006,data/librispeech_test_clean_musan_music_snr4_seed20260827/clean/1221-135767-0006.wav,data/librispeech_test_clean_musan_music_snr4_seed20260827/noisy/1221-135767-0006.wav,16000,16000,1,1,328960,328960
1362,6829-68769-0009.wav,6829-68769-0009,data/librispeech_test_clean_musan_music_snr4_seed20260827/clean/6829-68769-0009.wav,data/librispeech_test_clean_musan_music_snr4_seed20260827/noisy/6829-68769-0009.wav,16000,16000,1,1,67520,67520
1363,4077-13751-0008.wav,4077-13751-0008,data/librispeech_test_clean_musan_music_snr4_seed20260827/clean/4077-13751-0008.wav,data/librispeech_test_clean_musan_music_snr4_seed20260827/noisy/4077-13751-0008.wav,16000,16000,1,1,168880,168880
1364,8230-279154-0016.wav,8230-279154-0016,data/librispeech_test_clean_musan_music_snr4_seed20260827/clean/8230-279154-0016.wav,data/librispeech_test_clean_musan_music_snr4_seed20260827/noisy/8230-279154-0016.wav,16000,16000,1,1,169600,169600
1365,3570-5694-0010.wav,3570-5694-0010,data/librispeech_test_clean_musan_music_snr4_seed20260827/clean/3570-5694-0010.wav,data/librispeech_test_clean_musan_music_snr4_seed20260827/noisy/3570-5694-0010.wav,16000,16000,1,1,208080,208080
1366,3570-5695-0010.wav,3570-5695-0010,data/librispeech_test_clean_musan_music_snr4_seed20260827/clean/3570-5695-0010.wav,data/librispeech_test_clean_musan_music_snr4_seed20260827/noisy/3570-5695-0010.wav,16000,16000,1,1,74640,74640
1367,5683-32865-0008.wav,5683-32865-0008,data/librispeech_test_clean_musan_music_snr4_seed20260827/clean/5683-32865-0008.wav,data/librispeech_test_clean_musan_music_snr4_seed20260827/noisy/5683-32865-0008.wav,16000,16000,1,1,97920,97920
1368,1221-135767-0019.wav,1221-135767-0019,data/librispeech_test_clean_musan_music_snr4_seed20260827/clean/1221-135767-0019.wav,data/librispeech_test_clean_musan_music_snr4_seed20260827/noisy/1221-135767-0019.wav,16000,16000,1,1,60480,60480
1369,908-157963-0013.wav,908-157963-0013,data/librispeech_test_clean_musan_music_snr4_seed20260827/clean/908-157963-0013.wav,data/librispeech_test_clean_musan_music_snr4_seed20260827/noisy/908-157963-0013.wav,16000,16000,1,1,69040,69040
1370,5105-28240-0021.wav,5105-28240-0021,data/librispeech_test_clean_musan_music_snr4_seed20260827/clean/5105-28240-0021.wav,data/librispeech_test_clean_musan_music_snr4_seed20260827/noisy/5105-28240-0021.wav,16000,16000,1,1,199280,199280
1371,8455-210777-0011.wav,8455-210777-0011,data/librispeech_test_clean_musan_music_snr4_seed20260827/clean/8455-210777-0011.wav,data/librispeech_test_clean_musan_music_snr4_seed20260827/noisy/8455-210777-0011.wav,16000,16000,1,1,106080,106080
1372,3575-170457-0034.wav,3575-170457-0034,data/librispeech_test_clean_musan_music_snr4_seed20260827/clean/3575-170457-0034.wav,data/librispeech_test_clean_musan_music_snr4_seed20260827/noisy/3575-170457-0034.wav,16000,16000,1,1,55920,55920
1373,260-123440-0018.wav,260-123440-0018,data/librispeech_test_clean_musan_music_snr4_seed20260827/clean/260-123440-0018.wav,data/librispeech_test_clean_musan_music_snr4_seed20260827/noisy/260-123440-0018.wav,16000,16000,1,1,58240,58240
1374,8224-274384-0006.wav,8224-274384-0006,data/librispeech_test_clean_musan_music_snr4_seed20260827/clean/8224-274384-0006.wav,data/librispeech_test_clean_musan_music_snr4_seed20260827/noisy/8224-274384-0006.wav,16000,16000,1,1,108960,108960
1375,5142-33396-0021.wav,5142-33396-0021,data/librispeech_test_clean_musan_music_snr4_seed20260827/clean/5142-33396-0021.wav,data/librispeech_test_clean_musan_music_snr4_seed20260827/noisy/5142-33396-0021.wav,16000,16000,1,1,56080,56080
1376,1320-122617-0009.wav,1320-122617-0009,data/librispeech_test_clean_musan_music_snr4_seed20260827/clean/1320-122617-0009.wav,data/librispeech_test_clean_musan_music_snr4_seed20260827/noisy/1320-122617-0009.wav,16000,16000,1,1,123280,123280
1377,1995-1836-0001.wav,1995-1836-0001,data/librispeech_test_clean_musan_music_snr4_seed20260827/clean/1995-1836-0001.wav,data/librispeech_test_clean_musan_music_snr4_seed20260827/noisy/1995-1836-0001.wav,16000,16000,1,1,96000,96000
1378,1580-141083-0007.wav,1580-141083-0007,data/librispeech_test_clean_musan_music_snr4_seed20260827/clean/1580-141083-0007.wav,data/librispeech_test_clean_musan_music_snr4_seed20260827/noisy/1580-141083-0007.wav,16000,16000,1,1,73040,73040
1379,8455-210777-0047.wav,8455-210777-0047,data/librispeech_test_clean_musan_music_snr4_seed20260827/clean/8455-210777-0047.wav,data/librispeech_test_clean_musan_music_snr4_seed20260827/noisy/8455-210777-0047.wav,16000,16000,1,1,40640,40640
1380,7127-75947-0020.wav,7127-75947-0020,data/librispeech_test_clean_musan_music_snr4_seed20260827/clean/7127-75947-0020.wav,data/librispeech_test_clean_musan_music_snr4_seed20260827/noisy/7127-75947-0020.wav,16000,16000,1,1,34800,34800
1381,237-134500-0026.wav,237-134500-0026,data/librispeech_test_clean_musan_music_snr4_seed20260827/clean/237-134500-0026.wav,data/librispeech_test_clean_musan_music_snr4_seed20260827/noisy/237-134500-0026.wav,16000,16000,1,1,48800,48800
1382,4992-41797-0012.wav,4992-41797-0012,data/librispeech_test_clean_musan_music_snr4_seed20260827/clean/4992-41797-0012.wav,data/librispeech_test_clean_musan_music_snr4_seed20260827/noisy/4992-41797-0012.wav,16000,16000,1,1,43280,43280
1383,260-123288-0016.wav,260-123288-0016,data/librispeech_test_clean_musan_music_snr4_seed20260827/clean/260-123288-0016.wav,data/librispeech_test_clean_musan_music_snr4_seed20260827/noisy/260-123288-0016.wav,16000,16000,1,1,77840,77840
1384,5142-36377-0002.wav,5142-36377-0002,data/librispeech_test_clean_musan_music_snr4_seed20260827/clean/5142-36377-0002.wav,data/librispeech_test_clean_musan_music_snr4_seed20260827/noisy/5142-36377-0002.wav,16000,16000,1,1,89920,89920
1385,4507-16021-0038.wav,4507-16021-0038,data/librispeech_test_clean_musan_music_snr4_seed20260827/clean/4507-16021-0038.wav,data/librispeech_test_clean_musan_music_snr4_seed20260827/noisy/4507-16021-0038.wav,16000,16000,1,1,62160,62160
1386,7176-92135-0035.wav,7176-92135-0035,data/librispeech_test_clean_musan_music_snr4_seed20260827/clean/7176-92135-0035.wav,data/librispeech_test_clean_musan_music_snr4_seed20260827/noisy/7176-92135-0035.wav,16000,16000,1,1,54080,54080
1387,260-123288-0003.wav,260-123288-0003,data/librispeech_test_clean_musan_music_snr4_seed20260827/clean/260-123288-0003.wav,data/librispeech_test_clean_musan_music_snr4_seed20260827/noisy/260-123288-0003.wav,16000,16000,1,1,142480,142480
1388,7021-79740-0000.wav,7021-79740-0000,data/librispeech_test_clean_musan_music_snr4_seed20260827/clean/7021-79740-0000.wav,data/librispeech_test_clean_musan_music_snr4_seed20260827/noisy/7021-79740-0000.wav,16000,16000,1,1,178000,178000
1389,6829-68771-0020.wav,6829-68771-0020,data/librispeech_test_clean_musan_music_snr4_seed20260827/clean/6829-68771-0020.wav,data/librispeech_test_clean_musan_music_snr4_seed20260827/noisy/6829-68771-0020.wav,16000,16000,1,1,73840,73840
1390,8230-279154-0043.wav,8230-279154-0043,data/librispeech_test_clean_musan_music_snr4_seed20260827/clean/8230-279154-0043.wav,data/librispeech_test_clean_musan_music_snr4_seed20260827/noisy/8230-279154-0043.wav,16000,16000,1,1,391760,391760
1391,237-126133-0016.wav,237-126133-0016,data/librispeech_test_clean_musan_music_snr4_seed20260827/clean/237-126133-0016.wav,data/librispeech_test_clean_musan_music_snr4_seed20260827/noisy/237-126133-0016.wav,16000,16000,1,1,68000,68000
1392,3729-6852-0042.wav,3729-6852-0042,data/librispeech_test_clean_musan_music_snr4_seed20260827/clean/3729-6852-0042.wav,data/librispeech_test_clean_musan_music_snr4_seed20260827/noisy/3729-6852-0042.wav,16000,16000,1,1,242640,242640
1393,1221-135766-0008.wav,1221-135766-0008,data/librispeech_test_clean_musan_music_snr4_seed20260827/clean/1221-135766-0008.wav,data/librispeech_test_clean_musan_music_snr4_seed20260827/noisy/1221-135766-0008.wav,16000,16000,1,1,172480,172480
1394,672-122797-0019.wav,672-122797-0019,data/librispeech_test_clean_musan_music_snr4_seed20260827/clean/672-122797-0019.wav,data/librispeech_test_clean_musan_music_snr4_seed20260827/noisy/672-122797-0019.wav,16000,16000,1,1,65760,65760
1395,672-122797-0058.wav,672-122797-0058,data/librispeech_test_clean_musan_music_snr4_seed20260827/clean/672-122797-0058.wav,data/librispeech_test_clean_musan_music_snr4_seed20260827/noisy/672-122797-0058.wav,16000,16000,1,1,71520,71520
1396,4446-2271-0009.wav,4446-2271-0009,data/librispeech_test_clean_musan_music_snr4_seed20260827/clean/4446-2271-0009.wav,data/librispeech_test_clean_musan_music_snr4_seed20260827/noisy/4446-2271-0009.wav,16000,16000,1,1,125120,125120
1397,1089-134691-0019.wav,1089-134691-0019,data/librispeech_test_clean_musan_music_snr4_seed20260827/clean/1089-134691-0019.wav,data/librispeech_test_clean_musan_music_snr4_seed20260827/noisy/1089-134691-0019.wav,16000,16000,1,1,50480,50480
1398,4507-16021-0028.wav,4507-16021-0028,data/librispeech_test_clean_musan_music_snr4_seed20260827/clean/4507-16021-0028.wav,data/librispeech_test_clean_musan_music_snr4_seed20260827/noisy/4507-16021-0028.wav,16000,16000,1,1,52240,52240
1399,8455-210777-0007.wav,8455-210777-0007,data/librispeech_test_clean_musan_music_snr4_seed20260827/clean/8455-210777-0007.wav,data/librispeech_test_clean_musan_music_snr4_seed20260827/noisy/8455-210777-0007.wav,16000,16000,1,1,42720,42720
1400,4970-29095-0038.wav,4970-29095-0038,data/librispeech_test_clean_musan_music_snr4_seed20260827/clean/4970-29095-0038.wav,data/librispeech_test_clean_musan_music_snr4_seed20260827/noisy/4970-29095-0038.wav,16000,16000,1,1,139840,139840
1401,1995-1837-0011.wav,1995-1837-0011,data/librispeech_test_clean_musan_music_snr4_seed20260827/clean/1995-1837-0011.wav,data/librispeech_test_clean_musan_music_snr4_seed20260827/noisy/1995-1837-0011.wav,16000,16000,1,1,54000,54000
1402,5105-28241-0018.wav,5105-28241-0018,data/librispeech_test_clean_musan_music_snr4_seed20260827/clean/5105-28241-0018.wav,data/librispeech_test_clean_musan_music_snr4_seed20260827/noisy/5105-28241-0018.wav,16000,16000,1,1,205280,205280
1403,4507-16021-0035.wav,4507-16021-0035,data/librispeech_test_clean_musan_music_snr4_seed20260827/clean/4507-16021-0035.wav,data/librispeech_test_clean_musan_music_snr4_seed20260827/noisy/4507-16021-0035.wav,16000,16000,1,1,120560,120560
1404,672-122797-0038.wav,672-122797-0038,data/librispeech_test_clean_musan_music_snr4_seed20260827/clean/672-122797-0038.wav,data/librispeech_test_clean_musan_music_snr4_seed20260827/noisy/672-122797-0038.wav,16000,16000,1,1,140800,140800
1405,1580-141083-0019.wav,1580-141083-0019,data/librispeech_test_clean_musan_music_snr4_seed20260827/clean/1580-141083-0019.wav,data/librispeech_test_clean_musan_music_snr4_seed20260827/noisy/1580-141083-0019.wav,16000,16000,1,1,43280,43280
1406,7729-102255-0008.wav,7729-102255-0008,data/librispeech_test_clean_musan_music_snr4_seed20260827/clean/7729-102255-0008.wav,data/librispeech_test_clean_musan_music_snr4_seed20260827/noisy/7729-102255-0008.wav,16000,16000,1,1,305040,305040
1407,1188-133604-0032.wav,1188-133604-0032,data/librispeech_test_clean_musan_music_snr4_seed20260827/clean/1188-133604-0032.wav,data/librispeech_test_clean_musan_music_snr4_seed20260827/noisy/1188-133604-0032.wav,16000,16000,1,1,175760,175760
1408,3575-170457-0043.wav,3575-170457-0043,data/librispeech_test_clean_musan_music_snr4_seed20260827/clean/3575-170457-0043.wav,data/librispeech_test_clean_musan_music_snr4_seed20260827/noisy/3575-170457-0043.wav,16000,16000,1,1,304000,304000
1409,8230-279154-0028.wav,8230-279154-0028,data/librispeech_test_clean_musan_music_snr4_seed20260827/clean/8230-279154-0028.wav,data/librispeech_test_clean_musan_music_snr4_seed20260827/noisy/8230-279154-0028.wav,16000,16000,1,1,184960,184960
1410,5105-28240-0012.wav,5105-28240-0012,data/librispeech_test_clean_musan_music_snr4_seed20260827/clean/5105-28240-0012.wav,data/librispeech_test_clean_musan_music_snr4_seed20260827/noisy/5105-28240-0012.wav,16000,16000,1,1,75680,75680
1411,6829-68769-0051.wav,6829-68769-0051,data/librispeech_test_clean_musan_music_snr4_seed20260827/clean/6829-68769-0051.wav,data/librispeech_test_clean_musan_music_snr4_seed20260827/noisy/6829-68769-0051.wav,16000,16000,1,1,56720,56720
1412,61-70968-0036.wav,61-70968-0036,data/librispeech_test_clean_musan_music_snr4_seed20260827/clean/61-70968-0036.wav,data/librispeech_test_clean_musan_music_snr4_seed20260827/noisy/61-70968-0036.wav,16000,16000,1,1,46959,46959
1413,8555-284449-0000.wav,8555-284449-0000,data/librispeech_test_clean_musan_music_snr4_seed20260827/clean/8555-284449-0000.wav,data/librispeech_test_clean_musan_music_snr4_seed20260827/noisy/8555-284449-0000.wav,16000,16000,1,1,192640,192640
1414,6829-68771-0005.wav,6829-68771-0005,data/librispeech_test_clean_musan_music_snr4_seed20260827/clean/6829-68771-0005.wav,data/librispeech_test_clean_musan_music_snr4_seed20260827/noisy/6829-68771-0005.wav,16000,16000,1,1,98640,98640
1415,5639-40744-0039.wav,5639-40744-0039,data/librispeech_test_clean_musan_music_snr4_seed20260827/clean/5639-40744-0039.wav,data/librispeech_test_clean_musan_music_snr4_seed20260827/noisy/5639-40744-0039.wav,16000,16000,1,1,230000,230000
1416,5142-33396-0009.wav,5142-33396-0009,data/librispeech_test_clean_musan_music_snr4_seed20260827/clean/5142-33396-0009.wav,data/librispeech_test_clean_musan_music_snr4_seed20260827/noisy/5142-33396-0009.wav,16000,16000,1,1,53920,53920
1417,8555-284449-0008.wav,8555-284449-0008,data/librispeech_test_clean_musan_music_snr4_seed20260827/clean/8555-284449-0008.wav,data/librispeech_test_clean_musan_music_snr4_seed20260827/noisy/8555-284449-0008.wav,16000,16000,1,1,98160,98160
1418,1580-141083-0052.wav,1580-141083-0052,data/librispeech_test_clean_musan_music_snr4_seed20260827/clean/1580-141083-0052.wav,data/librispeech_test_clean_musan_music_snr4_seed20260827/noisy/1580-141083-0052.wav,16000,16000,1,1,55200,55200
1419,1580-141084-0006.wav,1580-141084-0006,data/librispeech_test_clean_musan_music_snr4_seed20260827/clean/1580-141084-0006.wav,data/librispeech_test_clean_musan_music_snr4_seed20260827/noisy/1580-141084-0006.wav,16000,16000,1,1,34160,34160
1420,5142-36377-0024.wav,5142-36377-0024,data/librispeech_test_clean_musan_music_snr4_seed20260827/clean/5142-36377-0024.wav,data/librispeech_test_clean_musan_music_snr4_seed20260827/noisy/5142-36377-0024.wav,16000,16000,1,1,92480,92480
1421,4446-2275-0038.wav,4446-2275-0038,data/librispeech_test_clean_musan_music_snr4_seed20260827/clean/4446-2275-0038.wav,data/librispeech_test_clean_musan_music_snr4_seed20260827/noisy/4446-2275-0038.wav,16000,16000,1,1,72480,72480
1422,7176-92135-0009.wav,7176-92135-0009,data/librispeech_test_clean_musan_music_snr4_seed20260827/clean/7176-92135-0009.wav,data/librispeech_test_clean_musan_music_snr4_seed20260827/noisy/7176-92135-0009.wav,16000,16000,1,1,70080,70080
1423,1320-122617-0025.wav,1320-122617-0025,data/librispeech_test_clean_musan_music_snr4_seed20260827/clean/1320-122617-0025.wav,data/librispeech_test_clean_musan_music_snr4_seed20260827/noisy/1320-122617-0025.wav,16000,16000,1,1,101760,101760
1424,6930-75918-0003.wav,6930-75918-0003,data/librispeech_test_clean_musan_music_snr4_seed20260827/clean/6930-75918-0003.wav,data/librispeech_test_clean_musan_music_snr4_seed20260827/noisy/6930-75918-0003.wav,16000,16000,1,1,373040,373040
1425,61-70970-0032.wav,61-70970-0032,data/librispeech_test_clean_musan_music_snr4_seed20260827/clean/61-70970-0032.wav,data/librispeech_test_clean_musan_music_snr4_seed20260827/noisy/61-70970-0032.wav,16000,16000,1,1,50160,50160
1426,6930-76324-0023.wav,6930-76324-0023,data/librispeech_test_clean_musan_music_snr4_seed20260827/clean/6930-76324-0023.wav,data/librispeech_test_clean_musan_music_snr4_seed20260827/noisy/6930-76324-0023.wav,16000,16000,1,1,77600,77600
1427,8230-279154-0007.wav,8230-279154-0007,data/librispeech_test_clean_musan_music_snr4_seed20260827/clean/8230-279154-0007.wav,data/librispeech_test_clean_musan_music_snr4_seed20260827/noisy/8230-279154-0007.wav,16000,16000,1,1,254480,254480
1428,4446-2271-0013.wav,4446-2271-0013,data/librispeech_test_clean_musan_music_snr4_seed20260827/clean/4446-2271-0013.wav,data/librispeech_test_clean_musan_music_snr4_seed20260827/noisy/4446-2271-0013.wav,16000,16000,1,1,70400,70400
1429,3575-170457-0024.wav,3575-170457-0024,data/librispeech_test_clean_musan_music_snr4_seed20260827/clean/3575-170457-0024.wav,data/librispeech_test_clean_musan_music_snr4_seed20260827/noisy/3575-170457-0024.wav,16000,16000,1,1,196080,196080
1430,7176-88083-0022.wav,7176-88083-0022,data/librispeech_test_clean_musan_music_snr4_seed20260827/clean/7176-88083-0022.wav,data/librispeech_test_clean_musan_music_snr4_seed20260827/noisy/7176-88083-0022.wav,16000,16000,1,1,151760,151760
1431,61-70970-0006.wav,61-70970-0006,data/librispeech_test_clean_musan_music_snr4_seed20260827/clean/61-70970-0006.wav,data/librispeech_test_clean_musan_music_snr4_seed20260827/noisy/61-70970-0006.wav,16000,16000,1,1,37360,37360
1432,1221-135767-0002.wav,1221-135767-0002,data/librispeech_test_clean_musan_music_snr4_seed20260827/clean/1221-135767-0002.wav,data/librispeech_test_clean_musan_music_snr4_seed20260827/noisy/1221-135767-0002.wav,16000,16000,1,1,257920,257920
1433,1995-1836-0006.wav,1995-1836-0006,data/librispeech_test_clean_musan_music_snr4_seed20260827/clean/1995-1836-0006.wav,data/librispeech_test_clean_musan_music_snr4_seed20260827/noisy/1995-1836-0006.wav,16000,16000,1,1,123440,123440
1434,8555-284447-0014.wav,8555-284447-0014,data/librispeech_test_clean_musan_music_snr4_seed20260827/clean/8555-284447-0014.wav,data/librispeech_test_clean_musan_music_snr4_seed20260827/noisy/8555-284447-0014.wav,16000,16000,1,1,135520,135520
1435,8555-284447-0016.wav,8555-284447-0016,data/librispeech_test_clean_musan_music_snr4_seed20260827/clean/8555-284447-0016.wav,data/librispeech_test_clean_musan_music_snr4_seed20260827/noisy/8555-284447-0016.wav,16000,16000,1,1,33760,33760
1436,5683-32879-0005.wav,5683-32879-0005,data/librispeech_test_clean_musan_music_snr4_seed20260827/clean/5683-32879-0005.wav,data/librispeech_test_clean_musan_music_snr4_seed20260827/noisy/5683-32879-0005.wav,16000,16000,1,1,97760,97760
1437,1995-1837-0028.wav,1995-1837-0028,data/librispeech_test_clean_musan_music_snr4_seed20260827/clean/1995-1837-0028.wav,data/librispeech_test_clean_musan_music_snr4_seed20260827/noisy/1995-1837-0028.wav,16000,16000,1,1,37440,37440
1438,8455-210777-0010.wav,8455-210777-0010,data/librispeech_test_clean_musan_music_snr4_seed20260827/clean/8455-210777-0010.wav,data/librispeech_test_clean_musan_music_snr4_seed20260827/noisy/8455-210777-0010.wav,16000,16000,1,1,49600,49600
1439,1089-134686-0027.wav,1089-134686-0027,data/librispeech_test_clean_musan_music_snr4_seed20260827/clean/1089-134686-0027.wav,data/librispeech_test_clean_musan_music_snr4_seed20260827/noisy/1089-134686-0027.wav,16000,16000,1,1,43360,43360
1440,8224-274384-0009.wav,8224-274384-0009,data/librispeech_test_clean_musan_music_snr4_seed20260827/clean/8224-274384-0009.wav,data/librispeech_test_clean_musan_music_snr4_seed20260827/noisy/8224-274384-0009.wav,16000,16000,1,1,76880,76880
1441,4992-41806-0017.wav,4992-41806-0017,data/librispeech_test_clean_musan_music_snr4_seed20260827/clean/4992-41806-0017.wav,data/librispeech_test_clean_musan_music_snr4_seed20260827/noisy/4992-41806-0017.wav,16000,16000,1,1,174320,174320
1442,6930-81414-0008.wav,6930-81414-0008,data/librispeech_test_clean_musan_music_snr4_seed20260827/clean/6930-81414-0008.wav,data/librispeech_test_clean_musan_music_snr4_seed20260827/noisy/6930-81414-0008.wav,16000,16000,1,1,96880,96880
1443,6829-68771-0026.wav,6829-68771-0026,data/librispeech_test_clean_musan_music_snr4_seed20260827/clean/6829-68771-0026.wav,data/librispeech_test_clean_musan_music_snr4_seed20260827/noisy/6829-68771-0026.wav,16000,16000,1,1,34000,34000
1444,4507-16021-0056.wav,4507-16021-0056,data/librispeech_test_clean_musan_music_snr4_seed20260827/clean/4507-16021-0056.wav,data/librispeech_test_clean_musan_music_snr4_seed20260827/noisy/4507-16021-0056.wav,16000,16000,1,1,101520,101520
1445,237-134493-0008.wav,237-134493-0008,data/librispeech_test_clean_musan_music_snr4_seed20260827/clean/237-134493-0008.wav,data/librispeech_test_clean_musan_music_snr4_seed20260827/noisy/237-134493-0008.wav,16000,16000,1,1,36880,36880
1446,5105-28241-0002.wav,5105-28241-0002,data/librispeech_test_clean_musan_music_snr4_seed20260827/clean/5105-28241-0002.wav,data/librispeech_test_clean_musan_music_snr4_seed20260827/noisy/5105-28241-0002.wav,16000,16000,1,1,175360,175360
1447,1580-141084-0011.wav,1580-141084-0011,data/librispeech_test_clean_musan_music_snr4_seed20260827/clean/1580-141084-0011.wav,data/librispeech_test_clean_musan_music_snr4_seed20260827/noisy/1580-141084-0011.wav,16000,16000,1,1,80000,80000
1448,2094-142345-0019.wav,2094-142345-0019,data/librispeech_test_clean_musan_music_snr4_seed20260827/clean/2094-142345-0019.wav,data/librispeech_test_clean_musan_music_snr4_seed20260827/noisy/2094-142345-0019.wav,16000,16000,1,1,42560,42560
1449,4970-29095-0037.wav,4970-29095-0037,data/librispeech_test_clean_musan_music_snr4_seed20260827/clean/4970-29095-0037.wav,data/librispeech_test_clean_musan_music_snr4_seed20260827/noisy/4970-29095-0037.wav,16000,16000,1,1,110160,110160
1450,5683-32865-0015.wav,5683-32865-0015,data/librispeech_test_clean_musan_music_snr4_seed20260827/clean/5683-32865-0015.wav,data/librispeech_test_clean_musan_music_snr4_seed20260827/noisy/5683-32865-0015.wav,16000,16000,1,1,66320,66320
1451,6930-75918-0015.wav,6930-75918-0015,data/librispeech_test_clean_musan_music_snr4_seed20260827/clean/6930-75918-0015.wav,data/librispeech_test_clean_musan_music_snr4_seed20260827/noisy/6930-75918-0015.wav,16000,16000,1,1,102080,102080
1452,1995-1836-0012.wav,1995-1836-0012,data/librispeech_test_clean_musan_music_snr4_seed20260827/clean/1995-1836-0012.wav,data/librispeech_test_clean_musan_music_snr4_seed20260827/noisy/1995-1836-0012.wav,16000,16000,1,1,59120,59120
1453,1320-122617-0022.wav,1320-122617-0022,data/librispeech_test_clean_musan_music_snr4_seed20260827/clean/1320-122617-0022.wav,data/librispeech_test_clean_musan_music_snr4_seed20260827/noisy/1320-122617-0022.wav,16000,16000,1,1,61680,61680
1454,908-157963-0007.wav,908-157963-0007,data/librispeech_test_clean_musan_music_snr4_seed20260827/clean/908-157963-0007.wav,data/librispeech_test_clean_musan_music_snr4_seed20260827/noisy/908-157963-0007.wav,16000,16000,1,1,524320,524320
1455,7021-85628-0023.wav,7021-85628-0023,data/librispeech_test_clean_musan_music_snr4_seed20260827/clean/7021-85628-0023.wav,data/librispeech_test_clean_musan_music_snr4_seed20260827/noisy/7021-85628-0023.wav,16000,16000,1,1,144480,144480
1456,3575-170457-0053.wav,3575-170457-0053,data/librispeech_test_clean_musan_music_snr4_seed20260827/clean/3575-170457-0053.wav,data/librispeech_test_clean_musan_music_snr4_seed20260827/noisy/3575-170457-0053.wav,16000,16000,1,1,191120,191120
1457,8224-274381-0017.wav,8224-274381-0017,data/librispeech_test_clean_musan_music_snr4_seed20260827/clean/8224-274381-0017.wav,data/librispeech_test_clean_musan_music_snr4_seed20260827/noisy/8224-274381-0017.wav,16000,16000,1,1,285200,285200
1458,1580-141084-0025.wav,1580-141084-0025,data/librispeech_test_clean_musan_music_snr4_seed20260827/clean/1580-141084-0025.wav,data/librispeech_test_clean_musan_music_snr4_seed20260827/noisy/1580-141084-0025.wav,16000,16000,1,1,38000,38000
1459,121-127105-0036.wav,121-127105-0036,data/librispeech_test_clean_musan_music_snr4_seed20260827/clean/121-127105-0036.wav,data/librispeech_test_clean_musan_music_snr4_seed20260827/noisy/121-127105-0036.wav,16000,16000,1,1,66400,66400
1460,3575-170457-0001.wav,3575-170457-0001,data/librispeech_test_clean_musan_music_snr4_seed20260827/clean/3575-170457-0001.wav,data/librispeech_test_clean_musan_music_snr4_seed20260827/noisy/3575-170457-0001.wav,16000,16000,1,1,47840,47840
1461,1221-135766-0001.wav,1221-135766-0001,data/librispeech_test_clean_musan_music_snr4_seed20260827/clean/1221-135766-0001.wav,data/librispeech_test_clean_musan_music_snr4_seed20260827/noisy/1221-135766-0001.wav,16000,16000,1,1,267440,267440
1462,260-123440-0000.wav,260-123440-0000,data/librispeech_test_clean_musan_music_snr4_seed20260827/clean/260-123440-0000.wav,data/librispeech_test_clean_musan_music_snr4_seed20260827/noisy/260-123440-0000.wav,16000,16000,1,1,34640,34640
1463,260-123286-0006.wav,260-123286-0006,data/librispeech_test_clean_musan_music_snr4_seed20260827/clean/260-123286-0006.wav,data/librispeech_test_clean_musan_music_snr4_seed20260827/noisy/260-123286-0006.wav,16000,16000,1,1,118480,118480
1464,2830-3980-0015.wav,2830-3980-0015,data/librispeech_test_clean_musan_music_snr4_seed20260827/clean/2830-3980-0015.wav,data/librispeech_test_clean_musan_music_snr4_seed20260827/noisy/2830-3980-0015.wav,16000,16000,1,1,42960,42960
1465,1284-1181-0004.wav,1284-1181-0004,data/librispeech_test_clean_musan_music_snr4_seed20260827/clean/1284-1181-0004.wav,data/librispeech_test_clean_musan_music_snr4_seed20260827/noisy/1284-1181-0004.wav,16000,16000,1,1,114400,114400
1466,8463-294825-0006.wav,8463-294825-0006,data/librispeech_test_clean_musan_music_snr4_seed20260827/clean/8463-294825-0006.wav,data/librispeech_test_clean_musan_music_snr4_seed20260827/noisy/8463-294825-0006.wav,16000,16000,1,1,178160,178160
1467,1221-135767-0014.wav,1221-135767-0014,data/librispeech_test_clean_musan_music_snr4_seed20260827/clean/1221-135767-0014.wav,data/librispeech_test_clean_musan_music_snr4_seed20260827/noisy/1221-135767-0014.wav,16000,16000,1,1,113120,113120
1468,4970-29095-0024.wav,4970-29095-0024,data/librispeech_test_clean_musan_music_snr4_seed20260827/clean/4970-29095-0024.wav,data/librispeech_test_clean_musan_music_snr4_seed20260827/noisy/4970-29095-0024.wav,16000,16000,1,1,96640,96640
1469,6930-75918-0016.wav,6930-75918-0016,data/librispeech_test_clean_musan_music_snr4_seed20260827/clean/6930-75918-0016.wav,data/librispeech_test_clean_musan_music_snr4_seed20260827/noisy/6930-75918-0016.wav,16000,16000,1,1,160240,160240
1470,237-134493-0002.wav,237-134493-0002,data/librispeech_test_clean_musan_music_snr4_seed20260827/clean/237-134493-0002.wav,data/librispeech_test_clean_musan_music_snr4_seed20260827/noisy/237-134493-0002.wav,16000,16000,1,1,182320,182320
1471,672-122797-0033.wav,672-122797-0033,data/librispeech_test_clean_musan_music_snr4_seed20260827/clean/672-122797-0033.wav,data/librispeech_test_clean_musan_music_snr4_seed20260827/noisy/672-122797-0033.wav,16000,16000,1,1,20560,20560
1472,3575-170457-0022.wav,3575-170457-0022,data/librispeech_test_clean_musan_music_snr4_seed20260827/clean/3575-170457-0022.wav,data/librispeech_test_clean_musan_music_snr4_seed20260827/noisy/3575-170457-0022.wav,16000,16000,1,1,93200,93200
1473,8463-294825-0009.wav,8463-294825-0009,data/librispeech_test_clean_musan_music_snr4_seed20260827/clean/8463-294825-0009.wav,data/librispeech_test_clean_musan_music_snr4_seed20260827/noisy/8463-294825-0009.wav,16000,16000,1,1,320079,320079
1474,7127-75947-0011.wav,7127-75947-0011,data/librispeech_test_clean_musan_music_snr4_seed20260827/clean/7127-75947-0011.wav,data/librispeech_test_clean_musan_music_snr4_seed20260827/noisy/7127-75947-0011.wav,16000,16000,1,1,57920,57920
1475,8455-210777-0062.wav,8455-210777-0062,data/librispeech_test_clean_musan_music_snr4_seed20260827/clean/8455-210777-0062.wav,data/librispeech_test_clean_musan_music_snr4_seed20260827/noisy/8455-210777-0062.wav,16000,16000,1,1,48800,48800
1476,5142-33396-0038.wav,5142-33396-0038,data/librispeech_test_clean_musan_music_snr4_seed20260827/clean/5142-33396-0038.wav,data/librispeech_test_clean_musan_music_snr4_seed20260827/noisy/5142-33396-0038.wav,16000,16000,1,1,66880,66880
1477,2830-3979-0004.wav,2830-3979-0004,data/librispeech_test_clean_musan_music_snr4_seed20260827/clean/2830-3979-0004.wav,data/librispeech_test_clean_musan_music_snr4_seed20260827/noisy/2830-3979-0004.wav,16000,16000,1,1,31120,31120
1478,5683-32879-0011.wav,5683-32879-0011,data/librispeech_test_clean_musan_music_snr4_seed20260827/clean/5683-32879-0011.wav,data/librispeech_test_clean_musan_music_snr4_seed20260827/noisy/5683-32879-0011.wav,16000,16000,1,1,147360,147360
1479,5105-28240-0023.wav,5105-28240-0023,data/librispeech_test_clean_musan_music_snr4_seed20260827/clean/5105-28240-0023.wav,data/librispeech_test_clean_musan_music_snr4_seed20260827/noisy/5105-28240-0023.wav,16000,16000,1,1,281120,281120
1480,6829-68769-0047.wav,6829-68769-0047,data/librispeech_test_clean_musan_music_snr4_seed20260827/clean/6829-68769-0047.wav,data/librispeech_test_clean_musan_music_snr4_seed20260827/noisy/6829-68769-0047.wav,16000,16000,1,1,37200,37200
1481,1995-1826-0025.wav,1995-1826-0025,data/librispeech_test_clean_musan_music_snr4_seed20260827/clean/1995-1826-0025.wav,data/librispeech_test_clean_musan_music_snr4_seed20260827/noisy/1995-1826-0025.wav,16000,16000,1,1,52720,52720
1482,260-123286-0015.wav,260-123286-0015,data/librispeech_test_clean_musan_music_snr4_seed20260827/clean/260-123286-0015.wav,data/librispeech_test_clean_musan_music_snr4_seed20260827/noisy/260-123286-0015.wav,16000,16000,1,1,83360,83360
1483,1089-134686-0034.wav,1089-134686-0034,data/librispeech_test_clean_musan_music_snr4_seed20260827/clean/1089-134686-0034.wav,data/librispeech_test_clean_musan_music_snr4_seed20260827/noisy/1089-134686-0034.wav,16000,16000,1,1,92960,92960
1484,7127-75946-0004.wav,7127-75946-0004,data/librispeech_test_clean_musan_music_snr4_seed20260827/clean/7127-75946-0004.wav,data/librispeech_test_clean_musan_music_snr4_seed20260827/noisy/7127-75946-0004.wav,16000,16000,1,1,71840,71840
1485,3570-5694-0020.wav,3570-5694-0020,data/librispeech_test_clean_musan_music_snr4_seed20260827/clean/3570-5694-0020.wav,data/librispeech_test_clean_musan_music_snr4_seed20260827/noisy/3570-5694-0020.wav,16000,16000,1,1,224560,224560
1486,6829-68769-0015.wav,6829-68769-0015,data/librispeech_test_clean_musan_music_snr4_seed20260827/clean/6829-68769-0015.wav,data/librispeech_test_clean_musan_music_snr4_seed20260827/noisy/6829-68769-0015.wav,16000,16000,1,1,104400,104400
1487,8555-284449-0009.wav,8555-284449-0009,data/librispeech_test_clean_musan_music_snr4_seed20260827/clean/8555-284449-0009.wav,data/librispeech_test_clean_musan_music_snr4_seed20260827/noisy/8555-284449-0009.wav,16000,16000,1,1,52320,52320
1488,1188-133604-0038.wav,1188-133604-0038,data/librispeech_test_clean_musan_music_snr4_seed20260827/clean/1188-133604-0038.wav,data/librispeech_test_clean_musan_music_snr4_seed20260827/noisy/1188-133604-0038.wav,16000,16000,1,1,85840,85840
1489,2830-3980-0063.wav,2830-3980-0063,data/librispeech_test_clean_musan_music_snr4_seed20260827/clean/2830-3980-0063.wav,data/librispeech_test_clean_musan_music_snr4_seed20260827/noisy/2830-3980-0063.wav,16000,16000,1,1,86640,86640
1490,2961-961-0009.wav,2961-961-0009,data/librispeech_test_clean_musan_music_snr4_seed20260827/clean/2961-961-0009.wav,data/librispeech_test_clean_musan_music_snr4_seed20260827/noisy/2961-961-0009.wav,16000,16000,1,1,91280,91280
1491,1188-133604-0042.wav,1188-133604-0042,data/librispeech_test_clean_musan_music_snr4_seed20260827/clean/1188-133604-0042.wav,data/librispeech_test_clean_musan_music_snr4_seed20260827/noisy/1188-133604-0042.wav,16000,16000,1,1,42560,42560
1492,1188-133604-0006.wav,1188-133604-0006,data/librispeech_test_clean_musan_music_snr4_seed20260827/clean/1188-133604-0006.wav,data/librispeech_test_clean_musan_music_snr4_seed20260827/noisy/1188-133604-0006.wav,16000,16000,1,1,38400,38400
1493,8463-294828-0014.wav,8463-294828-0014,data/librispeech_test_clean_musan_music_snr4_seed20260827/clean/8463-294828-0014.wav,data/librispeech_test_clean_musan_music_snr4_seed20260827/noisy/8463-294828-0014.wav,16000,16000,1,1,91600,91600
1494,1580-141083-0036.wav,1580-141083-0036,data/librispeech_test_clean_musan_music_snr4_seed20260827/clean/1580-141083-0036.wav,data/librispeech_test_clean_musan_music_snr4_seed20260827/noisy/1580-141083-0036.wav,16000,16000,1,1,63680,63680
1495,8455-210777-0036.wav,8455-210777-0036,data/librispeech_test_clean_musan_music_snr4_seed20260827/clean/8455-210777-0036.wav,data/librispeech_test_clean_musan_music_snr4_seed20260827/noisy/8455-210777-0036.wav,16000,16000,1,1,241040,241040
1496,237-134500-0002.wav,237-134500-0002,data/librispeech_test_clean_musan_music_snr4_seed20260827/clean/237-134500-0002.wav,data/librispeech_test_clean_musan_music_snr4_seed20260827/noisy/237-134500-0002.wav,16000,16000,1,1,81120,81120
1497,5142-33396-0052.wav,5142-33396-0052,data/librispeech_test_clean_musan_music_snr4_seed20260827/clean/5142-33396-0052.wav,data/librispeech_test_clean_musan_music_snr4_seed20260827/noisy/5142-33396-0052.wav,16000,16000,1,1,94080,94080
1498,4970-29093-0008.wav,4970-29093-0008,data/librispeech_test_clean_musan_music_snr4_seed20260827/clean/4970-29093-0008.wav,data/librispeech_test_clean_musan_music_snr4_seed20260827/noisy/4970-29093-0008.wav,16000,16000,1,1,57280,57280
1499,61-70968-0045.wav,61-70968-0045,data/librispeech_test_clean_musan_music_snr4_seed20260827/clean/61-70968-0045.wav,data/librispeech_test_clean_musan_music_snr4_seed20260827/noisy/61-70968-0045.wav,16000,16000,1,1,55600,55600
1500,8555-284449-0011.wav,8555-284449-0011,data/librispeech_test_clean_musan_music_snr4_seed20260827/clean/8555-284449-0011.wav,data/librispeech_test_clean_musan_music_snr4_seed20260827/noisy/8555-284449-0011.wav,16000,16000,1,1,264320,264320
1501,1284-1180-0025.wav,1284-1180-0025,data/librispeech_test_clean_musan_music_snr4_seed20260827/clean/1284-1180-0025.wav,data/librispeech_test_clean_musan_music_snr4_seed20260827/noisy/1284-1180-0025.wav,16000,16000,1,1,139280,139280
1502,4446-2275-0014.wav,4446-2275-0014,data/librispeech_test_clean_musan_music_snr4_seed20260827/clean/4446-2275-0014.wav,data/librispeech_test_clean_musan_music_snr4_seed20260827/noisy/4446-2275-0014.wav,16000,16000,1,1,40160,40160
1503,2830-3980-0017.wav,2830-3980-0017,data/librispeech_test_clean_musan_music_snr4_seed20260827/clean/2830-3980-0017.wav,data/librispeech_test_clean_musan_music_snr4_seed20260827/noisy/2830-3980-0017.wav,16000,16000,1,1,58640,58640
1504,8555-284449-0002.wav,8555-284449-0002,data/librispeech_test_clean_musan_music_snr4_seed20260827/clean/8555-284449-0002.wav,data/librispeech_test_clean_musan_music_snr4_seed20260827/noisy/8555-284449-0002.wav,16000,16000,1,1,177200,177200
1505,237-134500-0038.wav,237-134500-0038,data/librispeech_test_clean_musan_music_snr4_seed20260827/clean/237-134500-0038.wav,data/librispeech_test_clean_musan_music_snr4_seed20260827/noisy/237-134500-0038.wav,16000,16000,1,1,38960,38960
1506,7021-79740-0013.wav,7021-79740-0013,data/librispeech_test_clean_musan_music_snr4_seed20260827/clean/7021-79740-0013.wav,data/librispeech_test_clean_musan_music_snr4_seed20260827/noisy/7021-79740-0013.wav,16000,16000,1,1,117840,117840
1507,61-70970-0007.wav,61-70970-0007,data/librispeech_test_clean_musan_music_snr4_seed20260827/clean/61-70970-0007.wav,data/librispeech_test_clean_musan_music_snr4_seed20260827/noisy/61-70970-0007.wav,16000,16000,1,1,71760,71760
1508,4970-29095-0030.wav,4970-29095-0030,data/librispeech_test_clean_musan_music_snr4_seed20260827/clean/4970-29095-0030.wav,data/librispeech_test_clean_musan_music_snr4_seed20260827/noisy/4970-29095-0030.wav,16000,16000,1,1,74720,74720
1509,2830-3980-0005.wav,2830-3980-0005,data/librispeech_test_clean_musan_music_snr4_seed20260827/clean/2830-3980-0005.wav,data/librispeech_test_clean_musan_music_snr4_seed20260827/noisy/2830-3980-0005.wav,16000,16000,1,1,103200,103200
1510,1284-1180-0011.wav,1284-1180-0011,data/librispeech_test_clean_musan_music_snr4_seed20260827/clean/1284-1180-0011.wav,data/librispeech_test_clean_musan_music_snr4_seed20260827/noisy/1284-1180-0011.wav,16000,16000,1,1,68400,68400
1511,6930-75918-0019.wav,6930-75918-0019,data/librispeech_test_clean_musan_music_snr4_seed20260827/clean/6930-75918-0019.wav,data/librispeech_test_clean_musan_music_snr4_seed20260827/noisy/6930-75918-0019.wav,16000,16000,1,1,186321,186321
1512,6829-68771-0018.wav,6829-68771-0018,data/librispeech_test_clean_musan_music_snr4_seed20260827/clean/6829-68771-0018.wav,data/librispeech_test_clean_musan_music_snr4_seed20260827/noisy/6829-68771-0018.wav,16000,16000,1,1,135120,135120
1513,2830-3980-0028.wav,2830-3980-0028,data/librispeech_test_clean_musan_music_snr4_seed20260827/clean/2830-3980-0028.wav,data/librispeech_test_clean_musan_music_snr4_seed20260827/noisy/2830-3980-0028.wav,16000,16000,1,1,56640,56640
1514,260-123286-0019.wav,260-123286-0019,data/librispeech_test_clean_musan_music_snr4_seed20260827/clean/260-123286-0019.wav,data/librispeech_test_clean_musan_music_snr4_seed20260827/noisy/260-123286-0019.wav,16000,16000,1,1,190480,190480
1515,61-70970-0019.wav,61-70970-0019,data/librispeech_test_clean_musan_music_snr4_seed20260827/clean/61-70970-0019.wav,data/librispeech_test_clean_musan_music_snr4_seed20260827/noisy/61-70970-0019.wav,16000,16000,1,1,60480,60480
1516,1580-141083-0022.wav,1580-141083-0022,data/librispeech_test_clean_musan_music_snr4_seed20260827/clean/1580-141083-0022.wav,data/librispeech_test_clean_musan_music_snr4_seed20260827/noisy/1580-141083-0022.wav,16000,16000,1,1,52720,52720
1517,2830-3979-0005.wav,2830-3979-0005,data/librispeech_test_clean_musan_music_snr4_seed20260827/clean/2830-3979-0005.wav,data/librispeech_test_clean_musan_music_snr4_seed20260827/noisy/2830-3979-0005.wav,16000,16000,1,1,33680,33680
1518,672-122797-0010.wav,672-122797-0010,data/librispeech_test_clean_musan_music_snr4_seed20260827/clean/672-122797-0010.wav,data/librispeech_test_clean_musan_music_snr4_seed20260827/noisy/672-122797-0010.wav,16000,16000,1,1,61040,61040
1519,4446-2273-0019.wav,4446-2273-0019,data/librispeech_test_clean_musan_music_snr4_seed20260827/clean/4446-2273-0019.wav,data/librispeech_test_clean_musan_music_snr4_seed20260827/noisy/4446-2273-0019.wav,16000,16000,1,1,49840,49840
1520,1221-135767-0023.wav,1221-135767-0023,data/librispeech_test_clean_musan_music_snr4_seed20260827/clean/1221-135767-0023.wav,data/librispeech_test_clean_musan_music_snr4_seed20260827/noisy/1221-135767-0023.wav,16000,16000,1,1,260320,260320
1521,6930-76324-0006.wav,6930-76324-0006,data/librispeech_test_clean_musan_music_snr4_seed20260827/clean/6930-76324-0006.wav,data/librispeech_test_clean_musan_music_snr4_seed20260827/noisy/6930-76324-0006.wav,16000,16000,1,1,71280,71280
1522,260-123288-0010.wav,260-123288-0010,data/librispeech_test_clean_musan_music_snr4_seed20260827/clean/260-123288-0010.wav,data/librispeech_test_clean_musan_music_snr4_seed20260827/noisy/260-123288-0010.wav,16000,16000,1,1,159920,159920
1523,4970-29095-0017.wav,4970-29095-0017,data/librispeech_test_clean_musan_music_snr4_seed20260827/clean/4970-29095-0017.wav,data/librispeech_test_clean_musan_music_snr4_seed20260827/noisy/4970-29095-0017.wav,16000,16000,1,1,62880,62880
1524,8555-284449-0020.wav,8555-284449-0020,data/librispeech_test_clean_musan_music_snr4_seed20260827/clean/8555-284449-0020.wav,data/librispeech_test_clean_musan_music_snr4_seed20260827/noisy/8555-284449-0020.wav,16000,16000,1,1,81520,81520
1525,5142-33396-0062.wav,5142-33396-0062,data/librispeech_test_clean_musan_music_snr4_seed20260827/clean/5142-33396-0062.wav,data/librispeech_test_clean_musan_music_snr4_seed20260827/noisy/5142-33396-0062.wav,16000,16000,1,1,46400,46400
1526,6829-68769-0004.wav,6829-68769-0004,data/librispeech_test_clean_musan_music_snr4_seed20260827/clean/6829-68769-0004.wav,data/librispeech_test_clean_musan_music_snr4_seed20260827/noisy/6829-68769-0004.wav,16000,16000,1,1,114320,114320
1527,6829-68769-0040.wav,6829-68769-0040,data/librispeech_test_clean_musan_music_snr4_seed20260827/clean/6829-68769-0040.wav,data/librispeech_test_clean_musan_music_snr4_seed20260827/noisy/6829-68769-0040.wav,16000,16000,1,1,76320,76320
1528,2094-142345-0000.wav,2094-142345-0000,data/librispeech_test_clean_musan_music_snr4_seed20260827/clean/2094-142345-0000.wav,data/librispeech_test_clean_musan_music_snr4_seed20260827/noisy/2094-142345-0000.wav,16000,16000,1,1,361120,361120
1529,7729-102255-0021.wav,7729-102255-0021,data/librispeech_test_clean_musan_music_snr4_seed20260827/clean/7729-102255-0021.wav,data/librispeech_test_clean_musan_music_snr4_seed20260827/noisy/7729-102255-0021.wav,16000,16000,1,1,126880,126880
1530,672-122797-0005.wav,672-122797-0005,data/librispeech_test_clean_musan_music_snr4_seed20260827/clean/672-122797-0005.wav,data/librispeech_test_clean_musan_music_snr4_seed20260827/noisy/672-122797-0005.wav,16000,16000,1,1,52160,52160
1531,4446-2273-0030.wav,4446-2273-0030,data/librispeech_test_clean_musan_music_snr4_seed20260827/clean/4446-2273-0030.wav,data/librispeech_test_clean_musan_music_snr4_seed20260827/noisy/4446-2273-0030.wav,16000,16000,1,1,46160,46160
1532,1089-134686-0015.wav,1089-134686-0015,data/librispeech_test_clean_musan_music_snr4_seed20260827/clean/1089-134686-0015.wav,data/librispeech_test_clean_musan_music_snr4_seed20260827/noisy/1089-134686-0015.wav,16000,16000,1,1,93040,93040
1533,8555-284449-0018.wav,8555-284449-0018,data/librispeech_test_clean_musan_music_snr4_seed20260827/clean/8555-284449-0018.wav,data/librispeech_test_clean_musan_music_snr4_seed20260827/noisy/8555-284449-0018.wav,16000,16000,1,1,112480,112480
1534,5683-32866-0012.wav,5683-32866-0012,data/librispeech_test_clean_musan_music_snr4_seed20260827/clean/5683-32866-0012.wav,data/librispeech_test_clean_musan_music_snr4_seed20260827/noisy/5683-32866-0012.wav,16000,16000,1,1,132160,132160
1535,1284-1180-0016.wav,1284-1180-0016,data/librispeech_test_clean_musan_music_snr4_seed20260827/clean/1284-1180-0016.wav,data/librispeech_test_clean_musan_music_snr4_seed20260827/noisy/1284-1180-0016.wav,16000,16000,1,1,34080,34080
1536,3575-170457-0052.wav,3575-170457-0052,data/librispeech_test_clean_musan_music_snr4_seed20260827/clean/3575-170457-0052.wav,data/librispeech_test_clean_musan_music_snr4_seed20260827/noisy/3575-170457-0052.wav,16000,16000,1,1,48000,48000
1537,237-134500-0005.wav,237-134500-0005,data/librispeech_test_clean_musan_music_snr4_seed20260827/clean/237-134500-0005.wav,data/librispeech_test_clean_musan_music_snr4_seed20260827/noisy/237-134500-0005.wav,16000,16000,1,1,38240,38240
1538,4970-29095-0022.wav,4970-29095-0022,data/librispeech_test_clean_musan_music_snr4_seed20260827/clean/4970-29095-0022.wav,data/librispeech_test_clean_musan_music_snr4_seed20260827/noisy/4970-29095-0022.wav,16000,16000,1,1,76240,76240
1539,237-126133-0025.wav,237-126133-0025,data/librispeech_test_clean_musan_music_snr4_seed20260827/clean/237-126133-0025.wav,data/librispeech_test_clean_musan_music_snr4_seed20260827/noisy/237-126133-0025.wav,16000,16000,1,1,60080,60080
1540,7021-85628-0011.wav,7021-85628-0011,data/librispeech_test_clean_musan_music_snr4_seed20260827/clean/7021-85628-0011.wav,data/librispeech_test_clean_musan_music_snr4_seed20260827/noisy/7021-85628-0011.wav,16000,16000,1,1,143920,143920
1541,61-70968-0044.wav,61-70968-0044,data/librispeech_test_clean_musan_music_snr4_seed20260827/clean/61-70968-0044.wav,data/librispeech_test_clean_musan_music_snr4_seed20260827/noisy/61-70968-0044.wav,16000,16000,1,1,44320,44320
1542,237-126133-0006.wav,237-126133-0006,data/librispeech_test_clean_musan_music_snr4_seed20260827/clean/237-126133-0006.wav,data/librispeech_test_clean_musan_music_snr4_seed20260827/noisy/237-126133-0006.wav,16000,16000,1,1,98400,98400
1543,1580-141084-0010.wav,1580-141084-0010,data/librispeech_test_clean_musan_music_snr4_seed20260827/clean/1580-141084-0010.wav,data/librispeech_test_clean_musan_music_snr4_seed20260827/noisy/1580-141084-0010.wav,16000,16000,1,1,71520,71520
1544,2300-131720-0032.wav,2300-131720-0032,data/librispeech_test_clean_musan_music_snr4_seed20260827/clean/2300-131720-0032.wav,data/librispeech_test_clean_musan_music_snr4_seed20260827/noisy/2300-131720-0032.wav,16000,16000,1,1,187040,187040
1545,3575-170457-0028.wav,3575-170457-0028,data/librispeech_test_clean_musan_music_snr4_seed20260827/clean/3575-170457-0028.wav,data/librispeech_test_clean_musan_music_snr4_seed20260827/noisy/3575-170457-0028.wav,16000,16000,1,1,88480,88480
1546,908-31957-0006.wav,908-31957-0006,data/librispeech_test_clean_musan_music_snr4_seed20260827/clean/908-31957-0006.wav,data/librispeech_test_clean_musan_music_snr4_seed20260827/noisy/908-31957-0006.wav,16000,16000,1,1,94240,94240
1547,61-70970-0026.wav,61-70970-0026,data/librispeech_test_clean_musan_music_snr4_seed20260827/clean/61-70970-0026.wav,data/librispeech_test_clean_musan_music_snr4_seed20260827/noisy/61-70970-0026.wav,16000,16000,1,1,87600,87600
1548,672-122797-0045.wav,672-122797-0045,data/librispeech_test_clean_musan_music_snr4_seed20260827/clean/672-122797-0045.wav,data/librispeech_test_clean_musan_music_snr4_seed20260827/noisy/672-122797-0045.wav,16000,16000,1,1,223360,223360
1549,1995-1826-0026.wav,1995-1826-0026,data/librispeech_test_clean_musan_music_snr4_seed20260827/clean/1995-1826-0026.wav,data/librispeech_test_clean_musan_music_snr4_seed20260827/noisy/1995-1826-0026.wav,16000,16000,1,1,247200,247200
1550,5639-40744-0028.wav,5639-40744-0028,data/librispeech_test_clean_musan_music_snr4_seed20260827/clean/5639-40744-0028.wav,data/librispeech_test_clean_musan_music_snr4_seed20260827/noisy/5639-40744-0028.wav,16000,16000,1,1,196000,196000
1551,3575-170457-0038.wav,3575-170457-0038,data/librispeech_test_clean_musan_music_snr4_seed20260827/clean/3575-170457-0038.wav,data/librispeech_test_clean_musan_music_snr4_seed20260827/noisy/3575-170457-0038.wav,16000,16000,1,1,184560,184560
1552,260-123288-0002.wav,260-123288-0002,data/librispeech_test_clean_musan_music_snr4_seed20260827/clean/260-123288-0002.wav,data/librispeech_test_clean_musan_music_snr4_seed20260827/noisy/260-123288-0002.wav,16000,16000,1,1,116000,116000
1553,237-134500-0008.wav,237-134500-0008,data/librispeech_test_clean_musan_music_snr4_seed20260827/clean/237-134500-0008.wav,data/librispeech_test_clean_musan_music_snr4_seed20260827/noisy/237-134500-0008.wav,16000,16000,1,1,60160,60160
1554,672-122797-0073.wav,672-122797-0073,data/librispeech_test_clean_musan_music_snr4_seed20260827/clean/672-122797-0073.wav,data/librispeech_test_clean_musan_music_snr4_seed20260827/noisy/672-122797-0073.wav,16000,16000,1,1,131280,131280
1555,3575-170457-0056.wav,3575-170457-0056,data/librispeech_test_clean_musan_music_snr4_seed20260827/clean/3575-170457-0056.wav,data/librispeech_test_clean_musan_music_snr4_seed20260827/noisy/3575-170457-0056.wav,16000,16000,1,1,53921,53921
1556,4992-23283-0012.wav,4992-23283-0012,data/librispeech_test_clean_musan_music_snr4_seed20260827/clean/4992-23283-0012.wav,data/librispeech_test_clean_musan_music_snr4_seed20260827/noisy/4992-23283-0012.wav,16000,16000,1,1,347760,347760
1557,8555-284447-0007.wav,8555-284447-0007,data/librispeech_test_clean_musan_music_snr4_seed20260827/clean/8555-284447-0007.wav,data/librispeech_test_clean_musan_music_snr4_seed20260827/noisy/8555-284447-0007.wav,16000,16000,1,1,101840,101840
1558,3575-170457-0051.wav,3575-170457-0051,data/librispeech_test_clean_musan_music_snr4_seed20260827/clean/3575-170457-0051.wav,data/librispeech_test_clean_musan_music_snr4_seed20260827/noisy/3575-170457-0051.wav,16000,16000,1,1,78640,78640
1559,61-70968-0003.wav,61-70968-0003,data/librispeech_test_clean_musan_music_snr4_seed20260827/clean/61-70968-0003.wav,data/librispeech_test_clean_musan_music_snr4_seed20260827/noisy/61-70968-0003.wav,16000,16000,1,1,69040,69040
1560,260-123286-0008.wav,260-123286-0008,data/librispeech_test_clean_musan_music_snr4_seed20260827/clean/260-123286-0008.wav,data/librispeech_test_clean_musan_music_snr4_seed20260827/noisy/260-123286-0008.wav,16000,16000,1,1,59760,59760
1561,2094-142345-0003.wav,2094-142345-0003,data/librispeech_test_clean_musan_music_snr4_seed20260827/clean/2094-142345-0003.wav,data/librispeech_test_clean_musan_music_snr4_seed20260827/noisy/2094-142345-0003.wav,16000,16000,1,1,234800,234800
1562,61-70968-0029.wav,61-70968-0029,data/librispeech_test_clean_musan_music_snr4_seed20260827/clean/61-70968-0029.wav,data/librispeech_test_clean_musan_music_snr4_seed20260827/noisy/61-70968-0029.wav,16000,16000,1,1,55920,55920
1563,3575-170457-0014.wav,3575-170457-0014,data/librispeech_test_clean_musan_music_snr4_seed20260827/clean/3575-170457-0014.wav,data/librispeech_test_clean_musan_music_snr4_seed20260827/noisy/3575-170457-0014.wav,16000,16000,1,1,106880,106880
1564,1580-141084-0021.wav,1580-141084-0021,data/librispeech_test_clean_musan_music_snr4_seed20260827/clean/1580-141084-0021.wav,data/librispeech_test_clean_musan_music_snr4_seed20260827/noisy/1580-141084-0021.wav,16000,16000,1,1,64160,64160
1565,1995-1836-0007.wav,1995-1836-0007,data/librispeech_test_clean_musan_music_snr4_seed20260827/clean/1995-1836-0007.wav,data/librispeech_test_clean_musan_music_snr4_seed20260827/noisy/1995-1836-0007.wav,16000,16000,1,1,54960,54960
1566,1580-141083-0053.wav,1580-141083-0053,data/librispeech_test_clean_musan_music_snr4_seed20260827/clean/1580-141083-0053.wav,data/librispeech_test_clean_musan_music_snr4_seed20260827/noisy/1580-141083-0053.wav,16000,16000,1,1,64240,64240
1567,7176-92135-0039.wav,7176-92135-0039,data/librispeech_test_clean_musan_music_snr4_seed20260827/clean/7176-92135-0039.wav,data/librispeech_test_clean_musan_music_snr4_seed20260827/noisy/7176-92135-0039.wav,16000,16000,1,1,50000,50000
1568,237-126133-0018.wav,237-126133-0018,data/librispeech_test_clean_musan_music_snr4_seed20260827/clean/237-126133-0018.wav,data/librispeech_test_clean_musan_music_snr4_seed20260827/noisy/237-126133-0018.wav,16000,16000,1,1,65520,65520
1569,6930-75918-0001.wav,6930-75918-0001,data/librispeech_test_clean_musan_music_snr4_seed20260827/clean/6930-75918-0001.wav,data/librispeech_test_clean_musan_music_snr4_seed20260827/noisy/6930-75918-0001.wav,16000,16000,1,1,227600,227600
1570,4992-41806-0001.wav,4992-41806-0001,data/librispeech_test_clean_musan_music_snr4_seed20260827/clean/4992-41806-0001.wav,data/librispeech_test_clean_musan_music_snr4_seed20260827/noisy/4992-41806-0001.wav,16000,16000,1,1,132960,132960
1571,8455-210777-0020.wav,8455-210777-0020,data/librispeech_test_clean_musan_music_snr4_seed20260827/clean/8455-210777-0020.wav,data/librispeech_test_clean_musan_music_snr4_seed20260827/noisy/8455-210777-0020.wav,16000,16000,1,1,50480,50480
1572,7127-75946-0025.wav,7127-75946-0025,data/librispeech_test_clean_musan_music_snr4_seed20260827/clean/7127-75946-0025.wav,data/librispeech_test_clean_musan_music_snr4_seed20260827/noisy/7127-75946-0025.wav,16000,16000,1,1,63360,63360
1573,4970-29093-0017.wav,4970-29093-0017,data/librispeech_test_clean_musan_music_snr4_seed20260827/clean/4970-29093-0017.wav,data/librispeech_test_clean_musan_music_snr4_seed20260827/noisy/4970-29093-0017.wav,16000,16000,1,1,45840,45840
1574,6930-81414-0018.wav,6930-81414-0018,data/librispeech_test_clean_musan_music_snr4_seed20260827/clean/6930-81414-0018.wav,data/librispeech_test_clean_musan_music_snr4_seed20260827/noisy/6930-81414-0018.wav,16000,16000,1,1,46880,46880
1575,2094-142345-0024.wav,2094-142345-0024,data/librispeech_test_clean_musan_music_snr4_seed20260827/clean/2094-142345-0024.wav,data/librispeech_test_clean_musan_music_snr4_seed20260827/noisy/2094-142345-0024.wav,16000,16000,1,1,84320,84320
1576,4446-2273-0028.wav,4446-2273-0028,data/librispeech_test_clean_musan_music_snr4_seed20260827/clean/4446-2273-0028.wav,data/librispeech_test_clean_musan_music_snr4_seed20260827/noisy/4446-2273-0028.wav,16000,16000,1,1,86480,86480
1577,2300-131720-0013.wav,2300-131720-0013,data/librispeech_test_clean_musan_music_snr4_seed20260827/clean/2300-131720-0013.wav,data/librispeech_test_clean_musan_music_snr4_seed20260827/noisy/2300-131720-0013.wav,16000,16000,1,1,222240,222240
1578,7176-92135-0044.wav,7176-92135-0044,data/librispeech_test_clean_musan_music_snr4_seed20260827/clean/7176-92135-0044.wav,data/librispeech_test_clean_musan_music_snr4_seed20260827/noisy/7176-92135-0044.wav,16000,16000,1,1,82800,82800
1579,8224-274384-0011.wav,8224-274384-0011,data/librispeech_test_clean_musan_music_snr4_seed20260827/clean/8224-274384-0011.wav,data/librispeech_test_clean_musan_music_snr4_seed20260827/noisy/8224-274384-0011.wav,16000,16000,1,1,357760,357760
1580,5142-36377-0001.wav,5142-36377-0001,data/librispeech_test_clean_musan_music_snr4_seed20260827/clean/5142-36377-0001.wav,data/librispeech_test_clean_musan_music_snr4_seed20260827/noisy/5142-36377-0001.wav,16000,16000,1,1,86240,86240
1581,1284-1180-0027.wav,1284-1180-0027,data/librispeech_test_clean_musan_music_snr4_seed20260827/clean/1284-1180-0027.wav,data/librispeech_test_clean_musan_music_snr4_seed20260827/noisy/1284-1180-0027.wav,16000,16000,1,1,52320,52320
1582,7127-75946-0006.wav,7127-75946-0006,data/librispeech_test_clean_musan_music_snr4_seed20260827/clean/7127-75946-0006.wav,data/librispeech_test_clean_musan_music_snr4_seed20260827/noisy/7127-75946-0006.wav,16000,16000,1,1,127680,127680
1583,6829-68769-0016.wav,6829-68769-0016,data/librispeech_test_clean_musan_music_snr4_seed20260827/clean/6829-68769-0016.wav,data/librispeech_test_clean_musan_music_snr4_seed20260827/noisy/6829-68769-0016.wav,16000,16000,1,1,65920,65920
1584,5639-40744-0027.wav,5639-40744-0027,data/librispeech_test_clean_musan_music_snr4_seed20260827/clean/5639-40744-0027.wav,data/librispeech_test_clean_musan_music_snr4_seed20260827/noisy/5639-40744-0027.wav,16000,16000,1,1,372160,372160
1585,4446-2271-0011.wav,4446-2271-0011,data/librispeech_test_clean_musan_music_snr4_seed20260827/clean/4446-2271-0011.wav,data/librispeech_test_clean_musan_music_snr4_seed20260827/noisy/4446-2271-0011.wav,16000,16000,1,1,63120,63120
1586,3729-6852-0045.wav,3729-6852-0045,data/librispeech_test_clean_musan_music_snr4_seed20260827/clean/3729-6852-0045.wav,data/librispeech_test_clean_musan_music_snr4_seed20260827/noisy/3729-6852-0045.wav,16000,16000,1,1,326000,326000
1587,2094-142345-0043.wav,2094-142345-0043,data/librispeech_test_clean_musan_music_snr4_seed20260827/clean/2094-142345-0043.wav,data/librispeech_test_clean_musan_music_snr4_seed20260827/noisy/2094-142345-0043.wav,16000,16000,1,1,117600,117600
1588,7127-75947-0036.wav,7127-75947-0036,data/librispeech_test_clean_musan_music_snr4_seed20260827/clean/7127-75947-0036.wav,data/librispeech_test_clean_musan_music_snr4_seed20260827/noisy/7127-75947-0036.wav,16000,16000,1,1,39040,39040
1589,61-70968-0000.wav,61-70968-0000,data/librispeech_test_clean_musan_music_snr4_seed20260827/clean/61-70968-0000.wav,data/librispeech_test_clean_musan_music_snr4_seed20260827/noisy/61-70968-0000.wav,16000,16000,1,1,78480,78480
1590,1089-134691-0013.wav,1089-134691-0013,data/librispeech_test_clean_musan_music_snr4_seed20260827/clean/1089-134691-0013.wav,data/librispeech_test_clean_musan_music_snr4_seed20260827/noisy/1089-134691-0013.wav,16000,16000,1,1,261280,261280
1591,672-122797-0002.wav,672-122797-0002,data/librispeech_test_clean_musan_music_snr4_seed20260827/clean/672-122797-0002.wav,data/librispeech_test_clean_musan_music_snr4_seed20260827/noisy/672-122797-0002.wav,16000,16000,1,1,217920,217920
1592,5142-33396-0008.wav,5142-33396-0008,data/librispeech_test_clean_musan_music_snr4_seed20260827/clean/5142-33396-0008.wav,data/librispeech_test_clean_musan_music_snr4_seed20260827/noisy/5142-33396-0008.wav,16000,16000,1,1,33760,33760
1593,2094-142345-0053.wav,2094-142345-0053,data/librispeech_test_clean_musan_music_snr4_seed20260827/clean/2094-142345-0053.wav,data/librispeech_test_clean_musan_music_snr4_seed20260827/noisy/2094-142345-0053.wav,16000,16000,1,1,54320,54320
1594,1320-122612-0012.wav,1320-122612-0012,data/librispeech_test_clean_musan_music_snr4_seed20260827/clean/1320-122612-0012.wav,data/librispeech_test_clean_musan_music_snr4_seed20260827/noisy/1320-122612-0012.wav,16000,16000,1,1,167840,167840
1595,1284-1181-0007.wav,1284-1181-0007,data/librispeech_test_clean_musan_music_snr4_seed20260827/clean/1284-1181-0007.wav,data/librispeech_test_clean_musan_music_snr4_seed20260827/noisy/1284-1181-0007.wav,16000,16000,1,1,64640,64640
1596,2830-3980-0065.wav,2830-3980-0065,data/librispeech_test_clean_musan_music_snr4_seed20260827/clean/2830-3980-0065.wav,data/librispeech_test_clean_musan_music_snr4_seed20260827/noisy/2830-3980-0065.wav,16000,16000,1,1,104240,104240
1597,6829-68771-0006.wav,6829-68771-0006,data/librispeech_test_clean_musan_music_snr4_seed20260827/clean/6829-68771-0006.wav,data/librispeech_test_clean_musan_music_snr4_seed20260827/noisy/6829-68771-0006.wav,16000,16000,1,1,94720,94720
1598,3729-6852-0038.wav,3729-6852-0038,data/librispeech_test_clean_musan_music_snr4_seed20260827/clean/3729-6852-0038.wav,data/librispeech_test_clean_musan_music_snr4_seed20260827/noisy/3729-6852-0038.wav,16000,16000,1,1,92320,92320
1599,8555-284447-0013.wav,8555-284447-0013,data/librispeech_test_clean_musan_music_snr4_seed20260827/clean/8555-284447-0013.wav,data/librispeech_test_clean_musan_music_snr4_seed20260827/noisy/8555-284447-0013.wav,16000,16000,1,1,144640,144640
1600,121-127105-0003.wav,121-127105-0003,data/librispeech_test_clean_musan_music_snr4_seed20260827/clean/121-127105-0003.wav,data/librispeech_test_clean_musan_music_snr4_seed20260827/noisy/121-127105-0003.wav,16000,16000,1,1,123600,123600
1601,1580-141084-0027.wav,1580-141084-0027,data/librispeech_test_clean_musan_music_snr4_seed20260827/clean/1580-141084-0027.wav,data/librispeech_test_clean_musan_music_snr4_seed20260827/noisy/1580-141084-0027.wav,16000,16000,1,1,53760,53760
1602,4507-16021-0001.wav,4507-16021-0001,data/librispeech_test_clean_musan_music_snr4_seed20260827/clean/4507-16021-0001.wav,data/librispeech_test_clean_musan_music_snr4_seed20260827/noisy/4507-16021-0001.wav,16000,16000,1,1,181120,181120
1603,6930-76324-0002.wav,6930-76324-0002,data/librispeech_test_clean_musan_music_snr4_seed20260827/clean/6930-76324-0002.wav,data/librispeech_test_clean_musan_music_snr4_seed20260827/noisy/6930-76324-0002.wav,16000,16000,1,1,88960,88960
1604,4446-2271-0019.wav,4446-2271-0019,data/librispeech_test_clean_musan_music_snr4_seed20260827/clean/4446-2271-0019.wav,data/librispeech_test_clean_musan_music_snr4_seed20260827/noisy/4446-2271-0019.wav,16000,16000,1,1,61200,61200
1605,8555-284447-0011.wav,8555-284447-0011,data/librispeech_test_clean_musan_music_snr4_seed20260827/clean/8555-284447-0011.wav,data/librispeech_test_clean_musan_music_snr4_seed20260827/noisy/8555-284447-0011.wav,16000,16000,1,1,31280,31280
1606,6829-68769-0011.wav,6829-68769-0011,data/librispeech_test_clean_musan_music_snr4_seed20260827/clean/6829-68769-0011.wav,data/librispeech_test_clean_musan_music_snr4_seed20260827/noisy/6829-68769-0011.wav,16000,16000,1,1,74960,74960
1607,121-121726-0006.wav,121-121726-0006,data/librispeech_test_clean_musan_music_snr4_seed20260827/clean/121-121726-0006.wav,data/librispeech_test_clean_musan_music_snr4_seed20260827/noisy/121-121726-0006.wav,16000,16000,1,1,62320,62320
1608,672-122797-0006.wav,672-122797-0006,data/librispeech_test_clean_musan_music_snr4_seed20260827/clean/672-122797-0006.wav,data/librispeech_test_clean_musan_music_snr4_seed20260827/noisy/672-122797-0006.wav,16000,16000,1,1,223200,223200
1609,2830-3980-0066.wav,2830-3980-0066,data/librispeech_test_clean_musan_music_snr4_seed20260827/clean/2830-3980-0066.wav,data/librispeech_test_clean_musan_music_snr4_seed20260827/noisy/2830-3980-0066.wav,16000,16000,1,1,97360,97360
1610,7729-102255-0001.wav,7729-102255-0001,data/librispeech_test_clean_musan_music_snr4_seed20260827/clean/7729-102255-0001.wav,data/librispeech_test_clean_musan_music_snr4_seed20260827/noisy/7729-102255-0001.wav,16000,16000,1,1,55200,55200
1611,2961-961-0015.wav,2961-961-0015,data/librispeech_test_clean_musan_music_snr4_seed20260827/clean/2961-961-0015.wav,data/librispeech_test_clean_musan_music_snr4_seed20260827/noisy/2961-961-0015.wav,16000,16000,1,1,109040,109040
1612,1089-134691-0014.wav,1089-134691-0014,data/librispeech_test_clean_musan_music_snr4_seed20260827/clean/1089-134691-0014.wav,data/librispeech_test_clean_musan_music_snr4_seed20260827/noisy/1089-134691-0014.wav,16000,16000,1,1,76080,76080
1613,2300-131720-0036.wav,2300-131720-0036,data/librispeech_test_clean_musan_music_snr4_seed20260827/clean/2300-131720-0036.wav,data/librispeech_test_clean_musan_music_snr4_seed20260827/noisy/2300-131720-0036.wav,16000,16000,1,1,113360,113360
1614,7176-92135-0031.wav,7176-92135-0031,data/librispeech_test_clean_musan_music_snr4_seed20260827/clean/7176-92135-0031.wav,data/librispeech_test_clean_musan_music_snr4_seed20260827/noisy/7176-92135-0031.wav,16000,16000,1,1,154240,154240
1615,61-70968-0010.wav,61-70968-0010,data/librispeech_test_clean_musan_music_snr4_seed20260827/clean/61-70968-0010.wav,data/librispeech_test_clean_musan_music_snr4_seed20260827/noisy/61-70968-0010.wav,16000,16000,1,1,132720,132720
1616,2830-3980-0001.wav,2830-3980-0001,data/librispeech_test_clean_musan_music_snr4_seed20260827/clean/2830-3980-0001.wav,data/librispeech_test_clean_musan_music_snr4_seed20260827/noisy/2830-3980-0001.wav,16000,16000,1,1,63120,63120
1617,908-157963-0030.wav,908-157963-0030,data/librispeech_test_clean_musan_music_snr4_seed20260827/clean/908-157963-0030.wav,data/librispeech_test_clean_musan_music_snr4_seed20260827/noisy/908-157963-0030.wav,16000,16000,1,1,72320,72320
1618,8463-294825-0014.wav,8463-294825-0014,data/librispeech_test_clean_musan_music_snr4_seed20260827/clean/8463-294825-0014.wav,data/librispeech_test_clean_musan_music_snr4_seed20260827/noisy/8463-294825-0014.wav,16000,16000,1,1,38640,38640
1619,5683-32865-0001.wav,5683-32865-0001,data/librispeech_test_clean_musan_music_snr4_seed20260827/clean/5683-32865-0001.wav,data/librispeech_test_clean_musan_music_snr4_seed20260827/noisy/5683-32865-0001.wav,16000,16000,1,1,41280,41280
1620,121-123859-0002.wav,121-123859-0002,data/librispeech_test_clean_musan_music_snr4_seed20260827/clean/121-123859-0002.wav,data/librispeech_test_clean_musan_music_snr4_seed20260827/noisy/121-123859-0002.wav,16000,16000,1,1,480640,480640
1621,1995-1837-0002.wav,1995-1837-0002,data/librispeech_test_clean_musan_music_snr4_seed20260827/clean/1995-1837-0002.wav,data/librispeech_test_clean_musan_music_snr4_seed20260827/noisy/1995-1837-0002.wav,16000,16000,1,1,44640,44640
1622,7127-75946-0016.wav,7127-75946-0016,data/librispeech_test_clean_musan_music_snr4_seed20260827/clean/7127-75946-0016.wav,data/librispeech_test_clean_musan_music_snr4_seed20260827/noisy/7127-75946-0016.wav,16000,16000,1,1,179360,179360
1623,2961-960-0007.wav,2961-960-0007,data/librispeech_test_clean_musan_music_snr4_seed20260827/clean/2961-960-0007.wav,data/librispeech_test_clean_musan_music_snr4_seed20260827/noisy/2961-960-0007.wav,16000,16000,1,1,122240,122240
1624,5683-32865-0012.wav,5683-32865-0012,data/librispeech_test_clean_musan_music_snr4_seed20260827/clean/5683-32865-0012.wav,data/librispeech_test_clean_musan_music_snr4_seed20260827/noisy/5683-32865-0012.wav,16000,16000,1,1,344160,344160
1625,8555-292519-0008.wav,8555-292519-0008,data/librispeech_test_clean_musan_music_snr4_seed20260827/clean/8555-292519-0008.wav,data/librispeech_test_clean_musan_music_snr4_seed20260827/noisy/8555-292519-0008.wav,16000,16000,1,1,96400,96400
1626,1284-134647-0006.wav,1284-134647-0006,data/librispeech_test_clean_musan_music_snr4_seed20260827/clean/1284-134647-0006.wav,data/librispeech_test_clean_musan_music_snr4_seed20260827/noisy/1284-134647-0006.wav,16000,16000,1,1,162480,162480
1627,1995-1837-0019.wav,1995-1837-0019,data/librispeech_test_clean_musan_music_snr4_seed20260827/clean/1995-1837-0019.wav,data/librispeech_test_clean_musan_music_snr4_seed20260827/noisy/1995-1837-0019.wav,16000,16000,1,1,86080,86080
1628,3575-170457-0049.wav,3575-170457-0049,data/librispeech_test_clean_musan_music_snr4_seed20260827/clean/3575-170457-0049.wav,data/librispeech_test_clean_musan_music_snr4_seed20260827/noisy/3575-170457-0049.wav,16000,16000,1,1,43440,43440
1629,6930-76324-0005.wav,6930-76324-0005,data/librispeech_test_clean_musan_music_snr4_seed20260827/clean/6930-76324-0005.wav,data/librispeech_test_clean_musan_music_snr4_seed20260827/noisy/6930-76324-0005.wav,16000,16000,1,1,80560,80560
1630,1284-1181-0010.wav,1284-1181-0010,data/librispeech_test_clean_musan_music_snr4_seed20260827/clean/1284-1181-0010.wav,data/librispeech_test_clean_musan_music_snr4_seed20260827/noisy/1284-1181-0010.wav,16000,16000,1,1,102960,102960
1631,2094-142345-0001.wav,2094-142345-0001,data/librispeech_test_clean_musan_music_snr4_seed20260827/clean/2094-142345-0001.wav,data/librispeech_test_clean_musan_music_snr4_seed20260827/noisy/2094-142345-0001.wav,16000,16000,1,1,128480,128480
1632,8463-294825-0018.wav,8463-294825-0018,data/librispeech_test_clean_musan_music_snr4_seed20260827/clean/8463-294825-0018.wav,data/librispeech_test_clean_musan_music_snr4_seed20260827/noisy/8463-294825-0018.wav,16000,16000,1,1,46960,46960
1633,1089-134691-0008.wav,1089-134691-0008,data/librispeech_test_clean_musan_music_snr4_seed20260827/clean/1089-134691-0008.wav,data/librispeech_test_clean_musan_music_snr4_seed20260827/noisy/1089-134691-0008.wav,16000,16000,1,1,239760,239760
1634,8463-294828-0001.wav,8463-294828-0001,data/librispeech_test_clean_musan_music_snr4_seed20260827/clean/8463-294828-0001.wav,data/librispeech_test_clean_musan_music_snr4_seed20260827/noisy/8463-294828-0001.wav,16000,16000,1,1,147040,147040
1635,5639-40744-0034.wav,5639-40744-0034,data/librispeech_test_clean_musan_music_snr4_seed20260827/clean/5639-40744-0034.wav,data/librispeech_test_clean_musan_music_snr4_seed20260827/noisy/5639-40744-0034.wav,16000,16000,1,1,208880,208880
1636,260-123286-0026.wav,260-123286-0026,data/librispeech_test_clean_musan_music_snr4_seed20260827/clean/260-123286-0026.wav,data/librispeech_test_clean_musan_music_snr4_seed20260827/noisy/260-123286-0026.wav,16000,16000,1,1,111040,111040
1637,237-134500-0011.wav,237-134500-0011,data/librispeech_test_clean_musan_music_snr4_seed20260827/clean/237-134500-0011.wav,data/librispeech_test_clean_musan_music_snr4_seed20260827/noisy/237-134500-0011.wav,16000,16000,1,1,53600,53600
1638,4507-16021-0054.wav,4507-16021-0054,data/librispeech_test_clean_musan_music_snr4_seed20260827/clean/4507-16021-0054.wav,data/librispeech_test_clean_musan_music_snr4_seed20260827/noisy/4507-16021-0054.wav,16000,16000,1,1,69040,69040
1639,4446-2275-0037.wav,4446-2275-0037,data/librispeech_test_clean_musan_music_snr4_seed20260827/clean/4446-2275-0037.wav,data/librispeech_test_clean_musan_music_snr4_seed20260827/noisy/4446-2275-0037.wav,16000,16000,1,1,33440,33440
1640,8555-292519-0013.wav,8555-292519-0013,data/librispeech_test_clean_musan_music_snr4_seed20260827/clean/8555-292519-0013.wav,data/librispeech_test_clean_musan_music_snr4_seed20260827/noisy/8555-292519-0013.wav,16000,16000,1,1,66960,66960
1641,8230-279154-0025.wav,8230-279154-0025,data/librispeech_test_clean_musan_music_snr4_seed20260827/clean/8230-279154-0025.wav,data/librispeech_test_clean_musan_music_snr4_seed20260827/noisy/8230-279154-0025.wav,16000,16000,1,1,348480,348480
1642,8230-279154-0020.wav,8230-279154-0020,data/librispeech_test_clean_musan_music_snr4_seed20260827/clean/8230-279154-0020.wav,data/librispeech_test_clean_musan_music_snr4_seed20260827/noisy/8230-279154-0020.wav,16000,16000,1,1,125360,125360
1643,8463-294828-0027.wav,8463-294828-0027,data/librispeech_test_clean_musan_music_snr4_seed20260827/clean/8463-294828-0027.wav,data/librispeech_test_clean_musan_music_snr4_seed20260827/noisy/8463-294828-0027.wav,16000,16000,1,1,95680,95680
1644,2830-3980-0067.wav,2830-3980-0067,data/librispeech_test_clean_musan_music_snr4_seed20260827/clean/2830-3980-0067.wav,data/librispeech_test_clean_musan_music_snr4_seed20260827/noisy/2830-3980-0067.wav,16000,16000,1,1,130080,130080
1645,1580-141083-0025.wav,1580-141083-0025,data/librispeech_test_clean_musan_music_snr4_seed20260827/clean/1580-141083-0025.wav,data/librispeech_test_clean_musan_music_snr4_seed20260827/noisy/1580-141083-0025.wav,16000,16000,1,1,62480,62480
1646,6930-81414-0016.wav,6930-81414-0016,data/librispeech_test_clean_musan_music_snr4_seed20260827/clean/6930-81414-0016.wav,data/librispeech_test_clean_musan_music_snr4_seed20260827/noisy/6930-81414-0016.wav,16000,16000,1,1,34560,34560
1647,8555-284447-0012.wav,8555-284447-0012,data/librispeech_test_clean_musan_music_snr4_seed20260827/clean/8555-284447-0012.wav,data/librispeech_test_clean_musan_music_snr4_seed20260827/noisy/8555-284447-0012.wav,16000,16000,1,1,36400,36400
1648,3575-170457-0045.wav,3575-170457-0045,data/librispeech_test_clean_musan_music_snr4_seed20260827/clean/3575-170457-0045.wav,data/librispeech_test_clean_musan_music_snr4_seed20260827/noisy/3575-170457-0045.wav,16000,16000,1,1,104320,104320
1649,4992-41806-0004.wav,4992-41806-0004,data/librispeech_test_clean_musan_music_snr4_seed20260827/clean/4992-41806-0004.wav,data/librispeech_test_clean_musan_music_snr4_seed20260827/noisy/4992-41806-0004.wav,16000,16000,1,1,59200,59200
1650,4446-2271-0012.wav,4446-2271-0012,data/librispeech_test_clean_musan_music_snr4_seed20260827/clean/4446-2271-0012.wav,data/librispeech_test_clean_musan_music_snr4_seed20260827/noisy/4446-2271-0012.wav,16000,16000,1,1,60480,60480
1651,7127-75946-0020.wav,7127-75946-0020,data/librispeech_test_clean_musan_music_snr4_seed20260827/clean/7127-75946-0020.wav,data/librispeech_test_clean_musan_music_snr4_seed20260827/noisy/7127-75946-0020.wav,16000,16000,1,1,104320,104320
1652,4446-2275-0007.wav,4446-2275-0007,data/librispeech_test_clean_musan_music_snr4_seed20260827/clean/4446-2275-0007.wav,data/librispeech_test_clean_musan_music_snr4_seed20260827/noisy/4446-2275-0007.wav,16000,16000,1,1,143600,143600
1653,6829-68771-0032.wav,6829-68771-0032,data/librispeech_test_clean_musan_music_snr4_seed20260827/clean/6829-68771-0032.wav,data/librispeech_test_clean_musan_music_snr4_seed20260827/noisy/6829-68771-0032.wav,16000,16000,1,1,104880,104880
1654,4446-2275-0017.wav,4446-2275-0017,data/librispeech_test_clean_musan_music_snr4_seed20260827/clean/4446-2275-0017.wav,data/librispeech_test_clean_musan_music_snr4_seed20260827/noisy/4446-2275-0017.wav,16000,16000,1,1,39600,39600
1655,6930-75918-0009.wav,6930-75918-0009,data/librispeech_test_clean_musan_music_snr4_seed20260827/clean/6930-75918-0009.wav,data/librispeech_test_clean_musan_music_snr4_seed20260827/noisy/6930-75918-0009.wav,16000,16000,1,1,116480,116480
1656,2830-3980-0040.wav,2830-3980-0040,data/librispeech_test_clean_musan_music_snr4_seed20260827/clean/2830-3980-0040.wav,data/librispeech_test_clean_musan_music_snr4_seed20260827/noisy/2830-3980-0040.wav,16000,16000,1,1,41920,41920
1657,61-70970-0023.wav,61-70970-0023,data/librispeech_test_clean_musan_music_snr4_seed20260827/clean/61-70970-0023.wav,data/librispeech_test_clean_musan_music_snr4_seed20260827/noisy/61-70970-0023.wav,16000,16000,1,1,59280,59280
1658,1580-141084-0031.wav,1580-141084-0031,data/librispeech_test_clean_musan_music_snr4_seed20260827/clean/1580-141084-0031.wav,data/librispeech_test_clean_musan_music_snr4_seed20260827/noisy/1580-141084-0031.wav,16000,16000,1,1,103520,103520
1659,7021-85628-0013.wav,7021-85628-0013,data/librispeech_test_clean_musan_music_snr4_seed20260827/clean/7021-85628-0013.wav,data/librispeech_test_clean_musan_music_snr4_seed20260827/noisy/7021-85628-0013.wav,16000,16000,1,1,194080,194080
1660,1221-135767-0024.wav,1221-135767-0024,data/librispeech_test_clean_musan_music_snr4_seed20260827/clean/1221-135767-0024.wav,data/librispeech_test_clean_musan_music_snr4_seed20260827/noisy/1221-135767-0024.wav,16000,16000,1,1,93600,93600
1661,1320-122617-0026.wav,1320-122617-0026,data/librispeech_test_clean_musan_music_snr4_seed20260827/clean/1320-122617-0026.wav,data/librispeech_test_clean_musan_music_snr4_seed20260827/noisy/1320-122617-0026.wav,16000,16000,1,1,83600,83600
1662,8455-210777-0003.wav,8455-210777-0003,data/librispeech_test_clean_musan_music_snr4_seed20260827/clean/8455-210777-0003.wav,data/librispeech_test_clean_musan_music_snr4_seed20260827/noisy/8455-210777-0003.wav,16000,16000,1,1,171520,171520
1663,2961-960-0012.wav,2961-960-0012,data/librispeech_test_clean_musan_music_snr4_seed20260827/clean/2961-960-0012.wav,data/librispeech_test_clean_musan_music_snr4_seed20260827/noisy/2961-960-0012.wav,16000,16000,1,1,110240,110240
1664,4507-16021-0027.wav,4507-16021-0027,data/librispeech_test_clean_musan_music_snr4_seed20260827/clean/4507-16021-0027.wav,data/librispeech_test_clean_musan_music_snr4_seed20260827/noisy/4507-16021-0027.wav,16000,16000,1,1,31920,31920
1665,4507-16021-0022.wav,4507-16021-0022,data/librispeech_test_clean_musan_music_snr4_seed20260827/clean/4507-16021-0022.wav,data/librispeech_test_clean_musan_music_snr4_seed20260827/noisy/4507-16021-0022.wav,16000,16000,1,1,99200,99200
1666,8224-274381-0015.wav,8224-274381-0015,data/librispeech_test_clean_musan_music_snr4_seed20260827/clean/8224-274381-0015.wav,data/librispeech_test_clean_musan_music_snr4_seed20260827/noisy/8224-274381-0015.wav,16000,16000,1,1,202480,202480
1667,3575-170457-0000.wav,3575-170457-0000,data/librispeech_test_clean_musan_music_snr4_seed20260827/clean/3575-170457-0000.wav,data/librispeech_test_clean_musan_music_snr4_seed20260827/noisy/3575-170457-0000.wav,16000,16000,1,1,131680,131680
1668,6930-76324-0013.wav,6930-76324-0013,data/librispeech_test_clean_musan_music_snr4_seed20260827/clean/6930-76324-0013.wav,data/librispeech_test_clean_musan_music_snr4_seed20260827/noisy/6930-76324-0013.wav,16000,16000,1,1,68880,68880
1669,4992-41806-0007.wav,4992-41806-0007,data/librispeech_test_clean_musan_music_snr4_seed20260827/clean/4992-41806-0007.wav,data/librispeech_test_clean_musan_music_snr4_seed20260827/noisy/4992-41806-0007.wav,16000,16000,1,1,182640,182640
1670,3570-5695-0015.wav,3570-5695-0015,data/librispeech_test_clean_musan_music_snr4_seed20260827/clean/3570-5695-0015.wav,data/librispeech_test_clean_musan_music_snr4_seed20260827/noisy/3570-5695-0015.wav,16000,16000,1,1,127200,127200
1671,3729-6852-0037.wav,3729-6852-0037,data/librispeech_test_clean_musan_music_snr4_seed20260827/clean/3729-6852-0037.wav,data/librispeech_test_clean_musan_music_snr4_seed20260827/noisy/3729-6852-0037.wav,16000,16000,1,1,94240,94240
1672,4992-41806-0006.wav,4992-41806-0006,data/librispeech_test_clean_musan_music_snr4_seed20260827/clean/4992-41806-0006.wav,data/librispeech_test_clean_musan_music_snr4_seed20260827/noisy/4992-41806-0006.wav,16000,16000,1,1,165920,165920
1673,260-123286-0027.wav,260-123286-0027,data/librispeech_test_clean_musan_music_snr4_seed20260827/clean/260-123286-0027.wav,data/librispeech_test_clean_musan_music_snr4_seed20260827/noisy/260-123286-0027.wav,16000,16000,1,1,114720,114720
1674,1320-122617-0033.wav,1320-122617-0033,data/librispeech_test_clean_musan_music_snr4_seed20260827/clean/1320-122617-0033.wav,data/librispeech_test_clean_musan_music_snr4_seed20260827/noisy/1320-122617-0033.wav,16000,16000,1,1,176720,176720
1675,1580-141083-0051.wav,1580-141083-0051,data/librispeech_test_clean_musan_music_snr4_seed20260827/clean/1580-141083-0051.wav,data/librispeech_test_clean_musan_music_snr4_seed20260827/noisy/1580-141083-0051.wav,16000,16000,1,1,31680,31680
1676,3729-6852-0010.wav,3729-6852-0010,data/librispeech_test_clean_musan_music_snr4_seed20260827/clean/3729-6852-0010.wav,data/librispeech_test_clean_musan_music_snr4_seed20260827/noisy/3729-6852-0010.wav,16000,16000,1,1,44080,44080
1677,1320-122617-0001.wav,1320-122617-0001,data/librispeech_test_clean_musan_music_snr4_seed20260827/clean/1320-122617-0001.wav,data/librispeech_test_clean_musan_music_snr4_seed20260827/noisy/1320-122617-0001.wav,16000,16000,1,1,224880,224880
1678,7021-85628-0002.wav,7021-85628-0002,data/librispeech_test_clean_musan_music_snr4_seed20260827/clean/7021-85628-0002.wav,data/librispeech_test_clean_musan_music_snr4_seed20260827/noisy/7021-85628-0002.wav,16000,16000,1,1,103280,103280
1679,672-122797-0025.wav,672-122797-0025,data/librispeech_test_clean_musan_music_snr4_seed20260827/clean/672-122797-0025.wav,data/librispeech_test_clean_musan_music_snr4_seed20260827/noisy/672-122797-0025.wav,16000,16000,1,1,171040,171040
1680,1320-122617-0037.wav,1320-122617-0037,data/librispeech_test_clean_musan_music_snr4_seed20260827/clean/1320-122617-0037.wav,data/librispeech_test_clean_musan_music_snr4_seed20260827/noisy/1320-122617-0037.wav,16000,16000,1,1,114880,114880
1681,1995-1826-0003.wav,1995-1826-0003,data/librispeech_test_clean_musan_music_snr4_seed20260827/clean/1995-1826-0003.wav,data/librispeech_test_clean_musan_music_snr4_seed20260827/noisy/1995-1826-0003.wav,16000,16000,1,1,49440,49440
1682,5683-32866-0018.wav,5683-32866-0018,data/librispeech_test_clean_musan_music_snr4_seed20260827/clean/5683-32866-0018.wav,data/librispeech_test_clean_musan_music_snr4_seed20260827/noisy/5683-32866-0018.wav,16000,16000,1,1,87280,87280
1683,4992-41797-0018.wav,4992-41797-0018,data/librispeech_test_clean_musan_music_snr4_seed20260827/clean/4992-41797-0018.wav,data/librispeech_test_clean_musan_music_snr4_seed20260827/noisy/4992-41797-0018.wav,16000,16000,1,1,146480,146480
1684,908-31957-0004.wav,908-31957-0004,data/librispeech_test_clean_musan_music_snr4_seed20260827/clean/908-31957-0004.wav,data/librispeech_test_clean_musan_music_snr4_seed20260827/noisy/908-31957-0004.wav,16000,16000,1,1,236080,236080
1685,2961-961-0005.wav,2961-961-0005,data/librispeech_test_clean_musan_music_snr4_seed20260827/clean/2961-961-0005.wav,data/librispeech_test_clean_musan_music_snr4_seed20260827/noisy/2961-961-0005.wav,16000,16000,1,1,60400,60400
1686,1995-1826-0023.wav,1995-1826-0023,data/librispeech_test_clean_musan_music_snr4_seed20260827/clean/1995-1826-0023.wav,data/librispeech_test_clean_musan_music_snr4_seed20260827/noisy/1995-1826-0023.wav,16000,16000,1,1,130240,130240
1687,8455-210777-0063.wav,8455-210777-0063,data/librispeech_test_clean_musan_music_snr4_seed20260827/clean/8455-210777-0063.wav,data/librispeech_test_clean_musan_music_snr4_seed20260827/noisy/8455-210777-0063.wav,16000,16000,1,1,36160,36160
1688,7176-92135-0004.wav,7176-92135-0004,data/librispeech_test_clean_musan_music_snr4_seed20260827/clean/7176-92135-0004.wav,data/librispeech_test_clean_musan_music_snr4_seed20260827/noisy/7176-92135-0004.wav,16000,16000,1,1,38800,38800
1689,6829-68771-0009.wav,6829-68771-0009,data/librispeech_test_clean_musan_music_snr4_seed20260827/clean/6829-68771-0009.wav,data/librispeech_test_clean_musan_music_snr4_seed20260827/noisy/6829-68771-0009.wav,16000,16000,1,1,209840,209840
1690,1580-141083-0024.wav,1580-141083-0024,data/librispeech_test_clean_musan_music_snr4_seed20260827/clean/1580-141083-0024.wav,data/librispeech_test_clean_musan_music_snr4_seed20260827/noisy/1580-141083-0024.wav,16000,16000,1,1,71680,71680
1691,61-70968-0050.wav,61-70968-0050,data/librispeech_test_clean_musan_music_snr4_seed20260827/clean/61-70968-0050.wav,data/librispeech_test_clean_musan_music_snr4_seed20260827/noisy/61-70968-0050.wav,16000,16000,1,1,89280,89280
1692,7176-92135-0001.wav,7176-92135-0001,data/librispeech_test_clean_musan_music_snr4_seed20260827/clean/7176-92135-0001.wav,data/librispeech_test_clean_musan_music_snr4_seed20260827/noisy/7176-92135-0001.wav,16000,16000,1,1,120960,120960
1693,1221-135767-0008.wav,1221-135767-0008,data/librispeech_test_clean_musan_music_snr4_seed20260827/clean/1221-135767-0008.wav,data/librispeech_test_clean_musan_music_snr4_seed20260827/noisy/1221-135767-0008.wav,16000,16000,1,1,49520,49520
1694,1995-1836-0013.wav,1995-1836-0013,data/librispeech_test_clean_musan_music_snr4_seed20260827/clean/1995-1836-0013.wav,data/librispeech_test_clean_musan_music_snr4_seed20260827/noisy/1995-1836-0013.wav,16000,16000,1,1,84800,84800
1695,2961-960-0006.wav,2961-960-0006,data/librispeech_test_clean_musan_music_snr4_seed20260827/clean/2961-960-0006.wav,data/librispeech_test_clean_musan_music_snr4_seed20260827/noisy/2961-960-0006.wav,16000,16000,1,1,251600,251600
1696,3570-5695-0009.wav,3570-5695-0009,data/librispeech_test_clean_musan_music_snr4_seed20260827/clean/3570-5695-0009.wav,data/librispeech_test_clean_musan_music_snr4_seed20260827/noisy/3570-5695-0009.wav,16000,16000,1,1,80400,80400
1697,1089-134686-0008.wav,1089-134686-0008,data/librispeech_test_clean_musan_music_snr4_seed20260827/clean/1089-134686-0008.wav,data/librispeech_test_clean_musan_music_snr4_seed20260827/noisy/1089-134686-0008.wav,16000,16000,1,1,107680,107680
1698,1284-1180-0010.wav,1284-1180-0010,data/librispeech_test_clean_musan_music_snr4_seed20260827/clean/1284-1180-0010.wav,data/librispeech_test_clean_musan_music_snr4_seed20260827/noisy/1284-1180-0010.wav,16000,16000,1,1,138160,138160
1699,5142-33396-0066.wav,5142-33396-0066,data/librispeech_test_clean_musan_music_snr4_seed20260827/clean/5142-33396-0066.wav,data/librispeech_test_clean_musan_music_snr4_seed20260827/noisy/5142-33396-0066.wav,16000,16000,1,1,35440,35440
1700,4970-29095-0023.wav,4970-29095-0023,data/librispeech_test_clean_musan_music_snr4_seed20260827/clean/4970-29095-0023.wav,data/librispeech_test_clean_musan_music_snr4_seed20260827/noisy/4970-29095-0023.wav,16000,16000,1,1,62480,62480
1701,2830-3980-0060.wav,2830-3980-0060,data/librispeech_test_clean_musan_music_snr4_seed20260827/clean/2830-3980-0060.wav,data/librispeech_test_clean_musan_music_snr4_seed20260827/noisy/2830-3980-0060.wav,16000,16000,1,1,42800,42800
1702,1995-1837-0027.wav,1995-1837-0027,data/librispeech_test_clean_musan_music_snr4_seed20260827/clean/1995-1837-0027.wav,data/librispeech_test_clean_musan_music_snr4_seed20260827/noisy/1995-1837-0027.wav,16000,16000,1,1,107280,107280
1703,4970-29093-0022.wav,4970-29093-0022,data/librispeech_test_clean_musan_music_snr4_seed20260827/clean/4970-29093-0022.wav,data/librispeech_test_clean_musan_music_snr4_seed20260827/noisy/4970-29093-0022.wav,16000,16000,1,1,99520,99520
1704,1580-141084-0004.wav,1580-141084-0004,data/librispeech_test_clean_musan_music_snr4_seed20260827/clean/1580-141084-0004.wav,data/librispeech_test_clean_musan_music_snr4_seed20260827/noisy/1580-141084-0004.wav,16000,16000,1,1,144080,144080
1705,6829-68769-0042.wav,6829-68769-0042,data/librispeech_test_clean_musan_music_snr4_seed20260827/clean/6829-68769-0042.wav,data/librispeech_test_clean_musan_music_snr4_seed20260827/noisy/6829-68769-0042.wav,16000,16000,1,1,34800,34800
1706,237-126133-0017.wav,237-126133-0017,data/librispeech_test_clean_musan_music_snr4_seed20260827/clean/237-126133-0017.wav,data/librispeech_test_clean_musan_music_snr4_seed20260827/noisy/237-126133-0017.wav,16000,16000,1,1,99360,99360
1707,5142-36377-0021.wav,5142-36377-0021,data/librispeech_test_clean_musan_music_snr4_seed20260827/clean/5142-36377-0021.wav,data/librispeech_test_clean_musan_music_snr4_seed20260827/noisy/5142-36377-0021.wav,16000,16000,1,1,301920,301920
1708,6829-68769-0033.wav,6829-68769-0033,data/librispeech_test_clean_musan_music_snr4_seed20260827/clean/6829-68769-0033.wav,data/librispeech_test_clean_musan_music_snr4_seed20260827/noisy/6829-68769-0033.wav,16000,16000,1,1,64320,64320
1709,260-123440-0008.wav,260-123440-0008,data/librispeech_test_clean_musan_music_snr4_seed20260827/clean/260-123440-0008.wav,data/librispeech_test_clean_musan_music_snr4_seed20260827/noisy/260-123440-0008.wav,16000,16000,1,1,59920,59920
1710,8555-284447-0004.wav,8555-284447-0004,data/librispeech_test_clean_musan_music_snr4_seed20260827/clean/8555-284447-0004.wav,data/librispeech_test_clean_musan_music_snr4_seed20260827/noisy/8555-284447-0004.wav,16000,16000,1,1,87760,87760
1711,5683-32865-0009.wav,5683-32865-0009,data/librispeech_test_clean_musan_music_snr4_seed20260827/clean/5683-32865-0009.wav,data/librispeech_test_clean_musan_music_snr4_seed20260827/noisy/5683-32865-0009.wav,16000,16000,1,1,158240,158240
1712,4446-2275-0030.wav,4446-2275-0030,data/librispeech_test_clean_musan_music_snr4_seed20260827/clean/4446-2275-0030.wav,data/librispeech_test_clean_musan_music_snr4_seed20260827/noisy/4446-2275-0030.wav,16000,16000,1,1,42640,42640
1713,8463-294825-0017.wav,8463-294825-0017,data/librispeech_test_clean_musan_music_snr4_seed20260827/clean/8463-294825-0017.wav,data/librispeech_test_clean_musan_music_snr4_seed20260827/noisy/8463-294825-0017.wav,16000,16000,1,1,37600,37600
1714,3570-5694-0015.wav,3570-5694-0015,data/librispeech_test_clean_musan_music_snr4_seed20260827/clean/3570-5694-0015.wav,data/librispeech_test_clean_musan_music_snr4_seed20260827/noisy/3570-5694-0015.wav,16000,16000,1,1,134960,134960
1715,7127-75946-0000.wav,7127-75946-0000,data/librispeech_test_clean_musan_music_snr4_seed20260827/clean/7127-75946-0000.wav,data/librispeech_test_clean_musan_music_snr4_seed20260827/noisy/7127-75946-0000.wav,16000,16000,1,1,311600,311600
1716,5639-40744-0000.wav,5639-40744-0000,data/librispeech_test_clean_musan_music_snr4_seed20260827/clean/5639-40744-0000.wav,data/librispeech_test_clean_musan_music_snr4_seed20260827/noisy/5639-40744-0000.wav,16000,16000,1,1,252320,252320
1717,1320-122617-0012.wav,1320-122617-0012,data/librispeech_test_clean_musan_music_snr4_seed20260827/clean/1320-122617-0012.wav,data/librispeech_test_clean_musan_music_snr4_seed20260827/noisy/1320-122617-0012.wav,16000,16000,1,1,121440,121440
1718,8555-292519-0000.wav,8555-292519-0000,data/librispeech_test_clean_musan_music_snr4_seed20260827/clean/8555-292519-0000.wav,data/librispeech_test_clean_musan_music_snr4_seed20260827/noisy/8555-292519-0000.wav,16000,16000,1,1,238400,238400
1719,3570-5694-0002.wav,3570-5694-0002,data/librispeech_test_clean_musan_music_snr4_seed20260827/clean/3570-5694-0002.wav,data/librispeech_test_clean_musan_music_snr4_seed20260827/noisy/3570-5694-0002.wav,16000,16000,1,1,169840,169840
1720,5683-32866-0024.wav,5683-32866-0024,data/librispeech_test_clean_musan_music_snr4_seed20260827/clean/5683-32866-0024.wav,data/librispeech_test_clean_musan_music_snr4_seed20260827/noisy/5683-32866-0024.wav,16000,16000,1,1,157680,157680
1721,7021-85628-0004.wav,7021-85628-0004,data/librispeech_test_clean_musan_music_snr4_seed20260827/clean/7021-85628-0004.wav,data/librispeech_test_clean_musan_music_snr4_seed20260827/noisy/7021-85628-0004.wav,16000,16000,1,1,44880,44880
1722,1089-134686-0025.wav,1089-134686-0025,data/librispeech_test_clean_musan_music_snr4_seed20260827/clean/1089-134686-0025.wav,data/librispeech_test_clean_musan_music_snr4_seed20260827/noisy/1089-134686-0025.wav,16000,16000,1,1,105760,105760
1723,1221-135767-0007.wav,1221-135767-0007,data/librispeech_test_clean_musan_music_snr4_seed20260827/clean/1221-135767-0007.wav,data/librispeech_test_clean_musan_music_snr4_seed20260827/noisy/1221-135767-0007.wav,16000,16000,1,1,204320,204320
1724,260-123288-0015.wav,260-123288-0015,data/librispeech_test_clean_musan_music_snr4_seed20260827/clean/260-123288-0015.wav,data/librispeech_test_clean_musan_music_snr4_seed20260827/noisy/260-123288-0015.wav,16000,16000,1,1,338960,338960
1725,5683-32879-0002.wav,5683-32879-0002,data/librispeech_test_clean_musan_music_snr4_seed20260827/clean/5683-32879-0002.wav,data/librispeech_test_clean_musan_music_snr4_seed20260827/noisy/5683-32879-0002.wav,16000,16000,1,1,177360,177360
1726,4507-16021-0039.wav,4507-16021-0039,data/librispeech_test_clean_musan_music_snr4_seed20260827/clean/4507-16021-0039.wav,data/librispeech_test_clean_musan_music_snr4_seed20260827/noisy/4507-16021-0039.wav,16000,16000,1,1,246720,246720
1727,6829-68771-0014.wav,6829-68771-0014,data/librispeech_test_clean_musan_music_snr4_seed20260827/clean/6829-68771-0014.wav,data/librispeech_test_clean_musan_music_snr4_seed20260827/noisy/6829-68771-0014.wav,16000,16000,1,1,76320,76320
1728,6829-68769-0001.wav,6829-68769-0001,data/librispeech_test_clean_musan_music_snr4_seed20260827/clean/6829-68769-0001.wav,data/librispeech_test_clean_musan_music_snr4_seed20260827/noisy/6829-68769-0001.wav,16000,16000,1,1,149040,149040
1729,8230-279154-0012.wav,8230-279154-0012,data/librispeech_test_clean_musan_music_snr4_seed20260827/clean/8230-279154-0012.wav,data/librispeech_test_clean_musan_music_snr4_seed20260827/noisy/8230-279154-0012.wav,16000,16000,1,1,58240,58240
1730,260-123286-0010.wav,260-123286-0010,data/librispeech_test_clean_musan_music_snr4_seed20260827/clean/260-123286-0010.wav,data/librispeech_test_clean_musan_music_snr4_seed20260827/noisy/260-123286-0010.wav,16000,16000,1,1,41200,41200
1731,1284-1180-0031.wav,1284-1180-0031,data/librispeech_test_clean_musan_music_snr4_seed20260827/clean/1284-1180-0031.wav,data/librispeech_test_clean_musan_music_snr4_seed20260827/noisy/1284-1180-0031.wav,16000,16000,1,1,77200,77200
1732,61-70970-0010.wav,61-70970-0010,data/librispeech_test_clean_musan_music_snr4_seed20260827/clean/61-70970-0010.wav,data/librispeech_test_clean_musan_music_snr4_seed20260827/noisy/61-70970-0010.wav,16000,16000,1,1,48720,48720
1733,3575-170457-0012.wav,3575-170457-0012,data/librispeech_test_clean_musan_music_snr4_seed20260827/clean/3575-170457-0012.wav,data/librispeech_test_clean_musan_music_snr4_seed20260827/noisy/3575-170457-0012.wav,16000,16000,1,1,93601,93601
1734,2094-142345-0004.wav,2094-142345-0004,data/librispeech_test_clean_musan_music_snr4_seed20260827/clean/2094-142345-0004.wav,data/librispeech_test_clean_musan_music_snr4_seed20260827/noisy/2094-142345-0004.wav,16000,16000,1,1,42240,42240
1735,5142-33396-0048.wav,5142-33396-0048,data/librispeech_test_clean_musan_music_snr4_seed20260827/clean/5142-33396-0048.wav,data/librispeech_test_clean_musan_music_snr4_seed20260827/noisy/5142-33396-0048.wav,16000,16000,1,1,63360,63360
1736,2830-3980-0052.wav,2830-3980-0052,data/librispeech_test_clean_musan_music_snr4_seed20260827/clean/2830-3980-0052.wav,data/librispeech_test_clean_musan_music_snr4_seed20260827/noisy/2830-3980-0052.wav,16000,16000,1,1,78080,78080
1737,2300-131720-0014.wav,2300-131720-0014,data/librispeech_test_clean_musan_music_snr4_seed20260827/clean/2300-131720-0014.wav,data/librispeech_test_clean_musan_music_snr4_seed20260827/noisy/2300-131720-0014.wav,16000,16000,1,1,60000,60000
1738,5142-36377-0008.wav,5142-36377-0008,data/librispeech_test_clean_musan_music_snr4_seed20260827/clean/5142-36377-0008.wav,data/librispeech_test_clean_musan_music_snr4_seed20260827/noisy/5142-36377-0008.wav,16000,16000,1,1,246800,246800
1739,8463-294828-0024.wav,8463-294828-0024,data/librispeech_test_clean_musan_music_snr4_seed20260827/clean/8463-294828-0024.wav,data/librispeech_test_clean_musan_music_snr4_seed20260827/noisy/8463-294828-0024.wav,16000,16000,1,1,31600,31600
1740,4970-29095-0035.wav,4970-29095-0035,data/librispeech_test_clean_musan_music_snr4_seed20260827/clean/4970-29095-0035.wav,data/librispeech_test_clean_musan_music_snr4_seed20260827/noisy/4970-29095-0035.wav,16000,16000,1,1,76000,76000
1741,2961-960-0008.wav,2961-960-0008,data/librispeech_test_clean_musan_music_snr4_seed20260827/clean/2961-960-0008.wav,data/librispeech_test_clean_musan_music_snr4_seed20260827/noisy/2961-960-0008.wav,16000,16000,1,1,247280,247280
1742,1188-133604-0040.wav,1188-133604-0040,data/librispeech_test_clean_musan_music_snr4_seed20260827/clean/1188-133604-0040.wav,data/librispeech_test_clean_musan_music_snr4_seed20260827/noisy/1188-133604-0040.wav,16000,16000,1,1,51680,51680
1743,2961-960-0017.wav,2961-960-0017,data/librispeech_test_clean_musan_music_snr4_seed20260827/clean/2961-960-0017.wav,data/librispeech_test_clean_musan_music_snr4_seed20260827/noisy/2961-960-0017.wav,16000,16000,1,1,125920,125920
1744,5142-33396-0011.wav,5142-33396-0011,data/librispeech_test_clean_musan_music_snr4_seed20260827/clean/5142-33396-0011.wav,data/librispeech_test_clean_musan_music_snr4_seed20260827/noisy/5142-33396-0011.wav,16000,16000,1,1,56320,56320
1745,1188-133604-0019.wav,1188-133604-0019,data/librispeech_test_clean_musan_music_snr4_seed20260827/clean/1188-133604-0019.wav,data/librispeech_test_clean_musan_music_snr4_seed20260827/noisy/1188-133604-0019.wav,16000,16000,1,1,222880,222880
1746,237-134500-0006.wav,237-134500-0006,data/librispeech_test_clean_musan_music_snr4_seed20260827/clean/237-134500-0006.wav,data/librispeech_test_clean_musan_music_snr4_seed20260827/noisy/237-134500-0006.wav,16000,16000,1,1,67600,67600
1747,61-70970-0020.wav,61-70970-0020,data/librispeech_test_clean_musan_music_snr4_seed20260827/clean/61-70970-0020.wav,data/librispeech_test_clean_musan_music_snr4_seed20260827/noisy/61-70970-0020.wav,16000,16000,1,1,80400,80400
1748,260-123288-0020.wav,260-123288-0020,data/librispeech_test_clean_musan_music_snr4_seed20260827/clean/260-123288-0020.wav,data/librispeech_test_clean_musan_music_snr4_seed20260827/noisy/260-123288-0020.wav,16000,16000,1,1,46400,46400
1749,2094-142345-0025.wav,2094-142345-0025,data/librispeech_test_clean_musan_music_snr4_seed20260827/clean/2094-142345-0025.wav,data/librispeech_test_clean_musan_music_snr4_seed20260827/noisy/2094-142345-0025.wav,16000,16000,1,1,57520,57520
1750,61-70968-0046.wav,61-70968-0046,data/librispeech_test_clean_musan_music_snr4_seed20260827/clean/61-70968-0046.wav,data/librispeech_test_clean_musan_music_snr4_seed20260827/noisy/61-70968-0046.wav,16000,16000,1,1,56800,56800
1751,5683-32879-0019.wav,5683-32879-0019,data/librispeech_test_clean_musan_music_snr4_seed20260827/clean/5683-32879-0019.wav,data/librispeech_test_clean_musan_music_snr4_seed20260827/noisy/5683-32879-0019.wav,16000,16000,1,1,101600,101600
1752,2830-3980-0029.wav,2830-3980-0029,data/librispeech_test_clean_musan_music_snr4_seed20260827/clean/2830-3980-0029.wav,data/librispeech_test_clean_musan_music_snr4_seed20260827/noisy/2830-3980-0029.wav,16000,16000,1,1,145200,145200
1753,7176-92135-0027.wav,7176-92135-0027,data/librispeech_test_clean_musan_music_snr4_seed20260827/clean/7176-92135-0027.wav,data/librispeech_test_clean_musan_music_snr4_seed20260827/noisy/7176-92135-0027.wav,16000,16000,1,1,45360,45360
1754,2830-3980-0068.wav,2830-3980-0068,data/librispeech_test_clean_musan_music_snr4_seed20260827/clean/2830-3980-0068.wav,data/librispeech_test_clean_musan_music_snr4_seed20260827/noisy/2830-3980-0068.wav,16000,16000,1,1,80000,80000
1755,8455-210777-0069.wav,8455-210777-0069,data/librispeech_test_clean_musan_music_snr4_seed20260827/clean/8455-210777-0069.wav,data/librispeech_test_clean_musan_music_snr4_seed20260827/noisy/8455-210777-0069.wav,16000,16000,1,1,142640,142640
1756,1089-134691-0000.wav,1089-134691-0000,data/librispeech_test_clean_musan_music_snr4_seed20260827/clean/1089-134691-0000.wav,data/librispeech_test_clean_musan_music_snr4_seed20260827/noisy/1089-134691-0000.wav,16000,16000,1,1,33360,33360
1757,61-70968-0014.wav,61-70968-0014,data/librispeech_test_clean_musan_music_snr4_seed20260827/clean/61-70968-0014.wav,data/librispeech_test_clean_musan_music_snr4_seed20260827/noisy/61-70968-0014.wav,16000,16000,1,1,119760,119760
1758,4446-2275-0028.wav,4446-2275-0028,data/librispeech_test_clean_musan_music_snr4_seed20260827/clean/4446-2275-0028.wav,data/librispeech_test_clean_musan_music_snr4_seed20260827/noisy/4446-2275-0028.wav,16000,16000,1,1,57200,57200
1759,3575-170457-0006.wav,3575-170457-0006,data/librispeech_test_clean_musan_music_snr4_seed20260827/clean/3575-170457-0006.wav,data/librispeech_test_clean_musan_music_snr4_seed20260827/noisy/3575-170457-0006.wav,16000,16000,1,1,132800,132800
1760,260-123440-0010.wav,260-123440-0010,data/librispeech_test_clean_musan_music_snr4_seed20260827/clean/260-123440-0010.wav,data/librispeech_test_clean_musan_music_snr4_seed20260827/noisy/260-123440-0010.wav,16000,16000,1,1,133040,133040
1761,5683-32879-0014.wav,5683-32879-0014,data/librispeech_test_clean_musan_music_snr4_seed20260827/clean/5683-32879-0014.wav,data/librispeech_test_clean_musan_music_snr4_seed20260827/noisy/5683-32879-0014.wav,16000,16000,1,1,134480,134480
1762,5142-33396-0047.wav,5142-33396-0047,data/librispeech_test_clean_musan_music_snr4_seed20260827/clean/5142-33396-0047.wav,data/librispeech_test_clean_musan_music_snr4_seed20260827/noisy/5142-33396-0047.wav,16000,16000,1,1,40560,40560
1763,5105-28241-0006.wav,5105-28241-0006,data/librispeech_test_clean_musan_music_snr4_seed20260827/clean/5105-28241-0006.wav,data/librispeech_test_clean_musan_music_snr4_seed20260827/noisy/5105-28241-0006.wav,16000,16000,1,1,120800,120800
1764,1188-133604-0037.wav,1188-133604-0037,data/librispeech_test_clean_musan_music_snr4_seed20260827/clean/1188-133604-0037.wav,data/librispeech_test_clean_musan_music_snr4_seed20260827/noisy/1188-133604-0037.wav,16000,16000,1,1,232160,232160
1765,3729-6852-0023.wav,3729-6852-0023,data/librispeech_test_clean_musan_music_snr4_seed20260827/clean/3729-6852-0023.wav,data/librispeech_test_clean_musan_music_snr4_seed20260827/noisy/3729-6852-0023.wav,16000,16000,1,1,130960,130960
1766,1320-122617-0034.wav,1320-122617-0034,data/librispeech_test_clean_musan_music_snr4_seed20260827/clean/1320-122617-0034.wav,data/librispeech_test_clean_musan_music_snr4_seed20260827/noisy/1320-122617-0034.wav,16000,16000,1,1,151760,151760
1767,7729-102255-0003.wav,7729-102255-0003,data/librispeech_test_clean_musan_music_snr4_seed20260827/clean/7729-102255-0003.wav,data/librispeech_test_clean_musan_music_snr4_seed20260827/noisy/7729-102255-0003.wav,16000,16000,1,1,316881,316881
1768,8555-292519-0003.wav,8555-292519-0003,data/librispeech_test_clean_musan_music_snr4_seed20260827/clean/8555-292519-0003.wav,data/librispeech_test_clean_musan_music_snr4_seed20260827/noisy/8555-292519-0003.wav,16000,16000,1,1,233280,233280
1769,7127-75946-0002.wav,7127-75946-0002,data/librispeech_test_clean_musan_music_snr4_seed20260827/clean/7127-75946-0002.wav,data/librispeech_test_clean_musan_music_snr4_seed20260827/noisy/7127-75946-0002.wav,16000,16000,1,1,211040,211040
1770,237-126133-0019.wav,237-126133-0019,data/librispeech_test_clean_musan_music_snr4_seed20260827/clean/237-126133-0019.wav,data/librispeech_test_clean_musan_music_snr4_seed20260827/noisy/237-126133-0019.wav,16000,16000,1,1,113920,113920
1771,7176-88083-0015.wav,7176-88083-0015,data/librispeech_test_clean_musan_music_snr4_seed20260827/clean/7176-88083-0015.wav,data/librispeech_test_clean_musan_music_snr4_seed20260827/noisy/7176-88083-0015.wav,16000,16000,1,1,37360,37360
1772,1580-141083-0008.wav,1580-141083-0008,data/librispeech_test_clean_musan_music_snr4_seed20260827/clean/1580-141083-0008.wav,data/librispeech_test_clean_musan_music_snr4_seed20260827/noisy/1580-141083-0008.wav,16000,16000,1,1,68880,68880
1773,6930-76324-0011.wav,6930-76324-0011,data/librispeech_test_clean_musan_music_snr4_seed20260827/clean/6930-76324-0011.wav,data/librispeech_test_clean_musan_music_snr4_seed20260827/noisy/6930-76324-0011.wav,16000,16000,1,1,147840,147840
1774,8555-284447-0018.wav,8555-284447-0018,data/librispeech_test_clean_musan_music_snr4_seed20260827/clean/8555-284447-0018.wav,data/librispeech_test_clean_musan_music_snr4_seed20260827/noisy/8555-284447-0018.wav,16000,16000,1,1,87360,87360
1775,4507-16021-0041.wav,4507-16021-0041,data/librispeech_test_clean_musan_music_snr4_seed20260827/clean/4507-16021-0041.wav,data/librispeech_test_clean_musan_music_snr4_seed20260827/noisy/4507-16021-0041.wav,16000,16000,1,1,47600,47600
1776,5142-33396-0032.wav,5142-33396-0032,data/librispeech_test_clean_musan_music_snr4_seed20260827/clean/5142-33396-0032.wav,data/librispeech_test_clean_musan_music_snr4_seed20260827/noisy/5142-33396-0032.wav,16000,16000,1,1,156560,156560
1777,6829-68771-0023.wav,6829-68771-0023,data/librispeech_test_clean_musan_music_snr4_seed20260827/clean/6829-68771-0023.wav,data/librispeech_test_clean_musan_music_snr4_seed20260827/noisy/6829-68771-0023.wav,16000,16000,1,1,86800,86800
1778,5683-32866-0022.wav,5683-32866-0022,data/librispeech_test_clean_musan_music_snr4_seed20260827/clean/5683-32866-0022.wav,data/librispeech_test_clean_musan_music_snr4_seed20260827/noisy/5683-32866-0022.wav,16000,16000,1,1,51040,51040
1779,260-123286-0025.wav,260-123286-0025,data/librispeech_test_clean_musan_music_snr4_seed20260827/clean/260-123286-0025.wav,data/librispeech_test_clean_musan_music_snr4_seed20260827/noisy/260-123286-0025.wav,16000,16000,1,1,147280,147280
1780,7176-88083-0021.wav,7176-88083-0021,data/librispeech_test_clean_musan_music_snr4_seed20260827/clean/7176-88083-0021.wav,data/librispeech_test_clean_musan_music_snr4_seed20260827/noisy/7176-88083-0021.wav,16000,16000,1,1,201680,201680
1781,7021-85628-0012.wav,7021-85628-0012,data/librispeech_test_clean_musan_music_snr4_seed20260827/clean/7021-85628-0012.wav,data/librispeech_test_clean_musan_music_snr4_seed20260827/noisy/7021-85628-0012.wav,16000,16000,1,1,85280,85280
1782,6930-76324-0024.wav,6930-76324-0024,data/librispeech_test_clean_musan_music_snr4_seed20260827/clean/6930-76324-0024.wav,data/librispeech_test_clean_musan_music_snr4_seed20260827/noisy/6930-76324-0024.wav,16000,16000,1,1,64800,64800
1783,1995-1837-0001.wav,1995-1837-0001,data/librispeech_test_clean_musan_music_snr4_seed20260827/clean/1995-1837-0001.wav,data/librispeech_test_clean_musan_music_snr4_seed20260827/noisy/1995-1837-0001.wav,16000,16000,1,1,139680,139680
1784,672-122797-0042.wav,672-122797-0042,data/librispeech_test_clean_musan_music_snr4_seed20260827/clean/672-122797-0042.wav,data/librispeech_test_clean_musan_music_snr4_seed20260827/noisy/672-122797-0042.wav,16000,16000,1,1,244960,244960
1785,7176-92135-0040.wav,7176-92135-0040,data/librispeech_test_clean_musan_music_snr4_seed20260827/clean/7176-92135-0040.wav,data/librispeech_test_clean_musan_music_snr4_seed20260827/noisy/7176-92135-0040.wav,16000,16000,1,1,165520,165520
1786,1320-122617-0028.wav,1320-122617-0028,data/librispeech_test_clean_musan_music_snr4_seed20260827/clean/1320-122617-0028.wav,data/librispeech_test_clean_musan_music_snr4_seed20260827/noisy/1320-122617-0028.wav,16000,16000,1,1,255920,255920
1787,61-70968-0009.wav,61-70968-0009,data/librispeech_test_clean_musan_music_snr4_seed20260827/clean/61-70968-0009.wav,data/librispeech_test_clean_musan_music_snr4_seed20260827/noisy/61-70968-0009.wav,16000,16000,1,1,72160,72160
1788,7021-85628-0005.wav,7021-85628-0005,data/librispeech_test_clean_musan_music_snr4_seed20260827/clean/7021-85628-0005.wav,data/librispeech_test_clean_musan_music_snr4_seed20260827/noisy/7021-85628-0005.wav,16000,16000,1,1,80240,80240
1789,4077-13751-0006.wav,4077-13751-0006,data/librispeech_test_clean_musan_music_snr4_seed20260827/clean/4077-13751-0006.wav,data/librispeech_test_clean_musan_music_snr4_seed20260827/noisy/4077-13751-0006.wav,16000,16000,1,1,209040,209040
1790,908-157963-0022.wav,908-157963-0022,data/librispeech_test_clean_musan_music_snr4_seed20260827/clean/908-157963-0022.wav,data/librispeech_test_clean_musan_music_snr4_seed20260827/noisy/908-157963-0022.wav,16000,16000,1,1,73760,73760
1791,1089-134691-0015.wav,1089-134691-0015,data/librispeech_test_clean_musan_music_snr4_seed20260827/clean/1089-134691-0015.wav,data/librispeech_test_clean_musan_music_snr4_seed20260827/noisy/1089-134691-0015.wav,16000,16000,1,1,54320,54320
1792,1580-141084-0050.wav,1580-141084-0050,data/librispeech_test_clean_musan_music_snr4_seed20260827/clean/1580-141084-0050.wav,data/librispeech_test_clean_musan_music_snr4_seed20260827/noisy/1580-141084-0050.wav,16000,16000,1,1,44480,44480
1793,1284-1181-0019.wav,1284-1181-0019,data/librispeech_test_clean_musan_music_snr4_seed20260827/clean/1284-1181-0019.wav,data/librispeech_test_clean_musan_music_snr4_seed20260827/noisy/1284-1181-0019.wav,16000,16000,1,1,51200,51200
1794,7021-79740-0003.wav,7021-79740-0003,data/librispeech_test_clean_musan_music_snr4_seed20260827/clean/7021-79740-0003.wav,data/librispeech_test_clean_musan_music_snr4_seed20260827/noisy/7021-79740-0003.wav,16000,16000,1,1,79760,79760
1795,61-70968-0023.wav,61-70968-0023,data/librispeech_test_clean_musan_music_snr4_seed20260827/clean/61-70968-0023.wav,data/librispeech_test_clean_musan_music_snr4_seed20260827/noisy/61-70968-0023.wav,16000,16000,1,1,80400,80400
1796,7729-102255-0016.wav,7729-102255-0016,data/librispeech_test_clean_musan_music_snr4_seed20260827/clean/7729-102255-0016.wav,data/librispeech_test_clean_musan_music_snr4_seed20260827/noisy/7729-102255-0016.wav,16000,16000,1,1,185760,185760
1797,5105-28233-0009.wav,5105-28233-0009,data/librispeech_test_clean_musan_music_snr4_seed20260827/clean/5105-28233-0009.wav,data/librispeech_test_clean_musan_music_snr4_seed20260827/noisy/5105-28233-0009.wav,16000,16000,1,1,233520,233520
1798,4992-23283-0005.wav,4992-23283-0005,data/librispeech_test_clean_musan_music_snr4_seed20260827/clean/4992-23283-0005.wav,data/librispeech_test_clean_musan_music_snr4_seed20260827/noisy/4992-23283-0005.wav,16000,16000,1,1,171840,171840
1799,1221-135767-0004.wav,1221-135767-0004,data/librispeech_test_clean_musan_music_snr4_seed20260827/clean/1221-135767-0004.wav,data/librispeech_test_clean_musan_music_snr4_seed20260827/noisy/1221-135767-0004.wav,16000,16000,1,1,305440,305440
1800,4970-29095-0014.wav,4970-29095-0014,data/librispeech_test_clean_musan_music_snr4_seed20260827/clean/4970-29095-0014.wav,data/librispeech_test_clean_musan_music_snr4_seed20260827/noisy/4970-29095-0014.wav,16000,16000,1,1,52160,52160
1801,3570-5696-0005.wav,3570-5696-0005,data/librispeech_test_clean_musan_music_snr4_seed20260827/clean/3570-5696-0005.wav,data/librispeech_test_clean_musan_music_snr4_seed20260827/noisy/3570-5696-0005.wav,16000,16000,1,1,208400,208400
1802,8455-210777-0014.wav,8455-210777-0014,data/librispeech_test_clean_musan_music_snr4_seed20260827/clean/8455-210777-0014.wav,data/librispeech_test_clean_musan_music_snr4_seed20260827/noisy/8455-210777-0014.wav,16000,16000,1,1,65920,65920
1803,1188-133604-0030.wav,1188-133604-0030,data/librispeech_test_clean_musan_music_snr4_seed20260827/clean/1188-133604-0030.wav,data/librispeech_test_clean_musan_music_snr4_seed20260827/noisy/1188-133604-0030.wav,16000,16000,1,1,30640,30640
1804,2300-131720-0010.wav,2300-131720-0010,data/librispeech_test_clean_musan_music_snr4_seed20260827/clean/2300-131720-0010.wav,data/librispeech_test_clean_musan_music_snr4_seed20260827/noisy/2300-131720-0010.wav,16000,16000,1,1,173120,173120
1805,260-123286-0018.wav,260-123286-0018,data/librispeech_test_clean_musan_music_snr4_seed20260827/clean/260-123286-0018.wav,data/librispeech_test_clean_musan_music_snr4_seed20260827/noisy/260-123286-0018.wav,16000,16000,1,1,90720,90720
1806,5683-32866-0008.wav,5683-32866-0008,data/librispeech_test_clean_musan_music_snr4_seed20260827/clean/5683-32866-0008.wav,data/librispeech_test_clean_musan_music_snr4_seed20260827/noisy/5683-32866-0008.wav,16000,16000,1,1,52800,52800
1807,8455-210777-0019.wav,8455-210777-0019,data/librispeech_test_clean_musan_music_snr4_seed20260827/clean/8455-210777-0019.wav,data/librispeech_test_clean_musan_music_snr4_seed20260827/noisy/8455-210777-0019.wav,16000,16000,1,1,129680,129680
1808,4077-13751-0012.wav,4077-13751-0012,data/librispeech_test_clean_musan_music_snr4_seed20260827/clean/4077-13751-0012.wav,data/librispeech_test_clean_musan_music_snr4_seed20260827/noisy/4077-13751-0012.wav,16000,16000,1,1,192240,192240
1809,8463-294828-0031.wav,8463-294828-0031,data/librispeech_test_clean_musan_music_snr4_seed20260827/clean/8463-294828-0031.wav,data/librispeech_test_clean_musan_music_snr4_seed20260827/noisy/8463-294828-0031.wav,16000,16000,1,1,124240,124240
1810,61-70968-0004.wav,61-70968-0004,data/librispeech_test_clean_musan_music_snr4_seed20260827/clean/61-70968-0004.wav,data/librispeech_test_clean_musan_music_snr4_seed20260827/noisy/61-70968-0004.wav,16000,16000,1,1,62160,62160
1811,121-127105-0025.wav,121-127105-0025,data/librispeech_test_clean_musan_music_snr4_seed20260827/clean/121-127105-0025.wav,data/librispeech_test_clean_musan_music_snr4_seed20260827/noisy/121-127105-0025.wav,16000,16000,1,1,257040,257040
1812,3729-6852-0012.wav,3729-6852-0012,data/librispeech_test_clean_musan_music_snr4_seed20260827/clean/3729-6852-0012.wav,data/librispeech_test_clean_musan_music_snr4_seed20260827/noisy/3729-6852-0012.wav,16000,16000,1,1,45760,45760
1813,5683-32879-0022.wav,5683-32879-0022,data/librispeech_test_clean_musan_music_snr4_seed20260827/clean/5683-32879-0022.wav,data/librispeech_test_clean_musan_music_snr4_seed20260827/noisy/5683-32879-0022.wav,16000,16000,1,1,66800,66800
1814,5105-28233-0002.wav,5105-28233-0002,data/librispeech_test_clean_musan_music_snr4_seed20260827/clean/5105-28233-0002.wav,data/librispeech_test_clean_musan_music_snr4_seed20260827/noisy/5105-28233-0002.wav,16000,16000,1,1,132560,132560
1815,3729-6852-0009.wav,3729-6852-0009,data/librispeech_test_clean_musan_music_snr4_seed20260827/clean/3729-6852-0009.wav,data/librispeech_test_clean_musan_music_snr4_seed20260827/noisy/3729-6852-0009.wav,16000,16000,1,1,292960,292960
1816,5142-33396-0058.wav,5142-33396-0058,data/librispeech_test_clean_musan_music_snr4_seed20260827/clean/5142-33396-0058.wav,data/librispeech_test_clean_musan_music_snr4_seed20260827/noisy/5142-33396-0058.wav,16000,16000,1,1,51600,51600
1817,8455-210777-0016.wav,8455-210777-0016,data/librispeech_test_clean_musan_music_snr4_seed20260827/clean/8455-210777-0016.wav,data/librispeech_test_clean_musan_music_snr4_seed20260827/noisy/8455-210777-0016.wav,16000,16000,1,1,259839,259839
1818,8463-287645-0005.wav,8463-287645-0005,data/librispeech_test_clean_musan_music_snr4_seed20260827/clean/8463-287645-0005.wav,data/librispeech_test_clean_musan_music_snr4_seed20260827/noisy/8463-287645-0005.wav,16000,16000,1,1,255600,255600
1819,6930-81414-0023.wav,6930-81414-0023,data/librispeech_test_clean_musan_music_snr4_seed20260827/clean/6930-81414-0023.wav,data/librispeech_test_clean_musan_music_snr4_seed20260827/noisy/6930-81414-0023.wav,16000,16000,1,1,78160,78160
1820,7127-75947-0016.wav,7127-75947-0016,data/librispeech_test_clean_musan_music_snr4_seed20260827/clean/7127-75947-0016.wav,data/librispeech_test_clean_musan_music_snr4_seed20260827/noisy/7127-75947-0016.wav,16000,16000,1,1,119680,119680
1821,908-31957-0003.wav,908-31957-0003,data/librispeech_test_clean_musan_music_snr4_seed20260827/clean/908-31957-0003.wav,data/librispeech_test_clean_musan_music_snr4_seed20260827/noisy/908-31957-0003.wav,16000,16000,1,1,105040,105040
1822,4992-41797-0005.wav,4992-41797-0005,data/librispeech_test_clean_musan_music_snr4_seed20260827/clean/4992-41797-0005.wav,data/librispeech_test_clean_musan_music_snr4_seed20260827/noisy/4992-41797-0005.wav,16000,16000,1,1,61520,61520
1823,260-123288-0008.wav,260-123288-0008,data/librispeech_test_clean_musan_music_snr4_seed20260827/clean/260-123288-0008.wav,data/librispeech_test_clean_musan_music_snr4_seed20260827/noisy/260-123288-0008.wav,16000,16000,1,1,88240,88240
1824,61-70968-0034.wav,61-70968-0034,data/librispeech_test_clean_musan_music_snr4_seed20260827/clean/61-70968-0034.wav,data/librispeech_test_clean_musan_music_snr4_seed20260827/noisy/61-70968-0034.wav,16000,16000,1,1,67680,67680
1825,2094-142345-0049.wav,2094-142345-0049,data/librispeech_test_clean_musan_music_snr4_seed20260827/clean/2094-142345-0049.wav,data/librispeech_test_clean_musan_music_snr4_seed20260827/noisy/2094-142345-0049.wav,16000,16000,1,1,98000,98000
1826,237-126133-0011.wav,237-126133-0011,data/librispeech_test_clean_musan_music_snr4_seed20260827/clean/237-126133-0011.wav,data/librispeech_test_clean_musan_music_snr4_seed20260827/noisy/237-126133-0011.wav,16000,16000,1,1,107360,107360
1827,7176-88083-0003.wav,7176-88083-0003,data/librispeech_test_clean_musan_music_snr4_seed20260827/clean/7176-88083-0003.wav,data/librispeech_test_clean_musan_music_snr4_seed20260827/noisy/7176-88083-0003.wav,16000,16000,1,1,121600,121600
1828,4507-16021-0003.wav,4507-16021-0003,data/librispeech_test_clean_musan_music_snr4_seed20260827/clean/4507-16021-0003.wav,data/librispeech_test_clean_musan_music_snr4_seed20260827/noisy/4507-16021-0003.wav,16000,16000,1,1,78320,78320
1829,8463-294828-0032.wav,8463-294828-0032,data/librispeech_test_clean_musan_music_snr4_seed20260827/clean/8463-294828-0032.wav,data/librispeech_test_clean_musan_music_snr4_seed20260827/noisy/8463-294828-0032.wav,16000,16000,1,1,70320,70320
1830,4970-29095-0036.wav,4970-29095-0036,data/librispeech_test_clean_musan_music_snr4_seed20260827/clean/4970-29095-0036.wav,data/librispeech_test_clean_musan_music_snr4_seed20260827/noisy/4970-29095-0036.wav,16000,16000,1,1,84000,84000
1831,61-70968-0056.wav,61-70968-0056,data/librispeech_test_clean_musan_music_snr4_seed20260827/clean/61-70968-0056.wav,data/librispeech_test_clean_musan_music_snr4_seed20260827/noisy/61-70968-0056.wav,16000,16000,1,1,57040,57040
1832,5142-33396-0039.wav,5142-33396-0039,data/librispeech_test_clean_musan_music_snr4_seed20260827/clean/5142-33396-0039.wav,data/librispeech_test_clean_musan_music_snr4_seed20260827/noisy/5142-33396-0039.wav,16000,16000,1,1,31920,31920
1833,5639-40744-0025.wav,5639-40744-0025,data/librispeech_test_clean_musan_music_snr4_seed20260827/clean/5639-40744-0025.wav,data/librispeech_test_clean_musan_music_snr4_seed20260827/noisy/5639-40744-0025.wav,16000,16000,1,1,140560,140560
1834,7127-75946-0028.wav,7127-75946-0028,data/librispeech_test_clean_musan_music_snr4_seed20260827/clean/7127-75946-0028.wav,data/librispeech_test_clean_musan_music_snr4_seed20260827/noisy/7127-75946-0028.wav,16000,16000,1,1,257200,257200
1835,8230-279154-0017.wav,8230-279154-0017,data/librispeech_test_clean_musan_music_snr4_seed20260827/clean/8230-279154-0017.wav,data/librispeech_test_clean_musan_music_snr4_seed20260827/noisy/8230-279154-0017.wav,16000,16000,1,1,126880,126880
1836,1221-135767-0011.wav,1221-135767-0011,data/librispeech_test_clean_musan_music_snr4_seed20260827/clean/1221-135767-0011.wav,data/librispeech_test_clean_musan_music_snr4_seed20260827/noisy/1221-135767-0011.wav,16000,16000,1,1,264160,264160
1837,672-122797-0009.wav,672-122797-0009,data/librispeech_test_clean_musan_music_snr4_seed20260827/clean/672-122797-0009.wav,data/librispeech_test_clean_musan_music_snr4_seed20260827/noisy/672-122797-0009.wav,16000,16000,1,1,44240,44240
1838,8455-210777-0029.wav,8455-210777-0029,data/librispeech_test_clean_musan_music_snr4_seed20260827/clean/8455-210777-0029.wav,data/librispeech_test_clean_musan_music_snr4_seed20260827/noisy/8455-210777-0029.wav,16000,16000,1,1,49360,49360
1839,5105-28241-0005.wav,5105-28241-0005,data/librispeech_test_clean_musan_music_snr4_seed20260827/clean/5105-28241-0005.wav,data/librispeech_test_clean_musan_music_snr4_seed20260827/noisy/5105-28241-0005.wav,16000,16000,1,1,134640,134640
1840,8230-279154-0019.wav,8230-279154-0019,data/librispeech_test_clean_musan_music_snr4_seed20260827/clean/8230-279154-0019.wav,data/librispeech_test_clean_musan_music_snr4_seed20260827/noisy/8230-279154-0019.wav,16000,16000,1,1,290320,290320
1841,6829-68771-0001.wav,6829-68771-0001,data/librispeech_test_clean_musan_music_snr4_seed20260827/clean/6829-68771-0001.wav,data/librispeech_test_clean_musan_music_snr4_seed20260827/noisy/6829-68771-0001.wav,16000,16000,1,1,165680,165680
1842,7176-92135-0018.wav,7176-92135-0018,data/librispeech_test_clean_musan_music_snr4_seed20260827/clean/7176-92135-0018.wav,data/librispeech_test_clean_musan_music_snr4_seed20260827/noisy/7176-92135-0018.wav,16000,16000,1,1,143040,143040
1843,6930-81414-0026.wav,6930-81414-0026,data/librispeech_test_clean_musan_music_snr4_seed20260827/clean/6930-81414-0026.wav,data/librispeech_test_clean_musan_music_snr4_seed20260827/noisy/6930-81414-0026.wav,16000,16000,1,1,49200,49200
1844,3570-5694-0005.wav,3570-5694-0005,data/librispeech_test_clean_musan_music_snr4_seed20260827/clean/3570-5694-0005.wav,data/librispeech_test_clean_musan_music_snr4_seed20260827/noisy/3570-5694-0005.wav,16000,16000,1,1,134480,134480
1845,8230-279154-0035.wav,8230-279154-0035,data/librispeech_test_clean_musan_music_snr4_seed20260827/clean/8230-279154-0035.wav,data/librispeech_test_clean_musan_music_snr4_seed20260827/noisy/8230-279154-0035.wav,16000,16000,1,1,120880,120880
1846,8463-294828-0002.wav,8463-294828-0002,data/librispeech_test_clean_musan_music_snr4_seed20260827/clean/8463-294828-0002.wav,data/librispeech_test_clean_musan_music_snr4_seed20260827/noisy/8463-294828-0002.wav,16000,16000,1,1,99040,99040
1847,7127-75947-0031.wav,7127-75947-0031,data/librispeech_test_clean_musan_music_snr4_seed20260827/clean/7127-75947-0031.wav,data/librispeech_test_clean_musan_music_snr4_seed20260827/noisy/7127-75947-0031.wav,16000,16000,1,1,30720,30720
1848,908-157963-0005.wav,908-157963-0005,data/librispeech_test_clean_musan_music_snr4_seed20260827/clean/908-157963-0005.wav,data/librispeech_test_clean_musan_music_snr4_seed20260827/noisy/908-157963-0005.wav,16000,16000,1,1,112560,112560
1849,1089-134686-0030.wav,1089-134686-0030,data/librispeech_test_clean_musan_music_snr4_seed20260827/clean/1089-134686-0030.wav,data/librispeech_test_clean_musan_music_snr4_seed20260827/noisy/1089-134686-0030.wav,16000,16000,1,1,43440,43440
1850,8224-274384-0007.wav,8224-274384-0007,data/librispeech_test_clean_musan_music_snr4_seed20260827/clean/8224-274384-0007.wav,data/librispeech_test_clean_musan_music_snr4_seed20260827/noisy/8224-274384-0007.wav,16000,16000,1,1,99680,99680
1851,8455-210777-0048.wav,8455-210777-0048,data/librispeech_test_clean_musan_music_snr4_seed20260827/clean/8455-210777-0048.wav,data/librispeech_test_clean_musan_music_snr4_seed20260827/noisy/8455-210777-0048.wav,16000,16000,1,1,54880,54880
1852,1580-141084-0045.wav,1580-141084-0045,data/librispeech_test_clean_musan_music_snr4_seed20260827/clean/1580-141084-0045.wav,data/librispeech_test_clean_musan_music_snr4_seed20260827/noisy/1580-141084-0045.wav,16000,16000,1,1,58000,58000
1853,7729-102255-0023.wav,7729-102255-0023,data/librispeech_test_clean_musan_music_snr4_seed20260827/clean/7729-102255-0023.wav,data/librispeech_test_clean_musan_music_snr4_seed20260827/noisy/7729-102255-0023.wav,16000,16000,1,1,88000,88000
1854,4992-41797-0001.wav,4992-41797-0001,data/librispeech_test_clean_musan_music_snr4_seed20260827/clean/4992-41797-0001.wav,data/librispeech_test_clean_musan_music_snr4_seed20260827/noisy/4992-41797-0001.wav,16000,16000,1,1,454560,454560
1855,2300-131720-0038.wav,2300-131720-0038,data/librispeech_test_clean_musan_music_snr4_seed20260827/clean/2300-131720-0038.wav,data/librispeech_test_clean_musan_music_snr4_seed20260827/noisy/2300-131720-0038.wav,16000,16000,1,1,89760,89760
1856,1320-122617-0002.wav,1320-122617-0002,data/librispeech_test_clean_musan_music_snr4_seed20260827/clean/1320-122617-0002.wav,data/librispeech_test_clean_musan_music_snr4_seed20260827/noisy/1320-122617-0002.wav,16000,16000,1,1,217360,217360
1857,5142-33396-0007.wav,5142-33396-0007,data/librispeech_test_clean_musan_music_snr4_seed20260827/clean/5142-33396-0007.wav,data/librispeech_test_clean_musan_music_snr4_seed20260827/noisy/5142-33396-0007.wav,16000,16000,1,1,79600,79600
1858,6829-68769-0019.wav,6829-68769-0019,data/librispeech_test_clean_musan_music_snr4_seed20260827/clean/6829-68769-0019.wav,data/librispeech_test_clean_musan_music_snr4_seed20260827/noisy/6829-68769-0019.wav,16000,16000,1,1,42640,42640
1859,7729-102255-0035.wav,7729-102255-0035,data/librispeech_test_clean_musan_music_snr4_seed20260827/clean/7729-102255-0035.wav,data/librispeech_test_clean_musan_music_snr4_seed20260827/noisy/7729-102255-0035.wav,16000,16000,1,1,90000,90000
1860,7021-85628-0009.wav,7021-85628-0009,data/librispeech_test_clean_musan_music_snr4_seed20260827/clean/7021-85628-0009.wav,data/librispeech_test_clean_musan_music_snr4_seed20260827/noisy/7021-85628-0009.wav,16000,16000,1,1,136640,136640
1861,7021-79740-0007.wav,7021-79740-0007,data/librispeech_test_clean_musan_music_snr4_seed20260827/clean/7021-79740-0007.wav,data/librispeech_test_clean_musan_music_snr4_seed20260827/noisy/7021-79740-0007.wav,16000,16000,1,1,111840,111840
1862,5639-40744-0003.wav,5639-40744-0003,data/librispeech_test_clean_musan_music_snr4_seed20260827/clean/5639-40744-0003.wav,data/librispeech_test_clean_musan_music_snr4_seed20260827/noisy/5639-40744-0003.wav,16000,16000,1,1,433920,433920
1863,3575-170457-0002.wav,3575-170457-0002,data/librispeech_test_clean_musan_music_snr4_seed20260827/clean/3575-170457-0002.wav,data/librispeech_test_clean_musan_music_snr4_seed20260827/noisy/3575-170457-0002.wav,16000,16000,1,1,33760,33760
1864,908-31957-0007.wav,908-31957-0007,data/librispeech_test_clean_musan_music_snr4_seed20260827/clean/908-31957-0007.wav,data/librispeech_test_clean_musan_music_snr4_seed20260827/noisy/908-31957-0007.wav,16000,16000,1,1,92800,92800
1865,6930-76324-0007.wav,6930-76324-0007,data/librispeech_test_clean_musan_music_snr4_seed20260827/clean/6930-76324-0007.wav,data/librispeech_test_clean_musan_music_snr4_seed20260827/noisy/6930-76324-0007.wav,16000,16000,1,1,45120,45120
1866,1995-1836-0003.wav,1995-1836-0003,data/librispeech_test_clean_musan_music_snr4_seed20260827/clean/1995-1836-0003.wav,data/librispeech_test_clean_musan_music_snr4_seed20260827/noisy/1995-1836-0003.wav,16000,16000,1,1,127440,127440
1867,8463-294828-0013.wav,8463-294828-0013,data/librispeech_test_clean_musan_music_snr4_seed20260827/clean/8463-294828-0013.wav,data/librispeech_test_clean_musan_music_snr4_seed20260827/noisy/8463-294828-0013.wav,16000,16000,1,1,115200,115200
1868,1089-134686-0021.wav,1089-134686-0021,data/librispeech_test_clean_musan_music_snr4_seed20260827/clean/1089-134686-0021.wav,data/librispeech_test_clean_musan_music_snr4_seed20260827/noisy/1089-134686-0021.wav,16000,16000,1,1,104800,104800
1869,1320-122612-0001.wav,1320-122612-0001,data/librispeech_test_clean_musan_music_snr4_seed20260827/clean/1320-122612-0001.wav,data/librispeech_test_clean_musan_music_snr4_seed20260827/noisy/1320-122612-0001.wav,16000,16000,1,1,152320,152320
1870,1995-1826-0011.wav,1995-1826-0011,data/librispeech_test_clean_musan_music_snr4_seed20260827/clean/1995-1826-0011.wav,data/librispeech_test_clean_musan_music_snr4_seed20260827/noisy/1995-1826-0011.wav,16000,16000,1,1,143040,143040
1871,4446-2275-0031.wav,4446-2275-0031,data/librispeech_test_clean_musan_music_snr4_seed20260827/clean/4446-2275-0031.wav,data/librispeech_test_clean_musan_music_snr4_seed20260827/noisy/4446-2275-0031.wav,16000,16000,1,1,48880,48880
1872,8463-287645-0011.wav,8463-287645-0011,data/librispeech_test_clean_musan_music_snr4_seed20260827/clean/8463-287645-0011.wav,data/librispeech_test_clean_musan_music_snr4_seed20260827/noisy/8463-287645-0011.wav,16000,16000,1,1,102080,102080
1873,1320-122617-0011.wav,1320-122617-0011,data/librispeech_test_clean_musan_music_snr4_seed20260827/clean/1320-122617-0011.wav,data/librispeech_test_clean_musan_music_snr4_seed20260827/noisy/1320-122617-0011.wav,16000,16000,1,1,156160,156160
1874,5683-32866-0004.wav,5683-32866-0004,data/librispeech_test_clean_musan_music_snr4_seed20260827/clean/5683-32866-0004.wav,data/librispeech_test_clean_musan_music_snr4_seed20260827/noisy/5683-32866-0004.wav,16000,16000,1,1,147600,147600
1875,2300-131720-0005.wav,2300-131720-0005,data/librispeech_test_clean_musan_music_snr4_seed20260827/clean/2300-131720-0005.wav,data/librispeech_test_clean_musan_music_snr4_seed20260827/noisy/2300-131720-0005.wav,16000,16000,1,1,110400,110400
1876,121-121726-0008.wav,121-121726-0008,data/librispeech_test_clean_musan_music_snr4_seed20260827/clean/121-121726-0008.wav,data/librispeech_test_clean_musan_music_snr4_seed20260827/noisy/121-121726-0008.wav,16000,16000,1,1,79840,79840
1877,6930-75918-0000.wav,6930-75918-0000,data/librispeech_test_clean_musan_music_snr4_seed20260827/clean/6930-75918-0000.wav,data/librispeech_test_clean_musan_music_snr4_seed20260827/noisy/6930-75918-0000.wav,16000,16000,1,1,56080,56080
1878,4970-29093-0012.wav,4970-29093-0012,data/librispeech_test_clean_musan_music_snr4_seed20260827/clean/4970-29093-0012.wav,data/librispeech_test_clean_musan_music_snr4_seed20260827/noisy/4970-29093-0012.wav,16000,16000,1,1,139360,139360
1879,1580-141084-0024.wav,1580-141084-0024,data/librispeech_test_clean_musan_music_snr4_seed20260827/clean/1580-141084-0024.wav,data/librispeech_test_clean_musan_music_snr4_seed20260827/noisy/1580-141084-0024.wav,16000,16000,1,1,146960,146960
1880,1320-122617-0016.wav,1320-122617-0016,data/librispeech_test_clean_musan_music_snr4_seed20260827/clean/1320-122617-0016.wav,data/librispeech_test_clean_musan_music_snr4_seed20260827/noisy/1320-122617-0016.wav,16000,16000,1,1,161360,161360
1881,7021-79730-0000.wav,7021-79730-0000,data/librispeech_test_clean_musan_music_snr4_seed20260827/clean/7021-79730-0000.wav,data/librispeech_test_clean_musan_music_snr4_seed20260827/noisy/7021-79730-0000.wav,16000,16000,1,1,39040,39040
1882,260-123288-0017.wav,260-123288-0017,data/librispeech_test_clean_musan_music_snr4_seed20260827/clean/260-123288-0017.wav,data/librispeech_test_clean_musan_music_snr4_seed20260827/noisy/260-123288-0017.wav,16000,16000,1,1,83600,83600
1883,4507-16021-0033.wav,4507-16021-0033,data/librispeech_test_clean_musan_music_snr4_seed20260827/clean/4507-16021-0033.wav,data/librispeech_test_clean_musan_music_snr4_seed20260827/noisy/4507-16021-0033.wav,16000,16000,1,1,88720,88720
1884,2830-3980-0058.wav,2830-3980-0058,data/librispeech_test_clean_musan_music_snr4_seed20260827/clean/2830-3980-0058.wav,data/librispeech_test_clean_musan_music_snr4_seed20260827/noisy/2830-3980-0058.wav,16000,16000,1,1,43040,43040
1885,3729-6852-0025.wav,3729-6852-0025,data/librispeech_test_clean_musan_music_snr4_seed20260827/clean/3729-6852-0025.wav,data/librispeech_test_clean_musan_music_snr4_seed20260827/noisy/3729-6852-0025.wav,16000,16000,1,1,48000,48000
1886,2094-142345-0038.wav,2094-142345-0038,data/librispeech_test_clean_musan_music_snr4_seed20260827/clean/2094-142345-0038.wav,data/librispeech_test_clean_musan_music_snr4_seed20260827/noisy/2094-142345-0038.wav,16000,16000,1,1,324000,324000
1887,5683-32879-0025.wav,5683-32879-0025,data/librispeech_test_clean_musan_music_snr4_seed20260827/clean/5683-32879-0025.wav,data/librispeech_test_clean_musan_music_snr4_seed20260827/noisy/5683-32879-0025.wav,16000,16000,1,1,30480,30480
1888,7176-92135-0041.wav,7176-92135-0041,data/librispeech_test_clean_musan_music_snr4_seed20260827/clean/7176-92135-0041.wav,data/librispeech_test_clean_musan_music_snr4_seed20260827/noisy/7176-92135-0041.wav,16000,16000,1,1,79040,79040
1889,5142-33396-0014.wav,5142-33396-0014,data/librispeech_test_clean_musan_music_snr4_seed20260827/clean/5142-33396-0014.wav,data/librispeech_test_clean_musan_music_snr4_seed20260827/noisy/5142-33396-0014.wav,16000,16000,1,1,51920,51920
1890,5639-40744-0031.wav,5639-40744-0031,data/librispeech_test_clean_musan_music_snr4_seed20260827/clean/5639-40744-0031.wav,data/librispeech_test_clean_musan_music_snr4_seed20260827/noisy/5639-40744-0031.wav,16000,16000,1,1,454720,454720
1891,7729-102255-0045.wav,7729-102255-0045,data/librispeech_test_clean_musan_music_snr4_seed20260827/clean/7729-102255-0045.wav,data/librispeech_test_clean_musan_music_snr4_seed20260827/noisy/7729-102255-0045.wav,16000,16000,1,1,108880,108880
1892,8224-274381-0014.wav,8224-274381-0014,data/librispeech_test_clean_musan_music_snr4_seed20260827/clean/8224-274381-0014.wav,data/librispeech_test_clean_musan_music_snr4_seed20260827/noisy/8224-274381-0014.wav,16000,16000,1,1,286080,286080
1893,237-134500-0015.wav,237-134500-0015,data/librispeech_test_clean_musan_music_snr4_seed20260827/clean/237-134500-0015.wav,data/librispeech_test_clean_musan_music_snr4_seed20260827/noisy/237-134500-0015.wav,16000,16000,1,1,173040,173040
1894,908-31957-0022.wav,908-31957-0022,data/librispeech_test_clean_musan_music_snr4_seed20260827/clean/908-31957-0022.wav,data/librispeech_test_clean_musan_music_snr4_seed20260827/noisy/908-31957-0022.wav,16000,16000,1,1,225600,225600
1895,3729-6852-0013.wav,3729-6852-0013,data/librispeech_test_clean_musan_music_snr4_seed20260827/clean/3729-6852-0013.wav,data/librispeech_test_clean_musan_music_snr4_seed20260827/noisy/3729-6852-0013.wav,16000,16000,1,1,52800,52800
1896,6829-68769-0012.wav,6829-68769-0012,data/librispeech_test_clean_musan_music_snr4_seed20260827/clean/6829-68769-0012.wav,data/librispeech_test_clean_musan_music_snr4_seed20260827/noisy/6829-68769-0012.wav,16000,16000,1,1,68720,68720
1897,1089-134686-0031.wav,1089-134686-0031,data/librispeech_test_clean_musan_music_snr4_seed20260827/clean/1089-134686-0031.wav,data/librispeech_test_clean_musan_music_snr4_seed20260827/noisy/1089-134686-0031.wav,16000,16000,1,1,105840,105840
1898,5639-40744-0024.wav,5639-40744-0024,data/librispeech_test_clean_musan_music_snr4_seed20260827/clean/5639-40744-0024.wav,data/librispeech_test_clean_musan_music_snr4_seed20260827/noisy/5639-40744-0024.wav,16000,16000,1,1,141520,141520
1899,5142-33396-0041.wav,5142-33396-0041,data/librispeech_test_clean_musan_music_snr4_seed20260827/clean/5142-33396-0041.wav,data/librispeech_test_clean_musan_music_snr4_seed20260827/noisy/5142-33396-0041.wav,16000,16000,1,1,45280,45280
1900,121-127105-0001.wav,121-127105-0001,data/librispeech_test_clean_musan_music_snr4_seed20260827/clean/121-127105-0001.wav,data/librispeech_test_clean_musan_music_snr4_seed20260827/noisy/121-127105-0001.wav,16000,16000,1,1,80400,80400
1901,8463-294828-0026.wav,8463-294828-0026,data/librispeech_test_clean_musan_music_snr4_seed20260827/clean/8463-294828-0026.wav,data/librispeech_test_clean_musan_music_snr4_seed20260827/noisy/8463-294828-0026.wav,16000,16000,1,1,43920,43920
1902,1580-141083-0044.wav,1580-141083-0044,data/librispeech_test_clean_musan_music_snr4_seed20260827/clean/1580-141083-0044.wav,data/librispeech_test_clean_musan_music_snr4_seed20260827/noisy/1580-141083-0044.wav,16000,16000,1,1,88080,88080
1903,5142-36586-0002.wav,5142-36586-0002,data/librispeech_test_clean_musan_music_snr4_seed20260827/clean/5142-36586-0002.wav,data/librispeech_test_clean_musan_music_snr4_seed20260827/noisy/5142-36586-0002.wav,16000,16000,1,1,37360,37360
1904,5105-28240-0011.wav,5105-28240-0011,data/librispeech_test_clean_musan_music_snr4_seed20260827/clean/5105-28240-0011.wav,data/librispeech_test_clean_musan_music_snr4_seed20260827/noisy/5105-28240-0011.wav,16000,16000,1,1,96320,96320
1905,6930-76324-0004.wav,6930-76324-0004,data/librispeech_test_clean_musan_music_snr4_seed20260827/clean/6930-76324-0004.wav,data/librispeech_test_clean_musan_music_snr4_seed20260827/noisy/6930-76324-0004.wav,16000,16000,1,1,98400,98400
1906,2961-960-0016.wav,2961-960-0016,data/librispeech_test_clean_musan_music_snr4_seed20260827/clean/2961-960-0016.wav,data/librispeech_test_clean_musan_music_snr4_seed20260827/noisy/2961-960-0016.wav,16000,16000,1,1,124160,124160
1907,7176-92135-0024.wav,7176-92135-0024,data/librispeech_test_clean_musan_music_snr4_seed20260827/clean/7176-92135-0024.wav,data/librispeech_test_clean_musan_music_snr4_seed20260827/noisy/7176-92135-0024.wav,16000,16000,1,1,65600,65600
1908,61-70970-0009.wav,61-70970-0009,data/librispeech_test_clean_musan_music_snr4_seed20260827/clean/61-70970-0009.wav,data/librispeech_test_clean_musan_music_snr4_seed20260827/noisy/61-70970-0009.wav,16000,16000,1,1,54480,54480
1909,6829-68769-0032.wav,6829-68769-0032,data/librispeech_test_clean_musan_music_snr4_seed20260827/clean/6829-68769-0032.wav,data/librispeech_test_clean_musan_music_snr4_seed20260827/noisy/6829-68769-0032.wav,16000,16000,1,1,91520,91520
1910,8463-294825-0005.wav,8463-294825-0005,data/librispeech_test_clean_musan_music_snr4_seed20260827/clean/8463-294825-0005.wav,data/librispeech_test_clean_musan_music_snr4_seed20260827/noisy/8463-294825-0005.wav,16000,16000,1,1,123200,123200
1911,6829-68769-0050.wav,6829-68769-0050,data/librispeech_test_clean_musan_music_snr4_seed20260827/clean/6829-68769-0050.wav,data/librispeech_test_clean_musan_music_snr4_seed20260827/noisy/6829-68769-0050.wav,16000,16000,1,1,46640,46640
1912,1284-134647-0001.wav,1284-134647-0001,data/librispeech_test_clean_musan_music_snr4_seed20260827/clean/1284-134647-0001.wav,data/librispeech_test_clean_musan_music_snr4_seed20260827/noisy/1284-134647-0001.wav,16000,16000,1,1,164400,164400
1913,672-122797-0055.wav,672-122797-0055,data/librispeech_test_clean_musan_music_snr4_seed20260827/clean/672-122797-0055.wav,data/librispeech_test_clean_musan_music_snr4_seed20260827/noisy/672-122797-0055.wav,16000,16000,1,1,131680,131680
1914,5683-32879-0007.wav,5683-32879-0007,data/librispeech_test_clean_musan_music_snr4_seed20260827/clean/5683-32879-0007.wav,data/librispeech_test_clean_musan_music_snr4_seed20260827/noisy/5683-32879-0007.wav,16000,16000,1,1,108720,108720
1915,8555-284449-0014.wav,8555-284449-0014,data/librispeech_test_clean_musan_music_snr4_seed20260827/clean/8555-284449-0014.wav,data/librispeech_test_clean_musan_music_snr4_seed20260827/noisy/8555-284449-0014.wav,16000,16000,1,1,34480,34480
1916,8463-294828-0028.wav,8463-294828-0028,data/librispeech_test_clean_musan_music_snr4_seed20260827/clean/8463-294828-0028.wav,data/librispeech_test_clean_musan_music_snr4_seed20260827/noisy/8463-294828-0028.wav,16000,16000,1,1,126640,126640
1917,8230-279154-0030.wav,8230-279154-0030,data/librispeech_test_clean_musan_music_snr4_seed20260827/clean/8230-279154-0030.wav,data/librispeech_test_clean_musan_music_snr4_seed20260827/noisy/8230-279154-0030.wav,16000,16000,1,1,116480,116480
1918,8455-210777-0032.wav,8455-210777-0032,data/librispeech_test_clean_musan_music_snr4_seed20260827/clean/8455-210777-0032.wav,data/librispeech_test_clean_musan_music_snr4_seed20260827/noisy/8455-210777-0032.wav,16000,16000,1,1,34240,34240
1919,672-122797-0016.wav,672-122797-0016,data/librispeech_test_clean_musan_music_snr4_seed20260827/clean/672-122797-0016.wav,data/librispeech_test_clean_musan_music_snr4_seed20260827/noisy/672-122797-0016.wav,16000,16000,1,1,147440,147440
1920,6829-68771-0036.wav,6829-68771-0036,data/librispeech_test_clean_musan_music_snr4_seed20260827/clean/6829-68771-0036.wav,data/librispeech_test_clean_musan_music_snr4_seed20260827/noisy/6829-68771-0036.wav,16000,16000,1,1,83200,83200
1921,8463-294828-0020.wav,8463-294828-0020,data/librispeech_test_clean_musan_music_snr4_seed20260827/clean/8463-294828-0020.wav,data/librispeech_test_clean_musan_music_snr4_seed20260827/noisy/8463-294828-0020.wav,16000,16000,1,1,94640,94640
1922,2830-3979-0010.wav,2830-3979-0010,data/librispeech_test_clean_musan_music_snr4_seed20260827/clean/2830-3979-0010.wav,data/librispeech_test_clean_musan_music_snr4_seed20260827/noisy/2830-3979-0010.wav,16000,16000,1,1,53760,53760
1923,672-122797-0070.wav,672-122797-0070,data/librispeech_test_clean_musan_music_snr4_seed20260827/clean/672-122797-0070.wav,data/librispeech_test_clean_musan_music_snr4_seed20260827/noisy/672-122797-0070.wav,16000,16000,1,1,100320,100320
1924,1580-141084-0026.wav,1580-141084-0026,data/librispeech_test_clean_musan_music_snr4_seed20260827/clean/1580-141084-0026.wav,data/librispeech_test_clean_musan_music_snr4_seed20260827/noisy/1580-141084-0026.wav,16000,16000,1,1,111920,111920
1925,1995-1837-0018.wav,1995-1837-0018,data/librispeech_test_clean_musan_music_snr4_seed20260827/clean/1995-1837-0018.wav,data/librispeech_test_clean_musan_music_snr4_seed20260827/noisy/1995-1837-0018.wav,16000,16000,1,1,205200,205200
1926,5683-32865-0010.wav,5683-32865-0010,data/librispeech_test_clean_musan_music_snr4_seed20260827/clean/5683-32865-0010.wav,data/librispeech_test_clean_musan_music_snr4_seed20260827/noisy/5683-32865-0010.wav,16000,16000,1,1,101360,101360
1927,5142-36377-0013.wav,5142-36377-0013,data/librispeech_test_clean_musan_music_snr4_seed20260827/clean/5142-36377-0013.wav,data/librispeech_test_clean_musan_music_snr4_seed20260827/noisy/5142-36377-0013.wav,16000,16000,1,1,105360,105360
1928,2830-3979-0012.wav,2830-3979-0012,data/librispeech_test_clean_musan_music_snr4_seed20260827/clean/2830-3979-0012.wav,data/librispeech_test_clean_musan_music_snr4_seed20260827/noisy/2830-3979-0012.wav,16000,16000,1,1,58000,58000
1929,4992-41797-0014.wav,4992-41797-0014,data/librispeech_test_clean_musan_music_snr4_seed20260827/clean/4992-41797-0014.wav,data/librispeech_test_clean_musan_music_snr4_seed20260827/noisy/4992-41797-0014.wav,16000,16000,1,1,115440,115440
1930,260-123286-0021.wav,260-123286-0021,data/librispeech_test_clean_musan_music_snr4_seed20260827/clean/260-123286-0021.wav,data/librispeech_test_clean_musan_music_snr4_seed20260827/noisy/260-123286-0021.wav,16000,16000,1,1,40800,40800
1931,61-70968-0018.wav,61-70968-0018,data/librispeech_test_clean_musan_music_snr4_seed20260827/clean/61-70968-0018.wav,data/librispeech_test_clean_musan_music_snr4_seed20260827/noisy/61-70968-0018.wav,16000,16000,1,1,38480,38480
1932,2830-3980-0064.wav,2830-3980-0064,data/librispeech_test_clean_musan_music_snr4_seed20260827/clean/2830-3980-0064.wav,data/librispeech_test_clean_musan_music_snr4_seed20260827/noisy/2830-3980-0064.wav,16000,16000,1,1,46080,46080
1933,1284-134647-0000.wav,1284-134647-0000,data/librispeech_test_clean_musan_music_snr4_seed20260827/clean/1284-134647-0000.wav,data/librispeech_test_clean_musan_music_snr4_seed20260827/noisy/1284-134647-0000.wav,16000,16000,1,1,136480,136480
1934,4446-2275-0008.wav,4446-2275-0008,data/librispeech_test_clean_musan_music_snr4_seed20260827/clean/4446-2275-0008.wav,data/librispeech_test_clean_musan_music_snr4_seed20260827/noisy/4446-2275-0008.wav,16000,16000,1,1,66080,66080
1935,61-70968-0020.wav,61-70968-0020,data/librispeech_test_clean_musan_music_snr4_seed20260827/clean/61-70968-0020.wav,data/librispeech_test_clean_musan_music_snr4_seed20260827/noisy/61-70968-0020.wav,16000,16000,1,1,81680,81680
1936,5683-32866-0019.wav,5683-32866-0019,data/librispeech_test_clean_musan_music_snr4_seed20260827/clean/5683-32866-0019.wav,data/librispeech_test_clean_musan_music_snr4_seed20260827/noisy/5683-32866-0019.wav,16000,16000,1,1,333680,333680
1937,8230-279154-0014.wav,8230-279154-0014,data/librispeech_test_clean_musan_music_snr4_seed20260827/clean/8230-279154-0014.wav,data/librispeech_test_clean_musan_music_snr4_seed20260827/noisy/8230-279154-0014.wav,16000,16000,1,1,127040,127040
1938,3729-6852-0046.wav,3729-6852-0046,data/librispeech_test_clean_musan_music_snr4_seed20260827/clean/3729-6852-0046.wav,data/librispeech_test_clean_musan_music_snr4_seed20260827/noisy/3729-6852-0046.wav,16000,16000,1,1,201680,201680
1939,6930-81414-0017.wav,6930-81414-0017,data/librispeech_test_clean_musan_music_snr4_seed20260827/clean/6930-81414-0017.wav,data/librispeech_test_clean_musan_music_snr4_seed20260827/noisy/6930-81414-0017.wav,16000,16000,1,1,37440,37440
1940,5105-28233-0000.wav,5105-28233-0000,data/librispeech_test_clean_musan_music_snr4_seed20260827/clean/5105-28233-0000.wav,data/librispeech_test_clean_musan_music_snr4_seed20260827/noisy/5105-28233-0000.wav,16000,16000,1,1,72160,72160
1941,5105-28240-0016.wav,5105-28240-0016,data/librispeech_test_clean_musan_music_snr4_seed20260827/clean/5105-28240-0016.wav,data/librispeech_test_clean_musan_music_snr4_seed20260827/noisy/5105-28240-0016.wav,16000,16000,1,1,66720,66720
1942,7021-79730-0005.wav,7021-79730-0005,data/librispeech_test_clean_musan_music_snr4_seed20260827/clean/7021-79730-0005.wav,data/librispeech_test_clean_musan_music_snr4_seed20260827/noisy/7021-79730-0005.wav,16000,16000,1,1,128160,128160
1943,5105-28240-0018.wav,5105-28240-0018,data/librispeech_test_clean_musan_music_snr4_seed20260827/clean/5105-28240-0018.wav,data/librispeech_test_clean_musan_music_snr4_seed20260827/noisy/5105-28240-0018.wav,16000,16000,1,1,46160,46160
1944,5142-33396-0035.wav,5142-33396-0035,data/librispeech_test_clean_musan_music_snr4_seed20260827/clean/5142-33396-0035.wav,data/librispeech_test_clean_musan_music_snr4_seed20260827/noisy/5142-33396-0035.wav,16000,16000,1,1,63120,63120
1945,4970-29095-0021.wav,4970-29095-0021,data/librispeech_test_clean_musan_music_snr4_seed20260827/clean/4970-29095-0021.wav,data/librispeech_test_clean_musan_music_snr4_seed20260827/noisy/4970-29095-0021.wav,16000,16000,1,1,317760,317760
1946,3570-5695-0001.wav,3570-5695-0001,data/librispeech_test_clean_musan_music_snr4_seed20260827/clean/3570-5695-0001.wav,data/librispeech_test_clean_musan_music_snr4_seed20260827/noisy/3570-5695-0001.wav,16000,16000,1,1,235440,235440
1947,4970-29095-0013.wav,4970-29095-0013,data/librispeech_test_clean_musan_music_snr4_seed20260827/clean/4970-29095-0013.wav,data/librispeech_test_clean_musan_music_snr4_seed20260827/noisy/4970-29095-0013.wav,16000,16000,1,1,31680,31680
1948,7729-102255-0042.wav,7729-102255-0042,data/librispeech_test_clean_musan_music_snr4_seed20260827/clean/7729-102255-0042.wav,data/librispeech_test_clean_musan_music_snr4_seed20260827/noisy/7729-102255-0042.wav,16000,16000,1,1,147600,147600
1949,2300-131720-0024.wav,2300-131720-0024,data/librispeech_test_clean_musan_music_snr4_seed20260827/clean/2300-131720-0024.wav,data/librispeech_test_clean_musan_music_snr4_seed20260827/noisy/2300-131720-0024.wav,16000,16000,1,1,76320,76320
1950,2961-960-0018.wav,2961-960-0018,data/librispeech_test_clean_musan_music_snr4_seed20260827/clean/2961-960-0018.wav,data/librispeech_test_clean_musan_music_snr4_seed20260827/noisy/2961-960-0018.wav,16000,16000,1,1,134080,134080
1951,2961-961-0002.wav,2961-961-0002,data/librispeech_test_clean_musan_music_snr4_seed20260827/clean/2961-961-0002.wav,data/librispeech_test_clean_musan_music_snr4_seed20260827/noisy/2961-961-0002.wav,16000,16000,1,1,319840,319840
1952,2300-131720-0018.wav,2300-131720-0018,data/librispeech_test_clean_musan_music_snr4_seed20260827/clean/2300-131720-0018.wav,data/librispeech_test_clean_musan_music_snr4_seed20260827/noisy/2300-131720-0018.wav,16000,16000,1,1,200640,200640
1953,5142-33396-0068.wav,5142-33396-0068,data/librispeech_test_clean_musan_music_snr4_seed20260827/clean/5142-33396-0068.wav,data/librispeech_test_clean_musan_music_snr4_seed20260827/noisy/5142-33396-0068.wav,16000,16000,1,1,67760,67760
1954,4446-2275-0024.wav,4446-2275-0024,data/librispeech_test_clean_musan_music_snr4_seed20260827/clean/4446-2275-0024.wav,data/librispeech_test_clean_musan_music_snr4_seed20260827/noisy/4446-2275-0024.wav,16000,16000,1,1,38320,38320
1955,1188-133604-0004.wav,1188-133604-0004,data/librispeech_test_clean_musan_music_snr4_seed20260827/clean/1188-133604-0004.wav,data/librispeech_test_clean_musan_music_snr4_seed20260827/noisy/1188-133604-0004.wav,16000,16000,1,1,170400,170400
1956,8463-294825-0015.wav,8463-294825-0015,data/librispeech_test_clean_musan_music_snr4_seed20260827/clean/8463-294825-0015.wav,data/librispeech_test_clean_musan_music_snr4_seed20260827/noisy/8463-294825-0015.wav,16000,16000,1,1,52000,52000
1957,2300-131720-0008.wav,2300-131720-0008,data/librispeech_test_clean_musan_music_snr4_seed20260827/clean/2300-131720-0008.wav,data/librispeech_test_clean_musan_music_snr4_seed20260827/noisy/2300-131720-0008.wav,16000,16000,1,1,146000,146000
1958,1221-135767-0022.wav,1221-135767-0022,data/librispeech_test_clean_musan_music_snr4_seed20260827/clean/1221-135767-0022.wav,data/librispeech_test_clean_musan_music_snr4_seed20260827/noisy/1221-135767-0022.wav,16000,16000,1,1,230320,230320
1959,260-123286-0017.wav,260-123286-0017,data/librispeech_test_clean_musan_music_snr4_seed20260827/clean/260-123286-0017.wav,data/librispeech_test_clean_musan_music_snr4_seed20260827/noisy/260-123286-0017.wav,16000,16000,1,1,63600,63600
1960,8463-294828-0006.wav,8463-294828-0006,data/librispeech_test_clean_musan_music_snr4_seed20260827/clean/8463-294828-0006.wav,data/librispeech_test_clean_musan_music_snr4_seed20260827/noisy/8463-294828-0006.wav,16000,16000,1,1,117120,117120
1961,4077-13754-0009.wav,4077-13754-0009,data/librispeech_test_clean_musan_music_snr4_seed20260827/clean/4077-13754-0009.wav,data/librispeech_test_clean_musan_music_snr4_seed20260827/noisy/4077-13754-0009.wav,16000,16000,1,1,122400,122400
1962,4970-29093-0020.wav,4970-29093-0020,data/librispeech_test_clean_musan_music_snr4_seed20260827/clean/4970-29093-0020.wav,data/librispeech_test_clean_musan_music_snr4_seed20260827/noisy/4970-29093-0020.wav,16000,16000,1,1,89280,89280
1963,1089-134686-0001.wav,1089-134686-0001,data/librispeech_test_clean_musan_music_snr4_seed20260827/clean/1089-134686-0001.wav,data/librispeech_test_clean_musan_music_snr4_seed20260827/noisy/1089-134686-0001.wav,16000,16000,1,1,52400,52400
1964,4507-16021-0034.wav,4507-16021-0034,data/librispeech_test_clean_musan_music_snr4_seed20260827/clean/4507-16021-0034.wav,data/librispeech_test_clean_musan_music_snr4_seed20260827/noisy/4507-16021-0034.wav,16000,16000,1,1,180320,180320
1965,4446-2273-0033.wav,4446-2273-0033,data/librispeech_test_clean_musan_music_snr4_seed20260827/clean/4446-2273-0033.wav,data/librispeech_test_clean_musan_music_snr4_seed20260827/noisy/4446-2273-0033.wav,16000,16000,1,1,52800,52800
1966,7729-102255-0007.wav,7729-102255-0007,data/librispeech_test_clean_musan_music_snr4_seed20260827/clean/7729-102255-0007.wav,data/librispeech_test_clean_musan_music_snr4_seed20260827/noisy/7729-102255-0007.wav,16000,16000,1,1,184480,184480
1967,6930-75918-0004.wav,6930-75918-0004,data/librispeech_test_clean_musan_music_snr4_seed20260827/clean/6930-75918-0004.wav,data/librispeech_test_clean_musan_music_snr4_seed20260827/noisy/6930-75918-0004.wav,16000,16000,1,1,177040,177040
1968,3729-6852-0006.wav,3729-6852-0006,data/librispeech_test_clean_musan_music_snr4_seed20260827/clean/3729-6852-0006.wav,data/librispeech_test_clean_musan_music_snr4_seed20260827/noisy/3729-6852-0006.wav,16000,16000,1,1,379840,379840
1969,4970-29095-0003.wav,4970-29095-0003,data/librispeech_test_clean_musan_music_snr4_seed20260827/clean/4970-29095-0003.wav,data/librispeech_test_clean_musan_music_snr4_seed20260827/noisy/4970-29095-0003.wav,16000,16000,1,1,160320,160320
1970,6829-68769-0005.wav,6829-68769-0005,data/librispeech_test_clean_musan_music_snr4_seed20260827/clean/6829-68769-0005.wav,data/librispeech_test_clean_musan_music_snr4_seed20260827/noisy/6829-68769-0005.wav,16000,16000,1,1,107520,107520
1971,4992-41806-0016.wav,4992-41806-0016,data/librispeech_test_clean_musan_music_snr4_seed20260827/clean/4992-41806-0016.wav,data/librispeech_test_clean_musan_music_snr4_seed20260827/noisy/4992-41806-0016.wav,16000,16000,1,1,252160,252160
1972,2094-142345-0031.wav,2094-142345-0031,data/librispeech_test_clean_musan_music_snr4_seed20260827/clean/2094-142345-0031.wav,data/librispeech_test_clean_musan_music_snr4_seed20260827/noisy/2094-142345-0031.wav,16000,16000,1,1,44480,44480
1973,4970-29093-0004.wav,4970-29093-0004,data/librispeech_test_clean_musan_music_snr4_seed20260827/clean/4970-29093-0004.wav,data/librispeech_test_clean_musan_music_snr4_seed20260827/noisy/4970-29093-0004.wav,16000,16000,1,1,60000,60000
1974,1580-141083-0023.wav,1580-141083-0023,data/librispeech_test_clean_musan_music_snr4_seed20260827/clean/1580-141083-0023.wav,data/librispeech_test_clean_musan_music_snr4_seed20260827/noisy/1580-141083-0023.wav,16000,16000,1,1,53280,53280
1975,4446-2271-0001.wav,4446-2271-0001,data/librispeech_test_clean_musan_music_snr4_seed20260827/clean/4446-2271-0001.wav,data/librispeech_test_clean_musan_music_snr4_seed20260827/noisy/4446-2271-0001.wav,16000,16000,1,1,101600,101600
1976,1320-122617-0010.wav,1320-122617-0010,data/librispeech_test_clean_musan_music_snr4_seed20260827/clean/1320-122617-0010.wav,data/librispeech_test_clean_musan_music_snr4_seed20260827/noisy/1320-122617-0010.wav,16000,16000,1,1,160000,160000
1977,2961-960-0014.wav,2961-960-0014,data/librispeech_test_clean_musan_music_snr4_seed20260827/clean/2961-960-0014.wav,data/librispeech_test_clean_musan_music_snr4_seed20260827/noisy/2961-960-0014.wav,16000,16000,1,1,140400,140400
1978,4970-29093-0010.wav,4970-29093-0010,data/librispeech_test_clean_musan_music_snr4_seed20260827/clean/4970-29093-0010.wav,data/librispeech_test_clean_musan_music_snr4_seed20260827/noisy/4970-29093-0010.wav,16000,16000,1,1,228800,228800
1979,5105-28240-0007.wav,5105-28240-0007,data/librispeech_test_clean_musan_music_snr4_seed20260827/clean/5105-28240-0007.wav,data/librispeech_test_clean_musan_music_snr4_seed20260827/noisy/5105-28240-0007.wav,16000,16000,1,1,74000,74000
1980,121-127105-0004.wav,121-127105-0004,data/librispeech_test_clean_musan_music_snr4_seed20260827/clean/121-127105-0004.wav,data/librispeech_test_clean_musan_music_snr4_seed20260827/noisy/121-127105-0004.wav,16000,16000,1,1,33760,33760
1981,1188-133604-0009.wav,1188-133604-0009,data/librispeech_test_clean_musan_music_snr4_seed20260827/clean/1188-133604-0009.wav,data/librispeech_test_clean_musan_music_snr4_seed20260827/noisy/1188-133604-0009.wav,16000,16000,1,1,368960,368960
1982,1089-134691-0011.wav,1089-134691-0011,data/librispeech_test_clean_musan_music_snr4_seed20260827/clean/1089-134691-0011.wav,data/librispeech_test_clean_musan_music_snr4_seed20260827/noisy/1089-134691-0011.wav,16000,16000,1,1,320160,320160
1983,1580-141084-0046.wav,1580-141084-0046,data/librispeech_test_clean_musan_music_snr4_seed20260827/clean/1580-141084-0046.wav,data/librispeech_test_clean_musan_music_snr4_seed20260827/noisy/1580-141084-0046.wav,16000,16000,1,1,37600,37600
1984,8463-287645-0012.wav,8463-287645-0012,data/librispeech_test_clean_musan_music_snr4_seed20260827/clean/8463-287645-0012.wav,data/librispeech_test_clean_musan_music_snr4_seed20260827/noisy/8463-287645-0012.wav,16000,16000,1,1,86800,86800
1985,4992-41806-0008.wav,4992-41806-0008,data/librispeech_test_clean_musan_music_snr4_seed20260827/clean/4992-41806-0008.wav,data/librispeech_test_clean_musan_music_snr4_seed20260827/noisy/4992-41806-0008.wav,16000,16000,1,1,189120,189120
1986,61-70968-0006.wav,61-70968-0006,data/librispeech_test_clean_musan_music_snr4_seed20260827/clean/61-70968-0006.wav,data/librispeech_test_clean_musan_music_snr4_seed20260827/noisy/61-70968-0006.wav,16000,16000,1,1,46960,46960
1987,908-31957-0014.wav,908-31957-0014,data/librispeech_test_clean_musan_music_snr4_seed20260827/clean/908-31957-0014.wav,data/librispeech_test_clean_musan_music_snr4_seed20260827/noisy/908-31957-0014.wav,16000,16000,1,1,120960,120960
1988,5683-32865-0017.wav,5683-32865-0017,data/librispeech_test_clean_musan_music_snr4_seed20260827/clean/5683-32865-0017.wav,data/librispeech_test_clean_musan_music_snr4_seed20260827/noisy/5683-32865-0017.wav,16000,16000,1,1,87280,87280
1989,4992-41797-0006.wav,4992-41797-0006,data/librispeech_test_clean_musan_music_snr4_seed20260827/clean/4992-41797-0006.wav,data/librispeech_test_clean_musan_music_snr4_seed20260827/noisy/4992-41797-0006.wav,16000,16000,1,1,72800,72800
1990,4507-16021-0030.wav,4507-16021-0030,data/librispeech_test_clean_musan_music_snr4_seed20260827/clean/4507-16021-0030.wav,data/librispeech_test_clean_musan_music_snr4_seed20260827/noisy/4507-16021-0030.wav,16000,16000,1,1,236640,236640
1991,7127-75947-0033.wav,7127-75947-0033,data/librispeech_test_clean_musan_music_snr4_seed20260827/clean/7127-75947-0033.wav,data/librispeech_test_clean_musan_music_snr4_seed20260827/noisy/7127-75947-0033.wav,16000,16000,1,1,141840,141840
1992,5142-33396-0040.wav,5142-33396-0040,data/librispeech_test_clean_musan_music_snr4_seed20260827/clean/5142-33396-0040.wav,data/librispeech_test_clean_musan_music_snr4_seed20260827/noisy/5142-33396-0040.wav,16000,16000,1,1,44960,44960
1993,4970-29093-0014.wav,4970-29093-0014,data/librispeech_test_clean_musan_music_snr4_seed20260827/clean/4970-29093-0014.wav,data/librispeech_test_clean_musan_music_snr4_seed20260827/noisy/4970-29093-0014.wav,16000,16000,1,1,68400,68400
1994,3570-5694-0007.wav,3570-5694-0007,data/librispeech_test_clean_musan_music_snr4_seed20260827/clean/3570-5694-0007.wav,data/librispeech_test_clean_musan_music_snr4_seed20260827/noisy/3570-5694-0007.wav,16000,16000,1,1,168720,168720
1995,7176-92135-0012.wav,7176-92135-0012,data/librispeech_test_clean_musan_music_snr4_seed20260827/clean/7176-92135-0012.wav,data/librispeech_test_clean_musan_music_snr4_seed20260827/noisy/7176-92135-0012.wav,16000,16000,1,1,262400,262400
1996,260-123440-0006.wav,260-123440-0006,data/librispeech_test_clean_musan_music_snr4_seed20260827/clean/260-123440-0006.wav,data/librispeech_test_clean_musan_music_snr4_seed20260827/noisy/260-123440-0006.wav,16000,16000,1,1,43440,43440
1997,260-123440-0017.wav,260-123440-0017,data/librispeech_test_clean_musan_music_snr4_seed20260827/clean/260-123440-0017.wav,data/librispeech_test_clean_musan_music_snr4_seed20260827/noisy/260-123440-0017.wav,16000,16000,1,1,49120,49120
1998,3575-170457-0026.wav,3575-170457-0026,data/librispeech_test_clean_musan_music_snr4_seed20260827/clean/3575-170457-0026.wav,data/librispeech_test_clean_musan_music_snr4_seed20260827/noisy/3575-170457-0026.wav,16000,16000,1,1,267760,267760
1999,7176-92135-0034.wav,7176-92135-0034,data/librispeech_test_clean_musan_music_snr4_seed20260827/clean/7176-92135-0034.wav,data/librispeech_test_clean_musan_music_snr4_seed20260827/noisy/7176-92135-0034.wav,16000,16000,1,1,71440,71440
2000,3729-6852-0033.wav,3729-6852-0033,data/librispeech_test_clean_musan_music_snr4_seed20260827/clean/3729-6852-0033.wav,data/librispeech_test_clean_musan_music_snr4_seed20260827/noisy/3729-6852-0033.wav,16000,16000,1,1,457200,457200
2001,2094-142345-0039.wav,2094-142345-0039,data/librispeech_test_clean_musan_music_snr4_seed20260827/clean/2094-142345-0039.wav,data/librispeech_test_clean_musan_music_snr4_seed20260827/noisy/2094-142345-0039.wav,16000,16000,1,1,100480,100480
2002,1580-141084-0009.wav,1580-141084-0009,data/librispeech_test_clean_musan_music_snr4_seed20260827/clean/1580-141084-0009.wav,data/librispeech_test_clean_musan_music_snr4_seed20260827/noisy/1580-141084-0009.wav,16000,16000,1,1,74960,74960
2003,5142-33396-0046.wav,5142-33396-0046,data/librispeech_test_clean_musan_music_snr4_seed20260827/clean/5142-33396-0046.wav,data/librispeech_test_clean_musan_music_snr4_seed20260827/noisy/5142-33396-0046.wav,16000,16000,1,1,59920,59920
2004,8555-292519-0007.wav,8555-292519-0007,data/librispeech_test_clean_musan_music_snr4_seed20260827/clean/8555-292519-0007.wav,data/librispeech_test_clean_musan_music_snr4_seed20260827/noisy/8555-292519-0007.wav,16000,16000,1,1,134480,134480
2005,4992-23283-0016.wav,4992-23283-0016,data/librispeech_test_clean_musan_music_snr4_seed20260827/clean/4992-23283-0016.wav,data/librispeech_test_clean_musan_music_snr4_seed20260827/noisy/4992-23283-0016.wav,16000,16000,1,1,71920,71920
2006,237-134493-0016.wav,237-134493-0016,data/librispeech_test_clean_musan_music_snr4_seed20260827/clean/237-134493-0016.wav,data/librispeech_test_clean_musan_music_snr4_seed20260827/noisy/237-134493-0016.wav,16000,16000,1,1,161360,161360
2007,8230-279154-0036.wav,8230-279154-0036,data/librispeech_test_clean_musan_music_snr4_seed20260827/clean/8230-279154-0036.wav,data/librispeech_test_clean_musan_music_snr4_seed20260827/noisy/8230-279154-0036.wav,16000,16000,1,1,51760,51760
2008,61-70968-0052.wav,61-70968-0052,data/librispeech_test_clean_musan_music_snr4_seed20260827/clean/61-70968-0052.wav,data/librispeech_test_clean_musan_music_snr4_seed20260827/noisy/61-70968-0052.wav,16000,16000,1,1,42400,42400
2009,5683-32865-0003.wav,5683-32865-0003,data/librispeech_test_clean_musan_music_snr4_seed20260827/clean/5683-32865-0003.wav,data/librispeech_test_clean_musan_music_snr4_seed20260827/noisy/5683-32865-0003.wav,16000,16000,1,1,56160,56160
2010,1089-134686-0024.wav,1089-134686-0024,data/librispeech_test_clean_musan_music_snr4_seed20260827/clean/1089-134686-0024.wav,data/librispeech_test_clean_musan_music_snr4_seed20260827/noisy/1089-134686-0024.wav,16000,16000,1,1,186480,186480
2011,61-70968-0058.wav,61-70968-0058,data/librispeech_test_clean_musan_music_snr4_seed20260827/clean/61-70968-0058.wav,data/librispeech_test_clean_musan_music_snr4_seed20260827/noisy/61-70968-0058.wav,16000,16000,1,1,29120,29120
2012,1221-135766-0007.wav,1221-135766-0007,data/librispeech_test_clean_musan_music_snr4_seed20260827/clean/1221-135766-0007.wav,data/librispeech_test_clean_musan_music_snr4_seed20260827/noisy/1221-135766-0007.wav,16000,16000,1,1,140720,140720
2013,672-122797-0052.wav,672-122797-0052,data/librispeech_test_clean_musan_music_snr4_seed20260827/clean/672-122797-0052.wav,data/librispeech_test_clean_musan_music_snr4_seed20260827/noisy/672-122797-0052.wav,16000,16000,1,1,68560,68560
2014,4507-16021-0025.wav,4507-16021-0025,data/librispeech_test_clean_musan_music_snr4_seed20260827/clean/4507-16021-0025.wav,data/librispeech_test_clean_musan_music_snr4_seed20260827/noisy/4507-16021-0025.wav,16000,16000,1,1,147440,147440
2015,4446-2273-0021.wav,4446-2273-0021,data/librispeech_test_clean_musan_music_snr4_seed20260827/clean/4446-2273-0021.wav,data/librispeech_test_clean_musan_music_snr4_seed20260827/noisy/4446-2273-0021.wav,16000,16000,1,1,84080,84080
2016,1995-1836-0014.wav,1995-1836-0014,data/librispeech_test_clean_musan_music_snr4_seed20260827/clean/1995-1836-0014.wav,data/librispeech_test_clean_musan_music_snr4_seed20260827/noisy/1995-1836-0014.wav,16000,16000,1,1,144720,144720
2017,4446-2275-0032.wav,4446-2275-0032,data/librispeech_test_clean_musan_music_snr4_seed20260827/clean/4446-2275-0032.wav,data/librispeech_test_clean_musan_music_snr4_seed20260827/noisy/4446-2275-0032.wav,16000,16000,1,1,51920,51920
2018,260-123440-0001.wav,260-123440-0001,data/librispeech_test_clean_musan_music_snr4_seed20260827/clean/260-123440-0001.wav,data/librispeech_test_clean_musan_music_snr4_seed20260827/noisy/260-123440-0001.wav,16000,16000,1,1,27840,27840
2019,2300-131720-0028.wav,2300-131720-0028,data/librispeech_test_clean_musan_music_snr4_seed20260827/clean/2300-131720-0028.wav,data/librispeech_test_clean_musan_music_snr4_seed20260827/noisy/2300-131720-0028.wav,16000,16000,1,1,415040,415040
2020,6829-68769-0002.wav,6829-68769-0002,data/librispeech_test_clean_musan_music_snr4_seed20260827/clean/6829-68769-0002.wav,data/librispeech_test_clean_musan_music_snr4_seed20260827/noisy/6829-68769-0002.wav,16000,16000,1,1,49200,49200
2021,1580-141083-0015.wav,1580-141083-0015,data/librispeech_test_clean_musan_music_snr4_seed20260827/clean/1580-141083-0015.wav,data/librispeech_test_clean_musan_music_snr4_seed20260827/noisy/1580-141083-0015.wav,16000,16000,1,1,79760,79760
2022,5105-28240-0006.wav,5105-28240-0006,data/librispeech_test_clean_musan_music_snr4_seed20260827/clean/5105-28240-0006.wav,data/librispeech_test_clean_musan_music_snr4_seed20260827/noisy/5105-28240-0006.wav,16000,16000,1,1,222080,222080
2023,1580-141083-0010.wav,1580-141083-0010,data/librispeech_test_clean_musan_music_snr4_seed20260827/clean/1580-141083-0010.wav,data/librispeech_test_clean_musan_music_snr4_seed20260827/noisy/1580-141083-0010.wav,16000,16000,1,1,85120,85120
2024,61-70968-0041.wav,61-70968-0041,data/librispeech_test_clean_musan_music_snr4_seed20260827/clean/61-70968-0041.wav,data/librispeech_test_clean_musan_music_snr4_seed20260827/noisy/61-70968-0041.wav,16000,16000,1,1,109200,109200
2025,4507-16021-0045.wav,4507-16021-0045,data/librispeech_test_clean_musan_music_snr4_seed20260827/clean/4507-16021-0045.wav,data/librispeech_test_clean_musan_music_snr4_seed20260827/noisy/4507-16021-0045.wav,16000,16000,1,1,78240,78240
2026,5142-33396-0064.wav,5142-33396-0064,data/librispeech_test_clean_musan_music_snr4_seed20260827/clean/5142-33396-0064.wav,data/librispeech_test_clean_musan_music_snr4_seed20260827/noisy/5142-33396-0064.wav,16000,16000,1,1,52800,52800
2027,3575-170457-0036.wav,3575-170457-0036,data/librispeech_test_clean_musan_music_snr4_seed20260827/clean/3575-170457-0036.wav,data/librispeech_test_clean_musan_music_snr4_seed20260827/noisy/3575-170457-0036.wav,16000,16000,1,1,452320,452320
2028,1580-141083-0000.wav,1580-141083-0000,data/librispeech_test_clean_musan_music_snr4_seed20260827/clean/1580-141083-0000.wav,data/librispeech_test_clean_musan_music_snr4_seed20260827/noisy/1580-141083-0000.wav,16000,16000,1,1,143040,143040
2029,1089-134691-0017.wav,1089-134691-0017,data/librispeech_test_clean_musan_music_snr4_seed20260827/clean/1089-134691-0017.wav,data/librispeech_test_clean_musan_music_snr4_seed20260827/noisy/1089-134691-0017.wav,16000,16000,1,1,187120,187120
2030,8463-294825-0000.wav,8463-294825-0000,data/librispeech_test_clean_musan_music_snr4_seed20260827/clean/8463-294825-0000.wav,data/librispeech_test_clean_musan_music_snr4_seed20260827/noisy/8463-294825-0000.wav,16000,16000,1,1,43120,43120
2031,4970-29095-0007.wav,4970-29095-0007,data/librispeech_test_clean_musan_music_snr4_seed20260827/clean/4970-29095-0007.wav,data/librispeech_test_clean_musan_music_snr4_seed20260827/noisy/4970-29095-0007.wav,16000,16000,1,1,236960,236960
2032,3575-170457-0007.wav,3575-170457-0007,data/librispeech_test_clean_musan_music_snr4_seed20260827/clean/3575-170457-0007.wav,data/librispeech_test_clean_musan_music_snr4_seed20260827/noisy/3575-170457-0007.wav,16000,16000,1,1,124400,124400
2033,1089-134686-0018.wav,1089-134686-0018,data/librispeech_test_clean_musan_music_snr4_seed20260827/clean/1089-134686-0018.wav,data/librispeech_test_clean_musan_music_snr4_seed20260827/noisy/1089-134686-0018.wav,16000,16000,1,1,251520,251520
2034,4992-23283-0008.wav,4992-23283-0008,data/librispeech_test_clean_musan_music_snr4_seed20260827/clean/4992-23283-0008.wav,data/librispeech_test_clean_musan_music_snr4_seed20260827/noisy/4992-23283-0008.wav,16000,16000,1,1,78560,78560
2035,5142-36586-0004.wav,5142-36586-0004,data/librispeech_test_clean_musan_music_snr4_seed20260827/clean/5142-36586-0004.wav,data/librispeech_test_clean_musan_music_snr4_seed20260827/noisy/5142-36586-0004.wav,16000,16000,1,1,57040,57040
2036,7729-102255-0017.wav,7729-102255-0017,data/librispeech_test_clean_musan_music_snr4_seed20260827/clean/7729-102255-0017.wav,data/librispeech_test_clean_musan_music_snr4_seed20260827/noisy/7729-102255-0017.wav,16000,16000,1,1,241760,241760
2037,7021-79740-0010.wav,7021-79740-0010,data/librispeech_test_clean_musan_music_snr4_seed20260827/clean/7021-79740-0010.wav,data/librispeech_test_clean_musan_music_snr4_seed20260827/noisy/7021-79740-0010.wav,16000,16000,1,1,192400,192400
2038,3570-5694-0008.wav,3570-5694-0008,data/librispeech_test_clean_musan_music_snr4_seed20260827/clean/3570-5694-0008.wav,data/librispeech_test_clean_musan_music_snr4_seed20260827/noisy/3570-5694-0008.wav,16000,16000,1,1,151920,151920
2039,7176-88083-0024.wav,7176-88083-0024,data/librispeech_test_clean_musan_music_snr4_seed20260827/clean/7176-88083-0024.wav,data/librispeech_test_clean_musan_music_snr4_seed20260827/noisy/7176-88083-0024.wav,16000,16000,1,1,131120,131120
2040,7176-92135-0020.wav,7176-92135-0020,data/librispeech_test_clean_musan_music_snr4_seed20260827/clean/7176-92135-0020.wav,data/librispeech_test_clean_musan_music_snr4_seed20260827/noisy/7176-92135-0020.wav,16000,16000,1,1,114640,114640
2041,4446-2275-0029.wav,4446-2275-0029,data/librispeech_test_clean_musan_music_snr4_seed20260827/clean/4446-2275-0029.wav,data/librispeech_test_clean_musan_music_snr4_seed20260827/noisy/4446-2275-0029.wav,16000,16000,1,1,100480,100480
2042,237-134493-0001.wav,237-134493-0001,data/librispeech_test_clean_musan_music_snr4_seed20260827/clean/237-134493-0001.wav,data/librispeech_test_clean_musan_music_snr4_seed20260827/noisy/237-134493-0001.wav,16000,16000,1,1,118080,118080
2043,1089-134691-0012.wav,1089-134691-0012,data/librispeech_test_clean_musan_music_snr4_seed20260827/clean/1089-134691-0012.wav,data/librispeech_test_clean_musan_music_snr4_seed20260827/noisy/1089-134691-0012.wav,16000,16000,1,1,240480,240480
2044,1221-135766-0000.wav,1221-135766-0000,data/librispeech_test_clean_musan_music_snr4_seed20260827/clean/1221-135766-0000.wav,data/librispeech_test_clean_musan_music_snr4_seed20260827/noisy/1221-135766-0000.wav,16000,16000,1,1,198960,198960
2045,260-123286-0004.wav,260-123286-0004,data/librispeech_test_clean_musan_music_snr4_seed20260827/clean/260-123286-0004.wav,data/librispeech_test_clean_musan_music_snr4_seed20260827/noisy/260-123286-0004.wav,16000,16000,1,1,55440,55440
2046,8455-210777-0064.wav,8455-210777-0064,data/librispeech_test_clean_musan_music_snr4_seed20260827/clean/8455-210777-0064.wav,data/librispeech_test_clean_musan_music_snr4_seed20260827/noisy/8455-210777-0064.wav,16000,16000,1,1,61360,61360
2047,7021-79740-0009.wav,7021-79740-0009,data/librispeech_test_clean_musan_music_snr4_seed20260827/clean/7021-79740-0009.wav,data/librispeech_test_clean_musan_music_snr4_seed20260827/noisy/7021-79740-0009.wav,16000,16000,1,1,58160,58160
2048,8463-294825-0002.wav,8463-294825-0002,data/librispeech_test_clean_musan_music_snr4_seed20260827/clean/8463-294825-0002.wav,data/librispeech_test_clean_musan_music_snr4_seed20260827/noisy/8463-294825-0002.wav,16000,16000,1,1,168960,168960
2049,260-123288-0027.wav,260-123288-0027,data/librispeech_test_clean_musan_music_snr4_seed20260827/clean/260-123288-0027.wav,data/librispeech_test_clean_musan_music_snr4_seed20260827/noisy/260-123288-0027.wav,16000,16000,1,1,100880,100880
2050,1188-133604-0005.wav,1188-133604-0005,data/librispeech_test_clean_musan_music_snr4_seed20260827/clean/1188-133604-0005.wav,data/librispeech_test_clean_musan_music_snr4_seed20260827/noisy/1188-133604-0005.wav,16000,16000,1,1,136960,136960
2051,672-122797-0007.wav,672-122797-0007,data/librispeech_test_clean_musan_music_snr4_seed20260827/clean/672-122797-0007.wav,data/librispeech_test_clean_musan_music_snr4_seed20260827/noisy/672-122797-0007.wav,16000,16000,1,1,102720,102720
2052,4077-13751-0019.wav,4077-13751-0019,data/librispeech_test_clean_musan_music_snr4_seed20260827/clean/4077-13751-0019.wav,data/librispeech_test_clean_musan_music_snr4_seed20260827/noisy/4077-13751-0019.wav,16000,16000,1,1,46720,46720
2053,5142-33396-0042.wav,5142-33396-0042,data/librispeech_test_clean_musan_music_snr4_seed20260827/clean/5142-33396-0042.wav,data/librispeech_test_clean_musan_music_snr4_seed20260827/noisy/5142-33396-0042.wav,16000,16000,1,1,97520,97520
2054,8555-284447-0017.wav,8555-284447-0017,data/librispeech_test_clean_musan_music_snr4_seed20260827/clean/8555-284447-0017.wav,data/librispeech_test_clean_musan_music_snr4_seed20260827/noisy/8555-284447-0017.wav,16000,16000,1,1,185920,185920
2055,1320-122617-0018.wav,1320-122617-0018,data/librispeech_test_clean_musan_music_snr4_seed20260827/clean/1320-122617-0018.wav,data/librispeech_test_clean_musan_music_snr4_seed20260827/noisy/1320-122617-0018.wav,16000,16000,1,1,155120,155120
2056,7021-85628-0014.wav,7021-85628-0014,data/librispeech_test_clean_musan_music_snr4_seed20260827/clean/7021-85628-0014.wav,data/librispeech_test_clean_musan_music_snr4_seed20260827/noisy/7021-85628-0014.wav,16000,16000,1,1,36720,36720
2057,1089-134691-0016.wav,1089-134691-0016,data/librispeech_test_clean_musan_music_snr4_seed20260827/clean/1089-134691-0016.wav,data/librispeech_test_clean_musan_music_snr4_seed20260827/noisy/1089-134691-0016.wav,16000,16000,1,1,144960,144960
2058,8455-210777-0045.wav,8455-210777-0045,data/librispeech_test_clean_musan_music_snr4_seed20260827/clean/8455-210777-0045.wav,data/librispeech_test_clean_musan_music_snr4_seed20260827/noisy/8455-210777-0045.wav,16000,16000,1,1,180560,180560
2059,1995-1836-0000.wav,1995-1836-0000,data/librispeech_test_clean_musan_music_snr4_seed20260827/clean/1995-1836-0000.wav,data/librispeech_test_clean_musan_music_snr4_seed20260827/noisy/1995-1836-0000.wav,16000,16000,1,1,143280,143280
2060,4446-2271-0002.wav,4446-2271-0002,data/librispeech_test_clean_musan_music_snr4_seed20260827/clean/4446-2271-0002.wav,data/librispeech_test_clean_musan_music_snr4_seed20260827/noisy/4446-2271-0002.wav,16000,16000,1,1,38160,38160
2061,2830-3980-0007.wav,2830-3980-0007,data/librispeech_test_clean_musan_music_snr4_seed20260827/clean/2830-3980-0007.wav,data/librispeech_test_clean_musan_music_snr4_seed20260827/noisy/2830-3980-0007.wav,16000,16000,1,1,163040,163040
2062,4992-41806-0013.wav,4992-41806-0013,data/librispeech_test_clean_musan_music_snr4_seed20260827/clean/4992-41806-0013.wav,data/librispeech_test_clean_musan_music_snr4_seed20260827/noisy/4992-41806-0013.wav,16000,16000,1,1,96320,96320
2063,7176-88083-0009.wav,7176-88083-0009,data/librispeech_test_clean_musan_music_snr4_seed20260827/clean/7176-88083-0009.wav,data/librispeech_test_clean_musan_music_snr4_seed20260827/noisy/7176-88083-0009.wav,16000,16000,1,1,64720,64720
2064,8455-210777-0070.wav,8455-210777-0070,data/librispeech_test_clean_musan_music_snr4_seed20260827/clean/8455-210777-0070.wav,data/librispeech_test_clean_musan_music_snr4_seed20260827/noisy/8455-210777-0070.wav,16000,16000,1,1,95120,95120
2065,61-70968-0043.wav,61-70968-0043,data/librispeech_test_clean_musan_music_snr4_seed20260827/clean/61-70968-0043.wav,data/librispeech_test_clean_musan_music_snr4_seed20260827/noisy/61-70968-0043.wav,16000,16000,1,1,107760,107760
2066,4970-29095-0027.wav,4970-29095-0027,data/librispeech_test_clean_musan_music_snr4_seed20260827/clean/4970-29095-0027.wav,data/librispeech_test_clean_musan_music_snr4_seed20260827/noisy/4970-29095-0027.wav,16000,16000,1,1,156720,156720
2067,1284-1181-0000.wav,1284-1181-0000,data/librispeech_test_clean_musan_music_snr4_seed20260827/clean/1284-1181-0000.wav,data/librispeech_test_clean_musan_music_snr4_seed20260827/noisy/1284-1181-0000.wav,16000,16000,1,1,63440,63440
2068,3570-5695-0003.wav,3570-5695-0003,data/librispeech_test_clean_musan_music_snr4_seed20260827/clean/3570-5695-0003.wav,data/librispeech_test_clean_musan_music_snr4_seed20260827/noisy/3570-5695-0003.wav,16000,16000,1,1,85680,85680
2069,237-126133-0013.wav,237-126133-0013,data/librispeech_test_clean_musan_music_snr4_seed20260827/clean/237-126133-0013.wav,data/librispeech_test_clean_musan_music_snr4_seed20260827/noisy/237-126133-0013.wav,16000,16000,1,1,109040,109040
2070,260-123286-0013.wav,260-123286-0013,data/librispeech_test_clean_musan_music_snr4_seed20260827/clean/260-123286-0013.wav,data/librispeech_test_clean_musan_music_snr4_seed20260827/noisy/260-123286-0013.wav,16000,16000,1,1,75680,75680
2071,3729-6852-0026.wav,3729-6852-0026,data/librispeech_test_clean_musan_music_snr4_seed20260827/clean/3729-6852-0026.wav,data/librispeech_test_clean_musan_music_snr4_seed20260827/noisy/3729-6852-0026.wav,16000,16000,1,1,75040,75040
2072,4077-13754-0007.wav,4077-13754-0007,data/librispeech_test_clean_musan_music_snr4_seed20260827/clean/4077-13754-0007.wav,data/librispeech_test_clean_musan_music_snr4_seed20260827/noisy/4077-13754-0007.wav,16000,16000,1,1,223200,223200
2073,8230-279154-0026.wav,8230-279154-0026,data/librispeech_test_clean_musan_music_snr4_seed20260827/clean/8230-279154-0026.wav,data/librispeech_test_clean_musan_music_snr4_seed20260827/noisy/8230-279154-0026.wav,16000,16000,1,1,148800,148800
2074,61-70970-0021.wav,61-70970-0021,data/librispeech_test_clean_musan_music_snr4_seed20260827/clean/61-70970-0021.wav,data/librispeech_test_clean_musan_music_snr4_seed20260827/noisy/61-70970-0021.wav,16000,16000,1,1,86480,86480
2075,1995-1826-0006.wav,1995-1826-0006,data/librispeech_test_clean_musan_music_snr4_seed20260827/clean/1995-1826-0006.wav,data/librispeech_test_clean_musan_music_snr4_seed20260827/noisy/1995-1826-0006.wav,16000,16000,1,1,39281,39281
2076,61-70968-0042.wav,61-70968-0042,data/librispeech_test_clean_musan_music_snr4_seed20260827/clean/61-70968-0042.wav,data/librispeech_test_clean_musan_music_snr4_seed20260827/noisy/61-70968-0042.wav,16000,16000,1,1,44560,44560
2077,61-70970-0039.wav,61-70970-0039,data/librispeech_test_clean_musan_music_snr4_seed20260827/clean/61-70970-0039.wav,data/librispeech_test_clean_musan_music_snr4_seed20260827/noisy/61-70970-0039.wav,16000,16000,1,1,106640,106640
2078,6829-68771-0025.wav,6829-68771-0025,data/librispeech_test_clean_musan_music_snr4_seed20260827/clean/6829-68771-0025.wav,data/librispeech_test_clean_musan_music_snr4_seed20260827/noisy/6829-68771-0025.wav,16000,16000,1,1,125280,125280
2079,1995-1837-0025.wav,1995-1837-0025,data/librispeech_test_clean_musan_music_snr4_seed20260827/clean/1995-1837-0025.wav,data/librispeech_test_clean_musan_music_snr4_seed20260827/noisy/1995-1837-0025.wav,16000,16000,1,1,152081,152081
2080,2094-142345-0018.wav,2094-142345-0018,data/librispeech_test_clean_musan_music_snr4_seed20260827/clean/2094-142345-0018.wav,data/librispeech_test_clean_musan_music_snr4_seed20260827/noisy/2094-142345-0018.wav,16000,16000,1,1,50480,50480
2081,1320-122612-0008.wav,1320-122612-0008,data/librispeech_test_clean_musan_music_snr4_seed20260827/clean/1320-122612-0008.wav,data/librispeech_test_clean_musan_music_snr4_seed20260827/noisy/1320-122612-0008.wav,16000,16000,1,1,126000,126000
2082,1580-141083-0011.wav,1580-141083-0011,data/librispeech_test_clean_musan_music_snr4_seed20260827/clean/1580-141083-0011.wav,data/librispeech_test_clean_musan_music_snr4_seed20260827/noisy/1580-141083-0011.wav,16000,16000,1,1,45200,45200
2083,1995-1826-0002.wav,1995-1826-0002,data/librispeech_test_clean_musan_music_snr4_seed20260827/clean/1995-1826-0002.wav,data/librispeech_test_clean_musan_music_snr4_seed20260827/noisy/1995-1826-0002.wav,16000,16000,1,1,73680,73680
2084,1284-1180-0020.wav,1284-1180-0020,data/librispeech_test_clean_musan_music_snr4_seed20260827/clean/1284-1180-0020.wav,data/librispeech_test_clean_musan_music_snr4_seed20260827/noisy/1284-1180-0020.wav,16000,16000,1,1,93920,93920
2085,4970-29095-0029.wav,4970-29095-0029,data/librispeech_test_clean_musan_music_snr4_seed20260827/clean/4970-29095-0029.wav,data/librispeech_test_clean_musan_music_snr4_seed20260827/noisy/4970-29095-0029.wav,16000,16000,1,1,62240,62240
2086,4446-2275-0003.wav,4446-2275-0003,data/librispeech_test_clean_musan_music_snr4_seed20260827/clean/4446-2275-0003.wav,data/librispeech_test_clean_musan_music_snr4_seed20260827/noisy/4446-2275-0003.wav,16000,16000,1,1,32960,32960
2087,5105-28241-0017.wav,5105-28241-0017,data/librispeech_test_clean_musan_music_snr4_seed20260827/clean/5105-28241-0017.wav,data/librispeech_test_clean_musan_music_snr4_seed20260827/noisy/5105-28241-0017.wav,16000,16000,1,1,204080,204080
2088,7176-88083-0002.wav,7176-88083-0002,data/librispeech_test_clean_musan_music_snr4_seed20260827/clean/7176-88083-0002.wav,data/librispeech_test_clean_musan_music_snr4_seed20260827/noisy/7176-88083-0002.wav,16000,16000,1,1,120160,120160
2089,7021-85628-0022.wav,7021-85628-0022,data/librispeech_test_clean_musan_music_snr4_seed20260827/clean/7021-85628-0022.wav,data/librispeech_test_clean_musan_music_snr4_seed20260827/noisy/7021-85628-0022.wav,16000,16000,1,1,82320,82320
2090,1580-141084-0033.wav,1580-141084-0033,data/librispeech_test_clean_musan_music_snr4_seed20260827/clean/1580-141084-0033.wav,data/librispeech_test_clean_musan_music_snr4_seed20260827/noisy/1580-141084-0033.wav,16000,16000,1,1,112000,112000
2091,4446-2271-0017.wav,4446-2271-0017,data/librispeech_test_clean_musan_music_snr4_seed20260827/clean/4446-2271-0017.wav,data/librispeech_test_clean_musan_music_snr4_seed20260827/noisy/4446-2271-0017.wav,16000,16000,1,1,196160,196160
2092,8224-274381-0008.wav,8224-274381-0008,data/librispeech_test_clean_musan_music_snr4_seed20260827/clean/8224-274381-0008.wav,data/librispeech_test_clean_musan_music_snr4_seed20260827/noisy/8224-274381-0008.wav,16000,16000,1,1,335680,335680
2093,4446-2275-0036.wav,4446-2275-0036,data/librispeech_test_clean_musan_music_snr4_seed20260827/clean/4446-2275-0036.wav,data/librispeech_test_clean_musan_music_snr4_seed20260827/noisy/4446-2275-0036.wav,16000,16000,1,1,46480,46480
2094,237-134493-0010.wav,237-134493-0010,data/librispeech_test_clean_musan_music_snr4_seed20260827/clean/237-134493-0010.wav,data/librispeech_test_clean_musan_music_snr4_seed20260827/noisy/237-134493-0010.wav,16000,16000,1,1,46000,46000
2095,1580-141084-0029.wav,1580-141084-0029,data/librispeech_test_clean_musan_music_snr4_seed20260827/clean/1580-141084-0029.wav,data/librispeech_test_clean_musan_music_snr4_seed20260827/noisy/1580-141084-0029.wav,16000,16000,1,1,129200,129200
2096,3729-6852-0002.wav,3729-6852-0002,data/librispeech_test_clean_musan_music_snr4_seed20260827/clean/3729-6852-0002.wav,data/librispeech_test_clean_musan_music_snr4_seed20260827/noisy/3729-6852-0002.wav,16000,16000,1,1,140480,140480
2097,2094-142345-0033.wav,2094-142345-0033,data/librispeech_test_clean_musan_music_snr4_seed20260827/clean/2094-142345-0033.wav,data/librispeech_test_clean_musan_music_snr4_seed20260827/noisy/2094-142345-0033.wav,16000,16000,1,1,205840,205840
2098,7729-102255-0034.wav,7729-102255-0034,data/librispeech_test_clean_musan_music_snr4_seed20260827/clean/7729-102255-0034.wav,data/librispeech_test_clean_musan_music_snr4_seed20260827/noisy/7729-102255-0034.wav,16000,16000,1,1,43360,43360
2099,7176-92135-0010.wav,7176-92135-0010,data/librispeech_test_clean_musan_music_snr4_seed20260827/clean/7176-92135-0010.wav,data/librispeech_test_clean_musan_music_snr4_seed20260827/noisy/7176-92135-0010.wav,16000,16000,1,1,34560,34560
2100,1284-134647-0004.wav,1284-134647-0004,data/librispeech_test_clean_musan_music_snr4_seed20260827/clean/1284-134647-0004.wav,data/librispeech_test_clean_musan_music_snr4_seed20260827/noisy/1284-134647-0004.wav,16000,16000,1,1,205360,205360
2101,8455-210777-0053.wav,8455-210777-0053,data/librispeech_test_clean_musan_music_snr4_seed20260827/clean/8455-210777-0053.wav,data/librispeech_test_clean_musan_music_snr4_seed20260827/noisy/8455-210777-0053.wav,16000,16000,1,1,111280,111280
2102,8463-294828-0023.wav,8463-294828-0023,data/librispeech_test_clean_musan_music_snr4_seed20260827/clean/8463-294828-0023.wav,data/librispeech_test_clean_musan_music_snr4_seed20260827/noisy/8463-294828-0023.wav,16000,16000,1,1,75920,75920
2103,4446-2271-0023.wav,4446-2271-0023,data/librispeech_test_clean_musan_music_snr4_seed20260827/clean/4446-2271-0023.wav,data/librispeech_test_clean_musan_music_snr4_seed20260827/noisy/4446-2271-0023.wav,16000,16000,1,1,36240,36240
2104,4970-29093-0006.wav,4970-29093-0006,data/librispeech_test_clean_musan_music_snr4_seed20260827/clean/4970-29093-0006.wav,data/librispeech_test_clean_musan_music_snr4_seed20260827/noisy/4970-29093-0006.wav,16000,16000,1,1,473600,473600
2105,1995-1837-0004.wav,1995-1837-0004,data/librispeech_test_clean_musan_music_snr4_seed20260827/clean/1995-1837-0004.wav,data/librispeech_test_clean_musan_music_snr4_seed20260827/noisy/1995-1837-0004.wav,16000,16000,1,1,101760,101760
2106,1320-122617-0040.wav,1320-122617-0040,data/librispeech_test_clean_musan_music_snr4_seed20260827/clean/1320-122617-0040.wav,data/librispeech_test_clean_musan_music_snr4_seed20260827/noisy/1320-122617-0040.wav,16000,16000,1,1,127600,127600
2107,5142-33396-0006.wav,5142-33396-0006,data/librispeech_test_clean_musan_music_snr4_seed20260827/clean/5142-33396-0006.wav,data/librispeech_test_clean_musan_music_snr4_seed20260827/noisy/5142-33396-0006.wav,16000,16000,1,1,99680,99680
2108,4446-2271-0020.wav,4446-2271-0020,data/librispeech_test_clean_musan_music_snr4_seed20260827/clean/4446-2271-0020.wav,data/librispeech_test_clean_musan_music_snr4_seed20260827/noisy/4446-2271-0020.wav,16000,16000,1,1,120800,120800
2109,237-134493-0012.wav,237-134493-0012,data/librispeech_test_clean_musan_music_snr4_seed20260827/clean/237-134493-0012.wav,data/librispeech_test_clean_musan_music_snr4_seed20260827/noisy/237-134493-0012.wav,16000,16000,1,1,58560,58560
2110,61-70970-0035.wav,61-70970-0035,data/librispeech_test_clean_musan_music_snr4_seed20260827/clean/61-70970-0035.wav,data/librispeech_test_clean_musan_music_snr4_seed20260827/noisy/61-70970-0035.wav,16000,16000,1,1,118480,118480
2111,260-123440-0015.wav,260-123440-0015,data/librispeech_test_clean_musan_music_snr4_seed20260827/clean/260-123440-0015.wav,data/librispeech_test_clean_musan_music_snr4_seed20260827/noisy/260-123440-0015.wav,16000,16000,1,1,99200,99200
2112,1995-1826-0022.wav,1995-1826-0022,data/librispeech_test_clean_musan_music_snr4_seed20260827/clean/1995-1826-0022.wav,data/librispeech_test_clean_musan_music_snr4_seed20260827/noisy/1995-1826-0022.wav,16000,16000,1,1,75920,75920
2113,1284-1180-0029.wav,1284-1180-0029,data/librispeech_test_clean_musan_music_snr4_seed20260827/clean/1284-1180-0029.wav,data/librispeech_test_clean_musan_music_snr4_seed20260827/noisy/1284-1180-0029.wav,16000,16000,1,1,85360,85360
2114,237-134500-0037.wav,237-134500-0037,data/librispeech_test_clean_musan_music_snr4_seed20260827/clean/237-134500-0037.wav,data/librispeech_test_clean_musan_music_snr4_seed20260827/noisy/237-134500-0037.wav,16000,16000,1,1,113680,113680
2115,672-122797-0053.wav,672-122797-0053,data/librispeech_test_clean_musan_music_snr4_seed20260827/clean/672-122797-0053.wav,data/librispeech_test_clean_musan_music_snr4_seed20260827/noisy/672-122797-0053.wav,16000,16000,1,1,47280,47280
2116,4077-13751-0010.wav,4077-13751-0010,data/librispeech_test_clean_musan_music_snr4_seed20260827/clean/4077-13751-0010.wav,data/librispeech_test_clean_musan_music_snr4_seed20260827/noisy/4077-13751-0010.wav,16000,16000,1,1,107520,107520
2117,2094-142345-0005.wav,2094-142345-0005,data/librispeech_test_clean_musan_music_snr4_seed20260827/clean/2094-142345-0005.wav,data/librispeech_test_clean_musan_music_snr4_seed20260827/noisy/2094-142345-0005.wav,16000,16000,1,1,145440,145440
2118,8455-210777-0001.wav,8455-210777-0001,data/librispeech_test_clean_musan_music_snr4_seed20260827/clean/8455-210777-0001.wav,data/librispeech_test_clean_musan_music_snr4_seed20260827/noisy/8455-210777-0001.wav,16000,16000,1,1,290000,290000
2119,4507-16021-0019.wav,4507-16021-0019,data/librispeech_test_clean_musan_music_snr4_seed20260827/clean/4507-16021-0019.wav,data/librispeech_test_clean_musan_music_snr4_seed20260827/noisy/4507-16021-0019.wav,16000,16000,1,1,46880,46880
2120,6829-68769-0010.wav,6829-68769-0010,data/librispeech_test_clean_musan_music_snr4_seed20260827/clean/6829-68769-0010.wav,data/librispeech_test_clean_musan_music_snr4_seed20260827/noisy/6829-68769-0010.wav,16000,16000,1,1,50240,50240
2121,4992-23283-0004.wav,4992-23283-0004,data/librispeech_test_clean_musan_music_snr4_seed20260827/clean/4992-23283-0004.wav,data/librispeech_test_clean_musan_music_snr4_seed20260827/noisy/4992-23283-0004.wav,16000,16000,1,1,128960,128960
2122,2300-131720-0030.wav,2300-131720-0030,data/librispeech_test_clean_musan_music_snr4_seed20260827/clean/2300-131720-0030.wav,data/librispeech_test_clean_musan_music_snr4_seed20260827/noisy/2300-131720-0030.wav,16000,16000,1,1,159680,159680
2123,1320-122617-0030.wav,1320-122617-0030,data/librispeech_test_clean_musan_music_snr4_seed20260827/clean/1320-122617-0030.wav,data/librispeech_test_clean_musan_music_snr4_seed20260827/noisy/1320-122617-0030.wav,16000,16000,1,1,63680,63680
2124,7176-92135-0030.wav,7176-92135-0030,data/librispeech_test_clean_musan_music_snr4_seed20260827/clean/7176-92135-0030.wav,data/librispeech_test_clean_musan_music_snr4_seed20260827/noisy/7176-92135-0030.wav,16000,16000,1,1,35760,35760
2125,7176-92135-0042.wav,7176-92135-0042,data/librispeech_test_clean_musan_music_snr4_seed20260827/clean/7176-92135-0042.wav,data/librispeech_test_clean_musan_music_snr4_seed20260827/noisy/7176-92135-0042.wav,16000,16000,1,1,116320,116320
2126,4970-29095-0012.wav,4970-29095-0012,data/librispeech_test_clean_musan_music_snr4_seed20260827/clean/4970-29095-0012.wav,data/librispeech_test_clean_musan_music_snr4_seed20260827/noisy/4970-29095-0012.wav,16000,16000,1,1,74880,74880
2127,1089-134686-0028.wav,1089-134686-0028,data/librispeech_test_clean_musan_music_snr4_seed20260827/clean/1089-134686-0028.wav,data/librispeech_test_clean_musan_music_snr4_seed20260827/noisy/1089-134686-0028.wav,16000,16000,1,1,125280,125280
2128,3575-170457-0003.wav,3575-170457-0003,data/librispeech_test_clean_musan_music_snr4_seed20260827/clean/3575-170457-0003.wav,data/librispeech_test_clean_musan_music_snr4_seed20260827/noisy/3575-170457-0003.wav,16000,16000,1,1,121520,121520
2129,5105-28241-0004.wav,5105-28241-0004,data/librispeech_test_clean_musan_music_snr4_seed20260827/clean/5105-28241-0004.wav,data/librispeech_test_clean_musan_music_snr4_seed20260827/noisy/5105-28241-0004.wav,16000,16000,1,1,278640,278640
2130,61-70970-0003.wav,61-70970-0003,data/librispeech_test_clean_musan_music_snr4_seed20260827/clean/61-70970-0003.wav,data/librispeech_test_clean_musan_music_snr4_seed20260827/noisy/61-70970-0003.wav,16000,16000,1,1,61360,61360
2131,7176-88083-0027.wav,7176-88083-0027,data/librispeech_test_clean_musan_music_snr4_seed20260827/clean/7176-88083-0027.wav,data/librispeech_test_clean_musan_music_snr4_seed20260827/noisy/7176-88083-0027.wav,16000,16000,1,1,34080,34080
2132,2961-960-0001.wav,2961-960-0001,data/librispeech_test_clean_musan_music_snr4_seed20260827/clean/2961-960-0001.wav,data/librispeech_test_clean_musan_music_snr4_seed20260827/noisy/2961-960-0001.wav,16000,16000,1,1,132001,132001
2133,2830-3980-0045.wav,2830-3980-0045,data/librispeech_test_clean_musan_music_snr4_seed20260827/clean/2830-3980-0045.wav,data/librispeech_test_clean_musan_music_snr4_seed20260827/noisy/2830-3980-0045.wav,16000,16000,1,1,56160,56160
2134,260-123288-0007.wav,260-123288-0007,data/librispeech_test_clean_musan_music_snr4_seed20260827/clean/260-123288-0007.wav,data/librispeech_test_clean_musan_music_snr4_seed20260827/noisy/260-123288-0007.wav,16000,16000,1,1,179200,179200
2135,260-123286-0009.wav,260-123286-0009,data/librispeech_test_clean_musan_music_snr4_seed20260827/clean/260-123286-0009.wav,data/librispeech_test_clean_musan_music_snr4_seed20260827/noisy/260-123286-0009.wav,16000,16000,1,1,92720,92720
2136,4446-2273-0016.wav,4446-2273-0016,data/librispeech_test_clean_musan_music_snr4_seed20260827/clean/4446-2273-0016.wav,data/librispeech_test_clean_musan_music_snr4_seed20260827/noisy/4446-2273-0016.wav,16000,16000,1,1,154320,154320
2137,4992-23283-0017.wav,4992-23283-0017,data/librispeech_test_clean_musan_music_snr4_seed20260827/clean/4992-23283-0017.wav,data/librispeech_test_clean_musan_music_snr4_seed20260827/noisy/4992-23283-0017.wav,16000,16000,1,1,229040,229040
2138,8555-284447-0022.wav,8555-284447-0022,data/librispeech_test_clean_musan_music_snr4_seed20260827/clean/8555-284447-0022.wav,data/librispeech_test_clean_musan_music_snr4_seed20260827/noisy/8555-284447-0022.wav,16000,16000,1,1,56960,56960
2139,2300-131720-0020.wav,2300-131720-0020,data/librispeech_test_clean_musan_music_snr4_seed20260827/clean/2300-131720-0020.wav,data/librispeech_test_clean_musan_music_snr4_seed20260827/noisy/2300-131720-0020.wav,16000,16000,1,1,165600,165600
2140,5639-40744-0016.wav,5639-40744-0016,data/librispeech_test_clean_musan_music_snr4_seed20260827/clean/5639-40744-0016.wav,data/librispeech_test_clean_musan_music_snr4_seed20260827/noisy/5639-40744-0016.wav,16000,16000,1,1,151840,151840
2141,4992-41806-0012.wav,4992-41806-0012,data/librispeech_test_clean_musan_music_snr4_seed20260827/clean/4992-41806-0012.wav,data/librispeech_test_clean_musan_music_snr4_seed20260827/noisy/4992-41806-0012.wav,16000,16000,1,1,107680,107680
2142,61-70970-0001.wav,61-70970-0001,data/librispeech_test_clean_musan_music_snr4_seed20260827/clean/61-70970-0001.wav,data/librispeech_test_clean_musan_music_snr4_seed20260827/noisy/61-70970-0001.wav,16000,16000,1,1,98480,98480
2143,5683-32866-0025.wav,5683-32866-0025,data/librispeech_test_clean_musan_music_snr4_seed20260827/clean/5683-32866-0025.wav,data/librispeech_test_clean_musan_music_snr4_seed20260827/noisy/5683-32866-0025.wav,16000,16000,1,1,55520,55520
2144,5142-33396-0065.wav,5142-33396-0065,data/librispeech_test_clean_musan_music_snr4_seed20260827/clean/5142-33396-0065.wav,data/librispeech_test_clean_musan_music_snr4_seed20260827/noisy/5142-33396-0065.wav,16000,16000,1,1,83120,83120
2145,61-70968-0037.wav,61-70968-0037,data/librispeech_test_clean_musan_music_snr4_seed20260827/clean/61-70968-0037.wav,data/librispeech_test_clean_musan_music_snr4_seed20260827/noisy/61-70968-0037.wav,16000,16000,1,1,69040,69040
2146,4992-41797-0015.wav,4992-41797-0015,data/librispeech_test_clean_musan_music_snr4_seed20260827/clean/4992-41797-0015.wav,data/librispeech_test_clean_musan_music_snr4_seed20260827/noisy/4992-41797-0015.wav,16000,16000,1,1,138400,138400
2147,2830-3980-0034.wav,2830-3980-0034,data/librispeech_test_clean_musan_music_snr4_seed20260827/clean/2830-3980-0034.wav,data/librispeech_test_clean_musan_music_snr4_seed20260827/noisy/2830-3980-0034.wav,16000,16000,1,1,47520,47520
2148,237-134500-0016.wav,237-134500-0016,data/librispeech_test_clean_musan_music_snr4_seed20260827/clean/237-134500-0016.wav,data/librispeech_test_clean_musan_music_snr4_seed20260827/noisy/237-134500-0016.wav,16000,16000,1,1,50560,50560
2149,4970-29095-0011.wav,4970-29095-0011,data/librispeech_test_clean_musan_music_snr4_seed20260827/clean/4970-29095-0011.wav,data/librispeech_test_clean_musan_music_snr4_seed20260827/noisy/4970-29095-0011.wav,16000,16000,1,1,53680,53680
2150,4970-29095-0031.wav,4970-29095-0031,data/librispeech_test_clean_musan_music_snr4_seed20260827/clean/4970-29095-0031.wav,data/librispeech_test_clean_musan_music_snr4_seed20260827/noisy/4970-29095-0031.wav,16000,16000,1,1,240800,240800
2151,1221-135767-0021.wav,1221-135767-0021,data/librispeech_test_clean_musan_music_snr4_seed20260827/clean/1221-135767-0021.wav,data/librispeech_test_clean_musan_music_snr4_seed20260827/noisy/1221-135767-0021.wav,16000,16000,1,1,203520,203520
2152,1089-134686-0010.wav,1089-134686-0010,data/librispeech_test_clean_musan_music_snr4_seed20260827/clean/1089-134686-0010.wav,data/librispeech_test_clean_musan_music_snr4_seed20260827/noisy/1089-134686-0010.wav,16000,16000,1,1,70480,70480
2153,237-134500-0013.wav,237-134500-0013,data/librispeech_test_clean_musan_music_snr4_seed20260827/clean/237-134500-0013.wav,data/librispeech_test_clean_musan_music_snr4_seed20260827/noisy/237-134500-0013.wav,16000,16000,1,1,168960,168960
2154,121-127105-0013.wav,121-127105-0013,data/librispeech_test_clean_musan_music_snr4_seed20260827/clean/121-127105-0013.wav,data/librispeech_test_clean_musan_music_snr4_seed20260827/noisy/121-127105-0013.wav,16000,16000,1,1,94320,94320
2155,61-70968-0061.wav,61-70968-0061,data/librispeech_test_clean_musan_music_snr4_seed20260827/clean/61-70968-0061.wav,data/librispeech_test_clean_musan_music_snr4_seed20260827/noisy/61-70968-0061.wav,16000,16000,1,1,88480,88480
2156,5683-32865-0007.wav,5683-32865-0007,data/librispeech_test_clean_musan_music_snr4_seed20260827/clean/5683-32865-0007.wav,data/librispeech_test_clean_musan_music_snr4_seed20260827/noisy/5683-32865-0007.wav,16000,16000,1,1,97040,97040
2157,7021-79759-0003.wav,7021-79759-0003,data/librispeech_test_clean_musan_music_snr4_seed20260827/clean/7021-79759-0003.wav,data/librispeech_test_clean_musan_music_snr4_seed20260827/noisy/7021-79759-0003.wav,16000,16000,1,1,73920,73920
2158,908-31957-0019.wav,908-31957-0019,data/librispeech_test_clean_musan_music_snr4_seed20260827/clean/908-31957-0019.wav,data/librispeech_test_clean_musan_music_snr4_seed20260827/noisy/908-31957-0019.wav,16000,16000,1,1,152640,152640
2159,2094-142345-0032.wav,2094-142345-0032,data/librispeech_test_clean_musan_music_snr4_seed20260827/clean/2094-142345-0032.wav,data/librispeech_test_clean_musan_music_snr4_seed20260827/noisy/2094-142345-0032.wav,16000,16000,1,1,51840,51840
2160,1188-133604-0001.wav,1188-133604-0001,data/librispeech_test_clean_musan_music_snr4_seed20260827/clean/1188-133604-0001.wav,data/librispeech_test_clean_musan_music_snr4_seed20260827/noisy/1188-133604-0001.wav,16000,16000,1,1,144640,144640
2161,3575-170457-0010.wav,3575-170457-0010,data/librispeech_test_clean_musan_music_snr4_seed20260827/clean/3575-170457-0010.wav,data/librispeech_test_clean_musan_music_snr4_seed20260827/noisy/3575-170457-0010.wav,16000,16000,1,1,76640,76640
2162,8455-210777-0042.wav,8455-210777-0042,data/librispeech_test_clean_musan_music_snr4_seed20260827/clean/8455-210777-0042.wav,data/librispeech_test_clean_musan_music_snr4_seed20260827/noisy/8455-210777-0042.wav,16000,16000,1,1,76480,76480
2163,121-127105-0011.wav,121-127105-0011,data/librispeech_test_clean_musan_music_snr4_seed20260827/clean/121-127105-0011.wav,data/librispeech_test_clean_musan_music_snr4_seed20260827/noisy/121-127105-0011.wav,16000,16000,1,1,92480,92480
2164,6930-75918-0014.wav,6930-75918-0014,data/librispeech_test_clean_musan_music_snr4_seed20260827/clean/6930-75918-0014.wav,data/librispeech_test_clean_musan_music_snr4_seed20260827/noisy/6930-75918-0014.wav,16000,16000,1,1,269440,269440
2165,1089-134686-0033.wav,1089-134686-0033,data/librispeech_test_clean_musan_music_snr4_seed20260827/clean/1089-134686-0033.wav,data/librispeech_test_clean_musan_music_snr4_seed20260827/noisy/1089-134686-0033.wav,16000,16000,1,1,53280,53280
2166,8555-284449-0005.wav,8555-284449-0005,data/librispeech_test_clean_musan_music_snr4_seed20260827/clean/8555-284449-0005.wav,data/librispeech_test_clean_musan_music_snr4_seed20260827/noisy/8555-284449-0005.wav,16000,16000,1,1,40880,40880
2167,5683-32866-0014.wav,5683-32866-0014,data/librispeech_test_clean_musan_music_snr4_seed20260827/clean/5683-32866-0014.wav,data/librispeech_test_clean_musan_music_snr4_seed20260827/noisy/5683-32866-0014.wav,16000,16000,1,1,63520,63520
2168,1221-135767-0017.wav,1221-135767-0017,data/librispeech_test_clean_musan_music_snr4_seed20260827/clean/1221-135767-0017.wav,data/librispeech_test_clean_musan_music_snr4_seed20260827/noisy/1221-135767-0017.wav,16000,16000,1,1,267520,267520
2169,7127-75946-0027.wav,7127-75946-0027,data/librispeech_test_clean_musan_music_snr4_seed20260827/clean/7127-75946-0027.wav,data/librispeech_test_clean_musan_music_snr4_seed20260827/noisy/7127-75946-0027.wav,16000,16000,1,1,154800,154800
2170,908-157963-0020.wav,908-157963-0020,data/librispeech_test_clean_musan_music_snr4_seed20260827/clean/908-157963-0020.wav,data/librispeech_test_clean_musan_music_snr4_seed20260827/noisy/908-157963-0020.wav,16000,16000,1,1,156800,156800
2171,1995-1836-0002.wav,1995-1836-0002,data/librispeech_test_clean_musan_music_snr4_seed20260827/clean/1995-1836-0002.wav,data/librispeech_test_clean_musan_music_snr4_seed20260827/noisy/1995-1836-0002.wav,16000,16000,1,1,37040,37040
2172,5639-40744-0036.wav,5639-40744-0036,data/librispeech_test_clean_musan_music_snr4_seed20260827/clean/5639-40744-0036.wav,data/librispeech_test_clean_musan_music_snr4_seed20260827/noisy/5639-40744-0036.wav,16000,16000,1,1,184560,184560
2173,1221-135766-0010.wav,1221-135766-0010,data/librispeech_test_clean_musan_music_snr4_seed20260827/clean/1221-135766-0010.wav,data/librispeech_test_clean_musan_music_snr4_seed20260827/noisy/1221-135766-0010.wav,16000,16000,1,1,240800,240800
2174,5142-33396-0037.wav,5142-33396-0037,data/librispeech_test_clean_musan_music_snr4_seed20260827/clean/5142-33396-0037.wav,data/librispeech_test_clean_musan_music_snr4_seed20260827/noisy/5142-33396-0037.wav,16000,16000,1,1,57200,57200
2175,4077-13751-0000.wav,4077-13751-0000,data/librispeech_test_clean_musan_music_snr4_seed20260827/clean/4077-13751-0000.wav,data/librispeech_test_clean_musan_music_snr4_seed20260827/noisy/4077-13751-0000.wav,16000,16000,1,1,152960,152960
2176,8463-294828-0033.wav,8463-294828-0033,data/librispeech_test_clean_musan_music_snr4_seed20260827/clean/8463-294828-0033.wav,data/librispeech_test_clean_musan_music_snr4_seed20260827/noisy/8463-294828-0033.wav,16000,16000,1,1,101840,101840
2177,2961-960-0003.wav,2961-960-0003,data/librispeech_test_clean_musan_music_snr4_seed20260827/clean/2961-960-0003.wav,data/librispeech_test_clean_musan_music_snr4_seed20260827/noisy/2961-960-0003.wav,16000,16000,1,1,277040,277040
2178,7127-75947-0027.wav,7127-75947-0027,data/librispeech_test_clean_musan_music_snr4_seed20260827/clean/7127-75947-0027.wav,data/librispeech_test_clean_musan_music_snr4_seed20260827/noisy/7127-75947-0027.wav,16000,16000,1,1,129440,129440
2179,6930-75918-0018.wav,6930-75918-0018,data/librispeech_test_clean_musan_music_snr4_seed20260827/clean/6930-75918-0018.wav,data/librispeech_test_clean_musan_music_snr4_seed20260827/noisy/6930-75918-0018.wav,16000,16000,1,1,172960,172960
2180,2830-3979-0007.wav,2830-3979-0007,data/librispeech_test_clean_musan_music_snr4_seed20260827/clean/2830-3979-0007.wav,data/librispeech_test_clean_musan_music_snr4_seed20260827/noisy/2830-3979-0007.wav,16000,16000,1,1,234800,234800
2181,4446-2275-0019.wav,4446-2275-0019,data/librispeech_test_clean_musan_music_snr4_seed20260827/clean/4446-2275-0019.wav,data/librispeech_test_clean_musan_music_snr4_seed20260827/noisy/4446-2275-0019.wav,16000,16000,1,1,78880,78880
2182,1995-1837-0023.wav,1995-1837-0023,data/librispeech_test_clean_musan_music_snr4_seed20260827/clean/1995-1837-0023.wav,data/librispeech_test_clean_musan_music_snr4_seed20260827/noisy/1995-1837-0023.wav,16000,16000,1,1,271440,271440
2183,4507-16021-0044.wav,4507-16021-0044,data/librispeech_test_clean_musan_music_snr4_seed20260827/clean/4507-16021-0044.wav,data/librispeech_test_clean_musan_music_snr4_seed20260827/noisy/4507-16021-0044.wav,16000,16000,1,1,35040,35040
2184,7176-92135-0036.wav,7176-92135-0036,data/librispeech_test_clean_musan_music_snr4_seed20260827/clean/7176-92135-0036.wav,data/librispeech_test_clean_musan_music_snr4_seed20260827/noisy/7176-92135-0036.wav,16000,16000,1,1,103520,103520
2185,7021-79740-0004.wav,7021-79740-0004,data/librispeech_test_clean_musan_music_snr4_seed20260827/clean/7021-79740-0004.wav,data/librispeech_test_clean_musan_music_snr4_seed20260827/noisy/7021-79740-0004.wav,16000,16000,1,1,103440,103440
2186,121-127105-0017.wav,121-127105-0017,data/librispeech_test_clean_musan_music_snr4_seed20260827/clean/121-127105-0017.wav,data/librispeech_test_clean_musan_music_snr4_seed20260827/noisy/121-127105-0017.wav,16000,16000,1,1,43120,43120
2187,1580-141083-0027.wav,1580-141083-0027,data/librispeech_test_clean_musan_music_snr4_seed20260827/clean/1580-141083-0027.wav,data/librispeech_test_clean_musan_music_snr4_seed20260827/noisy/1580-141083-0027.wav,16000,16000,1,1,83600,83600
2188,237-134493-0003.wav,237-134493-0003,data/librispeech_test_clean_musan_music_snr4_seed20260827/clean/237-134493-0003.wav,data/librispeech_test_clean_musan_music_snr4_seed20260827/noisy/237-134493-0003.wav,16000,16000,1,1,204240,204240
2189,5105-28240-0008.wav,5105-28240-0008,data/librispeech_test_clean_musan_music_snr4_seed20260827/clean/5105-28240-0008.wav,data/librispeech_test_clean_musan_music_snr4_seed20260827/noisy/5105-28240-0008.wav,16000,16000,1,1,183680,183680
2190,2961-961-0004.wav,2961-961-0004,data/librispeech_test_clean_musan_music_snr4_seed20260827/clean/2961-961-0004.wav,data/librispeech_test_clean_musan_music_snr4_seed20260827/noisy/2961-961-0004.wav,16000,16000,1,1,183680,183680
2191,121-127105-0021.wav,121-127105-0021,data/librispeech_test_clean_musan_music_snr4_seed20260827/clean/121-127105-0021.wav,data/librispeech_test_clean_musan_music_snr4_seed20260827/noisy/121-127105-0021.wav,16000,16000,1,1,32000,32000
2192,1284-1180-0018.wav,1284-1180-0018,data/librispeech_test_clean_musan_music_snr4_seed20260827/clean/1284-1180-0018.wav,data/librispeech_test_clean_musan_music_snr4_seed20260827/noisy/1284-1180-0018.wav,16000,16000,1,1,192080,192080
2193,8555-284449-0012.wav,8555-284449-0012,data/librispeech_test_clean_musan_music_snr4_seed20260827/clean/8555-284449-0012.wav,data/librispeech_test_clean_musan_music_snr4_seed20260827/noisy/8555-284449-0012.wav,16000,16000,1,1,157920,157920
2194,4507-16021-0018.wav,4507-16021-0018,data/librispeech_test_clean_musan_music_snr4_seed20260827/clean/4507-16021-0018.wav,data/librispeech_test_clean_musan_music_snr4_seed20260827/noisy/4507-16021-0018.wav,16000,16000,1,1,54000,54000
2195,237-134500-0039.wav,237-134500-0039,data/librispeech_test_clean_musan_music_snr4_seed20260827/clean/237-134500-0039.wav,data/librispeech_test_clean_musan_music_snr4_seed20260827/noisy/237-134500-0039.wav,16000,16000,1,1,74080,74080
2196,8555-292519-0010.wav,8555-292519-0010,data/librispeech_test_clean_musan_music_snr4_seed20260827/clean/8555-292519-0010.wav,data/librispeech_test_clean_musan_music_snr4_seed20260827/noisy/8555-292519-0010.wav,16000,16000,1,1,92320,92320
2197,237-134500-0036.wav,237-134500-0036,data/librispeech_test_clean_musan_music_snr4_seed20260827/clean/237-134500-0036.wav,data/librispeech_test_clean_musan_music_snr4_seed20260827/noisy/237-134500-0036.wav,16000,16000,1,1,105600,105600
2198,2094-142345-0013.wav,2094-142345-0013,data/librispeech_test_clean_musan_music_snr4_seed20260827/clean/2094-142345-0013.wav,data/librispeech_test_clean_musan_music_snr4_seed20260827/noisy/2094-142345-0013.wav,16000,16000,1,1,228000,228000
2199,121-123859-0000.wav,121-123859-0000,data/librispeech_test_clean_musan_music_snr4_seed20260827/clean/121-123859-0000.wav,data/librispeech_test_clean_musan_music_snr4_seed20260827/noisy/121-123859-0000.wav,16000,16000,1,1,278240,278240
2200,1188-133604-0039.wav,1188-133604-0039,data/librispeech_test_clean_musan_music_snr4_seed20260827/clean/1188-133604-0039.wav,data/librispeech_test_clean_musan_music_snr4_seed20260827/noisy/1188-133604-0039.wav,16000,16000,1,1,106000,106000
2201,908-31957-0010.wav,908-31957-0010,data/librispeech_test_clean_musan_music_snr4_seed20260827/clean/908-31957-0010.wav,data/librispeech_test_clean_musan_music_snr4_seed20260827/noisy/908-31957-0010.wav,16000,16000,1,1,40160,40160
2202,7176-92135-0006.wav,7176-92135-0006,data/librispeech_test_clean_musan_music_snr4_seed20260827/clean/7176-92135-0006.wav,data/librispeech_test_clean_musan_music_snr4_seed20260827/noisy/7176-92135-0006.wav,16000,16000,1,1,124720,124720
2203,4992-23283-0009.wav,4992-23283-0009,data/librispeech_test_clean_musan_music_snr4_seed20260827/clean/4992-23283-0009.wav,data/librispeech_test_clean_musan_music_snr4_seed20260827/noisy/4992-23283-0009.wav,16000,16000,1,1,134320,134320
2204,5639-40744-0041.wav,5639-40744-0041,data/librispeech_test_clean_musan_music_snr4_seed20260827/clean/5639-40744-0041.wav,data/librispeech_test_clean_musan_music_snr4_seed20260827/noisy/5639-40744-0041.wav,16000,16000,1,1,275200,275200
2205,1188-133604-0011.wav,1188-133604-0011,data/librispeech_test_clean_musan_music_snr4_seed20260827/clean/1188-133604-0011.wav,data/librispeech_test_clean_musan_music_snr4_seed20260827/noisy/1188-133604-0011.wav,16000,16000,1,1,243040,243040
2206,4446-2273-0026.wav,4446-2273-0026,data/librispeech_test_clean_musan_music_snr4_seed20260827/clean/4446-2273-0026.wav,data/librispeech_test_clean_musan_music_snr4_seed20260827/noisy/4446-2273-0026.wav,16000,16000,1,1,31200,31200
2207,8555-292519-0002.wav,8555-292519-0002,data/librispeech_test_clean_musan_music_snr4_seed20260827/clean/8555-292519-0002.wav,data/librispeech_test_clean_musan_music_snr4_seed20260827/noisy/8555-292519-0002.wav,16000,16000,1,1,28960,28960
2208,7127-75947-0037.wav,7127-75947-0037,data/librispeech_test_clean_musan_music_snr4_seed20260827/clean/7127-75947-0037.wav,data/librispeech_test_clean_musan_music_snr4_seed20260827/noisy/7127-75947-0037.wav,16000,16000,1,1,141199,141199
2209,1284-1181-0021.wav,1284-1181-0021,data/librispeech_test_clean_musan_music_snr4_seed20260827/clean/1284-1181-0021.wav,data/librispeech_test_clean_musan_music_snr4_seed20260827/noisy/1284-1181-0021.wav,16000,16000,1,1,43200,43200
2210,1580-141083-0020.wav,1580-141083-0020,data/librispeech_test_clean_musan_music_snr4_seed20260827/clean/1580-141083-0020.wav,data/librispeech_test_clean_musan_music_snr4_seed20260827/noisy/1580-141083-0020.wav,16000,16000,1,1,82160,82160
2211,5683-32879-0023.wav,5683-32879-0023,data/librispeech_test_clean_musan_music_snr4_seed20260827/clean/5683-32879-0023.wav,data/librispeech_test_clean_musan_music_snr4_seed20260827/noisy/5683-32879-0023.wav,16000,16000,1,1,79600,79600
2212,5142-33396-0010.wav,5142-33396-0010,data/librispeech_test_clean_musan_music_snr4_seed20260827/clean/5142-33396-0010.wav,data/librispeech_test_clean_musan_music_snr4_seed20260827/noisy/5142-33396-0010.wav,16000,16000,1,1,55280,55280
2213,5683-32879-0000.wav,5683-32879-0000,data/librispeech_test_clean_musan_music_snr4_seed20260827/clean/5683-32879-0000.wav,data/librispeech_test_clean_musan_music_snr4_seed20260827/noisy/5683-32879-0000.wav,16000,16000,1,1,142720,142720
2214,121-121726-0001.wav,121-121726-0001,data/librispeech_test_clean_musan_music_snr4_seed20260827/clean/121-121726-0001.wav,data/librispeech_test_clean_musan_music_snr4_seed20260827/noisy/121-121726-0001.wav,16000,16000,1,1,94800,94800
2215,5105-28240-0000.wav,5105-28240-0000,data/librispeech_test_clean_musan_music_snr4_seed20260827/clean/5105-28240-0000.wav,data/librispeech_test_clean_musan_music_snr4_seed20260827/noisy/5105-28240-0000.wav,16000,16000,1,1,87280,87280
2216,5142-33396-0029.wav,5142-33396-0029,data/librispeech_test_clean_musan_music_snr4_seed20260827/clean/5142-33396-0029.wav,data/librispeech_test_clean_musan_music_snr4_seed20260827/noisy/5142-33396-0029.wav,16000,16000,1,1,34160,34160
2217,672-122797-0029.wav,672-122797-0029,data/librispeech_test_clean_musan_music_snr4_seed20260827/clean/672-122797-0029.wav,data/librispeech_test_clean_musan_music_snr4_seed20260827/noisy/672-122797-0029.wav,16000,16000,1,1,48800,48800
2218,672-122797-0049.wav,672-122797-0049,data/librispeech_test_clean_musan_music_snr4_seed20260827/clean/672-122797-0049.wav,data/librispeech_test_clean_musan_music_snr4_seed20260827/noisy/672-122797-0049.wav,16000,16000,1,1,32320,32320
2219,672-122797-0014.wav,672-122797-0014,data/librispeech_test_clean_musan_music_snr4_seed20260827/clean/672-122797-0014.wav,data/librispeech_test_clean_musan_music_snr4_seed20260827/noisy/672-122797-0014.wav,16000,16000,1,1,40880,40880
2220,5142-33396-0005.wav,5142-33396-0005,data/librispeech_test_clean_musan_music_snr4_seed20260827/clean/5142-33396-0005.wav,data/librispeech_test_clean_musan_music_snr4_seed20260827/noisy/5142-33396-0005.wav,16000,16000,1,1,35600,35600
2221,2094-142345-0026.wav,2094-142345-0026,data/librispeech_test_clean_musan_music_snr4_seed20260827/clean/2094-142345-0026.wav,data/librispeech_test_clean_musan_music_snr4_seed20260827/noisy/2094-142345-0026.wav,16000,16000,1,1,45200,45200
2222,1284-134647-0003.wav,1284-134647-0003,data/librispeech_test_clean_musan_music_snr4_seed20260827/clean/1284-134647-0003.wav,data/librispeech_test_clean_musan_music_snr4_seed20260827/noisy/1284-134647-0003.wav,16000,16000,1,1,322320,322320
2223,8555-284449-0016.wav,8555-284449-0016,data/librispeech_test_clean_musan_music_snr4_seed20260827/clean/8555-284449-0016.wav,data/librispeech_test_clean_musan_music_snr4_seed20260827/noisy/8555-284449-0016.wav,16000,16000,1,1,94320,94320
2224,6930-76324-0008.wav,6930-76324-0008,data/librispeech_test_clean_musan_music_snr4_seed20260827/clean/6930-76324-0008.wav,data/librispeech_test_clean_musan_music_snr4_seed20260827/noisy/6930-76324-0008.wav,16000,16000,1,1,82960,82960
2225,4992-41797-0003.wav,4992-41797-0003,data/librispeech_test_clean_musan_music_snr4_seed20260827/clean/4992-41797-0003.wav,data/librispeech_test_clean_musan_music_snr4_seed20260827/noisy/4992-41797-0003.wav,16000,16000,1,1,45360,45360
2226,5639-40744-0013.wav,5639-40744-0013,data/librispeech_test_clean_musan_music_snr4_seed20260827/clean/5639-40744-0013.wav,data/librispeech_test_clean_musan_music_snr4_seed20260827/noisy/5639-40744-0013.wav,16000,16000,1,1,109840,109840
2227,8463-294828-0038.wav,8463-294828-0038,data/librispeech_test_clean_musan_music_snr4_seed20260827/clean/8463-294828-0038.wav,data/librispeech_test_clean_musan_music_snr4_seed20260827/noisy/8463-294828-0038.wav,16000,16000,1,1,210240,210240
2228,4970-29095-0016.wav,4970-29095-0016,data/librispeech_test_clean_musan_music_snr4_seed20260827/clean/4970-29095-0016.wav,data/librispeech_test_clean_musan_music_snr4_seed20260827/noisy/4970-29095-0016.wav,16000,16000,1,1,111120,111120
2229,1995-1837-0010.wav,1995-1837-0010,data/librispeech_test_clean_musan_music_snr4_seed20260827/clean/1995-1837-0010.wav,data/librispeech_test_clean_musan_music_snr4_seed20260827/noisy/1995-1837-0010.wav,16000,16000,1,1,55680,55680
2230,3575-170457-0019.wav,3575-170457-0019,data/librispeech_test_clean_musan_music_snr4_seed20260827/clean/3575-170457-0019.wav,data/librispeech_test_clean_musan_music_snr4_seed20260827/noisy/3575-170457-0019.wav,16000,16000,1,1,98480,98480
2231,2094-142345-0059.wav,2094-142345-0059,data/librispeech_test_clean_musan_music_snr4_seed20260827/clean/2094-142345-0059.wav,data/librispeech_test_clean_musan_music_snr4_seed20260827/noisy/2094-142345-0059.wav,16000,16000,1,1,160160,160160
2232,1284-1181-0008.wav,1284-1181-0008,data/librispeech_test_clean_musan_music_snr4_seed20260827/clean/1284-1181-0008.wav,data/librispeech_test_clean_musan_music_snr4_seed20260827/noisy/1284-1181-0008.wav,16000,16000,1,1,97280,97280
2233,5142-36377-0003.wav,5142-36377-0003,data/librispeech_test_clean_musan_music_snr4_seed20260827/clean/5142-36377-0003.wav,data/librispeech_test_clean_musan_music_snr4_seed20260827/noisy/5142-36377-0003.wav,16000,16000,1,1,62560,62560
2234,5142-33396-0031.wav,5142-33396-0031,data/librispeech_test_clean_musan_music_snr4_seed20260827/clean/5142-33396-0031.wav,data/librispeech_test_clean_musan_music_snr4_seed20260827/noisy/5142-33396-0031.wav,16000,16000,1,1,125520,125520
2235,6930-81414-0027.wav,6930-81414-0027,data/librispeech_test_clean_musan_music_snr4_seed20260827/clean/6930-81414-0027.wav,data/librispeech_test_clean_musan_music_snr4_seed20260827/noisy/6930-81414-0027.wav,16000,16000,1,1,61600,61600
2236,5683-32866-0030.wav,5683-32866-0030,data/librispeech_test_clean_musan_music_snr4_seed20260827/clean/5683-32866-0030.wav,data/librispeech_test_clean_musan_music_snr4_seed20260827/noisy/5683-32866-0030.wav,16000,16000,1,1,77520,77520
2237,5639-40744-0008.wav,5639-40744-0008,data/librispeech_test_clean_musan_music_snr4_seed20260827/clean/5639-40744-0008.wav,data/librispeech_test_clean_musan_music_snr4_seed20260827/noisy/5639-40744-0008.wav,16000,16000,1,1,35440,35440
2238,8555-284447-0024.wav,8555-284447-0024,data/librispeech_test_clean_musan_music_snr4_seed20260827/clean/8555-284447-0024.wav,data/librispeech_test_clean_musan_music_snr4_seed20260827/noisy/8555-284447-0024.wav,16000,16000,1,1,74160,74160
2239,1089-134686-0005.wav,1089-134686-0005,data/librispeech_test_clean_musan_music_snr4_seed20260827/clean/1089-134686-0005.wav,data/librispeech_test_clean_musan_music_snr4_seed20260827/noisy/1089-134686-0005.wav,16000,16000,1,1,154160,154160
2240,4507-16021-0048.wav,4507-16021-0048,data/librispeech_test_clean_musan_music_snr4_seed20260827/clean/4507-16021-0048.wav,data/librispeech_test_clean_musan_music_snr4_seed20260827/noisy/4507-16021-0048.wav,16000,16000,1,1,83440,83440
2241,4446-2275-0011.wav,4446-2275-0011,data/librispeech_test_clean_musan_music_snr4_seed20260827/clean/4446-2275-0011.wav,data/librispeech_test_clean_musan_music_snr4_seed20260827/noisy/4446-2275-0011.wav,16000,16000,1,1,38960,38960
2242,8555-292519-0012.wav,8555-292519-0012,data/librispeech_test_clean_musan_music_snr4_seed20260827/clean/8555-292519-0012.wav,data/librispeech_test_clean_musan_music_snr4_seed20260827/noisy/8555-292519-0012.wav,16000,16000,1,1,82720,82720
2243,7021-79740-0014.wav,7021-79740-0014,data/librispeech_test_clean_musan_music_snr4_seed20260827/clean/7021-79740-0014.wav,data/librispeech_test_clean_musan_music_snr4_seed20260827/noisy/7021-79740-0014.wav,16000,16000,1,1,226800,226800
2244,4970-29093-0023.wav,4970-29093-0023,data/librispeech_test_clean_musan_music_snr4_seed20260827/clean/4970-29093-0023.wav,data/librispeech_test_clean_musan_music_snr4_seed20260827/noisy/4970-29093-0023.wav,16000,16000,1,1,129120,129120
2245,672-122797-0004.wav,672-122797-0004,data/librispeech_test_clean_musan_music_snr4_seed20260827/clean/672-122797-0004.wav,data/librispeech_test_clean_musan_music_snr4_seed20260827/noisy/672-122797-0004.wav,16000,16000,1,1,164000,164000
2246,8455-210777-0022.wav,8455-210777-0022,data/librispeech_test_clean_musan_music_snr4_seed20260827/clean/8455-210777-0022.wav,data/librispeech_test_clean_musan_music_snr4_seed20260827/noisy/8455-210777-0022.wav,16000,16000,1,1,261760,261760
2247,7127-75946-0005.wav,7127-75946-0005,data/librispeech_test_clean_musan_music_snr4_seed20260827/clean/7127-75946-0005.wav,data/librispeech_test_clean_musan_music_snr4_seed20260827/noisy/7127-75946-0005.wav,16000,16000,1,1,42720,42720
2248,1188-133604-0000.wav,1188-133604-0000,data/librispeech_test_clean_musan_music_snr4_seed20260827/clean/1188-133604-0000.wav,data/librispeech_test_clean_musan_music_snr4_seed20260827/noisy/1188-133604-0000.wav,16000,16000,1,1,171600,171600
2249,5683-32879-0003.wav,5683-32879-0003,data/librispeech_test_clean_musan_music_snr4_seed20260827/clean/5683-32879-0003.wav,data/librispeech_test_clean_musan_music_snr4_seed20260827/noisy/5683-32879-0003.wav,16000,16000,1,1,149520,149520
2250,4970-29095-0000.wav,4970-29095-0000,data/librispeech_test_clean_musan_music_snr4_seed20260827/clean/4970-29095-0000.wav,data/librispeech_test_clean_musan_music_snr4_seed20260827/noisy/4970-29095-0000.wav,16000,16000,1,1,45840,45840
2251,4992-41806-0005.wav,4992-41806-0005,data/librispeech_test_clean_musan_music_snr4_seed20260827/clean/4992-41806-0005.wav,data/librispeech_test_clean_musan_music_snr4_seed20260827/noisy/4992-41806-0005.wav,16000,16000,1,1,59680,59680
2252,5639-40744-0021.wav,5639-40744-0021,data/librispeech_test_clean_musan_music_snr4_seed20260827/clean/5639-40744-0021.wav,data/librispeech_test_clean_musan_music_snr4_seed20260827/noisy/5639-40744-0021.wav,16000,16000,1,1,175680,175680
2253,4970-29095-0008.wav,4970-29095-0008,data/librispeech_test_clean_musan_music_snr4_seed20260827/clean/4970-29095-0008.wav,data/librispeech_test_clean_musan_music_snr4_seed20260827/noisy/4970-29095-0008.wav,16000,16000,1,1,48640,48640
2254,1580-141084-0017.wav,1580-141084-0017,data/librispeech_test_clean_musan_music_snr4_seed20260827/clean/1580-141084-0017.wav,data/librispeech_test_clean_musan_music_snr4_seed20260827/noisy/1580-141084-0017.wav,16000,16000,1,1,32000,32000
2255,1580-141084-0044.wav,1580-141084-0044,data/librispeech_test_clean_musan_music_snr4_seed20260827/clean/1580-141084-0044.wav,data/librispeech_test_clean_musan_music_snr4_seed20260827/noisy/1580-141084-0044.wav,16000,16000,1,1,46320,46320
2256,1089-134691-0024.wav,1089-134691-0024,data/librispeech_test_clean_musan_music_snr4_seed20260827/clean/1089-134691-0024.wav,data/librispeech_test_clean_musan_music_snr4_seed20260827/noisy/1089-134691-0024.wav,16000,16000,1,1,35440,35440
2257,3570-5696-0002.wav,3570-5696-0002,data/librispeech_test_clean_musan_music_snr4_seed20260827/clean/3570-5696-0002.wav,data/librispeech_test_clean_musan_music_snr4_seed20260827/noisy/3570-5696-0002.wav,16000,16000,1,1,120160,120160
2258,1995-1836-0010.wav,1995-1836-0010,data/librispeech_test_clean_musan_music_snr4_seed20260827/clean/1995-1836-0010.wav,data/librispeech_test_clean_musan_music_snr4_seed20260827/noisy/1995-1836-0010.wav,16000,16000,1,1,391200,391200
2259,2830-3979-0006.wav,2830-3979-0006,data/librispeech_test_clean_musan_music_snr4_seed20260827/clean/2830-3979-0006.wav,data/librispeech_test_clean_musan_music_snr4_seed20260827/noisy/2830-3979-0006.wav,16000,16000,1,1,72800,72800
2260,5105-28233-0001.wav,5105-28233-0001,data/librispeech_test_clean_musan_music_snr4_seed20260827/clean/5105-28233-0001.wav,data/librispeech_test_clean_musan_music_snr4_seed20260827/noisy/5105-28233-0001.wav,16000,16000,1,1,71840,71840
2261,908-157963-0001.wav,908-157963-0001,data/librispeech_test_clean_musan_music_snr4_seed20260827/clean/908-157963-0001.wav,data/librispeech_test_clean_musan_music_snr4_seed20260827/noisy/908-157963-0001.wav,16000,16000,1,1,46160,46160
2262,7729-102255-0029.wav,7729-102255-0029,data/librispeech_test_clean_musan_music_snr4_seed20260827/clean/7729-102255-0029.wav,data/librispeech_test_clean_musan_music_snr4_seed20260827/noisy/7729-102255-0029.wav,16000,16000,1,1,112960,112960
2263,8555-284447-0021.wav,8555-284447-0021,data/librispeech_test_clean_musan_music_snr4_seed20260827/clean/8555-284447-0021.wav,data/librispeech_test_clean_musan_music_snr4_seed20260827/noisy/8555-284447-0021.wav,16000,16000,1,1,210800,210800
2264,672-122797-0028.wav,672-122797-0028,data/librispeech_test_clean_musan_music_snr4_seed20260827/clean/672-122797-0028.wav,data/librispeech_test_clean_musan_music_snr4_seed20260827/noisy/672-122797-0028.wav,16000,16000,1,1,41760,41760
2265,3575-170457-0037.wav,3575-170457-0037,data/librispeech_test_clean_musan_music_snr4_seed20260827/clean/3575-170457-0037.wav,data/librispeech_test_clean_musan_music_snr4_seed20260827/noisy/3575-170457-0037.wav,16000,16000,1,1,227200,227200
2266,4446-2271-0024.wav,4446-2271-0024,data/librispeech_test_clean_musan_music_snr4_seed20260827/clean/4446-2271-0024.wav,data/librispeech_test_clean_musan_music_snr4_seed20260827/noisy/4446-2271-0024.wav,16000,16000,1,1,50560,50560
2267,6829-68771-0021.wav,6829-68771-0021,data/librispeech_test_clean_musan_music_snr4_seed20260827/clean/6829-68771-0021.wav,data/librispeech_test_clean_musan_music_snr4_seed20260827/noisy/6829-68771-0021.wav,16000,16000,1,1,41760,41760
2268,5683-32865-0002.wav,5683-32865-0002,data/librispeech_test_clean_musan_music_snr4_seed20260827/clean/5683-32865-0002.wav,data/librispeech_test_clean_musan_music_snr4_seed20260827/noisy/5683-32865-0002.wav,16000,16000,1,1,44480,44480
2269,4970-29093-0002.wav,4970-29093-0002,data/librispeech_test_clean_musan_music_snr4_seed20260827/clean/4970-29093-0002.wav,data/librispeech_test_clean_musan_music_snr4_seed20260827/noisy/4970-29093-0002.wav,16000,16000,1,1,171680,171680
2270,7729-102255-0015.wav,7729-102255-0015,data/librispeech_test_clean_musan_music_snr4_seed20260827/clean/7729-102255-0015.wav,data/librispeech_test_clean_musan_music_snr4_seed20260827/noisy/7729-102255-0015.wav,16000,16000,1,1,239840,239840
2271,121-127105-0016.wav,121-127105-0016,data/librispeech_test_clean_musan_music_snr4_seed20260827/clean/121-127105-0016.wav,data/librispeech_test_clean_musan_music_snr4_seed20260827/noisy/121-127105-0016.wav,16000,16000,1,1,32480,32480
2272,4507-16021-0040.wav,4507-16021-0040,data/librispeech_test_clean_musan_music_snr4_seed20260827/clean/4507-16021-0040.wav,data/librispeech_test_clean_musan_music_snr4_seed20260827/noisy/4507-16021-0040.wav,16000,16000,1,1,62800,62800
2273,8463-294825-0011.wav,8463-294825-0011,data/librispeech_test_clean_musan_music_snr4_seed20260827/clean/8463-294825-0011.wav,data/librispeech_test_clean_musan_music_snr4_seed20260827/noisy/8463-294825-0011.wav,16000,16000,1,1,34879,34879
2274,121-127105-0006.wav,121-127105-0006,data/librispeech_test_clean_musan_music_snr4_seed20260827/clean/121-127105-0006.wav,data/librispeech_test_clean_musan_music_snr4_seed20260827/noisy/121-127105-0006.wav,16000,16000,1,1,75600,75600
2275,1221-135766-0005.wav,1221-135766-0005,data/librispeech_test_clean_musan_music_snr4_seed20260827/clean/1221-135766-0005.wav,data/librispeech_test_clean_musan_music_snr4_seed20260827/noisy/1221-135766-0005.wav,16000,16000,1,1,266320,266320
2276,6930-81414-0000.wav,6930-81414-0000,data/librispeech_test_clean_musan_music_snr4_seed20260827/clean/6930-81414-0000.wav,data/librispeech_test_clean_musan_music_snr4_seed20260827/noisy/6930-81414-0000.wav,16000,16000,1,1,206320,206320
2277,2094-142345-0048.wav,2094-142345-0048,data/librispeech_test_clean_musan_music_snr4_seed20260827/clean/2094-142345-0048.wav,data/librispeech_test_clean_musan_music_snr4_seed20260827/noisy/2094-142345-0048.wav,16000,16000,1,1,102240,102240
2278,61-70968-0011.wav,61-70968-0011,data/librispeech_test_clean_musan_music_snr4_seed20260827/clean/61-70968-0011.wav,data/librispeech_test_clean_musan_music_snr4_seed20260827/noisy/61-70968-0011.wav,16000,16000,1,1,102000,102000
2279,1089-134686-0035.wav,1089-134686-0035,data/librispeech_test_clean_musan_music_snr4_seed20260827/clean/1089-134686-0035.wav,data/librispeech_test_clean_musan_music_snr4_seed20260827/noisy/1089-134686-0035.wav,16000,16000,1,1,55120,55120
2280,4446-2273-0002.wav,4446-2273-0002,data/librispeech_test_clean_musan_music_snr4_seed20260827/clean/4446-2273-0002.wav,data/librispeech_test_clean_musan_music_snr4_seed20260827/noisy/4446-2273-0002.wav,16000,16000,1,1,52720,52720
2281,4507-16021-0059.wav,4507-16021-0059,data/librispeech_test_clean_musan_music_snr4_seed20260827/clean/4507-16021-0059.wav,data/librispeech_test_clean_musan_music_snr4_seed20260827/noisy/4507-16021-0059.wav,16000,16000,1,1,99280,99280
2282,1580-141084-0042.wav,1580-141084-0042,data/librispeech_test_clean_musan_music_snr4_seed20260827/clean/1580-141084-0042.wav,data/librispeech_test_clean_musan_music_snr4_seed20260827/noisy/1580-141084-0042.wav,16000,16000,1,1,80960,80960
2283,3729-6852-0007.wav,3729-6852-0007,data/librispeech_test_clean_musan_music_snr4_seed20260827/clean/3729-6852-0007.wav,data/librispeech_test_clean_musan_music_snr4_seed20260827/noisy/3729-6852-0007.wav,16000,16000,1,1,199840,199840
2284,8463-287645-0003.wav,8463-287645-0003,data/librispeech_test_clean_musan_music_snr4_seed20260827/clean/8463-287645-0003.wav,data/librispeech_test_clean_musan_music_snr4_seed20260827/noisy/8463-287645-0003.wav,16000,16000,1,1,126480,126480
2285,1580-141083-0026.wav,1580-141083-0026,data/librispeech_test_clean_musan_music_snr4_seed20260827/clean/1580-141083-0026.wav,data/librispeech_test_clean_musan_music_snr4_seed20260827/noisy/1580-141083-0026.wav,16000,16000,1,1,76400,76400
2286,3729-6852-0008.wav,3729-6852-0008,data/librispeech_test_clean_musan_music_snr4_seed20260827/clean/3729-6852-0008.wav,data/librispeech_test_clean_musan_music_snr4_seed20260827/noisy/3729-6852-0008.wav,16000,16000,1,1,381760,381760
2287,7021-79740-0008.wav,7021-79740-0008,data/librispeech_test_clean_musan_music_snr4_seed20260827/clean/7021-79740-0008.wav,data/librispeech_test_clean_musan_music_snr4_seed20260827/noisy/7021-79740-0008.wav,16000,16000,1,1,294640,294640
2288,6930-75918-0020.wav,6930-75918-0020,data/librispeech_test_clean_musan_music_snr4_seed20260827/clean/6930-75918-0020.wav,data/librispeech_test_clean_musan_music_snr4_seed20260827/noisy/6930-75918-0020.wav,16000,16000,1,1,230400,230400
2289,237-126133-0000.wav,237-126133-0000,data/librispeech_test_clean_musan_music_snr4_seed20260827/clean/237-126133-0000.wav,data/librispeech_test_clean_musan_music_snr4_seed20260827/noisy/237-126133-0000.wav,16000,16000,1,1,212640,212640
2290,1284-1181-0013.wav,1284-1181-0013,data/librispeech_test_clean_musan_music_snr4_seed20260827/clean/1284-1181-0013.wav,data/librispeech_test_clean_musan_music_snr4_seed20260827/noisy/1284-1181-0013.wav,16000,16000,1,1,202560,202560
2291,61-70968-0051.wav,61-70968-0051,data/librispeech_test_clean_musan_music_snr4_seed20260827/clean/61-70968-0051.wav,data/librispeech_test_clean_musan_music_snr4_seed20260827/noisy/61-70968-0051.wav,16000,16000,1,1,50160,50160
2292,5142-33396-0026.wav,5142-33396-0026,data/librispeech_test_clean_musan_music_snr4_seed20260827/clean/5142-33396-0026.wav,data/librispeech_test_clean_musan_music_snr4_seed20260827/noisy/5142-33396-0026.wav,16000,16000,1,1,49200,49200
2293,61-70968-0062.wav,61-70968-0062,data/librispeech_test_clean_musan_music_snr4_seed20260827/clean/61-70968-0062.wav,data/librispeech_test_clean_musan_music_snr4_seed20260827/noisy/61-70968-0062.wav,16000,16000,1,1,40880,40880
2294,121-127105-0010.wav,121-127105-0010,data/librispeech_test_clean_musan_music_snr4_seed20260827/clean/121-127105-0010.wav,data/librispeech_test_clean_musan_music_snr4_seed20260827/noisy/121-127105-0010.wav,16000,16000,1,1,45600,45600
2295,61-70968-0024.wav,61-70968-0024,data/librispeech_test_clean_musan_music_snr4_seed20260827/clean/61-70968-0024.wav,data/librispeech_test_clean_musan_music_snr4_seed20260827/noisy/61-70968-0024.wav,16000,16000,1,1,96400,96400
2296,2961-960-0005.wav,2961-960-0005,data/librispeech_test_clean_musan_music_snr4_seed20260827/clean/2961-960-0005.wav,data/librispeech_test_clean_musan_music_snr4_seed20260827/noisy/2961-960-0005.wav,16000,16000,1,1,165680,165680
2297,908-157963-0027.wav,908-157963-0027,data/librispeech_test_clean_musan_music_snr4_seed20260827/clean/908-157963-0027.wav,data/librispeech_test_clean_musan_music_snr4_seed20260827/noisy/908-157963-0027.wav,16000,16000,1,1,83600,83600
2298,5639-40744-0014.wav,5639-40744-0014,data/librispeech_test_clean_musan_music_snr4_seed20260827/clean/5639-40744-0014.wav,data/librispeech_test_clean_musan_music_snr4_seed20260827/noisy/5639-40744-0014.wav,16000,16000,1,1,123520,123520
2299,6930-75918-0013.wav,6930-75918-0013,data/librispeech_test_clean_musan_music_snr4_seed20260827/clean/6930-75918-0013.wav,data/librispeech_test_clean_musan_music_snr4_seed20260827/noisy/6930-75918-0013.wav,16000,16000,1,1,47040,47040
2300,61-70968-0028.wav,61-70968-0028,data/librispeech_test_clean_musan_music_snr4_seed20260827/clean/61-70968-0028.wav,data/librispeech_test_clean_musan_music_snr4_seed20260827/noisy/61-70968-0028.wav,16000,16000,1,1,85680,85680
2301,1284-1180-0032.wav,1284-1180-0032,data/librispeech_test_clean_musan_music_snr4_seed20260827/clean/1284-1180-0032.wav,data/librispeech_test_clean_musan_music_snr4_seed20260827/noisy/1284-1180-0032.wav,16000,16000,1,1,92480,92480
2302,61-70968-0060.wav,61-70968-0060,data/librispeech_test_clean_musan_music_snr4_seed20260827/clean/61-70968-0060.wav,data/librispeech_test_clean_musan_music_snr4_seed20260827/noisy/61-70968-0060.wav,16000,16000,1,1,59760,59760
2303,7127-75946-0021.wav,7127-75946-0021,data/librispeech_test_clean_musan_music_snr4_seed20260827/clean/7127-75946-0021.wav,data/librispeech_test_clean_musan_music_snr4_seed20260827/noisy/7127-75946-0021.wav,16000,16000,1,1,53680,53680
2304,8463-294828-0025.wav,8463-294828-0025,data/librispeech_test_clean_musan_music_snr4_seed20260827/clean/8463-294828-0025.wav,data/librispeech_test_clean_musan_music_snr4_seed20260827/noisy/8463-294828-0025.wav,16000,16000,1,1,31840,31840
2305,4970-29095-0009.wav,4970-29095-0009,data/librispeech_test_clean_musan_music_snr4_seed20260827/clean/4970-29095-0009.wav,data/librispeech_test_clean_musan_music_snr4_seed20260827/noisy/4970-29095-0009.wav,16000,16000,1,1,89600,89600
2306,260-123440-0005.wav,260-123440-0005,data/librispeech_test_clean_musan_music_snr4_seed20260827/clean/260-123440-0005.wav,data/librispeech_test_clean_musan_music_snr4_seed20260827/noisy/260-123440-0005.wav,16000,16000,1,1,49680,49680
2307,237-134500-0007.wav,237-134500-0007,data/librispeech_test_clean_musan_music_snr4_seed20260827/clean/237-134500-0007.wav,data/librispeech_test_clean_musan_music_snr4_seed20260827/noisy/237-134500-0007.wav,16000,16000,1,1,38240,38240
2308,672-122797-0022.wav,672-122797-0022,data/librispeech_test_clean_musan_music_snr4_seed20260827/clean/672-122797-0022.wav,data/librispeech_test_clean_musan_music_snr4_seed20260827/noisy/672-122797-0022.wav,16000,16000,1,1,304079,304079
2309,6930-76324-0022.wav,6930-76324-0022,data/librispeech_test_clean_musan_music_snr4_seed20260827/clean/6930-76324-0022.wav,data/librispeech_test_clean_musan_music_snr4_seed20260827/noisy/6930-76324-0022.wav,16000,16000,1,1,30320,30320
2310,4077-13751-0015.wav,4077-13751-0015,data/librispeech_test_clean_musan_music_snr4_seed20260827/clean/4077-13751-0015.wav,data/librispeech_test_clean_musan_music_snr4_seed20260827/noisy/4077-13751-0015.wav,16000,16000,1,1,215600,215600
2311,2830-3980-0043.wav,2830-3980-0043,data/librispeech_test_clean_musan_music_snr4_seed20260827/clean/2830-3980-0043.wav,data/librispeech_test_clean_musan_music_snr4_seed20260827/noisy/2830-3980-0043.wav,16000,16000,1,1,31600,31600
2312,61-70970-0040.wav,61-70970-0040,data/librispeech_test_clean_musan_music_snr4_seed20260827/clean/61-70970-0040.wav,data/librispeech_test_clean_musan_music_snr4_seed20260827/noisy/61-70970-0040.wav,16000,16000,1,1,66640,66640
2313,260-123286-0024.wav,260-123286-0024,data/librispeech_test_clean_musan_music_snr4_seed20260827/clean/260-123286-0024.wav,data/librispeech_test_clean_musan_music_snr4_seed20260827/noisy/260-123286-0024.wav,16000,16000,1,1,48640,48640
2314,7127-75946-0023.wav,7127-75946-0023,data/librispeech_test_clean_musan_music_snr4_seed20260827/clean/7127-75946-0023.wav,data/librispeech_test_clean_musan_music_snr4_seed20260827/noisy/7127-75946-0023.wav,16000,16000,1,1,59920,59920
2315,5105-28241-0008.wav,5105-28241-0008,data/librispeech_test_clean_musan_music_snr4_seed20260827/clean/5105-28241-0008.wav,data/librispeech_test_clean_musan_music_snr4_seed20260827/noisy/5105-28241-0008.wav,16000,16000,1,1,136640,136640
2316,121-127105-0005.wav,121-127105-0005,data/librispeech_test_clean_musan_music_snr4_seed20260827/clean/121-127105-0005.wav,data/librispeech_test_clean_musan_music_snr4_seed20260827/noisy/121-127105-0005.wav,16000,16000,1,1,93120,93120
2317,61-70968-0040.wav,61-70968-0040,data/librispeech_test_clean_musan_music_snr4_seed20260827/clean/61-70968-0040.wav,data/librispeech_test_clean_musan_music_snr4_seed20260827/noisy/61-70968-0040.wav,16000,16000,1,1,63200,63200
2318,2300-131720-0041.wav,2300-131720-0041,data/librispeech_test_clean_musan_music_snr4_seed20260827/clean/2300-131720-0041.wav,data/librispeech_test_clean_musan_music_snr4_seed20260827/noisy/2300-131720-0041.wav,16000,16000,1,1,60000,60000
2319,3575-170457-0018.wav,3575-170457-0018,data/librispeech_test_clean_musan_music_snr4_seed20260827/clean/3575-170457-0018.wav,data/librispeech_test_clean_musan_music_snr4_seed20260827/noisy/3575-170457-0018.wav,16000,16000,1,1,46720,46720
2320,61-70968-0001.wav,61-70968-0001,data/librispeech_test_clean_musan_music_snr4_seed20260827/clean/61-70968-0001.wav,data/librispeech_test_clean_musan_music_snr4_seed20260827/noisy/61-70968-0001.wav,16000,16000,1,1,57760,57760
2321,1188-133604-0033.wav,1188-133604-0033,data/librispeech_test_clean_musan_music_snr4_seed20260827/clean/1188-133604-0033.wav,data/librispeech_test_clean_musan_music_snr4_seed20260827/noisy/1188-133604-0033.wav,16000,16000,1,1,106000,106000
2322,4077-13751-0011.wav,4077-13751-0011,data/librispeech_test_clean_musan_music_snr4_seed20260827/clean/4077-13751-0011.wav,data/librispeech_test_clean_musan_music_snr4_seed20260827/noisy/4077-13751-0011.wav,16000,16000,1,1,182800,182800
2323,1221-135767-0012.wav,1221-135767-0012,data/librispeech_test_clean_musan_music_snr4_seed20260827/clean/1221-135767-0012.wav,data/librispeech_test_clean_musan_music_snr4_seed20260827/noisy/1221-135767-0012.wav,16000,16000,1,1,222160,222160
2324,2830-3980-0016.wav,2830-3980-0016,data/librispeech_test_clean_musan_music_snr4_seed20260827/clean/2830-3980-0016.wav,data/librispeech_test_clean_musan_music_snr4_seed20260827/noisy/2830-3980-0016.wav,16000,16000,1,1,37920,37920
2325,61-70968-0039.wav,61-70968-0039,data/librispeech_test_clean_musan_music_snr4_seed20260827/clean/61-70968-0039.wav,data/librispeech_test_clean_musan_music_snr4_seed20260827/noisy/61-70968-0039.wav,16000,16000,1,1,60880,60880
2326,6829-68771-0010.wav,6829-68771-0010,data/librispeech_test_clean_musan_music_snr4_seed20260827/clean/6829-68771-0010.wav,data/librispeech_test_clean_musan_music_snr4_seed20260827/noisy/6829-68771-0010.wav,16000,16000,1,1,157120,157120
2327,3570-5695-0008.wav,3570-5695-0008,data/librispeech_test_clean_musan_music_snr4_seed20260827/clean/3570-5695-0008.wav,data/librispeech_test_clean_musan_music_snr4_seed20260827/noisy/3570-5695-0008.wav,16000,16000,1,1,109520,109520
2328,1995-1826-0021.wav,1995-1826-0021,data/librispeech_test_clean_musan_music_snr4_seed20260827/clean/1995-1826-0021.wav,data/librispeech_test_clean_musan_music_snr4_seed20260827/noisy/1995-1826-0021.wav,16000,16000,1,1,182560,182560
2329,6829-68771-0028.wav,6829-68771-0028,data/librispeech_test_clean_musan_music_snr4_seed20260827/clean/6829-68771-0028.wav,data/librispeech_test_clean_musan_music_snr4_seed20260827/noisy/6829-68771-0028.wav,16000,16000,1,1,56880,56880
2330,3575-170457-0040.wav,3575-170457-0040,data/librispeech_test_clean_musan_music_snr4_seed20260827/clean/3575-170457-0040.wav,data/librispeech_test_clean_musan_music_snr4_seed20260827/noisy/3575-170457-0040.wav,16000,16000,1,1,110480,110480
2331,260-123440-0003.wav,260-123440-0003,data/librispeech_test_clean_musan_music_snr4_seed20260827/clean/260-123440-0003.wav,data/librispeech_test_clean_musan_music_snr4_seed20260827/noisy/260-123440-0003.wav,16000,16000,1,1,57360,57360
2332,5683-32866-0007.wav,5683-32866-0007,data/librispeech_test_clean_musan_music_snr4_seed20260827/clean/5683-32866-0007.wav,data/librispeech_test_clean_musan_music_snr4_seed20260827/noisy/5683-32866-0007.wav,16000,16000,1,1,65920,65920
2333,6829-68771-0022.wav,6829-68771-0022,data/librispeech_test_clean_musan_music_snr4_seed20260827/clean/6829-68771-0022.wav,data/librispeech_test_clean_musan_music_snr4_seed20260827/noisy/6829-68771-0022.wav,16000,16000,1,1,60800,60800
2334,5142-36377-0012.wav,5142-36377-0012,data/librispeech_test_clean_musan_music_snr4_seed20260827/clean/5142-36377-0012.wav,data/librispeech_test_clean_musan_music_snr4_seed20260827/noisy/5142-36377-0012.wav,16000,16000,1,1,43440,43440
2335,7176-88083-0014.wav,7176-88083-0014,data/librispeech_test_clean_musan_music_snr4_seed20260827/clean/7176-88083-0014.wav,data/librispeech_test_clean_musan_music_snr4_seed20260827/noisy/7176-88083-0014.wav,16000,16000,1,1,74720,74720
2336,7729-102255-0022.wav,7729-102255-0022,data/librispeech_test_clean_musan_music_snr4_seed20260827/clean/7729-102255-0022.wav,data/librispeech_test_clean_musan_music_snr4_seed20260827/noisy/7729-102255-0022.wav,16000,16000,1,1,188720,188720
2337,1995-1826-0018.wav,1995-1826-0018,data/librispeech_test_clean_musan_music_snr4_seed20260827/clean/1995-1826-0018.wav,data/librispeech_test_clean_musan_music_snr4_seed20260827/noisy/1995-1826-0018.wav,16000,16000,1,1,80160,80160
2338,7021-79759-0000.wav,7021-79759-0000,data/librispeech_test_clean_musan_music_snr4_seed20260827/clean/7021-79759-0000.wav,data/librispeech_test_clean_musan_music_snr4_seed20260827/noisy/7021-79759-0000.wav,16000,16000,1,1,76400,76400
2339,1089-134686-0002.wav,1089-134686-0002,data/librispeech_test_clean_musan_music_snr4_seed20260827/clean/1089-134686-0002.wav,data/librispeech_test_clean_musan_music_snr4_seed20260827/noisy/1089-134686-0002.wav,16000,16000,1,1,106000,106000
2340,1995-1826-0013.wav,1995-1826-0013,data/librispeech_test_clean_musan_music_snr4_seed20260827/clean/1995-1826-0013.wav,data/librispeech_test_clean_musan_music_snr4_seed20260827/noisy/1995-1826-0013.wav,16000,16000,1,1,140320,140320
2341,7176-92135-0013.wav,7176-92135-0013,data/librispeech_test_clean_musan_music_snr4_seed20260827/clean/7176-92135-0013.wav,data/librispeech_test_clean_musan_music_snr4_seed20260827/noisy/7176-92135-0013.wav,16000,16000,1,1,50400,50400
2342,8555-284447-0009.wav,8555-284447-0009,data/librispeech_test_clean_musan_music_snr4_seed20260827/clean/8555-284447-0009.wav,data/librispeech_test_clean_musan_music_snr4_seed20260827/noisy/8555-284447-0009.wav,16000,16000,1,1,52400,52400
2343,5142-33396-0012.wav,5142-33396-0012,data/librispeech_test_clean_musan_music_snr4_seed20260827/clean/5142-33396-0012.wav,data/librispeech_test_clean_musan_music_snr4_seed20260827/noisy/5142-33396-0012.wav,16000,16000,1,1,73440,73440
2344,260-123286-0016.wav,260-123286-0016,data/librispeech_test_clean_musan_music_snr4_seed20260827/clean/260-123286-0016.wav,data/librispeech_test_clean_musan_music_snr4_seed20260827/noisy/260-123286-0016.wav,16000,16000,1,1,112000,112000
2345,8463-294828-0021.wav,8463-294828-0021,data/librispeech_test_clean_musan_music_snr4_seed20260827/clean/8463-294828-0021.wav,data/librispeech_test_clean_musan_music_snr4_seed20260827/noisy/8463-294828-0021.wav,16000,16000,1,1,43760,43760
2346,1221-135767-0016.wav,1221-135767-0016,data/librispeech_test_clean_musan_music_snr4_seed20260827/clean/1221-135767-0016.wav,data/librispeech_test_clean_musan_music_snr4_seed20260827/noisy/1221-135767-0016.wav,16000,16000,1,1,244080,244080
2347,1188-133604-0012.wav,1188-133604-0012,data/librispeech_test_clean_musan_music_snr4_seed20260827/clean/1188-133604-0012.wav,data/librispeech_test_clean_musan_music_snr4_seed20260827/noisy/1188-133604-0012.wav,16000,16000,1,1,234400,234400
2348,237-126133-0002.wav,237-126133-0002,data/librispeech_test_clean_musan_music_snr4_seed20260827/clean/237-126133-0002.wav,data/librispeech_test_clean_musan_music_snr4_seed20260827/noisy/237-126133-0002.wav,16000,16000,1,1,142720,142720
2349,8555-284447-0015.wav,8555-284447-0015,data/librispeech_test_clean_musan_music_snr4_seed20260827/clean/8555-284447-0015.wav,data/librispeech_test_clean_musan_music_snr4_seed20260827/noisy/8555-284447-0015.wav,16000,16000,1,1,316081,316081
2350,2830-3980-0055.wav,2830-3980-0055,data/librispeech_test_clean_musan_music_snr4_seed20260827/clean/2830-3980-0055.wav,data/librispeech_test_clean_musan_music_snr4_seed20260827/noisy/2830-3980-0055.wav,16000,16000,1,1,117360,117360
2351,4507-16021-0014.wav,4507-16021-0014,data/librispeech_test_clean_musan_music_snr4_seed20260827/clean/4507-16021-0014.wav,data/librispeech_test_clean_musan_music_snr4_seed20260827/noisy/4507-16021-0014.wav,16000,16000,1,1,97840,97840
2352,4992-23283-0002.wav,4992-23283-0002,data/librispeech_test_clean_musan_music_snr4_seed20260827/clean/4992-23283-0002.wav,data/librispeech_test_clean_musan_music_snr4_seed20260827/noisy/4992-23283-0002.wav,16000,16000,1,1,49920,49920
2353,1089-134686-0004.wav,1089-134686-0004,data/librispeech_test_clean_musan_music_snr4_seed20260827/clean/1089-134686-0004.wav,data/librispeech_test_clean_musan_music_snr4_seed20260827/noisy/1089-134686-0004.wav,16000,16000,1,1,83441,83441
2354,4507-16021-0012.wav,4507-16021-0012,data/librispeech_test_clean_musan_music_snr4_seed20260827/clean/4507-16021-0012.wav,data/librispeech_test_clean_musan_music_snr4_seed20260827/noisy/4507-16021-0012.wav,16000,16000,1,1,43760,43760
2355,121-127105-0031.wav,121-127105-0031,data/librispeech_test_clean_musan_music_snr4_seed20260827/clean/121-127105-0031.wav,data/librispeech_test_clean_musan_music_snr4_seed20260827/noisy/121-127105-0031.wav,16000,16000,1,1,172240,172240
2356,7127-75947-0000.wav,7127-75947-0000,data/librispeech_test_clean_musan_music_snr4_seed20260827/clean/7127-75947-0000.wav,data/librispeech_test_clean_musan_music_snr4_seed20260827/noisy/7127-75947-0000.wav,16000,16000,1,1,287520,287520
2357,2830-3980-0019.wav,2830-3980-0019,data/librispeech_test_clean_musan_music_snr4_seed20260827/clean/2830-3980-0019.wav,data/librispeech_test_clean_musan_music_snr4_seed20260827/noisy/2830-3980-0019.wav,16000,16000,1,1,112240,112240
2358,2300-131720-0011.wav,2300-131720-0011,data/librispeech_test_clean_musan_music_snr4_seed20260827/clean/2300-131720-0011.wav,data/librispeech_test_clean_musan_music_snr4_seed20260827/noisy/2300-131720-0011.wav,16000,16000,1,1,254000,254000
2359,237-134493-0011.wav,237-134493-0011,data/librispeech_test_clean_musan_music_snr4_seed20260827/clean/237-134493-0011.wav,data/librispeech_test_clean_musan_music_snr4_seed20260827/noisy/237-134493-0011.wav,16000,16000,1,1,80560,80560
2360,61-70970-0018.wav,61-70970-0018,data/librispeech_test_clean_musan_music_snr4_seed20260827/clean/61-70970-0018.wav,data/librispeech_test_clean_musan_music_snr4_seed20260827/noisy/61-70970-0018.wav,16000,16000,1,1,73600,73600
2361,5142-33396-0057.wav,5142-33396-0057,data/librispeech_test_clean_musan_music_snr4_seed20260827/clean/5142-33396-0057.wav,data/librispeech_test_clean_musan_music_snr4_seed20260827/noisy/5142-33396-0057.wav,16000,16000,1,1,49200,49200
2362,8455-210777-0060.wav,8455-210777-0060,data/librispeech_test_clean_musan_music_snr4_seed20260827/clean/8455-210777-0060.wav,data/librispeech_test_clean_musan_music_snr4_seed20260827/noisy/8455-210777-0060.wav,16000,16000,1,1,113200,113200
2363,237-134493-0005.wav,237-134493-0005,data/librispeech_test_clean_musan_music_snr4_seed20260827/clean/237-134493-0005.wav,data/librispeech_test_clean_musan_music_snr4_seed20260827/noisy/237-134493-0005.wav,16000,16000,1,1,175120,175120
2364,8463-287645-0006.wav,8463-287645-0006,data/librispeech_test_clean_musan_music_snr4_seed20260827/clean/8463-287645-0006.wav,data/librispeech_test_clean_musan_music_snr4_seed20260827/noisy/8463-287645-0006.wav,16000,16000,1,1,123360,123360
2365,1089-134691-0009.wav,1089-134691-0009,data/librispeech_test_clean_musan_music_snr4_seed20260827/clean/1089-134691-0009.wav,data/librispeech_test_clean_musan_music_snr4_seed20260827/noisy/1089-134691-0009.wav,16000,16000,1,1,320880,320880
2366,4507-16021-0043.wav,4507-16021-0043,data/librispeech_test_clean_musan_music_snr4_seed20260827/clean/4507-16021-0043.wav,data/librispeech_test_clean_musan_music_snr4_seed20260827/noisy/4507-16021-0043.wav,16000,16000,1,1,63840,63840
2367,121-127105-0033.wav,121-127105-0033,data/librispeech_test_clean_musan_music_snr4_seed20260827/clean/121-127105-0033.wav,data/librispeech_test_clean_musan_music_snr4_seed20260827/noisy/121-127105-0033.wav,16000,16000,1,1,37680,37680
2368,4970-29095-0020.wav,4970-29095-0020,data/librispeech_test_clean_musan_music_snr4_seed20260827/clean/4970-29095-0020.wav,data/librispeech_test_clean_musan_music_snr4_seed20260827/noisy/4970-29095-0020.wav,16000,16000,1,1,197840,197840
2369,3729-6852-0044.wav,3729-6852-0044,data/librispeech_test_clean_musan_music_snr4_seed20260827/clean/3729-6852-0044.wav,data/librispeech_test_clean_musan_music_snr4_seed20260827/noisy/3729-6852-0044.wav,16000,16000,1,1,111680,111680
2370,8463-287645-0009.wav,8463-287645-0009,data/librispeech_test_clean_musan_music_snr4_seed20260827/clean/8463-287645-0009.wav,data/librispeech_test_clean_musan_music_snr4_seed20260827/noisy/8463-287645-0009.wav,16000,16000,1,1,59360,59360
2371,61-70970-0015.wav,61-70970-0015,data/librispeech_test_clean_musan_music_snr4_seed20260827/clean/61-70970-0015.wav,data/librispeech_test_clean_musan_music_snr4_seed20260827/noisy/61-70970-0015.wav,16000,16000,1,1,134640,134640
2372,4507-16021-0055.wav,4507-16021-0055,data/librispeech_test_clean_musan_music_snr4_seed20260827/clean/4507-16021-0055.wav,data/librispeech_test_clean_musan_music_snr4_seed20260827/noisy/4507-16021-0055.wav,16000,16000,1,1,115600,115600
2373,121-127105-0028.wav,121-127105-0028,data/librispeech_test_clean_musan_music_snr4_seed20260827/clean/121-127105-0028.wav,data/librispeech_test_clean_musan_music_snr4_seed20260827/noisy/121-127105-0028.wav,16000,16000,1,1,108000,108000
2374,7021-85628-0003.wav,7021-85628-0003,data/librispeech_test_clean_musan_music_snr4_seed20260827/clean/7021-85628-0003.wav,data/librispeech_test_clean_musan_music_snr4_seed20260827/noisy/7021-85628-0003.wav,16000,16000,1,1,244640,244640
2375,8455-210777-0015.wav,8455-210777-0015,data/librispeech_test_clean_musan_music_snr4_seed20260827/clean/8455-210777-0015.wav,data/librispeech_test_clean_musan_music_snr4_seed20260827/noisy/8455-210777-0015.wav,16000,16000,1,1,137840,137840
2376,4507-16021-0005.wav,4507-16021-0005,data/librispeech_test_clean_musan_music_snr4_seed20260827/clean/4507-16021-0005.wav,data/librispeech_test_clean_musan_music_snr4_seed20260827/noisy/4507-16021-0005.wav,16000,16000,1,1,67360,67360
2377,2961-961-0012.wav,2961-961-0012,data/librispeech_test_clean_musan_music_snr4_seed20260827/clean/2961-961-0012.wav,data/librispeech_test_clean_musan_music_snr4_seed20260827/noisy/2961-961-0012.wav,16000,16000,1,1,208240,208240
2378,2300-131720-0001.wav,2300-131720-0001,data/librispeech_test_clean_musan_music_snr4_seed20260827/clean/2300-131720-0001.wav,data/librispeech_test_clean_musan_music_snr4_seed20260827/noisy/2300-131720-0001.wav,16000,16000,1,1,234080,234080
2379,672-122797-0017.wav,672-122797-0017,data/librispeech_test_clean_musan_music_snr4_seed20260827/clean/672-122797-0017.wav,data/librispeech_test_clean_musan_music_snr4_seed20260827/noisy/672-122797-0017.wav,16000,16000,1,1,77120,77120
2380,3575-170457-0005.wav,3575-170457-0005,data/librispeech_test_clean_musan_music_snr4_seed20260827/clean/3575-170457-0005.wav,data/librispeech_test_clean_musan_music_snr4_seed20260827/noisy/3575-170457-0005.wav,16000,16000,1,1,117440,117440
2381,8463-287645-0013.wav,8463-287645-0013,data/librispeech_test_clean_musan_music_snr4_seed20260827/clean/8463-287645-0013.wav,data/librispeech_test_clean_musan_music_snr4_seed20260827/noisy/8463-287645-0013.wav,16000,16000,1,1,106640,106640
2382,1580-141084-0043.wav,1580-141084-0043,data/librispeech_test_clean_musan_music_snr4_seed20260827/clean/1580-141084-0043.wav,data/librispeech_test_clean_musan_music_snr4_seed20260827/noisy/1580-141084-0043.wav,16000,16000,1,1,33040,33040
2383,8230-279154-0040.wav,8230-279154-0040,data/librispeech_test_clean_musan_music_snr4_seed20260827/clean/8230-279154-0040.wav,data/librispeech_test_clean_musan_music_snr4_seed20260827/noisy/8230-279154-0040.wav,16000,16000,1,1,267120,267120
2384,4446-2275-0002.wav,4446-2275-0002,data/librispeech_test_clean_musan_music_snr4_seed20260827/clean/4446-2275-0002.wav,data/librispeech_test_clean_musan_music_snr4_seed20260827/noisy/4446-2275-0002.wav,16000,16000,1,1,122800,122800
2385,1089-134691-0018.wav,1089-134691-0018,data/librispeech_test_clean_musan_music_snr4_seed20260827/clean/1089-134691-0018.wav,data/librispeech_test_clean_musan_music_snr4_seed20260827/noisy/1089-134691-0018.wav,16000,16000,1,1,49440,49440
2386,2830-3980-0049.wav,2830-3980-0049,data/librispeech_test_clean_musan_music_snr4_seed20260827/clean/2830-3980-0049.wav,data/librispeech_test_clean_musan_music_snr4_seed20260827/noisy/2830-3980-0049.wav,16000,16000,1,1,54720,54720
2387,2830-3980-0033.wav,2830-3980-0033,data/librispeech_test_clean_musan_music_snr4_seed20260827/clean/2830-3980-0033.wav,data/librispeech_test_clean_musan_music_snr4_seed20260827/noisy/2830-3980-0033.wav,16000,16000,1,1,43360,43360
2388,3729-6852-0016.wav,3729-6852-0016,data/librispeech_test_clean_musan_music_snr4_seed20260827/clean/3729-6852-0016.wav,data/librispeech_test_clean_musan_music_snr4_seed20260827/noisy/3729-6852-0016.wav,16000,16000,1,1,67120,67120
2389,8455-210777-0008.wav,8455-210777-0008,data/librispeech_test_clean_musan_music_snr4_seed20260827/clean/8455-210777-0008.wav,data/librispeech_test_clean_musan_music_snr4_seed20260827/noisy/8455-210777-0008.wav,16000,16000,1,1,189360,189360
2390,8224-274384-0001.wav,8224-274384-0001,data/librispeech_test_clean_musan_music_snr4_seed20260827/clean/8224-274384-0001.wav,data/librispeech_test_clean_musan_music_snr4_seed20260827/noisy/8224-274384-0001.wav,16000,16000,1,1,325280,325280
2391,1320-122617-0003.wav,1320-122617-0003,data/librispeech_test_clean_musan_music_snr4_seed20260827/clean/1320-122617-0003.wav,data/librispeech_test_clean_musan_music_snr4_seed20260827/noisy/1320-122617-0003.wav,16000,16000,1,1,100560,100560
2392,1995-1826-0005.wav,1995-1826-0005,data/librispeech_test_clean_musan_music_snr4_seed20260827/clean/1995-1826-0005.wav,data/librispeech_test_clean_musan_music_snr4_seed20260827/noisy/1995-1826-0005.wav,16000,16000,1,1,82000,82000
2393,8230-279154-0011.wav,8230-279154-0011,data/librispeech_test_clean_musan_music_snr4_seed20260827/clean/8230-279154-0011.wav,data/librispeech_test_clean_musan_music_snr4_seed20260827/noisy/8230-279154-0011.wav,16000,16000,1,1,100000,100000
2394,2094-142345-0052.wav,2094-142345-0052,data/librispeech_test_clean_musan_music_snr4_seed20260827/clean/2094-142345-0052.wav,data/librispeech_test_clean_musan_music_snr4_seed20260827/noisy/2094-142345-0052.wav,16000,16000,1,1,104480,104480
2395,7127-75947-0010.wav,7127-75947-0010,data/librispeech_test_clean_musan_music_snr4_seed20260827/clean/7127-75947-0010.wav,data/librispeech_test_clean_musan_music_snr4_seed20260827/noisy/7127-75947-0010.wav,16000,16000,1,1,141840,141840
2396,8455-210777-0018.wav,8455-210777-0018,data/librispeech_test_clean_musan_music_snr4_seed20260827/clean/8455-210777-0018.wav,data/librispeech_test_clean_musan_music_snr4_seed20260827/noisy/8455-210777-0018.wav,16000,16000,1,1,94800,94800
2397,2961-961-0016.wav,2961-961-0016,data/librispeech_test_clean_musan_music_snr4_seed20260827/clean/2961-961-0016.wav,data/librispeech_test_clean_musan_music_snr4_seed20260827/noisy/2961-961-0016.wav,16000,16000,1,1,125040,125040
2398,260-123288-0006.wav,260-123288-0006,data/librispeech_test_clean_musan_music_snr4_seed20260827/clean/260-123288-0006.wav,data/librispeech_test_clean_musan_music_snr4_seed20260827/noisy/260-123288-0006.wav,16000,16000,1,1,78080,78080
2399,8230-279154-0018.wav,8230-279154-0018,data/librispeech_test_clean_musan_music_snr4_seed20260827/clean/8230-279154-0018.wav,data/librispeech_test_clean_musan_music_snr4_seed20260827/noisy/8230-279154-0018.wav,16000,16000,1,1,189520,189520
2400,8455-210777-0058.wav,8455-210777-0058,data/librispeech_test_clean_musan_music_snr4_seed20260827/clean/8455-210777-0058.wav,data/librispeech_test_clean_musan_music_snr4_seed20260827/noisy/8455-210777-0058.wav,16000,16000,1,1,114560,114560
2401,5105-28241-0014.wav,5105-28241-0014,data/librispeech_test_clean_musan_music_snr4_seed20260827/clean/5105-28241-0014.wav,data/librispeech_test_clean_musan_music_snr4_seed20260827/noisy/5105-28241-0014.wav,16000,16000,1,1,47920,47920
2402,61-70970-0004.wav,61-70970-0004,data/librispeech_test_clean_musan_music_snr4_seed20260827/clean/61-70970-0004.wav,data/librispeech_test_clean_musan_music_snr4_seed20260827/noisy/61-70970-0004.wav,16000,16000,1,1,168240,168240
2403,1188-133604-0013.wav,1188-133604-0013,data/librispeech_test_clean_musan_music_snr4_seed20260827/clean/1188-133604-0013.wav,data/librispeech_test_clean_musan_music_snr4_seed20260827/noisy/1188-133604-0013.wav,16000,16000,1,1,48320,48320
2404,5683-32866-0027.wav,5683-32866-0027,data/librispeech_test_clean_musan_music_snr4_seed20260827/clean/5683-32866-0027.wav,data/librispeech_test_clean_musan_music_snr4_seed20260827/noisy/5683-32866-0027.wav,16000,16000,1,1,76080,76080
2405,1580-141084-0005.wav,1580-141084-0005,data/librispeech_test_clean_musan_music_snr4_seed20260827/clean/1580-141084-0005.wav,data/librispeech_test_clean_musan_music_snr4_seed20260827/noisy/1580-141084-0005.wav,16000,16000,1,1,40240,40240
2406,7127-75946-0010.wav,7127-75946-0010,data/librispeech_test_clean_musan_music_snr4_seed20260827/clean/7127-75946-0010.wav,data/librispeech_test_clean_musan_music_snr4_seed20260827/noisy/7127-75946-0010.wav,16000,16000,1,1,57600,57600
2407,8463-294828-0009.wav,8463-294828-0009,data/librispeech_test_clean_musan_music_snr4_seed20260827/clean/8463-294828-0009.wav,data/librispeech_test_clean_musan_music_snr4_seed20260827/noisy/8463-294828-0009.wav,16000,16000,1,1,66720,66720
2408,7729-102255-0025.wav,7729-102255-0025,data/librispeech_test_clean_musan_music_snr4_seed20260827/clean/7729-102255-0025.wav,data/librispeech_test_clean_musan_music_snr4_seed20260827/noisy/7729-102255-0025.wav,16000,16000,1,1,87760,87760
2409,237-134493-0007.wav,237-134493-0007,data/librispeech_test_clean_musan_music_snr4_seed20260827/clean/237-134493-0007.wav,data/librispeech_test_clean_musan_music_snr4_seed20260827/noisy/237-134493-0007.wav,16000,16000,1,1,32560,32560
2410,6829-68771-0031.wav,6829-68771-0031,data/librispeech_test_clean_musan_music_snr4_seed20260827/clean/6829-68771-0031.wav,data/librispeech_test_clean_musan_music_snr4_seed20260827/noisy/6829-68771-0031.wav,16000,16000,1,1,40240,40240
2411,6930-76324-0021.wav,6930-76324-0021,data/librispeech_test_clean_musan_music_snr4_seed20260827/clean/6930-76324-0021.wav,data/librispeech_test_clean_musan_music_snr4_seed20260827/noisy/6930-76324-0021.wav,16000,16000,1,1,117680,117680
2412,4446-2275-0023.wav,4446-2275-0023,data/librispeech_test_clean_musan_music_snr4_seed20260827/clean/4446-2275-0023.wav,data/librispeech_test_clean_musan_music_snr4_seed20260827/noisy/4446-2275-0023.wav,16000,16000,1,1,60880,60880
2413,2094-142345-0040.wav,2094-142345-0040,data/librispeech_test_clean_musan_music_snr4_seed20260827/clean/2094-142345-0040.wav,data/librispeech_test_clean_musan_music_snr4_seed20260827/noisy/2094-142345-0040.wav,16000,16000,1,1,38160,38160
2414,908-157963-0015.wav,908-157963-0015,data/librispeech_test_clean_musan_music_snr4_seed20260827/clean/908-157963-0015.wav,data/librispeech_test_clean_musan_music_snr4_seed20260827/noisy/908-157963-0015.wav,16000,16000,1,1,231440,231440
2415,237-134500-0025.wav,237-134500-0025,data/librispeech_test_clean_musan_music_snr4_seed20260827/clean/237-134500-0025.wav,data/librispeech_test_clean_musan_music_snr4_seed20260827/noisy/237-134500-0025.wav,16000,16000,1,1,26080,26080
2416,8224-274381-0013.wav,8224-274381-0013,data/librispeech_test_clean_musan_music_snr4_seed20260827/clean/8224-274381-0013.wav,data/librispeech_test_clean_musan_music_snr4_seed20260827/noisy/8224-274381-0013.wav,16000,16000,1,1,217760,217760
2417,260-123286-0014.wav,260-123286-0014,data/librispeech_test_clean_musan_music_snr4_seed20260827/clean/260-123286-0014.wav,data/librispeech_test_clean_musan_music_snr4_seed20260827/noisy/260-123286-0014.wav,16000,16000,1,1,47680,47680
2418,4077-13754-0006.wav,4077-13754-0006,data/librispeech_test_clean_musan_music_snr4_seed20260827/clean/4077-13754-0006.wav,data/librispeech_test_clean_musan_music_snr4_seed20260827/noisy/4077-13754-0006.wav,16000,16000,1,1,203999,203999
2419,5105-28241-0019.wav,5105-28241-0019,data/librispeech_test_clean_musan_music_snr4_seed20260827/clean/5105-28241-0019.wav,data/librispeech_test_clean_musan_music_snr4_seed20260827/noisy/5105-28241-0019.wav,16000,16000,1,1,84640,84640
2420,1188-133604-0021.wav,1188-133604-0021,data/librispeech_test_clean_musan_music_snr4_seed20260827/clean/1188-133604-0021.wav,data/librispeech_test_clean_musan_music_snr4_seed20260827/noisy/1188-133604-0021.wav,16000,16000,1,1,224320,224320
2421,8455-210777-0009.wav,8455-210777-0009,data/librispeech_test_clean_musan_music_snr4_seed20260827/clean/8455-210777-0009.wav,data/librispeech_test_clean_musan_music_snr4_seed20260827/noisy/8455-210777-0009.wav,16000,16000,1,1,73280,73280
2422,2830-3980-0002.wav,2830-3980-0002,data/librispeech_test_clean_musan_music_snr4_seed20260827/clean/2830-3980-0002.wav,data/librispeech_test_clean_musan_music_snr4_seed20260827/noisy/2830-3980-0002.wav,16000,16000,1,1,32400,32400
2423,121-121726-0007.wav,121-121726-0007,data/librispeech_test_clean_musan_music_snr4_seed20260827/clean/121-121726-0007.wav,data/librispeech_test_clean_musan_music_snr4_seed20260827/noisy/121-121726-0007.wav,16000,16000,1,1,107680,107680
2424,5105-28241-0009.wav,5105-28241-0009,data/librispeech_test_clean_musan_music_snr4_seed20260827/clean/5105-28241-0009.wav,data/librispeech_test_clean_musan_music_snr4_seed20260827/noisy/5105-28241-0009.wav,16000,16000,1,1,112160,112160
2425,1995-1826-0000.wav,1995-1826-0000,data/librispeech_test_clean_musan_music_snr4_seed20260827/clean/1995-1826-0000.wav,data/librispeech_test_clean_musan_music_snr4_seed20260827/noisy/1995-1826-0000.wav,16000,16000,1,1,151760,151760
2426,5639-40744-0011.wav,5639-40744-0011,data/librispeech_test_clean_musan_music_snr4_seed20260827/clean/5639-40744-0011.wav,data/librispeech_test_clean_musan_music_snr4_seed20260827/noisy/5639-40744-0011.wav,16000,16000,1,1,42640,42640
2427,1580-141083-0028.wav,1580-141083-0028,data/librispeech_test_clean_musan_music_snr4_seed20260827/clean/1580-141083-0028.wav,data/librispeech_test_clean_musan_music_snr4_seed20260827/noisy/1580-141083-0028.wav,16000,16000,1,1,41360,41360
2428,1580-141083-0006.wav,1580-141083-0006,data/librispeech_test_clean_musan_music_snr4_seed20260827/clean/1580-141083-0006.wav,data/librispeech_test_clean_musan_music_snr4_seed20260827/noisy/1580-141083-0006.wav,16000,16000,1,1,173600,173600
2429,672-122797-0057.wav,672-122797-0057,data/librispeech_test_clean_musan_music_snr4_seed20260827/clean/672-122797-0057.wav,data/librispeech_test_clean_musan_music_snr4_seed20260827/noisy/672-122797-0057.wav,16000,16000,1,1,104960,104960
2430,672-122797-0048.wav,672-122797-0048,data/librispeech_test_clean_musan_music_snr4_seed20260827/clean/672-122797-0048.wav,data/librispeech_test_clean_musan_music_snr4_seed20260827/noisy/672-122797-0048.wav,16000,16000,1,1,104880,104880
2431,4446-2273-0029.wav,4446-2273-0029,data/librispeech_test_clean_musan_music_snr4_seed20260827/clean/4446-2273-0029.wav,data/librispeech_test_clean_musan_music_snr4_seed20260827/noisy/4446-2273-0029.wav,16000,16000,1,1,52800,52800
2432,1580-141083-0043.wav,1580-141083-0043,data/librispeech_test_clean_musan_music_snr4_seed20260827/clean/1580-141083-0043.wav,data/librispeech_test_clean_musan_music_snr4_seed20260827/noisy/1580-141083-0043.wav,16000,16000,1,1,43840,43840
2433,6930-81414-0025.wav,6930-81414-0025,data/librispeech_test_clean_musan_music_snr4_seed20260827/clean/6930-81414-0025.wav,data/librispeech_test_clean_musan_music_snr4_seed20260827/noisy/6930-81414-0025.wav,16000,16000,1,1,40480,40480
2434,7729-102255-0044.wav,7729-102255-0044,data/librispeech_test_clean_musan_music_snr4_seed20260827/clean/7729-102255-0044.wav,data/librispeech_test_clean_musan_music_snr4_seed20260827/noisy/7729-102255-0044.wav,16000,16000,1,1,273680,273680
2435,6930-75918-0008.wav,6930-75918-0008,data/librispeech_test_clean_musan_music_snr4_seed20260827/clean/6930-75918-0008.wav,data/librispeech_test_clean_musan_music_snr4_seed20260827/noisy/6930-75918-0008.wav,16000,16000,1,1,76560,76560
2436,7176-92135-0007.wav,7176-92135-0007,data/librispeech_test_clean_musan_music_snr4_seed20260827/clean/7176-92135-0007.wav,data/librispeech_test_clean_musan_music_snr4_seed20260827/noisy/7176-92135-0007.wav,16000,16000,1,1,52400,52400
2437,2300-131720-0009.wav,2300-131720-0009,data/librispeech_test_clean_musan_music_snr4_seed20260827/clean/2300-131720-0009.wav,data/librispeech_test_clean_musan_music_snr4_seed20260827/noisy/2300-131720-0009.wav,16000,16000,1,1,153680,153680
2438,260-123440-0007.wav,260-123440-0007,data/librispeech_test_clean_musan_music_snr4_seed20260827/clean/260-123440-0007.wav,data/librispeech_test_clean_musan_music_snr4_seed20260827/noisy/260-123440-0007.wav,16000,16000,1,1,54160,54160
2439,5105-28240-0010.wav,5105-28240-0010,data/librispeech_test_clean_musan_music_snr4_seed20260827/clean/5105-28240-0010.wav,data/librispeech_test_clean_musan_music_snr4_seed20260827/noisy/5105-28240-0010.wav,16000,16000,1,1,46960,46960
2440,3575-170457-0020.wav,3575-170457-0020,data/librispeech_test_clean_musan_music_snr4_seed20260827/clean/3575-170457-0020.wav,data/librispeech_test_clean_musan_music_snr4_seed20260827/noisy/3575-170457-0020.wav,16000,16000,1,1,138320,138320
2441,672-122797-0003.wav,672-122797-0003,data/librispeech_test_clean_musan_music_snr4_seed20260827/clean/672-122797-0003.wav,data/librispeech_test_clean_musan_music_snr4_seed20260827/noisy/672-122797-0003.wav,16000,16000,1,1,76160,76160
2442,2300-131720-0003.wav,2300-131720-0003,data/librispeech_test_clean_musan_music_snr4_seed20260827/clean/2300-131720-0003.wav,data/librispeech_test_clean_musan_music_snr4_seed20260827/noisy/2300-131720-0003.wav,16000,16000,1,1,268160,268160
2443,260-123288-0012.wav,260-123288-0012,data/librispeech_test_clean_musan_music_snr4_seed20260827/clean/260-123288-0012.wav,data/librispeech_test_clean_musan_music_snr4_seed20260827/noisy/260-123288-0012.wav,16000,16000,1,1,56720,56720
2444,4507-16021-0002.wav,4507-16021-0002,data/librispeech_test_clean_musan_music_snr4_seed20260827/clean/4507-16021-0002.wav,data/librispeech_test_clean_musan_music_snr4_seed20260827/noisy/4507-16021-0002.wav,16000,16000,1,1,50960,50960
2445,4446-2275-0025.wav,4446-2275-0025,data/librispeech_test_clean_musan_music_snr4_seed20260827/clean/4446-2275-0025.wav,data/librispeech_test_clean_musan_music_snr4_seed20260827/noisy/4446-2275-0025.wav,16000,16000,1,1,34560,34560
2446,8224-274381-0012.wav,8224-274381-0012,data/librispeech_test_clean_musan_music_snr4_seed20260827/clean/8224-274381-0012.wav,data/librispeech_test_clean_musan_music_snr4_seed20260827/noisy/8224-274381-0012.wav,16000,16000,1,1,318160,318160
2447,237-134500-0012.wav,237-134500-0012,data/librispeech_test_clean_musan_music_snr4_seed20260827/clean/237-134500-0012.wav,data/librispeech_test_clean_musan_music_snr4_seed20260827/noisy/237-134500-0012.wav,16000,16000,1,1,174960,174960
2448,4446-2275-0000.wav,4446-2275-0000,data/librispeech_test_clean_musan_music_snr4_seed20260827/clean/4446-2275-0000.wav,data/librispeech_test_clean_musan_music_snr4_seed20260827/noisy/4446-2275-0000.wav,16000,16000,1,1,101440,101440
2449,1221-135766-0003.wav,1221-135766-0003,data/librispeech_test_clean_musan_music_snr4_seed20260827/clean/1221-135766-0003.wav,data/librispeech_test_clean_musan_music_snr4_seed20260827/noisy/1221-135766-0003.wav,16000,16000,1,1,219520,219520
2450,6829-68769-0014.wav,6829-68769-0014,data/librispeech_test_clean_musan_music_snr4_seed20260827/clean/6829-68769-0014.wav,data/librispeech_test_clean_musan_music_snr4_seed20260827/noisy/6829-68769-0014.wav,16000,16000,1,1,58480,58480
2451,908-31957-0018.wav,908-31957-0018,data/librispeech_test_clean_musan_music_snr4_seed20260827/clean/908-31957-0018.wav,data/librispeech_test_clean_musan_music_snr4_seed20260827/noisy/908-31957-0018.wav,16000,16000,1,1,62640,62640
2452,3570-5694-0018.wav,3570-5694-0018,data/librispeech_test_clean_musan_music_snr4_seed20260827/clean/3570-5694-0018.wav,data/librispeech_test_clean_musan_music_snr4_seed20260827/noisy/3570-5694-0018.wav,16000,16000,1,1,125040,125040
2453,4992-41806-0011.wav,4992-41806-0011,data/librispeech_test_clean_musan_music_snr4_seed20260827/clean/4992-41806-0011.wav,data/librispeech_test_clean_musan_music_snr4_seed20260827/noisy/4992-41806-0011.wav,16000,16000,1,1,125440,125440
2454,7176-92135-0019.wav,7176-92135-0019,data/librispeech_test_clean_musan_music_snr4_seed20260827/clean/7176-92135-0019.wav,data/librispeech_test_clean_musan_music_snr4_seed20260827/noisy/7176-92135-0019.wav,16000,16000,1,1,38480,38480
2455,7021-79759-0004.wav,7021-79759-0004,data/librispeech_test_clean_musan_music_snr4_seed20260827/clean/7021-79759-0004.wav,data/librispeech_test_clean_musan_music_snr4_seed20260827/noisy/7021-79759-0004.wav,16000,16000,1,1,391520,391520
2456,121-127105-0002.wav,121-127105-0002,data/librispeech_test_clean_musan_music_snr4_seed20260827/clean/121-127105-0002.wav,data/librispeech_test_clean_musan_music_snr4_seed20260827/noisy/121-127105-0002.wav,16000,16000,1,1,119920,119920
2457,1089-134691-0010.wav,1089-134691-0010,data/librispeech_test_clean_musan_music_snr4_seed20260827/clean/1089-134691-0010.wav,data/librispeech_test_clean_musan_music_snr4_seed20260827/noisy/1089-134691-0010.wav,16000,16000,1,1,51120,51120
2458,260-123286-0022.wav,260-123286-0022,data/librispeech_test_clean_musan_music_snr4_seed20260827/clean/260-123286-0022.wav,data/librispeech_test_clean_musan_music_snr4_seed20260827/noisy/260-123286-0022.wav,16000,16000,1,1,51760,51760
2459,5105-28241-0000.wav,5105-28241-0000,data/librispeech_test_clean_musan_music_snr4_seed20260827/clean/5105-28241-0000.wav,data/librispeech_test_clean_musan_music_snr4_seed20260827/noisy/5105-28241-0000.wav,16000,16000,1,1,103280,103280
2460,1320-122617-0031.wav,1320-122617-0031,data/librispeech_test_clean_musan_music_snr4_seed20260827/clean/1320-122617-0031.wav,data/librispeech_test_clean_musan_music_snr4_seed20260827/noisy/1320-122617-0031.wav,16000,16000,1,1,100560,100560
2461,2830-3980-0013.wav,2830-3980-0013,data/librispeech_test_clean_musan_music_snr4_seed20260827/clean/2830-3980-0013.wav,data/librispeech_test_clean_musan_music_snr4_seed20260827/noisy/2830-3980-0013.wav,16000,16000,1,1,66320,66320
2462,1089-134691-0025.wav,1089-134691-0025,data/librispeech_test_clean_musan_music_snr4_seed20260827/clean/1089-134691-0025.wav,data/librispeech_test_clean_musan_music_snr4_seed20260827/noisy/1089-134691-0025.wav,16000,16000,1,1,128080,128080
2463,237-134493-0015.wav,237-134493-0015,data/librispeech_test_clean_musan_music_snr4_seed20260827/clean/237-134493-0015.wav,data/librispeech_test_clean_musan_music_snr4_seed20260827/noisy/237-134493-0015.wav,16000,16000,1,1,104800,104800
2464,7127-75947-0013.wav,7127-75947-0013,data/librispeech_test_clean_musan_music_snr4_seed20260827/clean/7127-75947-0013.wav,data/librispeech_test_clean_musan_music_snr4_seed20260827/noisy/7127-75947-0013.wav,16000,16000,1,1,80720,80720
2465,1089-134686-0036.wav,1089-134686-0036,data/librispeech_test_clean_musan_music_snr4_seed20260827/clean/1089-134686-0036.wav,data/librispeech_test_clean_musan_music_snr4_seed20260827/noisy/1089-134686-0036.wav,16000,16000,1,1,52000,52000
2466,1320-122617-0015.wav,1320-122617-0015,data/librispeech_test_clean_musan_music_snr4_seed20260827/clean/1320-122617-0015.wav,data/librispeech_test_clean_musan_music_snr4_seed20260827/noisy/1320-122617-0015.wav,16000,16000,1,1,82000,82000
2467,6829-68769-0034.wav,6829-68769-0034,data/librispeech_test_clean_musan_music_snr4_seed20260827/clean/6829-68769-0034.wav,data/librispeech_test_clean_musan_music_snr4_seed20260827/noisy/6829-68769-0034.wav,16000,16000,1,1,96880,96880
2468,61-70968-0033.wav,61-70968-0033,data/librispeech_test_clean_musan_music_snr4_seed20260827/clean/61-70968-0033.wav,data/librispeech_test_clean_musan_music_snr4_seed20260827/noisy/61-70968-0033.wav,16000,16000,1,1,90960,90960
2469,8463-294825-0008.wav,8463-294825-0008,data/librispeech_test_clean_musan_music_snr4_seed20260827/clean/8463-294825-0008.wav,data/librispeech_test_clean_musan_music_snr4_seed20260827/noisy/8463-294825-0008.wav,16000,16000,1,1,63680,63680
2470,8463-294828-0005.wav,8463-294828-0005,data/librispeech_test_clean_musan_music_snr4_seed20260827/clean/8463-294828-0005.wav,data/librispeech_test_clean_musan_music_snr4_seed20260827/noisy/8463-294828-0005.wav,16000,16000,1,1,39040,39040
2471,4507-16021-0050.wav,4507-16021-0050,data/librispeech_test_clean_musan_music_snr4_seed20260827/clean/4507-16021-0050.wav,data/librispeech_test_clean_musan_music_snr4_seed20260827/noisy/4507-16021-0050.wav,16000,16000,1,1,62320,62320
2472,1221-135766-0014.wav,1221-135766-0014,data/librispeech_test_clean_musan_music_snr4_seed20260827/clean/1221-135766-0014.wav,data/librispeech_test_clean_musan_music_snr4_seed20260827/noisy/1221-135766-0014.wav,16000,16000,1,1,76000,76000
2473,260-123440-0009.wav,260-123440-0009,data/librispeech_test_clean_musan_music_snr4_seed20260827/clean/260-123440-0009.wav,data/librispeech_test_clean_musan_music_snr4_seed20260827/noisy/260-123440-0009.wav,16000,16000,1,1,49840,49840
2474,6829-68769-0053.wav,6829-68769-0053,data/librispeech_test_clean_musan_music_snr4_seed20260827/clean/6829-68769-0053.wav,data/librispeech_test_clean_musan_music_snr4_seed20260827/noisy/6829-68769-0053.wav,16000,16000,1,1,101760,101760
2475,1188-133604-0020.wav,1188-133604-0020,data/librispeech_test_clean_musan_music_snr4_seed20260827/clean/1188-133604-0020.wav,data/librispeech_test_clean_musan_music_snr4_seed20260827/noisy/1188-133604-0020.wav,16000,16000,1,1,164160,164160
2476,8463-294828-0012.wav,8463-294828-0012,data/librispeech_test_clean_musan_music_snr4_seed20260827/clean/8463-294828-0012.wav,data/librispeech_test_clean_musan_music_snr4_seed20260827/noisy/8463-294828-0012.wav,16000,16000,1,1,78480,78480
2477,8224-274381-0005.wav,8224-274381-0005,data/librispeech_test_clean_musan_music_snr4_seed20260827/clean/8224-274381-0005.wav,data/librispeech_test_clean_musan_music_snr4_seed20260827/noisy/8224-274381-0005.wav,16000,16000,1,1,418560,418560
2478,8455-210777-0037.wav,8455-210777-0037,data/librispeech_test_clean_musan_music_snr4_seed20260827/clean/8455-210777-0037.wav,data/librispeech_test_clean_musan_music_snr4_seed20260827/noisy/8455-210777-0037.wav,16000,16000,1,1,75760,75760
2479,8463-294828-0008.wav,8463-294828-0008,data/librispeech_test_clean_musan_music_snr4_seed20260827/clean/8463-294828-0008.wav,data/librispeech_test_clean_musan_music_snr4_seed20260827/noisy/8463-294828-0008.wav,16000,16000,1,1,42400,42400
2480,4970-29093-0015.wav,4970-29093-0015,data/librispeech_test_clean_musan_music_snr4_seed20260827/clean/4970-29093-0015.wav,data/librispeech_test_clean_musan_music_snr4_seed20260827/noisy/4970-29093-0015.wav,16000,16000,1,1,53200,53200
2481,8463-294828-0017.wav,8463-294828-0017,data/librispeech_test_clean_musan_music_snr4_seed20260827/clean/8463-294828-0017.wav,data/librispeech_test_clean_musan_music_snr4_seed20260827/noisy/8463-294828-0017.wav,16000,16000,1,1,148800,148800
2482,8555-284447-0008.wav,8555-284447-0008,data/librispeech_test_clean_musan_music_snr4_seed20260827/clean/8555-284447-0008.wav,data/librispeech_test_clean_musan_music_snr4_seed20260827/noisy/8555-284447-0008.wav,16000,16000,1,1,134240,134240
2483,2961-961-0010.wav,2961-961-0010,data/librispeech_test_clean_musan_music_snr4_seed20260827/clean/2961-961-0010.wav,data/librispeech_test_clean_musan_music_snr4_seed20260827/noisy/2961-961-0010.wav,16000,16000,1,1,125280,125280
2484,6930-76324-0025.wav,6930-76324-0025,data/librispeech_test_clean_musan_music_snr4_seed20260827/clean/6930-76324-0025.wav,data/librispeech_test_clean_musan_music_snr4_seed20260827/noisy/6930-76324-0025.wav,16000,16000,1,1,65920,65920
2485,1995-1826-0024.wav,1995-1826-0024,data/librispeech_test_clean_musan_music_snr4_seed20260827/clean/1995-1826-0024.wav,data/librispeech_test_clean_musan_music_snr4_seed20260827/noisy/1995-1826-0024.wav,16000,16000,1,1,81520,81520
2486,4507-16021-0049.wav,4507-16021-0049,data/librispeech_test_clean_musan_music_snr4_seed20260827/clean/4507-16021-0049.wav,data/librispeech_test_clean_musan_music_snr4_seed20260827/noisy/4507-16021-0049.wav,16000,16000,1,1,94560,94560
2487,2961-961-0000.wav,2961-961-0000,data/librispeech_test_clean_musan_music_snr4_seed20260827/clean/2961-961-0000.wav,data/librispeech_test_clean_musan_music_snr4_seed20260827/noisy/2961-961-0000.wav,16000,16000,1,1,74640,74640
2488,3729-6852-0043.wav,3729-6852-0043,data/librispeech_test_clean_musan_music_snr4_seed20260827/clean/3729-6852-0043.wav,data/librispeech_test_clean_musan_music_snr4_seed20260827/noisy/3729-6852-0043.wav,16000,16000,1,1,67280,67280
2489,3570-5694-0021.wav,3570-5694-0021,data/librispeech_test_clean_musan_music_snr4_seed20260827/clean/3570-5694-0021.wav,data/librispeech_test_clean_musan_music_snr4_seed20260827/noisy/3570-5694-0021.wav,16000,16000,1,1,168880,168880
2490,8455-210777-0012.wav,8455-210777-0012,data/librispeech_test_clean_musan_music_snr4_seed20260827/clean/8455-210777-0012.wav,data/librispeech_test_clean_musan_music_snr4_seed20260827/noisy/8455-210777-0012.wav,16000,16000,1,1,56400,56400
2491,2830-3980-0051.wav,2830-3980-0051,data/librispeech_test_clean_musan_music_snr4_seed20260827/clean/2830-3980-0051.wav,data/librispeech_test_clean_musan_music_snr4_seed20260827/noisy/2830-3980-0051.wav,16000,16000,1,1,103040,103040
2492,61-70968-0035.wav,61-70968-0035,data/librispeech_test_clean_musan_music_snr4_seed20260827/clean/61-70968-0035.wav,data/librispeech_test_clean_musan_music_snr4_seed20260827/noisy/61-70968-0035.wav,16000,16000,1,1,127200,127200
2493,8555-284447-0005.wav,8555-284447-0005,data/librispeech_test_clean_musan_music_snr4_seed20260827/clean/8555-284447-0005.wav,data/librispeech_test_clean_musan_music_snr4_seed20260827/noisy/8555-284447-0005.wav,16000,16000,1,1,109280,109280
2494,2094-142345-0051.wav,2094-142345-0051,data/librispeech_test_clean_musan_music_snr4_seed20260827/clean/2094-142345-0051.wav,data/librispeech_test_clean_musan_music_snr4_seed20260827/noisy/2094-142345-0051.wav,16000,16000,1,1,84960,84960
2495,3570-5694-0000.wav,3570-5694-0000,data/librispeech_test_clean_musan_music_snr4_seed20260827/clean/3570-5694-0000.wav,data/librispeech_test_clean_musan_music_snr4_seed20260827/noisy/3570-5694-0000.wav,16000,16000,1,1,193360,193360
2496,3729-6852-0015.wav,3729-6852-0015,data/librispeech_test_clean_musan_music_snr4_seed20260827/clean/3729-6852-0015.wav,data/librispeech_test_clean_musan_music_snr4_seed20260827/noisy/3729-6852-0015.wav,16000,16000,1,1,41760,41760
2497,5142-33396-0036.wav,5142-33396-0036,data/librispeech_test_clean_musan_music_snr4_seed20260827/clean/5142-33396-0036.wav,data/librispeech_test_clean_musan_music_snr4_seed20260827/noisy/5142-33396-0036.wav,16000,16000,1,1,68160,68160
2498,4970-29093-0021.wav,4970-29093-0021,data/librispeech_test_clean_musan_music_snr4_seed20260827/clean/4970-29093-0021.wav,data/librispeech_test_clean_musan_music_snr4_seed20260827/noisy/4970-29093-0021.wav,16000,16000,1,1,38800,38800
2499,1580-141083-0031.wav,1580-141083-0031,data/librispeech_test_clean_musan_music_snr4_seed20260827/clean/1580-141083-0031.wav,data/librispeech_test_clean_musan_music_snr4_seed20260827/noisy/1580-141083-0031.wav,16000,16000,1,1,100000,100000
2500,7176-88083-0010.wav,7176-88083-0010,data/librispeech_test_clean_musan_music_snr4_seed20260827/clean/7176-88083-0010.wav,data/librispeech_test_clean_musan_music_snr4_seed20260827/noisy/7176-88083-0010.wav,16000,16000,1,1,107840,107840
2501,6829-68769-0026.wav,6829-68769-0026,data/librispeech_test_clean_musan_music_snr4_seed20260827/clean/6829-68769-0026.wav,data/librispeech_test_clean_musan_music_snr4_seed20260827/noisy/6829-68769-0026.wav,16000,16000,1,1,74240,74240
2502,1320-122617-0008.wav,1320-122617-0008,data/librispeech_test_clean_musan_music_snr4_seed20260827/clean/1320-122617-0008.wav,data/librispeech_test_clean_musan_music_snr4_seed20260827/noisy/1320-122617-0008.wav,16000,16000,1,1,66960,66960
2503,6829-68771-0030.wav,6829-68771-0030,data/librispeech_test_clean_musan_music_snr4_seed20260827/clean/6829-68771-0030.wav,data/librispeech_test_clean_musan_music_snr4_seed20260827/noisy/6829-68771-0030.wav,16000,16000,1,1,99600,99600
2504,1995-1826-0009.wav,1995-1826-0009,data/librispeech_test_clean_musan_music_snr4_seed20260827/clean/1995-1826-0009.wav,data/librispeech_test_clean_musan_music_snr4_seed20260827/noisy/1995-1826-0009.wav,16000,16000,1,1,121120,121120
2505,3570-5695-0013.wav,3570-5695-0013,data/librispeech_test_clean_musan_music_snr4_seed20260827/clean/3570-5695-0013.wav,data/librispeech_test_clean_musan_music_snr4_seed20260827/noisy/3570-5695-0013.wav,16000,16000,1,1,74240,74240
2506,7021-79730-0007.wav,7021-79730-0007,data/librispeech_test_clean_musan_music_snr4_seed20260827/clean/7021-79730-0007.wav,data/librispeech_test_clean_musan_music_snr4_seed20260827/noisy/7021-79730-0007.wav,16000,16000,1,1,199280,199280
2507,672-122797-0023.wav,672-122797-0023,data/librispeech_test_clean_musan_music_snr4_seed20260827/clean/672-122797-0023.wav,data/librispeech_test_clean_musan_music_snr4_seed20260827/noisy/672-122797-0023.wav,16000,16000,1,1,155121,155121
2508,1221-135766-0012.wav,1221-135766-0012,data/librispeech_test_clean_musan_music_snr4_seed20260827/clean/1221-135766-0012.wav,data/librispeech_test_clean_musan_music_snr4_seed20260827/noisy/1221-135766-0012.wav,16000,16000,1,1,259520,259520
2509,1580-141084-0008.wav,1580-141084-0008,data/librispeech_test_clean_musan_music_snr4_seed20260827/clean/1580-141084-0008.wav,data/librispeech_test_clean_musan_music_snr4_seed20260827/noisy/1580-141084-0008.wav,16000,16000,1,1,108720,108720
2510,4992-41806-0010.wav,4992-41806-0010,data/librispeech_test_clean_musan_music_snr4_seed20260827/clean/4992-41806-0010.wav,data/librispeech_test_clean_musan_music_snr4_seed20260827/noisy/4992-41806-0010.wav,16000,16000,1,1,34240,34240
2511,1188-133604-0026.wav,1188-133604-0026,data/librispeech_test_clean_musan_music_snr4_seed20260827/clean/1188-133604-0026.wav,data/librispeech_test_clean_musan_music_snr4_seed20260827/noisy/1188-133604-0026.wav,16000,16000,1,1,322000,322000
2512,7729-102255-0013.wav,7729-102255-0013,data/librispeech_test_clean_musan_music_snr4_seed20260827/clean/7729-102255-0013.wav,data/librispeech_test_clean_musan_music_snr4_seed20260827/noisy/7729-102255-0013.wav,16000,16000,1,1,42800,42800
2513,1580-141084-0048.wav,1580-141084-0048,data/librispeech_test_clean_musan_music_snr4_seed20260827/clean/1580-141084-0048.wav,data/librispeech_test_clean_musan_music_snr4_seed20260827/noisy/1580-141084-0048.wav,16000,16000,1,1,148240,148240
2514,4970-29093-0005.wav,4970-29093-0005,data/librispeech_test_clean_musan_music_snr4_seed20260827/clean/4970-29093-0005.wav,data/librispeech_test_clean_musan_music_snr4_seed20260827/noisy/4970-29093-0005.wav,16000,16000,1,1,354560,354560
2515,8463-294825-0012.wav,8463-294825-0012,data/librispeech_test_clean_musan_music_snr4_seed20260827/clean/8463-294825-0012.wav,data/librispeech_test_clean_musan_music_snr4_seed20260827/noisy/8463-294825-0012.wav,16000,16000,1,1,95441,95441
2516,8230-279154-0042.wav,8230-279154-0042,data/librispeech_test_clean_musan_music_snr4_seed20260827/clean/8230-279154-0042.wav,data/librispeech_test_clean_musan_music_snr4_seed20260827/noisy/8230-279154-0042.wav,16000,16000,1,1,300160,300160
2517,61-70968-0016.wav,61-70968-0016,data/librispeech_test_clean_musan_music_snr4_seed20260827/clean/61-70968-0016.wav,data/librispeech_test_clean_musan_music_snr4_seed20260827/noisy/61-70968-0016.wav,16000,16000,1,1,59520,59520
2518,8230-279154-0013.wav,8230-279154-0013,data/librispeech_test_clean_musan_music_snr4_seed20260827/clean/8230-279154-0013.wav,data/librispeech_test_clean_musan_music_snr4_seed20260827/noisy/8230-279154-0013.wav,16000,16000,1,1,232960,232960
2519,6829-68769-0017.wav,6829-68769-0017,data/librispeech_test_clean_musan_music_snr4_seed20260827/clean/6829-68769-0017.wav,data/librispeech_test_clean_musan_music_snr4_seed20260827/noisy/6829-68769-0017.wav,16000,16000,1,1,56720,56720
2520,3570-5695-0011.wav,3570-5695-0011,data/librispeech_test_clean_musan_music_snr4_seed20260827/clean/3570-5695-0011.wav,data/librispeech_test_clean_musan_music_snr4_seed20260827/noisy/3570-5695-0011.wav,16000,16000,1,1,132160,132160
2521,61-70970-0027.wav,61-70970-0027,data/librispeech_test_clean_musan_music_snr4_seed20260827/clean/61-70970-0027.wav,data/librispeech_test_clean_musan_music_snr4_seed20260827/noisy/61-70970-0027.wav,16000,16000,1,1,81280,81280
2522,7021-85628-0010.wav,7021-85628-0010,data/librispeech_test_clean_musan_music_snr4_seed20260827/clean/7021-85628-0010.wav,data/librispeech_test_clean_musan_music_snr4_seed20260827/noisy/7021-85628-0010.wav,16000,16000,1,1,128240,128240
2523,4077-13754-0002.wav,4077-13754-0002,data/librispeech_test_clean_musan_music_snr4_seed20260827/clean/4077-13754-0002.wav,data/librispeech_test_clean_musan_music_snr4_seed20260827/noisy/4077-13754-0002.wav,16000,16000,1,1,284480,284480
2524,2300-131720-0040.wav,2300-131720-0040,data/librispeech_test_clean_musan_music_snr4_seed20260827/clean/2300-131720-0040.wav,data/librispeech_test_clean_musan_music_snr4_seed20260827/noisy/2300-131720-0040.wav,16000,16000,1,1,87280,87280
2525,1320-122612-0016.wav,1320-122612-0016,data/librispeech_test_clean_musan_music_snr4_seed20260827/clean/1320-122612-0016.wav,data/librispeech_test_clean_musan_music_snr4_seed20260827/noisy/1320-122612-0016.wav,16000,16000,1,1,55840,55840
2526,5142-36377-0017.wav,5142-36377-0017,data/librispeech_test_clean_musan_music_snr4_seed20260827/clean/5142-36377-0017.wav,data/librispeech_test_clean_musan_music_snr4_seed20260827/noisy/5142-36377-0017.wav,16000,16000,1,1,74960,74960
2527,2830-3980-0059.wav,2830-3980-0059,data/librispeech_test_clean_musan_music_snr4_seed20260827/clean/2830-3980-0059.wav,data/librispeech_test_clean_musan_music_snr4_seed20260827/noisy/2830-3980-0059.wav,16000,16000,1,1,29200,29200
2528,2300-131720-0037.wav,2300-131720-0037,data/librispeech_test_clean_musan_music_snr4_seed20260827/clean/2300-131720-0037.wav,data/librispeech_test_clean_musan_music_snr4_seed20260827/noisy/2300-131720-0037.wav,16000,16000,1,1,127440,127440
2529,260-123288-0025.wav,260-123288-0025,data/librispeech_test_clean_musan_music_snr4_seed20260827/clean/260-123288-0025.wav,data/librispeech_test_clean_musan_music_snr4_seed20260827/noisy/260-123288-0025.wav,16000,16000,1,1,215120,215120
2530,4446-2273-0015.wav,4446-2273-0015,data/librispeech_test_clean_musan_music_snr4_seed20260827/clean/4446-2273-0015.wav,data/librispeech_test_clean_musan_music_snr4_seed20260827/noisy/4446-2273-0015.wav,16000,16000,1,1,72080,72080
2531,121-127105-0012.wav,121-127105-0012,data/librispeech_test_clean_musan_music_snr4_seed20260827/clean/121-127105-0012.wav,data/librispeech_test_clean_musan_music_snr4_seed20260827/noisy/121-127105-0012.wav,16000,16000,1,1,77280,77280
2532,1221-135766-0009.wav,1221-135766-0009,data/librispeech_test_clean_musan_music_snr4_seed20260827/clean/1221-135766-0009.wav,data/librispeech_test_clean_musan_music_snr4_seed20260827/noisy/1221-135766-0009.wav,16000,16000,1,1,163040,163040
2533,121-127105-0022.wav,121-127105-0022,data/librispeech_test_clean_musan_music_snr4_seed20260827/clean/121-127105-0022.wav,data/librispeech_test_clean_musan_music_snr4_seed20260827/noisy/121-127105-0022.wav,16000,16000,1,1,81200,81200
2534,8224-274381-0006.wav,8224-274381-0006,data/librispeech_test_clean_musan_music_snr4_seed20260827/clean/8224-274381-0006.wav,data/librispeech_test_clean_musan_music_snr4_seed20260827/noisy/8224-274381-0006.wav,16000,16000,1,1,271680,271680
2535,7021-85628-0008.wav,7021-85628-0008,data/librispeech_test_clean_musan_music_snr4_seed20260827/clean/7021-85628-0008.wav,data/librispeech_test_clean_musan_music_snr4_seed20260827/noisy/7021-85628-0008.wav,16000,16000,1,1,114000,114000
2536,4077-13754-0013.wav,4077-13754-0013,data/librispeech_test_clean_musan_music_snr4_seed20260827/clean/4077-13754-0013.wav,data/librispeech_test_clean_musan_music_snr4_seed20260827/noisy/4077-13754-0013.wav,16000,16000,1,1,205920,205920
2537,6829-68771-0027.wav,6829-68771-0027,data/librispeech_test_clean_musan_music_snr4_seed20260827/clean/6829-68771-0027.wav,data/librispeech_test_clean_musan_music_snr4_seed20260827/noisy/6829-68771-0027.wav,16000,16000,1,1,85120,85120
2538,7021-85628-0016.wav,7021-85628-0016,data/librispeech_test_clean_musan_music_snr4_seed20260827/clean/7021-85628-0016.wav,data/librispeech_test_clean_musan_music_snr4_seed20260827/noisy/7021-85628-0016.wav,16000,16000,1,1,68480,68480
2539,672-122797-0011.wav,672-122797-0011,data/librispeech_test_clean_musan_music_snr4_seed20260827/clean/672-122797-0011.wav,data/librispeech_test_clean_musan_music_snr4_seed20260827/noisy/672-122797-0011.wav,16000,16000,1,1,40640,40640
2540,1995-1826-0019.wav,1995-1826-0019,data/librispeech_test_clean_musan_music_snr4_seed20260827/clean/1995-1826-0019.wav,data/librispeech_test_clean_musan_music_snr4_seed20260827/noisy/1995-1826-0019.wav,16000,16000,1,1,84000,84000
2541,3729-6852-0035.wav,3729-6852-0035,data/librispeech_test_clean_musan_music_snr4_seed20260827/clean/3729-6852-0035.wav,data/librispeech_test_clean_musan_music_snr4_seed20260827/noisy/3729-6852-0035.wav,16000,16000,1,1,330400,330400
2542,2830-3980-0014.wav,2830-3980-0014,data/librispeech_test_clean_musan_music_snr4_seed20260827/clean/2830-3980-0014.wav,data/librispeech_test_clean_musan_music_snr4_seed20260827/noisy/2830-3980-0014.wav,16000,16000,1,1,40400,40400
2543,7176-88083-0025.wav,7176-88083-0025,data/librispeech_test_clean_musan_music_snr4_seed20260827/clean/7176-88083-0025.wav,data/librispeech_test_clean_musan_music_snr4_seed20260827/noisy/7176-88083-0025.wav,16000,16000,1,1,118080,118080
2544,6829-68769-0043.wav,6829-68769-0043,data/librispeech_test_clean_musan_music_snr4_seed20260827/clean/6829-68769-0043.wav,data/librispeech_test_clean_musan_music_snr4_seed20260827/noisy/6829-68769-0043.wav,16000,16000,1,1,41440,41440
2545,7176-92135-0028.wav,7176-92135-0028,data/librispeech_test_clean_musan_music_snr4_seed20260827/clean/7176-92135-0028.wav,data/librispeech_test_clean_musan_music_snr4_seed20260827/noisy/7176-92135-0028.wav,16000,16000,1,1,53520,53520
2546,6930-81414-0009.wav,6930-81414-0009,data/librispeech_test_clean_musan_music_snr4_seed20260827/clean/6930-81414-0009.wav,data/librispeech_test_clean_musan_music_snr4_seed20260827/noisy/6930-81414-0009.wav,16000,16000,1,1,192240,192240
2547,8224-274381-0016.wav,8224-274381-0016,data/librispeech_test_clean_musan_music_snr4_seed20260827/clean/8224-274381-0016.wav,data/librispeech_test_clean_musan_music_snr4_seed20260827/noisy/8224-274381-0016.wav,16000,16000,1,1,440400,440400
2548,7127-75947-0029.wav,7127-75947-0029,data/librispeech_test_clean_musan_music_snr4_seed20260827/clean/7127-75947-0029.wav,data/librispeech_test_clean_musan_music_snr4_seed20260827/noisy/7127-75947-0029.wav,16000,16000,1,1,84560,84560
2549,672-122797-0026.wav,672-122797-0026,data/librispeech_test_clean_musan_music_snr4_seed20260827/clean/672-122797-0026.wav,data/librispeech_test_clean_musan_music_snr4_seed20260827/noisy/672-122797-0026.wav,16000,16000,1,1,223360,223360
2550,1580-141084-0003.wav,1580-141084-0003,data/librispeech_test_clean_musan_music_snr4_seed20260827/clean/1580-141084-0003.wav,data/librispeech_test_clean_musan_music_snr4_seed20260827/noisy/1580-141084-0003.wav,16000,16000,1,1,65600,65600
2551,6930-81414-0014.wav,6930-81414-0014,data/librispeech_test_clean_musan_music_snr4_seed20260827/clean/6930-81414-0014.wav,data/librispeech_test_clean_musan_music_snr4_seed20260827/noisy/6930-81414-0014.wav,16000,16000,1,1,118560,118560
2552,2961-961-0013.wav,2961-961-0013,data/librispeech_test_clean_musan_music_snr4_seed20260827/clean/2961-961-0013.wav,data/librispeech_test_clean_musan_music_snr4_seed20260827/noisy/2961-961-0013.wav,16000,16000,1,1,81920,81920
2553,6829-68771-0003.wav,6829-68771-0003,data/librispeech_test_clean_musan_music_snr4_seed20260827/clean/6829-68771-0003.wav,data/librispeech_test_clean_musan_music_snr4_seed20260827/noisy/6829-68771-0003.wav,16000,16000,1,1,64240,64240
2554,260-123440-0016.wav,260-123440-0016,data/librispeech_test_clean_musan_music_snr4_seed20260827/clean/260-123440-0016.wav,data/librispeech_test_clean_musan_music_snr4_seed20260827/noisy/260-123440-0016.wav,16000,16000,1,1,78320,78320
2555,8224-274384-0013.wav,8224-274384-0013,data/librispeech_test_clean_musan_music_snr4_seed20260827/clean/8224-274384-0013.wav,data/librispeech_test_clean_musan_music_snr4_seed20260827/noisy/8224-274384-0013.wav,16000,16000,1,1,87040,87040
2556,4507-16021-0046.wav,4507-16021-0046,data/librispeech_test_clean_musan_music_snr4_seed20260827/clean/4507-16021-0046.wav,data/librispeech_test_clean_musan_music_snr4_seed20260827/noisy/4507-16021-0046.wav,16000,16000,1,1,73440,73440
2557,6829-68769-0028.wav,6829-68769-0028,data/librispeech_test_clean_musan_music_snr4_seed20260827/clean/6829-68769-0028.wav,data/librispeech_test_clean_musan_music_snr4_seed20260827/noisy/6829-68769-0028.wav,16000,16000,1,1,52640,52640
2558,8455-210777-0026.wav,8455-210777-0026,data/librispeech_test_clean_musan_music_snr4_seed20260827/clean/8455-210777-0026.wav,data/librispeech_test_clean_musan_music_snr4_seed20260827/noisy/8455-210777-0026.wav,16000,16000,1,1,48000,48000
2559,3729-6852-0036.wav,3729-6852-0036,data/librispeech_test_clean_musan_music_snr4_seed20260827/clean/3729-6852-0036.wav,data/librispeech_test_clean_musan_music_snr4_seed20260827/noisy/3729-6852-0036.wav,16000,16000,1,1,83840,83840
2560,3570-5696-0004.wav,3570-5696-0004,data/librispeech_test_clean_musan_music_snr4_seed20260827/clean/3570-5696-0004.wav,data/librispeech_test_clean_musan_music_snr4_seed20260827/noisy/3570-5696-0004.wav,16000,16000,1,1,75200,75200
2561,5105-28240-0001.wav,5105-28240-0001,data/librispeech_test_clean_musan_music_snr4_seed20260827/clean/5105-28240-0001.wav,data/librispeech_test_clean_musan_music_snr4_seed20260827/noisy/5105-28240-0001.wav,16000,16000,1,1,257040,257040
2562,1089-134686-0012.wav,1089-134686-0012,data/librispeech_test_clean_musan_music_snr4_seed20260827/clean/1089-134686-0012.wav,data/librispeech_test_clean_musan_music_snr4_seed20260827/noisy/1089-134686-0012.wav,16000,16000,1,1,186240,186240
2563,3570-5696-0009.wav,3570-5696-0009,data/librispeech_test_clean_musan_music_snr4_seed20260827/clean/3570-5696-0009.wav,data/librispeech_test_clean_musan_music_snr4_seed20260827/noisy/3570-5696-0009.wav,16000,16000,1,1,141760,141760
2564,2300-131720-0022.wav,2300-131720-0022,data/librispeech_test_clean_musan_music_snr4_seed20260827/clean/2300-131720-0022.wav,data/librispeech_test_clean_musan_music_snr4_seed20260827/noisy/2300-131720-0022.wav,16000,16000,1,1,218640,218640
2565,61-70968-0015.wav,61-70968-0015,data/librispeech_test_clean_musan_music_snr4_seed20260827/clean/61-70968-0015.wav,data/librispeech_test_clean_musan_music_snr4_seed20260827/noisy/61-70968-0015.wav,16000,16000,1,1,86000,86000
2566,672-122797-0068.wav,672-122797-0068,data/librispeech_test_clean_musan_music_snr4_seed20260827/clean/672-122797-0068.wav,data/librispeech_test_clean_musan_music_snr4_seed20260827/noisy/672-122797-0068.wav,16000,16000,1,1,64320,64320
2567,5639-40744-0038.wav,5639-40744-0038,data/librispeech_test_clean_musan_music_snr4_seed20260827/clean/5639-40744-0038.wav,data/librispeech_test_clean_musan_music_snr4_seed20260827/noisy/5639-40744-0038.wav,16000,16000,1,1,220800,220800
2568,6930-75918-0017.wav,6930-75918-0017,data/librispeech_test_clean_musan_music_snr4_seed20260827/clean/6930-75918-0017.wav,data/librispeech_test_clean_musan_music_snr4_seed20260827/noisy/6930-75918-0017.wav,16000,16000,1,1,98560,98560
2569,2830-3979-0011.wav,2830-3979-0011,data/librispeech_test_clean_musan_music_snr4_seed20260827/clean/2830-3979-0011.wav,data/librispeech_test_clean_musan_music_snr4_seed20260827/noisy/2830-3979-0011.wav,16000,16000,1,1,151200,151200
2570,61-70970-0005.wav,61-70970-0005,data/librispeech_test_clean_musan_music_snr4_seed20260827/clean/61-70970-0005.wav,data/librispeech_test_clean_musan_music_snr4_seed20260827/noisy/61-70970-0005.wav,16000,16000,1,1,32320,32320
2571,6930-76324-0017.wav,6930-76324-0017,data/librispeech_test_clean_musan_music_snr4_seed20260827/clean/6930-76324-0017.wav,data/librispeech_test_clean_musan_music_snr4_seed20260827/noisy/6930-76324-0017.wav,16000,16000,1,1,86560,86560
2572,1284-1180-0009.wav,1284-1180-0009,data/librispeech_test_clean_musan_music_snr4_seed20260827/clean/1284-1180-0009.wav,data/librispeech_test_clean_musan_music_snr4_seed20260827/noisy/1284-1180-0009.wav,16000,16000,1,1,100560,100560
2573,7021-79740-0012.wav,7021-79740-0012,data/librispeech_test_clean_musan_music_snr4_seed20260827/clean/7021-79740-0012.wav,data/librispeech_test_clean_musan_music_snr4_seed20260827/noisy/7021-79740-0012.wav,16000,16000,1,1,52160,52160
2574,3570-5695-0006.wav,3570-5695-0006,data/librispeech_test_clean_musan_music_snr4_seed20260827/clean/3570-5695-0006.wav,data/librispeech_test_clean_musan_music_snr4_seed20260827/noisy/3570-5695-0006.wav,16000,16000,1,1,119520,119520
2575,5639-40744-0018.wav,5639-40744-0018,data/librispeech_test_clean_musan_music_snr4_seed20260827/clean/5639-40744-0018.wav,data/librispeech_test_clean_musan_music_snr4_seed20260827/noisy/5639-40744-0018.wav,16000,16000,1,1,246639,246639
2576,6829-68769-0031.wav,6829-68769-0031,data/librispeech_test_clean_musan_music_snr4_seed20260827/clean/6829-68769-0031.wav,data/librispeech_test_clean_musan_music_snr4_seed20260827/noisy/6829-68769-0031.wav,16000,16000,1,1,88880,88880
2577,8463-287645-0014.wav,8463-287645-0014,data/librispeech_test_clean_musan_music_snr4_seed20260827/clean/8463-287645-0014.wav,data/librispeech_test_clean_musan_music_snr4_seed20260827/noisy/8463-287645-0014.wav,16000,16000,1,1,48320,48320
2578,1580-141084-0007.wav,1580-141084-0007,data/librispeech_test_clean_musan_music_snr4_seed20260827/clean/1580-141084-0007.wav,data/librispeech_test_clean_musan_music_snr4_seed20260827/noisy/1580-141084-0007.wav,16000,16000,1,1,32320,32320
2579,5105-28240-0004.wav,5105-28240-0004,data/librispeech_test_clean_musan_music_snr4_seed20260827/clean/5105-28240-0004.wav,data/librispeech_test_clean_musan_music_snr4_seed20260827/noisy/5105-28240-0004.wav,16000,16000,1,1,96240,96240
2580,2094-142345-0012.wav,2094-142345-0012,data/librispeech_test_clean_musan_music_snr4_seed20260827/clean/2094-142345-0012.wav,data/librispeech_test_clean_musan_music_snr4_seed20260827/noisy/2094-142345-0012.wav,16000,16000,1,1,258080,258080
2581,8455-210777-0006.wav,8455-210777-0006,data/librispeech_test_clean_musan_music_snr4_seed20260827/clean/8455-210777-0006.wav,data/librispeech_test_clean_musan_music_snr4_seed20260827/noisy/8455-210777-0006.wav,16000,16000,1,1,72320,72320
2582,8455-210777-0031.wav,8455-210777-0031,data/librispeech_test_clean_musan_music_snr4_seed20260827/clean/8455-210777-0031.wav,data/librispeech_test_clean_musan_music_snr4_seed20260827/noisy/8455-210777-0031.wav,16000,16000,1,1,122720,122720
2583,672-122797-0001.wav,672-122797-0001,data/librispeech_test_clean_musan_music_snr4_seed20260827/clean/672-122797-0001.wav,data/librispeech_test_clean_musan_music_snr4_seed20260827/noisy/672-122797-0001.wav,16000,16000,1,1,242080,242080
2584,260-123288-0014.wav,260-123288-0014,data/librispeech_test_clean_musan_music_snr4_seed20260827/clean/260-123288-0014.wav,data/librispeech_test_clean_musan_music_snr4_seed20260827/noisy/260-123288-0014.wav,16000,16000,1,1,28880,28880
2585,4992-23283-0014.wav,4992-23283-0014,data/librispeech_test_clean_musan_music_snr4_seed20260827/clean/4992-23283-0014.wav,data/librispeech_test_clean_musan_music_snr4_seed20260827/noisy/4992-23283-0014.wav,16000,16000,1,1,72560,72560
2586,1089-134691-0001.wav,1089-134691-0001,data/librispeech_test_clean_musan_music_snr4_seed20260827/clean/1089-134691-0001.wav,data/librispeech_test_clean_musan_music_snr4_seed20260827/noisy/1089-134691-0001.wav,16000,16000,1,1,86640,86640
2587,237-134500-0018.wav,237-134500-0018,data/librispeech_test_clean_musan_music_snr4_seed20260827/clean/237-134500-0018.wav,data/librispeech_test_clean_musan_music_snr4_seed20260827/noisy/237-134500-0018.wav,16000,16000,1,1,205520,205520
2588,4446-2273-0012.wav,4446-2273-0012,data/librispeech_test_clean_musan_music_snr4_seed20260827/clean/4446-2273-0012.wav,data/librispeech_test_clean_musan_music_snr4_seed20260827/noisy/4446-2273-0012.wav,16000,16000,1,1,47680,47680
2589,61-70970-0033.wav,61-70970-0033,data/librispeech_test_clean_musan_music_snr4_seed20260827/clean/61-70970-0033.wav,data/librispeech_test_clean_musan_music_snr4_seed20260827/noisy/61-70970-0033.wav,16000,16000,1,1,54720,54720
2590,4507-16021-0011.wav,4507-16021-0011,data/librispeech_test_clean_musan_music_snr4_seed20260827/clean/4507-16021-0011.wav,data/librispeech_test_clean_musan_music_snr4_seed20260827/noisy/4507-16021-0011.wav,16000,16000,1,1,89840,89840
2591,1221-135766-0006.wav,1221-135766-0006,data/librispeech_test_clean_musan_music_snr4_seed20260827/clean/1221-135766-0006.wav,data/librispeech_test_clean_musan_music_snr4_seed20260827/noisy/1221-135766-0006.wav,16000,16000,1,1,182640,182640
2592,61-70968-0032.wav,61-70968-0032,data/librispeech_test_clean_musan_music_snr4_seed20260827/clean/61-70968-0032.wav,data/librispeech_test_clean_musan_music_snr4_seed20260827/noisy/61-70968-0032.wav,16000,16000,1,1,68480,68480
2593,7176-92135-0032.wav,7176-92135-0032,data/librispeech_test_clean_musan_music_snr4_seed20260827/clean/7176-92135-0032.wav,data/librispeech_test_clean_musan_music_snr4_seed20260827/noisy/7176-92135-0032.wav,16000,16000,1,1,53040,53040
2594,7176-92135-0005.wav,7176-92135-0005,data/librispeech_test_clean_musan_music_snr4_seed20260827/clean/7176-92135-0005.wav,data/librispeech_test_clean_musan_music_snr4_seed20260827/noisy/7176-92135-0005.wav,16000,16000,1,1,87520,87520
2595,61-70968-0054.wav,61-70968-0054,data/librispeech_test_clean_musan_music_snr4_seed20260827/clean/61-70968-0054.wav,data/librispeech_test_clean_musan_music_snr4_seed20260827/noisy/61-70968-0054.wav,16000,16000,1,1,125760,125760
2596,260-123440-0011.wav,260-123440-0011,data/librispeech_test_clean_musan_music_snr4_seed20260827/clean/260-123440-0011.wav,data/librispeech_test_clean_musan_music_snr4_seed20260827/noisy/260-123440-0011.wav,16000,16000,1,1,77920,77920
2597,6829-68769-0029.wav,6829-68769-0029,data/librispeech_test_clean_musan_music_snr4_seed20260827/clean/6829-68769-0029.wav,data/librispeech_test_clean_musan_music_snr4_seed20260827/noisy/6829-68769-0029.wav,16000,16000,1,1,32640,32640
2598,1221-135767-0000.wav,1221-135767-0000,data/librispeech_test_clean_musan_music_snr4_seed20260827/clean/1221-135767-0000.wav,data/librispeech_test_clean_musan_music_snr4_seed20260827/noisy/1221-135767-0000.wav,16000,16000,1,1,397600,397600
2599,8230-279154-0037.wav,8230-279154-0037,data/librispeech_test_clean_musan_music_snr4_seed20260827/clean/8230-279154-0037.wav,data/librispeech_test_clean_musan_music_snr4_seed20260827/noisy/8230-279154-0037.wav,16000,16000,1,1,328560,328560
2600,1284-1180-0023.wav,1284-1180-0023,data/librispeech_test_clean_musan_music_snr4_seed20260827/clean/1284-1180-0023.wav,data/librispeech_test_clean_musan_music_snr4_seed20260827/noisy/1284-1180-0023.wav,16000,16000,1,1,89760,89760
2601,2961-961-0007.wav,2961-961-0007,data/librispeech_test_clean_musan_music_snr4_seed20260827/clean/2961-961-0007.wav,data/librispeech_test_clean_musan_music_snr4_seed20260827/noisy/2961-961-0007.wav,16000,16000,1,1,136080,136080
2602,121-123859-0004.wav,121-123859-0004,data/librispeech_test_clean_musan_music_snr4_seed20260827/clean/121-123859-0004.wav,data/librispeech_test_clean_musan_music_snr4_seed20260827/noisy/121-123859-0004.wav,16000,16000,1,1,152080,152080
2603,260-123286-0007.wav,260-123286-0007,data/librispeech_test_clean_musan_music_snr4_seed20260827/clean/260-123286-0007.wav,data/librispeech_test_clean_musan_music_snr4_seed20260827/noisy/260-123286-0007.wav,16000,16000,1,1,72800,72800
2604,3575-170457-0030.wav,3575-170457-0030,data/librispeech_test_clean_musan_music_snr4_seed20260827/clean/3575-170457-0030.wav,data/librispeech_test_clean_musan_music_snr4_seed20260827/noisy/3575-170457-0030.wav,16000,16000,1,1,143121,143121
2605,260-123288-0018.wav,260-123288-0018,data/librispeech_test_clean_musan_music_snr4_seed20260827/clean/260-123288-0018.wav,data/librispeech_test_clean_musan_music_snr4_seed20260827/noisy/260-123288-0018.wav,16000,16000,1,1,51920,51920
2606,3729-6852-0034.wav,3729-6852-0034,data/librispeech_test_clean_musan_music_snr4_seed20260827/clean/3729-6852-0034.wav,data/librispeech_test_clean_musan_music_snr4_seed20260827/noisy/3729-6852-0034.wav,16000,16000,1,1,302320,302320
2607,908-157963-0025.wav,908-157963-0025,data/librispeech_test_clean_musan_music_snr4_seed20260827/clean/908-157963-0025.wav,data/librispeech_test_clean_musan_music_snr4_seed20260827/noisy/908-157963-0025.wav,16000,16000,1,1,148240,148240
2608,7127-75947-0009.wav,7127-75947-0009,data/librispeech_test_clean_musan_music_snr4_seed20260827/clean/7127-75947-0009.wav,data/librispeech_test_clean_musan_music_snr4_seed20260827/noisy/7127-75947-0009.wav,16000,16000,1,1,365440,365440
2609,5683-32879-0008.wav,5683-32879-0008,data/librispeech_test_clean_musan_music_snr4_seed20260827/clean/5683-32879-0008.wav,data/librispeech_test_clean_musan_music_snr4_seed20260827/noisy/5683-32879-0008.wav,16000,16000,1,1,47200,47200
2610,121-127105-0035.wav,121-127105-0035,data/librispeech_test_clean_musan_music_snr4_seed20260827/clean/121-127105-0035.wav,data/librispeech_test_clean_musan_music_snr4_seed20260827/noisy/121-127105-0035.wav,16000,16000,1,1,226400,226400
2611,5142-36377-0025.wav,5142-36377-0025,data/librispeech_test_clean_musan_music_snr4_seed20260827/clean/5142-36377-0025.wav,data/librispeech_test_clean_musan_music_snr4_seed20260827/noisy/5142-36377-0025.wav,16000,16000,1,1,190160,190160
2612,7021-85628-0018.wav,7021-85628-0018,data/librispeech_test_clean_musan_music_snr4_seed20260827/clean/7021-85628-0018.wav,data/librispeech_test_clean_musan_music_snr4_seed20260827/noisy/7021-85628-0018.wav,16000,16000,1,1,131520,131520
2613,1089-134686-0003.wav,1089-134686-0003,data/librispeech_test_clean_musan_music_snr4_seed20260827/clean/1089-134686-0003.wav,data/librispeech_test_clean_musan_music_snr4_seed20260827/noisy/1089-134686-0003.wav,16000,16000,1,1,42880,42880
2614,5683-32879-0010.wav,5683-32879-0010,data/librispeech_test_clean_musan_music_snr4_seed20260827/clean/5683-32879-0010.wav,data/librispeech_test_clean_musan_music_snr4_seed20260827/noisy/5683-32879-0010.wav,16000,16000,1,1,124000,124000
2615,3575-170457-0015.wav,3575-170457-0015,data/librispeech_test_clean_musan_music_snr4_seed20260827/clean/3575-170457-0015.wav,data/librispeech_test_clean_musan_music_snr4_seed20260827/noisy/3575-170457-0015.wav,16000,16000,1,1,230800,230800
2616,8555-284449-0017.wav,8555-284449-0017,data/librispeech_test_clean_musan_music_snr4_seed20260827/clean/8555-284449-0017.wav,data/librispeech_test_clean_musan_music_snr4_seed20260827/noisy/8555-284449-0017.wav,16000,16000,1,1,213360,213360
2617,8230-279154-0015.wav,8230-279154-0015,data/librispeech_test_clean_musan_music_snr4_seed20260827/clean/8230-279154-0015.wav,data/librispeech_test_clean_musan_music_snr4_seed20260827/noisy/8230-279154-0015.wav,16000,16000,1,1,128800,128800
2618,237-126133-0005.wav,237-126133-0005,data/librispeech_test_clean_musan_music_snr4_seed20260827/clean/237-126133-0005.wav,data/librispeech_test_clean_musan_music_snr4_seed20260827/noisy/237-126133-0005.wav,16000,16000,1,1,104160,104160
2619,7127-75947-0034.wav,7127-75947-0034,data/librispeech_test_clean_musan_music_snr4_seed20260827/clean/7127-75947-0034.wav,data/librispeech_test_clean_musan_music_snr4_seed20260827/noisy/7127-75947-0034.wav,16000,16000,1,1,47440,47440
